municipality,url,status,bytes,filename,year,is_atr
Dracut,https://dracutma.gov/DocumentCenter/View/1044/Volpe-Allison-8-Days-Before-PDF?bidId=,200,152493,"Volpe, Allison 8 Days Before.pdf",,no
Dracut,https://dracutma.gov/DocumentCenter/View/1057/Dirocco-Joseph-30-Days-After-PDF,200,909140,"Dirocco, Joseph 30 Days After.pdf",,no
Dracut,https://dracutma.gov/DocumentCenter/View/1059/Flaherty-Brian-8-Days-Before-PDF?bidId=,200,920235,"Flaherty, Brian 8 Days Before.pdf",,no
Dracut,https://dracutma.gov/DocumentCenter/View/1063/Thibault-Philippe-8-Days-Before-PDF?bidId=,200,3462799,"Thibault, Philippe 8 Days Before.pdf",,no
Dracut,https://dracutma.gov/DocumentCenter/View/1081/Bomil-Tom-Year-End-PDF,200,310923,"Bomil, Tom Year End.pdf",,no
Dracut,https://dracutma.gov/DocumentCenter/View/1081/Bomil-Tom-Year-End-PDF?bidId=,200,310923,"Bomil, Tom Year End.pdf",,no
Dracut,https://dracutma.gov/DocumentCenter/View/1082/Murphy-Betsy-L-Year-End-PDF,200,190884,"Murphy, Betsy L Year End.pdf",,no
Dracut,https://dracutma.gov/DocumentCenter/View/1088/Maillaros-George-A-Year-End-PDF,200,326610,"Maillaros, George A Year End.pdf",,no
Dracut,https://dracutma.gov/DocumentCenter/View/1089/Zielinski-William-Year-End-PDF,200,324141,"Zielinski, William Year End.pdf",,no
Dracut,https://dracutma.gov/DocumentCenter/View/135,200,363558,Dryer Safety Tips (PDF).pdf,,no
Dracut,https://dracutma.gov/DocumentCenter/View/1425/SOP-Number-15---Operation-and-Maintenance-of-Municipal-Building-and-Facilities-PDF?bidId=,200,233659,SOP Number 15 - Operation and Maintenance of Municipal Building and Facilities.pdf,,no
Dracut,https://dracutma.gov/DocumentCenter/View/1441/Illicit-Discharge-Detection-and-Elimination-Plan-PDF,200,4007561,Dracut IDDE Plan.pdf,,no
Dracut,https://dracutma.gov/DocumentCenter/View/1450/Dracut-BMP-Retrofit-Summaries-PDF,200,17464748,Dracut BMP Retrofit Summaries_0628422.pdf,,no
Dracut,https://dracutma.gov/DocumentCenter/View/1452/Receiving-Waters-PDF,200,231717,Receiving Waters.pdf,,no
Dracut,https://dracutma.gov/DocumentCenter/View/1887/Vote-By-Mail-Application-2024-PDF,200,71051,Vote By Mail Application_202412021408190820.pdf,,no
Dracut,https://dracutma.gov/DocumentCenter/View/1887/Vote-By-Mail-Application-2024-PDF?bidId=,200,71051,Vote By Mail Application_202412021408190820.pdf,,no
Dracut,https://dracutma.gov/DocumentCenter/View/1927/-Budget-Book-FY2024-PDF,200,2325111,FY2024 Budget Book Electronic 04-25-23 Recommended Budget (PDF).pdf,2024,no
Dracut,https://dracutma.gov/DocumentCenter/View/1985/Zoning-Bylaw---effective-Nov-13-2023-PDF,200,1333178,"ZBL Updated through June 2, 2025 Town Meeting_202512230914311321.pdf",2025,no
Dracut,https://dracutma.gov/DocumentCenter/View/1985/Zoning-Bylaw---effective-Nov-13-2023-PDF?bidId=,200,1333178,"ZBL Updated through June 2, 2025 Town Meeting_202512230914311321.pdf",2025,no
Dracut,https://dracutma.gov/DocumentCenter/View/1985/Zoning-Bylaw-PDF?bidId=,200,1333178,"ZBL Updated through June 2, 2025 Town Meeting_202512230914311321.pdf",2025,no
Dracut,https://dracutma.gov/DocumentCenter/View/2219/Inactive-Voter-Status-Information-PDF,200,133555,CENSUS 2025 INACTIVE VOTER STATUS (INA) Explanation_202501221134023089.pdf,2025,no
Dracut,https://dracutma.gov/DocumentCenter/View/235/911-Disability-Form-PDF,200,146683,911 Disability Form (PDF).pdf,,no
Dracut,https://dracutma.gov/DocumentCenter/View/2375/2023-FEMA-West-Dracut-Map-Comparison-PDF,200,568301,2023 FEMA West Dracut Map Comparison (PDF).pdf,2023,no
Dracut,https://dracutma.gov/DocumentCenter/View/2376/2023-FEMA-East-Dracut-Map-Comparison-PDF,200,458161,2023 FEMA East Dracut Map Comparison.pdf,2023,no
Dracut,https://dracutma.gov/DocumentCenter/View/2578,200,405752,Organizational Chart_202409250731501098.pdf,,no
Dracut,https://dracutma.gov/DocumentCenter/View/2657/Town-of-Dracut-By-Laws-PDF,200,3194133,TBL Complete thru 111025_202607130815004951.pdf,,no
Dracut,https://dracutma.gov/DocumentCenter/View/2657/Town-of-Dracut-By-Laws-PDF?bidId=,200,3194133,TBL Complete thru 111025_202607130815004951.pdf,,no
Dracut,https://dracutma.gov/DocumentCenter/View/3074/Addendum-1-Request-for-Quote-2024-18-Fire-Station-2-Flooring?bidId=,200,181404,Addendum 1 Request for Quote 2024-18 Fire Station 2 Flooring.pdf,2024,no
Dracut,https://dracutma.gov/DocumentCenter/View/3114/-Budget-Book-FY2025-PDF,200,2927437,FY2025 Budget Book 03-01-2024.pdf,2025,no
Dracut,https://dracutma.gov/DocumentCenter/View/3185/Town-Office-Holidays-PDF,200,218281,2026 Town Office Holiday_202601151412033741.pdf,2026,no
Dracut,https://dracutma.gov/DocumentCenter/View/355/2020-Dracut---Municipal-Vulnerability-Preparedness-Plan-PDF,200,28567095,2020 Dracut - Municipal Vulnerability Preparedness Plan (PDF).pdf,2020,no
Dracut,https://dracutma.gov/DocumentCenter/View/356/NFIP---Flooding-Resources-PDF,200,154175,NFIP - Flooding Resources (PDF).pdf,,no
Dracut,https://dracutma.gov/DocumentCenter/View/357/2020-Dracut---Hazard-Mitigation-Plan-HMP-PDF,200,4323014,2020 Dracut - Hazard Mitigation Plan (HMP) (PDF).pdf,2020,no
Dracut,https://dracutma.gov/DocumentCenter/View/442/2024-Blank-Census-Form-PDF,200,96297,Census 2025 BLANK FORM_202501221133352145.pdf,2025,no
Dracut,https://dracutma.gov/DocumentCenter/View/4620/Budget-Book-FY2026-PDF,200,10538882,Town of Dracut Budget Book FY26._4l2ocelvzrk.pdf,2026,no
Dracut,https://dracutma.gov/DocumentCenter/View/4735/Finance-Committee-Report-FY2026-PDF,200,434485,FY26 Finance Committee Report.pdf,2026,no
Dracut,https://dracutma.gov/DocumentCenter/View/476,200,1012551,Street and Precinct Map Updated 2023 (PDF)_202310311127359443.pdf,2023,no
Dracut,https://dracutma.gov/DocumentCenter/View/476/UPDATED-Street--Precinct-Map-PDF?bidId=,200,1012551,Street and Precinct Map Updated 2023 (PDF)_202310311127359443.pdf,2023,no
Dracut,https://dracutma.gov/DocumentCenter/View/513/Conway-School-Alternatives-Analysis-PDF,200,11394214,Conway School Alternatives Analysis (2019)  (PDF).pdf,2019,no
Dracut,https://dracutma.gov/DocumentCenter/View/514/Johnson-Roberts-Structural-Report-PDF?bidId=,200,12410466,Johnson Roberts Structural Report (2021)  (PDF).pdf,2021,no
Dracut,https://dracutma.gov/DocumentCenter/View/515/Pfeiffer-Conditions-Report-PDF,200,20107333,Pfeiffer Conditions Report (2016) (PDF).pdf,2016,no
Dracut,https://dracutma.gov/DocumentCenter/View/5265/Finance-Committee-Report-Fall-Town-Meeting-FY2026-PDF,200,424000,Finance Committee Report Fall Town Meeting FY2026.pdf,2026,no
Dracut,https://dracutma.gov/DocumentCenter/View/5609/Principal-Clerk-Bookkeeper-Sewer-2026?bidId=,200,232829,Principal Clerk-Bookkeeper Sewer 2026.pdf,2026,no
Dracut,https://dracutma.gov/DocumentCenter/View/5637/NMRECC-FY27-Budget-Presentation-PDF,200,543908,NMRECC FY27_Budget_Presentation.pdf,2027,no
Dracut,https://dracutma.gov/DocumentCenter/View/5637/NMRECC-FY27_Budget_Presentation,200,543908,NMRECC FY27_Budget_Presentation.pdf,2027,no
Dracut,https://dracutma.gov/DocumentCenter/View/5638/SB-Presentation-_-32426,200,4073337,SB Presentation _ 3.24.26.pdf,,no
Dracut,https://dracutma.gov/DocumentCenter/View/5641/School-Chargebacks-FY27-V2,200,139543,School Chargebacks FY27 V2.pdf,2027,no
Dracut,https://dracutma.gov/DocumentCenter/View/5643/Budget-Book_Abr-4226,200,10350972,Budget Book_Abr. 4.2.26.pdf,,no
Dracut,https://dracutma.gov/DocumentCenter/View/5816/,200,374029,Dracut Flyer_Public Information Meeting.pdf,,no
Dracut,https://dracutma.gov/DocumentCenter/View/965/Budget-Book-FY2021-PDF,200,29841716,FY2021 Budget Final.pdf,2021,no
Dracut,https://dracutma.gov/DocumentCenter/View/966/Budget-Book-FY2022-PDF,200,30386199,FY2022 Budet Final.pdf,2022,no
Dracut,https://dracutma.gov/DocumentCenter/View/967/Budget-Book-FY2023-PDF,200,4545400,FY2023 Budget Book FInal.pdf,2023,no
Dracut,https://dracutma.gov/DocumentCenter/View/968/Revised-Budget-Book-FY2021-PDF,200,2530600,FY2021 Revised Budget.pdf,2021,no
Dracut,https://dracutma.gov/DocumentCenter/View/984/DPW-Trench-Permit-Form-PDF,200,167297,DPW TRENCH PERMIT FORM.pdf,,no
Dracut,https://www.dracutma.gov/ArchiveCenter/ViewFile/Item/347,200,1244162,Dracut Year 3 Annual Report - 2021.pdf,2021,no
Dracut,https://www.dracutma.gov/ArchiveCenter/ViewFile/Item/348,200,855447,Town of Dracut - Year 2 MS4 Annual Report.pdf,,no
Dracut,https://www.dracutma.gov/ArchiveCenter/ViewFile/Item/349,200,780582,Town of Dracut - Year 4 Annual MS4 Report.pdf,,no
Dracut,https://www.dracutma.gov/ArchiveCenter/ViewFile/Item/350,200,804108,Town of Dracut Year 1 MS4 Annual Report - signed.pdf,,no
Dracut,https://www.dracutma.gov/ArchiveCenter/ViewFile/Item/351,200,193563,Procurement dates bids and awards 04-11-2023 (PDF).pdf,2023,no
Dracut,https://www.dracutma.gov/ArchiveCenter/ViewFile/Item/371,200,265080396,Town of Dracut Annual Report 2022 (PDF)_vs6mqm0gdoa.PDF,2022,yes
Dracut,https://www.dracutma.gov/ArchiveCenter/ViewFile/Item/372,200,54672448,Annual Report 2023.pdf,2023,no
Dracut,https://www.dracutma.gov/ArchiveCenter/ViewFile/Item/374,200,816965,Town of Dracut - Year 6 MS4 Annual Report.pdf,,no
Dracut,https://www.dracutma.gov/ArchiveCenter/ViewFile/Item/51,200,15751669,annual_town_report_2021.pdf,2021,yes
Dracut,https://www.dracutma.gov/DocumentCenter/View/1000/Archinski-Tony-30-Days-After-PDF,200,326516,archinski_tony_30_days_after_0.pdf,,no
Dracut,https://www.dracutma.gov/DocumentCenter/View/1002/Corey-Robert-8-Days-Before-PDF,200,327604,corey_robert_2022_8_days_before.pdf,2022,no
Dracut,https://www.dracutma.gov/DocumentCenter/View/1003/Corey-Robert-30-Days-After-PDF,200,323219,corey_robert_e._30_days_after.pdf,,no
Dracut,https://www.dracutma.gov/DocumentCenter/View/1007/Bomil-Tom-Year-End-2022-PDF,200,1342917,"Bomil, Tom Year End 2022.pdf",2022,no
Dracut,https://www.dracutma.gov/DocumentCenter/View/1008/DiRocco-Joseph-Year-End-2022-PDF,200,316751,"DiRocco, Joseph Year End 2022.pdf",2022,no
Dracut,https://www.dracutma.gov/DocumentCenter/View/1009/Duda-Rebecca-Year-End-2022-PDF,200,161300,"Duda, Rebecca Year End 2022.pdf",2022,no
Dracut,https://www.dracutma.gov/DocumentCenter/View/1011/Genest-Alison-Year-End-2022-PDF,200,122673,"Genest, Alison Year End 2022.pdf",2022,no
Dracut,https://www.dracutma.gov/DocumentCenter/View/1012/Graham-Kathleen-Year-End-2022-PDF,200,319400,"Graham, Kathleen Year End 2022.pdf",2022,no
Dracut,https://www.dracutma.gov/DocumentCenter/View/1013/Kopcinski-Jennifer-8-Days-Before-PDF,200,314989,"Kopcinski, Jennifer 8 Days Before.pdf",,no
Dracut,https://www.dracutma.gov/DocumentCenter/View/1015/Kopcinski-Jennifer-Year-End-2022-PDF,200,314348,"Kopcinski, Jennifer Year End 2022.pdf",2022,no
Dracut,https://www.dracutma.gov/DocumentCenter/View/1016/Malliaros-George-8-Days-Before-PDF,200,298372,"Malliaros, George 8 Days Before.pdf",,no
Dracut,https://www.dracutma.gov/DocumentCenter/View/1020/Mayall-Gretchen-Year-End-2022-PDF,200,285669,"Mayall, Gretchen Year End 2022.pdf",2022,no
Dracut,https://www.dracutma.gov/DocumentCenter/View/1021/Nazzaro-Alyssa-8-Days-Before-PDF,200,349277,"Nazzaro, Alyssa 8 Days Before.pdf",,no
Dracut,https://www.dracutma.gov/DocumentCenter/View/1022/Nazzaro-Alyssa-30-Days-After-PDF,200,337388,"Nazzaro, Alyssa 30 Days After.pdf",,no
Dracut,https://www.dracutma.gov/DocumentCenter/View/1032/Powling-Sarah-8-Days-Before-PDF,200,823419,"Powling, Sarah 8 Days Before.pdf",,no
Dracut,https://www.dracutma.gov/DocumentCenter/View/1034/Powling-Sarah-Year-End-2022-PDF,200,272423,"Powling, Sarah Year End 2022.pdf",2022,no
Dracut,https://www.dracutma.gov/DocumentCenter/View/1035/Santiago-Hutchings-Heather-Year-End-2022-PDF,200,326522,"Santiago-Hutchings, Heather Year End 2022.pdf",2022,no
Dracut,https://www.dracutma.gov/DocumentCenter/View/1036/Sheppard-Robert-8-Days-Before-PDF,200,146032,"Sheppard, Robert 8 Days Before.pdf",,no
Dracut,https://www.dracutma.gov/DocumentCenter/View/1039/Sheehan-Matthew-8-Days-Before-v2-PDF,200,517350,"Sheehan, Matthew 8 Days Before v2.pdf",,no
Dracut,https://www.dracutma.gov/DocumentCenter/View/1040/Sheehan-Matthew-8-Days-Before-PDF,200,334081,"Sheehan, Matthew 8 Days Before.pdf",,no
Dracut,https://www.dracutma.gov/DocumentCenter/View/1041/Sheehan-Matthew-30-Days-After-v2-PDF,200,179033,"Sheehan, Matthew 30 Days After v2.pdf",,no
Dracut,https://www.dracutma.gov/DocumentCenter/View/1042/Sheehan-Matthew-30-Days-After-PDF,200,296122,"Sheehan, Matthew 30 Days After.pdf",,no
Dracut,https://www.dracutma.gov/DocumentCenter/View/1043/Sheehan-Matthew-Year-End-2022-PDF,200,517095,"Sheehan, Matthew Year End 2022.pdf",2022,no
Dracut,https://www.dracutma.gov/DocumentCenter/View/1044/Volpe-Allison-8-Days-Before-PDF,200,152493,"Volpe, Allison 8 Days Before.pdf",,no
Dracut,https://www.dracutma.gov/DocumentCenter/View/1045/Volpe-Allison-30-Days-After-PDF,200,123530,"Volpe, Allison 30 Days After.pdf",,no
Dracut,https://www.dracutma.gov/DocumentCenter/View/1046/Volpe-Allison-Year-End-2022-PDF,200,247954,"Volpe, Allison Year End 2022.pdf",2022,no
Dracut,https://www.dracutma.gov/DocumentCenter/View/1047/Trouville-Linda-8-Days-Before-PDF,200,122187,"Trouville, Linda 8 Days Before.pdf",,no
Dracut,https://www.dracutma.gov/DocumentCenter/View/1050/Taylor-Joshua-8-Days-Before-PDF,200,389585,"Taylor, Joshua 8 Days Before.pdf",,no
Dracut,https://www.dracutma.gov/DocumentCenter/View/1051/Thibault-Phillippe-8-Days-Before-PDF,200,377916,"Thibault, Phillippe 8 Days Before.pdf",,no
Dracut,https://www.dracutma.gov/DocumentCenter/View/1052/Thibault-Phillippe-30-Days-After-PDF,200,282145,"Thibault, Phillippe 30 Days After.pdf",,no
Dracut,https://www.dracutma.gov/DocumentCenter/View/1053/Thibault-Phillippe-Year-End-2022-PDF,200,238263,"Thibault, Phillippe Year End 2022.pdf",2022,no
Dracut,https://www.dracutma.gov/DocumentCenter/View/1054/DiRocco-Joseph-8-Day-Before-PDF,200,1036104,"DiRocco, Joseph 8 Day Before.pdf",,no
Dracut,https://www.dracutma.gov/DocumentCenter/View/1055/Duda-Rebecca-8-Day-Before-PDF,200,2261113,"Duda, Rebecca 8 Day Before.pdf",,no
Dracut,https://www.dracutma.gov/DocumentCenter/View/1058/Duda-Rebecca-30-Days-After-PDF,200,922541,"Duda, rebecca 30 Days After.pdf",,no
Dracut,https://www.dracutma.gov/DocumentCenter/View/1059/Flaherty-Brian-8-Days-Before-PDF,200,920235,"Flaherty, Brian 8 Days Before.pdf",,no
Dracut,https://www.dracutma.gov/DocumentCenter/View/1060/Flaherty-Brian-30-Days-After-PDF,200,444421,"Flaherty, Brian 30 Days After.pdf",,no
Dracut,https://www.dracutma.gov/DocumentCenter/View/1061/Mayall-Gretchen-Marie-30-Days-After-PDF,200,470353,"Mayall, Gretchen Marie 30 Days After.pdf",,no
Dracut,https://www.dracutma.gov/DocumentCenter/View/1063/Thibault-Philippe-8-Days-Before-PDF,200,3462799,"Thibault, Philippe 8 Days Before.pdf",,no
Dracut,https://www.dracutma.gov/DocumentCenter/View/1064/Thibault-Philippe-30-Days-After-PDF,200,892787,"Thibault, Philippe 30 Days After.pdf",,no
Dracut,https://www.dracutma.gov/DocumentCenter/View/1073/DiRocco-Joseph-Year-End-PDF,200,325544,"DiRocco, Joseph Year End.pdf",,no
Dracut,https://www.dracutma.gov/DocumentCenter/View/1075/Trouville-Linda-M-Year-End-PDF,200,241524,"Trouville, Linda M Year End.pdf",,no
Dracut,https://www.dracutma.gov/DocumentCenter/View/1076/Archinski-Tony-Year-End-PDF,200,318407,"Archinski, Tony Year End.pdf",,no
Dracut,https://www.dracutma.gov/DocumentCenter/View/1077/Thibault-Philippe-Year-End-PDF,200,327455,"Thibault, Philippe Year End.pdf",,no
Dracut,https://www.dracutma.gov/DocumentCenter/View/1079/Flaherty-Brian-Year-End-PDF,200,110038,"Flaherty, Brian Year End.pdf",,no
Dracut,https://www.dracutma.gov/DocumentCenter/View/1080/Verville-Monique-M-Year-End-PDF,200,112916,"Verville, Monique M Year End.pdf",,no
Dracut,https://www.dracutma.gov/DocumentCenter/View/1084/Genest-Alison-Year-End-PDF,200,170908,"Genest, Alison Year End.pdf",,no
Dracut,https://www.dracutma.gov/DocumentCenter/View/1085/Santiago-Hutchings-Heather-Year-End-PDF,200,374238,"Santiago-Hutchings, Heather Year End.pdf",,no
Dracut,https://www.dracutma.gov/DocumentCenter/View/1250/Young-Rene-Year-End-2022-PDF,200,280922,"Young, Rene Year End 2022 (PDF).pdf",2022,no
Dracut,https://www.dracutma.gov/DocumentCenter/View/1253/Town-of-Dracut---Procurement-Handbook-PDF?bidId=,200,2029534,Town of Dracut - Procurment Handbook (PDF).pdf,,no
Dracut,https://www.dracutma.gov/DocumentCenter/View/1254/Surplus-Policy-PDF?bidId=,200,497190,Surplus Policy (PDF).pdf,,no
Dracut,https://www.dracutma.gov/DocumentCenter/View/1256/Chapter-40B-Handbook-PDF,200,6484071,Chapter 40B Handbook (PDF).pdf,,no
Dracut,https://www.dracutma.gov/DocumentCenter/View/1257/Submitted-Project-Eligibility-Comments-PDF,200,1068181,Murphys Farm Final Dracut PEL Comments.pdf,,no
Dracut,https://www.dracutma.gov/DocumentCenter/View/1258/Project-Eligibility-Application-PDF,200,25915021,Murphys Farm - Eligibility Application.pdf,,no
Dracut,https://www.dracutma.gov/DocumentCenter/View/129/Credential-Application-PDF,200,231368,Credential Application (PDF).pdf,,no
Dracut,https://www.dracutma.gov/DocumentCenter/View/129/Credential-Application-PDF?bidId=,200,231368,Credential Application (PDF).pdf,,no
Dracut,https://www.dracutma.gov/DocumentCenter/View/133/Beat-The-Beep-PDF?bidId=,200,1206929,Beat The Beep (PDF).pdf,,no
Dracut,https://www.dracutma.gov/DocumentCenter/View/1336/New-Vendor-W9-Form-PDF,200,143607,New Vendor W9 Form.pdf,,no
Dracut,https://www.dracutma.gov/DocumentCenter/View/134/Candle-Safety-Tips-PDF?bidId=,200,170548,Candle Safety Tips (PDF).pdf,,no
Dracut,https://www.dracutma.gov/DocumentCenter/View/135/Dryer-Safety-Tips-PDF?bidId=,200,363558,Dryer Safety Tips (PDF).pdf,,no
Dracut,https://www.dracutma.gov/DocumentCenter/View/1353/Town-of-Dracut-MLC-Form-Rev-2023,200,180126,Town of Dracut update MLC form 2023.pdf,2023,no
Dracut,https://www.dracutma.gov/DocumentCenter/View/137/Fire-Safety-Tips-PDF,200,219507,Fire Safety Tips (PDF).pdf,,no
Dracut,https://www.dracutma.gov/DocumentCenter/View/137/Fire-Safety-Tips-PDF?bidId=,200,219507,Fire Safety Tips (PDF).pdf,,no
Dracut,https://www.dracutma.gov/DocumentCenter/View/138/Home-Escape-Plans-PDF,200,490593,Home Escape Plans (PDF).pdf,,no
Dracut,https://www.dracutma.gov/DocumentCenter/View/138/Home-Escape-Plans-PDF?bidId=,200,490593,Home Escape Plans (PDF).pdf,,no
Dracut,https://www.dracutma.gov/DocumentCenter/View/1410/Dracut----Stormwater-Rules-and-Regulations-PDF,200,349909,Dracut -  Stormwater Rules and Regulations.pdf,,no
Dracut,https://www.dracutma.gov/DocumentCenter/View/1411/SOP-Number-1---Street-Sweeping-PDF,200,271085,SOP Number 1 - Street Sweeping.pdf,,no
Dracut,https://www.dracutma.gov/DocumentCenter/View/1412/SOP-Number-2---Winter-Road-Maintenance-PDF,200,403631,SOP Number 2 - Winter Road Maintenance.pdf,,no
Dracut,https://www.dracutma.gov/DocumentCenter/View/1413/SOP-Number-3---Catch-basin-Cleaning-PDF,200,218034,SOP Number 3 - Catch basin Cleaning.pdf,,no
Dracut,https://www.dracutma.gov/DocumentCenter/View/1414/SOP-Number-4---Stormwater-Infrastructure-Maintenance-PDF,200,406607,SOP Number 4 - Stormwater Infrastructure Maintenance.pdf,,no
Dracut,https://www.dracutma.gov/DocumentCenter/View/1415/SOP-Number-5---Oil-Water-Separator-PDF,200,197682,SOP Number 5 - Oil Water Separator.pdf,,no
Dracut,https://www.dracutma.gov/DocumentCenter/View/1416/SOP-Number-6---Municipal-Vehicle-Washing-PDF,200,167028,SOP Number 6 - Municipal Vehicle Washing.pdf,,no
Dracut,https://www.dracutma.gov/DocumentCenter/View/1417/SOP-Number-7---Spill-Response-PDF,200,243190,SOP Number 7 - Spill Response.pdf,,no
Dracut,https://www.dracutma.gov/DocumentCenter/View/1418/SOP-Number-8---Construction-Site-Inspection-PDF,200,429570,SOP Number 8 - Construction Site Inspection.pdf,,no
Dracut,https://www.dracutma.gov/DocumentCenter/View/1419/SOP-Number-9---Erosion-and-Sedimentation-Control-PDF,200,246732,SOP Number 9 - Erosion and Sedimentation Control.pdf,,no
Dracut,https://www.dracutma.gov/DocumentCenter/View/1420/SOP-Number-10---Dry-Weather-Outfall-Inspection-PDF,200,332413,SOP Number 10 - Dry Weather Outfall Inspection.pdf,,no
Dracut,https://www.dracutma.gov/DocumentCenter/View/1422/SOP-Number-12---Locating-Illicit-Discharges-PDF,200,387072,SOP Number 12 - Locating Illicit Discharges.pdf,,no
Dracut,https://www.dracutma.gov/DocumentCenter/View/1423/SOP-Number-13---Water-Quality-Screening-PDF,200,292113,SOP Number 13 - Water Quality Screening.pdf,,no
Dracut,https://www.dracutma.gov/DocumentCenter/View/1424/SOP-Number-14---Operations-and-Maintenance-of-Parks-and-Open-Spaces-PDF,200,286168,SOP Number 14 - Operations and Maintenance of Parks and Open Spaces.pdf,,no
Dracut,https://www.dracutma.gov/DocumentCenter/View/1425/SOP-Number-15---Operation-and-Maintenance-of-Municipal-Building-and-Facilities-PDF,200,233659,SOP Number 15 - Operation and Maintenance of Municipal Building and Facilities.pdf,,no
Dracut,https://www.dracutma.gov/DocumentCenter/View/1426/SOP-Number-16---Operation-and-Maintenance-of-Municipal-Vehicles-and-Equipment-PDF,200,392327,SOP Number 16 - Operation and Mainteance of Municipal Vehicles and Equipment.pdf,,no
Dracut,https://www.dracutma.gov/DocumentCenter/View/1427/Town-of-Dracut-Stormwater-Management-Program-year-1-PDF,200,683796,Town of Dracut Stormwater Management Program year 1.pdf,,no
Dracut,https://www.dracutma.gov/DocumentCenter/View/1428/Town-of-Dracut-Stormwater-Management-Program-year-2-PDF,200,614829,Town of Dracut Stormwater Management Program year 2.pdf,,no
Dracut,https://www.dracutma.gov/DocumentCenter/View/1429/Town-of-Dracut-Stormwater-Management-Program-year-3-PDF,200,834850,Town of Dracut Stormwater Management Program year 3.pdf,,no
Dracut,https://www.dracutma.gov/DocumentCenter/View/143/Smoke-and-CO-Checklist-PDF?bidId=,200,81447,Smoke-CO 26F Checklist 01-01-2026_202601060831455234.pdf,2026,no
Dracut,https://www.dracutma.gov/DocumentCenter/View/1430/Town-of-Dracut-Stormwater-Management-Program-Year-4-PDF,200,918339,Town of Dracut Stormwater Management Program Year 4.pdf,,no
Dracut,https://www.dracutma.gov/DocumentCenter/View/1432/Developers---Construction-Stormwater-Tips-PDF,200,564679,Developers - Construction Stormwater Tips.pdf,,no
Dracut,https://www.dracutma.gov/DocumentCenter/View/1435/Pet-Waste-Brochure-PDF,200,690324,pet_waste_brochure.pdf,,no
Dracut,https://www.dracutma.gov/DocumentCenter/View/1438/Stormwater-Management-of-Commercial-Entities-PDF,200,183599,Stormwater Management of Commercial Entities.pdf,,no
Dracut,https://www.dracutma.gov/DocumentCenter/View/1440/Dracut-DPW-Stormwater-Pollution-Prevention-Plan-PDF-,200,9074520,Dracut DPW SWPPP.pdf,,no
Dracut,https://www.dracutma.gov/DocumentCenter/View/1442/Project-Eligibility-Application-PDF,200,7457241,CompPermitSubmit Fnl 081922.pdf,,no
Dracut,https://www.dracutma.gov/DocumentCenter/View/1443/MassHoussing-Eligibility-Letter-PDF,200,1251112,PEL - 135 Greenmont.pdf,,no
Dracut,https://www.dracutma.gov/DocumentCenter/View/1448/Dracut---Authorization-to-Discharge-Letter-PDF,200,122625,Dracut - Authorization to Discharge Letter.pdf,,no
Dracut,https://www.dracutma.gov/DocumentCenter/View/1449/Dracut-NOI-2018-PDF,200,3088676,Dracut NOI 2018.pdf,2018,no
Dracut,https://www.dracutma.gov/DocumentCenter/View/1451/Outfall-Priority-Ranking-Year-3-MS4-Annual-Report-PDF,200,1049780,Outfall Priority Ranking Year 3 MS4 Annual Report.pdf,,no
Dracut,https://www.dracutma.gov/DocumentCenter/View/1464/FY25-Clause-17D-Elderly-Surviving-Spouse-Application-PDF?bidId=,200,221198,FY27 Clause 17D Elderly Surviving Spouse Application (PDF)_202606151038460410.pdf,2027,no
Dracut,https://www.dracutma.gov/DocumentCenter/View/1550/Town-of-Dracut-Projects-PDF,200,254820,Town of Dracut Projects Web Site 05-20-24_202405201010188113.pdf,,no
Dracut,https://www.dracutma.gov/DocumentCenter/View/1585/Submitted-Project-Eligibility-Comments-PDF,200,129618,135 Greenmont revised PEL letter.pdf,,no
Dracut,https://www.dracutma.gov/DocumentCenter/View/162/Change-of-Mailing-Address-Form--SalesPurchase-Verification-Form-PDF,200,161781,Real Estate Tax Change of Mailing Address Request & SalesPurchase Verification(PDF)_202304061930584195.pdf,,no
Dracut,https://www.dracutma.gov/DocumentCenter/View/163/Personal-Property-Change-of-Address-Form-PDF,200,112422,Personal Property Tax Change of Mailing Address Request (PDF)_202304061931100185.pdf,,no
Dracut,https://www.dracutma.gov/DocumentCenter/View/164/3ABC-PDF?bidId=,200,316515,3ABC Form (PDF)_202606151242219818.pdf,,no
Dracut,https://www.dracutma.gov/DocumentCenter/View/166/Mixed-Use-PDF?bidId=,200,127210,Mixed Use (PDF) (PDF).pdf,,no
Dracut,https://www.dracutma.gov/DocumentCenter/View/167/Residential-PDF?bidId=,200,134504,Residential (PDF) (PDF).pdf,,no
Dracut,https://www.dracutma.gov/DocumentCenter/View/168/CommercialIndustrial-PDF?bidId=,200,149808,Industrial (PDF) (PDF).pdf,,no
Dracut,https://www.dracutma.gov/DocumentCenter/View/171/FY25-Clause-37A-Legally-Blind-Application-PDF?bidId=,200,245313,FY27 Clause 37A Legally Blind Application (PDF)_202606151125088601.pdf,2027,no
Dracut,https://www.dracutma.gov/DocumentCenter/View/173/FY25-CPA-Exemption-Application-PDF?bidId=,200,163819,FY27 CPA Exemption Application (PDF)_202606151039450334.pdf,2027,no
Dracut,https://www.dracutma.gov/DocumentCenter/View/174/FY25-Exemption-Requirements-PDF?bidId=,200,259459,FY27 Exemption Requirements (PDF)_202606151053391555.pdf,2027,no
Dracut,https://www.dracutma.gov/DocumentCenter/View/175/FY25-Exemptions-Types--Allowances-PDF?bidId=,200,103333,FY27 Exemptions Types & Allowances (PDF)_202606151034114381.pdf,2027,no
Dracut,https://www.dracutma.gov/DocumentCenter/View/1758/Zoning-Map-PDF,200,1361689,Town of Dracut Zoning Map June 3rd 2024_202409261444469531.pdf,2024,no
Dracut,https://www.dracutma.gov/DocumentCenter/View/1758/Zoning-Map-PDF?bidId=,200,1361689,Town of Dracut Zoning Map June 3rd 2024_202409261444469531.pdf,2024,no
Dracut,https://www.dracutma.gov/DocumentCenter/View/177/Building-Permit-Fees-PDF,200,254491,BUILDING DEPARTMENT PERMIT FEES_202308091508012732.pdf,,no
Dracut,https://www.dracutma.gov/DocumentCenter/View/1887/Vote-By-Mail-Application-2023-PDF,200,71051,Vote By Mail Application_202412021408190820.pdf,,no
Dracut,https://www.dracutma.gov/DocumentCenter/View/1887/Vote-By-Mail-Application-2023-PDF?bidId=,200,71051,Vote By Mail Application_202412021408190820.pdf,,no
Dracut,https://www.dracutma.gov/DocumentCenter/View/1887/Vote-By-Mail-Application-PDF,200,71051,Vote By Mail Application_202412021408190820.pdf,,no
Egremont,https://egremont-ma.gov/ArchiveCenter/ViewFile/Item/172,200,2569645,issue 122.pdf,,no
Egremont,https://egremont-ma.gov/ArchiveCenter/ViewFile/Item/173,200,1959027,Newsletter Issue 123 Jan 2023.pdf,2023,no
Egremont,https://egremont-ma.gov/ArchiveCenter/ViewFile/Item/174,200,2018627,Newsletter Issue 124.pdf,,no
Egremont,https://egremont-ma.gov/ArchiveCenter/ViewFile/Item/175,200,1876869,Newsletterissue125July2023.pdf,2023,no
Egremont,https://egremont-ma.gov/ArchiveCenter/ViewFile/Item/177,200,1297689,NewsletterIssue126.pdf,,no
Egremont,https://egremont-ma.gov/ArchiveCenter/ViewFile/Item/178,200,1211148,Egremont Newsletter 127 Jan 2024.pdf,2024,no
Egremont,https://egremont-ma.gov/ArchiveCenter/ViewFile/Item/179,200,1856513,Issue 128 Newsletter.pdf,,no
Egremont,https://egremont-ma.gov/ArchiveCenter/ViewFile/Item/180,200,1311951,Newsletter Issue 129 July 2024.pdf,2024,no
Egremont,https://egremont-ma.gov/ArchiveCenter/ViewFile/Item/181,200,1642864,Egremont Newsletter Issue 130.pdf,,no
Egremont,https://egremont-ma.gov/ArchiveCenter/ViewFile/Item/182,200,1093875,Newsletter Issue 131.pdf,,no
Egremont,https://egremont-ma.gov/DocumentCenter/View/1012/Alford-Egremont-Cultural-Council-2022-2023-Grant-Recipients-Press-Release-PDF,200,329857,Alford-Egremont 2022-2023 Grant Recipients_Press Release.pdf,2023,no
Egremont,https://egremont-ma.gov/DocumentCenter/View/1012/Alford-Egremont-Cultural-Council-2022-2023-Grant-Recipients-Press-Release-PDF?bidId=,200,329857,Alford-Egremont 2022-2023 Grant Recipients_Press Release.pdf,2023,no
Egremont,https://egremont-ma.gov/DocumentCenter/View/1024/Detect-and-Chase-Down-Household-Leaks-PDF,200,2167520,detect-and-chase-down-leaks-checklist (1).pdf,,no
Egremont,https://egremont-ma.gov/DocumentCenter/View/1024/Detect-and-Chase-Down-Household-Leaks-PDF?bidId=,200,2167520,detect-and-chase-down-leaks-checklist (1).pdf,,no
Egremont,https://egremont-ma.gov/DocumentCenter/View/1025/Council-of-Aging-Spring-Newsletter-2023?bidId=,200,428168,COA Newsletter 2023 0317.pdf,2023,no
Egremont,https://egremont-ma.gov/DocumentCenter/View/1031/Open-Meeting-Law-Guide-and-Educational-Materials-January-2018-PDF,200,1070195,2025 Open Meeting Law Guide with ed materials (Updated 7-31-25)_202606121344049949.pdf,2025,no
Egremont,https://egremont-ma.gov/DocumentCenter/View/1031/Open-Meeting-Law-Guide-and-Educational-Materials-January-2018-PDF?bidId=,200,1070195,2025 Open Meeting Law Guide with ed materials (Updated 7-31-25)_202606121344049949.pdf,2025,no
Egremont,https://egremont-ma.gov/DocumentCenter/View/1045/Egremont-April-2023-Newsletter-Issue-124-PDF,200,2001368,Egremont April 2023 Newsletter Issue 124.pdf,2023,no
Egremont,https://egremont-ma.gov/DocumentCenter/View/1078/Annual-Town-Meeting-Warrant-for-May-2-2023-PDF,200,974284,AnnualTownMeeting5223signed.pdf,,no
Egremont,https://egremont-ma.gov/DocumentCenter/View/1078/Annual-Town-Meeting-Warrant-for-May-2-2023-PDF?bidId=,200,974284,AnnualTownMeeting5223signed.pdf,,no
Egremont,https://egremont-ma.gov/DocumentCenter/View/1092/Housing-Trust-Q-and-A-PDF,200,152887,Housing Trust Q and A.pdf,,no
Egremont,https://egremont-ma.gov/DocumentCenter/View/1092/Housing-Trust-Q-and-A-PDF?bidId=,200,152887,Housing Trust Q and A.pdf,,no
Egremont,https://egremont-ma.gov/DocumentCenter/View/1102/Egremont-Three-Transportation--Options-Explained-in-a-Grid-PDF?bidId=,200,141179,Egremont Three Transportation Options Explained in a Grid.pdf,,no
Egremont,https://egremont-ma.gov/DocumentCenter/View/1110/Finance-Committee-Recommendations-for-May-2-2023-Annual-Town-Meeting-PDF,200,199035,FINANCE COMMITTEE RECOMMENDATIONS TOWN MEETING 5.2.2023 (FY2024).pdf,2024,no
Egremont,https://egremont-ma.gov/DocumentCenter/View/1110/Finance-Committee-Recommendations-for-May-2-2023-Annual-Town-Meeting-PDF?bidId=,200,199035,FINANCE COMMITTEE RECOMMENDATIONS TOWN MEETING 5.2.2023 (FY2024).pdf,2024,no
Egremont,https://egremont-ma.gov/DocumentCenter/View/1134/How-to-Reduce-Reuse-Recycle-Household-items-and-Dispose-of-Household-Hazardous-Materials-PDF--,200,250620,How to RRR 2017 (PDF).pdf,2017,no
Egremont,https://egremont-ma.gov/DocumentCenter/View/1137/Draft-Goals-Objectives-and-Action-Plan-for-Open-Space-and-Recreatioh-Plan-2023-to-2030-PDF,200,145243,Draft OSRP Egremont 2023 05 12 action plan.pdf,2023,no
Egremont,https://egremont-ma.gov/DocumentCenter/View/1137/Draft-Goals-Objectives-and-Action-Plan-for-Open-Space-and-Recreatioh-Plan-2023-to-2030-PDF?bidId=,200,145243,Draft OSRP Egremont 2023 05 12 action plan.pdf,2023,no
Egremont,https://egremont-ma.gov/DocumentCenter/View/1141/2022-Consumer-Confidence-Report-Drinking-Water-Quality-Information-PDF-,200,158440,2022 Consumer Confidence Report Drinking Water Quality Information .pdf,2022,no
Egremont,https://egremont-ma.gov/DocumentCenter/View/1152/Signed-Survey-of-French-Park-North-Egremont-May-8-2023-PDF,200,5854937,FRENCH-PARK-22-078-SIGNED-1-1.pdf,,no
Egremont,https://egremont-ma.gov/DocumentCenter/View/1184/Planning-Board-Special-Permit-Application-PDF,200,647522,PB Special Permit Application_1.pdf,,no
Egremont,https://egremont-ma.gov/DocumentCenter/View/1204/Annual-Town-Meeting-May-2-2023-Certified-Minutes-Corrected-July-5-2023-PDF,200,868412,Certified ATM23 minutes corrected.pdf,,no
Egremont,https://egremont-ma.gov/DocumentCenter/View/1207/Tick-Bite-What-to-Do--Common-Questions-After-a-Tick-Bite-PDF,200,555082,tick advisory 1_adobe_express.pdf,,no
Egremont,https://egremont-ma.gov/DocumentCenter/View/1288/Household-Hazardous-Waste-What-to-Bring-and-What-Not-to-Bring-PDF?bidId=,200,222350,10.14.2023 HHW Fall Event GB.pdf,2023,no
Egremont,https://egremont-ma.gov/DocumentCenter/View/1293/Egremont-Endorsed-2035-Comprehensive-Plan-with-Appendices-PDF?bidId=,200,5215239,20230830 Egremont Comp Plan - FINAL - compressed.pdf,,no
Egremont,https://egremont-ma.gov/DocumentCenter/View/1294/Appendix-of-Final-Public-Comments-Received-August-2023-PDF?bidId=,200,720756,20230827 Appendix of Comments - FINAL.pdf,,no
Egremont,https://egremont-ma.gov/DocumentCenter/View/1314/Draft-Open-Space-and-Recreation-Plan-2023-2030-Submitted-August-2023-PDF,200,15341536,NewV2PDF __ Draft_OSRP_Egremont_2023_08_22red.pdf,2023,no
Egremont,https://egremont-ma.gov/DocumentCenter/View/1314/Draft-Open-Space-and-Recreation-Plan-2023-2030-Submitted-August-2023-PDF?bidId=,200,15341536,NewV2PDF __ Draft_OSRP_Egremont_2023_08_22red.pdf,2023,no
Egremont,https://egremont-ma.gov/DocumentCenter/View/1336/Egremont-October-2023-Newsletter-Issue-126-PDF,200,1297689,NewsletterIssue126.pdf,,no
Egremont,https://egremont-ma.gov/DocumentCenter/View/1343/Signed-Warrant-for-Special-Town-Meeting-October-21-2023-PDF,200,124238,fullysignedwarrantstm102123.pdf,,no
Egremont,https://egremont-ma.gov/DocumentCenter/View/1343/Signed-Warrant-for-Special-Town-Meeting-October-21-2023-PDF?bidId=,200,124238,fullysignedwarrantstm102123.pdf,,no
Egremont,https://egremont-ma.gov/DocumentCenter/View/1374/Fact-Sheet-on-Cllmate-Resilient-Household-Emergency-Preparedness-for-Egremont-PDF,200,640444,Emergency Preparedness-Egremont-fact sheet.pdf,,no
Egremont,https://egremont-ma.gov/DocumentCenter/View/1388/Save-Energy-Save-Money-30-Tips-for-Winter-Season-PDF,200,167309,Flyer NOVEMBER Tips PDF.pdf,,no
Egremont,https://egremont-ma.gov/DocumentCenter/View/1407/Egremont-Comprehensive-Plan-Adopted-August-30-2023-PDF?bidId=,200,5215239,20230830 Egremont Comp Plan - FINAL - compressed_1.pdf,,no
Egremont,https://egremont-ma.gov/DocumentCenter/View/1416/MA-Attorney-General-Letter-of-Approval-of-Bylaw-21-PDF,200,123210,AGhousingtrustapprEgremont10946A__App.pdf,,no
Egremont,https://egremont-ma.gov/DocumentCenter/View/1417/MA-Housing-Partnership-Municipal-Affordable-Housing-Trust-Guide-PDF,200,6156314,MAHTGuidebook_2018.pdf,2018,no
Egremont,https://egremont-ma.gov/DocumentCenter/View/1418/Egremont-Municipal-Housing-Trust-QA-PDF,200,193403,Housing Trust Q and A.pdf,,no
Egremont,https://egremont-ma.gov/DocumentCenter/View/1419/Jug-End-News-1995-PDF?bidId=,200,796225,Jug End News 1995.pdf,1995,no
Egremont,https://egremont-ma.gov/DocumentCenter/View/1420/Commonwealth-Veterans-Day-2023-Proclmation-PDF,200,145588,Commonwealth Veteras Day 2023 Proclmation.pdf,2023,no
Egremont,https://egremont-ma.gov/DocumentCenter/View/1442/Egremont-FY-2024-Tax-Classification-Hearing-PDF,200,115807,EgremontTaxClassificationHearing_FY2024.pdf,2024,no
Egremont,https://egremont-ma.gov/DocumentCenter/View/1482/Town-of-Egremont-Buy-Recycle-Policy-PDF,200,141249,buy recycle policy on letterhead.pdf,,no
Egremont,https://egremont-ma.gov/DocumentCenter/View/1632/Egremont-Annual-Town-Meeting-May-7-2024-Fully-Executied-Warrant-PDF,200,602277,Egremont Annual Town Meeting 2024 Fully Executied Warrant.pdf,2024,no
Egremont,https://egremont-ma.gov/DocumentCenter/View/167/Form-4-Septic-System-Pumping-Record-PDF,200,386516,Septic System Pumping Record.pdf,,no
Egremont,https://egremont-ma.gov/DocumentCenter/View/167/Form-4-Septic-System-Pumping-Record-PDF?bidId=,200,386516,Septic System Pumping Record.pdf,,no
Egremont,https://egremont-ma.gov/DocumentCenter/View/1698/Annual-Town-Meeting-May-7-2024-Certified-Minutes-PDF,200,548685,Certified 2024 ATM minutes.pdf,2024,no
Egremont,https://egremont-ma.gov/DocumentCenter/View/1887/Egremont-General-Bylaws-July-31-2023-PDF-,200,197778,"GENBYLREFORMAT July 31, 2023 .pdf",2023,no
Egremont,https://egremont-ma.gov/DocumentCenter/View/1911/Zoning-Bylaws-as-Amended-June-8-2021-PDF,200,779384,ZONING BYLAW as Amended June 8 2021.pdf,2021,no
Egremont,https://egremont-ma.gov/DocumentCenter/View/2054/Egrermont-Tax-Classification-Hearing-FY2025-PDF,200,419126,EgremontTaxClassificationHearingDocument_FY2025.pdf,2025,no
Egremont,https://egremont-ma.gov/DocumentCenter/View/2060/Notes-to-Pro-Forma-Model-of-Professional-Firefighters--Emergency-Medical-Response-Services-PDF,200,123722,Fire Dept Study Work Group Model Notes NOV2024.pdf,2024,no
Egremont,https://egremont-ma.gov/DocumentCenter/View/2061/Pro-Forma-Modal-of-Professional-Firefighting-and-EM-Response-Services-Seven-Year-Forecast-PDF,200,128452,Pro-Forma Modal of Professional Firefighting and EM Response Services.pdf,,no
Egremont,https://egremont-ma.gov/DocumentCenter/View/207/Notary-Services-Guidelines-PDF,200,56511,Notary Services Guidelines (PDF).pdf,,no
Egremont,https://egremont-ma.gov/DocumentCenter/View/2108/Seasonal-Communities-Overlook-PDF?bidId=,200,1901718,Seasonal Communities Intial Researh  Revised 1.4.2025.pdf,2025,no
Egremont,https://egremont-ma.gov/DocumentCenter/View/2148/Affordable-Housing-Property-Tax-Exemption-DLS-Application-and-Info-for-Taxpayers-PDF,200,3757847,Application for Affordable Housing Exemption3725_202503081311054860.pdf,,no
Egremont,https://egremont-ma.gov/DocumentCenter/View/260/General-Bylaws-PDF,200,718557,General Bylaws (PDF).pdf,,no
Egremont,https://egremont-ma.gov/DocumentCenter/View/285/Dog-License-Application-PDF,200,94176,Dog license application 1222_202212121240032406.pdf,,no
Egremont,https://egremont-ma.gov/DocumentCenter/View/290/Pollinator-Pathway-Toolkit-for-Habitat-Creation-and-Connectivity-PDF,200,8627037,Pollinator Pathway (PDF).pdf,,no
Egremont,https://egremont-ma.gov/DocumentCenter/View/290/Pollinator-Pathway-Toolkit-for-Habitat-Creation-and-Connectivity-PDF?bidId=,200,8627037,Pollinator Pathway (PDF).pdf,,no
Egremont,https://egremont-ma.gov/DocumentCenter/View/293/American-Rescue-Plan-Act-ARPA-2021-10-19-Presentation-PDF,200,81934,American Rescue Plan Act (ARPA) 2021-10-19 Presentation.pdf,2021,no
Egremont,https://egremont-ma.gov/DocumentCenter/View/296/French-Park-Reservation-Form-PDF?bidId=,200,165144,French Park Reservation Form (PDF).pdf,,no
Egremont,https://egremont-ma.gov/DocumentCenter/View/309/Project-Overview-Image-PDF,200,7921826,Project Overview (PDF).pdf,,no
Egremont,https://egremont-ma.gov/DocumentCenter/View/309/Project-Overview-Image-PDF?bidId=,200,7921826,Project Overview (PDF).pdf,,no
Egremont,https://egremont-ma.gov/DocumentCenter/View/345/Implementation-of-Review-Fees-for-Outside-Consultants-PDF,200,94282,Consultant Fees (PDF).pdf,,no
Egremont,https://egremont-ma.gov/DocumentCenter/View/580/Chapter-61-Programs-Revised-2018-PDF?bidId=,200,888681,Chapter 61 Programs Revised 2018.pdf,2018,no
Egremont,https://egremont-ma.gov/DocumentCenter/View/592/Senior---Surviving-Spouse-or-Minor-Veteran-Blind-Fiscal-Year-Application-for-Statutory-Exemption-PDF,200,420818,"Seniors Surviving Spoues of Minors, Veterans Blind Tax Exemption Application.pdf",,no
Egremont,https://egremont-ma.gov/DocumentCenter/View/663/Killea-Herman-Amended-Special-Permit-PDF,200,347794,Killea Herman Amended Special Permit.pdf,,no
Egremont,https://egremont-ma.gov/DocumentCenter/View/666/Kenver-Real-Estate-LLC-Special-Permit-72022-PDF,200,323265,Kenver Real Estate LLC Special Permit 72022.pdf,,no
Egremont,https://egremont-ma.gov/DocumentCenter/View/674/New-Green-Special-Permit-PDF,200,277487,New Green Special Permit.pdf,,no
Egremont,https://egremont-ma.gov/DocumentCenter/View/731/Employment-Application-PDF,200,499605,Employment Application (PDF).pdf,,no
Egremont,https://egremont-ma.gov/DocumentCenter/View/732/Tag-Sale-Application-PDF,200,931869,Tag Sale Application (PDF).pdf,,no
Egremont,https://egremont-ma.gov/DocumentCenter/View/760/Egremont-Newsletter-Issue-122-October-2022-PDF,200,2569645,Egremont Newsletter issue 122 October 2022.pdf,2022,no
Egremont,https://egremont-ma.gov/DocumentCenter/View/760/Egremont-Newsletter-Issue-122-October-2022-PDF?bidId=,200,2569645,Egremont Newsletter issue 122 October 2022.pdf,2022,no
Egremont,https://egremont-ma.gov/DocumentCenter/View/762/2022-Annual-Town-Meeting-Corrected-Minutes-PDF,200,553783,ATM 22 0503 corrected 22 1007.pdf,,no
Egremont,https://egremont-ma.gov/DocumentCenter/View/766/Mass-Fishing--Hunting-2022-Hunting--Bag-Limits-PDF,200,2257792,2022-MA-hunting-season-summary.pdf,2022,no
Egremont,https://egremont-ma.gov/DocumentCenter/View/766/Mass-Fishing--Hunting-2022-Hunting--Bag-Limits-PDF?bidId=,200,2257792,2022-MA-hunting-season-summary.pdf,2022,no
Egremont,https://egremont-ma.gov/DocumentCenter/View/793/ZBA-Special-Permit-Decision-56-Lakeside-Drive-PDF,200,239533,Randlettspecialpermitsigned.pdf,,no
Egremont,https://egremont-ma.gov/DocumentCenter/View/794/Certified-Water-Operator-Trainee-Job-Description-PDF,200,133899,CERTIFIED WATER OPERATOR trainee - draft.pdf,,no
Egremont,https://egremont-ma.gov/DocumentCenter/View/817/Egremont-Police-Department-Application-Form-PDF,200,248142,EPD APPLICATION - revised.pdf,,no
Egremont,https://egremont-ma.gov/DocumentCenter/View/817/Egremont-Police-Department-Application-Form-PDF?bidId=,200,248142,EPD APPLICATION - revised.pdf,,no
Egremont,https://egremont-ma.gov/DocumentCenter/View/818/Town-of-Egremont-November-8-Unofficial-Election-Results-PDF,200,140043,Town of Egremont November 8 Unofficial Election Results.pdf,,no
Egremont,https://egremont-ma.gov/DocumentCenter/View/818/Town-of-Egremont-November-8-Unofficial-Election-Results-PDF?bidId=,200,140043,Town of Egremont November 8 Unofficial Election Results.pdf,,no
Egremont,https://egremont-ma.gov/DocumentCenter/View/827/Fiscal-Year-2023-Valuation,200,315769,FY2023Valuation.pdf,2023,no
Egremont,https://egremont-ma.gov/DocumentCenter/View/827/Fiscal-Year-2023-Valuation?bidId=,200,315769,FY2023Valuation.pdf,2023,no
Egremont,https://egremont-ma.gov/DocumentCenter/View/828/2022-Annual-Town-Report-PDF,200,3835390,2022annreport.pdf,2022,yes
Egremont,https://egremont-ma.gov/DocumentCenter/View/828/2022-Annual-Town-Report-PDF?bidId=,200,3835390,2022annreport.pdf,2022,yes
Egremont,https://egremont-ma.gov/DocumentCenter/View/884/Special-Town-Meeting-11-8-22-minutes,200,173529,STM 11 8 22 minutes.pdf,,no
Egremont,https://egremont-ma.gov/DocumentCenter/View/895/Massachusetts-Vote-by-Mail-Application-PDF,200,209238,Vote-by-Mail-Paper-Application-2023-print.pdf,2023,no
Egremont,https://egremont-ma.gov/DocumentCenter/View/899/How-to-Retrieve-a-Property-Record-Card-PDF?bidId=,200,37535,How to Retrieve a Property Record Card.pdf,,no
Egremont,https://egremont-ma.gov/DocumentCenter/View/917/Egremont-Newsletter-Issue-123-January-2023,200,1959027,Newsletter Issue 123 Jan 2023.pdf,2023,no
Egremont,https://egremont-ma.gov/DocumentCenter/View/930/Town-of-Egremont-2022-Municipal-Vulnerability-Preparedness-MVP-Hazard-Mitigation-Plan-HMP-Final-PDF,200,41583359,Egremont_Final MVP-HM-10.18.22.pdf,,no
Egremont,https://egremont-ma.gov/DocumentCenter/View/930/Town-of-Egremont-2022-Municipal-Vulnerability-Preparedness-MVP-Hazard-Mitigation-Plan-HMP-Final-PDF?bidId=,200,41583359,Egremont_Final MVP-HM-10.18.22.pdf,,no
Egremont,https://egremont-ma.gov/DocumentCenter/View/933/Egremont-Vision-2035-Public-Workshop-1-Presentationn-Slide-Deck-PDF,200,661055,Egremont Vision 2035 Public Workshop 1 Presentationn Slide Deck.pdf,2035,no
Egremont,https://egremont-ma.gov/DocumentCenter/View/955/Notice-of-Public-Disclosure-Fiscal-Year-2022-PDF,200,116864,Notice of Public Disclosure Fiscal Year 2022_1.pdf,2022,no
Egremont,https://egremont-ma.gov/DocumentCenter/View/966/Egremont-Public-Board-Commission-Handbook-March-2021PDF,200,9993829,Egremont Public Board Commission Handbook(PDF).pdf,,no
Egremont,https://egremont-ma.gov/DocumentCenter/View/970/Comprehensive-and-Open-Space-and-Recreation-Comments-on-Boards-from-January-14-2023-Public-Workshop-PDF?bidId=,200,185468,CP OSRP Comments on Boards from Jan 14 2023 Public Workshop.pdf,2023,no
Egremont,https://egremont-ma.gov/DocumentCenter/View/994/Full-Time-Police-Officer-Job-Description-PDF,200,90922,Police Officer.pdf,,no
Egremont,https://egremont-ma.gov/DocumentCenter/View/996/Comprehensive-and-Open-Space-and-Recretion-Plans-Public-Workshop-2-Discussion-Boards-PDF,200,274371,20230311 Public Workshop 2 Discussion Boards.pdf,,no
Egremont,https://egremont-ma.gov/DocumentCenter/View/996/Comprehensive-and-Open-Space-and-Recretion-Plans-Public-Workshop-2-Discussion-Boards-PDF?bidId=,200,274371,20230311 Public Workshop 2 Discussion Boards.pdf,,no
Egremont,https://www.egremont-ma.gov/ArchiveCenter/ViewFile/Item/129,200,1368170,July 2020 Issue 113 (PDF).pdf,2020,no
Egremont,https://www.egremont-ma.gov/ArchiveCenter/ViewFile/Item/130,200,2602663,July 2019 Issue 107 (PDF).pdf,2019,no
Egremont,https://www.egremont-ma.gov/ArchiveCenter/ViewFile/Item/131,200,2025459,July 2018 Issue 101 (PDF).pdf,2018,no
Egremont,https://www.egremont-ma.gov/ArchiveCenter/ViewFile/Item/132,200,708988,July 2017 Issue 95 (PDF).pdf,2017,no
Egremont,https://www.egremont-ma.gov/ArchiveCenter/ViewFile/Item/133,200,1314255,January 2109 Issue 104 (PDF).pdf,,no
Egremont,https://www.egremont-ma.gov/ArchiveCenter/ViewFile/Item/134,200,1298511,January 2021 Issue 115 (PDF).pdf,2021,no
Egremont,https://www.egremont-ma.gov/ArchiveCenter/ViewFile/Item/135,200,1420840,January 2020 Issue 110 (PDF).pdf,2020,no
Egremont,https://www.egremont-ma.gov/ArchiveCenter/ViewFile/Item/136,200,986164,January 2018 Issue 98 (PDF).pdf,2018,no
Egremont,https://www.egremont-ma.gov/ArchiveCenter/ViewFile/Item/137,200,2077148,October 2021 Issue 118 (PDF).pdf,2021,no
Egremont,https://www.egremont-ma.gov/ArchiveCenter/ViewFile/Item/138,200,1300662,July 2021 Issue 117 (PDF).pdf,2021,no
Egremont,https://www.egremont-ma.gov/ArchiveCenter/ViewFile/Item/139,200,1305927,April 2021 Issue116 (PDF).pdf,2021,no
Egremont,https://www.egremont-ma.gov/ArchiveCenter/ViewFile/Item/140,200,1409317,January 2022 Issue 119 (PDF).pdf,2022,no
Egremont,https://www.egremont-ma.gov/ArchiveCenter/ViewFile/Item/141,200,1993932,April 2022 Issue 120 (PDF).pdf,2022,no
Egremont,https://www.egremont-ma.gov/ArchiveCenter/ViewFile/Item/142,200,2110989,September 2019 Issue 108 (PDF).pdf,2019,no
Egremont,https://www.egremont-ma.gov/ArchiveCenter/ViewFile/Item/143,200,3081185,September 2018 Issue 102 (PDF).pdf,2018,no
Egremont,https://www.egremont-ma.gov/ArchiveCenter/ViewFile/Item/144,200,1473263,September 2017 Issue 96 (PDF).pdf,2017,no
Egremont,https://www.egremont-ma.gov/ArchiveCenter/ViewFile/Item/145,200,1372056,October 2020 Issue 114 (PDF).pdf,2020,no
Egremont,https://www.egremont-ma.gov/ArchiveCenter/ViewFile/Item/146,200,1220879,November 2019 Issue 109 (PDF).pdf,2019,no
Egremont,https://www.egremont-ma.gov/ArchiveCenter/ViewFile/Item/147,200,6845227,November 2018 Issue 103 (PDF).pdf,2018,no
Egremont,https://www.egremont-ma.gov/ArchiveCenter/ViewFile/Item/148,200,1017680,November 2017 Issue 97 (PDF).pdf,2017,no
Egremont,https://www.egremont-ma.gov/ArchiveCenter/ViewFile/Item/149,200,1555107,May 2020 Issue 112 (PDF).pdf,2020,no
Egremont,https://www.egremont-ma.gov/ArchiveCenter/ViewFile/Item/150,200,1871074,May 2019 Issue 106 (PDF).pdf,2019,no
Egremont,https://www.egremont-ma.gov/ArchiveCenter/ViewFile/Item/151,200,877731,May 2018 Issue 100 (PDF).pdf,2018,no
Egremont,https://www.egremont-ma.gov/ArchiveCenter/ViewFile/Item/152,200,9886266,May 2017 Issue 93 (PDF).pdf,2017,no
Egremont,https://www.egremont-ma.gov/ArchiveCenter/ViewFile/Item/153,200,1327119,March 2020 Issue 111 (PDF).pdf,2020,no
Egremont,https://www.egremont-ma.gov/ArchiveCenter/ViewFile/Item/154,200,786666,March 2019 Issue 105 (PDF).pdf,2019,no
Egremont,https://www.egremont-ma.gov/ArchiveCenter/ViewFile/Item/155,200,1322527,March 2018 Issue 99 (PDF).pdf,2018,no
Egremont,https://www.egremont-ma.gov/ArchiveCenter/ViewFile/Item/156,200,293430,March 2017 Issue 92 (PDF).pdf,2017,no
Egremont,https://www.egremont-ma.gov/ArchiveCenter/ViewFile/Item/157,200,151360,2021 CCR.pdf,2021,no
Egremont,https://www.egremont-ma.gov/ArchiveCenter/ViewFile/Item/171,200,1429188,Newsletter 121 July 2022.pdf,2022,no
Egremont,https://www.egremont-ma.gov/DocumentCenter/View/100/04-27-2016-Building-Permit-Fees-PDF,200,174591,04-27-2016 Bldg Permit Fees (PDF).pdf,2016,no
Egremont,https://www.egremont-ma.gov/DocumentCenter/View/100/04-27-2016-Building-Permit-Fees-PDF?bidId=,200,174591,04-27-2016 Bldg Permit Fees (PDF).pdf,2016,no
Egremont,https://www.egremont-ma.gov/DocumentCenter/View/101/Construction-And-Demolition-Fees-2021-PDF,200,134339,Construction And Demolition Fees 2021 (PDF).pdf,2021,no
Egremont,https://www.egremont-ma.gov/DocumentCenter/View/101/Construction-And-Demolition-Fees-2021-PDF?bidId=,200,134339,Construction And Demolition Fees 2021 (PDF).pdf,2021,no
Egremont,https://www.egremont-ma.gov/DocumentCenter/View/1025/Council-of-Aging-Spring-Newsletter-2023,200,428168,COA Newsletter 2023 0317.pdf,2023,no
Egremont,https://www.egremont-ma.gov/DocumentCenter/View/1030/Map-of-Open-Space-and-Chapter-61-Lands-as-of-January-2023-PDF,200,512414,OpenSpaceInventory_11x17_EgremontMA board).pdf,,no
Egremont,https://www.egremont-ma.gov/DocumentCenter/View/1045/Egremont-April-2023-Newsletter-Issue-124-PDF?bidId=,200,2001368,Egremont April 2023 Newsletter Issue 124.pdf,2023,no
Egremont,https://www.egremont-ma.gov/DocumentCenter/View/107/House-Number-Application-PDF,200,402927,House Number Application (PDF).pdf,,no
Egremont,https://www.egremont-ma.gov/DocumentCenter/View/1084/Federal-and-Massachusetts-Clean-Energy-Incentives-Spring-2023-PDF?bidId=,200,3963851,Fed and MA Clean Energy Incentives.pdf,,no
Egremont,https://www.egremont-ma.gov/DocumentCenter/View/1091/Comprehensive-and-Open-Space-and-Recreation-Plans-March-11-Workshop-Handouts-PDF,200,7455234,March 11 Workshop Handouts.pdf,,no
Egremont,https://www.egremont-ma.gov/DocumentCenter/View/1154/Tabulated-Results-and-All-Responses-from-the-Comprehensive-and-Open-Space-and-Recreation-Plans-Second-Community-Wide-Survey-PDF,200,258174,All responses - no addresses.pdf,,no
Egremont,https://www.egremont-ma.gov/DocumentCenter/View/117/Tax-Abatement-Application-PDF,200,186862,Tax Abatement (PDF).pdf,,no
Egremont,https://www.egremont-ma.gov/DocumentCenter/View/117/Tax-Abatement-Application-PDF?bidId=,200,186862,Tax Abatement (PDF).pdf,,no
Egremont,https://www.egremont-ma.gov/DocumentCenter/View/1186/Planning-Board-Rules-and-Regulations-PDF,200,3118754,Planning Board Rules and Regulations (PDF)_1.pdf,,no
Egremont,https://www.egremont-ma.gov/DocumentCenter/View/1203/Egremont-July-2023-Newsletter-Issue-125-PDF?bidId=,200,1876869,Newsletterissue125July2023.pdf,2023,no
Egremont,https://www.egremont-ma.gov/DocumentCenter/View/1218/Composting-101-PDF,200,123108,Composting 101 FINAL.pdf,,no
Egremont,https://www.egremont-ma.gov/DocumentCenter/View/1218/Composting-101-PDF?bidId=,200,123108,Composting 101 FINAL.pdf,,no
Egremont,https://www.egremont-ma.gov/DocumentCenter/View/124/Subdivision-Rules-PDF,200,217490,Subdivision Rules (PDF).pdf,,no
Egremont,https://www.egremont-ma.gov/DocumentCenter/View/1244/Preservation-Restriction-Agreement-Mount-Everett-Academy-Building-Egremont-Free-Library-PDF,200,793641,fullyexecutedperppreservationrestriction.pdf,,no
Egremont,https://www.egremont-ma.gov/DocumentCenter/View/1244/Preservation-Restriction-Agreement-Mount-Everett-Academy-Building-Egremont-Free-Library-PDF?bidId=,200,793641,fullyexecutedperppreservationrestriction.pdf,,no
Egremont,https://www.egremont-ma.gov/DocumentCenter/View/1247/Bringing-Climate-Action-Home-Your-Road-to-Energy-Savings-Rebates-and-Tax-Credits-Speakers-Slidedeck,200,2727448,"Egremont Green Committee July 19, 2023.pdf",2023,no
Egremont,https://www.egremont-ma.gov/DocumentCenter/View/1247/Bringing-Climate-Action-Home-Your-Road-to-Energy-Savings-Rebates-and-Tax-Credits-Speakers-Slidedeck?bidId=,200,2727448,"Egremont Green Committee July 19, 2023.pdf",2023,no
Egremont,https://www.egremont-ma.gov/DocumentCenter/View/125/Zoning-Board-of-Appeals-Information-PDF,200,979206,Zoning Board of Appeals Information (PDF).pdf,,no
Egremont,https://www.egremont-ma.gov/DocumentCenter/View/1256/Attorney-General-Office-Letter-July-31-2023-re-Establish-Housing-Trust-PDF,200,123210,Establishment of Housing Trust AG approval letter 5 2 2023 ATM.pdf,2023,no
Egremont,https://www.egremont-ma.gov/DocumentCenter/View/126/Planning-Board-Rules-and-Regulations-PDF,200,3012111,Planning Board Rules and Regulations (PDF).pdf,,no
Egremont,https://www.egremont-ma.gov/DocumentCenter/View/1261/Van-Driver-Job-Description-PDF?bidId=,200,154798,Van driverjobdescrip.pdf,,no
Egremont,https://www.egremont-ma.gov/DocumentCenter/View/127/Common-Drive-Application-PDF,200,166592,Common Drive Application (PDF).pdf,,no
Egremont,https://www.egremont-ma.gov/DocumentCenter/View/138/French-Park-Trail-Map-06-2017-PDF,200,1125696,French Park Trail Map 06-2017 (PDF).pdf,2017,no
Egremont,https://www.egremont-ma.gov/DocumentCenter/View/139/French-Park-Pavilion-Reservation-Form-PDF,200,165144,French Park Pavilion Reservation Form (PDF).pdf,,no
Egremont,https://www.egremont-ma.gov/DocumentCenter/View/1407/Egremont-Comprehensive-Plan-Adopted-August-30-2023-PDF,200,5215239,20230830 Egremont Comp Plan - FINAL - compressed_1.pdf,,no
Egremont,https://www.egremont-ma.gov/DocumentCenter/View/1408/Comprehensive-Plan-Appendix-of-Comments-August-30-2023-PDF,200,720756,20230827 Appendix of Comments - FINAL_1.pdf,,no
Egremont,https://www.egremont-ma.gov/DocumentCenter/View/1419/Jug-End-News-1995-PDF,200,796225,Jug End News 1995.pdf,1995,no
Egremont,https://www.egremont-ma.gov/DocumentCenter/View/1448/Zoning-in-MA-An-Overview-PDF,200,114304,Zoning in MA An Overview.pdf,,no
Egremont,https://www.egremont-ma.gov/DocumentCenter/View/145/Notice-Proposed-Fiscal-Year-2022RE-Values-PDF,200,745533,Notice Proposed Fiscal Year 2022RE Values.pdf,2022,no
Egremont,https://www.egremont-ma.gov/DocumentCenter/View/147/Tax-Classification-Fiscal-Year-2022-PDF,200,119059,Tax Classification Fiscal Year 2022 (PDF).pdf,2022,no
Egremont,https://www.egremont-ma.gov/DocumentCenter/View/1474/Egremont-Comprehensive-Emergency-Managemant-Plan-CEMP-May-2023-PDF,200,789689,2023 copy of CEMP 3 (Egremont).pdf,2023,no
Egremont,https://www.egremont-ma.gov/DocumentCenter/View/1565/51124-Household-Hazardous-Waste-Spring-Event-Flyer-PDF,200,219677,5.11.24 HHW Spring Event Lee flyer template.pdf,,no
Egremont,https://www.egremont-ma.gov/DocumentCenter/View/1565/51124-Household-Hazardous-Waste-Spring-Event-Flyer-PDF?bidId=,200,219677,5.11.24 HHW Spring Event Lee flyer template.pdf,,no
Egremont,https://www.egremont-ma.gov/DocumentCenter/View/1574/Egremont-and-Area-Hotlines-for-Emergencies-PDF,200,165508,EM Contact List.pdf,,no
Egremont,https://www.egremont-ma.gov/DocumentCenter/View/159/Regulations-for-Refuse-and-Recycling-PDF,200,5451366,Regulations for Refuge and Recycling.pdf,,no
Egremont,https://www.egremont-ma.gov/DocumentCenter/View/159/Regulations-for-Refuse-and-Recycling-PDF?bidId=,200,5451366,Regulations for Refuge and Recycling.pdf,,no
Egremont,https://www.egremont-ma.gov/DocumentCenter/View/160/Restricting-the-Sale-of-Tobacco-Products-11-15-2016-PDF,200,4550274,Restricting the Sale of Tobacco Products 11-15-2016_osrm79e2x7p.pdf,2016,no
Egremont,https://www.egremont-ma.gov/DocumentCenter/View/160/Restricting-the-Sale-of-Tobacco-Products-11-15-2016-PDF?bidId=,200,4550274,Restricting the Sale of Tobacco Products 11-15-2016_osrm79e2x7p.pdf,2016,no
Egremont,https://www.egremont-ma.gov/DocumentCenter/View/161/Well-Regulations-2017-PDF,200,14413453,Well Regulations 2017_odmgesy87ej.pdf,2017,no
Egremont,https://www.egremont-ma.gov/DocumentCenter/View/161/Well-Regulations-2017-PDF?bidId=,200,14413453,Well Regulations 2017_odmgesy87ej.pdf,2017,no
Egremont,https://www.egremont-ma.gov/DocumentCenter/View/1632/Egremont-Annual-Town-Meeting-2024-Fully-Executied-Warrant-PDF,200,602277,Egremont Annual Town Meeting 2024 Fully Executied Warrant.pdf,2024,no
Egremont,https://www.egremont-ma.gov/DocumentCenter/View/1632/Egremont-Annual-Town-Meeting-2024-Fully-Executied-Warrant-PDF?bidId=,200,602277,Egremont Annual Town Meeting 2024 Fully Executied Warrant.pdf,2024,no
Egremont,https://www.egremont-ma.gov/DocumentCenter/View/1639/Zoning-Bylaw-May-4-2024-FULL-PreWorkshop-Materials-with-Agenda-PDF,200,2192539,20240419 Pre-Workshop Materials lr.pdf,,no
Egremont,https://www.egremont-ma.gov/DocumentCenter/View/1639/Zoning-Bylaw-May-4-2024-FULL-PreWorkshop-Materials-with-Agenda-PDF?bidId=,200,2192539,20240419 Pre-Workshop Materials lr.pdf,,no
Egremont,https://www.egremont-ma.gov/DocumentCenter/View/1641/Zoning-Bylaw-March-2-2024-Workshop-Results-PDF,200,6347142,March 2 2024 Workshop Results.pdf,2024,no
Egremont,https://www.egremont-ma.gov/DocumentCenter/View/1641/Zoning-Bylaw-March-2-2024-Workshop-Results-PDF?bidId=,200,6347142,March 2 2024 Workshop Results.pdf,2024,no
Egremont,https://www.egremont-ma.gov/DocumentCenter/View/1642/Zoning-Bylaw-May-4-2024-Pre-Workshop-Agenda-and-Materials-PDF,200,4618823,May 4 2024 Pre-Workshop Materials.pdf,2024,no
Egremont,https://www.egremont-ma.gov/DocumentCenter/View/1642/Zoning-Bylaw-May-4-2024-Pre-Workshop-Agenda-and-Materials-PDF?bidId=,200,4618823,May 4 2024 Pre-Workshop Materials.pdf,2024,no
Egremont,https://www.egremont-ma.gov/DocumentCenter/View/1643/Zoning-Bylaw-May-4-2024-Workshop-Appendices-PDF,200,408419,May 4 2024 Pre-Workshop Appendices.pdf,2024,no
Egremont,https://www.egremont-ma.gov/DocumentCenter/View/1643/Zoning-Bylaw-May-4-2024-Workshop-Appendices-PDF?bidId=,200,408419,May 4 2024 Pre-Workshop Appendices.pdf,2024,no
Egremont,https://www.egremont-ma.gov/DocumentCenter/View/1644/Fire-Department-Application-2024-PDF,200,214579,Fire Dept. application 2024.pdf,2024,no
Egremont,https://www.egremont-ma.gov/DocumentCenter/View/1644/Fire-Department-Application-2024-PDF?bidId=,200,214579,Fire Dept. application 2024.pdf,2024,no
Egremont,https://www.egremont-ma.gov/DocumentCenter/View/165/Beaver-Conflict-and-Permit-Application-PDF,200,502099,Beaver Conflict and Permit Application.pdf,,no
Holbrook,https://holbrookma.gov/DocumentCenter/View/1020/2025-122-BOS-minutes,200,159108,2025 1.22 BOS minutes.pdf,2025,no
Holbrook,https://holbrookma.gov/DocumentCenter/View/1020/2025-122-BOS-minutes?bidId=,200,159108,2025 1.22 BOS minutes.pdf,2025,no
Holbrook,https://holbrookma.gov/DocumentCenter/View/1396/2025-126-Holiday-Stroll,200,446335,2025 12.6 Holiday Stroll.pdf,2025,no
Holbrook,https://holbrookma.gov/DocumentCenter/View/1396/2025-126-Holiday-Stroll?bidId=,200,446335,2025 12.6 Holiday Stroll.pdf,2025,no
Holbrook,https://holbrookma.gov/DocumentCenter/View/1440/ATA-Job-Posting,200,133414,ATA Job Posting.pdf,,no
Holbrook,https://holbrookma.gov/DocumentCenter/View/1487/2026-114-COA,200,1614466,2026 1.14 COA.pdf,2026,no
Holbrook,https://holbrookma.gov/DocumentCenter/View/1488/2026-18-HHA-Revised,200,1616678,2026 1.8 HHA Revised.pdf,2026,no
Holbrook,https://holbrookma.gov/DocumentCenter/View/1489/2026-112-ConCom,200,3198911,2026 1.12 ConCom.pdf,2026,no
Holbrook,https://holbrookma.gov/DocumentCenter/View/1489/2026-112-ConCom?bidId=,200,3198911,2026 1.12 ConCom.pdf,2026,no
Holbrook,https://holbrookma.gov/DocumentCenter/View/1493/2026-24-ZBA,200,1583241,2026 2.4 ZBA.pdf,2026,no
Holbrook,https://holbrookma.gov/DocumentCenter/View/1493/2026-24-ZBA?bidId=,200,1583241,2026 2.4 ZBA.pdf,2026,no
Holbrook,https://holbrookma.gov/DocumentCenter/View/1498/2026-115-HEA-Neg-Sub-Comm?bidId=,200,1613940,2026 1.15 HEA Neg Sub Comm.pdf,2026,no
Holbrook,https://holbrookma.gov/DocumentCenter/View/1499/2026-112-Library,200,1517837,2026 1.12 Library.pdf,2026,no
Holbrook,https://holbrookma.gov/DocumentCenter/View/1499/2026-112-Library?bidId=,200,1517837,2026 1.12 Library.pdf,2026,no
Holbrook,https://holbrookma.gov/DocumentCenter/View/1500/2026-113-BOH,200,1713721,2026 1.13 BOH.pdf,2026,no
Holbrook,https://holbrookma.gov/DocumentCenter/View/1500/2026-113-BOH?bidId=,200,1713721,2026 1.13 BOH.pdf,2026,no
Holbrook,https://holbrookma.gov/DocumentCenter/View/1502/2026-129-HPS-HEA-Neg-Sub-Comm,200,1613939,2026 1.29 HPS HEA Neg Sub Comm.pdf,2026,no
Holbrook,https://holbrookma.gov/DocumentCenter/View/1502/2026-129-HPS-HEA-Neg-Sub-Comm?bidId=,200,1613939,2026 1.29 HPS HEA Neg Sub Comm.pdf,2026,no
Holbrook,https://holbrookma.gov/DocumentCenter/View/1508/2026-121-BOS,200,1518547,2026 1.21 BOS.pdf,2026,no
Holbrook,https://holbrookma.gov/DocumentCenter/View/1508/2026-121-BOS?bidId=,200,1518547,2026 1.21 BOS.pdf,2026,no
Holbrook,https://holbrookma.gov/DocumentCenter/View/1510/2026-127-Cap-Planning,200,1614453,2026 1.27 Cap Planning.pdf,2026,no
Holbrook,https://holbrookma.gov/DocumentCenter/View/1510/2026-127-Cap-Planning?bidId=,200,1614453,2026 1.27 Cap Planning.pdf,2026,no
Holbrook,https://holbrookma.gov/DocumentCenter/View/1512/2026-127-Planning-Bd,200,3197889,2026 1.27 Planning Bd.pdf,2026,no
Holbrook,https://holbrookma.gov/DocumentCenter/View/1512/2026-127-Planning-Bd?bidId=,200,3197889,2026 1.27 Planning Bd.pdf,2026,no
Holbrook,https://holbrookma.gov/DocumentCenter/View/1516/2026-23-Town-Forest,200,2742458,2026 2.3 Town Forest.pdf,2026,no
Holbrook,https://holbrookma.gov/DocumentCenter/View/1516/2026-23-Town-Forest?bidId=,200,2742458,2026 2.3 Town Forest.pdf,2026,no
Holbrook,https://holbrookma.gov/DocumentCenter/View/1517/2026-22-ConCom,200,2679312,2026 2.2 ConCom.pdf,2026,no
Holbrook,https://holbrookma.gov/DocumentCenter/View/1517/2026-22-ConCom?bidId=,200,2679312,2026 2.2 ConCom.pdf,2026,no
Holbrook,https://holbrookma.gov/DocumentCenter/View/1519/Con-Com-Agenda-REV-02022026,200,262436,Con Com Agenda-REV 02022026.pdf,,no
Holbrook,https://holbrookma.gov/DocumentCenter/View/1525/2026-210-Cap-Impr,200,1614307,2026 2.10 Cap Impr_1.pdf,2026,no
Holbrook,https://holbrookma.gov/DocumentCenter/View/1525/2026-210-Cap-Impr?bidId=,200,1614307,2026 2.10 Cap Impr_1.pdf,2026,no
Holbrook,https://holbrookma.gov/DocumentCenter/View/1530/2026-24-Planning-Bd,200,1515072,2026 2.4 Planning Bd.pdf,2026,no
Holbrook,https://holbrookma.gov/DocumentCenter/View/1530/2026-24-Planning-Bd?bidId=,200,1515072,2026 2.4 Planning Bd.pdf,2026,no
Holbrook,https://holbrookma.gov/DocumentCenter/View/1531/2026-24-Town-Forest,200,1613479,2026 2.4 Town Forest.pdf,2026,no
Holbrook,https://holbrookma.gov/DocumentCenter/View/1531/2026-24-Town-Forest?bidId=,200,1613479,2026 2.4 Town Forest.pdf,2026,no
Holbrook,https://holbrookma.gov/DocumentCenter/View/1532/2026-25-FinCom,200,1613759,2026 2.5 FinCom.pdf,2026,no
Holbrook,https://holbrookma.gov/DocumentCenter/View/1532/2026-25-FinCom?bidId=,200,1613759,2026 2.5 FinCom.pdf,2026,no
Holbrook,https://holbrookma.gov/DocumentCenter/View/400/CALENDAR-JANUARY-2026PDF,200,1148554,August Calendar_202608012014100285.pdf,,no
Holbrook,https://holbrookma.gov/DocumentCenter/View/400/CALENDAR-JANUARY-2026PDF?bidId=,200,1148554,August Calendar_202608012014100285.pdf,,no
Holbrook,https://holbrookma.gov/DocumentCenter/View/491,200,3957956,Proposed Vales by Owner FY 2025.pdf,2025,no
Holbrook,https://holbrookma.gov/DocumentCenter/View/927/Hazardous-Waste-Day-Flyer-2025,200,584037,Hazardous Waste Day Flyer 2025.pdf,2025,no
Holbrook,https://holbrookma.gov/DocumentCenter/View/927/Hazardous-Waste-Day-Flyer-2025?bidId=,200,584037,Hazardous Waste Day Flyer 2025.pdf,2025,no
Holbrook,https://holbrookma.gov/DocumentCenter/View/958/2025-413-Town-forest,200,1516907,2025 4.13 Town forest.pdf,2025,no
Holbrook,https://holbrookma.gov/DocumentCenter/View/958/2025-413-Town-forest?bidId=,200,1516907,2025 4.13 Town forest.pdf,2025,no
Holbrook,https://holbrookma.gov/DocumentCenter/View/959/2025-417-HPS-SCM,200,136718,2025 4.17 HPS SCM.pdf,2025,no
Holbrook,https://holbrookma.gov/DocumentCenter/View/959/2025-417-HPS-SCM?bidId=,200,136718,2025 4.17 HPS SCM.pdf,2025,no
Holbrook,https://holbrookma.gov/DocumentCenter/View/966/2025-415-CIP,200,1614007,2025 4.15 CIP_1.pdf,2025,no
Holbrook,https://holbrookma.gov/DocumentCenter/View/966/2025-415-CIP?bidId=,200,1614007,2025 4.15 CIP_1.pdf,2025,no
Holbrook,https://holbrookma.gov/DocumentCenter/View/970/2025-516-HPS-Food-svc,200,1613978,2025 5.16 HPS Food svc.pdf,2025,no
Holbrook,https://holbrookma.gov/DocumentCenter/View/970/2025-516-HPS-Food-svc?bidId=,200,1613978,2025 5.16 HPS Food svc.pdf,2025,no
Holbrook,https://holbrookma.gov/DocumentCenter/View/992/GIC-2025-2026-Guide?bidId=,200,2005425,GIC 2025-2026 Guide.pdf,2026,no
Holbrook,https://www.holbrookma.gov/DocumentCenter/View/102/Fee-Schedule-PDF,200,768945,Fee Schedule (PDF).pdf,,no
Holbrook,https://www.holbrookma.gov/DocumentCenter/View/103/Gioioso-Drive-Ext---Definitive-Plan---Revised-August-26-2023-PDF,200,2061662,"Gioioso Drive Ext - Definitive Plan - Revised August 26, 2023 (PDF).pdf",2023,no
Holbrook,https://www.holbrookma.gov/DocumentCenter/View/104/Use-Regulations-PDF,200,316067,Use Regulations (PDF).pdf,,no
Holbrook,https://www.holbrookma.gov/DocumentCenter/View/1046/Region-1_Open_House_Promotional-Flyer_Charles-Watershed-002,200,526104,Region 1_Open_House_Promotional Flyer_Charles Watershed (002).pdf,,no
Holbrook,https://www.holbrookma.gov/DocumentCenter/View/1049/2025-58-HHA-revised,200,1614480,2025 5.8 HHA revised.pdf,2025,no
Holbrook,https://www.holbrookma.gov/DocumentCenter/View/1049/2025-58-HHA-revised?bidId=,200,1614480,2025 5.8 HHA revised.pdf,2025,no
Holbrook,https://www.holbrookma.gov/DocumentCenter/View/1060/FinCom-Agenda-51425,200,1613525,FinCom Agenda 5.14.25.pdf,,no
Holbrook,https://www.holbrookma.gov/DocumentCenter/View/1060/FinCom-Agenda-51425?bidId=,200,1613525,FinCom Agenda 5.14.25.pdf,,no
Holbrook,https://www.holbrookma.gov/DocumentCenter/View/1064/Agenda---05132025-Posted-REV,200,2664921,Agenda - 05132025-Posted-REV.pdf,,no
Holbrook,https://www.holbrookma.gov/DocumentCenter/View/1064/Agenda---05132025-Posted-REV?bidId=,200,2664921,Agenda - 05132025-Posted-REV.pdf,,no
Holbrook,https://www.holbrookma.gov/DocumentCenter/View/1065/2025-514-BOS,200,1516723,2025 5.14 BOS.pdf,2025,no
Holbrook,https://www.holbrookma.gov/DocumentCenter/View/1065/2025-514-BOS?bidId=,200,1516723,2025 5.14 BOS.pdf,2025,no
Holbrook,https://www.holbrookma.gov/DocumentCenter/View/1067/Holbrook-Annual-Town-Report-2024,200,3010865,Holbrook Annual Town Report 2024.pdf,2024,yes
Holbrook,https://www.holbrookma.gov/DocumentCenter/View/1067/Holbrook-Annual-Town-Report-2024?bidId=,200,3010865,Holbrook Annual Town Report 2024.pdf,2024,yes
Holbrook,https://www.holbrookma.gov/DocumentCenter/View/1074/2025-520-BHR-DSC-Amended,200,165139,2025 5.20 BHR DSC Amended.pdf,2025,no
Holbrook,https://www.holbrookma.gov/DocumentCenter/View/1074/2025-520-BHR-DSC-Amended?bidId=,200,165139,2025 5.20 BHR DSC Amended.pdf,2025,no
Holbrook,https://www.holbrookma.gov/DocumentCenter/View/1091/Flyer-Floodplain---Virtual-Open-House,200,468331,Flyer Floodplain - Virtual open house_202505280906363401.pdf,,no
Holbrook,https://www.holbrookma.gov/DocumentCenter/View/1091/Flyer-Floodplain---Virtual-Open-House?bidId=,200,468331,Flyer Floodplain - Virtual open house_202505280906363401.pdf,,no
Holbrook,https://www.holbrookma.gov/DocumentCenter/View/1108/2024-529-BOS-minutes?bidId=,200,141855,2024 5.29 BOS minutes.pdf,2024,no
Holbrook,https://www.holbrookma.gov/DocumentCenter/View/111/Gas-Fitting-Permit-Application-PDF,200,371290,Gas Fitting Permit Application (PDF).pdf,,no
Holbrook,https://www.holbrookma.gov/DocumentCenter/View/1113/BP-50M26_20250604_112749,200,189829,BP-50M26_20250604_112749.pdf,,no
Holbrook,https://www.holbrookma.gov/DocumentCenter/View/1113/BP-50M26_20250604_112749?bidId=,200,189829,BP-50M26_20250604_112749.pdf,,no
Holbrook,https://www.holbrookma.gov/DocumentCenter/View/112/Plumbing-Permit-Application-PDF,200,548357,Plumbing Permit Application (PDF).pdf,,no
Holbrook,https://www.holbrookma.gov/DocumentCenter/View/1168/2024-Holbrook-CCR,200,1976700,2024 Holbrook CCR.pdf,2024,no
Holbrook,https://www.holbrookma.gov/DocumentCenter/View/1168/2024-Holbrook-CCR?bidId=,200,1976700,2024 Holbrook CCR.pdf,2024,no
Holbrook,https://www.holbrookma.gov/DocumentCenter/View/1169/2024-Holbrook-CCR-PDF,200,1838448,2025 Holbrook CCR_202606160805116651.pdf,2025,no
Holbrook,https://www.holbrookma.gov/DocumentCenter/View/1197/2025-721-ConCom-amended?bidId=,200,3168592,2025 7.21 ConCom amended.pdf,2025,no
Holbrook,https://www.holbrookma.gov/DocumentCenter/View/1202/2024-626-Minutes-for-Holbrook-Select-Board-Meeting?bidId=,200,204762,2024 6.26 Minutes for Holbrook Select Board Meeting.pdf,2024,no
Holbrook,https://www.holbrookma.gov/DocumentCenter/View/1204/2025-57-BOS-minutes?bidId=,200,181079,2025 5.7 BOS minutes.pdf,2025,no
Holbrook,https://www.holbrookma.gov/DocumentCenter/View/1276/Open-Space-ADDENDUM-Rev,200,460405,Open Space ADDENDUM-Rev.pdf,,no
Holbrook,https://www.holbrookma.gov/DocumentCenter/View/1276/Open-Space-ADDENDUM-Rev?bidId=,200,460405,Open Space ADDENDUM-Rev.pdf,,no
Holbrook,https://www.holbrookma.gov/DocumentCenter/View/1292/COA-Outreach-Support-Assistant-91125,200,513884,COA Outreach Support Assistant 9.11.25_1.pdf,,no
Holbrook,https://www.holbrookma.gov/DocumentCenter/View/1293/2025-1014-Sen-Keenan,200,150747,2025 10.14 Sen. Keenan.pdf,2025,no
Holbrook,https://www.holbrookma.gov/DocumentCenter/View/1293/2025-1014-Sen-Keenan?bidId=,200,150747,2025 10.14 Sen. Keenan.pdf,2025,no
Holbrook,https://www.holbrookma.gov/DocumentCenter/View/1314/2025-925-HSC,200,1619901,2025 9.25 HSC.pdf,2025,no
Holbrook,https://www.holbrookma.gov/DocumentCenter/View/1314/2025-925-HSC?bidId=,200,1619901,2025 9.25 HSC.pdf,2025,no
Holbrook,https://www.holbrookma.gov/DocumentCenter/View/1315/Assistant-Director-Job-Description-91825,200,189423,Assistant Director Job Description 9.18.25.pdf,,no
Holbrook,https://www.holbrookma.gov/DocumentCenter/View/1316/Assistant-Director-Job-Posting-91825,200,164291,Assistant Director Job Posting 9.18.25.pdf,,no
Holbrook,https://www.holbrookma.gov/DocumentCenter/View/1323/2025-925-FinCom,200,1613783,2025 9.25 FinCom.pdf,2025,no
Holbrook,https://www.holbrookma.gov/DocumentCenter/View/1323/2025-925-FinCom?bidId=,200,1613783,2025 9.25 FinCom.pdf,2025,no
Holbrook,https://www.holbrookma.gov/DocumentCenter/View/133/Direct-Deposit-Form-PDF,200,244505,Direct Deposit Form (PDF).pdf,,no
Holbrook,https://www.holbrookma.gov/DocumentCenter/View/1339/2025-1022-ZBA,200,3233315,2025 10.22 ZBA.pdf,2025,no
Holbrook,https://www.holbrookma.gov/DocumentCenter/View/1339/2025-1022-ZBA?bidId=,200,3233315,2025 10.22 ZBA.pdf,2025,no
Holbrook,https://www.holbrookma.gov/DocumentCenter/View/1341/2025-930-Cap-Impr,200,1613978,2025 9.30 Cap Impr.pdf,2025,no
Holbrook,https://www.holbrookma.gov/DocumentCenter/View/1341/2025-930-Cap-Impr?bidId=,200,1613978,2025 9.30 Cap Impr.pdf,2025,no
Holbrook,https://www.holbrookma.gov/DocumentCenter/View/1342/2025-109-Sub-Comm,200,1613748,2025 10.9 Sub Comm.pdf,2025,no
Holbrook,https://www.holbrookma.gov/DocumentCenter/View/1342/2025-109-Sub-Comm?bidId=,200,1613748,2025 10.9 Sub Comm.pdf,2025,no
Holbrook,https://www.holbrookma.gov/DocumentCenter/View/1344/2025-1008-COA,200,1614941,2025 10.08 COA.pdf,2025,no
Holbrook,https://www.holbrookma.gov/DocumentCenter/View/1344/2025-1008-COA?bidId=,200,1614941,2025 10.08 COA.pdf,2025,no
Holbrook,https://www.holbrookma.gov/DocumentCenter/View/1346/2025-101-BOS,200,1522128,2025 10.1 BOS.pdf,2025,no
Holbrook,https://www.holbrookma.gov/DocumentCenter/View/1346/2025-101-BOS?bidId=,200,1522128,2025 10.1 BOS.pdf,2025,no
Holbrook,https://www.holbrookma.gov/DocumentCenter/View/1347/2025-101-BOS-Amended,200,1521812,2025 10.1 BOS Amended.pdf,2025,no
Holbrook,https://www.holbrookma.gov/DocumentCenter/View/1347/2025-101-BOS-Amended?bidId=,200,1521812,2025 10.1 BOS Amended.pdf,2025,no
Holbrook,https://www.holbrookma.gov/DocumentCenter/View/135/Employee-Emergency-Contract-Form-PDF,200,139880,Employee Emergency Contract Form (PDF).pdf,,no
Holbrook,https://www.holbrookma.gov/DocumentCenter/View/1350/2025-108-HCC,200,1614770,2025 10.8 HCC.pdf,2025,no
Holbrook,https://www.holbrookma.gov/DocumentCenter/View/1350/2025-108-HCC?bidId=,200,1614770,2025 10.8 HCC.pdf,2025,no
Holbrook,https://www.holbrookma.gov/DocumentCenter/View/1351/2025-106-ConCom,200,2679099,2025 10.6 ConCom.pdf,2025,no
Holbrook,https://www.holbrookma.gov/DocumentCenter/View/1351/2025-106-ConCom?bidId=,200,2679099,2025 10.6 ConCom.pdf,2025,no
Holbrook,https://www.holbrookma.gov/DocumentCenter/View/1353/h2O-flushing-memo,200,66375,h2O flushing memo.pdf,,no
Holbrook,https://www.holbrookma.gov/DocumentCenter/View/1357/2025-1014-Cap-Impr,200,1614048,2025 10.14 Cap Impr.pdf,2025,no
Holbrook,https://www.holbrookma.gov/DocumentCenter/View/1357/2025-1014-Cap-Impr?bidId=,200,1614048,2025 10.14 Cap Impr.pdf,2025,no
Holbrook,https://www.holbrookma.gov/DocumentCenter/View/136/Employee-GIC-Acknowledgement-form-PDF,200,709270,Employee GIC Acknowledgement form (PDF).pdf,,no
Holbrook,https://www.holbrookma.gov/DocumentCenter/View/1360/Hazardous-Waste-Day-Flyer,200,200068,Hazardous Waste Day Flyer.pdf,,no
Holbrook,https://www.holbrookma.gov/DocumentCenter/View/1360/Hazardous-Waste-Day-Flyer?bidId=,200,200068,Hazardous Waste Day Flyer.pdf,,no
Holbrook,https://www.holbrookma.gov/DocumentCenter/View/1361/2025-1014-Planning-Bd,200,2679926,2025 10.14 Planning Bd.pdf,2025,no
Holbrook,https://www.holbrookma.gov/DocumentCenter/View/1361/2025-1014-Planning-Bd?bidId=,200,2679926,2025 10.14 Planning Bd.pdf,2025,no
Holbrook,https://www.holbrookma.gov/DocumentCenter/View/1362/2025-1015-BOS,200,1522000,2025 10.15 BOS.pdf,2025,no
Holbrook,https://www.holbrookma.gov/DocumentCenter/View/1362/2025-1015-BOS?bidId=,200,1522000,2025 10.15 BOS.pdf,2025,no
Holbrook,https://www.holbrookma.gov/DocumentCenter/View/1363/2025-1016-HSC,200,1617977,2025 10.16 HSC.pdf,2025,no
Holbrook,https://www.holbrookma.gov/DocumentCenter/View/1363/2025-1016-HSC?bidId=,200,1617977,2025 10.16 HSC.pdf,2025,no
Holbrook,https://www.holbrookma.gov/DocumentCenter/View/1366/Opioid-Settlemt-Committee-Meeting-102025,200,29315,Opioid Settlemt Committee Meeting 10.20.25.pdf,,no
Holbrook,https://www.holbrookma.gov/DocumentCenter/View/1367/2025-1020-Library-Trustees,200,1517452,2025 10.20 Library Trustees.pdf,2025,no
Holbrook,https://www.holbrookma.gov/DocumentCenter/View/1367/2025-1020-Library-Trustees?bidId=,200,1517452,2025 10.20 Library Trustees.pdf,2025,no
Holbrook,https://www.holbrookma.gov/DocumentCenter/View/1370/2025-1021-BHR-DSC-Meeting,200,105670,2025 10.21 BHR DSC Meeting.pdf,2025,no
Holbrook,https://www.holbrookma.gov/DocumentCenter/View/1370/2025-1021-BHR-DSC-Meeting?bidId=,200,105670,2025 10.21 BHR DSC Meeting.pdf,2025,no
Holbrook,https://www.holbrookma.gov/DocumentCenter/View/1372/2025-1021-Cap-Impr,200,1757641,2025 10.21 Cap Impr.pdf,2025,no
Holbrook,https://www.holbrookma.gov/DocumentCenter/View/1372/2025-1021-Cap-Impr?bidId=,200,1757641,2025 10.21 Cap Impr.pdf,2025,no
Holbrook,https://www.holbrookma.gov/DocumentCenter/View/1373/2025-1023-Cap-Impr,200,1613617,2025 10.23 Cap Impr.pdf,2025,no
Holbrook,https://www.holbrookma.gov/DocumentCenter/View/1373/2025-1023-Cap-Impr?bidId=,200,1613617,2025 10.23 Cap Impr.pdf,2025,no
Holbrook,https://www.holbrookma.gov/DocumentCenter/View/1374/2025-1021-BOH,200,1710498,2025 10.21 BOH.pdf,2025,no
Holbrook,https://www.holbrookma.gov/DocumentCenter/View/1374/2025-1021-BOH?bidId=,200,1710498,2025 10.21 BOH.pdf,2025,no
Holbrook,https://www.holbrookma.gov/DocumentCenter/View/1375/2025-1023-Fincom,200,1613695,2025 10.23 Fincom.pdf,2025,no
Holbrook,https://www.holbrookma.gov/DocumentCenter/View/1375/2025-1023-Fincom?bidId=,200,1613695,2025 10.23 Fincom.pdf,2025,no
Holbrook,https://www.holbrookma.gov/DocumentCenter/View/1380/2025-1022-BOS,200,1520123,2025 10.22 BOS.pdf,2025,no
Holbrook,https://www.holbrookma.gov/DocumentCenter/View/1380/2025-1022-BOS?bidId=,200,1520123,2025 10.22 BOS.pdf,2025,no
Holbrook,https://www.holbrookma.gov/DocumentCenter/View/1381/Assistant-Fire-Chief-job-posting,200,553212,Assistant Fire Chief job posting.pdf,,no
Holbrook,https://www.holbrookma.gov/DocumentCenter/View/1381/Assistant-Fire-Chief-job-posting?bidId=,200,553212,Assistant Fire Chief job posting.pdf,,no
Holbrook,https://www.holbrookma.gov/DocumentCenter/View/1384/2025-1028-BOA,200,1613789,2025 10.28 BOA.pdf,2025,no
Holbrook,https://www.holbrookma.gov/DocumentCenter/View/1384/2025-1028-BOA?bidId=,200,1613789,2025 10.28 BOA.pdf,2025,no
Holbrook,https://www.holbrookma.gov/DocumentCenter/View/1385/2025-1027-ConCom,200,2679235,2025 10.27 ConCom.pdf,2025,no
Holbrook,https://www.holbrookma.gov/DocumentCenter/View/1385/2025-1027-ConCom?bidId=,200,2679235,2025 10.27 ConCom.pdf,2025,no
Holbrook,https://www.holbrookma.gov/DocumentCenter/View/1386/2025-928-Joint-Water,200,1709744,2025 9.28 Joint Water.pdf,2025,no
Holbrook,https://www.holbrookma.gov/DocumentCenter/View/1386/2025-928-Joint-Water?bidId=,200,1709744,2025 9.28 Joint Water.pdf,2025,no
Holbrook,https://www.holbrookma.gov/DocumentCenter/View/1387/2025-1029-BOS,200,1520256,2025 10.29 BOS.pdf,2025,no
Holbrook,https://www.holbrookma.gov/DocumentCenter/View/1387/2025-1029-BOS?bidId=,200,1520256,2025 10.29 BOS.pdf,2025,no
Holbrook,https://www.holbrookma.gov/DocumentCenter/View/1392/2025-1028-H2O-flushing-schedule-updated,200,381752,2025 10.28 H2O flushing schedule updated.pdf,2025,no
Holbrook,https://www.holbrookma.gov/DocumentCenter/View/1392/2025-1028-H2O-flushing-schedule-updated?bidId=,200,381752,2025 10.28 H2O flushing schedule updated.pdf,2025,no
Holbrook,https://www.holbrookma.gov/DocumentCenter/View/1397/2025-1118-Emergency-Mng-Agency,200,1614288,2025 11.18 Emergency Mng Agency.pdf,2025,no
Holbrook,https://www.holbrookma.gov/DocumentCenter/View/1397/2025-1118-Emergency-Mng-Agency?bidId=,200,1614288,2025 11.18 Emergency Mng Agency.pdf,2025,no
Holbrook,https://www.holbrookma.gov/DocumentCenter/View/1398/2025-114-Planning-Bd,200,1516692,2025 11.4 Planning Bd.pdf,2025,no
Holbrook,https://www.holbrookma.gov/DocumentCenter/View/1398/2025-114-Planning-Bd?bidId=,200,1516692,2025 11.4 Planning Bd.pdf,2025,no
Holbrook,https://www.holbrookma.gov/DocumentCenter/View/1400/11325-Fincom-Agenda,200,1617804,11.3.25 Fincom Agenda.pdf,,no
Holbrook,https://www.holbrookma.gov/DocumentCenter/View/1400/11325-Fincom-Agenda?bidId=,200,1617804,11.3.25 Fincom Agenda.pdf,,no
Holbrook,https://www.holbrookma.gov/DocumentCenter/View/1404/Yard-Waste-Pick-Up-Fall-2025,200,216850,Yard Waste Pick-Up Fall 2025.pdf,2025,no
Holbrook,https://www.holbrookma.gov/DocumentCenter/View/1404/Yard-Waste-Pick-Up-Fall-2025?bidId=,200,216850,Yard Waste Pick-Up Fall 2025.pdf,2025,no
Holbrook,https://www.holbrookma.gov/DocumentCenter/View/1406/2025-115-BOS,200,1521061,2025 11.5 BOS.pdf,2025,no
Holbrook,https://www.holbrookma.gov/DocumentCenter/View/1406/2025-115-BOS?bidId=,200,1521061,2025 11.5 BOS.pdf,2025,no
Holbrook,https://www.holbrookma.gov/DocumentCenter/View/1407/2025-114-H2O-flushing-schedule-updated,200,382845,2025 11.4 H2O flushing schedule updated.pdf,2025,no
Holbrook,https://www.holbrookma.gov/DocumentCenter/View/1407/2025-114-H2O-flushing-schedule-updated?bidId=,200,382845,2025 11.4 H2O flushing schedule updated.pdf,2025,no
Holbrook,https://www.holbrookma.gov/DocumentCenter/View/1410/2025-1110-Bd-of-Library-Trustees,200,1517786,2025 11.10 Bd of Library Trustees.pdf,2025,no
Holbrook,https://www.holbrookma.gov/DocumentCenter/View/1410/2025-1110-Bd-of-Library-Trustees?bidId=,200,1517786,2025 11.10 Bd of Library Trustees.pdf,2025,no
Holbrook,https://www.holbrookma.gov/DocumentCenter/View/1411/2025-1110-BOH,200,1709799,2025 11.10 BOH.pdf,2025,no
Holbrook,https://www.holbrookma.gov/DocumentCenter/View/1411/2025-1110-BOH?bidId=,200,1709799,2025 11.10 BOH.pdf,2025,no
Holbrook,https://www.holbrookma.gov/DocumentCenter/View/1412/Holbrook-STM-Warrant-111925,200,2329928,Holbrook STM Warrant 11.5.25.pdf,,no
Holbrook,https://www.holbrookma.gov/DocumentCenter/View/1417/2025-1119-STM-Warrant,200,607398,2025 11.19 STM Warrant.pdf,2025,no
Holbrook,https://www.holbrookma.gov/DocumentCenter/View/1417/2025-1119-STM-Warrant?bidId=,200,607398,2025 11.19 STM Warrant.pdf,2025,no
Holbrook,https://www.holbrookma.gov/DocumentCenter/View/1418/2025-1113-BOS,200,1520187,2025 11.13 BOS.pdf,2025,no
Holbrook,https://www.holbrookma.gov/DocumentCenter/View/1418/2025-1113-BOS?bidId=,200,1520187,2025 11.13 BOS.pdf,2025,no
Holbrook,https://www.holbrookma.gov/DocumentCenter/View/1419/2025-123-ZBA,200,1584078,2025 12.3 ZBA.pdf,2025,no
Holbrook,https://www.holbrookma.gov/DocumentCenter/View/1419/2025-123-ZBA?bidId=,200,1584078,2025 12.3 ZBA.pdf,2025,no
Holbrook,https://www.holbrookma.gov/DocumentCenter/View/142/Altus-Dental-Benefits-Summary-PDF,200,1349332,Altus Dental Benefits Summary (PDF).pdf,,no
Holbrook,https://www.holbrookma.gov/DocumentCenter/View/1420/2025-1113-HHA,200,1615738,2025 11.13 HHA.pdf,2025,no
Holbrook,https://www.holbrookma.gov/DocumentCenter/View/1420/2025-1113-HHA?bidId=,200,1615738,2025 11.13 HHA.pdf,2025,no
Holbrook,https://www.holbrookma.gov/DocumentCenter/View/1421/2025-1112-COA,200,1614390,2025 11.12 COA.pdf,2025,no
Holbrook,https://www.holbrookma.gov/DocumentCenter/View/1421/2025-1112-COA?bidId=,200,1614390,2025 11.12 COA.pdf,2025,no
Holbrook,https://www.holbrookma.gov/DocumentCenter/View/1423/2025-1119-COA,200,1614377,2025 11.19 COA.pdf,2025,no
Holbrook,https://www.holbrookma.gov/DocumentCenter/View/1426/2025-1118-HCC,200,1613761,2025 11.18 HCC.pdf,2025,no
Holbrook,https://www.holbrookma.gov/DocumentCenter/View/1426/2025-1118-HCC?bidId=,200,1613761,2025 11.18 HCC.pdf,2025,no
Holbrook,https://www.holbrookma.gov/DocumentCenter/View/1427/2025-1117-ConCom,200,2625888,2025 11.17 ConCom.pdf,2025,no
Holbrook,https://www.holbrookma.gov/DocumentCenter/View/1427/2025-1117-ConCom?bidId=,200,2625888,2025 11.17 ConCom.pdf,2025,no
Holbrook,https://www.holbrookma.gov/DocumentCenter/View/1428/2025-1120-HSC,200,1619531,2025 11.20 HSC.pdf,2025,no
Holbrook,https://www.holbrookma.gov/DocumentCenter/View/1428/2025-1120-HSC?bidId=,200,1619531,2025 11.20 HSC.pdf,2025,no
Holbrook,https://www.holbrookma.gov/DocumentCenter/View/1429/2025-1120-HSC-Revised,200,1619685,2025 11.20 HSC Revised.pdf,2025,no
Holbrook,https://www.holbrookma.gov/DocumentCenter/View/1429/2025-1120-HSC-Revised?bidId=,200,1619685,2025 11.20 HSC Revised.pdf,2025,no
Holbrook,https://www.holbrookma.gov/DocumentCenter/View/143/Boston-Mutual-Basic-Group-Life-Insurance-Benefit-Summary-PDF,200,412585,Boston Mutual Basic Group Life Insurance Benefit Summary (PDF).pdf,,no
Holbrook,https://www.holbrookma.gov/DocumentCenter/View/1431/2025-1118-Planning-Board,200,2679152,2025 11.18 Planning Board.pdf,2025,no
Holbrook,https://www.holbrookma.gov/DocumentCenter/View/1431/2025-1118-Planning-Board?bidId=,200,2679152,2025 11.18 Planning Board.pdf,2025,no
Holbrook,https://www.holbrookma.gov/DocumentCenter/View/1432/2025-1118-Planning-Bd-revised,200,2679367,2025 11.18 Planning Bd revised.pdf,2025,no
Holbrook,https://www.holbrookma.gov/DocumentCenter/View/1432/2025-1118-Planning-Bd-revised?bidId=,200,2679367,2025 11.18 Planning Bd revised.pdf,2025,no
Holbrook,https://www.holbrookma.gov/DocumentCenter/View/1433/2025-1119-FinCom,200,1613548,2025 11.19 FinCom.pdf,2025,no
Holbrook,https://www.holbrookma.gov/DocumentCenter/View/1435/2025-1119-TMM-caucus?bidId=,200,1613657,2025 11.19 TMM caucus.pdf,2025,no
Holbrook,https://www.holbrookma.gov/DocumentCenter/View/1436/2025-1119-BOS,200,1520621,2025 11.19 BOS.pdf,2025,no
Holbrook,https://www.holbrookma.gov/DocumentCenter/View/1436/2025-1119-BOS?bidId=,200,1520621,2025 11.19 BOS.pdf,2025,no
Holbrook,https://www.holbrookma.gov/DocumentCenter/View/1439/SB-Agenda-111925-amended,200,43139,SB Agenda 11.19.25 amended.pdf,,no
Holbrook,https://www.holbrookma.gov/DocumentCenter/View/144/Colonial-Life-Insurance-Supplemental-PDF,200,561652,Colonial Life Insurance Supplemental (PDF).pdf,,no
Holbrook,https://www.holbrookma.gov/DocumentCenter/View/1443/2025-1210-COA,200,1614596,2025 12.10 COA.pdf,2025,no
Holbrook,https://www.holbrookma.gov/DocumentCenter/View/1443/2025-1210-COA?bidId=,200,1614596,2025 12.10 COA.pdf,2025,no
Holbrook,https://www.holbrookma.gov/DocumentCenter/View/1446/2025-123-BOS,200,1521139,2025 12.3 BOS.pdf,2025,no
Holbrook,https://www.holbrookma.gov/DocumentCenter/View/1446/2025-123-BOS?bidId=,200,1521139,2025 12.3 BOS.pdf,2025,no
Tisbury,https://tisburyma.gov/DocumentCenter/View/1322/UMB-Collins---Financial-Assessment-,200,2899842,UMB Collins Tisbury - Financial Assessment FINAL 02-25-2026.pdf,2026,no
Tisbury,https://tisburyma.gov/DocumentCenter/View/383/Residential-Exemption-Information-FY26-PDF?bidId=,200,2529477,QUALIFICATION PARAMETERS_202602121131413929.pdf,,no
Tisbury,https://www.tisburyma.gov/ArchiveCenter/ViewFile/Item/167,200,44184407,TOWN REPORT 2024 FOR WEB.pdf,2024,yes
Tisbury,https://www.tisburyma.gov/DocumentCenter/View/1177/TZBL_Publication_Ready_November-14-2025pdf,200,1189086,"TZBL_Publication_Ready_November 14, 2025_202601200903449377.pdf",2025,no
Tisbury,https://www.tisburyma.gov/DocumentCenter/View/1191/2025-05-19-Site-Plan,200,432038,2025-05-19 Site Plan.pdf,2025,no
Tisbury,https://www.tisburyma.gov/DocumentCenter/View/1191/2025-05-19-Site-Plan?bidId=,200,432038,2025-05-19 Site Plan.pdf,2025,no
Tisbury,https://www.tisburyma.gov/DocumentCenter/View/136/Cemetery-Regulations-PDF,200,165264,Cemetery Regulations (PDF).pdf,,no
Tisbury,https://www.tisburyma.gov/DocumentCenter/View/137/Disaster-Preparedness-for-Pets-PDF,200,773825,Disaster Preparedness for Pets (PDF).pdf,,no
Tisbury,https://www.tisburyma.gov/DocumentCenter/View/138/Dog-License-Form-PDF,200,281232,Dog License Form (PDF).pdf,,no
Tisbury,https://www.tisburyma.gov/DocumentCenter/View/140/Horse-Emergency-PDF,200,191409,Horse Emergency (PDF).pdf,,no
Tisbury,https://www.tisburyma.gov/DocumentCenter/View/141/Horses-PDF,200,127316,Horses (PDF).pdf,,no
Tisbury,https://www.tisburyma.gov/DocumentCenter/View/147/Short-Term-Rental-Regulations-PDF,200,465251,Short Term Rental Regulations (PDF).pdf,,no
Tisbury,https://www.tisburyma.gov/DocumentCenter/View/148/Tent-Requirements-PDF,200,106590,Tent Requirements (PDF).pdf,,no
Tisbury,https://www.tisburyma.gov/DocumentCenter/View/149/Tisbury-Zoning-Bylaws-PDF,200,1168615,Tisbury Zoning Bylaws (PDF).pdf,,no
Tisbury,https://www.tisburyma.gov/DocumentCenter/View/150/Building-Department-Fee-Schedule-PDF,200,135144,Building Department Fee Schedule (PDF).pdf,,no
Tisbury,https://www.tisburyma.gov/DocumentCenter/View/151/Homeowner-Exemption-Affidavit-PDF,200,130418,Homeowner Exemption Affidavit (PDF).pdf,,no
Tisbury,https://www.tisburyma.gov/DocumentCenter/View/152/Property-Owner-Authorization-Form-PDF,200,111339,Property Owner Authorization Form (PDF).pdf,,no
Tisbury,https://www.tisburyma.gov/DocumentCenter/View/155/Workers-Compensation-Affidavit-PDF,200,131725,Workers Compensation Affidavit (PDF).pdf,,no
Tisbury,https://www.tisburyma.gov/DocumentCenter/View/156/Map-of-Town-of-Tisbury-Circuits-PDF,200,353764,Map of Town of Tisbury Circuits (PDF).pdf,,no
Tisbury,https://www.tisburyma.gov/DocumentCenter/View/157/Notification-Letter-PDF,200,108175,Notification Letter (PDF).pdf,,no
Tisbury,https://www.tisburyma.gov/DocumentCenter/View/158/Revised-Plan-PDF,200,210457,Revised Plan (PDF).pdf,,no
Tisbury,https://www.tisburyma.gov/DocumentCenter/View/159/Eversource-Energy-Circuit-4-91-228-Map-PDF,200,1371343,Eversource Energy Circuit 4-91-228 Map (PDF).pdf,,no
Tisbury,https://www.tisburyma.gov/DocumentCenter/View/161/DPW-Pavement-Management-Plan-PDF,200,122628,DPW Pavement Management Plan (PDF).pdf,,no
Tisbury,https://www.tisburyma.gov/DocumentCenter/View/163/Town-Accepted-Roads-PDF,200,243486,Town Accepted Roads (PDF).pdf,,no
Tisbury,https://www.tisburyma.gov/DocumentCenter/View/164/Winter-Storm-Information-PDF,200,166547,Winter Storm Information (PDF).pdf,,no
Tisbury,https://www.tisburyma.gov/DocumentCenter/View/1643/June-2-2026-Ballot,200,109886,"June 2, 2026 Ballot.pdf",2026,no
Tisbury,https://www.tisburyma.gov/DocumentCenter/View/171/Special-Events-Application-PDF,200,36328,Special Events Park Use Application 2026_202604160808197126.pdf,2026,no
Tisbury,https://www.tisburyma.gov/DocumentCenter/View/173/New-State-Road-Sewer-District-Map-PDF,200,316322,New State Road Sewer District Map (PDF).pdf,,no
Tisbury,https://www.tisburyma.gov/DocumentCenter/View/174/New-State-Road-Sewer-District-Slideshow-PDF,200,4330673,New State Road Sewer District Slideshow (PDF).pdf,,no
Tisbury,https://www.tisburyma.gov/DocumentCenter/View/178/Tisbury-Sewer-System-Map-2018-PDF,200,4055820,Tisbury Sewer System Map 2018 (PDF).pdf,2018,no
Tisbury,https://www.tisburyma.gov/DocumentCenter/View/179/Wastewater-Bill-Abatement-Requirements-PDF,200,107882,Wastewater Bill Abatement Requirements (PDF).pdf,,no
Tisbury,https://www.tisburyma.gov/DocumentCenter/View/180/Wastewater-Customer-Rates-Fiscal-Year-2023-PDF,200,221112,Wastewater Customer Rates Fiscal Year 2023 (PDF).pdf,2023,no
Tisbury,https://www.tisburyma.gov/DocumentCenter/View/181/Wastewater-Regulations-PDF,200,226637,Wastewater Regulations (PDF).pdf,,no
Tisbury,https://www.tisburyma.gov/DocumentCenter/View/182/Abatement-Meter-Application-Form-PDF,200,266784,Abatement Meter Application Form (PDF).pdf,,no
Tisbury,https://www.tisburyma.gov/DocumentCenter/View/183/Abatement-Meter-Policy-PDF,200,361710,Abatement Meter Policy (PDF).pdf,,no
Tisbury,https://www.tisburyma.gov/DocumentCenter/View/187/Article-6---Final-PDF,200,106956,Article 6 - Final (PDF).pdf,,no
Tisbury,https://www.tisburyma.gov/DocumentCenter/View/188/Article-5---Final-PDF,200,240660,Article 5 - Final (PDF).pdf,,no
Tisbury,https://www.tisburyma.gov/DocumentCenter/View/189/Fee-Schedule-and-Procedure-PDF,200,462116,Fee Schedule and Procedure (PDF).pdf,,no
Tisbury,https://www.tisburyma.gov/DocumentCenter/View/190/Reservation-Information-PDF,200,372630,Reservation Information (PDF).pdf,,no
Tisbury,https://www.tisburyma.gov/DocumentCenter/View/191/Select-Board-Special-Events-Guidelines-and-Procedures-Policy-PDF,200,311662,Select Board Special Events Guidelines and Procedures Policy (PDF).pdf,,no
Tisbury,https://www.tisburyma.gov/DocumentCenter/View/192/Site-Information-PDF,200,453320,Site Information (PDF).pdf,,no
Tisbury,https://www.tisburyma.gov/DocumentCenter/View/193/Opening-Burning-in-Tisbury-PDF,200,216996,Opening Burning in Tisbury (PDF).pdf,,no
Tisbury,https://www.tisburyma.gov/DocumentCenter/View/201/Harbor-Information-Brochure-PDF,200,305081,Harbor Information Brochure (PDF).pdf,,no
Tisbury,https://www.tisburyma.gov/DocumentCenter/View/263/Commercial-Shellfish-Application-PDF,200,109600,Commercial Shellfish Application (PDF).pdf,,no
Tisbury,https://www.tisburyma.gov/DocumentCenter/View/264/Family-Shellfish-Day-2022-PDF,200,517432,Family Shellfish Day 2022 (PDF).pdf,2022,no
Tisbury,https://www.tisburyma.gov/DocumentCenter/View/265/Family-Shellfish-Tips-PDF,200,466504,Family Shellfish Tips (PDF).pdf,,no
Tisbury,https://www.tisburyma.gov/DocumentCenter/View/266/Lagoon-Pond---Redefinition-and-Status-Change-PDF,200,412033,Lagoon Pond - Redefinition and Status Change (PDF).pdf,,no
Tisbury,https://www.tisburyma.gov/DocumentCenter/View/267/Massachusetts-Division-of-Marine-Fisheries--Lake-Tashmoo-Eelgrass-Survey-2022-PDF,200,5086734,Massachusetts Division of Marine Fisheries- Lake Tashmoo Eelgrass Survey 2022 (PDF).pdf,2022,no
Tisbury,https://www.tisburyma.gov/DocumentCenter/View/268/Safe-Shellfish-Brochure-PDF,200,1118078,Safe Shellfish Brochure (PDF).pdf,,no
Tisbury,https://www.tisburyma.gov/DocumentCenter/View/269/Shellfish-Aquaculture-Regulations-PDF,200,3510151,Shellfish Aquaculture Regulations (PDF).pdf,,no
Tisbury,https://www.tisburyma.gov/DocumentCenter/View/270/Shellfish-Aquaculture-Regulations-Application-PDF,200,531571,Shellfish Aquaculture Regulations Application (PDF).pdf,,no
Tisbury,https://www.tisburyma.gov/DocumentCenter/View/271/Shellfish-Regulations-PDF,200,265551,Shellfish Regulations (PDF).pdf,,no
Tisbury,https://www.tisburyma.gov/DocumentCenter/View/272/Tashmoo---Reclassification-Redefinition-PDF,200,214142,Tashmoo - Reclassification Redefinition (PDF).pdf,,no
Tisbury,https://www.tisburyma.gov/DocumentCenter/View/273/Tisbury-Shellfish-Department--History-and-Water-Quality-PDF,200,5310103,Tisbury Shellfish Department- History and Water Quality (PDF).pdf,,no
Tisbury,https://www.tisburyma.gov/DocumentCenter/View/274/Scallop-Seed-PDF,200,322740,Scallop Seed (PDF).pdf,,no
Tisbury,https://www.tisburyma.gov/DocumentCenter/View/277/Sample-Ballot-PDF,200,225661,Sample Ballot (PDF).pdf,,no
Tisbury,https://www.tisburyma.gov/DocumentCenter/View/278/Town-Bylaws-and-Regulations-PDF,200,1172644,Town Bylaws and Regulations (PDF).pdf,,no
Tisbury,https://www.tisburyma.gov/DocumentCenter/View/348/EOE-PDF,200,202729,EOE (PDF).pdf,,no
Tisbury,https://www.tisburyma.gov/DocumentCenter/View/351/General-Union-Agreement-PDF,200,1802832,General Union Agreemen (PDF).pdf,,no
Tisbury,https://www.tisburyma.gov/DocumentCenter/View/352/Police-Union-Agreement-PDF,200,2222588,Police Union Agreement (PDF).pdf,,no
Tisbury,https://www.tisburyma.gov/DocumentCenter/View/354/Sick-Leave-Bank-Policy-PDF,200,936671,Sick Leave Bank Policy (PDF).pdf,,no
Tisbury,https://www.tisburyma.gov/DocumentCenter/View/355/Social-Networking-PDF,200,552472,Social Networking (PDF).pdf,,no
Tisbury,https://www.tisburyma.gov/DocumentCenter/View/356/State-Policy-PDF,200,1116564,State Policy (PDF).pdf,,no
Tisbury,https://www.tisburyma.gov/DocumentCenter/View/357/Unpaid-Leaves-of-Absence-PDF,200,221083,Unpaid Leaves of Absence (PDF).pdf,,no
Tisbury,https://www.tisburyma.gov/DocumentCenter/View/358/Vacation-Leave-PDF,200,106658,Vacation Leave (PDF).pdf,,no
Tisbury,https://www.tisburyma.gov/DocumentCenter/View/359/Vehicle-Policy-PDF,200,73372,Vehcile Policy (PDF).pdf,,no
Tisbury,https://www.tisburyma.gov/DocumentCenter/View/360/Workplace-Conduct-PDF,200,335395,Work Place Conduct Adopted 10.24.25_202601131309353480.pdf,,no
Tisbury,https://www.tisburyma.gov/DocumentCenter/View/362/Attendance-PDF,200,225028,Attendance (PDF).pdf,,no
Tisbury,https://www.tisburyma.gov/DocumentCenter/View/363/Benefits-Policy-PDF,200,238169,Benefits Policy (PDF).pdf,,no
Tisbury,https://www.tisburyma.gov/DocumentCenter/View/364/Classification-and-Compensation-Policy-PDF,200,1200206,Classification and Compensation Policy (PDF).pdf,,no
Tisbury,https://www.tisburyma.gov/DocumentCenter/View/365/CORI-PDF,200,956507,CORI (PDF).pdf,,no
Tisbury,https://www.tisburyma.gov/DocumentCenter/View/366/Discipline-PDF,200,957318,Discipline (PDF).pdf,,no
Tisbury,https://www.tisburyma.gov/DocumentCenter/View/367/Discrimination-Prevention-Policy-PDF,200,1252910,Discrimination Prevention Policy (PDF).pdf,,no
Tisbury,https://www.tisburyma.gov/DocumentCenter/View/368/Dress-Code-PDF,200,284097,Dress Code (PDF).pdf,,no
Tisbury,https://www.tisburyma.gov/DocumentCenter/View/370/EOE-PDF,200,202729,EOE (PDF).pdf,,no
Tisbury,https://www.tisburyma.gov/DocumentCenter/View/371/Hours-of-work-PDF,200,393462,Hours of work (PDF).pdf,,no
Tisbury,https://www.tisburyma.gov/DocumentCenter/View/373/Nepotism-PDF,200,628668,Nepotism (PDF).pdf,,no
Tisbury,https://www.tisburyma.gov/DocumentCenter/View/374/Orientation-and-Probation-PDF,200,368989,Orientation and Probation (PDF).pdf,,no
Tisbury,https://www.tisburyma.gov/DocumentCenter/View/375/Recruitment-and-Appointment-Policy-PDF,200,1343689,Recruitment and Appointment Policy (PDF).pdf,,no
Tisbury,https://www.tisburyma.gov/DocumentCenter/View/376/Sexual-Harassment-Policy-PDF,200,1111824,Sexual Harassment Policy (PDF).pdf,,no
Tisbury,https://www.tisburyma.gov/DocumentCenter/View/377/Sick-Leave-PDF,200,912749,Sick Leave (PDF).pdf,,no
Tisbury,https://www.tisburyma.gov/DocumentCenter/View/379/Income-to-Rent-Relationship-PDF,200,165370,Income to Rent Relationship (PDF).pdf,,no
Tisbury,https://www.tisburyma.gov/DocumentCenter/View/383/Residential-Exemption-Information-FY23-PDF,200,2529477,QUALIFICATION PARAMETERS_202602121131413929.pdf,,no
Tisbury,https://www.tisburyma.gov/DocumentCenter/View/384/Sales-Calendar-Year-2020-and-2021-PDF,200,36898,2023 and 2024 Sales_202602121238055869.xlsx,2024,no
Tisbury,https://www.tisburyma.gov/DocumentCenter/View/388/Chapter-Land-Booklet-New-PDF,200,458770,Chapter Land Booklet (New) (PDF).pdf,,no
Tisbury,https://www.tisburyma.gov/DocumentCenter/View/394/Fee-Schedule-and-Procedure-PDF,200,462116,Fee Schedule and Procedure (PDF).pdf,,no
Tisbury,https://www.tisburyma.gov/DocumentCenter/View/395/Reservation-Information-PDF,200,372630,Reservation Information (PDF).pdf,,no
Tisbury,https://www.tisburyma.gov/DocumentCenter/View/396/Select-Board-Special-Events-Guidelines-and-Procedures-Policy-PDF,200,311662,Select Board Special Events Guidelines and Procedures Policy (PDF).pdf,,no
Tisbury,https://www.tisburyma.gov/DocumentCenter/View/397/Site-Information-PDF,200,453320,Site Information (PDF).pdf,,no
Tisbury,https://www.tisburyma.gov/DocumentCenter/View/398/Map-12-PDF,200,520479,Map 12 (PDF).pdf,,no
Tisbury,https://www.tisburyma.gov/DocumentCenter/View/399/Map-13-PDF,200,383756,Map 13 (PDF).pdf,,no
Tisbury,https://www.tisburyma.gov/DocumentCenter/View/400/Map-14-PDF,200,588789,Map 14 (PDF).pdf,,no
Tisbury,https://www.tisburyma.gov/DocumentCenter/View/401/Map-15-PDF,200,529850,Map 15 (PDF).pdf,,no
Tisbury,https://www.tisburyma.gov/DocumentCenter/View/402/Map-16-PDF,200,481723,Map 16 (PDF).pdf,,no
Tisbury,https://www.tisburyma.gov/DocumentCenter/View/403/Map-17-PDF,200,304112,Map 17 (PDF).pdf,,no
Tisbury,https://www.tisburyma.gov/DocumentCenter/View/404/Map-18-PDF,200,342675,Map 18 (PDF).pdf,,no
Tisbury,https://www.tisburyma.gov/DocumentCenter/View/405/Map-19-PDF,200,478739,Map 19 (PDF).pdf,,no
Tisbury,https://www.tisburyma.gov/DocumentCenter/View/406/Map-20-PDF,200,502925,Map 20 (PDF).pdf,,no
Tisbury,https://www.tisburyma.gov/DocumentCenter/View/407/Map-21-PDF,200,533081,Map 21 (PDF).pdf,,no
Tisbury,https://www.tisburyma.gov/DocumentCenter/View/408/Map-22-PDF,200,419406,Map 22 (PDF).pdf,,no
Tisbury,https://www.tisburyma.gov/DocumentCenter/View/409/Map-23-PDF,200,480403,Map 23 (PDF).pdf,,no
Tisbury,https://www.tisburyma.gov/DocumentCenter/View/410/Map-24-PDF,200,441757,Map 24 (PDF).pdf,,no
Tisbury,https://www.tisburyma.gov/DocumentCenter/View/411/Map-25-PDF,200,476688,Map 25 (PDF).pdf,,no
Tisbury,https://www.tisburyma.gov/DocumentCenter/View/412/Map-26-PDF,200,417776,Map 26 (PDF).pdf,,no
Tisbury,https://www.tisburyma.gov/DocumentCenter/View/413/Map-27-PDF,200,492293,Map 27 (PDF).pdf,,no
Tisbury,https://www.tisburyma.gov/DocumentCenter/View/414/Map-28-PDF,200,469480,Map 28 (PDF).pdf,,no
Tisbury,https://www.tisburyma.gov/DocumentCenter/View/415/Map-29-PDF,200,466136,Map 29 (PDF).pdf,,no
Tisbury,https://www.tisburyma.gov/DocumentCenter/View/416/Map-30-PDF,200,408148,Map 30 (PDF).pdf,,no
Tisbury,https://www.tisburyma.gov/DocumentCenter/View/417/Map-31-PDF,200,396814,Map 31 (PDF).pdf,,no
Tisbury,https://www.tisburyma.gov/DocumentCenter/View/418/Map-32-PDF,200,291064,Map 32 (PDF).pdf,,no
Tisbury,https://www.tisburyma.gov/DocumentCenter/View/419/Map-33-PDF,200,327978,Map 33 (PDF).pdf,,no
Tisbury,https://www.tisburyma.gov/DocumentCenter/View/420/Map-34-PDF,200,434607,Map 34 (PDF).pdf,,no
Tisbury,https://www.tisburyma.gov/DocumentCenter/View/421/Map-35-PDF,200,412610,Map 35 (PDF).pdf,,no
Tisbury,https://www.tisburyma.gov/DocumentCenter/View/422/Map-36-PDF,200,432447,Map 36 (PDF).pdf,,no
Tisbury,https://www.tisburyma.gov/DocumentCenter/View/423/Map-37-PDF,200,325451,Map 37 (PDF).pdf,,no
Tisbury,https://www.tisburyma.gov/DocumentCenter/View/424/Map-38-PDF,200,363939,Map 38 (PDF).pdf,,no
Tisbury,https://www.tisburyma.gov/DocumentCenter/View/425/Map-39-PDF,200,406723,Map 39 (PDF).pdf,,no
Tisbury,https://www.tisburyma.gov/DocumentCenter/View/426/Map-40-PDF,200,329702,Map 40 (PDF).pdf,,no
Tisbury,https://www.tisburyma.gov/DocumentCenter/View/427/Map-41-PDF,200,338489,Map 41 (PDF).pdf,,no
Tisbury,https://www.tisburyma.gov/DocumentCenter/View/428/Map-42-PDF,200,341670,Map 42 (PDF).pdf,,no
Tisbury,https://www.tisburyma.gov/DocumentCenter/View/429/Map-43-PDF,200,256862,Map 43 (PDF).pdf,,no
Tisbury,https://www.tisburyma.gov/DocumentCenter/View/430/Map-44-PDF,200,318771,Map 44 (PDF).pdf,,no
Tisbury,https://www.tisburyma.gov/DocumentCenter/View/431/Map-45-PDF,200,300190,Map 45 (PDF).pdf,,no
Tisbury,https://www.tisburyma.gov/DocumentCenter/View/432/Map-46-PDF,200,239810,Map 46 (PDF).pdf,,no
Tisbury,https://www.tisburyma.gov/DocumentCenter/View/433/Map-47-PDF,200,220557,Map 47 (PDF).pdf,,no
Tisbury,https://www.tisburyma.gov/DocumentCenter/View/433/Map-47-PDF?bidId=,200,220557,Map 47 (PDF).pdf,,no
Tisbury,https://www.tisburyma.gov/DocumentCenter/View/434/Map-48-PDF,200,271971,Map 48 (PDF).pdf,,no
Tisbury,https://www.tisburyma.gov/DocumentCenter/View/435/Map-49-PDF,200,294415,Map 49 (PDF).pdf,,no
Tisbury,https://www.tisburyma.gov/DocumentCenter/View/435/Map-49-PDF?bidId=,200,294415,Map 49 (PDF).pdf,,no
Tisbury,https://www.tisburyma.gov/DocumentCenter/View/436/Map-50-PDF,200,269893,Map 50 (PDF).pdf,,no
Tisbury,https://www.tisburyma.gov/DocumentCenter/View/437/Map-51-PDF,200,272546,Map 51 (PDF).pdf,,no
Tisbury,https://www.tisburyma.gov/DocumentCenter/View/438/Map-52-PDF,200,318900,Map 52 (PDF).pdf,,no
Tisbury,https://www.tisburyma.gov/DocumentCenter/View/438/Map-52-PDF?bidId=,200,318900,Map 52 (PDF).pdf,,no
Tisbury,https://www.tisburyma.gov/DocumentCenter/View/439/Map-53-PDF,200,372157,Map 53 (PDF).pdf,,no
Tisbury,https://www.tisburyma.gov/DocumentCenter/View/440/Map-54-PDF,200,412378,Map 54 (PDF).pdf,,no
Tisbury,https://www.tisburyma.gov/DocumentCenter/View/441/Map-55-PDF,200,369762,Map 55 (PDF).pdf,,no
Tisbury,https://www.tisburyma.gov/DocumentCenter/View/442/Map-56-PDF,200,431752,Map 56 (PDF).pdf,,no
Tisbury,https://www.tisburyma.gov/DocumentCenter/View/443/Map-57-PDF,200,267729,Map 57 (PDF).pdf,,no
Tisbury,https://www.tisburyma.gov/DocumentCenter/View/444/Map-58-PDF,200,286542,Map 58 (PDF).pdf,,no
Tisbury,https://www.tisburyma.gov/DocumentCenter/View/445/Map-59-PDF,200,304284,Map 59 (PDF).pdf,,no
Tisbury,https://www.tisburyma.gov/DocumentCenter/View/446/Map-60-PDF,200,303226,Map 60 (PDF).pdf,,no
Tisbury,https://www.tisburyma.gov/DocumentCenter/View/447/Map-61-PDF,200,366432,Map 61 (PDF).pdf,,no
Tisbury,https://www.tisburyma.gov/DocumentCenter/View/448/Map-62-PDF,200,438349,Map 62 (PDF).pdf,,no
Tisbury,https://www.tisburyma.gov/DocumentCenter/View/449/Map-63-PDF,200,451376,Map 63 (PDF).pdf,,no
Tisbury,https://www.tisburyma.gov/DocumentCenter/View/449/Map-63-PDF?bidId=,200,451376,Map 63 (PDF).pdf,,no
Tisbury,https://www.tisburyma.gov/DocumentCenter/View/450/Map-64-PDF,200,468892,Map 64 (PDF).pdf,,no
Tisbury,https://www.tisburyma.gov/DocumentCenter/View/451/Map-65-PDF,200,479944,Map 65 (PDF).pdf,,no
Tisbury,https://www.tisburyma.gov/DocumentCenter/View/452/Map-66-PDF,200,426325,Map 66 (PDF).pdf,,no
Tisbury,https://www.tisburyma.gov/DocumentCenter/View/453/Index-Map-PDF,200,744811,Index Map (PDF).pdf,,no
Tisbury,https://www.tisburyma.gov/DocumentCenter/View/453/Index-Map-PDF?bidId=,200,744811,Index Map (PDF).pdf,,no
Tisbury,https://www.tisburyma.gov/DocumentCenter/View/454/Map-1-PDF,200,630494,Map 1 (PDF).pdf,,no
Tisbury,https://www.tisburyma.gov/DocumentCenter/View/455/Map-2-PDF,200,515950,Map 2 (PDF).pdf,,no
Tisbury,https://www.tisburyma.gov/DocumentCenter/View/456/Map-3-PDF,200,324937,Map 3 (PDF).pdf,,no
Tisbury,https://www.tisburyma.gov/DocumentCenter/View/457/Map-4-PDF,200,394464,Map 4 (PDF).pdf,,no
Tisbury,https://www.tisburyma.gov/DocumentCenter/View/457/Map-4-PDF?bidId=,200,394464,Map 4 (PDF).pdf,,no
Tisbury,https://www.tisburyma.gov/DocumentCenter/View/458/Map-5-PDF,200,397137,Map 5 (PDF).pdf,,no
Tisbury,https://www.tisburyma.gov/DocumentCenter/View/459/Map-6-PDF,200,308864,Map 6 (PDF).pdf,,no
Tisbury,https://www.tisburyma.gov/DocumentCenter/View/460/Map-7-PDF,200,391636,Map 7 (PDF).pdf,,no
Tisbury,https://www.tisburyma.gov/DocumentCenter/View/461/Map-8-PDF,200,518116,Map 8 (PDF).pdf,,no
Tisbury,https://www.tisburyma.gov/DocumentCenter/View/462/Map-9-PDF,200,393726,Map 9 (PDF).pdf,,no
Tisbury,https://www.tisburyma.gov/DocumentCenter/View/463/Map-10-PDF,200,243691,Map 10 (PDF).pdf,,no
Tisbury,https://www.tisburyma.gov/DocumentCenter/View/464/Map-11-PDF,200,303289,Map 11 (PDF).pdf,,no
Tisbury,https://www.tisburyma.gov/DocumentCenter/View/465/Map-11a-PDF,200,233486,Map 11a (PDF).pdf,,no
Tisbury,https://www.tisburyma.gov/DocumentCenter/View/466/Levy-Limit-Primer-PDF,200,150371,Levy Limit Primer (PDF).pdf,,no
Tisbury,https://www.tisburyma.gov/DocumentCenter/View/469/Residential-Exemption-Calculation-PDF,200,289986,Residential Exemption Calculation (PDF).pdf,,no
Tisbury,https://www.tisburyma.gov/DocumentCenter/View/470/Tax-Rate-History-Fiscal-Year-2022-PDF,200,29932,Tax Rate History Fiscal Year 2022 (PDF).pdf,2022,no
Tisbury,https://www.tisburyma.gov/DocumentCenter/View/471/Vessel-Information-PDF,200,111381,Vessel Information (PDF).pdf,,no
Tisbury,https://www.tisburyma.gov/DocumentCenter/View/473/Bidding-and-Procurement-Guidelines-PDF,200,423574,Bidding and Procurement Guidelines (PDF).pdf,,no
Tisbury,https://www.tisburyma.gov/DocumentCenter/View/475/Eligibility-Guidelines-for-Projects-PDF,200,294341,Eligibility Guidelines for Projects (PDF).pdf,,no
Tisbury,https://www.tisburyma.gov/DocumentCenter/View/476/How-to-Prepare-an-Application-PDF,200,863910,How to Prepare an Application (PDF).pdf,,no
Tisbury,https://www.tisburyma.gov/DocumentCenter/View/479/Secretary-of-Interior-Standards-for-Historic-Preservation-2017-PDF,200,18847255,Secretary of Interior Standards for Historic Preservation 2017 (PDF).pdf,2017,no
Tisbury,https://www.tisburyma.gov/DocumentCenter/View/486/Board-of-Health-Fee-Schedule-PDF,200,161907,Board of Health Fee Schedule (PDF).pdf,,no
Tisbury,https://www.tisburyma.gov/DocumentCenter/View/487/Cape-Cod-Nitrate-Issues-March-2013-PDF,200,6831494,Cape Cod Nitrate Issues March 2013 (PDF).pdf,2013,no
Tisbury,https://www.tisburyma.gov/DocumentCenter/View/488/Caring-for-your-Septic-System-PDF,200,116085,Caring for your Septic System (PDF).pdf,,no
Tisbury,https://www.tisburyma.gov/DocumentCenter/View/489/Nitrogen-Regulations-PDF,200,926774,Nitrogen Regulations (PDF).pdf,,no
Tisbury,https://www.tisburyma.gov/DocumentCenter/View/490/Proposed-Fats-Oils-Grease-Regulations-PDF,200,164621,"Proposed Fats, Oils, Grease Regulations (PDF).pdf",,no
Tisbury,https://www.tisburyma.gov/DocumentCenter/View/491/Tobacco-Control-Regulations-as-of-September-1-2019-PDF,200,110726,"Tobacco Control Regulations, as of September 1, 2019 (PDF).pdf",2019,no
Tisbury,https://www.tisburyma.gov/DocumentCenter/View/493/Section-095---Food-Service-Regulations-PDF,200,149106,Section 09.5 - Food Service Regulations (PDF).pdf,,no
Tisbury,https://www.tisburyma.gov/DocumentCenter/View/493/Section-095---Food-Service-Regulations-PDF?bidId=,200,149106,Section 09.5 - Food Service Regulations (PDF).pdf,,no
Tisbury,https://www.tisburyma.gov/DocumentCenter/View/494/Section-096---Uses-Sanitation-and-Nuisances-PDF,200,134266,"Section 09.6 - Uses, Sanitation, and Nuisances (PDF).pdf",,no
Tisbury,https://www.tisburyma.gov/DocumentCenter/View/494/Section-096---Uses-Sanitation-and-Nuisances-PDF?bidId=,200,134266,"Section 09.6 - Uses, Sanitation, and Nuisances (PDF).pdf",,no
Tisbury,https://www.tisburyma.gov/DocumentCenter/View/495/Section-097---Animal-Regulations-PDF,200,127672,Section 09.7 - Animal Regulations (PDF).pdf,,no
Tisbury,https://www.tisburyma.gov/DocumentCenter/View/496/Section-098---Campground-Regulations-PDF,200,137727,Section 09.8 - Campground Regulations (PDF).pdf,,no
Tisbury,https://www.tisburyma.gov/DocumentCenter/View/497/Section-0910---Special-Sanitary-Control-District-Overlay-PDF,200,180637,Section 09.10 - Special Sanitary Control District Overlay (PDF).pdf,,no
Tisbury,https://www.tisburyma.gov/DocumentCenter/View/498/Section-0911---Rules-and-Regulations-for-Body-Art-Establishments-and-Practitioners-PDF,200,318702,Section 09.11 - Rules and Regulations for Body Art Establishments and Practitioners (PDF).pdf,,no
Tisbury,https://www.tisburyma.gov/DocumentCenter/View/499/Section-0912---Tobacco-Control-Regulations-PDF,200,167456,Section 09.12 - Tobacco Control Regulations (PDF).pdf,,no
Tisbury,https://www.tisburyma.gov/DocumentCenter/View/501/Section-090---General-Regulations-and-Policies-PDF,200,174070,Section 09.0 - General Regulations and Policies (PDF).pdf,,no
Tisbury,https://www.tisburyma.gov/DocumentCenter/View/502/Section-092---Solid-Waste-Regulations-PDF,200,184767,Section 09.2 - Solid Waste Regulations (PDF).pdf,,no
Tisbury,https://www.tisburyma.gov/DocumentCenter/View/503/Section-093---Drugs-and-Water-Supply-Regulations-PDF,200,139116,Section 09.3 - Drugs and Water Supply Regulations (PDF).pdf,,no
Tisbury,https://www.tisburyma.gov/DocumentCenter/View/504/Section-094---Health-Protection-and-Disease-PDF,200,160364,Section 09.4 - Health Protection and Disease (PDF).pdf,,no
Tisbury,https://www.tisburyma.gov/DocumentCenter/View/509/Food-Employee-Reporting-Agreement-Form-PDF,200,206298,Food Employee Reporting Agreement Form (PDF).pdf,,no
Tisbury,https://www.tisburyma.gov/DocumentCenter/View/511/Vineyard-Haven-Harbor-DCPC-Regulations-PDF,200,139391,Vineyard Haven Harbor DCPC Regulations (PDF).pdf,,no
Tisbury,https://www.tisburyma.gov/DocumentCenter/View/512/Critical-Nitrogen-Loading-Threshold-for-the-Lake-Tashmoo-Estuary-Towns-of-Tisbury-West-Tisbury-and-Oak-Bluffs-MA-PDF,200,15792514,"Critical Nitrogen Loading Threshold for the Lake Tashmoo Estuary (Towns of Tisbury, West Tisbury and Oak Bluffs, MA) (PDF).pdf",,no
Tisbury,https://www.tisburyma.gov/DocumentCenter/View/513/Critical-Nitrogen-Loading-Thresholds-for-the-Lagoon-Pond-Embayment-System-Oak-Bluffs-and-Tisbury-Massachusetts-PDF,200,9449458,"Critical Nitrogen Loading Thresholds for the Lagoon Pond Embayment System (Oak Bluffs and Tisbury, Massachusetts) (PDF).pdf",,no
Tisbury,https://www.tisburyma.gov/DocumentCenter/View/525/Mosquito-Repellents-Fact-Sheet-PDF,200,107292,Mosquito Repellents Fact Sheet (PDF).pdf,,no
Tisbury,https://www.tisburyma.gov/DocumentCenter/View/532/Tisbury-Open-Space-and-Recreation-Plan-2019-PDF,200,39455722,Tisbury Open Space and Recreation Plan 2019 (PDF).pdf,2019,no
Tisbury,https://www.tisburyma.gov/DocumentCenter/View/538/Application-PDF,200,199683,Application (PDF).pdf,,no
Tisbury,https://www.tisburyma.gov/DocumentCenter/View/541/454-1-03-24-2020-Vineyard-Haven-Soundings-PDF,200,634035,454-1 03-24-2020 Vinyard Haven Soundings (PDF).pdf,2020,no
Tisbury,https://www.tisburyma.gov/DocumentCenter/View/546/Food-Truck-Regulations-PDF,200,492373,food_truck_august_15 (PDF).pdf,,no
Tisbury,https://www.tisburyma.gov/DocumentCenter/View/547/Hunting-Bylaw-PDF,200,215559,hunting_bylaw (PDF).pdf,,no
Somerset,https://townofsomerset.org/DocumentCenter/View/1058,200,247932,Altus_Enroll-Dental_V02-Fillable_1.pdf,,no
Somerset,https://townofsomerset.org/DocumentCenter/View/1220,200,518417,Personnel By-law 2024.pdf,2024,no
Somerset,https://townofsomerset.org/DocumentCenter/View/1350,200,58298,AFLAC.pdf,,no
Somerset,https://townofsomerset.org/DocumentCenter/View/162/Map-C2-2-PDF,200,855392,map_c2_2.pdf,,no
Somerset,https://townofsomerset.org/DocumentCenter/View/411/I-195-Interchange-4-report-PDF,200,18660595,i-195_int_4_transportation_study_march_2020_high_res.pdf,2020,no
Somerset,https://www.townofsomerset.org/ArchiveCenter/ViewFile/Item/134,200,123158,Annual Report of the Board of Registrars (PDF).pdf,,no
Somerset,https://www.townofsomerset.org/ArchiveCenter/ViewFile/Item/146,200,13605,Copy of Tally Sheet Town ATE April 25 final_1.pdf,,no
Somerset,https://www.townofsomerset.org/ArchiveCenter/ViewFile/Item/66,200,53285,Annual Report of the Town Clerk (PDF).pdf,,yes
Somerset,https://www.townofsomerset.org/DocumentCenter/View/101/Employment-Application-PDF,200,590070,Employment Application (PDF).pdf,,no
Somerset,https://www.townofsomerset.org/DocumentCenter/View/101/Employment-Application-PDF?bidId=,200,590070,Employment Application (PDF).pdf,,no
Somerset,https://www.townofsomerset.org/DocumentCenter/View/102/ICMA-Code-of-Ethics-PDF,200,116141,ICMA Code of Ethics (PDF).pdf,,no
Somerset,https://www.townofsomerset.org/DocumentCenter/View/1026/EARLY-VOTING-HOURS,200,240186,EARLY VOTING HOURS.pdf,,no
Somerset,https://www.townofsomerset.org/DocumentCenter/View/1026/EARLY-VOTING-HOURS?bidId=,200,240186,EARLY VOTING HOURS.pdf,,no
Somerset,https://www.townofsomerset.org/DocumentCenter/View/105/Parking-Ticket-Appeal-Form-PDF,200,39839,parking_ticket_appeal_form_2.pdf,,no
Somerset,https://www.townofsomerset.org/DocumentCenter/View/1150/DOC050124-05012024150922,200,260055,DOC050124-05012024150922.pdf,,no
Somerset,https://www.townofsomerset.org/DocumentCenter/View/1150/DOC050124-05012024150922?bidId=,200,260055,DOC050124-05012024150922.pdf,,no
Somerset,https://www.townofsomerset.org/DocumentCenter/View/1152/Special-Town-Meeting-Warrant-Article,200,931541,DOC050324-05032024104511.pdf,,no
Somerset,https://www.townofsomerset.org/DocumentCenter/View/1152/Special-Town-Meeting-Warrant-Article?bidId=,200,931541,DOC050324-05032024104511.pdf,,no
Somerset,https://www.townofsomerset.org/DocumentCenter/View/1170/CATCHcorp-BristolPHEP-flyer,200,3312819,CATCHcorp-BristolPHEP-flyer.pdf,,no
Somerset,https://www.townofsomerset.org/DocumentCenter/View/1170/CATCHcorp-BristolPHEP-flyer?bidId=,200,3312819,CATCHcorp-BristolPHEP-flyer.pdf,,no
Somerset,https://www.townofsomerset.org/DocumentCenter/View/1175/Planning-Board-Public-Hearing-Notice-61124,200,472102,DOC052224-05222024133730.pdf,,no
Somerset,https://www.townofsomerset.org/DocumentCenter/View/1175/Planning-Board-Public-Hearing-Notice-61124?bidId=,200,472102,DOC052224-05222024133730.pdf,,no
Somerset,https://www.townofsomerset.org/DocumentCenter/View/1208/Town-of-Somerset-Digital-Equity-Survey,200,946490,Town of Somerset Digital Equity Survey.pdf,,no
Somerset,https://www.townofsomerset.org/DocumentCenter/View/1208/Town-of-Somerset-Digital-Equity-Survey?bidId=,200,946490,Town of Somerset Digital Equity Survey.pdf,,no
Somerset,https://www.townofsomerset.org/DocumentCenter/View/1229/Somerset-to-Bridgewater-Reliability-Project,200,1562473,Somerset to Bridgewater Reliability Project.pdf,,no
Somerset,https://www.townofsomerset.org/DocumentCenter/View/1229/Somerset-to-Bridgewater-Reliability-Project?bidId=,200,1562473,Somerset to Bridgewater Reliability Project.pdf,,no
Somerset,https://www.townofsomerset.org/DocumentCenter/View/1244/-DEPARTMENT-OF-PUBLIC-UTILITIES-NOTICE-OF-PUBLIC-HEARING-AND-REQUEST-FOR-COMMENTS-,200,111646,DOC071924-07192024154136.pdf,,no
Somerset,https://www.townofsomerset.org/DocumentCenter/View/1244/-DEPARTMENT-OF-PUBLIC-UTILITIES-NOTICE-OF-PUBLIC-HEARING-AND-REQUEST-FOR-COMMENTS-?bidId=,200,111646,DOC071924-07192024154136.pdf,,no
Somerset,https://www.townofsomerset.org/DocumentCenter/View/1245/Notice-Of-Public-Hearing-Department-of-public-utilities-Boston-Gas-Company,200,1322038,notice of publichearing dept of pub utilites boston gas co.pdf,,no
Somerset,https://www.townofsomerset.org/DocumentCenter/View/1245/Notice-Of-Public-Hearing-Department-of-public-utilities-Boston-Gas-Company?bidId=,200,1322038,notice of publichearing dept of pub utilites boston gas co.pdf,,no
Somerset,https://www.townofsomerset.org/DocumentCenter/View/1257/State-Primary-Election-Testing-of-Election-Equipment-,200,233335,DOC080924-08092024165158.pdf,,no
Somerset,https://www.townofsomerset.org/DocumentCenter/View/1257/State-Primary-Election-Testing-of-Election-Equipment-?bidId=,200,233335,DOC080924-08092024165158.pdf,,no
Somerset,https://www.townofsomerset.org/DocumentCenter/View/1273/Public-Hearing-for-application-to-store-flammable-fluids,200,156983,DOC083024-08302024083720.pdf,,no
Somerset,https://www.townofsomerset.org/DocumentCenter/View/1273/Public-Hearing-for-application-to-store-flammable-fluids?bidId=,200,156983,DOC083024-08302024083720.pdf,,no
Somerset,https://www.townofsomerset.org/DocumentCenter/View/1351/Public-Hearing-Application-to-Store-Flammable-Fluids,200,199799,DOC091924-09192024151916.pdf,,no
Somerset,https://www.townofsomerset.org/DocumentCenter/View/1351/Public-Hearing-Application-to-Store-Flammable-Fluids?bidId=,200,199799,DOC091924-09192024151916.pdf,,no
Somerset,https://www.townofsomerset.org/DocumentCenter/View/1383/Notice-of-Testing-of-Elections-Equipment,200,228727,DOC101524-10152024170053.pdf,,no
Somerset,https://www.townofsomerset.org/DocumentCenter/View/1383/Notice-of-Testing-of-Elections-Equipment?bidId=,200,228727,DOC101524-10152024170053.pdf,,no
Somerset,https://www.townofsomerset.org/DocumentCenter/View/1385/advance_removal_-_notice_-_november,200,385368,advance_removal_-_notice_-_november_1.pdf,,no
Somerset,https://www.townofsomerset.org/DocumentCenter/View/1385/advance_removal_-_notice_-_november?bidId=,200,385368,advance_removal_-_notice_-_november_1.pdf,,no
Somerset,https://www.townofsomerset.org/DocumentCenter/View/1390/Early-Voting-Detour-,200,500215,DOC101724-10172024165016.pdf,,no
Somerset,https://www.townofsomerset.org/DocumentCenter/View/1390/Early-Voting-Detour-?bidId=,200,500215,DOC101724-10172024165016.pdf,,no
Somerset,https://www.townofsomerset.org/DocumentCenter/View/1394/notice-of-testing-of-election-equipment-,200,233805,notice of testing of election equipment november 24.pdf,,no
Somerset,https://www.townofsomerset.org/DocumentCenter/View/1394/notice-of-testing-of-election-equipment-?bidId=,200,233805,notice of testing of election equipment november 24.pdf,,no
Somerset,https://www.townofsomerset.org/DocumentCenter/View/1396/Notice-of-Advanced-Removal-of-Early-Voted-Ballots-from-envelopes-and-Advanced-Depositing-of-Early-Voted-Ballots,200,268151,DOC102824-10282024123432.pdf,,no
Somerset,https://www.townofsomerset.org/DocumentCenter/View/1396/Notice-of-Advanced-Removal-of-Early-Voted-Ballots-from-envelopes-and-Advanced-Depositing-of-Early-Voted-Ballots?bidId=,200,268151,DOC102824-10282024123432.pdf,,no
Somerset,https://www.townofsomerset.org/DocumentCenter/View/1397/Notice-of-Public-Hearing-Somerset-Public-Library-on-Internet-Policy,200,176503,DOC102924-10292024142254.pdf,,no
Somerset,https://www.townofsomerset.org/DocumentCenter/View/1397/Notice-of-Public-Hearing-Somerset-Public-Library-on-Internet-Policy?bidId=,200,176503,DOC102924-10292024142254.pdf,,no
Somerset,https://www.townofsomerset.org/DocumentCenter/View/1417/Post-Election-Tabulation-,200,293623,DOC110824-11082024124756.pdf,,no
Somerset,https://www.townofsomerset.org/DocumentCenter/View/1417/Post-Election-Tabulation-?bidId=,200,293623,DOC110824-11082024124756.pdf,,no
Somerset,https://www.townofsomerset.org/DocumentCenter/View/1434/DOT-Presentation-for-RT-6-and-Lees-River-Ave,200,4129562,DOT Presentation for RT 6 and Lees River Ave.pdf,,no
Somerset,https://www.townofsomerset.org/DocumentCenter/View/1434/DOT-Presentation-for-RT-6-and-Lees-River-Ave?bidId=,200,4129562,DOT Presentation for RT 6 and Lees River Ave.pdf,,no
Somerset,https://www.townofsomerset.org/DocumentCenter/View/1439/FAQs--Additional-Information-regarding-Lead-Service-Letters-11-15-24,200,804647,FAQs and Additional Information regarding Lead Service Letters_202601020924549818.pdf,,no
Somerset,https://www.townofsomerset.org/DocumentCenter/View/1448/Braga-Fender-System-Repairs-DPH-Flyer,200,212581,Braga Fender System Repairs DPH Flyer.pdf,,no
Somerset,https://www.townofsomerset.org/DocumentCenter/View/1448/Braga-Fender-System-Repairs-DPH-Flyer?bidId=,200,212581,Braga Fender System Repairs DPH Flyer.pdf,,no
Somerset,https://www.townofsomerset.org/DocumentCenter/View/1451/Somerset-Fire-Employment-Application?bidId=,200,219926,Somerset Fire Employment Application.pdf,,no
Somerset,https://www.townofsomerset.org/DocumentCenter/View/1465/Public-Hearing-Application-Alcoholic-Beverage-License,200,215575,DOC121324-12132024125032.pdf,,no
Somerset,https://www.townofsomerset.org/DocumentCenter/View/1465/Public-Hearing-Application-Alcoholic-Beverage-License?bidId=,200,215575,DOC121324-12132024125032.pdf,,no
Somerset,https://www.townofsomerset.org/DocumentCenter/View/1468/CPRG_CCAP-Suvery-Public-Copy-MA-English,200,1909316,CPRG_CCAP Suvery Public Copy MA English.pdf,,no
Somerset,https://www.townofsomerset.org/DocumentCenter/View/1468/CPRG_CCAP-Suvery-Public-Copy-MA-English?bidId=,200,1909316,CPRG_CCAP Suvery Public Copy MA English.pdf,,no
Somerset,https://www.townofsomerset.org/DocumentCenter/View/1497/Public-Hearing-for-Somerset-Housing-Authority-Review-of-the-Authoritys-Proposed-Annual-Plan-for-Fiscal-Year-2026,200,398455,DOC022025-02202025130029.pdf,,no
Somerset,https://www.townofsomerset.org/DocumentCenter/View/1497/Public-Hearing-for-Somerset-Housing-Authority-Review-of-the-Authoritys-Proposed-Annual-Plan-for-Fiscal-Year-2026?bidId=,200,398455,DOC022025-02202025130029.pdf,,no
Somerset,https://www.townofsomerset.org/DocumentCenter/View/1508/hazardous-waste-day-flyer-2025,200,525547,hazardous waste day flyer 2025.pdf,2025,no
Somerset,https://www.townofsomerset.org/DocumentCenter/View/1508/hazardous-waste-day-flyer-2025?bidId=,200,525547,hazardous waste day flyer 2025.pdf,2025,no
Somerset,https://www.townofsomerset.org/DocumentCenter/View/1523/Notice-of-Hearing-on-Proposed-Zoning-Amendments-Town-of-Somerset-Planning-Board,200,310455,DOC031925-03192025113913.pdf,,no
Somerset,https://www.townofsomerset.org/DocumentCenter/View/1523/Notice-of-Hearing-on-Proposed-Zoning-Amendments-Town-of-Somerset-Planning-Board?bidId=,200,310455,DOC031925-03192025113913.pdf,,no
Somerset,https://www.townofsomerset.org/DocumentCenter/View/1525/Notice-of-Testing-of-Elections-Equipment,200,222263,DOC032425-03242025161353.pdf,,no
Somerset,https://www.townofsomerset.org/DocumentCenter/View/1525/Notice-of-Testing-of-Elections-Equipment?bidId=,200,222263,DOC032425-03242025161353.pdf,,no
Somerset,https://www.townofsomerset.org/DocumentCenter/View/1655/ANNUAL-TOWN-MEETING-WARRANT-ARTICLES-May-19-2025,200,1586973,DOC050825-05082025103852_202505080943247682.pdf,,no
Somerset,https://www.townofsomerset.org/DocumentCenter/View/1655/ANNUAL-TOWN-MEETING-WARRANT-ARTICLES-May-19-2025?bidId=,200,1586973,DOC050825-05082025103852_202505080943247682.pdf,,no
Somerset,https://www.townofsomerset.org/DocumentCenter/View/1668/Fall-River-Regionalization-DRAFT-w-Appendices-MAY-2025,200,9650932,Fall River Regionalization DRAFT w Appendices MAY 2025.pdf,2025,no
Somerset,https://www.townofsomerset.org/DocumentCenter/View/1669/Wastewater-Regionalization-Evaluation-Powerpoint-Presentation-MAY-2025,200,2476409,Wastewater Regionalization Evaluation Powerpoint Presentation MAY 2025.pdf,2025,no
Somerset,https://www.townofsomerset.org/DocumentCenter/View/1669/Wastewater-Regionalization-Evaluation-Powerpoint-Presentation-MAY-2025?bidId=,200,2476409,Wastewater Regionalization Evaluation Powerpoint Presentation MAY 2025.pdf,2025,no
Somerset,https://www.townofsomerset.org/DocumentCenter/View/1670/Wine-and-Malt-Beverage-License-Hearing-52825,200,256695,DOC052025-05202025152345.pdf,,no
Somerset,https://www.townofsomerset.org/DocumentCenter/View/1670/Wine-and-Malt-Beverage-License-Hearing-52825?bidId=,200,256695,DOC052025-05202025152345.pdf,,no
Somerset,https://www.townofsomerset.org/DocumentCenter/View/1689/Integrated-Water-Resources-Management-Plan-January-2020,200,90082560,Integrated Water Resources Management Plan January 2020.pdf,2020,no
Somerset,https://www.townofsomerset.org/DocumentCenter/View/1689/Integrated-Water-Resources-Management-Plan-January-2020?bidId=,200,90082560,Integrated Water Resources Management Plan January 2020.pdf,2020,no
Somerset,https://www.townofsomerset.org/DocumentCenter/View/1720/Department-of-Public-Utilities-Hearing-2025,200,2448042,DOC071025-07102025142325.pdf,,no
Somerset,https://www.townofsomerset.org/DocumentCenter/View/1720/Department-of-Public-Utilities-Hearing-2025?bidId=,200,2448042,DOC071025-07102025142325.pdf,,no
Somerset,https://www.townofsomerset.org/DocumentCenter/View/1797/FR_Regionalization-Draft2-20250825-WithAppendices,200,13540952,FR_Regionalization-Draft2-20250825-WithAppendices_1.pdf,,no
