municipality,year,url,kind,pool,discovered_via,anchor
Abington,2014,http://www.abingtonma.gov/sites/abingtonma/files/file/file/2014_annual_report_of_the_abington_fire_department.pdf,atr,nodes,wayback,
Abington,2014,http://www.abingtonma.gov/sites/abingtonma/files/file/file/2014_town_report.pdf,atr,nodes,wayback,
Abington,2014,https://www.abingtonma.gov/sites/g/files/vyhlif236/f/file/file/2014_town_report.pdf,atr,nodes,wayback,
Abington,2015,http://www.abingtonma.gov/sites/abingtonma/files/file/file/2015_town_annual_report_0.pdf,atr,nodes,wayback,
Abington,2015,https://www.abingtonma.gov/sites/abingtonma/files/file/file/2015_annual_report_of_the_abington_fire_department.docx.pdf,atr,nodes,wayback,
Abington,2015,https://www.abingtonma.gov/sites/abingtonma/files/file/file/2015_town_annual_report.pdf,atr,nodes,wayback,
Abington,2015,https://www.abingtonma.gov/sites/g/files/vyhlif236/f/file/file/2015_town_annual_report_0.pdf,atr,nodes,wayback,
Abington,2016,http://www.abingtonma.gov:80/sites/abingtonma/files/unofficial_election_results_4-30-2016.pdf,result,catalog,wayback,
Abington,2017,https://www.abingtonma.gov/sites/g/files/vyhlif236/f/uploads/2017_town_report.pdf,atr,nodes,wayback,
Abington,2019,https://www.abingtonma.gov/sites/g/files/vyhlif236/f/uploads/abington_town_report_2019_web_file.pdf,atr,nodes,wayback,
Acushnet,2018,https://www.acushnet.ma.us/sites/g/files/vyhlif2721/f/uploads/town_report_2018_v3.pdf,atr,nodes,wayback,
Agawam,2014,http://www.agawam.ma.us/filestorage/2862/2882/2979/2014_NPDES_Annual_Report.pdf,atr,nodes,wayback,
Amesbury,2008,http://www.amesburyma.gov/sites/amesburyma/files/file/file/annual_report_2008_0.pdf,atr,nodes,wayback,
Amesbury,2009,http://www.amesburyma.gov/sites/amesburyma/files/file/file/annual_report_2009.pdf,atr,nodes,wayback,
Amesbury,2010,http://www.amesburyma.gov/sites/amesburyma/files/file/file/annual_report_2010.pdf,atr,nodes,wayback,
Amesbury,2010,https://www.amesburyma.gov/sites/g/files/vyhlif6891/f/file/file/annual_report_2010.pdf,atr,nodes,wayback,
Amesbury,2011,http://www.amesburyma.gov/sites/amesburyma/files/file/file/annual_report_2011.pdf,atr,nodes,wayback,
Amesbury,2011,https://www.amesburyma.gov/sites/g/files/vyhlif6891/f/file/file/annual_report_2011.pdf,atr,nodes,wayback,
Amesbury,2012,http://www.amesburyma.gov/sites/amesburyma/files/file/file/annual_report_2012.pdf,atr,nodes,wayback,
Amesbury,2012,https://www.amesburyma.gov/sites/g/files/vyhlif6891/f/file/file/annual_report_2012.pdf,atr,nodes,wayback,
Amesbury,2013,http://www.amesburyma.gov/sites/amesburyma/files/file/file/annual_report_2013.pdf,atr,nodes,wayback,
Amesbury,2013,https://www.amesburyma.gov/sites/g/files/vyhlif6891/f/file/file/annual_report_2013.pdf,atr,nodes,wayback,
Amesbury,2015,http://www.amesburyma.gov/sites/amesburyma/files/11-3-2015_unofficial_final_tally.pdf,result,catalog,wayback,
Amesbury,2016,https://www.amesburyma.gov/sites/amesburyma/files/file/file/2016_annual_report.pdf,atr,nodes,wayback,
Amesbury,2016,https://www.amesburyma.gov/sites/g/files/vyhlif6891/f/file/file/2016_annual_report.pdf,atr,nodes,wayback,
Amesbury,2018,https://www.amesburyma.gov/sites/amesburyma/files/uploads/amesbury_annual_report_fy2018.pdf,atr,nodes,wayback,
Amesbury,2019,https://www.amesburyma.gov/sites/g/files/vyhlif6891/f/uploads/2019_annual_report_final.pdf,atr,nodes,wayback,
Amesbury,2020,https://www.amesburyma.gov/sites/g/files/vyhlif6891/f/news/november_3_2020_unofficial_election_results.pdf,result,catalog,wayback,
Amesbury,2020,https://www.amesburyma.gov/sites/g/files/vyhlif6891/f/uploads/2020_edip_annual_report_-_archgrove_hospitality.pdf,atr,nodes,wayback,
Amesbury,2020,https://www.amesburyma.gov/sites/g/files/vyhlif6891/f/uploads/2020_edip_annual_report_-_designwerkes.pdf,atr,nodes,wayback,
Amesbury,2020,https://www.amesburyma.gov/sites/g/files/vyhlif6891/f/uploads/2020_edip_annual_report_-_global.pdf,atr,nodes,wayback,
Amherst,2002,http://www.amherstma.gov:80/annual_reports/2002/Accountant_report.pdf,atr,nodes,wayback,
Amherst,2002,http://www.amherstma.gov:80/annual_reports/2002/Boards_and_Committees%20.pdf,atr,nodes,wayback,
Amherst,2002,http://www.amherstma.gov:80/annual_reports/2002/Children's_Services.pdf,atr,nodes,wayback,
Amherst,2002,http://www.amherstma.gov:80/annual_reports/2002/Cultural_Council%20.pdf,atr,nodes,wayback,
Amherst,2002,http://www.amherstma.gov:80/annual_reports/2002/Design_Review_Board.pdf,atr,nodes,wayback,
Amherst,2002,http://www.amherstma.gov:80/annual_reports/2002/Finance_Committee.pdf,atr,nodes,wayback,
Amherst,2002,http://www.amherstma.gov:80/annual_reports/2002/Health_Department.pdf,atr,nodes,wayback,
Amherst,2002,http://www.amherstma.gov:80/annual_reports/2002/Historical_Commission.pdf,atr,nodes,wayback,
Amherst,2002,http://www.amherstma.gov:80/annual_reports/2002/Housing_Partnership.pdf,atr,nodes,wayback,
Amherst,2002,http://www.amherstma.gov:80/annual_reports/2002/Information_Systems.pdf,atr,nodes,wayback,
Amherst,2002,http://www.amherstma.gov:80/annual_reports/2002/Inspection_services.pdf,atr,nodes,wayback,
Amherst,2002,http://www.amherstma.gov:80/annual_reports/2002/Kanegasaki_report.pdf,atr,nodes,wayback,
Amherst,2002,http://www.amherstma.gov:80/annual_reports/2002/Municipal_Employees%20.pdf,atr,nodes,wayback,
Amherst,2002,http://www.amherstma.gov:80/annual_reports/2002/Parking_Commission.pdf,atr,nodes,wayback,
Amherst,2002,http://www.amherstma.gov:80/annual_reports/2002/Public_Works.pdf,atr,nodes,wayback,
Amherst,2003,http://www.amherstma.gov:80/annual_reports/2003/Jones_Library.pdf,atr,nodes,wayback,
Amherst,2004,http://www.amherstma.gov:80/annual_reports/2004/amherst_historical_commission.pdf,atr,nodes,wayback,
Amherst,2004,http://www.amherstma.gov:80/annual_reports/2004/dpw.pdf,atr,nodes,wayback,
Amherst,2004,http://www.amherstma.gov:80/annual_reports/2004/information_technology.pdf,atr,nodes,wayback,
Amherst,2004,http://www.amherstma.gov:80/annual_reports/2004/public_art_commission.pdf,atr,nodes,wayback,
Amherst,2005,http://www.amherstma.gov:80/annual_reports/2005/2005_accounting.pdf,atr,nodes,wayback,
Amherst,2005,http://www.amherstma.gov:80/annual_reports/2005/2005_amherst_facts.pdf,atr,nodes,wayback,
Amherst,2005,http://www.amherstma.gov:80/annual_reports/2005/2005_annual_report.pdf,atr,nodes,wayback,
Amherst,2005,http://www.amherstma.gov:80/annual_reports/2005/2005_appointed_municipal_employees.pdf,atr,nodes,wayback,
Amherst,2005,http://www.amherstma.gov:80/annual_reports/2005/2005_art_commission.pdf,atr,nodes,wayback,
Amherst,2005,http://www.amherstma.gov:80/annual_reports/2005/2005_assessors_office.pdf,atr,nodes,wayback,
Amherst,2005,http://www.amherstma.gov:80/annual_reports/2005/2005_buildings_and_maintenance.pdf,atr,nodes,wayback,
Amherst,2005,http://www.amherstma.gov:80/annual_reports/2005/2005_cable_advisoy_committee.pdf,atr,nodes,wayback,
Amherst,2005,http://www.amherstma.gov:80/annual_reports/2005/2005_clerk_registras.pdf,atr,nodes,wayback,
Amherst,2005,http://www.amherstma.gov:80/annual_reports/2005/2005_committees_and_boards.pdf,atr,nodes,wayback,
Amherst,2005,http://www.amherstma.gov:80/annual_reports/2005/2005_committees_recognition.pdf,atr,nodes,wayback,
Amherst,2005,http://www.amherstma.gov:80/annual_reports/2005/2005_community_preservation_act_committee.pdf,atr,nodes,wayback,
Amherst,2005,http://www.amherstma.gov:80/annual_reports/2005/2005_community_services.pdf,atr,nodes,wayback,
Amherst,2005,http://www.amherstma.gov:80/annual_reports/2005/2005_comprehensive_planning.pdf,atr,nodes,wayback,
Amherst,2005,http://www.amherstma.gov:80/annual_reports/2005/2005_conservation_commission.pdf,atr,nodes,wayback,
Amherst,2005,http://www.amherstma.gov:80/annual_reports/2005/2005_cultural_council.pdf,atr,nodes,wayback,
Amherst,2005,http://www.amherstma.gov:80/annual_reports/2005/2005_departmental_email.pdf,atr,nodes,wayback,
Amherst,2005,http://www.amherstma.gov:80/annual_reports/2005/2005_departments_and_services.pdf,atr,nodes,wayback,
Amherst,2005,http://www.amherstma.gov:80/annual_reports/2005/2005_design_review_board.pdf,atr,nodes,wayback,
Amherst,2005,http://www.amherstma.gov:80/annual_reports/2005/2005_disability_access_advisory_committee.pdf,atr,nodes,wayback,
Amherst,2005,http://www.amherstma.gov:80/annual_reports/2005/2005_dpw.pdf,atr,nodes,wayback,
Amherst,2005,http://www.amherstma.gov:80/annual_reports/2005/2005_elementary_schools.pdf,atr,nodes,wayback,
Amherst,2005,http://www.amherstma.gov:80/annual_reports/2005/2005_finance_committee.pdf,atr,nodes,wayback,
Amherst,2005,http://www.amherstma.gov:80/annual_reports/2005/2005_finance_treasurer.pdf,atr,nodes,wayback,
Amherst,2005,http://www.amherstma.gov:80/annual_reports/2005/2005_fire.pdf,atr,nodes,wayback,
Amherst,2005,http://www.amherstma.gov:80/annual_reports/2005/2005_health.pdf,atr,nodes,wayback,
Amherst,2005,http://www.amherstma.gov:80/annual_reports/2005/2005_historical_commission.pdf,atr,nodes,wayback,
Amherst,2005,http://www.amherstma.gov:80/annual_reports/2005/2005_housing_authority.pdf,atr,nodes,wayback,
Amherst,2005,http://www.amherstma.gov:80/annual_reports/2005/2005_human_rights.pdf,atr,nodes,wayback,
Amherst,2005,http://www.amherstma.gov:80/annual_reports/2005/2005_information_technologies.pdf,atr,nodes,wayback,
Amherst,2005,http://www.amherstma.gov:80/annual_reports/2005/2005_inspection_services.pdf,atr,nodes,wayback,
Amherst,2005,http://www.amherstma.gov:80/annual_reports/2005/2005_kanegaski_committee.pdf,atr,nodes,wayback,
Amherst,2005,http://www.amherstma.gov:80/annual_reports/2005/2005_la_paz.pdf,atr,nodes,wayback,
Amherst,2005,http://www.amherstma.gov:80/annual_reports/2005/2005_libraries.pdf,atr,nodes,wayback,
Amherst,2005,http://www.amherstma.gov:80/annual_reports/2005/2005_lsse.pdf,atr,nodes,wayback,
Amherst,2005,http://www.amherstma.gov:80/annual_reports/2005/2005_munson.pdf,atr,nodes,wayback,
Amherst,2005,http://www.amherstma.gov:80/annual_reports/2005/2005_office_of_the_collector.pdf,atr,nodes,wayback,
Amherst,2005,http://www.amherstma.gov:80/annual_reports/2005/2005_organizational_chart.pdf,atr,nodes,wayback,
Amherst,2005,http://www.amherstma.gov:80/annual_reports/2005/2005_planning.pdf,atr,nodes,wayback,
Amherst,2005,http://www.amherstma.gov:80/annual_reports/2005/2005_police.pdf,atr,nodes,wayback,
Amherst,2005,http://www.amherstma.gov:80/annual_reports/2005/2005_regional_schools.pdf,atr,nodes,wayback,
Amherst,2005,http://www.amherstma.gov:80/annual_reports/2005/2005_select_board.pdf,atr,nodes,wayback,
Amherst,2005,http://www.amherstma.gov:80/annual_reports/2005/2005_senior_center.pdf,atr,nodes,wayback,
Amherst,2005,http://www.amherstma.gov:80/annual_reports/2005/2005_shade_tree.pdf,atr,nodes,wayback,
Amherst,2005,http://www.amherstma.gov:80/annual_reports/2005/2005_solid_waste_committee.pdf,atr,nodes,wayback,
Amherst,2005,http://www.amherstma.gov:80/annual_reports/2005/2005_tmcc.pdf,atr,nodes,wayback,
Amherst,2005,http://www.amherstma.gov:80/annual_reports/2005/2005_town_manager.pdf,atr,nodes,wayback,
Amherst,2005,http://www.amherstma.gov:80/annual_reports/2005/2005_town_meeting.pdf,atr,nodes,wayback,
Amherst,2005,http://www.amherstma.gov:80/annual_reports/2005/2005_transportation.pdf,atr,nodes,wayback,
Amherst,2005,http://www.amherstma.gov:80/annual_reports/2005/2005_veterans_services.pdf,atr,nodes,wayback,
Amherst,2005,http://www.amherstma.gov:80/annual_reports/2005/2005_zoning.pdf,atr,nodes,wayback,
Amherst,2005,http://www.amherstma.gov:80/departments/Town_Clerk/Elections/Referendum_9_27_2005_Election_Results.pdf,result,catalog,wayback,
Amherst,2008,https://www.amherstma.gov/DocumentCenter/View/1229/2008-Annual-Town-Election-Results,result,catalog,wayback,
Amherst,2010,https://www.amherstma.gov/DocumentCenter/View/3412/May-3-2010-ATM---Tally-Vote-Totals---Art-25?bidId=,result,catalog,wayback,
Amherst,2010,https://www.amherstma.gov/DocumentCenter/View/4054/Nov-8-2010-STM---Tally-Vote-totals---Art-8?bidId=,result,catalog,wayback,
Amherst,2011,https://www.amherstma.gov/DocumentCenter/View/4780/May-2-2011-ATM---Tally-Vote---Art-14?bidId=,result,catalog,wayback,
Amherst,2011,https://www.amherstma.gov/DocumentCenter/View/4892/Tally-Vote-Totals-for-May-2-2011-ATM?bidId=,result,catalog,wayback,
Amherst,2011,https://www.amherstma.gov/DocumentCenter/View/5725/Nov-7-2011-STM---Tally-Vote---Art-5-Main-Motion?bidId=,result,catalog,wayback,
Amherst,2011,https://www.amherstma.gov/DocumentCenter/View/5753/Nov7-2011-STMTallyVoteArt-18?bidId=,result,catalog,wayback,
Amherst,2012,https://www.amherstma.gov/DocumentCenter/View/18537/UNOFFICIAL-2012-Results-by-Highest-Vote,result,catalog,wayback,
Amherst,2012,https://www.amherstma.gov/DocumentCenter/View/18537/UNOFFICIAL-2012-Results-by-Highest-Vote?bidId=,result,catalog,wayback,
Amherst,2012,https://www.amherstma.gov/DocumentCenter/View/18548/April-30-2012-ATM---Tally-Votes---Art-12-2?bidId=,result,catalog,wayback,
Amherst,2012,https://www.amherstma.gov/DocumentCenter/View/18635/April-30-2012-ATM---All-Tally-Votes?bidId=,result,catalog,wayback,
Amherst,2012,https://www.amherstma.gov/DocumentCenter/View/19901/Tally-Vote-Totals-for-November-19-2012-STM?bidId=,result,catalog,wayback,
Amherst,2013,https://www.amherstma.gov/DocumentCenter/View/22542/2013-Annual-Town-Election-Results---Unofficial?bidId=,result,catalog,wayback,
Amherst,2013,https://www.amherstma.gov/DocumentCenter/View/22792/Tally-Vote-Totals-for-May-6-2013-ATM,result,catalog,wayback,
Amherst,2013,https://www.amherstma.gov/DocumentCenter/View/22792/Tally-Vote-Totals-for-May-6-2013-ATM?bidId=,result,catalog,wayback,
Amherst,2013,https://www.amherstma.gov/DocumentCenter/View/24161/Tally-Vote-Totals-for-Nov-4-2013-STM,result,catalog,wayback,
Amherst,2013,https://www.amherstma.gov/DocumentCenter/View/24161/Tally-Vote-Totals-for-Nov-4-2013-STM?bidId=,result,catalog,wayback,
Amherst,2014,https://www.amherstma.gov/DocumentCenter/View/25854/Tally-Vote-Totals-for-April-28-2014-ATM?bidId=,result,catalog,wayback,
Amherst,2014,https://www.amherstma.gov/DocumentCenter/View/26229/Tally-Vote-Totals-for-June-2-2014-STM?bidId=,result,catalog,wayback,
Amherst,2014,https://www.amherstma.gov/DocumentCenter/View/29796/Tally-Votes-Special-Town-Meeting-November-5-2014,result,catalog,wayback,
Amherst,2014,https://www.amherstma.gov/DocumentCenter/View/29796/Tally-Votes-Special-Town-Meeting-November-5-2014?bidId=,result,catalog,wayback,
Amherst,2015,https://www.amherstma.gov/DocumentCenter/View/31475/Tally-Vote-Totals-for-April-27-2015-ATM?bidId=,result,catalog,wayback,
Amherst,2016,https://amherstma.gov/DocumentCenter/View/34915,result,catalog,docsweep,2016 Election  Results
Amherst,2016,https://www.amherstma.gov/DocumentCenter/View/35697/2016-Annual-Town-Election-Results,result,catalog,wayback,
Amherst,2016,https://www.amherstma.gov/DocumentCenter/View/35697/2016-Annual-Town-Election-Results?bidId=,result,catalog,wayback,
Amherst,2017,https://amherstma.gov/DocumentCenter/View/42468/2017-Annual-Town-Election-Results,result,catalog,wayback,
Amherst,2017,https://www.amherstma.gov/DocumentCenter/View/42468/2017-Annual-Town-Election-Results?bidId=,result,catalog,wayback,
Amherst,2018,https://amherstma.gov/DocumentCenter/View/44503/2018-TMAC-Election-Results,result,catalog,wayback,
Amherst,2018,https://amherstma.gov/DocumentCenter/View/44504/2018-TMCC-Election-Results,result,catalog,wayback,
Amherst,2018,https://www.amherstma.gov/DocumentCenter/View/44503,result,catalog,docsweep,2018 TMAC Election Results
Amherst,2018,https://www.amherstma.gov/DocumentCenter/View/44503/2018-TMAC-Election-Results?bidId=,result,catalog,wayback,
Amherst,2018,https://www.amherstma.gov/DocumentCenter/View/44504,result,catalog,docsweep,2018 TMCC Election Results
Amherst,2018,https://www.amherstma.gov/DocumentCenter/View/44504/2018-TMCC-Election-Results?bidId=,result,catalog,wayback,
Amherst,2018,https://www.amherstma.gov/DocumentCenter/View/44576/2018-Annual-Town-Election-Results,result,catalog,wayback,
Amherst,2018,https://www.amherstma.gov/DocumentCenter/View/44579/2018-TMAC-Election-Results?bidId=,result,catalog,wayback,
Amherst,2018,https://www.amherstma.gov/DocumentCenter/View/45823/Nov-6-2018-Town-Election-Unofficial-Results,result,catalog,wayback,
Amherst,2018,https://www.amherstma.gov/DocumentCenter/View/45838/2018-Town-Election---townwide-results---unofficial,result,catalog,wayback,
Andover,2012,http://andoverma.gov/publish/townreport2012.pdf,atr,nodes,wayback,
Andover,2020,https://andoverma.gov/DocumentCenter/View/8316,result,catalog,dc_idsweep,Tabulation of Early Voting Ballots   September 1 2020?bidId=
Aquinnah,2016,https://www.aquinnah-ma.gov/sites/g/files/vyhlif261/f/uploads/town_report_fy_2016.pdf,atr,nodes,wayback,
Aquinnah,2019,https://www.aquinnah-ma.gov/sites/g/files/vyhlif261/f/uploads/aquinnah_annual_town_report_fy_2019.pdf,atr,nodes,wayback,
Arlington,2002,http://www.arlingtonma.gov/Public_Documents/ArlingtonMA_Clerk/elections/2002/2002_AnnualElection_Results.pdf,result,catalog,wayback,
Arlington,2003,http://www.arlingtonma.gov/Public_Documents/ArlingtonMA_HServe/COA/AnnualReport/Annual_Report_2003.pdf,atr,nodes,wayback,
Arlington,2004,http://www.arlingtonma.gov/Public_Documents/ArlingtonMA_Fire/annualreports/2004fire.pdf,atr,nodes,wayback,
Arlington,2004,http://www.arlingtonma.gov/Public_Documents/ArlingtonMA_HServe/COA/AnnualReport/Annual_Report_2004.pdf,atr,nodes,wayback,
Arlington,2004,http://www.arlingtonma.gov/Public_Documents/ArlingtonMA_Inspections/annualreports/2004inspections.pdf,atr,nodes,wayback,
Arlington,2004,http://www.arlingtonma.gov/Public_Documents/ArlingtonMA_PLanning/annualreports/2004planning.pdf,atr,nodes,wayback,
Arlington,2004,http://www.arlingtonma.gov/Public_Documents/ArlingtonMA_Personnel/AnnualReports/personnel2004.pdf,atr,nodes,wayback,
Arlington,2004,http://www.arlingtonma.gov/Public_Documents/ArlingtonMA_Recreation/annualreports/2004recreation.pdf,atr,nodes,wayback,
Arlington,2005,http://www.arlingtonma.gov/Public_Documents/ArlingtonMA_Clerk/elections/2005/2005electionresults.pdf,result,catalog,wayback,
Arlington,2005,http://www.arlingtonma.gov/Public_Documents/ArlingtonMA_WebDocs/AnnualReport/AnnualReport2005final.pdf,atr,nodes,wayback,
Arlington,2005,http://www.arlingtonma.gov/Public_documents/ArlingtonMA_TownMeet/2005ATM/2005electionresults.pdf,result,catalog,wayback,
Arlington,2005,http://www.arlingtonma.gov/Public_documents/ArlingtonMA_TownMeet/2005ATM/electionresults061105.pdf,result,catalog,wayback,
Arlington,2006,http://www.arlingtonma.gov/Public_Documents/ArlingtonMA_WebDocs/AnnualReport/2006/2006AR.pdf,atr,nodes,wayback,
Arlington,2006,http://www.arlingtonma.gov/Public_Documents/ArlingtonMA_WebDocs/AnnualReport/2006/CentralManagement.pdf,atr,nodes,wayback,
Arlington,2006,http://www.arlingtonma.gov/Public_Documents/ArlingtonMA_WebDocs/AnnualReport/2006/ClerkElections.pdf,atr,nodes,wayback,
Arlington,2006,http://www.arlingtonma.gov/Public_Documents/ArlingtonMA_WebDocs/AnnualReport/2006/CommunityDev.pdf,atr,nodes,wayback,
Arlington,2006,http://www.arlingtonma.gov/Public_Documents/ArlingtonMA_WebDocs/AnnualReport/2006/CulturalHistory.pdf,atr,nodes,wayback,
Arlington,2006,http://www.arlingtonma.gov/Public_Documents/ArlingtonMA_WebDocs/AnnualReport/2006/Directory.pdf,atr,nodes,wayback,
Arlington,2006,http://www.arlingtonma.gov/Public_Documents/ArlingtonMA_WebDocs/AnnualReport/2006/EducationLibraries.pdf,atr,nodes,wayback,
Arlington,2006,http://www.arlingtonma.gov/Public_Documents/ArlingtonMA_WebDocs/AnnualReport/2006/Legislative.pdf,atr,nodes,wayback,
Arlington,2006,http://www.arlingtonma.gov/Public_Documents/ArlingtonMA_WebDocs/AnnualReport/2006/dept/AYCC.pdf,atr,nodes,wayback,
Arlington,2006,http://www.arlingtonma.gov/Public_Documents/ArlingtonMA_WebDocs/AnnualReport/2006/dept/AffAct.pdf,atr,nodes,wayback,
Arlington,2006,http://www.arlingtonma.gov/Public_Documents/ArlingtonMA_WebDocs/AnnualReport/2006/dept/Assessor.pdf,atr,nodes,wayback,
Arlington,2006,http://www.arlingtonma.gov/Public_Documents/ArlingtonMA_WebDocs/AnnualReport/2006/dept/BoS.pdf,atr,nodes,wayback,
Arlington,2006,http://www.arlingtonma.gov/Public_Documents/ArlingtonMA_WebDocs/AnnualReport/2006/dept/CoA.pdf,atr,nodes,wayback,
Arlington,2006,http://www.arlingtonma.gov/Public_Documents/ArlingtonMA_WebDocs/AnnualReport/2006/dept/CommDis.pdf,atr,nodes,wayback,
Arlington,2006,http://www.arlingtonma.gov/Public_Documents/ArlingtonMA_WebDocs/AnnualReport/2006/dept/Comptroller.pdf,atr,nodes,wayback,
Arlington,2006,http://www.arlingtonma.gov/Public_Documents/ArlingtonMA_WebDocs/AnnualReport/2006/dept/FHAC.pdf,atr,nodes,wayback,
Arlington,2006,http://www.arlingtonma.gov/Public_Documents/ArlingtonMA_WebDocs/AnnualReport/2006/dept/Fire.pdf,atr,nodes,wayback,
Arlington,2006,http://www.arlingtonma.gov/Public_Documents/ArlingtonMA_WebDocs/AnnualReport/2006/dept/Inspectional.pdf,atr,nodes,wayback,
Arlington,2006,http://www.arlingtonma.gov/Public_Documents/ArlingtonMA_WebDocs/AnnualReport/2006/dept/Legal.pdf,atr,nodes,wayback,
Arlington,2006,http://www.arlingtonma.gov/Public_Documents/ArlingtonMA_WebDocs/AnnualReport/2006/dept/Libraries.pdf,atr,nodes,wayback,
Arlington,2006,http://www.arlingtonma.gov/Public_Documents/ArlingtonMA_WebDocs/AnnualReport/2006/dept/Personnel.pdf,atr,nodes,wayback,
Arlington,2006,http://www.arlingtonma.gov/Public_Documents/ArlingtonMA_WebDocs/AnnualReport/2006/dept/Planning.pdf,atr,nodes,wayback,
Arlington,2006,http://www.arlingtonma.gov/Public_Documents/ArlingtonMA_WebDocs/AnnualReport/2006/dept/Police.pdf,atr,nodes,wayback,
Arlington,2006,http://www.arlingtonma.gov/Public_Documents/ArlingtonMA_WebDocs/AnnualReport/2006/dept/TManager.pdf,atr,nodes,wayback,
Arlington,2006,http://www.arlingtonma.gov/Public_Documents/ArlingtonMA_WebDocs/AnnualReport/2006/dept/Treasurer.pdf,atr,nodes,wayback,
Arlington,2006,http://www.arlingtonma.gov/Public_Documents/ArlingtonMA_WebDocs/AnnualReport/2006/dept/VetServ.pdf,atr,nodes,wayback,
Arlington,2006,http://www.arlingtonma.gov/Public_Documents/ArlingtonMA_WebDocs/AnnualReport/2006/dept/ZBA.pdf,atr,nodes,wayback,
Arlington,2006,http://www.arlingtonma.gov/Public_documents/ArlingtonMA_WebDocs/AnnualReport/2006/CommunitySafety.pdf,atr,nodes,wayback,
Arlington,2006,http://www.arlingtonma.gov/Public_documents/ArlingtonMA_WebDocs/AnnualReport/2006/ExecutiveServices.pdf,atr,nodes,wayback,
Arlington,2006,http://www.arlingtonma.gov/Public_documents/ArlingtonMA_WebDocs/AnnualReport/2006/FinancialManagement.pdf,atr,nodes,wayback,
Arlington,2006,http://www.arlingtonma.gov/Public_documents/ArlingtonMA_WebDocs/AnnualReport/2006/HumanServices.pdf,atr,nodes,wayback,
Arlington,2006,http://www.arlingtonma.gov/Public_documents/ArlingtonMA_WebDocs/AnnualReport/2006/PublicWorks.pdf,atr,nodes,wayback,
Arlington,2006,http://www.arlingtonma.gov/Public_documents/ArlingtonMA_WebDocs/AnnualReport/2006/Recreation.pdf,atr,nodes,wayback,
Arlington,2007,http://www.arlingtonma.gov/Public_Documents/ArlingtonMA_Clerk/elections/2007/2007Results.pdf,result,catalog,wayback,
Arlington,2007,http://www.arlingtonma.gov/Public_Documents/ArlingtonMA_WebDocs/AnnualReport/2007/2007AR.pdf,atr,nodes,wayback,
Arlington,2007,http://www.arlingtonma.gov/Public_Documents/ArlingtonMA_WebDocs/AnnualReport/2007/2007_CentralServices.pdf,atr,nodes,wayback,
Arlington,2007,http://www.arlingtonma.gov/Public_Documents/ArlingtonMA_WebDocs/AnnualReport/2007/2007_Clerk.pdf,atr,nodes,wayback,
Arlington,2007,http://www.arlingtonma.gov/Public_Documents/ArlingtonMA_WebDocs/AnnualReport/2007/2007_CommunityDev.pdf,atr,nodes,wayback,
Arlington,2007,http://www.arlingtonma.gov/Public_Documents/ArlingtonMA_WebDocs/AnnualReport/2007/2007_CommunitySafety.pdf,atr,nodes,wayback,
Arlington,2007,http://www.arlingtonma.gov/Public_Documents/ArlingtonMA_WebDocs/AnnualReport/2007/2007_CulturalHistoric.pdf,atr,nodes,wayback,
Arlington,2007,http://www.arlingtonma.gov/Public_Documents/ArlingtonMA_WebDocs/AnnualReport/2007/2007_Directory.pdf,atr,nodes,wayback,
Arlington,2007,http://www.arlingtonma.gov/Public_Documents/ArlingtonMA_WebDocs/AnnualReport/2007/2007_EducationLibraries.pdf,atr,nodes,wayback,
Arlington,2007,http://www.arlingtonma.gov/Public_Documents/ArlingtonMA_WebDocs/AnnualReport/2007/2007_ExecServices.pdf,atr,nodes,wayback,
Arlington,2007,http://www.arlingtonma.gov/Public_Documents/ArlingtonMA_WebDocs/AnnualReport/2007/2007_Financial.pdf,atr,nodes,wayback,
Arlington,2007,http://www.arlingtonma.gov/Public_Documents/ArlingtonMA_WebDocs/AnnualReport/2007/2007_HServe.pdf,atr,nodes,wayback,
Arlington,2007,http://www.arlingtonma.gov/Public_Documents/ArlingtonMA_WebDocs/AnnualReport/2007/2007_Legislative.pdf,atr,nodes,wayback,
Arlington,2007,http://www.arlingtonma.gov/Public_Documents/ArlingtonMA_WebDocs/AnnualReport/2007/2007_PublicWorks.pdf,atr,nodes,wayback,
Arlington,2007,http://www.arlingtonma.gov/Public_Documents/ArlingtonMA_WebDocs/AnnualReport/2007/2007_Recreation.pdf,atr,nodes,wayback,
Arlington,2007,http://www.arlingtonma.gov/Public_Documents/ArlingtonMA_WebDocs/AnnualReport/2007/dept/2007_AffirmativeAction.pdf,atr,nodes,wayback,
Arlington,2007,http://www.arlingtonma.gov/Public_Documents/ArlingtonMA_WebDocs/AnnualReport/2007/dept/2007_HumanServices.pdf,atr,nodes,wayback,
Arlington,2007,http://www.arlingtonma.gov/Public_Documents/ArlingtonMA_WebDocs/AnnualReport/2007/dept/2007_Inspectional.pdf,atr,nodes,wayback,
Arlington,2007,http://www.arlingtonma.gov/Public_Documents/ArlingtonMA_WebDocs/AnnualReport/2007/dept/2007_Legal.pdf,atr,nodes,wayback,
Arlington,2007,http://www.arlingtonma.gov/Public_Documents/ArlingtonMA_WebDocs/AnnualReport/2007/dept/2007_Police.pdf,atr,nodes,wayback,
Arlington,2007,http://www.arlingtonma.gov/Public_Documents/ArlingtonMA_WebDocs/AnnualReport/2007/dept/2007_PublicWorks.pdf,atr,nodes,wayback,
Arlington,2007,http://www.arlingtonma.gov/Public_Documents/ArlingtonMA_WebDocs/AnnualReport/2007/dept/2007_Recreation.pdf,atr,nodes,wayback,
Arlington,2007,http://www.arlingtonma.gov/Public_Documents/ArlingtonMA_WebDocs/AnnualReport/2007/dept/2007_TownManager.pdf,atr,nodes,wayback,
Arlington,2008,http://www.arlingtonma.gov/Public_Documents/ArlingtonMA_WebDocs/AnnualReport/2008/AnnualReport_2008.pdf,atr,nodes,wayback,
Arlington,2008,http://www.arlingtonma.gov/Public_Documents/ArlingtonMA_WebDocs/AnnualReport/2008/CentralManagement_2008.pdf,atr,nodes,wayback,
Arlington,2008,http://www.arlingtonma.gov/Public_Documents/ArlingtonMA_WebDocs/AnnualReport/2008/ClerkElections_2008.pdf,atr,nodes,wayback,
Arlington,2008,http://www.arlingtonma.gov/Public_Documents/ArlingtonMA_WebDocs/AnnualReport/2008/CommunityDevelopment_2008.pdf,atr,nodes,wayback,
Arlington,2008,http://www.arlingtonma.gov/Public_Documents/ArlingtonMA_WebDocs/AnnualReport/2008/CommunitySafety_2008.pdf,atr,nodes,wayback,
Arlington,2008,http://www.arlingtonma.gov/Public_Documents/ArlingtonMA_WebDocs/AnnualReport/2008/CulturalHistorical_2008.pdf,atr,nodes,wayback,
Arlington,2008,http://www.arlingtonma.gov/Public_Documents/ArlingtonMA_WebDocs/AnnualReport/2008/Directory_2008.pdf,atr,nodes,wayback,
Arlington,2008,http://www.arlingtonma.gov/Public_Documents/ArlingtonMA_WebDocs/AnnualReport/2008/EducationLibraries_2008.pdf,atr,nodes,wayback,
Arlington,2008,http://www.arlingtonma.gov/Public_Documents/ArlingtonMA_WebDocs/AnnualReport/2008/ExecutiveServices_2008.pdf,atr,nodes,wayback,
Arlington,2008,http://www.arlingtonma.gov/Public_Documents/ArlingtonMA_WebDocs/AnnualReport/2008/FinancialManagement_2008.pdf,atr,nodes,wayback,
Arlington,2008,http://www.arlingtonma.gov/Public_Documents/ArlingtonMA_WebDocs/AnnualReport/2008/HealthHumanServices_2008.pdf,atr,nodes,wayback,
Arlington,2008,http://www.arlingtonma.gov/Public_Documents/ArlingtonMA_WebDocs/AnnualReport/2008/Legislative_2008.pdf,atr,nodes,wayback,
Arlington,2008,http://www.arlingtonma.gov/Public_Documents/ArlingtonMA_WebDocs/AnnualReport/2008/PublicWorks_2008.pdf,atr,nodes,wayback,
Arlington,2008,http://www.arlingtonma.gov/Public_Documents/ArlingtonMA_WebDocs/AnnualReport/2008/Recreation_2008.pdf,atr,nodes,wayback,
Arlington,2012,http://www.arlingtonma.gov:80/Public_Documents/ArlingtonMA_WebDocs/AnnualReport/2012/Libraries.pdf,atr,nodes,wayback,
Arlington,2013,http://www.arlingtonma.gov/Public_Documents/ArlingtonMA_Clerk/elections/2013/04062013_UnofficialResults.pdf,result,catalog,wayback,
Ashburnham,2002,http://www.ashburnham-ma.gov/pages/AshburnhamMA_ElectionResults/2002-04-30AnnualTownElectionBallot.pdf,result,catalog,wayback,
Ashburnham,2003,https://ashburnham-ma.gov/DocumentCenter/View/525/June-10-2003Town-Election-with-Results-PDF,result,catalog,docsweep,"June 10, 2003Town Election with Results (PDF)"
Ashburnham,2004,http://www.ashburnham-ma.gov/Pages/AshburnhamMA_ElectionResults/2004-09-09RecallElection.pdf,result,catalog,wayback,
Ashburnham,2004,https://ashburnham-ma.gov/DocumentCenter/View/522/Annual-Election-Results-2004-,result,catalog,docsweep,Annual Election Results 2004
Ashburnham,2005,http://www.ashburnham-ma.gov/Pages/AshburnhamMA_Admin/2005TownAdministratorAnnualReport.pdf,atr,nodes,wayback,
Ashburnham,2005,https://ashburnham-ma.gov/DocumentCenter/View/563/Annual-Election-Results-2005,result,catalog,docsweep,Annual Election Results 2005
Ashburnham,2006,http://www.ashburnham-ma.gov/pages/AshburnhamMA_ElectionResults/2006Primary.pdf,result,catalog,wayback,
Ashburnham,2006,https://ashburnham-ma.gov/DocumentCenter/View/527/Annual-Election-Results-2006-,result,catalog,docsweep,Annual Election Results 2006
Ashburnham,2007,http://www.ashburnham-ma.gov/Pages/AshburnhamMA_ElectionResults/2007-06-12Election.pdf,result,catalog,wayback,
Ashburnham,2007,http://www.ashburnham-ma.gov/pages/ashburnhamma_admin/annual/2007TownAdministratorAnnualReport.pdf,atr,nodes,wayback,
Ashburnham,2007,https://ashburnham-ma.gov/DocumentCenter/View/515/Annual-Election-Results-2007-,result,catalog,docsweep,Annual Election Results 2007
Ashburnham,2007,https://ashburnham-ma.gov/DocumentCenter/View/526/Annual-Election-Results-2007-,result,catalog,docsweep,Annual Election Results 2007
Ashburnham,2008,http://www.ashburnham-ma.gov/Pages/AshburnhamMA_Admin/annual/2008TownAdministratorAnnualReport.pdf,atr,nodes,wayback,
Ashburnham,2008,http://www.ashburnham-ma.gov/pages/AshburnhamMA_ElectionResults/Ballot%20for%20April%202008%20Election%20(2).pdf,result,catalog,wayback,
Ashburnham,2008,http://www.ashburnham-ma.gov/pages/ashburnhamma_electionresults/2008-02-05PresprimaryResults.pdf,result,catalog,wayback,
Ashburnham,2008,https://ashburnham-ma.gov/DocumentCenter/View/531/Annual-Election-Results-2008,result,catalog,docsweep,Annual Election Results 2008
Ashburnham,2009,"http://www.ashburnham-ma.gov/Pages/AshburnhamMA_ElectionResults/Proceedings%20June%2016,%202009%20STM.pdf",result,catalog,wayback,
Ashburnham,2009,http://www.ashburnham-ma.gov/pages/ashburnhamma_electionresults/2009-06-16Election.pdf,result,catalog,wayback,
Ashburnham,2009,https://ashburnham-ma.gov/DocumentCenter/View/535/Annual-Election-Results-2009,result,catalog,docsweep,Annual Election Results 2009
Ashburnham,2010,http://www.ashburnham-ma.gov/Pages/AshburnhamMA_ElectionResults/Election%20Results%2012-16-2010.pdf,result,catalog,wayback,
Ashburnham,2010,"http://www.ashburnham-ma.gov/Pages/AshburnhamMA_ElectionResults/Election%20Results%20for%20April%2027,%202010.PDF",result,catalog,wayback,
Ashburnham,2010,http://www.ashburnham-ma.gov/pages/AshburnhamMA_ElectionResults/Election%20Results%2011-02-2010.pdf,result,catalog,wayback,
Ashburnham,2010,https://ashburnham-ma.gov/DocumentCenter/View/514/Annual-Election-Results-2010-,result,catalog,docsweep,Annual Election Results 2010
Ashburnham,2010,https://ashburnham-ma.gov/DocumentCenter/View/537/Election-Results-February-11-2010-PDF,result,catalog,docsweep,"Election Results February 11, 2010 (PDF)"
Ashburnham,2010,https://ashburnham-ma.gov/DocumentCenter/View/540/Election-Results-December-16-2010-PDF,result,catalog,docsweep,"Election Results December 16, 2010 (PDF)"
Ashburnham,2011,http://www.ashburnham-ma.gov/Pages/AshburnhamMA_Admin/Annual%20Town%20Reports/2011%20ANNUAL%20TOWN%20REPORT.pdf,atr,nodes,wayback,
Ashburnham,2011,http://www.ashburnham-ma.gov/Pages/AshburnhamMA_ElectionResults/ANNUAL%20TOWN%20ELECTION%20APRIL%2026%202011%20RESULTS.pdf,result,catalog,wayback,
Ashburnham,2011,https://ashburnham-ma.gov/DocumentCenter/View/542/Annual-Election-Results-2011-,result,catalog,docsweep,Annual Election Results 2011
Ashburnham,2011,https://www.ashburnham-ma.gov/DocumentCenter/View/2643,result,catalog,dc_idsweep,Annual_Election_Results _2011?bidId=
Ashburnham,2012,http://www.ashburnham-ma.gov/Pages/AshburnhamMA_Admin/Annual%20Town%20Reports/2012%20ANNUAL%20TOWN%20REPORT.pdf,atr,nodes,wayback,
Ashburnham,2012,http://www.ashburnham-ma.gov/pages/AshburnhamMA_ElectionResults/Annual%20Election%20Results%20April%2024%202012.pdf,result,catalog,wayback,
Ashburnham,2012,http://www.ashburnham-ma.gov/pages/ashburnhamma_admin/annual/2012%20TA%20ANNUAL%20REPORT.pdf,atr,nodes,wayback,
Ashburnham,2012,https://ashburnham-ma.gov/DocumentCenter/View/541/Annual-Election-Results-2012,result,catalog,docsweep,Annual Election Results 2012
Ashburnham,2013,http://www.ashburnham-ma.gov/Pages/AshburnhamMA_Admin/Annual%20Town%20Reports/2013%20ANNUAL%20TOWN%20REPORT.pdf,atr,nodes,wayback,
Ashburnham,2013,http://www.ashburnham-ma.gov/Pages/AshburnhamMA_Admin/annual/2013%20TA%20ANNUAL%20REPORT.pdf,atr,nodes,wayback,
Ashburnham,2013,"http://www.ashburnham-ma.gov/pages/AshburnhamMA_ElectionResults/PROCEEDINGS%20OF%20TOWN%20ELECTION%20JUNE%2025,%202013.pdf",result,catalog,wayback,
Ashburnham,2013,http://www.ashburnham-ma.gov/pages/AshburnhamMA_ElectionResults/Town%20Election%20June%2025%202013.pdf,result,catalog,wayback,
Ashburnham,2013,https://ashburnham-ma.gov/DocumentCenter/View/548/Annual-Election-Results-2013-,result,catalog,docsweep,Annual Election Results 2013
Ashburnham,2013,https://www.ashburnham-ma.gov/DocumentCenter/View/2644,result,catalog,dc_idsweep,Annual_Election_Results _2013?bidId=
Ashburnham,2014,http://www.ashburnham-ma.gov/Pages/AshburnhamMA_Admin/Annual%20Town%20Reports/2014%20ANNUAL%20TOWN%20REPORT.pdf,atr,nodes,wayback,
Ashburnham,2014,http://www.ashburnham-ma.gov/pages/AshburnhamMA_ElectionResults/Annual%20Election%20April%202014.pdf,result,catalog,wayback,
Ashburnham,2014,http://www.ashburnham-ma.gov/pages/ashburnhamma_admin/Annual/2014%20TA%20Annual%20Report.pdf,atr,nodes,wayback,
Ashburnham,2014,https://www.ashburnham-ma.gov/DocumentCenter/View/2645,result,catalog,dc_idsweep,Annual_Election_Results _2014?bidId=
Ashburnham,2015,http://www.ashburnham-ma.gov/Pages/AshburnhamMA_Admin/Annual%20Town%20Reports/2015%20ANNUAL%20TOWN%20REPORT%201.pdf,atr,nodes,wayback,
Ashburnham,2015,http://www.ashburnham-ma.gov/Pages/AshburnhamMA_Admin/annual/2015%20TA%20Annual%20Report.pdf,atr,nodes,wayback,
Ashburnham,2015,http://www.ashburnham-ma.gov/Pages/AshburnhamMA_ElectionResults/Annual%20Election%20April%202015.pdf,result,catalog,wayback,
Ashburnham,2015,http://www.ashburnham-ma.gov/Pages/AshburnhamMA_ElectionResults/October%2027%202015%20Special%20Town%20Meeting.pdf,result,catalog,wayback,
Ashburnham,2015,http://www.ashburnham-ma.gov/Pages/AshburnhamMA_ElectionResults/Proceedings%20of%20October%2027%202015%20Special%20Town%20Meeting.pdf,result,catalog,wayback,
Ashburnham,2015,https://www.ashburnham-ma.gov/DocumentCenter/View/2646,result,catalog,dc_idsweep,Annual_Election_Results _2015?bidId=
Ashburnham,2016,http://www.ashburnham-ma.gov/Pages/AshburnhamMA_ElectionResults/Proceedings%20of%20May%203%202016%20Annual%20Town%20Meeting.pdf,result,catalog,wayback,
Ashburnham,2016,"http://www.ashburnham-ma.gov/pages/AshburnhamMA_ElectionResults/ELECTION%20RESULTS%20APRIL%2026,%202016.pdf",result,catalog,wayback,
Ashburnham,2016,https://ashburnham-ma.gov/DocumentCenter/View/552/Annual-Election-Results-2016,result,catalog,docsweep,Annual Election Results 2016
Ashburnham,2016,https://www.ashburnham-ma.gov/DocumentCenter/View/2647,result,catalog,dc_idsweep,Annual_Election_Results _2016?bidId=
Ashburnham,2017,https://ashburnham-ma.gov/DocumentCenter/View/556/Annual-Election-Results-2017-,result,catalog,docsweep,Annual Election Results 2017
Ashburnham,2017,https://www.ashburnham-ma.gov/DocumentCenter/View/2648,result,catalog,dc_idsweep,Annual_Election_Results _2017?bidId=
Ashburnham,2017,https://www.ashburnham-ma.gov/sites/g/files/vyhlif266/f/uploads/town_of_ashburnham_annual_report_2017.pdf,atr,nodes,wayback,
Ashburnham,2018,https://www.ashburnham-ma.gov/DocumentCenter/View/2649,result,catalog,dc_idsweep,Annual_Election_Results _2018?bidId=
Ashburnham,2020,https://www.ashburnham-ma.gov/DocumentCenter/View/639,result,catalog,dc_idsweep,town_election_results_for_june_23_2020?bidId=
Ashburnham,2020,https://www.ashburnham-ma.gov/sites/g/files/vyhlif266/f/news/town_election_results_for_june_23_2020.pdf,result,catalog,wayback,
Ashby,2016,https://www.ci.ashby.ma.us/clerk/treport/report16/ashby_Annual_Report-2016.pdf,atr,nodes,wayback,
Ashfield,2010,http://www.ashfield.org/documents/selectboard/2010_Local_Election_Results_5-10-10.pdf,result,catalog,wayback,
Ashfield,2010,https://ashfield.org/DocumentCenter/View/63,result,catalog,dc_idsweep,Local Election Results   2010 PDF?bidId=
Ashfield,2011,http://ashfield.org/documents/SelectBoard/AnnualTownReport2011.pdf,atr,nodes,wayback,
Ashfield,2012,http://ashfield.org/documents/SelectBoard/AshfieldAnnualTownReportfor2012.pdf,atr,nodes,wayback,
Ashfield,2012,http://ashfield.org/documents/selectboard/Ashfield%20Local%20Election%20Results%20May%205%202012.pdf,result,catalog,wayback,
Ashfield,2012,https://ashfield.org/DocumentCenter/View/66,result,catalog,dc_idsweep,Local Election Results May 5 2012 PDF?bidId=
Ashfield,2013,https://ashfield.org/DocumentCenter/View/64,result,catalog,dc_idsweep,Local Election Results   May 2013 PDF?bidId=
Ashfield,2014,http://ashfield.org/documents/SelectBoard/AshfieldAnnualReport2014.pdf,atr,nodes,wayback,
Ashfield,2014,https://ashfield.org/DocumentCenter/View/59,result,catalog,dc_idsweep,Election Results   November 2014 PDF?bidId=
Ashfield,2015,https://ashfield.org/DocumentCenter/View/65,result,catalog,dc_idsweep,Local Election Results 2015 PDF?bidId=
Ashfield,2016,https://ashfield.org/DocumentCenter/View/51,result,catalog,dc_idsweep,Ashfield Local Election Results May 7 2016 PDF?bidId=
Ashfield,2016,https://ashfield.org/DocumentCenter/View/82,result,catalog,dc_idsweep,Town Caucus Results 2016 PDF?bidId=
Ashfield,2017,https://ashfield.org/DocumentCenter/View/6620,result,catalog,dc_idsweep,Ashfield Town Caucus Results March 16 2017?bidId=
Ashfield,2020,https://ashfield.org/DocumentCenter/View/6268,result,catalog,dc_idsweep,Unofficial Election Results Primary   September 1 2020?bidId=
Ashfield,2020,https://ashfield.org/DocumentCenter/View/8529,result,catalog,dc_idsweep,Scanned tally sheet 11 3 2020?bidId=
Ashfield,2020,https://ashfield.org/DocumentCenter/View/8530,result,catalog,dc_idsweep,Election Results OFFICIAL Nov 2020?bidId=
Ashland,2005,http://ashlandmass.com/town_clerk/public_documents/2005_official_election_results.pdf,result,catalog,wayback,
Ashland,2006,http://ashlandmass.com/board_of_selectmen/public_documents/AnnualReport2006-Ashland.pdf,atr,nodes,wayback,
Ashland,2010,https://ashlandmass.com/ImageRepository/Document?documentID=377,result,catalog,documentcenter,"Town Clerk / Elections & Voting 2010 - May 18, 2010 Annual Town Election Official Results"
Ashland,2011,https://ashlandmass.com/ImageRepository/Document?documentID=378,result,catalog,documentcenter,"Town Clerk / Elections & Voting 2011 - May 17, 2011 Annual Town Election Official Results"
Ashland,2012,https://ashlandmass.com/ImageRepository/Document?documentID=379,result,catalog,documentcenter,"Town Clerk / Elections & Voting 2012 - May 15, 2012 Annual Town Election Official Results"
Ashland,2013,https://ashlandmass.com/ImageRepository/Document?documentID=380,result,catalog,documentcenter,"Town Clerk / Elections & Voting 2013 - May 21, 2013 Annual Town Election Official Results"
Ashland,2014,https://ashlandmass.com/ImageRepository/Document?documentID=381,result,catalog,documentcenter,"Town Clerk / Elections & Voting 2014 - May 20, 2014 Annual Town Election Official Results"
Ashland,2015,https://ashlandmass.com/ImageRepository/Document?documentID=376,result,catalog,documentcenter,"Town Clerk / Elections & Voting 2015 - May 19, 2015 Annual Town Election Official Results"
Ashland,2016,https://ashlandmass.com/ImageRepository/Document?documentID=230,result,catalog,documentcenter,"Town Clerk / Elections & Voting 2016 - May 17, 2016 - Annual Town Election Official Results"
Ashland,2016,https://www.ashlandmass.com/DocumentCenter/View/2852,result,catalog,dc_idsweep,Official Election Resutlts May 17 2016 ATE Certified May 18 2016 tmw?bidId=
Ashland,2018,https://www.ashlandmass.com/DocumentCenter/View/3659,result,catalog,dc_idsweep,UN OFFICIAL ELECTION RESULTS MAY 15 2018 ANNUAL TOWN ELECTION tmw?bidId=
Attleboro,2001,https://cityofattleboro.us/DocumentCenter/View/13032/Results---Citywide,result,catalog,docsweep,"October 9, 2001 Municipal Election"
Attleboro,2005,https://cityofattleboro.us/DocumentCenter/View/12986/Results---Citywide,result,catalog,docsweep,"November 8, 2005 Municipal Election"
Attleboro,2005,https://cityofattleboro.us/DocumentCenter/View/12987/Results---Citywide-and-by-precinct,result,catalog,docsweep,"September 20, 2005 Municipal Preliminary"
Attleboro,2007,https://cityofattleboro.us/DocumentCenter/View/12983/Results---Citywide,result,catalog,docsweep,"November 6, 2007 Municipal Election"
Attleboro,2009,https://cityofattleboro.us/DocumentCenter/View/12978/Results---All-Wards,result,catalog,docsweep,"November 3, 2009 Municipal Election"
Attleboro,2010,https://cityofattleboro.us/DocumentCenter/View/12973/Results,result,catalog,docsweep,"July 13, 2010 Special Municipal Election"
Attleboro,2011,https://cityofattleboro.us/DocumentCenter/View/12968/Results---Citywide,result,catalog,docsweep,"November 8, 2011 Municipal Election"
Attleboro,2011,https://cityofattleboro.us/DocumentCenter/View/12970/Results,result,catalog,docsweep,"April 26, 2011 Special Municipal Election"
Attleboro,2013,https://cityofattleboro.us/DocumentCenter/View/12960/Results---Citywide,result,catalog,docsweep,"November 5, 2013 Municipal Election"
Attleboro,2015,https://cityofattleboro.us/DocumentCenter/View/12905/Results---Citywide,result,catalog,docsweep,"November 3, 2015 Municipal Election"
Attleboro,2017,https://cityofattleboro.us/DocumentCenter/View/12899/Results-Citywide,result,catalog,docsweep,"November 7, 2017 Municipal Election"
Attleboro,2018,https://www.cityofattleboro.us/DocumentCenter/View/2972,result,catalog,dc_idsweep,Election Results   November 6 2018 PDF?bidId=
Attleboro,2019,https://cityofattleboro.us/DocumentCenter/View/12893/Results---Citywide,result,catalog,docsweep,"November 5, 2019 Municipal Election"
Attleboro,2019,https://www.cityofattleboro.us/DocumentCenter/View/3609,result,catalog,dc_idsweep,Election Results   December 2019 PDF?bidId=
Avon,2008,https://www.avon-ma.gov/sites/g/files/vyhlif271/f/uploads/2008_annual_town_report.pdf,atr,nodes,wayback,
Avon,2009,https://www.avon-ma.gov/sites/g/files/vyhlif271/f/uploads/2009_annual_town_report.pdf,atr,nodes,wayback,
Avon,2010,http://www.avon-ma.gov/sites/avonma/files/file/file/townreport2010.pdf,atr,nodes,wayback,
Avon,2010,https://www.avon-ma.gov/sites/g/files/vyhlif271/f/uploads/2010_annual_town_report.pdf,atr,nodes,wayback,
Avon,2011,https://www.avon-ma.gov/sites/g/files/vyhlif271/f/uploads/annual_town_report_2011.pdf,atr,nodes,wayback,
Avon,2012,https://www.avon-ma.gov/DocumentCenter/View/3274/April-10-2012-Town-Election-Results,result,catalog,docsweep,"April 10, 2012 Town Election Results"
Avon,2012,https://www.avon-ma.gov/sites/g/files/vyhlif271/f/uploads/2012_annual_town_report.pdf,atr,nodes,wayback,
Avon,2013,http://www.avon-ma.gov/sites/avonma/files/u121/avon_2013_town_report.pdf,atr,nodes,wayback,
Avon,2013,https://www.avon-ma.gov/DocumentCenter/View/3269/April-9-2013-Town-Election-Results,result,catalog,docsweep,"April 9, 2013 Town Election Results"
Avon,2013,https://www.avon-ma.gov/sites/g/files/vyhlif271/f/uploads/2013_annual_town_report.pdf,atr,nodes,wayback,
Avon,2014,http://www.avon-ma.gov/sites/avonma/files/u121/annual_town_report_2014.pdf,atr,nodes,wayback,
Avon,2014,https://www.avon-ma.gov/DocumentCenter/View/3251/April-8-2014-Town-Election-Results,result,catalog,docsweep,"April 8, 2014 Town Election Results"
Avon,2014,https://www.avon-ma.gov/sites/g/files/vyhlif271/f/uploads/2014_annual_town_report.pdf,atr,nodes,wayback,
Avon,2015,http://www.avon-ma.gov/sites/avonma/files/u116/annual_town_election_results_2015.pdf,result,catalog,wayback,
Avon,2015,https://www.avon-ma.gov/DocumentCenter/View/3250/April-14-2015-Town-Election-Results,result,catalog,docsweep,"April 14, 2015 Town Election Results"
Avon,2015,https://www.avon-ma.gov/sites/g/files/vyhlif271/f/uploads/2015_annual_town_report.pdf,atr,nodes,wayback,
Avon,2017,https://www.avon-ma.gov/sites/g/files/vyhlif271/f/uploads/town_of_avon_annual_town_report_2017.pdf,atr,nodes,wayback,
Ayer,2005,http://www.ayer.ma.us:80/Downloads/decannualreport2005.pdf,atr,nodes,wayback,
Ayer,2010,http://www.ayer.ma.us/pages/AyerMA_About/2010-town_report.pdf,atr,nodes,wayback,
Ayer,2010,https://www.ayer.ma.us/sites/g/files/vyhlif2756/f/uploads/2010_annual_town_report.pdf,atr,nodes,wayback,
Ayer,2011,https://www.ayer.ma.us/sites/g/files/vyhlif2756/f/uploads/2011_annual_town_report.pdf,atr,nodes,wayback,
Ayer,2012,https://www.ayer.ma.us/sites/g/files/vyhlif2756/f/uploads/2012_annual_town_report.pdf,atr,nodes,wayback,
Ayer,2013,http://www.ayer.ma.us/pages/AyerMA_About/2013-town_report.pdf,atr,nodes,wayback,
Ayer,2013,https://www.ayer.ma.us/sites/g/files/vyhlif2756/f/uploads/2013_annual_town_report.pdf,atr,nodes,wayback,
Ayer,2014,http://www.ayer.ma.us:80/Pages/AyerMA_Webdocs/2014-11-04%20Election%20Results.pdf,result,catalog,wayback,
Ayer,2014,https://www.ayer.ma.us/sites/g/files/vyhlif2756/f/uploads/2014-town_report.pdf,atr,nodes,wayback,
Ayer,2014,https://www.ayer.ma.us/sites/g/files/vyhlif2756/f/uploads/town_of_ayer_ma_-_2014_election_results.pdf,result,catalog,wayback,
Ayer,2015,https://www.ayer.ma.us/sites/g/files/vyhlif2756/f/uploads/2015_annual_town_report_1.pdf,atr,nodes,wayback,
Ayer,2015,https://www.ayer.ma.us/sites/g/files/vyhlif2756/f/uploads/town_of_ayer_ma_-_2015_election_results.pdf,result,catalog,wayback,
Ayer,2016,http://www.ayer.ma.us:80/sites/ayerma/files/uploads/election_results_-_9-8-2016.pdf,result,catalog,wayback,
Ayer,2016,https://www.ayer.ma.us/sites/g/files/vyhlif2756/f/uploads/2016_town_of_ayer_annual_report.pdf,atr,nodes,wayback,
Ayer,2017,https://www.ayer.ma.us/sites/g/files/vyhlif2756/f/uploads/2017_town_report_digital_copy.pdf,atr,nodes,wayback,
Ayer,2018,https://ma-ayer.civicplus.com/DocumentCenter/View/4444/Election-Results---September-4-2018-PDF,result,catalog,crawl,"Election Results—September 4, 2018 (PDF)"
Ayer,2018,https://www.ayer.ma.us/sites/ayerma/files/uploads/election_results_september_4_2018.pdf,result,catalog,wayback,
Ayer,2018,https://www.ayer.ma.us/sites/ayerma/files/uploads/unofficial_election_results_11-6-2018.pdf,result,catalog,wayback,
Ayer,2018,https://www.ayer.ma.us/sites/g/files/vyhlif2756/f/uploads/2018_town_of_ayer_annual_report.pdf,atr,nodes,wayback,
Ayer,2019,https://www.ayer.ma.us/sites/g/files/vyhlif2756/f/uploads/2019_town_of_ayer_annual_report.pdf,atr,nodes,wayback,
Ayer,2020,https://www.ayer.ma.us/sites/g/files/vyhlif2756/f/uploads/2020_annual_report.pdf,atr,nodes,wayback,
Barnstable,2001,http://www.town.barnstable.ma.us:80/AnnualReports/2001%20ANNUAL%20REPORT%20FINAL.pdf,atr,nodes,wayback,
Barnstable,2002,http://www.town.barnstable.ma.us:80/AnnualReports/2002AnnualRpt.pdf,atr,nodes,wayback,
Barnstable,2003,http://www.town.barnstable.ma.us:80/AnnualReports/2003AnnualReport.pdf,atr,nodes,wayback,
Barnstable,2008,http://town.barnstable.ma.us/AnnualReports/annualreport2008.pdf,atr,nodes,wayback,
Barnstable,2009,http://town.barnstable.ma.us/AnnualReports/2009annualreport.pdf,atr,nodes,wayback,
Barnstable,2010,http://www.town.barnstable.ma.us/AnnualReports/AR2010webfinal.pdf,atr,nodes,wayback,
Barnstable,2011,https://tobweb.town.barnstable.ma.us/Departments/TownClerk/Results/Town%20Election%20NOV%202011.pdf,result,catalog,wayback,
Barnstable,2011,https://town.barnstable.ma.us/Departments/TownClerk/Results/Town%20Election%20NOV%202011.pdf,result,catalog,wayback,
Barnstable,2012,http://www.town.barnstable.ma.us/AnnualReports/2012ARforweb.pdf,atr,nodes,wayback,
Barnstable,2012,http://www.town.barnstable.ma.us/AnnualReports/AR_WEB_2012_2.pdf,atr,nodes,wayback,
Barnstable,2014,https://barnstable.gov/Departments\TownManager\Annual_Reports\FY2014_AR_Web.pdf?tm=7/26/2026 10:03:34 PM,atr,nodes,crawl,2014
Barnstable,2014,https://barnstable.gov/Departments\TownManager\Annual_Reports\FY2014_AR_Web.pdf?tm=7/26/2026 10:32:18 PM,atr,nodes,crawl,2014
Barnstable,2014,https://barnstable.gov/Departments\TownManager\Annual_Reports\FY2014_AR_Web.pdf?tm=7/26/2026 2:52:53 PM,atr,nodes,crawl,2014
Barnstable,2014,https://barnstable.gov/Departments\TownManager\Annual_Reports\FY2014_AR_Web.pdf?tm=7/27/2026 1:01:14 PM,atr,nodes,docsweep,2014
Barnstable,2014,https://barnstable.gov/Departments\TownManager\Annual_Reports\FY2014_AR_Web.pdf?tm=7/27/2026 1:39:47 PM,atr,nodes,docsweep,2014
Barnstable,2014,https://tobweb.town.barnstable.ma.us/Departments%5C%5CTownManager%5C%5CAnnual_Reports%5C%5CFY2014_AR_Web.pdf,atr,nodes,wayback,
Barnstable,2014,https://tobweb.town.barnstable.ma.us/Departments%5C%5CTownManager%5C%5CAnnual_Reports%5C%5CFY2014_AR_Web.pdf?tm=1/28/2023,atr,nodes,wayback,
Barnstable,2014,https://tobweb.town.barnstable.ma.us/Departments%5C%5CTownManager%5C%5CAnnual_Reports%5C%5CFY2014_AR_Web.pdf?tm=10/2/2022,atr,nodes,wayback,
Barnstable,2014,https://tobweb.town.barnstable.ma.us/Departments%5C%5CTownManager%5C%5CAnnual_Reports%5C%5CFY2014_AR_Web.pdf?tm=10/4/2023,atr,nodes,wayback,
Barnstable,2014,https://tobweb.town.barnstable.ma.us/Departments%5C%5CTownManager%5C%5CAnnual_Reports%5C%5CFY2014_AR_Web.pdf?tm=11/30/2022,atr,nodes,wayback,
Barnstable,2014,https://tobweb.town.barnstable.ma.us/Departments%5C%5CTownManager%5C%5CAnnual_Reports%5C%5CFY2014_AR_Web.pdf?tm=12/2/2022,atr,nodes,wayback,
Barnstable,2014,https://tobweb.town.barnstable.ma.us/Departments%5C%5CTownManager%5C%5CAnnual_Reports%5C%5CFY2014_AR_Web.pdf?tm=12/3/2022,atr,nodes,wayback,
Barnstable,2014,https://tobweb.town.barnstable.ma.us/Departments%5C%5CTownManager%5C%5CAnnual_Reports%5C%5CFY2014_AR_Web.pdf?tm=12/5/2022,atr,nodes,wayback,
Barnstable,2014,https://tobweb.town.barnstable.ma.us/Departments%5C%5CTownManager%5C%5CAnnual_Reports%5C%5CFY2014_AR_Web.pdf?tm=12/9/2022,atr,nodes,wayback,
Barnstable,2014,https://tobweb.town.barnstable.ma.us/Departments%5C%5CTownManager%5C%5CAnnual_Reports%5C%5CFY2014_AR_Web.pdf?tm=2/1/2023,atr,nodes,wayback,
Barnstable,2014,https://tobweb.town.barnstable.ma.us/Departments%5C%5CTownManager%5C%5CAnnual_Reports%5C%5CFY2014_AR_Web.pdf?tm=2/24/2024,atr,nodes,wayback,
Barnstable,2014,https://tobweb.town.barnstable.ma.us/Departments%5C%5CTownManager%5C%5CAnnual_Reports%5C%5CFY2014_AR_Web.pdf?tm=3/22/2023,atr,nodes,wayback,
Barnstable,2014,https://tobweb.town.barnstable.ma.us/Departments%5C%5CTownManager%5C%5CAnnual_Reports%5C%5CFY2014_AR_Web.pdf?tm=3/25/2023,atr,nodes,wayback,
Barnstable,2014,https://tobweb.town.barnstable.ma.us/Departments%5C%5CTownManager%5C%5CAnnual_Reports%5C%5CFY2014_AR_Web.pdf?tm=4/21/2024,atr,nodes,wayback,
Barnstable,2014,https://tobweb.town.barnstable.ma.us/Departments%5C%5CTownManager%5C%5CAnnual_Reports%5C%5CFY2014_AR_Web.pdf?tm=5/31/2023,atr,nodes,wayback,
Barnstable,2014,https://tobweb.town.barnstable.ma.us/Departments%5C%5CTownManager%5C%5CAnnual_Reports%5C%5CFY2014_AR_Web.pdf?tm=6/4/2023,atr,nodes,wayback,
Barnstable,2014,https://tobweb.town.barnstable.ma.us/Departments%5C%5CTownManager%5C%5CAnnual_Reports%5C%5CFY2014_AR_Web.pdf?tm=6/5/2023,atr,nodes,wayback,
Barnstable,2014,https://tobweb.town.barnstable.ma.us/Departments%5C%5CTownManager%5C%5CAnnual_Reports%5C%5CFY2014_AR_Web.pdf?tm=9/28/2022,atr,nodes,wayback,
Barnstable,2014,https://tobweb.town.barnstable.ma.us/Departments%5C%5CTownManager%5C%5CAnnual_Reports%5C%5CFY2014_AR_Web.pdf?tm=9/30/2023,atr,nodes,wayback,
Barnstable,2014,https://www.town.barnstable.ma.us/Departments/TownManager/Annual_Reports/FY2014_AR_Web.pdf,atr,nodes,wayback,
Barnstable,2015,https://barnstable.gov/Departments\TownManager\Annual_Reports\Barnstable-Annual-Report-2015.pdf?tm=7/26/2026 10:03:34 PM,atr,nodes,crawl,2015
Barnstable,2015,https://barnstable.gov/Departments\TownManager\Annual_Reports\Barnstable-Annual-Report-2015.pdf?tm=7/26/2026 10:32:18 PM,atr,nodes,crawl,2015
Barnstable,2015,https://barnstable.gov/Departments\TownManager\Annual_Reports\Barnstable-Annual-Report-2015.pdf?tm=7/26/2026 2:52:53 PM,atr,nodes,crawl,2015
Barnstable,2015,https://barnstable.gov/Departments\TownManager\Annual_Reports\Barnstable-Annual-Report-2015.pdf?tm=7/27/2026 1:01:14 PM,atr,nodes,docsweep,2015
Barnstable,2015,https://barnstable.gov/Departments\TownManager\Annual_Reports\Barnstable-Annual-Report-2015.pdf?tm=7/27/2026 1:39:47 PM,atr,nodes,docsweep,2015
Barnstable,2015,https://tobweb.town.barnstable.ma.us/Departments%5C%5CTownManager%5C%5CAnnual_Reports%5C%5CBarnstable-Annual-Report-2015.pdf,atr,nodes,wayback,
Barnstable,2015,https://tobweb.town.barnstable.ma.us/Departments%5C%5CTownManager%5C%5CAnnual_Reports%5C%5CBarnstable-Annual-Report-2015.pdf?tm=1/28/2023,atr,nodes,wayback,
Barnstable,2015,https://tobweb.town.barnstable.ma.us/Departments%5C%5CTownManager%5C%5CAnnual_Reports%5C%5CBarnstable-Annual-Report-2015.pdf?tm=10/2/2022,atr,nodes,wayback,
Barnstable,2015,https://tobweb.town.barnstable.ma.us/Departments%5C%5CTownManager%5C%5CAnnual_Reports%5C%5CBarnstable-Annual-Report-2015.pdf?tm=10/4/2023,atr,nodes,wayback,
Barnstable,2015,https://tobweb.town.barnstable.ma.us/Departments%5C%5CTownManager%5C%5CAnnual_Reports%5C%5CBarnstable-Annual-Report-2015.pdf?tm=11/30/2022,atr,nodes,wayback,
Barnstable,2015,https://tobweb.town.barnstable.ma.us/Departments%5C%5CTownManager%5C%5CAnnual_Reports%5C%5CBarnstable-Annual-Report-2015.pdf?tm=12/2/2022,atr,nodes,wayback,
Barnstable,2015,https://tobweb.town.barnstable.ma.us/Departments%5C%5CTownManager%5C%5CAnnual_Reports%5C%5CBarnstable-Annual-Report-2015.pdf?tm=12/3/2022,atr,nodes,wayback,
Barnstable,2015,https://tobweb.town.barnstable.ma.us/Departments%5C%5CTownManager%5C%5CAnnual_Reports%5C%5CBarnstable-Annual-Report-2015.pdf?tm=12/5/2022,atr,nodes,wayback,
Barnstable,2015,https://tobweb.town.barnstable.ma.us/Departments%5C%5CTownManager%5C%5CAnnual_Reports%5C%5CBarnstable-Annual-Report-2015.pdf?tm=12/9/2022,atr,nodes,wayback,
Barnstable,2015,https://tobweb.town.barnstable.ma.us/Departments%5C%5CTownManager%5C%5CAnnual_Reports%5C%5CBarnstable-Annual-Report-2015.pdf?tm=2/1/2023,atr,nodes,wayback,
Barnstable,2015,https://tobweb.town.barnstable.ma.us/Departments%5C%5CTownManager%5C%5CAnnual_Reports%5C%5CBarnstable-Annual-Report-2015.pdf?tm=2/24/2024,atr,nodes,wayback,
Barnstable,2015,https://tobweb.town.barnstable.ma.us/Departments%5C%5CTownManager%5C%5CAnnual_Reports%5C%5CBarnstable-Annual-Report-2015.pdf?tm=3/22/2023,atr,nodes,wayback,
Barnstable,2015,https://tobweb.town.barnstable.ma.us/Departments%5C%5CTownManager%5C%5CAnnual_Reports%5C%5CBarnstable-Annual-Report-2015.pdf?tm=3/25/2023,atr,nodes,wayback,
Barnstable,2015,https://tobweb.town.barnstable.ma.us/Departments%5C%5CTownManager%5C%5CAnnual_Reports%5C%5CBarnstable-Annual-Report-2015.pdf?tm=4/21/2024,atr,nodes,wayback,
Barnstable,2015,https://tobweb.town.barnstable.ma.us/Departments%5C%5CTownManager%5C%5CAnnual_Reports%5C%5CBarnstable-Annual-Report-2015.pdf?tm=5/31/2023,atr,nodes,wayback,
Barnstable,2015,https://tobweb.town.barnstable.ma.us/Departments%5C%5CTownManager%5C%5CAnnual_Reports%5C%5CBarnstable-Annual-Report-2015.pdf?tm=6/4/2023,atr,nodes,wayback,
Barnstable,2015,https://tobweb.town.barnstable.ma.us/Departments%5C%5CTownManager%5C%5CAnnual_Reports%5C%5CBarnstable-Annual-Report-2015.pdf?tm=6/5/2023,atr,nodes,wayback,
Barnstable,2015,https://tobweb.town.barnstable.ma.us/Departments%5C%5CTownManager%5C%5CAnnual_Reports%5C%5CBarnstable-Annual-Report-2015.pdf?tm=9/28/2022,atr,nodes,wayback,
Barnstable,2015,https://tobweb.town.barnstable.ma.us/Departments%5C%5CTownManager%5C%5CAnnual_Reports%5C%5CBarnstable-Annual-Report-2015.pdf?tm=9/30/2023,atr,nodes,wayback,
Barnstable,2016,https://barnstable.gov/Departments\TownManager\Annual_Reports\AR_2016_for_WEB.pdf?tm=7/26/2026 10:03:34 PM,atr,nodes,crawl,2016
Barnstable,2016,https://barnstable.gov/Departments\TownManager\Annual_Reports\AR_2016_for_WEB.pdf?tm=7/26/2026 10:32:18 PM,atr,nodes,crawl,2016
Barnstable,2016,https://barnstable.gov/Departments\TownManager\Annual_Reports\AR_2016_for_WEB.pdf?tm=7/26/2026 2:52:53 PM,atr,nodes,crawl,2016
Barnstable,2016,https://barnstable.gov/Departments\TownManager\Annual_Reports\AR_2016_for_WEB.pdf?tm=7/27/2026 1:01:14 PM,atr,nodes,docsweep,2016
Barnstable,2016,https://barnstable.gov/Departments\TownManager\Annual_Reports\AR_2016_for_WEB.pdf?tm=7/27/2026 1:39:47 PM,atr,nodes,docsweep,2016
Barnstable,2016,https://tobweb.town.barnstable.ma.us/Departments%5C%5CTownManager%5C%5CAnnual_Reports%5C%5CAR_2016_for_WEB.pdf,atr,nodes,wayback,
Barnstable,2016,https://tobweb.town.barnstable.ma.us/Departments%5C%5CTownManager%5C%5CAnnual_Reports%5C%5CAR_2016_for_WEB.pdf?tm=1/28/2023,atr,nodes,wayback,
Barnstable,2016,https://tobweb.town.barnstable.ma.us/Departments%5C%5CTownManager%5C%5CAnnual_Reports%5C%5CAR_2016_for_WEB.pdf?tm=10/4/2023,atr,nodes,wayback,
Barnstable,2016,https://tobweb.town.barnstable.ma.us/Departments%5C%5CTownManager%5C%5CAnnual_Reports%5C%5CAR_2016_for_WEB.pdf?tm=11/30/2022,atr,nodes,wayback,
Barnstable,2016,https://tobweb.town.barnstable.ma.us/Departments%5C%5CTownManager%5C%5CAnnual_Reports%5C%5CAR_2016_for_WEB.pdf?tm=12/2/2022,atr,nodes,wayback,
Barnstable,2016,https://tobweb.town.barnstable.ma.us/Departments%5C%5CTownManager%5C%5CAnnual_Reports%5C%5CAR_2016_for_WEB.pdf?tm=12/3/2022,atr,nodes,wayback,
Barnstable,2016,https://tobweb.town.barnstable.ma.us/Departments%5C%5CTownManager%5C%5CAnnual_Reports%5C%5CAR_2016_for_WEB.pdf?tm=12/5/2022,atr,nodes,wayback,
Barnstable,2016,https://tobweb.town.barnstable.ma.us/Departments%5C%5CTownManager%5C%5CAnnual_Reports%5C%5CAR_2016_for_WEB.pdf?tm=12/9/2022,atr,nodes,wayback,
Barnstable,2016,https://tobweb.town.barnstable.ma.us/Departments%5C%5CTownManager%5C%5CAnnual_Reports%5C%5CAR_2016_for_WEB.pdf?tm=2/1/2023,atr,nodes,wayback,
Barnstable,2016,https://tobweb.town.barnstable.ma.us/Departments%5C%5CTownManager%5C%5CAnnual_Reports%5C%5CAR_2016_for_WEB.pdf?tm=2/24/2024,atr,nodes,wayback,
Barnstable,2016,https://tobweb.town.barnstable.ma.us/Departments%5C%5CTownManager%5C%5CAnnual_Reports%5C%5CAR_2016_for_WEB.pdf?tm=3/22/2023,atr,nodes,wayback,
Barnstable,2016,https://tobweb.town.barnstable.ma.us/Departments%5C%5CTownManager%5C%5CAnnual_Reports%5C%5CAR_2016_for_WEB.pdf?tm=3/25/2023,atr,nodes,wayback,
Barnstable,2016,https://tobweb.town.barnstable.ma.us/Departments%5C%5CTownManager%5C%5CAnnual_Reports%5C%5CAR_2016_for_WEB.pdf?tm=4/21/2024,atr,nodes,wayback,
Barnstable,2016,https://tobweb.town.barnstable.ma.us/Departments%5C%5CTownManager%5C%5CAnnual_Reports%5C%5CAR_2016_for_WEB.pdf?tm=5/31/2023,atr,nodes,wayback,
Barnstable,2016,https://tobweb.town.barnstable.ma.us/Departments%5C%5CTownManager%5C%5CAnnual_Reports%5C%5CAR_2016_for_WEB.pdf?tm=6/4/2023,atr,nodes,wayback,
Barnstable,2016,https://tobweb.town.barnstable.ma.us/Departments%5C%5CTownManager%5C%5CAnnual_Reports%5C%5CAR_2016_for_WEB.pdf?tm=6/5/2023,atr,nodes,wayback,
Barnstable,2016,https://tobweb.town.barnstable.ma.us/Departments%5C%5CTownManager%5C%5CAnnual_Reports%5C%5CAR_2016_for_WEB.pdf?tm=9/28/2022,atr,nodes,wayback,
Barnstable,2016,https://tobweb.town.barnstable.ma.us/Departments%5C%5CTownManager%5C%5CAnnual_Reports%5C%5CAR_2016_for_WEB.pdf?tm=9/30/2023,atr,nodes,wayback,
Barnstable,2016,https://tobweb.town.barnstable.ma.us/Departments/TownClerk/Results/Official-Results-General-%20Election-11-8-2016.pdf,result,catalog,wayback,
Barnstable,2016,https://town.barnstable.ma.us/Departments/TownClerk/Results/Official-Results-General-%20Election-11-8-2016.pdf,result,catalog,wayback,
Barnstable,2017,https://barnstable.gov/Departments\TownManager\Annual_Reports\2017.pdf?tm=7/26/2026 10:03:34 PM,atr,nodes,crawl,2017
Barnstable,2017,https://barnstable.gov/Departments\TownManager\Annual_Reports\2017.pdf?tm=7/26/2026 10:32:18 PM,atr,nodes,crawl,2017
Barnstable,2017,https://barnstable.gov/Departments\TownManager\Annual_Reports\2017.pdf?tm=7/26/2026 2:52:53 PM,atr,nodes,crawl,2017
Barnstable,2017,https://barnstable.gov/Departments\TownManager\Annual_Reports\2017.pdf?tm=7/27/2026 1:01:14 PM,atr,nodes,docsweep,2017
Barnstable,2017,https://barnstable.gov/Departments\TownManager\Annual_Reports\2017.pdf?tm=7/27/2026 1:39:47 PM,atr,nodes,docsweep,2017
Barnstable,2017,https://tobweb.town.barnstable.ma.us/Departments%5C%5CTownManager%5C%5CAnnual_Reports%5C%5C2017.pdf,atr,nodes,wayback,
Barnstable,2017,https://tobweb.town.barnstable.ma.us/Departments%5C%5CTownManager%5C%5CAnnual_Reports%5C%5C2017.pdf?tm=10/2/2022,atr,nodes,wayback,
Barnstable,2017,https://tobweb.town.barnstable.ma.us/Departments%5C%5CTownManager%5C%5CAnnual_Reports%5C%5C2017.pdf?tm=10/4/2023,atr,nodes,wayback,
Barnstable,2017,https://tobweb.town.barnstable.ma.us/Departments%5C%5CTownManager%5C%5CAnnual_Reports%5C%5C2017.pdf?tm=11/30/2022,atr,nodes,wayback,
Barnstable,2017,https://tobweb.town.barnstable.ma.us/Departments%5C%5CTownManager%5C%5CAnnual_Reports%5C%5C2017.pdf?tm=12/2/2022,atr,nodes,wayback,
Barnstable,2017,https://tobweb.town.barnstable.ma.us/Departments%5C%5CTownManager%5C%5CAnnual_Reports%5C%5C2017.pdf?tm=12/3/2022,atr,nodes,wayback,
Barnstable,2017,https://tobweb.town.barnstable.ma.us/Departments%5C%5CTownManager%5C%5CAnnual_Reports%5C%5C2017.pdf?tm=12/5/2022,atr,nodes,wayback,
Barnstable,2017,https://tobweb.town.barnstable.ma.us/Departments%5C%5CTownManager%5C%5CAnnual_Reports%5C%5C2017.pdf?tm=12/9/2022,atr,nodes,wayback,
Barnstable,2017,https://tobweb.town.barnstable.ma.us/Departments%5C%5CTownManager%5C%5CAnnual_Reports%5C%5C2017.pdf?tm=2/1/2023,atr,nodes,wayback,
Barnstable,2017,https://tobweb.town.barnstable.ma.us/Departments%5C%5CTownManager%5C%5CAnnual_Reports%5C%5C2017.pdf?tm=3/22/2023,atr,nodes,wayback,
Barnstable,2017,https://tobweb.town.barnstable.ma.us/Departments%5C%5CTownManager%5C%5CAnnual_Reports%5C%5C2017.pdf?tm=3/25/2023,atr,nodes,wayback,
Barnstable,2017,https://tobweb.town.barnstable.ma.us/Departments%5C%5CTownManager%5C%5CAnnual_Reports%5C%5C2017.pdf?tm=4/21/2024,atr,nodes,wayback,
Barnstable,2017,https://tobweb.town.barnstable.ma.us/Departments%5C%5CTownManager%5C%5CAnnual_Reports%5C%5C2017.pdf?tm=5/31/2023,atr,nodes,wayback,
Barnstable,2017,https://tobweb.town.barnstable.ma.us/Departments%5C%5CTownManager%5C%5CAnnual_Reports%5C%5C2017.pdf?tm=6/4/2023,atr,nodes,wayback,
Barnstable,2017,https://tobweb.town.barnstable.ma.us/Departments%5C%5CTownManager%5C%5CAnnual_Reports%5C%5C2017.pdf?tm=6/5/2023,atr,nodes,wayback,
Barnstable,2017,https://tobweb.town.barnstable.ma.us/Departments%5C%5CTownManager%5C%5CAnnual_Reports%5C%5C2017.pdf?tm=9/28/2022,atr,nodes,wayback,
Barnstable,2017,https://tobweb.town.barnstable.ma.us/Departments%5C%5CTownManager%5C%5CAnnual_Reports%5C%5C2017.pdf?tm=9/30/2023,atr,nodes,wayback,
Barnstable,2018,https://barnstable.gov/Departments\TownManager\Annual_Reports\2018.pdf?tm=7/26/2026 10:03:34 PM,atr,nodes,crawl,2018
Barnstable,2018,https://barnstable.gov/Departments\TownManager\Annual_Reports\2018.pdf?tm=7/26/2026 10:32:18 PM,atr,nodes,crawl,2018
Barnstable,2018,https://barnstable.gov/Departments\TownManager\Annual_Reports\2018.pdf?tm=7/26/2026 2:52:53 PM,atr,nodes,crawl,2018
Barnstable,2018,https://barnstable.gov/Departments\TownManager\Annual_Reports\2018.pdf?tm=7/27/2026 1:01:14 PM,atr,nodes,docsweep,2018
Barnstable,2018,https://barnstable.gov/Departments\TownManager\Annual_Reports\2018.pdf?tm=7/27/2026 1:39:47 PM,atr,nodes,docsweep,2018
Barnstable,2018,https://tobweb.town.barnstable.ma.us/Departments%5C%5CTownManager%5C%5CAnnual_Reports%5C%5C2018.pdf,atr,nodes,wayback,
Barnstable,2018,https://tobweb.town.barnstable.ma.us/Departments%5C%5CTownManager%5C%5CAnnual_Reports%5C%5C2018.pdf?tm=10/4/2023,atr,nodes,wayback,
Barnstable,2018,https://tobweb.town.barnstable.ma.us/Departments%5C%5CTownManager%5C%5CAnnual_Reports%5C%5C2018.pdf?tm=2/24/2024,atr,nodes,wayback,
Barnstable,2018,https://tobweb.town.barnstable.ma.us/Departments%5C%5CTownManager%5C%5CAnnual_Reports%5C%5C2018.pdf?tm=3/25/2023,atr,nodes,wayback,
Barnstable,2018,https://tobweb.town.barnstable.ma.us/Departments%5C%5CTownManager%5C%5CAnnual_Reports%5C%5C2018.pdf?tm=4/21/2024,atr,nodes,wayback,
Barnstable,2018,https://tobweb.town.barnstable.ma.us/Departments%5C%5CTownManager%5C%5CAnnual_Reports%5C%5C2018.pdf?tm=6/5/2023,atr,nodes,wayback,
Barnstable,2018,https://tobweb.town.barnstable.ma.us/Departments%5C%5CTownManager%5C%5CAnnual_Reports%5C%5C2018.pdf?tm=9/30/2023,atr,nodes,wayback,
Barnstable,2019,https://barnstable.gov/Departments\TownManager\Annual_Reports\2019-.pdf?tm=7/26/2026 10:03:34 PM,atr,nodes,crawl,2019
Barnstable,2019,https://barnstable.gov/Departments\TownManager\Annual_Reports\2019-.pdf?tm=7/26/2026 10:32:18 PM,atr,nodes,crawl,2019
Barnstable,2019,https://barnstable.gov/Departments\TownManager\Annual_Reports\2019-.pdf?tm=7/26/2026 2:52:53 PM,atr,nodes,crawl,2019
Barnstable,2019,https://barnstable.gov/Departments\TownManager\Annual_Reports\2019-.pdf?tm=7/27/2026 1:01:14 PM,atr,nodes,docsweep,2019
Barnstable,2019,https://barnstable.gov/Departments\TownManager\Annual_Reports\2019-.pdf?tm=7/27/2026 1:39:47 PM,atr,nodes,docsweep,2019
Barnstable,2019,https://tobweb.town.barnstable.ma.us/Departments%5C%5CTownManager%5C%5CAnnual_Reports%5C%5C2019-.pdf,atr,nodes,wayback,
Barnstable,2019,https://tobweb.town.barnstable.ma.us/Departments%5C%5CTownManager%5C%5CAnnual_Reports%5C%5C2019-.pdf?tm=2/24/2024,atr,nodes,wayback,
Barnstable,2019,https://tobweb.town.barnstable.ma.us/Departments%5C%5CTownManager%5C%5CAnnual_Reports%5C%5C2019-.pdf?tm=4/21/2024,atr,nodes,wayback,
Barnstable,2020,https://barnstable.gov/Departments\TownManager\Annual_Reports\2020.pdf?tm=7/26/2026 10:03:34 PM,atr,nodes,crawl,2020
Barnstable,2020,https://barnstable.gov/Departments\TownManager\Annual_Reports\2020.pdf?tm=7/26/2026 10:32:18 PM,atr,nodes,crawl,2020
Barnstable,2020,https://barnstable.gov/Departments\TownManager\Annual_Reports\2020.pdf?tm=7/26/2026 2:52:53 PM,atr,nodes,crawl,2020
Barnstable,2020,https://barnstable.gov/Departments\TownManager\Annual_Reports\2020.pdf?tm=7/27/2026 1:01:14 PM,atr,nodes,docsweep,2020
Barnstable,2020,https://barnstable.gov/Departments\TownManager\Annual_Reports\2020.pdf?tm=7/27/2026 1:39:47 PM,atr,nodes,docsweep,2020
Barnstable,2020,https://tobweb.town.barnstable.ma.us/Departments%5C%5CTownManager%5C%5CAnnual_Reports%5C%5C2020.pdf,atr,nodes,wayback,
Barnstable,2020,https://tobweb.town.barnstable.ma.us/Departments%5C%5CTownManager%5C%5CAnnual_Reports%5C%5C2020.pdf?tm=1/28/2023,atr,nodes,wayback,
Barnstable,2020,https://tobweb.town.barnstable.ma.us/Departments%5C%5CTownManager%5C%5CAnnual_Reports%5C%5C2020.pdf?tm=10/4/2023,atr,nodes,wayback,
Barnstable,2020,https://tobweb.town.barnstable.ma.us/Departments%5C%5CTownManager%5C%5CAnnual_Reports%5C%5C2020.pdf?tm=11/30/2022,atr,nodes,wayback,
Barnstable,2020,https://tobweb.town.barnstable.ma.us/Departments%5C%5CTownManager%5C%5CAnnual_Reports%5C%5C2020.pdf?tm=12/3/2022,atr,nodes,wayback,
Barnstable,2020,https://tobweb.town.barnstable.ma.us/Departments%5C%5CTownManager%5C%5CAnnual_Reports%5C%5C2020.pdf?tm=12/5/2022,atr,nodes,wayback,
Barnstable,2020,https://tobweb.town.barnstable.ma.us/Departments%5C%5CTownManager%5C%5CAnnual_Reports%5C%5C2020.pdf?tm=12/9/2022,atr,nodes,wayback,
Barnstable,2020,https://tobweb.town.barnstable.ma.us/Departments%5C%5CTownManager%5C%5CAnnual_Reports%5C%5C2020.pdf?tm=2/1/2023,atr,nodes,wayback,
Barnstable,2020,https://tobweb.town.barnstable.ma.us/Departments%5C%5CTownManager%5C%5CAnnual_Reports%5C%5C2020.pdf?tm=2/24/2024,atr,nodes,wayback,
Barnstable,2020,https://tobweb.town.barnstable.ma.us/Departments%5C%5CTownManager%5C%5CAnnual_Reports%5C%5C2020.pdf?tm=3/22/2023,atr,nodes,wayback,
Barnstable,2020,https://tobweb.town.barnstable.ma.us/Departments%5C%5CTownManager%5C%5CAnnual_Reports%5C%5C2020.pdf?tm=3/25/2023,atr,nodes,wayback,
Barnstable,2020,https://tobweb.town.barnstable.ma.us/Departments%5C%5CTownManager%5C%5CAnnual_Reports%5C%5C2020.pdf?tm=4/21/2024,atr,nodes,wayback,
Barnstable,2020,https://tobweb.town.barnstable.ma.us/Departments%5C%5CTownManager%5C%5CAnnual_Reports%5C%5C2020.pdf?tm=5/31/2023,atr,nodes,wayback,
Barnstable,2020,https://tobweb.town.barnstable.ma.us/Departments%5C%5CTownManager%5C%5CAnnual_Reports%5C%5C2020.pdf?tm=6/4/2023,atr,nodes,wayback,
Barnstable,2020,https://tobweb.town.barnstable.ma.us/Departments%5C%5CTownManager%5C%5CAnnual_Reports%5C%5C2020.pdf?tm=6/5/2023,atr,nodes,wayback,
Barnstable,2020,https://tobweb.town.barnstable.ma.us/Departments%5C%5CTownManager%5C%5CAnnual_Reports%5C%5C2020.pdf?tm=9/28/2022,atr,nodes,wayback,
Barnstable,2020,https://tobweb.town.barnstable.ma.us/Departments%5C%5CTownManager%5C%5CAnnual_Reports%5C%5C2020.pdf?tm=9/30/2023,atr,nodes,wayback,
Barnstable,2020,https://town.barnstable.ma.us/Departments\TownManager\Annual_Reports\\AR_2016_for_WEB.pdf?tm=2/11/2020%209:28:41%20AM,atr,nodes,sitemap,
Barnstable,2020,https://town.barnstable.ma.us/Departments\TownManager\Annual_Reports\\Barnstable-Annual-Report-2015.pdf?tm=2/11/2020%209:28:41%20AM,atr,nodes,sitemap,
Barnstable,2020,https://town.barnstable.ma.us/Departments\TownManager\Annual_Reports\\FY2014_AR_Web.pdf?tm=2/11/2020%209:28:41%20AM,atr,nodes,sitemap,
Barre,2020,https://www.townofbarre.com/vertical/Sites/%7BBE114F1B-906E-45B0-8413-50FFE8B51C22%7D/uploads/2020-OFFICIAL-11-3-Pres-Election_Results.pdf,result,catalog,wayback,
Becket,2007,http://www.townofbecket.org/Public_Documents/BecketMA_BBoard/01F74FE1-000F8513.0/BECKET%20TOWN%20REPORT%2007%20WEB.pdf,atr,nodes,wayback,
Becket,2017,https://www.townofbecket.org/sites/g/files/vyhlif4146/f/uploads/2017_annual_town_report.pdf,atr,nodes,wayback,
Becket,2020,https://www.townofbecket.org/sites/g/files/vyhlif4146/f/uploads/becket_2020_town_report_for_web.pdf,atr,nodes,wayback,
Bedford,2005,http://www.bedfordnh.org:80/dept/townmanager/townreport2005.pdf,atr,nodes,wayback,
Bedford,2007,http://www.bedfordma.gov/sites/bedfordma/files/file/file/2007_annual_report.pdf,atr,nodes,wayback,
Bedford,2007,http://www.bedfordnh.org:80/dept/finance/2007finance/2007%20Bedford%20Annual%20Report.pdf,atr,nodes,wayback,
Bedford,2007,https://www.bedfordma.gov/sites/g/files/vyhlif6866/f/file/file/2007_annual_report.pdf,atr,nodes,wayback,
Bedford,2008,http://bedfordma.gov/dmdocuments/2008%20Trails%20Committee%20Annual%20Report.pdf,atr,nodes,wayback,
Bedford,2008,http://www.bedfordma.gov/sites/bedfordma/files/file/file/2008_annual_report.pdf,atr,nodes,wayback,
Bedford,2008,http://www.bedfordnh.org:80/dept/finance/2008finance/2008%20Bedford%20Annual%20Report.pdf,atr,nodes,wayback,
Bedford,2008,https://www.bedfordma.gov/sites/g/files/vyhlif6866/f/file/file/2008_annual_report.pdf,atr,nodes,wayback,
Bedford,2009,http://bedfordma.gov/dmdocuments/2009%20Trails%20Committee%20Annual%20Report.pdf,atr,nodes,wayback,
Bedford,2009,http://bedfordnh.org:80/dept/clerk/2009clerk/2009%20Town%20and%20School%20Election%20Results%201.pdf,result,catalog,wayback,
Bedford,2009,http://www.bedfordnh.org:80/pages/BedfordNH_Clerk/2009annualreport.pdf,atr,nodes,wayback,
Bedford,2009,https://www.bedfordma.gov/sites/g/files/vyhlif6866/f/file/file/annual_report_2009_final-updated_2-26-10.pdf,atr,nodes,wayback,
Bedford,2010,http://bedfordma.gov/dmdocuments/2010%20Trails%20Committee%20Annual%20Report.pdf,atr,nodes,wayback,
Bedford,2010,http://www.bedfordma.gov/sites/bedfordma/files/file/file/annual_report_2010_-_website.pdf,atr,nodes,wayback,
Bedford,2010,https://www.bedfordnh.org/DocumentCenter/View/2316,result,catalog,dc_idsweep,2010townelectionresults?bidId=
Bedford,2011,http://www.bedfordma.gov/sites/bedfordma/files/file/file/annual_report_2011_final.pdf,atr,nodes,wayback,
Bedford,2011,http://www.bedfordnh.org:80/pages/BedfordNH_Clerk/2011annualreport.pdf,atr,nodes,wayback,
Bedford,2012,http://www.bedfordma.gov/sites/bedfordma/files/file/file/annual_report_2012_final.pdf,atr,nodes,wayback,
Bedford,2012,http://www.bedfordma.gov/sites/bedfordma/files/file/file/annual_report_2012_final2.pdf,atr,nodes,wayback,
Bedford,2012,http://www.bedfordma.gov:80/sites/bedfordma/files/file/file/yfs-2012_annual_report_0.pdf,atr,nodes,wayback,
Bedford,2013,http://www.bedfordma.gov/sites/bedfordma/files/file/file/annual_town_report_2013.pdf,atr,nodes,wayback,
Bedford,2013,http://www.bedfordma.gov/sites/bedfordma/files/file/file/annual_town_report_2013_0.pdf,atr,nodes,wayback,
Bedford,2014,http://www.bedfordma.gov/sites/bedfordma/files/file/file/2014_town_of_bedford_annual_report_web_version.pdf,atr,nodes,wayback,
Bedford,2014,http://www.bedfordma.gov/sites/bedfordma/files/file/file/2014_town_of_bedford_annual_report_web_version_0.pdf,atr,nodes,wayback,
Bedford,2015,http://www.bedfordma.gov/sites/bedfordma/files/file/file/2015_annual_report.pdf,atr,nodes,wayback,
Bedford,2015,http://www.bedfordma.gov/sites/bedfordma/files/file/file/2015_town_of_bedford_annual_report_final.pdf,atr,nodes,wayback,
Bedford,2015,http://www.bedfordma.gov/sites/bedfordma/files/file/file/2015_town_of_bedford_annual_report_final_0.pdf,atr,nodes,wayback,
Bedford,2015,https://www.thebedfordcitizen.org/wp-content/uploads/2015/05/Town-Report-2014.pdf,atr,nodes,wayback,
Bedford,2016,https://www.thebedfordcitizen.org/wp-content/uploads/2016/03/2015_town_of_bedford_annual_report_final-03152016.pdf,atr,nodes,wayback,
Bedford,2018,https://www.bedfordma.gov/sites/g/files/vyhlif2781/f/uploads/2018annual_report.pdf,atr,nodes,wayback,
Bedford,2019,https://www.bedfordma.gov/sites/g/files/vyhlif6866/f/pages/annualreport_2019_complete_ocrmissing.pdf,atr,nodes,wayback,
Bedford,2019,https://www.bedfordnh.org/DocumentCenter/View/3835/2019-Town-Ballot-Results,result,catalog,wayback,
Bedford,2019,https://www.bedfordnh.org/DocumentCenter/View/3836,result,catalog,dc_idsweep,2019 School Ballot Results?bidId=
Bedford,2020,https://bedfordnh.org/DocumentCenter/View/4425/2020-RESULTS-TOWN-BALLOT,result,catalog,wayback,
Bedford,2020,https://bedfordnh.org/DocumentCenter/View/4426/2020-RESULTS-SCHOOL-BALLOT,result,catalog,wayback,
Bedford,2020,https://cdn.thebedfordcitizen.org/wp-content/uploads/2020/10/TBC-2019-Annual-Report.pdf,atr,nodes,crawl,2019 Annual Report
Bedford,2020,https://cdn.thebedfordcitizen.org/wp-content/uploads/2021/06/AnnualReport2020-TO-POST-06242021.pdf,atr,nodes,crawl,2020 Annual Report
Bedford,2020,https://www.bedfordma.gov/sites/g/files/vyhlif2781/f/news/2020.11.03_tally_sheet_0.pdf,result,catalog,wayback,
Bedford,2020,https://www.thebedfordcitizen.org/wp-content/uploads/2020/10/TBC-2019-Annual-Report.pdf,atr,nodes,wayback,
Bedford,2020,https://www.thebedfordcitizen.org/wp-content/uploads/2021/06/AnnualReport2020-TO-POST-06242021.pdf,atr,nodes,wayback,
Belchertown,2005,http://www.belchertown.org/departments/dpw/downloads/AnnualReport2005.pdf,atr,nodes,wayback,
Belchertown,2005,http://www.belchertown.org:80/departments/computing/files/Annual_Report_2005.pdf,atr,nodes,wayback,
Belchertown,2011,http://www.belchertown.org/belchertown/home/docs/Town_Report_2011.pdf,atr,nodes,wayback,
Belmont,2004,http://www.belmont-ma.gov:80/Public_Documents/BelmontMA_WebDocs/townreports/2004/selectmen.pdf,atr,nodes,wayback,
Belmont,2005,http://www.belmont-ma.gov/sites/belmontma/files/file/file/2005aprilelectionresults.pdf,result,catalog,wayback,
Belmont,2005,http://www.belmont-ma.gov:80/Public_Documents/BelmontMA_WebDocs/townreports/2005/bos.pdf,atr,nodes,wayback,
Belmont,2005,http://www.belmont-ma.gov:80/Public_Documents/BelmontMA_WebDocs/townreports/2005/finance/boa.pdf,atr,nodes,wayback,
Belmont,2005,https://belmont-ma.gov/DocumentCenter/View/1474/November-14-2005-Debt-Exclusion---Senior-Center-Election-Results-PDF,result,catalog,docsweep,"November 14, 2005 Debt Exclusion - Senior Center Election Results (PDF)"
Belmont,2005,https://belmont-ma.gov/ImageRepository/Document?documentID=267,result,catalog,documentcenter,Departments / Town Clerk / Elections / Election Results 2005 Election Results
Belmont,2005,https://www.belmont-ma.gov/DocumentCenter/View/1473/April-4-2005-Annual-Town-Election-Results-PDF,result,catalog,wayback,
Belmont,2005,https://www.belmont-ma.gov/sites/belmontma/files/file/file/2005novemberelectionresults.pdf,result,catalog,wayback,
Belmont,2006,http://www.belmont-ma.gov:80/Public_Documents/BelmontMA_WebDocs/townreports/2006/bos.pdf,atr,nodes,wayback,
Belmont,2006,http://www.belmont-ma.gov:80/Public_Documents/BelmontMA_WebDocs/townreports/2006/finance/assess.pdf,atr,nodes,wayback,
Belmont,2006,http://www.belmont-ma.gov:80/Public_Documents/BelmontMA_WebDocs/townreports/2006/landuse/ocd.pdf,atr,nodes,wayback,
Belmont,2006,https://belmont-ma.gov/DocumentCenter/View/9392/April-3-2006-Annual-Election-Results-with-Override,result,catalog,docsweep,"April 3, 2006 Annual Election Results with Override"
Belmont,2006,https://belmont-ma.gov/ImageRepository/Document?documentID=266,result,catalog,documentcenter,Departments / Town Clerk / Elections / Election Results 2006 Election Results
Belmont,2006,https://www.belmont-ma.gov/sites/belmontma/files/file/file/2006novemberelectionresults.pdf,result,catalog,wayback,
Belmont,2007,http://www.belmont-ma.gov/sites/belmontma/files/file/file/2007aprilelectionresults.pdf,result,catalog,wayback,
Belmont,2007,http://www.belmont-ma.gov/sites/belmontma/files/file/file/epa_annual_report_2007_0.pdf,atr,nodes,wayback,
Belmont,2007,https://belmont-ma.gov/DocumentCenter/View/1475/April-2-2007-Annual-Town-Election-Results-PDF,result,catalog,docsweep,"April 2, 2007 Annual Town Election Results (PDF)"
Belmont,2007,https://belmont-ma.gov/ImageRepository/Document?documentID=265,result,catalog,documentcenter,Departments / Town Clerk / Elections / Election Results 2007 Election Results
Belmont,2007,https://www.belmont-ma.gov/sites/belmontma/files/file/file/epa_annual_report_2007.pdf,atr,nodes,wayback,
Belmont,2008,http://www.belmont-ma.gov/sites/belmontma/files/file/file/2008aprilelectionresults.pdf,result,catalog,wayback,
Belmont,2008,http://www.belmont-ma.gov/sites/belmontma/files/file/file/2008novemberelectionresults.pdf,result,catalog,wayback,
Belmont,2008,http://www.belmont-ma.gov:80/sites/belmontma/files/file/file/2008annualreport.pdf,atr,nodes,wayback,
Belmont,2008,https://belmont-ma.gov/DocumentCenter/View/1477/June-9-2008-Special-Override-Election-Results-PDF,result,catalog,docsweep,"June 9, 2008 Special Override Election Results (PDF)"
Belmont,2008,https://belmont-ma.gov/DocumentCenter/View/1478/April-7-2008-Annual-Town-Election-Results-PDF,result,catalog,docsweep,"April 7, 2008 Annual Town Election Results (PDF)"
Belmont,2008,https://belmont-ma.gov/ImageRepository/Document?documentID=264,result,catalog,documentcenter,Departments / Town Clerk / Elections / Election Results 2008 Election Results
Belmont,2009,http://www.belmont-ma.gov/sites/belmontma/files/file/file/2009aprilelectionresults.pdf,result,catalog,wayback,
Belmont,2009,http://www.belmont-ma.gov/sites/belmontma/files/file/file/npdes_annual_report_2009.pdf,atr,nodes,wayback,
Belmont,2009,http://www.belmont-ma.gov:80/sites/belmontma/files/file/file/npdes_annual_report_2009_0.pdf,atr,nodes,wayback,
Belmont,2009,https://belmont-ma.gov/DocumentCenter/View/1483/June-8-2009-Debt-Exclusion---Wellington-School-Election-Results-PDF,result,catalog,docsweep,"June 8, 2009 Debt Exclusion - Wellington School Election Results (PDF)"
Belmont,2009,https://belmont-ma.gov/ImageRepository/Document?documentID=263,result,catalog,documentcenter,Departments / Town Clerk / Elections / Election Results 2009 Election Results
Belmont,2009,https://www.belmont-ma.gov/DocumentCenter/View/1481/April-6-2009-Annual-Town-Election-Results-Unofficial-PDF,result,catalog,wayback,
Belmont,2009,https://www.belmont-ma.gov/sites/belmontma/files/file/file/2009annualreport.pdf,atr,nodes,wayback,
Belmont,2009,https://www.belmont-ma.gov/sites/belmontma/files/file/file/2009decemberprimaryresultsprecincts.pdf,result,catalog,wayback,
Belmont,2009,https://www.belmont-ma.gov/sites/belmontma/files/file/file/2009junewellingtonelectionresults.pdf,result,catalog,wayback,
Belmont,2010,http://www.belmont-ma.gov/sites/belmontma/files/file/file/2010aprilunofficialelectionresultsbyprecinct.pdf,result,catalog,wayback,
Belmont,2010,http://www.belmont-ma.gov/sites/belmontma/files/file/file/2010novemberofficialresultsbyprecincts.pdf,result,catalog,wayback,
Belmont,2010,http://www.belmont-ma.gov/sites/belmontma/files/file/file/npdes_annual_report_2010.pdf,atr,nodes,wayback,
Belmont,2010,http://www.belmont-ma.gov/sites/belmontma/files/file/file/npdes_annual_report_2010_0.pdf,atr,nodes,wayback,
Belmont,2010,https://belmont-ma.gov/DocumentCenter/View/1486/April-5-2010-Annual-Town-Election-Results-Unofficial-PDF,result,catalog,docsweep,"April 5, 2010 Annual Town Election Results (Unofficial) (PDF)"
Belmont,2010,https://belmont-ma.gov/ImageRepository/Document?documentID=262,result,catalog,documentcenter,Departments / Town Clerk / Elections / Election Results 2010 Election Results
Belmont,2010,https://www.belmont-ma.gov/DocumentCenter/View/1485/June-14-2010-Special-Override-Election-Results-Official-PDF,result,catalog,wayback,
Belmont,2010,https://www.belmont-ma.gov/sites/belmontma/files/file/file/2010annualreport.pdf,atr,nodes,wayback,
Belmont,2011,http://www.belmont-ma.gov/sites/belmontma/files/file/file/2011annualreport.pdf,atr,nodes,wayback,
Belmont,2011,https://belmont-ma.gov/DocumentCenter/View/1491/April-4-2011-Annual-Town-Election-Results-Official-PDF,result,catalog,docsweep,"April 4, 2011 Annual Town Election Results (Official) (PDF)"
Belmont,2011,https://belmont-ma.gov/ImageRepository/Document?documentID=261,result,catalog,documentcenter,Departments / Town Clerk / Elections / Election Results 2011 Election Results
Belmont,2011,https://www.belmont-ma.gov/sites/belmontma/files/file/file/2011aprilelectionresultsbyprecinct.pdf,result,catalog,wayback,
Belmont,2012,http://www.belmont-ma.gov/sites/belmontma/files/file/file/2012aprilelectionresultsbyprecinct.pdf,result,catalog,wayback,
Belmont,2012,http://www.belmont-ma.gov/sites/belmontma/files/file/file/annual_report_fy2012.pdf,atr,nodes,wayback,
Belmont,2012,http://www.belmont-ma.gov/sites/belmontma/files/file/file/npdes_2012_annual_report.pdf,atr,nodes,wayback,
Belmont,2012,http://www.belmont-ma.gov/sites/belmontma/files/file/file/npdes_annual_report_2012_0.pdf,atr,nodes,wayback,
Belmont,2012,http://www.belmont-ma.gov:80/sites/belmontma/files/file/file/npdes_2012_annual_report_0.pdf,atr,nodes,wayback,
Belmont,2012,https://belmont-ma.gov/DocumentCenter/View/1493/April-2-2012-Annual-Town-Election-Results-Official-PDF,result,catalog,docsweep,"April 2, 2012 Annual Town Election Results (Official) (PDF)"
Belmont,2012,https://belmont-ma.gov/ImageRepository/Document?documentID=260,result,catalog,documentcenter,Departments / Town Clerk / Elections / Election Results 2012 Election Results
Belmont,2012,https://www.belmont-ma.gov/sites/belmontma/files/file/file/2012-3-6_official_results_by_precinct.pdf,result,catalog,wayback,
Belmont,2012,https://www.belmont-ma.gov/sites/belmontma/files/file/file/2012annualreport.pdf,atr,nodes,wayback,
Belmont,2012,https://www.belmont-ma.gov/sites/belmontma/files/file/file/npdes_annual_report_2012.pdf,atr,nodes,wayback,
Belmont,2013,http://belmont-ma.gov:80/Public_Documents/BelmontMA_Clerk/2013AprilOfficialTownElectionResultsByPrecinct.pdf,result,catalog,wayback,
Belmont,2013,http://belmont-ma.gov:80/Public_Documents/BelmontMA_Clerk/2013DecemberSpecialStatePrecinctResults.pdf,result,catalog,wayback,
Belmont,2013,http://www.belmont-ma.gov/sites/belmontma/files/file/file/2013annualreport.pdf,atr,nodes,wayback,
Belmont,2013,http://www.belmont-ma.gov/sites/belmontma/files/file/file/2013aprilofficialtownelectionresultsbyprecinct.pdf,result,catalog,wayback,
Belmont,2013,https://belmont-ma.gov/DocumentCenter/View/1499/April-2-2013-Town-Election-Results-Official-PDF,result,catalog,docsweep,"April 2, 2013 Town Election Results (Official) (PDF)"
Belmont,2013,https://belmont-ma.gov/ImageRepository/Document?documentID=259,result,catalog,documentcenter,Departments / Town Clerk / Elections / Election Results 2013 Election Results
Belmont,2013,https://www.belmont-ma.gov/sites/g/files/vyhlif6831/f/file/file/2013annualreport.pdf,atr,nodes,wayback,
Belmont,2014,http://belmont-ma.gov:80/Public_Documents/BelmontMA_Clerk/2014AprilOfficialElectionResultsByPrecinct.pdf,result,catalog,wayback,
Belmont,2014,http://belmont-ma.gov:80/Public_Documents/BelmontMA_Clerk/townmeeting/2014-04-28Precinct3Recount.pdf,result,catalog,wayback,
Belmont,2014,http://www.belmont-ma.gov/sites/belmontma/files/file/file/2014aprilofficialelectionresultsbyprecinct.pdf,result,catalog,wayback,
Belmont,2014,https://belmont-ma.gov/DocumentCenter/View/1503/April-28-2014-Precinct-3-Recount-Results-Official-PDF,result,catalog,docsweep,"April 28, 2014 Precinct 3 Recount Results (Official) (PDF)"
Belmont,2014,https://belmont-ma.gov/DocumentCenter/View/1504/April-1-2014-Results-Annual-Town-Election-Official-PDF,result,catalog,docsweep,"April 1, 2014 Results Annual Town Election (Official) (PDF)"
Belmont,2014,https://belmont-ma.gov/ImageRepository/Document?documentID=258,result,catalog,documentcenter,Departments / Town Clerk / Elections / Election Results 2014 Election Results
Belmont,2015,http://www.belmont-ma.gov:80/sites/belmontma/files/file/file/2015-04-07_local_election_official_results_0.pdf,result,catalog,wayback,
Belmont,2015,https://belmont-ma.gov/DocumentCenter/View/1507/April-7-2015-Local-Election-and-Override-Results-Official-PDF,result,catalog,docsweep,"April 7, 2015 Local Election and Override Results (Official) (PDF)"
Belmont,2015,https://belmont-ma.gov/ImageRepository/Document?documentID=257,result,catalog,documentcenter,Departments / Town Clerk / Elections / Election Results 2015 Election Results
Belmont,2015,https://www.belmont-ma.gov/sites/belmontma/files/file/file/2015-04-07_local_election_official_results_1.pdf,result,catalog,wayback,
Belmont,2016,http://www.belmont-ma.gov:80/sites/belmontma/files/file/file/2016-03-01_pres_primary_official_results_by_precinct.pdf,result,catalog,wayback,
Belmont,2016,http://www.belmont-ma.gov:80/sites/belmontma/files/file/file/2016-04-05_town_election_official_results.pdf,result,catalog,wayback,
Belmont,2016,https://belmont-ma.gov/DocumentCenter/View/1508/April-5-2016-Annual-Town-Election-Results-Official-PDF,result,catalog,docsweep,"April 5, 2016 Annual Town Election Results (Official) PDF)"
Belmont,2016,https://belmont-ma.gov/DocumentCenter/View/1512/September-20-2016-District-Wide-Election-Results-Provided-by-Minuteman-Regional-High-School-District-PDF,result,catalog,docsweep,"September 20, 2016 District Wide Election Results Provided by Minuteman Regional High School District (PDF)"
Belmont,2016,https://belmont-ma.gov/DocumentCenter/View/219,result,catalog,dc_idsweep,Minuteman Election 9 20 2016 Results PDF?bidId=
Belmont,2016,https://belmont-ma.gov/ImageRepository/Document?documentID=256,result,catalog,documentcenter,Departments / Town Clerk / Elections / Election Results 2016 Election Results
Belmont,2016,https://www.belmont-ma.gov/DocumentCenter/View/1559/September-20-2016-Minuteman-Regional-High-School-Election-Results-Official-PDF,result,catalog,wayback,
Belmont,2016,https://www.belmont-ma.gov/sites/belmontma/files/file/file/2016-03-01_pres_primary_official_results_by_precinct_0.pdf,result,catalog,wayback,
Belmont,2016,https://www.belmont-ma.gov/sites/belmontma/files/file/file/2016-09-20_minuteman_election_official_results_0.pdf,result,catalog,wayback,
Belmont,2017,https://belmont-ma.gov/DocumentCenter/View/1514/April-4-2017-Annual-Town-Election-Results-Official-PDF,result,catalog,docsweep,"April 4, 2017 Annual Town Election Results (Official) (PDF)"
Belmont,2017,https://belmont-ma.gov/ImageRepository/Document?documentID=255,result,catalog,documentcenter,Departments / Town Clerk / Elections / Election Results 2017 Election Results
Belmont,2017,https://www.belmont-ma.gov/sites/g/files/vyhlif12826/f/u736/final_-_town_of_belmont_annual_report_-_4-28-2017-_with_treasurer.pdf,atr,nodes,wayback,
Belmont,2018,http://www.belmont-ma.gov:80/sites/belmontma/files/uploads/2018-04-03_local_election_official_results_by_precinct_2.pdf,result,catalog,wayback,
Belmont,2018,https://belmont-ma.gov/ImageRepository/Document?documentID=268,result,catalog,documentcenter,Departments / Town Clerk / Elections / Election Results 2018 Election Results
Belmont,2018,https://www.belmont-ma.gov/DocumentCenter/View/1578/April-3-2018-Local-Election-Results-Official-PDF,result,catalog,wayback,
Belmont,2018,https://www.belmont-ma.gov/sites/g/files/vyhlif12826/f/uploads/2018_annual_report_-_with_covers.pdf,atr,nodes,wayback,
Belmont,2019,https://belmont-ma.gov/DocumentCenter/View/1518/April-2-2019-Local-Election-Results-Official-PDF,result,catalog,docsweep,"April 2, 2019 Local Election Results (Official) (PDF)"
Belmont,2019,https://belmont-ma.gov/ImageRepository/Document?documentID=254,result,catalog,documentcenter,Departments / Town Clerk / Elections / Election Results 2019 Election Results
Belmont,2020,https://belmont-ma.gov/DocumentCenter/View/1520/June-23-2020-postponed-from-April-7-2020-Local-Election-Results-Official-PDF,result,catalog,docsweep,"June 23, 2020 (postponed from April 7, 2020) Local Election Results (Official) (PDF)"
Belmont,2020,https://belmont-ma.gov/ImageRepository/Document?documentID=253,result,catalog,documentcenter,Departments / Town Clerk / Elections / Election Results 2020 Election Results
Belmont,2020,https://www.belmont-ma.gov/sites/g/files/vyhlif12826/f/uploads/annual_report_2020_for_web_viewing.pdf,atr,nodes,wayback,
Belmont,2020,https://www.belmont-ma.gov/sites/g/files/vyhlif2801/f/uploads/2020-06-23_town_election_official_results.pdf,result,catalog,wayback,
Belmont,2020,https://www.belmont-ma.gov/sites/g/files/vyhlif6831/f/uploads/2020-11-03_belmont_official_results_by_precinct_0.pdf,result,catalog,wayback,
Berkley,2017,https://townofberkleyma.gov/wp-content/uploads/2025/09/May-6-2017-Election-Results.pdf,result,catalog,wayback,
Berkley,2020,https://townofberkleyma.gov/wp-content/uploads/2025/09/May-30-2020-Annual-Town-Election-Results.pdf,result,catalog,wayback,
Berlin,2001,http://www.townofberlin.com:80/TownClerk/election%20results%205-9-2001.pdf,result,catalog,wayback,
Berlin,2008,http://townofberlin.com/Conservation%20Commission/2008_Annual_Report_Berlin_Conservation_Commission.pdf,atr,nodes,wayback,
Berlin,2008,http://www.townofberlin.com:80/town/Conservation%20Commission/2008_Annual_Report_Berlin_Conservation_Commission.pdf,atr,nodes,wayback,
Berlin,2009,http://www.townofberlin.com/town-original/fire/2009%20Town%20Report.pdf,atr,nodes,wayback,
Berlin,2013,http://www.townofberlin.com/wp-content/uploads/2013/12/Election-Results-Local-Town-Election-2013.pdf,result,catalog,wayback,
Berlin,2014,http://www.townofberlin.com/wp-content/uploads/2014/05/2014_LocalElectionResults.pdf,result,catalog,wayback,
Berlin,2016,https://www.townofberlin.com/sites/g/files/vyhlif4156/f/uploads/annual-report-2016-scan-searchable-1.pdf,atr,nodes,wayback,
Berlin,2017,https://www.townofberlin.com/sites/g/files/vyhlif4156/f/uploads/annual_town_reports_2017_lores.pdf,atr,nodes,wayback,
Berlin,2017,https://www.townofberlin.com/sites/g/files/vyhlif4156/f/uploads/annual_town_reports_2017_recreation.pdf,atr,nodes,wayback,
Berlin,2019,https://www.townofberlin.com/sites/g/files/vyhlif4156/f/pages/2018_town_reports_online_as_edited_and_reposted_4-25-2019_by_atr_committee.pdf,atr,nodes,wayback,
Berlin,2019,https://www.townofberlin.com/sites/g/files/vyhlif4156/f/pages/2019_town_reports_-_corrected_to_include_omitted_ta_report.pdf,atr,nodes,wayback,
Berlin,2019,https://www.townofberlin.com/sites/g/files/vyhlif4156/f/uploads/2019-5-13_annual_town_election_results_-_berlin_ma_2c_0.pdf,result,catalog,wayback,
Berlin,2020,https://www.townofberlin.com/sites/g/files/vyhlif4156/f/pages/town_reports_2020_online_-_final_4-20-2021.pdf,atr,nodes,wayback,
Bernardston,2009,http://townofbernardston.org/images/bpd/pdf/2009_annual_report.pdf,atr,nodes,wayback,
Bernardston,2010,http://townofbernardston.org/images/bpd/pdf/2010_annual_report.pdf,atr,nodes,wayback,
Bernardston,2011,http://townofbernardston.org/images/bpd/pdf/2011_annual_report.pdf,atr,nodes,wayback,
Bernardston,2012,http://townofbernardston.org/images/bpd/pdf/2012_annual_report.pdf,atr,nodes,wayback,
Bernardston,2013,http://townofbernardston.org/images/bpd/pdf/2013_annual_report.pdf,atr,nodes,wayback,
Bernardston,2014,http://townofbernardston.org/images/bpd/pdf/2014_annual_report.pdf,atr,nodes,wayback,
Beverly,2010,http://www.beverlyma.gov/docs/news/FY-2010-Annual-Report.pdf,atr,nodes,wayback,
Beverly,2012,http://www.beverlyma.gov:80/docs/news/2012-Annual-Report.pdf,atr,nodes,wayback,
Beverly,2013,http://www.beverlyma.gov/wp-content/uploads/2013/12/Annual-Report-FY09.pdf,atr,nodes,wayback,
Beverly,2014,http://www.beverlyma.gov/wp-content/uploads/2014/10/License-Board-Annual-Report-2012-2.14.13.pdf,atr,nodes,wayback,
Beverly,2014,http://www.beverlyma.gov/wp-content/uploads/2014/11/Unofficial-Results-November-4-2014-Election.pdf,result,catalog,wayback,
Beverly,2014,http://www.beverlyma.gov:80/wp-content/uploads/2014/10/Annual-Report-2013-Licence-Board.pdf,atr,nodes,wayback,
Beverly,2018,https://beverlyma.gov/DocumentCenter/View/123/November-6-2018-Election-Official-Results-PDF,result,catalog,wayback,
Beverly,2018,https://www.beverlyma.gov/DocumentCenter/View/123/November-6-2018-Certified-Election-Results-PDF,result,catalog,wayback,
Beverly,2018,https://www.beverlyma.gov/DocumentCenter/View/123/November-6-2018-Election-Official-Results-PDF?bidId=,result,catalog,wayback,
Beverly,2020,https://www.beverlyma.gov/DocumentCenter/View/1127/November-3-2020-Election-Official-Results-PDF,result,catalog,wayback,
Billerica,2001,http://www.town.billerica.ma.us/cities/billericama/docs/UploadedPages/2001%20billerica%20annual%20report.pdf,atr,nodes,wayback,
Billerica,2018,https://billerica.gov/wp-content/uploads/2018/10/Spring-2018-Town-Meeting-2018-Annual-Report-Final.pdf,atr,nodes,wayback,
Billerica,2018,https://ma-billerica.civicplus.com/DocumentCenter/View/7438,result,catalog,dc_idsweep,April 7 2018 Town Election Unofficial Results?bidId=
Billerica,2019,https://ma-billerica.civicplus.com/DocumentCenter/View/9512,result,catalog,dc_idsweep,Annual town election results 2019?bidId=
Billerica,2019,https://www.town.billerica.ma.us/DocumentCenter/View/9512/Annual-town-election-results-2019,result,catalog,wayback,
Blackstone,2010,https://townofblackstone.org/DocumentCenter/View/254/Results-Annual-Town-Election-2010-PDF,result,catalog,docsweep,Results Annual Town Election 2010 (PDF)
Blackstone,2010,https://www.townofblackstone.org/sites/g/files/vyhlif166/f/uploads/2010_annual_town_report.pdf,atr,nodes,wayback,
Blackstone,2011,https://www.townofblackstone.org/sites/g/files/vyhlif166/f/uploads/2011_annual_town_report.pdf,atr,nodes,wayback,
Blackstone,2012,https://www.townofblackstone.org/sites/g/files/vyhlif166/f/uploads/2012_annual_town_report.pdf,atr,nodes,wayback,
Blackstone,2013,https://www.townofblackstone.org/sites/g/files/vyhlif166/f/uploads/2013_annual_town_report.pdf,atr,nodes,wayback,
Blackstone,2014,http://www.townofblackstone.org:80/Pages/BlackstoneMA_BOS/AnnualReports/2014.pdf,atr,nodes,wayback,
Blackstone,2014,https://www.townofblackstone.org/sites/g/files/vyhlif166/f/uploads/2014_annual_town_report.pdf,atr,nodes,wayback,
Blackstone,2015,https://townofblackstone.org/DocumentCenter/View/318/Results-of-Annual-Town-Election-April-6-2015-PDF,result,catalog,docsweep,"Results of Annual Town Election April 6, 2015 (PDF)"
Blackstone,2015,https://www.townofblackstone.org/sites/g/files/vyhlif166/f/uploads/2015_annual_town_report.pdf,atr,nodes,wayback,
Blackstone,2016,https://townofblackstone.org/DocumentCenter/View/327/Results-of-April-4-2016-Annual-Town-Election-PDF,result,catalog,docsweep,Results of April 4 2016 Annual Town Election (PDF)
Blackstone,2016,https://www.townofblackstone.org/DocumentCenter/View/180,result,catalog,dc_idsweep,Results of April 4 2016 Annual Town Election PDF?bidId=
Blackstone,2017,https://www.townofblackstone.org/sites/g/files/vyhlif166/f/uploads/2017_whole_annual_report.pdf,atr,nodes,wayback,
Blackstone,2017,https://www.townofblackstone.org/sites/g/files/vyhlif166/f/uploads/2017cover_annual_report.pdf,atr,nodes,wayback,
Blackstone,2018,https://www.townofblackstone.org/sites/g/files/vyhlif166/f/uploads/2018annual_report_book_2018.pdf,atr,nodes,wayback,
Blackstone,2019,https://www.townofblackstone.org/sites/g/files/vyhlif166/f/uploads/2019_blackstone_annual_report.pdf,atr,nodes,wayback,
Blackstone,2020,https://townofblackstone.org/DocumentCenter/View/540/Annual-Town-Election-June-15-2020-Certified-Results-PDF,result,catalog,docsweep,"Annual Town Election June 15, 2020 Certified Results (PDF)"
Blackstone,2020,https://www.townofblackstone.org/DocumentCenter/View/557/Blackstone-Preliminary-Tally-Sheet-September-1-2020-PDF,result,catalog,wayback,
Blackstone,2020,https://www.townofblackstone.org/sites/g/files/vyhlif166/f/uploads/2020_annual_town_report.pdf,atr,nodes,wayback,
Blandford,2016,https://townofblandford.com/wp-content/uploads/2016/05/Annual-Town-Report-2015-2016-web.pdf,atr,nodes,wayback,
Blandford,2016,https://townofblandford.gov/wp-content/uploads/2016/04/report2003-2004.pdf,atr,nodes,crawl,Annual Report 2004
Blandford,2016,https://townofblandford.gov/wp-content/uploads/2016/04/report2004-2005.pdf,atr,nodes,crawl,Annual Report 2005
Blandford,2016,https://townofblandford.gov/wp-content/uploads/2016/04/report2005-2006.pdf,atr,nodes,crawl,Annual Report 2006
Blandford,2016,https://townofblandford.gov/wp-content/uploads/2016/04/report2006-2007.pdf,atr,nodes,crawl,Annual Report 2007
Blandford,2016,https://townofblandford.gov/wp-content/uploads/2016/04/report2008-2009.pdf,atr,nodes,crawl,Annual Report 2009
Blandford,2016,https://townofblandford.gov/wp-content/uploads/2016/04/report2009-2010.pdf,atr,nodes,crawl,Annual Report 2010
Blandford,2016,https://townofblandford.gov/wp-content/uploads/2016/04/report2010-2011.pdf,atr,nodes,crawl,Annual Report 2011
Blandford,2016,https://townofblandford.gov/wp-content/uploads/2016/04/report2011-2012.pdf,atr,nodes,crawl,Annual Report 2012
Blandford,2016,https://townofblandford.gov/wp-content/uploads/2016/04/report2013-2014.pdf,atr,nodes,crawl,Annual Report 2014
Blandford,2016,https://townofblandford.gov/wp-content/uploads/2016/04/report2014-2015.pdf,atr,nodes,crawl,Annual Report 2015
Blandford,2016,https://townofblandford.gov/wp-content/uploads/2016/05/Annual-Town-Report-2015-2016-web.pdf,atr,nodes,crawl,Annual Report 2016
Blandford,2017,http://townofblandford.com:80/wp-content/uploads/2017/04/ANNUAL-TOWN-REPORT-2016-2017-final.pdf,atr,nodes,wayback,
Blandford,2017,https://townofblandford.gov/wp-content/uploads/2017/04/ANNUAL-TOWN-REPORT-2016-2017-final.pdf,atr,nodes,crawl,Click here to review and download.
Blandford,2018,https://townofblandford.com/wp-content/uploads/2018/04/annual-town-report-2017-2018-final.pdf,atr,nodes,wayback,
Blandford,2018,https://townofblandford.gov/wp-content/uploads/2018/04/annual-town-report-2017-2018-final.pdf,atr,nodes,wayback,
Blandford,2019,https://townofblandford.com/wp-content/uploads/2019/04/annual-town-report-2019.pdf,atr,nodes,wayback,
Blandford,2019,https://townofblandford.gov/wp-content/uploads/2019/04/annual-town-report-2019.pdf,atr,nodes,wayback,
Blandford,2020,https://townofblandford.com/wp-content/uploads/2020/06/annual-town-report-2019-2020.pdf,atr,nodes,wayback,
Blandford,2020,https://townofblandford.com/wp-content/uploads/2021/05/annual-town-report-2020-2021.pdf,atr,nodes,wayback,
Blandford,2020,https://townofblandford.com/wp-content/uploads/2022/05/annual-town-report-2020-2021.pdf,atr,nodes,wayback,
Blandford,2020,https://townofblandford.gov/wp-content/uploads/2020/06/annual-town-report-2019-2020.pdf,atr,nodes,wayback,
Blandford,2020,https://townofblandford.gov/wp-content/uploads/2022/05/annual-town-report-2020-2021.pdf,atr,nodes,wayback,
Bolton,2003,http://townofbolton.com/pages/BoltonMA_Conservation/Annual_Reports/2003_Annual_%20Report.pdf,atr,nodes,wayback,
Bolton,2004,http://townofbolton.com/pages/BoltonMA_ZBA/ZBA%20Annual%20Report%20files/ZBAannualreport2004.pdf,atr,nodes,wayback,
Bolton,2004,http://www.townofbolton.com/pages/BoltonMA_Conservation/Annual_Reports/2004_Annual_Report.pdf,atr,nodes,wayback,
Bolton,2005,http://townofbolton.com/pages/BoltonMA_ZBA/ZBA%20Annual%20Report%20files/ZBAannualreport2005.pdf,atr,nodes,wayback,
Bolton,2005,http://www.townofbolton.com/Pages/BoltonMA_Assessors/Annual-report-2005-all.doc.pdf,atr,nodes,wayback,
Bolton,2006,http://townofbolton.com/pages/BoltonMA_ZBA/ZBA%20Annual%20Report%20files/ZBAannualreport2006.pdf,atr,nodes,wayback,
Bolton,2007,http://townofbolton.com/Pages/BoltonMA_WebDocs/2007Reports/2007AnnualTownReport.pdf,atr,nodes,wayback,
Bolton,2007,http://townofbolton.com/pages/BoltonMA_ZBA/ZBA%20Annual%20Report%20files/ZBAannualreport2007.pdf,atr,nodes,wayback,
Bolton,2007,http://www.townofbolton.com/Pages/BoltonMA_WebDocs/2007AnnualTownReport.pdf,atr,nodes,wayback,
Bolton,2008,http://townofbolton.com/Pages/BoltonMA_WebDocs/2008Reports/AnnualReport2008.pdf,atr,nodes,wayback,
Bolton,2008,http://townofbolton.com/pages/BoltonMA_Admin/AnnualReports/2008AnnualReport.pdf,atr,nodes,wayback,
Bolton,2008,http://townofbolton.com/pages/BoltonMA_ZBA/ZBA%20Annual%20Report%20files/ZBAannualreport2008.pdf,atr,nodes,wayback,
Bolton,2009,http://townofbolton.com/Pages/BoltonMA_WebDocs/2009Reports/AnnualReport2009.pdf,atr,nodes,wayback,
Bolton,2009,http://townofbolton.com/pages/BoltonMA_Admin/AnnualReports/2009AnnualReport.pdf,atr,nodes,wayback,
Bolton,2009,http://townofbolton.com/pages/BoltonMA_ZBA/ZBA%20Annual%20Report%20files/ZBAannualreport2009.pdf,atr,nodes,wayback,
Bolton,2010,http://townofbolton.com/pages/BoltonMA_Admin/AnnualReports/2010AnnualReport.pdf,atr,nodes,wayback,
Bolton,2010,http://townofbolton.com/pages/BoltonMA_ZBA/ZBA%20Annual%20Report%20files/ZBAannualreport2010.pdf,atr,nodes,wayback,
Bolton,2011,http://townofbolton.com/pages/BoltonMA_Admin/AnnualReports/2011AnnualReport.pdf,atr,nodes,wayback,
Bolton,2011,http://townofbolton.com/pages/BoltonMA_ZBA/ZBA%20Annual%20Report%20files/2011%20annual%20report.pdf,atr,nodes,wayback,
Bolton,2012,http://townofbolton.com/Pages/BoltonMA_BBoard/ATM%20Vote%20Results%20May%207-8%202012%20.pdf,result,catalog,wayback,
Bolton,2012,http://townofbolton.com/pages/BoltonMA_Admin/AnnualReports/2012AnnualReport.pdf,atr,nodes,wayback,
Bolton,2012,http://townofbolton.com/pages/BoltonMA_ZBA/ZBA%20Annual%20Report%20files/2012%20annual%20report.pdf,atr,nodes,wayback,
Bolton,2016,https://www.townofbolton.com/sites/g/files/vyhlif2836/f/uploads/annual_report_2016_part_1.pdf,atr,nodes,wayback,
Bolton,2016,https://www.townofbolton.com/sites/g/files/vyhlif2836/f/uploads/annual_report_2016_part_2.pdf,atr,nodes,wayback,
Bolton,2016,https://www.townofbolton.com/sites/g/files/vyhlif2836/f/uploads/annual_report_2016_part_3.pdf,atr,nodes,wayback,
Bolton,2016,https://www.townofbolton.com/sites/g/files/vyhlif2836/f/uploads/annual_report_2016_part_4.pdf,atr,nodes,wayback,
Bolton,2017,https://www.townofbolton.com/sites/g/files/vyhlif2836/f/uploads/2017_annual_report_1_of_2.pdf,atr,nodes,wayback,
Bolton,2017,https://www.townofbolton.com/sites/g/files/vyhlif2836/f/uploads/2017_annual_report_2_of_2.pdf,atr,nodes,wayback,
Bolton,2018,https://www.townofbolton.com/system/files/uploads/2018_annual_report_part_1_of_2.pdf,atr,nodes,wayback,
Bolton,2018,https://www.townofbolton.com/system/files/uploads/2018_annual_report_part_2_of_2.pdf,atr,nodes,wayback,
Bolton,2019,https://www.townofbolton.com/system/files/uploads/annual_report_2019_final.pdf,atr,nodes,wayback,
Boston,2006,http://documents.boston.gov/images_documents/2006%20-%2005-16-06%20-%20Special%20Preliminary%20Municipal%20Election%20-%20City%20Councillor%20District%201%20Results_tcm3-26023.pdf,result,catalog,docsweep,Election Results
Boston,2006,http://documents.boston.gov/images_documents/2006%20-%2006-13-06%20-%20Special%20Municipal%20Election%20-%20City%20Councillor%20District%201%20Results_tcm3-26025.pdf,result,catalog,docsweep,City Councilor District 1 Results
Boston,2007,http://documents.boston.gov/images_documents/2007%20-%2004-17-2007%20-%20Special%20Preliminary%20Municipal%20Election%20City%20Councillor%20District%202_tcm3-26027.pdf,result,catalog,docsweep,Election results
Boston,2007,http://documents.boston.gov/images_documents/2007%20-%2009-25-2007%20-%20Preliminary%20Municipal%20Election%20City%20Councillor%20District%207%20Results_tcm3-13259.pdf,result,catalog,docsweep,City Council District 7
Boston,2007,http://documents.boston.gov/images_documents/2007%20-%2009-25-2007%20-%20Preliminary%20Municipal%20Election%20City%20Councillor%20District%209%20Results_tcm3-13261.pdf,result,catalog,docsweep,City Council District 9
Boston,2007,http://documents.boston.gov/images_documents/2007-05-17-2007%20-%20Special%20Municipal%20Election%20City%20Councillor%20District%202_tcm3-26029.pdf,result,catalog,docsweep,Election results
Boston,2009,http://documents.boston.gov/images_documents/2009%20-%2009-22-09%20-%20City%20Councillor%20District%201%20-%20Ward%20%26%20Precinct%20Results_tcm3-2837.pdf,result,catalog,docsweep,District 1 City Councilor Results
Boston,2009,http://documents.boston.gov/images_documents/2009%20-%2009-22-09%20-%20City%20Councillor%20District%207%20-%20Ward%20%26%20Precinct%20Results_tcm3-2841.pdf,result,catalog,docsweep,District 7 City Councilor Results
Boston,2009,http://documents.boston.gov/images_documents/2009%20-%2009-22-09%20-%20City%20Councillor%20District%209%20-%20Ward%20%26%20Precinct%20Results_tcm3-2838.pdf,result,catalog,docsweep,District 9 City Councilor Results
Boston,2009,http://documents.boston.gov/images_documents/2009%20-%2009-22-09%20-%20City%20Councillor%20at%20Large%20Ward%20%26%20Precinct%20Results_tcm3-2840.pdf,result,catalog,docsweep,At Large City Councilor Results
Boston,2009,http://documents.boston.gov/images_documents/2009%20-%2009-22-09%20-%20Mayor%20-%20Ward%20%26%20Precinct%20Results_tcm3-2842.pdf,result,catalog,docsweep,Mayor Ward and Precinct Results
Boston,2009,http://documents.boston.gov/images_documents/2009%20-%2011-03-09%20-%20City%20Councillor%20District%201%20-%20Ward%20%26%20Precinct%20Results_tcm3-2826.pdf,result,catalog,docsweep,District 1 City Councilor Results
Boston,2009,http://documents.boston.gov/images_documents/2009%20-%2011-03-09%20-%20City%20Councillor%20District%202%20-%20Ward%20%26%20Precinct%20Results_tcm3-2827.pdf,result,catalog,docsweep,District 2 City Councilor Results
Boston,2009,http://documents.boston.gov/images_documents/2009%20-%2011-03-09%20-%20City%20Councillor%20District%203%20-%20Ward%20%26%20Precinct%20Results_tcm3-2828.pdf,result,catalog,docsweep,District 3 City Councilor Results
Boston,2009,http://documents.boston.gov/images_documents/2009%20-%2011-03-09%20-%20City%20Councillor%20District%204%20-%20Ward%20%26%20Precinct%20Results_tcm3-2829.pdf,result,catalog,docsweep,District 4 City Councilor Results
Boston,2009,http://documents.boston.gov/images_documents/2009%20-%2011-03-09%20-%20City%20Councillor%20District%205%20-%20Ward%20%26%20Precinct%20Results_tcm3-2830.pdf,result,catalog,docsweep,District 5 City Councilor Results
Boston,2009,http://documents.boston.gov/images_documents/2009%20-%2011-03-09%20-%20City%20Councillor%20District%206%20-%20Ward%20%26%20Precinct%20Results_tcm3-2831.pdf,result,catalog,docsweep,District 6 City Councilor Results
Boston,2009,http://documents.boston.gov/images_documents/2009%20-%2011-03-09%20-%20City%20Councillor%20District%207%20-%20Ward%20%26%20Precinct%20Results_tcm3-2832.pdf,result,catalog,docsweep,District 7 City Councilor Results
Boston,2009,http://documents.boston.gov/images_documents/2009%20-%2011-03-09%20-%20City%20Councillor%20District%208%20-%20Ward%20%26%20Precinct%20Results_tcm3-2833.pdf,result,catalog,docsweep,District 8 City Councilor Results
Boston,2009,http://documents.boston.gov/images_documents/2009%20-%2011-03-09%20-%20City%20Councillor%20District%209%20-%20Ward%20%26%20Precinct%20Results_tcm3-2834.pdf,result,catalog,docsweep,District 9 City Councilor Results
Boston,2009,http://documents.boston.gov/images_documents/2009%20-%2011-03-09%20-%20City%20Councillor%20at%20Large%20Ward%20%26%20Precinct%20Results_tcm3-2824.pdf,result,catalog,docsweep,At-Large City Councilor Results
Boston,2009,http://documents.boston.gov/images_documents/2009%20-%2011-03-09%20-%20Mayor%20Ward%20%26%20Precinct%20Results_tcm3-2835.pdf,result,catalog,docsweep,Mayor Ward and Precinct Results
Boston,2010,http://documents.boston.gov/images_documents/2010%20-%2010-19-10%20-%20City%20Councillor%20District%206%20-%20Ward%20%26%20Precinct%20%20Official%20Results_tcm3-21486.pdf,result,catalog,docsweep,Ward and Precinct Official Results
Boston,2010,http://documents.boston.gov/images_documents/2010%20-%2011-16-10%20-%20Special%20Municipal%20Election%20Official%20Results%20for%20City%20Councillor%20District%206_tcm3-21489.pdf,result,catalog,docsweep,Official Results for City Councilor District 6
Boston,2011,http://documents.boston.gov/images_documents/2011%20-%2002-15-11%20-%20Special%20Preliminary%20Municipal%20Election%20-%20City%20Councillor%20District%207%20Results_tcm3-23740.pdf,result,catalog,docsweep,Official Results
Boston,2011,http://documents.boston.gov/images_documents/2011%20-%2003-15-11%20-%20Special%20Municipal%20Election%20-%20City%20Councillor%20District%207%20Official%20Results_tcm3-24345.pdf,result,catalog,docsweep,Official Results
Boston,2012,https://boston.gov/sites/default/files/file/2023/03/OPAT-Semi-annual-Report-to-Mayor-%2012_31_21.pdf,atr,nodes,crawl,"Semi-Annual Report (December 31, 2021)"
Boston,2013,http://documents.boston.gov/images_documents/2013%20-%2009-24-13%20-%20City%20Councillor%20District%201%20Ward%20%26%20Precinct%20Results_tcm3-40791.pdf,result,catalog,docsweep,City Council District 1
Boston,2013,http://documents.boston.gov/images_documents/2013%20-%2009-24-13%20-%20City%20Councillor%20District%204%20Ward%20%26%20Precinct%20Results_tcm3-40796.pdf,result,catalog,docsweep,City Council District 4
Boston,2013,http://documents.boston.gov/images_documents/2013%20-%2009-24-13%20-%20City%20Councillor%20District%205%20Ward%20%26%20Precinct%20Results_tcm3-40798.pdf,result,catalog,docsweep,City Council District 5
Boston,2013,http://documents.boston.gov/images_documents/2013%20-%2009-24-13%20-%20City%20Councillor%20District%208%20Ward%20%26%20Precinct%20Results_tcm3-40800.pdf,result,catalog,docsweep,City Council District 8
Boston,2013,http://documents.boston.gov/images_documents/2013%20-%2009-24-13%20-%20City%20Councillor%20at%20Large%20Ward%20%26%20Precinct%20Results_tcm3-40793.pdf,result,catalog,docsweep,City Councilor At Large
Boston,2013,http://documents.boston.gov/images_documents/2013%20-%2009-24-13%20-%20Mayor%20Ward%20%26%20Precinct%20Results_tcm3-40789.pdf,result,catalog,docsweep,Mayor
Boston,2013,http://documents.boston.gov/images_documents/2013%20-%2011-05-13%20-%20Casino%20Question%20Ward%20%26%20Precinct%20Results_tcm3-41960.pdf,result,catalog,docsweep,Casino Question (Ward and Precinct Results)
Boston,2013,http://documents.boston.gov/images_documents/2013%20-%2011-05-13%20-%20City%20Councillor%20District%201%20Ward%20%26%20Precinct%20Results_tcm3-41962.pdf,result,catalog,docsweep,City Councilor District 1 (Ward and Precinct)
Boston,2013,http://documents.boston.gov/images_documents/2013%20-%2011-05-13%20-%20City%20Councillor%20District%202%20Ward%20%26%20Precinct%20Results_tcm3-41963.pdf,result,catalog,docsweep,City Councilor District 2 (Ward and Precinct)
Boston,2013,http://documents.boston.gov/images_documents/2013%20-%2011-05-13%20-%20City%20Councillor%20District%203%20Ward%20%26%20Precinct%20Results_tcm3-41964.pdf,result,catalog,docsweep,City Councilor District 3 (Ward and Precinct)
Boston,2013,http://documents.boston.gov/images_documents/2013%20-%2011-05-13%20-%20City%20Councillor%20District%204%20Ward%20%26%20Precinct%20Results_tcm3-41965.pdf,result,catalog,docsweep,City Councilor District 4 (Ward and Precinct)
Boston,2013,http://documents.boston.gov/images_documents/2013%20-%2011-05-13%20-%20City%20Councillor%20District%205%20Ward%20%26%20Precinct%20Results_tcm3-41966.pdf,result,catalog,docsweep,City Councilor District 5 (Ward and Precinct)
Boston,2013,http://documents.boston.gov/images_documents/2013%20-%2011-05-13%20-%20City%20Councillor%20District%206%20Ward%20%26%20Precinct%20Results_tcm3-41967.pdf,result,catalog,docsweep,City Councilor District 6 (Ward and Precinct)
Boston,2013,http://documents.boston.gov/images_documents/2013%20-%2011-05-13%20-%20City%20Councillor%20District%207%20Ward%20%26%20Precinct%20Results_tcm3-41968.pdf,result,catalog,docsweep,City Councilor District 7 (Ward and Precinct)
Boston,2013,http://documents.boston.gov/images_documents/2013%20-%2011-05-13%20-%20City%20Councillor%20District%208%20Ward%20%26%20Precinct%20Results_tcm3-41983.pdf,result,catalog,docsweep,City Councilor District 8 (Ward and Precinct)
Boston,2013,http://documents.boston.gov/images_documents/2013%20-%2011-05-13%20-%20City%20Councillor%20District%209%20Ward%20%26%20Precinct%20Results_tcm3-41969.pdf,result,catalog,docsweep,City Councilor District 9 (Ward and Precinct)
Boston,2013,http://documents.boston.gov/images_documents/2013%20-%2011-05-13%20-%20City%20Councillor%20at%20Large%20Ward%20%26%20Precinct%20Results_tcm3-41961.pdf,result,catalog,docsweep,City Councilor At Large (Ward and Precinct)
Boston,2013,http://documents.boston.gov/images_documents/2013%20-%2011-05-13%20-%20Mayor%20Ward%20%26%20Precinct%20Results%20(1)_tcm3-41970.pdf,result,catalog,docsweep,Mayor (Ward and Precinct)
Boston,2014,https://www.boston.gov/sites/default/files/embed/t/tmc_annual_report_fy2014.pdf,atr,nodes,docsweep,Traffic Management Center Annual Report - FY 2014
Boston,2015,http://documents.boston.gov/images_documents/2015%20-%2009-08-15%20-%20City%20Councillor%20District%204%20Ward%20%26%20Precinct%20Results_tcm3-52072.pdf,result,catalog,docsweep,Official City Councilor District 4 Ward and Precinct Results
Boston,2015,http://documents.boston.gov/images_documents/2015%20-%2009-08-15%20-%20City%20Councillor%20District%207%20Ward%20%26%20Precinct%20Results_tcm3-52073.pdf,result,catalog,docsweep,Official City Councilor District 7 Ward and Precinct Results
Boston,2015,http://documents.boston.gov/images_documents/Advisory%20Board%20Report%20for%20Forum%20FINAL%205.28.2015_tcm3-51336.pdf,atr,nodes,docsweep,Commission for Persons with Disabilities Advisory Board Annual Report - 2014/ 2015
Boston,2015,http://documents.boston.gov/images_documents/Annual%20Report%202015%20for%20Community%20Forum%205.29.15%20FINAL_tcm3-51335.pdf,atr,nodes,docsweep,Commission for Persons with Disabilities Annual Report - 2014/ 2015
Boston,2015,http://documents.boston.gov/images_documents/Nov%203%202015%20City%20Councillor%20District%201%20Ward%20%20Precinct%20Results_tcm3-52573.pdf,result,catalog,docsweep,City Council District 1 Results
Boston,2015,http://documents.boston.gov/images_documents/Nov%203%202015%20City%20Councillor%20District%202%20Ward%20%20Precinct%20Results_tcm3-52574.pdf,result,catalog,docsweep,City Council District 2 Results
Boston,2015,http://documents.boston.gov/images_documents/Nov%203%202015%20City%20Councillor%20District%203%20Ward%20%20Precinct%20Results_tcm3-52575.pdf,result,catalog,docsweep,City Council District 3 Results
Boston,2015,http://documents.boston.gov/images_documents/Nov%203%202015%20City%20Councillor%20District%204%20Ward%20%20Precinct%20Results_tcm3-52576.pdf,result,catalog,docsweep,City Council District 4 Results
Boston,2015,http://documents.boston.gov/images_documents/Nov%203%202015%20City%20Councillor%20District%205%20Ward%20%20Precinct%20Results_tcm3-52577.pdf,result,catalog,docsweep,City Council District 5 Results
Boston,2015,http://documents.boston.gov/images_documents/Nov%203%202015%20City%20Councillor%20District%206%20Ward%20%20Precinct%20Results_tcm3-52578.pdf,result,catalog,docsweep,City Council District 6 Results
Boston,2015,http://documents.boston.gov/images_documents/Nov%203%202015%20City%20Councillor%20District%207%20Ward%20%20Precinct%20Results_tcm3-52579.pdf,result,catalog,docsweep,City Council District 7 Results
Boston,2015,http://documents.boston.gov/images_documents/Nov%203%202015%20City%20Councillor%20District%208%20Ward%20%20Precinct%20Results_tcm3-52580.pdf,result,catalog,docsweep,City Council District 8 Results
Boston,2015,http://documents.boston.gov/images_documents/Nov%203%202015%20City%20Councillor%20District%209%20Ward%20%20Precinct%20Results_tcm3-52581.pdf,result,catalog,docsweep,City Council District 9 Results
Boston,2015,http://documents.boston.gov/images_documents/Nov%203%202015%20City%20Councillor%20at%20Large%20Ward%20%20Precinct%20Results_tcm3-52572.pdf,result,catalog,docsweep,City Council at Large Results
Boston,2015,https://www.boston.gov/sites/default/files/embed/t/tmc_annual_report_fy2015.pdf,atr,nodes,docsweep,Traffic Management Center Annual Report - FY 2015
Boston,2016,https://www.boston.gov/sites/default/files/document-file-09-2016/tmc_annual_report_fy2016.pdf,atr,nodes,docsweep,Traffic Management Center Annual Report - FY 2016
Boston,2017,https://boston.gov/sites/default/files/embed/2/2017_-_09-26-17_-_city_councillor_district_1_ward_precinct_results.pdf,result,catalog,docsweep,City Council District 1
Boston,2017,https://boston.gov/sites/default/files/embed/2/2017_-_09-26-17_-_city_councillor_district_2_ward_precinct_results.pdf,result,catalog,docsweep,City Council District 2
Boston,2017,https://boston.gov/sites/default/files/embed/2/2017_-_09-26-17_-_city_councillor_district_7_ward_precinct_results.pdf,result,catalog,docsweep,City Council District 7
Boston,2017,https://boston.gov/sites/default/files/embed/2/2017_-_09-26-17_-_city_councillor_district_9_ward_precinct_results.pdf,result,catalog,docsweep,City Council District 9
Boston,2017,https://boston.gov/sites/default/files/embed/2/2017_-_09-26-17_-_mayor_ward_precinct_results.pdf,result,catalog,docsweep,Mayoral results
Boston,2017,https://boston.gov/sites/default/files/embed/2/2017_-_11-07-17_-_city_councillor_at_large_ward_precinct_results.pdf,result,catalog,docsweep,City Council At-Large
Boston,2017,https://boston.gov/sites/default/files/embed/2/2017_-_11-07-17_-_city_councillor_district_1_ward_precinct_results.pdf,result,catalog,docsweep,City Council District 1
Boston,2017,https://boston.gov/sites/default/files/embed/2/2017_-_11-07-17_-_city_councillor_district_2_ward_precinct_results.pdf,result,catalog,docsweep,City Council District 2
Boston,2017,https://boston.gov/sites/default/files/embed/2/2017_-_11-07-17_-_city_councillor_district_3_ward_precinct_results.pdf,result,catalog,docsweep,City Council District 3
Boston,2017,https://boston.gov/sites/default/files/embed/2/2017_-_11-07-17_-_city_councillor_district_4_ward_precinct_results.pdf,result,catalog,docsweep,City Council District 4
Boston,2017,https://boston.gov/sites/default/files/embed/2/2017_-_11-07-17_-_city_councillor_district_5_ward_precinct_results.pdf,result,catalog,docsweep,City Council District 5
Boston,2017,https://boston.gov/sites/default/files/embed/2/2017_-_11-07-17_-_city_councillor_district_6_ward_precinct_results.pdf,result,catalog,docsweep,City Council District 6
Boston,2017,https://boston.gov/sites/default/files/embed/2/2017_-_11-07-17_-_city_councillor_district_7_ward_precinct_results.pdf,result,catalog,docsweep,City Council District 7
Boston,2017,https://boston.gov/sites/default/files/embed/2/2017_-_11-07-17_-_city_councillor_district_8_ward_precinct_results.pdf,result,catalog,docsweep,City Council District 8
Boston,2017,https://boston.gov/sites/default/files/embed/2/2017_-_11-07-17_-_city_councillor_district_9_ward_precinct_results.pdf,result,catalog,docsweep,City Council District 9
Boston,2017,https://boston.gov/sites/default/files/embed/2/2017_-_11-07-17_-_mayor_ward_precinct_results.pdf,result,catalog,docsweep,Mayor ward and precinct results
Boston,2017,https://boston.gov/sites/default/files/file/2021/03/BPHC%20Annual%20Report_FINAL%20%202.12.18.pdf,atr,nodes,docsweep,2017 Annual Report
Boston,2017,https://www.boston.gov/sites/default/files/embed/a/advisory_board_report_2017_final_pdf.pdf,atr,nodes,docsweep,Commission for Persons with Disabilities Advisory Board Annual Report - 2016 / 2017
Boston,2017,https://www.boston.gov/sites/default/files/embed/a/annual_report_for_community_forum_2017_final_pdf_1.pdf,atr,nodes,docsweep,Commission for Persons with Disabilities Annual Report - 2016 / 2017
Boston,2017,https://www.boston.gov/sites/default/files/file/document_files/2017/03/tmc_annual_report_-_fy_2010.pdf,atr,nodes,docsweep,Traffic Management Center Annual Report - FY 2010
Boston,2017,https://www.boston.gov/sites/default/files/file/document_files/2017/03/tmc_annual_report_-_fy_2011.pdf,atr,nodes,docsweep,Traffic Management Center Annual Report - FY 2011
Boston,2017,https://www.boston.gov/sites/default/files/file/document_files/2017/03/tmc_annual_report_-_fy_2012.pdf,atr,nodes,docsweep,Traffic Management Center Annual Report - FY 2012
Boston,2017,https://www.boston.gov/sites/default/files/file/document_files/2017/03/tmc_annual_report_-_fy_2013.pdf,atr,nodes,docsweep,Traffic Management Center Annual Report - FY 2013
Boston,2017,https://www.boston.gov/sites/default/files/file/document_files/2017/11/traffic_management_center_annual_report_fy2017_1.pdf,atr,nodes,docsweep,Traffic Management Center Annual Report - FY 2017
Boston,2018,https://boston.gov/sites/default/files/election/results/2018/11/0-003-2018-11-06-18-Attorney_General.pdf,result,catalog,docsweep,Attorney General
Boston,2018,https://boston.gov/sites/default/files/election/results/2018/11/0-004-2018-11-06-18-Secretary_of_State.pdf,result,catalog,docsweep,Secretary of State
Boston,2018,https://boston.gov/sites/default/files/election/results/2018/11/0-005-2018-11-06-18-Treasurer.pdf,result,catalog,docsweep,State Treasurer
Boston,2018,https://boston.gov/sites/default/files/election/results/2018/11/0-006-2018-11-06-18-Auditor.pdf,result,catalog,docsweep,State Auditor
Boston,2018,https://boston.gov/sites/default/files/election/results/2018/11/0-019-2018-11-06-18-Representative_in_General_Court-First_Suffolk_District.pdf,result,catalog,docsweep,Representative in General Court - First Suffolk District
Boston,2018,https://boston.gov/sites/default/files/election/results/2018/11/0-020-2018-11-06-18-Representative_in_General_Court-Second_Suffolk_District.pdf,result,catalog,docsweep,Representative in General Court - Second Suffolk District
Boston,2018,https://boston.gov/sites/default/files/election/results/2018/11/0-021-2018-11-06-18-Representative_in_General_Court-Third_Suffolk_District.pdf,result,catalog,docsweep,Representative in General Court - Third Suffolk District
Boston,2018,https://boston.gov/sites/default/files/election/results/2018/11/0-022-2018-11-06-18-Representative_in_General_Court-Fourth_Suffolk_District.pdf,result,catalog,docsweep,Representative in General Court - Fourth Suffolk District
Boston,2018,https://boston.gov/sites/default/files/election/results/2018/11/0-023-2018-11-06-18-Representative_in_General_Court-Fifth_Suffolk_District.pdf,result,catalog,docsweep,Representative in General Court - Fifth Suffolk District
Boston,2018,https://boston.gov/sites/default/files/election/results/2018/11/0-024-2018-11-06-18-Representative_in_General_Court-Sixth_Suffolk_District.pdf,result,catalog,docsweep,Representative in General Court - Sixth Suffolk District
Boston,2018,https://boston.gov/sites/default/files/election/results/2018/11/0-025-2018-11-06-18-Representative_in_General_Court-Seventh_Suffolk_District.pdf,result,catalog,docsweep,Representative in General Court - Seventh Suffolk District
Boston,2018,https://boston.gov/sites/default/files/election/results/2018/11/0-026-2018-11-06-18-Representative_in_General_Court-Eight_Suffolk_District.pdf,result,catalog,docsweep,Representative in General Court - Eighth Suffolk District
Boston,2018,https://boston.gov/sites/default/files/election/results/2018/11/0-027-2018-11-06-18-Representative_in_General_Court-Ninth_Suffolk_District.pdf,result,catalog,docsweep,Representative in General Court - Ninth Suffolk District
Boston,2018,https://boston.gov/sites/default/files/election/results/2018/11/0-028-2018-11-06-18-Representative_in_General_Court-Tenth_Suffulk_District.pdf,result,catalog,docsweep,Representative in General Court - Tenth Suffolk District
Boston,2018,https://boston.gov/sites/default/files/election/results/2018/11/0-029-2018-11-06-18-Representative_in_General_Court-Eleventh_Suffolk_District.pdf,result,catalog,docsweep,Representative in General Court - Eleventh Suffolk District
Boston,2018,https://boston.gov/sites/default/files/election/results/2018/11/0-030-2018-11-06-18-Representative_in_General_Court-Twelveth_Suffolk_District.pdf,result,catalog,docsweep,Representative in General Court - Twelfth Suffolk District
Boston,2018,https://boston.gov/sites/default/files/election/results/2018/11/0-031-2018-11-06-18-Representative_in_General_Court-Thirteenth_Suffolk_District.pdf,result,catalog,docsweep,Representative in General Court - Thirteenth Suffolk District
Boston,2018,https://boston.gov/sites/default/files/election/results/2018/11/0-032-2018-11-06-18-Representative_in_General_Court-Fourteenth_Suffolk_District.pdf,result,catalog,docsweep,Representative in General Court - Fourteenth Suffolk District
Boston,2018,https://boston.gov/sites/default/files/election/results/2018/11/0-033-2018-11-06-18-Representative_in_General_Court-Fifteenth_Suffolk_District.pdf,result,catalog,docsweep,Representative in General Court - Fifteenth Suffolk District
Boston,2018,https://boston.gov/sites/default/files/election/results/2018/11/0-034-2018-11-06-18-Representative_in_General_Court-Seventeenth_Suffolk_District.pdf,result,catalog,docsweep,Representative in General Court - Seventeenth Suffolk District
Boston,2018,https://boston.gov/sites/default/files/election/results/2018/11/0-035-2018-11-06-18-Representative_in_General_Court-Eighteenth_Suffolk_District.pdf,result,catalog,docsweep,Representative in General Court - Eighteenth Suffolk District
Boston,2018,https://boston.gov/sites/default/files/election/results/2018/11/0-036-2018-11-06-18-District_Attorney.pdf,result,catalog,docsweep,District Attorney
Boston,2018,https://boston.gov/sites/default/files/election/results/2018/11/0-037-2018-11-06-18-Clerk_of_Supreme_Judicial_Court.pdf,result,catalog,docsweep,Clerk of Supreme Judicial Court
Boston,2018,https://boston.gov/sites/default/files/election/results/2018/11/0-038-2018-11-06-18-Clerk_of_Superior_Court%28Civil_Business%29.pdf,result,catalog,docsweep,Clerk of Superior Court (Civil Business)
Boston,2018,https://boston.gov/sites/default/files/election/results/2018/11/0-039-2018-11-06-18-Clerk_of_Superior_Court%28Criminal_Business%29.pdf,result,catalog,docsweep,Clerk of Superior Court (Criminal Business)
Boston,2018,https://boston.gov/sites/default/files/election/results/2018/11/0-040-2018-11-06-18-Register_of_Deeds.pdf,result,catalog,docsweep,Register of Deed
Boston,2018,https://boston.gov/sites/default/files/election/results/2018/11/0-041-2018-11-06-18-Question_1-PATIENT_SAFETY_%28LAW%29.pdf,result,catalog,docsweep,Question 1: Patient safety
Boston,2018,https://boston.gov/sites/default/files/election/results/2018/11/0-042-2018-11-06-18-Question_2-CITIZEN_COMMISSION_FOR_CONT._AMEND._%28LAW%29.pdf,result,catalog,docsweep,Question 2: Citizen commission
Boston,2018,https://boston.gov/sites/default/files/election/results/2018/11/0-043-2018-11-06-18-Question_3-TRANSGENDER_ANTI-DISCRIMINATION.pdf,result,catalog,docsweep,Question 3: Transgender anti-discrimination
Boston,2018,https://boston.gov/sites/default/files/election/results/2018/11/0-044-2018-11-06-18-Question_4-PPQ-1ST_SUFF_SEN-FREEZE_TUITION.pdf,result,catalog,docsweep,Question 4: Tuition freeze
Boston,2018,https://boston.gov/sites/default/files/election/results/2018/11/0-045-2018-11-06-18-Question_5-PPQ-13TH_Suffolk_State_Rep_District-RACIAL_JUSTICE.pdf,result,catalog,docsweep,Question 5: Racial justice
Boston,2018,https://boston.gov/sites/default/files/election/results/2018/9/09-04-18_Ballots_Cast.pdf,result,catalog,docsweep,Ballots Cast
Boston,2018,https://boston.gov/sites/default/files/election/results/2018/9/09-04-18_Democratic_Attorney_General.pdf,result,catalog,docsweep,Democratic Attorney General
Boston,2018,https://boston.gov/sites/default/files/election/results/2018/9/09-04-18_Democratic_Auditor.pdf,result,catalog,docsweep,Democratic Auditor
Boston,2018,https://boston.gov/sites/default/files/election/results/2018/9/09-04-18_Democratic_Clerk_of_Superior_Court_%28Civil_Business%29.pdf,result,catalog,docsweep,Democratic Clerk of Superior Court (Civil Business)
Boston,2018,https://boston.gov/sites/default/files/election/results/2018/9/09-04-18_Democratic_Clerk_of_Superior_Court_%28Criminal_Business%29.pdf,result,catalog,docsweep,Democratic Clerk of Superior Court (Criminal Business)
Boston,2018,https://boston.gov/sites/default/files/election/results/2018/9/09-04-18_Democratic_Clerk_of_Supreme_Judicial_Court.pdf,result,catalog,docsweep,Democratic Clerk of Supreme Judicial Court
Boston,2018,https://boston.gov/sites/default/files/election/results/2018/9/09-04-18_Democratic_District_Attorney.pdf,result,catalog,docsweep,Democratic District Attorney
Boston,2018,https://boston.gov/sites/default/files/election/results/2018/9/09-04-18_Democratic_Register_of_Deeds.pdf,result,catalog,docsweep,Democratic Register of Deeds
Boston,2018,https://boston.gov/sites/default/files/election/results/2018/9/09-04-18_Democratic_Representative_in_General_Court_Eight_Suffolk_District.pdf,result,catalog,docsweep,Democratic Representative in General Court - Eighth Suffolk District
Boston,2018,https://boston.gov/sites/default/files/election/results/2018/9/09-04-18_Democratic_Representative_in_General_Court_Eighteenth_Suffolk_District.pdf,result,catalog,docsweep,Democratic Representative in General Court - Eighteenth Suffolk District
Boston,2018,https://boston.gov/sites/default/files/election/results/2018/9/09-04-18_Democratic_Representative_in_General_Court_Eleventh_Suffolk_District.pdf,result,catalog,docsweep,Democratic Representative in General Court - Eleventh Suffolk District
Boston,2018,https://boston.gov/sites/default/files/election/results/2018/9/09-04-18_Democratic_Representative_in_General_Court_Fifteenth_Suffolk_District.pdf,result,catalog,docsweep,Democratic Representative in General Court - Fifteenth Suffolk District
Boston,2018,https://boston.gov/sites/default/files/election/results/2018/9/09-04-18_Democratic_Representative_in_General_Court_Fifth_Suffolk_District.pdf,result,catalog,docsweep,Democratic Representative in General Court - Fifth Suffolk District
Boston,2018,https://boston.gov/sites/default/files/election/results/2018/9/09-04-18_Democratic_Representative_in_General_Court_First_Suffolk_District.pdf,result,catalog,docsweep,Democratic Representative in General Court - First Suffolk District
Boston,2018,https://boston.gov/sites/default/files/election/results/2018/9/09-04-18_Democratic_Representative_in_General_Court_Fourteenth_Suffolk_District.pdf,result,catalog,docsweep,Democratic Representative in General Court - Fourteenth Suffolk District
Boston,2018,https://boston.gov/sites/default/files/election/results/2018/9/09-04-18_Democratic_Representative_in_General_Court_Fourth_Suffolk_District.pdf,result,catalog,docsweep,Democratic Representative in General Court - Fourth Suffolk District
Boston,2018,https://boston.gov/sites/default/files/election/results/2018/9/09-04-18_Democratic_Representative_in_General_Court_Ninth_Suffolk_District.pdf,result,catalog,docsweep,Democratic Representative in General Court - Ninth Suffolk District
Boston,2018,https://boston.gov/sites/default/files/election/results/2018/9/09-04-18_Democratic_Representative_in_General_Court_Second_Suffolk_District.pdf,result,catalog,docsweep,Democratic Representative in General Court - Second Suffolk District
Boston,2018,https://boston.gov/sites/default/files/election/results/2018/9/09-04-18_Democratic_Representative_in_General_Court_Seventeenth_Suffolk_District.pdf,result,catalog,docsweep,Democratic Representative in General Court - Seventeenth Suffolk District
Boston,2018,https://boston.gov/sites/default/files/election/results/2018/9/09-04-18_Democratic_Representative_in_General_Court_Seventh_Suffolk_District.pdf,result,catalog,docsweep,Democratic Representative in General Court - Seventh Suffolk District
Boston,2018,https://boston.gov/sites/default/files/election/results/2018/9/09-04-18_Democratic_Representative_in_General_Court_Sixth_Suffolk_District.pdf,result,catalog,docsweep,Democratic Representative in General Court - Sixth Suffolk District
Boston,2018,https://boston.gov/sites/default/files/election/results/2018/9/09-04-18_Democratic_Representative_in_General_Court_Tenth_Suffolk_District.pdf,result,catalog,docsweep,Democratic Representative in General Court - Tenth Suffolk District
Boston,2018,https://boston.gov/sites/default/files/election/results/2018/9/09-04-18_Democratic_Representative_in_General_Court_Third_Suffolk_District.pdf,result,catalog,docsweep,Democratic Representative in General Court - Third Suffolk District
Boston,2018,https://boston.gov/sites/default/files/election/results/2018/9/09-04-18_Democratic_Representative_in_General_Court_Thirteenth_Suffolk_District.pdf,result,catalog,docsweep,Democratic Representative in General Court - Thirteenth Suffolk District
Boston,2018,https://boston.gov/sites/default/files/election/results/2018/9/09-04-18_Democratic_Representative_in_General_Court_Twelveth_Suffolk_District.pdf,result,catalog,docsweep,Democratic Representative in General Court - Twelfth Suffolk District
Boston,2018,https://boston.gov/sites/default/files/election/results/2018/9/09-04-18_Democratic_Secretary_of_State.pdf,result,catalog,docsweep,Democratic Secretary of State
Boston,2018,https://boston.gov/sites/default/files/election/results/2018/9/09-04-18_Democratic_Treasurer.pdf,result,catalog,docsweep,Democratic Treasurer
Boston,2018,https://boston.gov/sites/default/files/election/results/2018/9/09-04-18_Democratic_US_Senate.pdf,result,catalog,docsweep,Democratic US Senate
Boston,2018,https://boston.gov/sites/default/files/election/results/2018/9/09-04-18_Libertarian_Attorney_General.pdf,result,catalog,docsweep,Libertarian Attorney General
Boston,2018,https://boston.gov/sites/default/files/election/results/2018/9/09-04-18_Libertarian_Auditor.pdf,result,catalog,docsweep,Libertarian Auditor
Boston,2018,https://boston.gov/sites/default/files/election/results/2018/9/09-04-18_Libertarian_Clerk_of_Superior_Court_%28Civil_Business%29.pdf,result,catalog,docsweep,Libertarian Clerk of Superior Court (Civil Business)
Boston,2018,https://boston.gov/sites/default/files/election/results/2018/9/09-04-18_Libertarian_Clerk_of_Superior_Court_%28Criminal_Business%29.pdf,result,catalog,docsweep,Libertarian Clerk of Superior Court (Criminal Business)
Boston,2018,https://boston.gov/sites/default/files/election/results/2018/9/09-04-18_Libertarian_Clerk_of_Supreme_Judicial_Court.pdf,result,catalog,docsweep,Libertarian Clerk of Supreme Judicial Court
Boston,2018,https://boston.gov/sites/default/files/election/results/2018/9/09-04-18_Libertarian_District_Attorney.pdf,result,catalog,docsweep,Libertarian District Attorney
Boston,2018,https://boston.gov/sites/default/files/election/results/2018/9/09-04-18_Libertarian_Register_of_Deeds.pdf,result,catalog,docsweep,Libertarian Register of Deeds
Boston,2018,https://boston.gov/sites/default/files/election/results/2018/9/09-04-18_Libertarian_Representative_in_General_Court_Eighteenth_Suffolk_District.pdf,result,catalog,docsweep,Libertarian Representative in General Court - Eighteenth Suffolk District
Boston,2018,https://boston.gov/sites/default/files/election/results/2018/9/09-04-18_Libertarian_Representative_in_General_Court_Eighth_Suffolk_District.pdf,result,catalog,docsweep,Libertarian Representative in General Court - Eighth Suffolk District
Boston,2018,https://boston.gov/sites/default/files/election/results/2018/9/09-04-18_Libertarian_Representative_in_General_Court_Eleventh_Suffolk_District.pdf,result,catalog,docsweep,Libertarian Representative in General Court - Eleventh Suffolk District
Boston,2018,https://boston.gov/sites/default/files/election/results/2018/9/09-04-18_Libertarian_Representative_in_General_Court_Fifteenth_Suffolk_District.pdf,result,catalog,docsweep,Libertarian Representative in General Court - Fifteenth Suffolk District
Boston,2018,https://boston.gov/sites/default/files/election/results/2018/9/09-04-18_Libertarian_Representative_in_General_Court_Fifth_Suffolk_District.pdf,result,catalog,docsweep,Libertarian Representative in General Court - Fifth Suffolk District
Boston,2018,https://boston.gov/sites/default/files/election/results/2018/9/09-04-18_Libertarian_Representative_in_General_Court_First_Suffolk_District.pdf,result,catalog,docsweep,Libertarian Representative in General Court - First Suffolk District
Boston,2018,https://boston.gov/sites/default/files/election/results/2018/9/09-04-18_Libertarian_Representative_in_General_Court_Fourteenth_Suffolk_District.pdf,result,catalog,docsweep,Libertarian Representative in General Court - Fourteenth Suffolk District
Boston,2018,https://boston.gov/sites/default/files/election/results/2018/9/09-04-18_Libertarian_Representative_in_General_Court_Fourth_Suffolk_District.pdf,result,catalog,docsweep,Libertarian Representative in General Court - Fourth Suffolk District
Boston,2018,https://boston.gov/sites/default/files/election/results/2018/9/09-04-18_Libertarian_Representative_in_General_Court_Ninth_Suffolk_District.pdf,result,catalog,docsweep,Libertarian Representative in General Court - Ninth Suffolk District
Boston,2018,https://boston.gov/sites/default/files/election/results/2018/9/09-04-18_Libertarian_Representative_in_General_Court_Second_Suffolk_District.pdf,result,catalog,docsweep,Libertarian Representative in General Court - Second Suffolk District
Boston,2018,https://boston.gov/sites/default/files/election/results/2018/9/09-04-18_Libertarian_Representative_in_General_Court_Seventeenth_Suffolk_District.pdf,result,catalog,docsweep,Libertarian Representative in General Court - Seventeenth Suffolk District
Boston,2018,https://boston.gov/sites/default/files/election/results/2018/9/09-04-18_Libertarian_Representative_in_General_Court_Seventh_Suffolk_District.pdf,result,catalog,docsweep,Libertarian Representative in General Court - Seventh Suffolk District
Boston,2018,https://boston.gov/sites/default/files/election/results/2018/9/09-04-18_Libertarian_Representative_in_General_Court_Sixth_Suffolk_District.pdf,result,catalog,docsweep,Libertarian Representative in General Court - Sixth Suffolk District
Boston,2018,https://boston.gov/sites/default/files/election/results/2018/9/09-04-18_Libertarian_Representative_in_General_Court_Tenth_Suffulk_District.pdf,result,catalog,docsweep,Libertarian Representative in General Court - Tenth Suffolk District
Boston,2018,https://boston.gov/sites/default/files/election/results/2018/9/09-04-18_Libertarian_Representative_in_General_Court_Third_Suffolk_District.pdf,result,catalog,docsweep,Libertarian Representative in General Court - Third Suffolk District
Boston,2018,https://boston.gov/sites/default/files/election/results/2018/9/09-04-18_Libertarian_Representative_in_General_Court_Thirteenth_Suffolk_District.pdf,result,catalog,docsweep,Libertarian Representative in General Court - Thirteenth Suffolk District
Boston,2018,https://boston.gov/sites/default/files/election/results/2018/9/09-04-18_Libertarian_Representative_in_General_Court_Twelveth_Suffolk_District.pdf,result,catalog,docsweep,Libertarian Representative in General Court - Twelfth Suffolk District
Boston,2018,https://boston.gov/sites/default/files/election/results/2018/9/09-04-18_Libertarian_Secretary_of_State.pdf,result,catalog,docsweep,Libertarian Secretary of State
Boston,2018,https://boston.gov/sites/default/files/election/results/2018/9/09-04-18_Libertarian_Treasurer.pdf,result,catalog,docsweep,Libertarian Treasurer
Boston,2018,https://boston.gov/sites/default/files/election/results/2018/9/09-04-18_Republican_Attorney_General.pdf,result,catalog,docsweep,Republican Attorney General
Boston,2018,https://boston.gov/sites/default/files/election/results/2018/9/09-04-18_Republican_Auditor.pdf,result,catalog,docsweep,Republican Auditor
Boston,2018,https://boston.gov/sites/default/files/election/results/2018/9/09-04-18_Republican_Clerk_of_Superior_Court_%28Civil_Business%29.pdf,result,catalog,docsweep,Republican Clerk of Superior Court (Civil Business)
Boston,2018,https://boston.gov/sites/default/files/election/results/2018/9/09-04-18_Republican_Clerk_of_Superior_Court_%28Criminal_Business%29.pdf,result,catalog,docsweep,Republican Clerk of Superior Court (Criminal Business)
Boston,2018,https://boston.gov/sites/default/files/election/results/2018/9/09-04-18_Republican_Clerk_of_Supreme_Judicial_Court.pdf,result,catalog,docsweep,Republican Clerk of Supreme Judicial Court
Boston,2018,https://boston.gov/sites/default/files/election/results/2018/9/09-04-18_Republican_District_Attorney.pdf,result,catalog,docsweep,Republican District Attorney
Boston,2018,https://boston.gov/sites/default/files/election/results/2018/9/09-04-18_Republican_Register_of_Deeds.pdf,result,catalog,docsweep,Republican Register of Deeds
Boston,2018,https://boston.gov/sites/default/files/election/results/2018/9/09-04-18_Republican_Representative_in_General_Court_Eighteenth_Suffolk_District.pdf,result,catalog,docsweep,Republican Representative in General Court - Eighteenth Suffolk District
Boston,2018,https://boston.gov/sites/default/files/election/results/2018/9/09-04-18_Republican_Representative_in_General_Court_Eighth_Suffolk_District.pdf,result,catalog,docsweep,Republican Representative in General Court - Eighth Suffolk District
Boston,2018,https://boston.gov/sites/default/files/election/results/2018/9/09-04-18_Republican_Representative_in_General_Court_Eleventh_Suffolk_District.pdf,result,catalog,docsweep,Republican Representative in General Court - Eleventh Suffolk District
Boston,2018,https://boston.gov/sites/default/files/election/results/2018/9/09-04-18_Republican_Representative_in_General_Court_Fifteenth_Suffolk_District.pdf,result,catalog,docsweep,Republican Representative in General Court - Fifteenth Suffolk District
Boston,2018,https://boston.gov/sites/default/files/election/results/2018/9/09-04-18_Republican_Representative_in_General_Court_Fifth_Suffolk_District.pdf,result,catalog,docsweep,Republican Representative in General Court - Fifth Suffolk District
Boston,2018,https://boston.gov/sites/default/files/election/results/2018/9/09-04-18_Republican_Representative_in_General_Court_First_Suffolk_District.pdf,result,catalog,docsweep,Republican Representative in General Court - First Suffolk District
Boston,2018,https://boston.gov/sites/default/files/election/results/2018/9/09-04-18_Republican_Representative_in_General_Court_Fourteenth_Suffolk_District.pdf,result,catalog,docsweep,Republican Representative in General Court - Fourteenth Suffolk District
Boston,2018,https://boston.gov/sites/default/files/election/results/2018/9/09-04-18_Republican_Representative_in_General_Court_Fourth_Suffolk_District.pdf,result,catalog,docsweep,Republican Representative in General Court - Fourth Suffolk District
Boston,2018,https://boston.gov/sites/default/files/election/results/2018/9/09-04-18_Republican_Representative_in_General_Court_Ninth_Suffolk_District.pdf,result,catalog,docsweep,Republican Representative in General Court - Ninth Suffolk District
Boston,2018,https://boston.gov/sites/default/files/election/results/2018/9/09-04-18_Republican_Representative_in_General_Court_Second_Suffolk_District.pdf,result,catalog,docsweep,Republican Representative in General Court - Second Suffolk District
Boston,2018,https://boston.gov/sites/default/files/election/results/2018/9/09-04-18_Republican_Representative_in_General_Court_Seventeenth_Suffolk_District.pdf,result,catalog,docsweep,Republican Representative in General Court - Seventeenth Suffolk District
Boston,2018,https://boston.gov/sites/default/files/election/results/2018/9/09-04-18_Republican_Representative_in_General_Court_Seventh_Suffolk_District.pdf,result,catalog,docsweep,Republican Representative in General Court - Seventh Suffolk District
Boston,2018,https://boston.gov/sites/default/files/election/results/2018/9/09-04-18_Republican_Representative_in_General_Court_Sixth_Suffolk_District.pdf,result,catalog,docsweep,Republican Representative in General Court - Sixth Suffolk District
Boston,2018,https://boston.gov/sites/default/files/election/results/2018/9/09-04-18_Republican_Representative_in_General_Court_Tenth_Suffulk_District.pdf,result,catalog,docsweep,Republican Representative in General Court - Tenth Suffolk District
Boston,2018,https://boston.gov/sites/default/files/election/results/2018/9/09-04-18_Republican_Representative_in_General_Court_Third_Suffolk_District.pdf,result,catalog,docsweep,Republican Representative in General Court - Third Suffolk District
Boston,2018,https://boston.gov/sites/default/files/election/results/2018/9/09-04-18_Republican_Representative_in_General_Court_Thirteenth_Suffolk_District.pdf,result,catalog,docsweep,Republican Representative in General Court - Thirteenth Suffolk District
Boston,2018,https://boston.gov/sites/default/files/election/results/2018/9/09-04-18_Republican_Representative_in_General_Court_Twelveth_Suffolk_District.pdf,result,catalog,docsweep,Republican Representative in General Court - Twelfth Suffolk District
Boston,2018,https://boston.gov/sites/default/files/election/results/2018/9/09-04-18_Republican_Secratary_of_State.pdf,result,catalog,docsweep,Republican Secretary of State
Boston,2018,https://boston.gov/sites/default/files/election/results/2018/9/09-04-18_Republican_Treasurer.pdf,result,catalog,docsweep,Republican Treasurer
Boston,2018,https://www.boston.gov/sites/default/files/embed/j/jcdecaux_boston_inc._annual_report_2018x_09302019.pdf,atr,nodes,docsweep,JCDecaux Boston Annual Report on street furniture program (2018)
Boston,2018,https://www.boston.gov/sites/default/files/file/document_files/2018/03/2016_vision_zero_boston_annual_report.pdf,atr,nodes,crawl,"2016 Annual Report 
       
       
         
     Published in 2017, this report provides a review of the progress that"
Boston,2019,https://boston.gov/sites/default/files/embed/2/2019_-_09-24-19_-_city_councillor_at_large_ward_precinct_results.pdf,result,catalog,docsweep,City Council At-Large
Boston,2019,https://boston.gov/sites/default/files/embed/2/2019_-_09-24-19_-_city_councillor_district_5_ward_precinct_results.pdf,result,catalog,docsweep,City Council District 5
Boston,2019,https://boston.gov/sites/default/files/embed/2/2019_-_09-24-19_-_city_councillor_district_7_ward_precinct_results.pdf,result,catalog,docsweep,City Council District 7
Boston,2019,https://boston.gov/sites/default/files/embed/2/2019_-_09-24-19_-_city_councillor_district_8_ward_precinct_results.pdf,result,catalog,docsweep,City Council District 8
Boston,2019,https://boston.gov/sites/default/files/embed/2/2019_-_09-24-19_-_city_councillor_district_9_ward_precinct_results.pdf,result,catalog,docsweep,City Council District 9
Boston,2019,https://boston.gov/sites/default/files/file/2020/01/2019%20-%2011-05-19%20-%20City%20Councillor%20District%201%20Ward%20%26%20Precinct%20Results.pdf,result,catalog,docsweep,City Council District 1
Boston,2019,https://boston.gov/sites/default/files/file/2020/01/2019%20-%2011-05-19%20-%20City%20Councillor%20District%202%20Ward%20%26%20Precinct%20Results.pdf,result,catalog,docsweep,City Council District 2
Boston,2019,https://boston.gov/sites/default/files/file/2020/01/2019%20-%2011-05-19%20-%20City%20Councillor%20District%203%20Ward%20%26%20Precinct%20Results.pdf,result,catalog,docsweep,City Council District 3
Boston,2019,https://boston.gov/sites/default/files/file/2020/01/2019%20-%2011-05-19%20-%20City%20Councillor%20District%204%20Ward%20%26%20Precinct%20Results.pdf,result,catalog,docsweep,City Council District 4
Boston,2019,https://boston.gov/sites/default/files/file/2020/01/2019%20-%2011-05-19%20-%20City%20Councillor%20District%205%20Ward%20%26%20Precinct%20Results.pdf,result,catalog,docsweep,City Council District 5
Boston,2019,https://boston.gov/sites/default/files/file/2020/01/2019%20-%2011-05-19%20-%20City%20Councillor%20District%206%20Ward%20%26%20Precinct%20Results.pdf,result,catalog,docsweep,City Council District 6
Boston,2019,https://boston.gov/sites/default/files/file/2020/01/2019%20-%2011-05-19%20-%20City%20Councillor%20District%207%20Ward%20%26%20Precinct%20Results.pdf,result,catalog,docsweep,City Council District 7
Boston,2019,https://boston.gov/sites/default/files/file/2020/01/2019%20-%2011-05-19%20-%20City%20Councillor%20District%208%20Ward%20%26%20Precinct%20Results.pdf,result,catalog,docsweep,City Council District 8
Boston,2019,https://boston.gov/sites/default/files/file/2020/01/2019%20-%2011-05-19%20-%20City%20Councillor%20District%209%20Ward%20%26%20Precinct%20Results.pdf,result,catalog,docsweep,City Council District 9
Boston,2020,https://www.boston.gov/sites/default/files/file/2020/01/6%20Hudson%20Street%20Chinatown%20Report_0.pdf,atr,nodes,docsweep,"Excavations at 6 Hudson Street Report 
                     		   Summary of archaeological dig at 6 Hudson Street"
Boston,2020,https://www.boston.gov/sites/default/files/file/2020/04/%28for%20email%29%202019%20Boston%20Annual%20Report%20-%20Public%20Version%20%28Final%29.pdf,atr,nodes,docsweep,JCDecaux Boston Annual Report on street furniture program (2019)
Boston,2020,https://www.boston.gov/sites/default/files/file/2021/04/2020-furniture-report.pdf,atr,nodes,docsweep,JCDecaux Boston Annual Report on street furniture program (2020)
Bourne,2011,http://www.townofbourne.com/sites/bournema/files/file/file/2011townreport.pdf,atr,nodes,wayback,
Bourne,2011,https://www.townofbourne.com/sites/g/files/vyhlif7346/f/file/file/2011townreport.pdf,atr,nodes,wayback,
Bourne,2013,http://www.townofbourne.com/sites/bournema/files/file/file/2013_town_report.pdf,atr,nodes,wayback,
Bourne,2013,https://www.townofbourne.com/sites/g/files/vyhlif7346/f/file/file/2013_town_report.pdf,atr,nodes,wayback,
Bourne,2015,http://www.townofbourne.com/sites/bournema/files/file/file/bourne_2015_town_report_web_copy.pdf,atr,nodes,wayback,
Bourne,2015,https://ma-bourne.civicplus.com/DocumentCenter/View/3275,result,catalog,dc_idsweep,October 6th election results 2015 10 06 PDF?bidId=
Bourne,2015,https://www.townofbourne.com/sites/g/files/vyhlif7346/f/file/file/bourne_2015_town_report_web_copy.pdf,atr,nodes,wayback,
Boxborough,2002,http://www.boxborough-ma.gov/sites/boxboroughma/files/file/file/town_report_2002.pdf,atr,nodes,wayback,
Boxborough,2002,http://www.boxborough-ma.gov/sites/boxboroughma/files/file/file/town_report_2002_0.pdf,atr,nodes,wayback,
Boxborough,2004,http://www.boxborough-ma.gov/sites/boxboroughma/files/file/file/2004townreport.pdf,atr,nodes,wayback,
Boxborough,2004,http://www.boxborough-ma.gov/sites/boxboroughma/files/file/file/2004townreport_0.pdf,atr,nodes,wayback,
Boxborough,2008,http://www.boxborough-ma.gov/sites/boxboroughma/files/file/file/annualtownreport2008.pdf,atr,nodes,wayback,
Boxborough,2008,http://www.boxborough-ma.gov/sites/boxboroughma/files/file/file/annualtownreport2008_0.pdf,atr,nodes,wayback,
Boxborough,2009,http://www.boxborough-ma.gov/sites/boxboroughma/files/file/file/2009townreport.pdf,atr,nodes,wayback,
Boxborough,2009,http://www.boxborough-ma.gov/sites/boxboroughma/files/file/file/2009townreport_0.pdf,atr,nodes,wayback,
Boxborough,2010,http://www.boxborough-ma.gov/sites/boxboroughma/files/file/file/2010townreport.pdf,atr,nodes,wayback,
Boxborough,2010,http://www.boxborough-ma.gov/sites/boxboroughma/files/file/file/2010townreport_0.pdf,atr,nodes,wayback,
Boxborough,2010,http://www.boxborough-ma.gov:80/sites/boxboroughma/files/file/file/2010townreport_1.pdf,atr,nodes,wayback,
Boxborough,2012,http://www.boxborough-ma.gov/sites/boxboroughma/files/bpd_2012_annual_report_for_web.pdf,atr,nodes,wayback,
Boxborough,2012,http://www.boxborough-ma.gov/sites/boxboroughma/files/file/file/2012townreport.pdf,atr,nodes,wayback,
Boxborough,2012,http://www.boxborough-ma.gov/sites/boxboroughma/files/file/file/2012townreport_0.pdf,atr,nodes,wayback,
Boxborough,2012,http://www.boxborough-ma.gov/sites/boxboroughma/files/file/file/2012townreport_1.pdf,atr,nodes,wayback,
Boxborough,2013,http://www.boxborough-ma.gov/sites/boxboroughma/files/bpd_2013_annual_report_for_web.pdf,atr,nodes,wayback,
Boxborough,2013,http://www.boxborough-ma.gov/sites/boxboroughma/files/file/file/town_report_2013_web_0.pdf,atr,nodes,wayback,
Boxborough,2013,http://www.boxborough-ma.gov/sites/boxboroughma/files/file/file/town_report_2013_web_1.pdf,atr,nodes,wayback,
Boxborough,2013,http://www.boxborough-ma.gov:80/sites/boxboroughma/files/file/file/town_report_2013_web.pdf,atr,nodes,wayback,
Boxborough,2014,http://www.boxborough-ma.gov/sites/boxboroughma/files/file/file/annual_town_report_2014_.pdf,atr,nodes,wayback,
Boxborough,2014,http://www.boxborough-ma.gov/sites/boxboroughma/files/file/file/annual_town_report_2014_web.pdf,atr,nodes,wayback,
Boxborough,2014,http://www.boxborough-ma.gov/sites/boxboroughma/files/file/file/annual_town_report_2014_web_2.pdf,atr,nodes,wayback,
Boxborough,2015,http://www.boxborough-ma.gov/sites/boxboroughma/files/file/file/annual_town_report_2015-web.pdf,atr,nodes,wayback,
Boxborough,2015,http://www.boxborough-ma.gov/sites/boxboroughma/files/file/file/annual_town_report_2015_web.pdf,atr,nodes,wayback,
Boxford,2009,http://www.town.boxford.ma.us/images/annual_report_2009.pdf,atr,nodes,wayback,
Boxford,2011,https://boxfordlibrary.org/ImageRepository/Document?documentID=218,annual_report,catalog,documentcenter,"Boards & Commissions / Select Board / Town Meeting, Election Results & Annual Reports 2011"
Boxford,2011,https://boxfordma.gov/ImageRepository/Document?documentID=218,annual_report,catalog,documentcenter,"Boards & Commissions / Select Board / Town Meeting, Election Results & Annual Reports 2011"
Boxford,2011,https://town.boxford.ma.us/ImageRepository/Document?documentID=218,annual_report,catalog,documentcenter,"Boards & Commissions / Select Board / Town Meeting, Election Results & Annual Reports 2011"
Boxford,2012,https://boxfordlibrary.org/DocumentCenter/View/842/Annual-Town-Election-Results-May-15-2012-PDF,result,catalog,docsweep,"Annual Town Election Results May 15, 2012 (PDF)"
Boxford,2012,https://boxfordlibrary.org/ImageRepository/Document?documentID=217,annual_report,catalog,documentcenter,"Boards & Commissions / Select Board / Town Meeting, Election Results & Annual Reports 2012"
Boxford,2012,https://boxfordma.gov/ImageRepository/Document?documentID=217,annual_report,catalog,documentcenter,"Boards & Commissions / Select Board / Town Meeting, Election Results & Annual Reports 2012"
Boxford,2012,https://town.boxford.ma.us/ImageRepository/Document?documentID=217,annual_report,catalog,documentcenter,"Boards & Commissions / Select Board / Town Meeting, Election Results & Annual Reports 2012"
Boxford,2012,https://www.boxfordma.gov/DocumentCenter/View/842,result,catalog,dc_idsweep,Annual Town Election Results May 15 2012 PDF?bidId=
Boxford,2012,https://www.boxfordma.gov/DocumentCenter/View/842/Annual-Town-Election-Results-May-15-2012-PDF,result,catalog,docsweep,"Annual Town Election Results May 15, 2012 (PDF)"
Boxford,2013,https://boxfordlibrary.org/ImageRepository/Document?documentID=216,annual_report,catalog,documentcenter,"Boards & Commissions / Select Board / Town Meeting, Election Results & Annual Reports 2013"
Boxford,2013,https://boxfordma.gov/ImageRepository/Document?documentID=216,annual_report,catalog,documentcenter,"Boards & Commissions / Select Board / Town Meeting, Election Results & Annual Reports 2013"
Boxford,2013,https://town.boxford.ma.us/DocumentCenter/View/840,result,catalog,dc_idsweep,Annual Town Election Results May 21 2013 PDF?bidId=
Boxford,2013,https://town.boxford.ma.us/ImageRepository/Document?documentID=216,annual_report,catalog,documentcenter,"Boards & Commissions / Select Board / Town Meeting, Election Results & Annual Reports 2013"
Boxford,2013,https://www.boxfordlibrary.org/DocumentCenter/View/840/Annual-Town-Election-Results-May-21-2013-PDF,result,catalog,wayback,
Boxford,2013,https://www.boxfordma.gov/DocumentCenter/View/840/Annual-Town-Election-Results-May-21-2013-PDF,result,catalog,wayback,
Boxford,2014,http://www.town.boxford.ma.us/Pages/AnnualReport2014.pdf,atr,nodes,wayback,
Boxford,2014,https://boxfordlibrary.org/ImageRepository/Document?documentID=215,annual_report,catalog,documentcenter,"Boards & Commissions / Select Board / Town Meeting, Election Results & Annual Reports 2014"
Boxford,2014,https://boxfordma.gov/ImageRepository/Document?documentID=215,annual_report,catalog,documentcenter,"Boards & Commissions / Select Board / Town Meeting, Election Results & Annual Reports 2014"
Boxford,2014,https://town.boxford.ma.us/DocumentCenter/View/836,result,catalog,dc_idsweep,Annual Town Election Results May 20 2014 PDF?bidId=
Boxford,2014,https://town.boxford.ma.us/ImageRepository/Document?documentID=215,annual_report,catalog,documentcenter,"Boards & Commissions / Select Board / Town Meeting, Election Results & Annual Reports 2014"
Boxford,2014,https://www.boxfordlibrary.org/DocumentCenter/View/836/Annual-Town-Election-Results-May-20-2014-PDF,result,catalog,wayback,
Boxford,2014,https://www.boxfordma.gov/DocumentCenter/View/836/Annual-Town-Election-Results-May-20-2014-PDF,result,catalog,wayback,
Boxford,2015,https://boxfordlibrary.org/ImageRepository/Document?documentID=214,annual_report,catalog,documentcenter,"Boards & Commissions / Select Board / Town Meeting, Election Results & Annual Reports 2015"
Boxford,2015,https://boxfordma.gov/ImageRepository/Document?documentID=214,annual_report,catalog,documentcenter,"Boards & Commissions / Select Board / Town Meeting, Election Results & Annual Reports 2015"
Boxford,2015,https://town.boxford.ma.us/ImageRepository/Document?documentID=214,annual_report,catalog,documentcenter,"Boards & Commissions / Select Board / Town Meeting, Election Results & Annual Reports 2015"
Boxford,2016,https://boxfordlibrary.org/ImageRepository/Document?documentID=213,annual_report,catalog,documentcenter,"Boards & Commissions / Select Board / Town Meeting, Election Results & Annual Reports 2016"
Boxford,2016,https://boxfordma.gov/ImageRepository/Document?documentID=213,annual_report,catalog,documentcenter,"Boards & Commissions / Select Board / Town Meeting, Election Results & Annual Reports 2016"
Boxford,2016,https://town.boxford.ma.us/ImageRepository/Document?documentID=213,annual_report,catalog,documentcenter,"Boards & Commissions / Select Board / Town Meeting, Election Results & Annual Reports 2016"
Boxford,2017,https://boxfordlibrary.org/ImageRepository/Document?documentID=212,annual_report,catalog,documentcenter,"Boards & Commissions / Select Board / Town Meeting, Election Results & Annual Reports 2017"
Boxford,2017,https://boxfordma.gov/ImageRepository/Document?documentID=212,annual_report,catalog,documentcenter,"Boards & Commissions / Select Board / Town Meeting, Election Results & Annual Reports 2017"
Boxford,2017,https://town.boxford.ma.us/ImageRepository/Document?documentID=212,annual_report,catalog,documentcenter,"Boards & Commissions / Select Board / Town Meeting, Election Results & Annual Reports 2017"
Boxford,2018,https://boxfordlibrary.org/ImageRepository/Document?documentID=211,annual_report,catalog,documentcenter,"Boards & Commissions / Select Board / Town Meeting, Election Results & Annual Reports 2018"
Boxford,2018,https://boxfordma.gov/ImageRepository/Document?documentID=211,annual_report,catalog,documentcenter,"Boards & Commissions / Select Board / Town Meeting, Election Results & Annual Reports 2018"
Boxford,2018,https://town.boxford.ma.us/DocumentCenter/View/817,result,catalog,dc_idsweep,Results   Annual Town Election May 15 2018 PDF?bidId=
Boxford,2018,https://town.boxford.ma.us/ImageRepository/Document?documentID=211,annual_report,catalog,documentcenter,"Boards & Commissions / Select Board / Town Meeting, Election Results & Annual Reports 2018"
Boxford,2018,https://www.boxfordlibrary.org/DocumentCenter/View/817/Results---Annual-Town-Election-May-15-2018-PDF,result,catalog,wayback,
Boxford,2018,https://www.boxfordma.gov/DocumentCenter/View/817/Results---Annual-Town-Election-May-15-2018-PDF,result,catalog,wayback,
Boxford,2019,https://boxfordlibrary.org/DocumentCenter/View/812/Results---Annual-Town-Election-May-21-2019-PDF,result,catalog,docsweep,"Results - Annual Town Election, May 21, 2019 (PDF)"
Boxford,2019,https://boxfordlibrary.org/ImageRepository/Document?documentID=210,annual_report,catalog,documentcenter,"Boards & Commissions / Select Board / Town Meeting, Election Results & Annual Reports 2019"
Boxford,2019,https://boxfordma.gov/ImageRepository/Document?documentID=210,annual_report,catalog,documentcenter,"Boards & Commissions / Select Board / Town Meeting, Election Results & Annual Reports 2019"
Boxford,2019,https://town.boxford.ma.us/ImageRepository/Document?documentID=210,annual_report,catalog,documentcenter,"Boards & Commissions / Select Board / Town Meeting, Election Results & Annual Reports 2019"
Boxford,2019,https://www.boxfordma.gov/DocumentCenter/View/812,result,catalog,dc_idsweep,Results   Annual Town Election May 21 2019 PDF?bidId=
Boxford,2019,https://www.boxfordma.gov/DocumentCenter/View/812/Results---Annual-Town-Election-May-21-2019-PDF,result,catalog,docsweep,"Results - Annual Town Election, May 21, 2019 (PDF)"
Boxford,2019,https://www.town.boxford.ma.us/sites/g/files/vyhlif321/f/uploads/annual_report_2019_website_0.pdf,atr,nodes,wayback,
Boxford,2020,https://boxfordlibrary.org/ImageRepository/Document?documentID=209,annual_report,catalog,documentcenter,"Boards & Commissions / Select Board / Town Meeting, Election Results & Annual Reports 2020"
Boxford,2020,https://boxfordma.gov/ImageRepository/Document?documentID=209,annual_report,catalog,documentcenter,"Boards & Commissions / Select Board / Town Meeting, Election Results & Annual Reports 2020"
Boxford,2020,https://town.boxford.ma.us/DocumentCenter/View/805,result,catalog,dc_idsweep,Results   Annual Town Election June 30 2020 PDF?bidId=
Boxford,2020,https://town.boxford.ma.us/ImageRepository/Document?documentID=209,annual_report,catalog,documentcenter,"Boards & Commissions / Select Board / Town Meeting, Election Results & Annual Reports 2020"
Boxford,2020,https://www.boxfordlibrary.org/DocumentCenter/View/805/Results---Annual-Town-Election-June-30-2020-PDF,result,catalog,wayback,
Boxford,2020,https://www.boxfordma.gov/DocumentCenter/View/805/Results---Annual-Town-Election-June-30-2020-PDF,result,catalog,wayback,
Boxford,2020,https://www.town.boxford.ma.us/sites/g/files/vyhlif321/f/news/election_results_6-30-2020.pdf,result,catalog,wayback,
Boxford,2020,https://www.town.boxford.ma.us/sites/g/files/vyhlif321/f/news/june_30_2020_annual_town_election_results.pdf,result,catalog,wayback,
Boxford,2020,https://www.town.boxford.ma.us/sites/g/files/vyhlif321/f/uploads/annual_report_2020_for_website_0.pdf,atr,nodes,wayback,
Boylston,2004,http://www.boylston-ma.gov/Pages/BoylstonMA_BComm/Annual-Report-fiscal-year-2004.pdf,atr,nodes,wayback,
Boylston,2005,http://www.boylston-ma.gov/Pages/BoylstonMA_BComm/Annual-Report-fiscal-year-2005.pdf,atr,nodes,wayback,
Boylston,2006,http://www.boylston-ma.gov/Pages/BoylstonMA_BComm/Annual-Report-fiscal-year-2006.pdf,atr,nodes,wayback,
Boylston,2016,http://www.boylston-ma.gov/sites/boylstonma/files/uploads/election_results_2016.pdf,result,catalog,wayback,
Boylston,2016,https://www.boylston-ma.gov/sites/g/files/vyhlif4171/f/uploads/2016_annual_report.pdf,atr,nodes,wayback,
Boylston,2017,https://www.boylston-ma.gov/sites/g/files/vyhlif4171/f/uploads/2017_annual_town_report.pdf,atr,nodes,wayback,
Boylston,2018,https://www.boylston-ma.gov/sites/g/files/vyhlif4171/f/uploads/official_town_report_2018_-_final.pdf,atr,nodes,wayback,
Boylston,2019,https://www.boylston-ma.gov/sites/g/files/vyhlif4171/f/uploads/offical_annual_town_report_2019.pdf,atr,nodes,wayback,
Braintree,2020,https://www.braintreema.gov/DocumentCenter/View/6595,result,catalog,dc_idsweep,Notice of Post Election Tabulation Nov 10 2020PDF?bidId=
Braintree,2020,https://www.braintreema.gov/DocumentCenter/View/6651,result,catalog,dc_idsweep,November 3rd 2020 Certified Election Results?bidId=
Braintree,2020,https://www.braintreema.gov/DocumentCenter/View/6652,result,catalog,dc_idsweep,November 3rd 2020 Certified Election Results?bidId=
Brewster,2018,https://www.brewster-ma.gov/files/2018townreport.pdf,atr,nodes,wayback,
Brewster,2020,https://brewster-ma.gov/files/2020falltally.pdf,result,catalog,wayback,
Brewster,2020,https://www.brewster-ma.gov/files/2020townreport.pdf,atr,nodes,wayback,
Bridgewater,2001,http://www.bridgewaterma.org:80/Government/TransportationManagement/AnnualReportTMA2001.pdf,atr,nodes,wayback,
Bridgewater,2006,http://www.bridgewaterma.org:80/Government/TownElection/2006/042206Results.pdf,result,catalog,wayback,
Bridgewater,2015,http://www.bridgewaterma.org/Uploads/Town%20Clerk/Election%20Results/ATE4-25-2015.pdf,result,catalog,wayback,
Bridgewater,2016,https://www.bridgewaterma.gov/government/town_clerk/Documents/Government/Town Clerk/Annual Town Reports/Town-Report_Compiled_2016_final.pdf?t=202512260928370,atr,nodes,crawl,2016 Annual Town Report
Bridgewater,2017,https://www.bridgewaterma.gov/government/town_clerk/Documents/Government/Town Clerk/Annual Town Reports/2017_Town-Report_final_with-financials_no-cover_202108101420598503.pdf?t=202512260928310,atr,nodes,crawl,2017 Annual Town Report
Bridgewater,2018,https://www.bridgewaterma.gov/government/town_clerk/Documents/Government/Town Clerk/Annual Town Reports/2015_Town-Report_2018-final.pdf?t=202512260928310,atr,nodes,crawl,2015 Annual Town Report
Bridgewater,2018,https://www.bridgewaterma.gov/government/town_clerk/Documents/Government/Town Clerk/Annual Town Reports/Bridgewater_2018_Town-Report_Final_rev_online-copy.pdf?t=202512260928320,atr,nodes,crawl,2018 Annual Town Report
Bridgewater,2019,https://www.bridgewaterma.gov/government/town_clerk/Documents/Government/Town Clerk/Annual Town Reports/Bridgewater_2019_Town-Report_final.pdf?t=202512260928320,atr,nodes,crawl,2019 Annual Town Report
Bridgewater,2020,https://www.bridgewaterma.gov/government/town_clerk/Documents/Government/Town Clerk/Annual Town Reports/Bridgewater_2020_Town-Report.pdf?t=202512260928320,atr,nodes,crawl,2020 Annual Town Report
Bridgewater,2020,https://www.bridgewaterma.org/DocumentCenter/View/3600/CERTIFIED-Order-O-FY20-051---Emergency-Order---Change-2020-Election-Poll-Hours---042120,result,catalog,wayback,
Brimfield,2014,https://www.brimfieldma.org/sites/g/files/vyhlif4181/f/uploads/open_space_recreation_plan_committee_2014_annual_report.pdf,atr,nodes,wayback,
Brimfield,2017,http://www.brimfieldma.org/Pages/2017electionresults.pdf,result,catalog,wayback,
Brimfield,2018,http://brimfieldma.org:80/Pages/BrimfieldMA_Clerk/Brimfield%20MA%2011.6.2018%20Election%20Results.pdf,result,catalog,wayback,
Brimfield,2018,https://www.brimfieldma.org/sites/g/files/vyhlif4181/f/uploads/brimfield_ma_11.6.2018_election_results.pdf,result,catalog,wayback,
Brockton,2003,https://brockton.ma.us/wp-content/uploads/2018/07/2003-Election-Results.pdf,result,catalog,wayback,
Brockton,2005,https://brockton.ma.us/wp-content/uploads/2018/07/2005-Election-Results.pdf,result,catalog,wayback,
Brockton,2006,http://www.brockton.ma.us/Section_Departments/deptdocs/License_Commission_2006_Annual_Report.pdf,atr,nodes,wayback,
Brockton,2006,https://brockton.ma.us/wp-content/uploads/2018/07/2006-Election-Results.pdf,result,catalog,wayback,
Brockton,2007,http://brockton.ma.us/Docs/License_2007_Annual_Report.pdf,atr,nodes,wayback,
Brockton,2007,https://brockton.ma.us/wp-content/uploads/2018/07/2007-Election-Results.pdf,result,catalog,wayback,
Brockton,2008,http://brockton.ma.us/Docs/License_2008_Annual_Report.pdf,atr,nodes,wayback,
Brockton,2008,https://brockton.ma.us/wp-content/uploads/2018/07/2008-Election-Results.pdf,result,catalog,wayback,
Brockton,2009,http://brockton.ma.us/Docs/2009_Nov_3_Election_Results.pdf,result,catalog,wayback,
Brockton,2009,http://brockton.ma.us/Docs/License_2009_Annual_Report.pdf,atr,nodes,wayback,
Brockton,2009,https://brockton.ma.us/wp-content/uploads/2018/07/2009-Election-Results.pdf,result,catalog,wayback,
Brockton,2010,http://brockton.ma.us/Docs/2010_Election_Results.pdf,result,catalog,wayback,
Brockton,2010,http://www.brockton.ma.us/docs/archives/2010_Election_Results.pdf?sfvrsn=2,result,catalog,wayback,
Brockton,2010,http://www.brockton.ma.us/docs/documents/2010_Election_Results.pdf?sfvrsn=0,result,catalog,wayback,
Brockton,2010,https://brockton.ma.us/wp-content/uploads/2018/07/2010-Election-Results.pdf,result,catalog,wayback,
Brockton,2011,http://www.brockton.ma.us/docs/archives/2011_Election_Results.pdf?sfvrsn=0,result,catalog,wayback,
Brockton,2011,http://www.brockton.ma.us/docs/documents/2011_Election_Results.pdf?sfvrsn=0,result,catalog,wayback,
Brockton,2011,http://www.brockton.ma.us/docs/documents/2011_Preliminary_Election_Results.pdf?sfvrsn=0,result,catalog,wayback,
Brockton,2011,https://brockton.ma.us/wp-content/uploads/2018/07/2011-Election-Results.pdf,result,catalog,wayback,
Brockton,2012,https://brockton.ma.us/wp-content/uploads/2018/07/2012-Election-Results.pdf,result,catalog,wayback,
Brockton,2013,http://www.brockton.ma.us/docs/default-source/elections/2013-election-results.pdf?sfvrsn=4,result,catalog,wayback,
Brockton,2013,http://www.brockton.ma.us/docs/documents/2013-election-results.pdf?sfvrsn=4,result,catalog,wayback,
Brockton,2013,http://www.brockton.ma.us:80/docs/documents/2013-election-results.pdf?,result,catalog,wayback,
Brockton,2013,https://brockton.ma.us/wp-content/uploads/2018/07/2013-Election-Results.pdf,result,catalog,wayback,
Brockton,2013,https://brockton.ma.us/wp-content/uploads/2018/11/2013-election-results.pdf,result,catalog,wayback,
Brockton,2014,http://www.brockton.ma.us/docs/default-source/documents/2014-unofficial-election-results.pdf?sfvrsn=4,result,catalog,wayback,
Brockton,2014,https://brockton.ma.us/wp-content/uploads/2018/07/2014-Election-Results.pdf,result,catalog,wayback,
Brockton,2014,https://brockton.ma.us/wp-content/uploads/2018/11/2014-unofficial-election-results.pdf,result,catalog,wayback,
Brockton,2015,http://brockton.ma.us/docs/default-source/documents/2015-official-election-results.pdf?sfvrsn=2,result,catalog,wayback,
Brockton,2015,http://brockton.ma.us/docs/default-source/documents/2015-unofficial-election-results.pdf?sfvrsn=2,result,catalog,wayback,
Brockton,2015,http://brockton.ma.us/docs/default-source/elections/2015-official-election-results.pdf?sfvrsn=2,result,catalog,wayback,
Brockton,2015,https://brockton.ma.us/wp-content/uploads/2018/07/2015-Election-Results.pdf,result,catalog,wayback,
Brockton,2015,https://brockton.ma.us/wp-content/uploads/2018/11/2015-official-election-results.pdf,result,catalog,wayback,
Brockton,2016,https://brockton.ma.us/wp-content/uploads/2018/07/2016-Election-Results.pdf,result,catalog,wayback,
Brockton,2016,https://brockton.ma.us/wp-content/uploads/2018/11/2016-feb-2-election-results.pdf,result,catalog,wayback,
Brockton,2016,https://brockton.ma.us/wp-content/uploads/2018/11/2016-mar-1-election-results.pdf,result,catalog,wayback,
Brockton,2016,https://brockton.ma.us/wp-content/uploads/2018/11/2016-nov-8-election-results.pdf,result,catalog,wayback,
Brockton,2016,https://brockton.ma.us/wp-content/uploads/2018/11/2016-sept-8-election-results.pdf,result,catalog,wayback,
Brockton,2017,https://brockton.ma.us/wp-content/uploads/2018/11/2017-official-election-results.pdf,result,catalog,wayback,
Brockton,2017,https://brockton.ma.us/wp-content/uploads/2018/11/2017-sept-19-election-results.pdf,result,catalog,wayback,
Brockton,2018,https://brockton.ma.us/wp-content/uploads/2018/07/ANNUAL-REPORT-2014.pdf,atr,nodes,wayback,
Brockton,2018,https://brockton.ma.us/wp-content/uploads/2018/07/ANNUAL-REPORT-2015.pdf,atr,nodes,wayback,
Brockton,2018,https://brockton.ma.us/wp-content/uploads/2018/09/brockton-annual-report-3-26-16.pdf,atr,nodes,wayback,
Brockton,2018,https://brockton.ma.us/wp-content/uploads/2018/09/brockton-annual-report-3-27-17.pdf,atr,nodes,wayback,
Brockton,2018,https://brockton.ma.us/wp-content/uploads/2018/10/bra-annual-report-fy18.pdf,atr,nodes,wayback,
Brockton,2018,https://brockton.ma.us/wp-content/uploads/2018/11/2018-sept-4-unofficial-election-results.pdf,result,catalog,wayback,
Brockton,2018,https://brockton.ma.us/wp-content/uploads/2018/11/unofficial-november-election-results.pdf,result,catalog,wayback,
Brockton,2019,https://brockton.ma.us/wp-content/uploads/2019/09/Sept-2019-Election-Results.pdf,result,catalog,wayback,
Brockton,2020,https://brockton.ma.us/wp-content/uploads/2022/04/2020-Election-Results.pdf,result,catalog,wayback,
Brookfield,2004,http://www.brookfieldma.us/assets/pdfs/2004annualreport.pdf,atr,nodes,wayback,
Brookfield,2004,http://www.brookfieldma.us/pdfs/2004annualreport.pdf,atr,nodes,wayback,
Brookfield,2004,https://www.brookfieldma.us/sites/g/files/vyhlif2871/f/uploads/20041231_annual_report_2004.pdf,atr,nodes,wayback,
Brookfield,2004,https://www.brookfieldma.us/wp-content/uploads/2026/01/20041231_annual_report_2004.pdf,atr,nodes,crawl,Annual Report – 2004
Brookfield,2005,https://www.brookfieldma.us/sites/g/files/vyhlif2871/f/uploads/20051231_annual_report_2005.pdf,atr,nodes,wayback,
Brookfield,2005,https://www.brookfieldma.us/wp-content/uploads/2026/01/20051231_annual_report_2005.pdf,atr,nodes,crawl,Annual Report – 2005
Brookfield,2006,https://www.brookfieldma.us/sites/g/files/vyhlif2871/f/uploads/20061231_annual_report_2006.pdf,atr,nodes,wayback,
Brookfield,2006,https://www.brookfieldma.us/wp-content/uploads/2026/01/20061231_annual_report_2006.pdf,atr,nodes,crawl,Annual Report – 2006
Brookfield,2007,https://www.brookfieldma.us/sites/g/files/vyhlif2871/f/uploads/20071231_annual_report_2007.pdf,atr,nodes,wayback,
Brookfield,2007,https://www.brookfieldma.us/wp-content/uploads/2026/01/20071231_annual_report_2007.pdf,atr,nodes,crawl,Annual Report – 2007
Brookfield,2008,https://www.brookfieldma.us/sites/g/files/vyhlif2871/f/uploads/20081231_annual_report_2008.pdf,atr,nodes,wayback,
Brookfield,2008,https://www.brookfieldma.us/wp-content/uploads/2026/01/20081231_annual_report_2008.pdf,atr,nodes,crawl,Annual Report – 2008
Brookfield,2009,https://www.brookfieldma.us/sites/g/files/vyhlif2871/f/uploads/20091231_annual_report_2009.pdf,atr,nodes,wayback,
Brookfield,2009,https://www.brookfieldma.us/wp-content/uploads/2026/01/20091231_annual_report_2009.pdf,atr,nodes,crawl,Annual Report – 2009
Brookfield,2010,https://www.brookfieldma.us/wp-content/uploads/2026/01/brookfield-2010.pdf,atr,nodes,crawl,Annual Report – 2010
Brookfield,2012,"http://brookfieldma.us/documents/Town%20Meeting/20120306%20Election%20Results%20Report%20-%20Democrat%20-%20March%206,%202012.pdf",result,catalog,wayback,
Brookfield,2012,"http://brookfieldma.us/documents/Town%20Meeting/20120306%20Election%20Results%20Report%20-%20Green%20Rainbow%20-%20March%206,%202012.pdf",result,catalog,wayback,
Brookfield,2012,"http://brookfieldma.us/documents/Town%20Meeting/20120306%20Election%20Results%20Report%20-%20Republican%20-%20March%206,%202012.pdf",result,catalog,wayback,
Brookfield,2013,"http://brookfieldma.us/documents/Town%20Meeting/20130430%20Annual%20Town%20Election%20Results-certified-april%2030,%202013.pdf",result,catalog,wayback,
Brookfield,2014,"http://brookfieldma.us/documents/Town%20Meeting/20140210%20Election%20Results%20Report%20-%20February%2010,%202014.pdf",result,catalog,wayback,
Brookfield,2014,"http://brookfieldma.us/documents/Town%20Meeting/20140505%20Certified%20Election%20Results%20-%20May%205,%202014.pdf",result,catalog,wayback,
Brookfield,2014,"http://brookfieldma.us/documents/Town%20Meeting/20140909%20Election%20Results%20Report%20-%20Democrat%20-%20September%209,%202014.pdf",result,catalog,wayback,
Brookfield,2014,"http://brookfieldma.us/documents/Town%20Meeting/20140909%20Election%20Results%20Report%20-%20Republican%20-%20September%209,%202014.pdf",result,catalog,wayback,
Brookfield,2014,http://www.brookfieldma.us:80/Documents/Board%20of%20Selectmen/2014townreport.pdf,atr,nodes,wayback,
Brookfield,2014,https://www.brookfieldma.us/sites/g/files/vyhlif2871/f/uploads/2014townreport.pdf,atr,nodes,wayback,
Brookfield,2014,https://www.brookfieldma.us/wp-content/uploads/2026/01/2014townreport.pdf,atr,nodes,crawl,Annual Report – 2014
Brookfield,2015,"http://brookfieldma.us/documents/Town%20Meeting/20140505%20Annual%20Town%20Election%20Results-certified-may%205,%202015.pdf",result,catalog,wayback,
Brookfield,2015,https://www.brookfieldma.us/sites/g/files/vyhlif2871/f/uploads/annual_report_2015.pdf,atr,nodes,wayback,
Brookfield,2015,https://www.brookfieldma.us/wp-content/uploads/2026/01/annual_report_2015.pdf,atr,nodes,crawl,Annual Report – 2015
Brookfield,2016,"http://brookfieldma.us/documents/Town%20Meeting/20160301%20Election%20Results%20Report%20-%20Democrat%20-%20March%201,%202016.pdf",result,catalog,wayback,
Brookfield,2016,"http://brookfieldma.us/documents/Town%20Meeting/20160301%20Election%20Results%20Report%20-%20Republican%20-%20March%201,%202016.pdf",result,catalog,wayback,
Brookfield,2017,https://www.brookfieldma.us/wp-content/uploads/2026/01/final_red_draft_atr_2017.pdf,atr,nodes,crawl,Annual Report – 2017
Brookfield,2018,https://www.brookfieldma.us/wp-content/uploads/2026/01/final_red_draft_atr_2018.pdf,atr,nodes,crawl,Annual Report – 2018
Brookfield,2019,https://www.brookfieldma.us/wp-content/uploads/2026/01/final_red_draft_atr_2019.pdf,atr,nodes,crawl,Annual Report – 2019
Brookfield,2020,https://www.brookfieldma.us/wp-content/uploads/2026/01/brookfield_2020_tr-web_copy.pdf,atr,nodes,crawl,Annual Report – 2020
Brookline,2009,https://www.brooklinema.gov/DocumentCenter/View/4519/May-26-2009-Annual-Town-Meeting-Certified-Votes-PDF,result,catalog,wayback,
Brookline,2009,https://www.brooklinema.gov/DocumentCenter/View/4920/2009-05-05-Annual-Town-Election-Official-Results-PDF,result,catalog,wayback,
Brookline,2009,https://www.brooklinema.gov/DocumentCenter/View/4921/2009-05-05-Annual-Town-Election-Official-Results-PDF,result,catalog,wayback,
Brookline,2009,https://www.brooklinema.gov/DocumentCenter/View/4921/2009-05-05-Annual-Town-Election-Official-Results-PDF?bidId=,result,catalog,wayback,
Brookline,2013,https://www.brooklinema.gov/DocumentCenter/View/4934/2013-04-30-Town-Clerk-Unofficial-Annual-Town-Election-Results-PDF,result,catalog,wayback,
Brookline,2014,https://www.brooklinema.gov/DocumentCenter/View/4935/2014-05-06-Annual-Town-Election-Official-Results-PDF,result,catalog,wayback,
Brookline,2014,https://www.brooklinema.gov/DocumentCenter/View/6636/November-18-2014-Electronic-Vote-Results-PDF,result,catalog,wayback,
Brookline,2014,https://www.brooklinema.gov/DocumentCenter/View/6636/November-18-2014-Electronic-Vote-Results-PDF?bidId=,result,catalog,wayback,
Brookline,2015,https://www.brooklinema.gov/DocumentCenter/View/7513/UnOfficialResults-05-05-2015-Annual-Town-Election?bidId=,result,catalog,wayback,
Brookline,2015,https://www.brooklinema.gov/DocumentCenter/View/7588/2015-05-05-Annual-Town-Election-Official-Results-PDF,result,catalog,wayback,
Brookline,2016,https://www.brooklinema.gov/DocumentCenter/View/9522/2016-05-03-Annual-Town-Election-Official-Results-PDF,result,catalog,docsweep,2016-05-03 Annual Town Election Official Results (PDF)
Brookline,2017,https://www.brooklinema.gov/DocumentCenter/View/12040/05-02-2017-Unofficial-Brookline-Annual-Town-Election-Results-PDF,result,catalog,wayback,
Brookline,2018,https://www.brooklinema.gov/DocumentCenter/View/14367/2018-05-08-Annual-Town-Election-Official-Results-PDF,result,catalog,wayback,
Brookline,2018,https://www.brooklinema.gov/DocumentCenter/View/18299/2018-06-11-Election-Official-Results,result,catalog,wayback,
Brookline,2019,https://www.brooklinema.gov/DocumentCenter/View/19207/2019-05-07-Annual-Town-Election-Official-Results-PDF,result,catalog,wayback,
Buckland,2019,https://www.town.buckland.ma.us/sites/g/files/vyhlif356/f/uploads/2019_annual_report.pdf,atr,nodes,wayback,
Buckland,2020,https://www.town.buckland.ma.us/sites/g/files/vyhlif356/f/pages/2020_annual_report.pdf,atr,nodes,wayback,
Burlington,2012,http://burlington.org/burlington/businesstest/uploads/Burlington_2012_Annual_Report.pdf,atr,nodes,wayback,
Burlington,2012,http://www.burlington.org/community_development/docs/VETERANS_SERVICES/2012_Burlington_MA_Annual_Report.pdf,atr,nodes,wayback,
Burlington,2013,http://www.burlington.org/community_development/docs/VETERANS_SERVICES/2013_Burlington_MA_Annual_Report_Revised_for_Website.pdf,atr,nodes,wayback,
Burlington,2013,http://www.burlington.org/residents/docs/Annual_Report_2013_BM_PART_2.pdf,atr,nodes,wayback,
Burlington,2014,http://www.burlington.org/community_development/docs/2_Annual_Report_2014_FULL_2014_159_pgs_amended.pdf,atr,nodes,wayback,
Burlington,2014,http://www.burlington.org/community_development/docs/VETERANS_SERVICES/revised_web_2014_Annual_Report.pdf,atr,nodes,wayback,
Burlington,2014,http://www.burlington.org/document_center/May_2014_Town_Election_Results.pdf,result,catalog,wayback,
Burlington,2014,http://www.burlington.org/residents/docs/2014AnnualReport.pdf,atr,nodes,wayback,
Burlington,2014,http://www.burlington.org/town_government/docs/2014_Burlington_MA_Annual_Report.pdf,atr,nodes,wayback,
Burlington,2015,http://www.burlington.org/town_government/docs/2015%20BURLINGTON%20MA%20ANNUAL%20REPORT.pdf,atr,nodes,wayback,
Burlington,2016,http://www.burlington.org/2016%20Burlington%20Annual%20Report.pdf,atr,nodes,wayback,
Burlington,2017,http://www.burlington.org:80/2017ANNUALREPORT.pdf,atr,nodes,wayback,
Burlington,2018,http://www.burlington.org/BurlingtonAnnualReport2018F.pdf,atr,nodes,wayback,
Cambridge,2001,http://rwinters.com:80/elections/ballot2001/school2001wp-recount.pdf,result,catalog,wayback,
Cambridge,2001,http://www.rwinters.com:80/ballot2001/school2001wp-recount.pdf,result,catalog,wayback,
Cambridge,2001,http://www.rwinters.com:80/elections/ballot2001/recount2001goverman.pdf,result,catalog,wayback,
Cambridge,2001,http://www.rwinters.com:80/elections/ballot2001/results2001.pdf,result,catalog,wayback,
Cambridge,2001,https://www.cambridgema.gov/-/media/Files/electioncommission/electionresults/2001officialcitycouncilresults.pdf,result,catalog,wayback,
Cambridge,2003,https://www.cambridgema.gov/-/media/Files/electioncommission/electionresults/2003ballotquestion.pdf,result,catalog,wayback,
Cambridge,2003,https://www.cambridgema.gov/-/media/Files/electioncommission/electionresults/2003citycouncil.pdf,result,catalog,wayback,
Cambridge,2003,https://www.cambridgema.gov/-/media/Files/electioncommission/electionresults/2003schoolcommitteeresults.pdf,result,catalog,wayback,
Cambridge,2004,https://www.cambridgema.gov/-/media/Files/CDD/Climate/climateannualreports/climate_report_2004.pdf,atr,nodes,wayback,
Cambridge,2005,https://www.cambridgema.gov/-/media/Files/CDD/Climate/climateannualreports/climate_report_2005.pdf,atr,nodes,wayback,
Cambridge,2005,https://www.cambridgema.gov/-/media/Files/electioncommission/electionresults/2005officialmunicipalelectionresults.pdf,result,catalog,wayback,
Cambridge,2005,https://www.cambridgema.gov/-/media/Files/policedepartment/AnnualCrimeReports/2005annualreport.pdf,atr,nodes,wayback,
Cambridge,2006,https://www.cambridgema.gov/-/media/Files/CDD/Climate/climateannualreports/climate_report_2006.pdf,atr,nodes,wayback,
Cambridge,2007,https://www.cambridgema.gov/-/media/Files/electioncommission/electionresults/2007officialmunicipalelectionresults.pdf,result,catalog,wayback,
Cambridge,2008,https://www.cambridgema.gov/-/media/Files/electioncommission/electionresults/2008wardcommitteedem.pdf,result,catalog,wayback,
Cambridge,2008,https://www.cambridgema.gov/-/media/Files/electioncommission/electionresults/2008wardcommitteerepub.pdf,result,catalog,wayback,
Cambridge,2009,http://rwinters.com/elections/election2009/SCRecount2009.pdf,result,catalog,wayback,
Cambridge,2009,https://www.cambridgema.gov/-/media/Files/electioncommission/electionresults/2009SchoolCommittee_results.pdf,result,catalog,wayback,
Cambridge,2009,https://www.cambridgema.gov/-/media/Files/electioncommission/electionresults/2009citycouncilresults.pdf,result,catalog,wayback,
Cambridge,2009,https://www.cambridgema.gov/-/media/Files/electioncommission/electionresults/2009dec8officialresults.pdf,result,catalog,wayback,
Cambridge,2009,https://www.cambridgema.gov/-/media/Files/publicworksdepartment/stormwatermanagement/csoannualreports/2009csoannualreportmaindocument.pdf,atr,nodes,wayback,
Cambridge,2010,https://www.cambridgema.gov/-/media/Files/electioncommission/electionresults/2010_April13_primary_results.pdf,result,catalog,wayback,
Cambridge,2010,https://www.cambridgema.gov/-/media/Files/electioncommission/electionresults/April13_2010_primary_results.pdf,result,catalog,wayback,
Cambridge,2010,https://www.cambridgema.gov/-/media/Files/publicworksdepartment/stormwatermanagement/csoannualreports/2010csoannualreport_year2_signed_withappendices.pdf,atr,nodes,wayback,
Cambridge,2011,https://www.cambridgema.gov/-/media/Files/CDD/Climate/climateannualreports/climate_report_2011.pdf,atr,nodes,wayback,
Cambridge,2011,https://www.cambridgema.gov/-/media/Files/electioncommission/2011municipalelection/citycouncilofficialresults.pdf,result,catalog,wayback,
Cambridge,2011,https://www.cambridgema.gov/-/media/Files/electioncommission/2011municipalelection/schoolcommitteeofficialresults.pdf,result,catalog,wayback,
Cambridge,2011,https://www.cambridgema.gov/-/media/Files/publicworksdepartment/stormwatermanagement/csoannualreports/2011annualreport_year3.pdf,atr,nodes,wayback,
Cambridge,2012,https://www.cambridgema.gov/-/media/Files/electioncommission/electionresults/2012wardcommitteeofficialresults.pdf,result,catalog,wayback,
Cambridge,2012,https://www.cambridgema.gov/-/media/Files/publicworksdepartment/stormwatermanagement/csoannualreports/2012annualndpes.pdf,atr,nodes,wayback,
Cambridge,2013,http://rwinters.com/elections/election2013/council2013Recount.pdf,result,catalog,wayback,
Cambridge,2013,http://rwinters.com/elections/election2013/council2013wdpctRecount.pdf,result,catalog,wayback,
Cambridge,2013,http://rwinters.com/elections/election2013/election2013Recount16.pdf,result,catalog,wayback,
Cambridge,2013,https://www.cambridgema.gov/-/media/Files/electioncommission/2013municipalelectionrecount/2013municipalelectionrecountresults.pdf,result,catalog,wayback,
Cambridge,2013,https://www.cambridgema.gov/-/media/Files/publicworksdepartment/stormwatermanagement/csoannualreports/2013csoannualreport.pdf,atr,nodes,wayback,
Cambridge,2014,https://www.cambridgema.gov/-/media/Files/policedepartment/AnnualCrimeReports/2014AnnualReport_FINAL.pdf,atr,nodes,wayback,
Cambridge,2014,https://www.cambridgema.gov/-/media/Files/publicworksdepartment/stormwatermanagement/csoannualreports/2014csoannualreport.pdf,atr,nodes,wayback,
Cambridge,2015,https://www.cambridgema.gov/-/media/Files/glbtcommission/glbtcommannualreport2015.pdf,atr,nodes,wayback,
Cambridge,2015,https://www.cambridgema.gov/-/media/Files/lgbtqpluscommission/glbtcommannualreport2015.pdf,atr,nodes,wayback,
Cambridge,2015,https://www.cambridgema.gov/-/media/Files/publicworksdepartment/stormwatermanagement/csoannualreports/2015_npdescsofinalreport.pdf,atr,nodes,wayback,
Cambridge,2016,https://www.cambridgema.gov/-/media/Files/publicworksdepartment/stormwatermanagement/csoannualreports/2016csoannualreportfinalsigned.pdf,atr,nodes,wayback,
Cambridge,2017,https://www.cambridgema.gov/-/media/Files/CDD/Climate/NetZero/cambridgenetzeroactionplanfy2017annualreportfinalcomplete22218.pdf,atr,nodes,wayback,
Cambridge,2017,https://www.cambridgema.gov/-/media/Files/glbtcommission/2017lgbtqplusannualreport.pdf,atr,nodes,wayback,
Cambridge,2017,https://www.cambridgema.gov/-/media/Files/lgbtqpluscommission/2017lgbtqplusannualreport.pdf,atr,nodes,wayback,
Cambridge,2017,https://www.cambridgema.gov/-/media/Files/publicworksdepartment/stormwatermanagement/csoannualreports/2017csoreportcityofcambridge.pdf,atr,nodes,wayback,
Cambridge,2018,https://www.cambridgema.gov/-/media/Files/publicworksdepartment/stormwatermanagement/csoannualreports/2018csoreport_4_29_19_final_signed.pdf,atr,nodes,wayback,
Cambridge,2019,https://www.cambridgema.gov/-/media/Files/CDD/Climate/NetZero/annualreports/cambridgenetzeroactionplanfy2019progressreport.pdf,atr,nodes,wayback,
Cambridge,2019,https://www.cambridgema.gov/-/media/Files/publicworksdepartment/stormwatermanagement/annualreports/annualreport2019/cambridge_epatemplate_final.pdf,atr,nodes,wayback,
Cambridge,2019,https://www.cambridgema.gov/-/media/Files/publicworksdepartment/stormwatermanagement/annualreports/annualreport2019/citycouncilhealthenvcommittenotessept272018.pdf,atr,nodes,wayback,
Cambridge,2019,https://www.cambridgema.gov/-/media/Files/publicworksdepartment/stormwatermanagement/annualreports/annualreport2019/outfallscreening_62819samplingresults.pdf,atr,nodes,wayback,
Cambridge,2019,https://www.cambridgema.gov/-/media/Files/publicworksdepartment/stormwatermanagement/annualreports/annualreport2019/ploadingandsamplinganalysis_nu_272019_draft.pdf,atr,nodes,wayback,
Cambridge,2019,https://www.cambridgema.gov/-/media/Files/publicworksdepartment/stormwatermanagement/annualreports/annualreport2019/ssoinventorythru20190630.pdf,atr,nodes,wayback,
Cambridge,2019,https://www.cambridgema.gov/-/media/Files/publicworksdepartment/stormwatermanagement/annualreports/annualreport2019/stormwaterdisplay_keepingourwatersclean.pdf,atr,nodes,wayback,
Cambridge,2019,https://www.cambridgema.gov/-/media/Files/publicworksdepartment/stormwatermanagement/annualreports/annualreport2019/stormwatermanagementprogrampresention20180927.pdf,atr,nodes,wayback,
Cambridge,2019,https://www.cambridgema.gov/-/media/Files/publicworksdepartment/stormwatermanagement/csoannualreports/2019csoreport_final_042820_signed.pdf,atr,nodes,wayback,
Cambridge,2019,https://www.cambridgema.gov/cdd/projects/climate//-/media/Files/CDD/Climate/NetZero/annualreports/cambridgenetzeroactionplanfy2018progressreport.pdf,atr,nodes,crawl,April 2019 Climate Action Committee report
Cambridge,2020,https://www.cambridgema.gov/-/media/Files/CDD/Climate/NetZero/annualreports/cambridgenetzeroactionplanfy2020progressreport.pdf,atr,nodes,wayback,
Cambridge,2020,https://www.cambridgema.gov/-/media/Files/publicworksdepartment/stormwatermanagement/annualreports/annualreportsept2020/_finalswpppcemeterygarageandstagingareawappendices.pdf,atr,nodes,wayback,
Cambridge,2020,https://www.cambridgema.gov/-/media/Files/publicworksdepartment/stormwatermanagement/annualreports/annualreportsept2020/_finalswpppringeandlatinschoolwithappendicies.pdf,atr,nodes,wayback,
Cambridge,2020,https://www.cambridgema.gov/-/media/Files/publicworksdepartment/stormwatermanagement/annualreports/annualreportsept2020/cambridgems4legalanalysisandfundingsourceassessmentmemorandum_final.pdf,atr,nodes,wayback,
Cambridge,2020,https://www.cambridgema.gov/-/media/Files/publicworksdepartment/stormwatermanagement/annualreports/annualreportsept2020/catchmentinvestigationssummaryyear2.pdf,atr,nodes,wayback,
Cambridge,2020,https://www.cambridgema.gov/-/media/Files/publicworksdepartment/stormwatermanagement/annualreports/annualreportsept2020/characterizingvariabilityofpexportsinurbansw20182019.pdf,atr,nodes,wayback,
Cambridge,2020,https://www.cambridgema.gov/-/media/Files/publicworksdepartment/stormwatermanagement/annualreports/annualreportsept2020/cityofcambridgems4annualreport092820signed.pdf,atr,nodes,wayback,
Cambridge,2020,https://www.cambridgema.gov/-/media/Files/publicworksdepartment/stormwatermanagement/annualreports/annualreportsept2020/epainspectionreport102919.pdf,atr,nodes,wayback,
Cambridge,2020,https://www.cambridgema.gov/-/media/Files/publicworksdepartment/stormwatermanagement/annualreports/annualreportsept2020/epainspectionreport112019.pdf,atr,nodes,wayback,
Cambridge,2020,https://www.cambridgema.gov/-/media/Files/publicworksdepartment/stormwatermanagement/annualreports/annualreportsept2020/finalswpppalewifestagingareacompiled_signed.pdf,atr,nodes,wayback,
Cambridge,2020,https://www.cambridgema.gov/-/media/Files/publicworksdepartment/stormwatermanagement/annualreports/annualreportsept2020/finalswpppfiremaintenancegaragecompiled.pdf,atr,nodes,wayback,
Cambridge,2020,https://www.cambridgema.gov/-/media/Files/publicworksdepartment/stormwatermanagement/annualreports/annualreportsept2020/finalswppppolicegarage_withappendixfull.pdf,atr,nodes,wayback,
Cambridge,2020,https://www.cambridgema.gov/-/media/Files/publicworksdepartment/stormwatermanagement/annualreports/annualreportsept2020/finalswpppwaterdepartmentfacility_wappendices.pdf,atr,nodes,wayback,
Cambridge,2020,https://www.cambridgema.gov/-/media/Files/publicworksdepartment/stormwatermanagement/annualreports/annualreportsept2020/illicitdischargeremovalreport_forms4reporting.pdf,atr,nodes,wayback,
Cambridge,2020,https://www.cambridgema.gov/-/media/Files/publicworksdepartment/stormwatermanagement/annualreports/annualreportsept2020/inventoryofmunicipalfacilities2.pdf,atr,nodes,wayback,
Cambridge,2020,https://www.cambridgema.gov/-/media/Files/publicworksdepartment/stormwatermanagement/annualreports/annualreportsept2020/phosphorussummaryform_final.pdf,atr,nodes,wayback,
Cambridge,2020,https://www.cambridgema.gov/-/media/Files/publicworksdepartment/stormwatermanagement/annualreports/annualreportsept2020/vehiclesandequipmentinventory_june2020.pdf,atr,nodes,wayback,
Cambridge,2020,https://www.cambridgema.gov/-/media/Files/publicworksdepartment/stormwatermanagement/csoannualreports/cambridge2020csonpdesma0101974annualreport.pdf,atr,nodes,wayback,
Canton,2005,http://www.town.canton.ma.us:80/PDF_files/Annual_Report-2005.pdf,atr,nodes,wayback,
Canton,2008,http://www.town.canton.ma.us:80/Clerks/Annual%20Report/2008_Annual_Report%20.pdf,atr,nodes,wayback,
Canton,2009,http://www.town.canton.ma.us:80/Clerks/2009/2009_Annual_Report.pdf,atr,nodes,wayback,
Canton,2010,http://www.town.canton.ma.us:80/Clerks/2010_Annual_Report.pdf,atr,nodes,wayback,
Canton,2011,http://www.town.canton.ma.us/Clerks/2011-Annual-Report.pdf,atr,nodes,wayback,
Canton,2012,http://www.town.canton.ma.us/Clerks/2012%20Annual%20Report.pdf,atr,nodes,wayback,
Canton,2013,http://www.town.canton.ma.us/Clerks/Annual%20Report/2013-Annual_Report.pdf,atr,nodes,wayback,
Canton,2017,https://town.canton.ma.us/DocumentCenter/View/2784/2017-Town-Election-Results-PDF,result,catalog,docsweep,2017 Town Election Results (PDF)
Canton,2017,https://town.canton.ma.us/DocumentCenter/View/2784/2017-Town-Election-Results-PDF?bidId=,result,catalog,wayback,
Canton,2017,https://www.town.canton.ma.us/DocumentCenter/View/2784/2017-Town-Election-Results-PDF,result,catalog,wayback,
Canton,2018,https://town.canton.ma.us/DocumentCenter/View/3530/2018-Town-Election-Results-PDF,result,catalog,docsweep,2018 Town Election Results (PDF)
Canton,2018,https://town.canton.ma.us/DocumentCenter/View/3530/2018-Town-Election-Results-PDF?bidId=,result,catalog,wayback,
Canton,2018,https://www.town.canton.ma.us/DocumentCenter/View/3530/2018-Town-Election-Results-PDF,result,catalog,wayback,
Canton,2019,https://town.canton.ma.us/DocumentCenter/View/4131/2019-Town-Election-Results-PDF,result,catalog,docsweep,2019 Town Election Results (PDF)
Canton,2019,https://www.town.canton.ma.us/DocumentCenter/View/4131/2019-Town-Election-Results-PDF,result,catalog,wayback,
Canton,2020,https://town.canton.ma.us/DocumentCenter/View/6233/2020-Town-Election-Results,result,catalog,docsweep,2020 Town Election Results
Canton,2020,https://town.canton.ma.us/DocumentCenter/View/6233/June-16-2020-Town-Election-Results,result,catalog,wayback,
Canton,2020,https://www.town.canton.ma.us/DocumentCenter/View/6233/2020-Town-Election-Results,result,catalog,wayback,
Carlisle,2008,http://www.carlislema.gov/Pages/CarlisleMA_Clerk/Elections/2008/13%20May%202008%20Annual%20Town%20Election%20Results.pdf,result,catalog,wayback,
Carlisle,2008,https://www.carlislema.gov/DocumentCenter/View/1266,result,catalog,dc_idsweep,2008 05 13 Annual Town Election Results PDF?bidId=
Carlisle,2012,http://www.carlislema.gov/Pages/CarlisleMA_Clerk/Elections/2012/ref/3-6-12%20Election%20Results.pdf,result,catalog,wayback,
Carlisle,2012,http://www.carlislema.gov/Pages/CarlisleMA_Clerk/Elections/Historical/2012%20Annual%20Town%20Report.pdf,atr,nodes,wayback,
Carlisle,2012,http://www.carlislema.gov/Pages/CarlisleMA_Clerk/Elections/Historical/2012%20Elected%20Town%20Officials%20(from%20Town%20Report).pdf,atr,nodes,wayback,
Carlisle,2012,http://www.carlislema.gov/Pages/CarlisleMA_Clerk/Town%20Records/save/2012%20Annual%20Town%20Report.pdf,atr,nodes,wayback,
Carlisle,2012,http://www.carlislema.gov/Pages/CarlisleMA_Clerk/Town%20Records/save/2012%20Annual%20Town%20Report_pages4-4.pdf,atr,nodes,wayback,
Carlisle,2012,http://www.carlislema.gov/Pages/CarlisleMA_Clerk/Town%20Records/save/2012%20Annual%20Town%20Report_removed233-233.pdf,atr,nodes,wayback,
Carlisle,2012,http://www.carlislema.gov/Pages/CarlisleMA_Clerk/Town%20Records/save/2012%20Elected%20Town%20Officials%20(from%20Town%20Report).pdf,atr,nodes,wayback,
Carlisle,2013,http://www.carlislema.gov/Pages/CarlisleMA_Clerk/Town%20Records/save/2013%20carlisle%20annual%20report%20-%20cover%20page.pdf,atr,nodes,wayback,
Carlisle,2013,https://www.carlislema.gov/DocumentCenter/View/1229,result,catalog,dc_idsweep,2013 05 07 Annual Town Election Results PDF?bidId=
Carlisle,2014,http://www.carlislema.gov/Pages/CarlisleMA_Clerk/ZBAExhibits/BREM%20013%2007-28-2014%20Lifetime%20Green%20Homes%20Annual%20Report.pdf,atr,nodes,wayback,
Carlisle,2014,http://www.carlislema.gov/pages/carlislema_clerk/Elections/2014/04Nov2014ElectionResults.pdf,result,catalog,wayback,
Carlisle,2014,https://www.carlislema.gov/DocumentCenter/View/1232,result,catalog,dc_idsweep,2014 05 06 Annual Town Election Results PDF?bidId=
Carlisle,2015,http://www.carlislema.gov/Pages/CarlisleMA_Clerk/town%20records/2015%20Town%20Report%20Document.pdf,atr,nodes,wayback,
Carlisle,2015,http://www.carlislema.gov/pages/carlisleMA_BOS/2015%20Town%20Report%20Document.pdf,atr,nodes,wayback,
Carlisle,2015,http://www.carlislema.gov/pages/carlislema_clerk/Elections/2015/2015%20Annual%20Town%20Election%20Results.pdf,result,catalog,wayback,
Carlisle,2015,https://www.carlislema.gov/DocumentCenter/View/1234,result,catalog,dc_idsweep,2015 05 05 Annual Town Election Results PDF?bidId=
Carlisle,2016,http://www.carlislema.gov/pages/carlislema_clerk/elections/2016/3-17-16%20ANNUAL%20ELECTION%20TALLY%20SHEET.pdf,result,catalog,wayback,
Carlisle,2016,https://www.carlislema.gov/DocumentCenter/View/1236,result,catalog,dc_idsweep,2016 05 17 Annual Town Election Results PDF?bidId=
Carlisle,2017,https://www.carlislema.gov/DocumentCenter/View/1237,result,catalog,dc_idsweep,2017 06 17 Annual Town Election Results PDF?bidId=
Carlisle,2018,https://www.carlislema.gov/DocumentCenter/View/1238,result,catalog,dc_idsweep,2018 05 18 Annual Town Election ResultsPDF?bidId=
Carlisle,2018,https://www.carlislema.gov/DocumentCenter/View/1497,result,catalog,dc_idsweep,PRELIMINARY ELECTION RESULTS 11 6 2018?bidId=
Carlisle,2020,https://www.carlislema.gov/DocumentCenter/View/2615,result,catalog,dc_idsweep,2020 06 30 Annual Town Election Results PDF?bidId=
Carlisle,2020,https://www.carlislema.gov/DocumentCenter/View/2744/Certified-Vote---Board-of-Selectmen-22-SEPT-2020,result,catalog,wayback,
Carlisle,2020,https://www.carlislema.gov/DocumentCenter/View/2744/Certified-Vote---Board-of-Selectmen-22-SEPT-2020?bidId=,result,catalog,wayback,
Carver,2000,https://www.carverma.gov/sites/g/files/vyhlif4221/f/pages/2000_town_report.pdf,atr,nodes,wayback,
Carver,2001,https://www.carverma.gov/sites/g/files/vyhlif4221/f/pages/2001_town_report.pdf,atr,nodes,wayback,
Carver,2002,https://www.carverma.gov/sites/g/files/vyhlif4221/f/pages/2002_town_report.pdf,atr,nodes,wayback,
Carver,2003,http://www.carverma.gov/sites/carverma/files/uploads/2003_tax_collector_annual_report.pdf,atr,nodes,wayback,
Carver,2003,https://www.carverma.gov/sites/g/files/vyhlif4221/f/pages/2003_town_report.pdf,atr,nodes,wayback,
Carver,2004,https://www.carverma.gov/sites/g/files/vyhlif4221/f/pages/2004_town_report.pdf,atr,nodes,wayback,
Carver,2005,https://www.carverma.gov/sites/g/files/vyhlif4221/f/pages/2005_town_report.pdf,atr,nodes,wayback,
Carver,2006,http://www.carverma.gov/sites/carverma/files/uploads/2006_town_of_carver_annual_report.pdf,atr,nodes,wayback,
Carver,2006,https://www.carverma.gov/sites/g/files/vyhlif4221/f/pages/2006_town_report.pdf,atr,nodes,wayback,
Carver,2007,https://www.carverma.gov/sites/g/files/vyhlif4221/f/pages/2007_town_report.pdf,atr,nodes,wayback,
Carver,2008,https://www.carverma.gov/sites/g/files/vyhlif4221/f/pages/2008_town_report.pdf,atr,nodes,wayback,
Carver,2009,https://www.carverma.gov/sites/g/files/vyhlif4221/f/pages/2009_town_report.pdf,atr,nodes,wayback,
Carver,2010,https://www.carverma.gov/sites/g/files/vyhlif4221/f/pages/2010_town_report.pdf,atr,nodes,wayback,
Carver,2011,https://www.carverma.gov/sites/g/files/vyhlif4221/f/pages/2011_town_report.pdf,atr,nodes,wayback,
Carver,2012,https://www.carverma.gov/sites/g/files/vyhlif4221/f/pages/2012_town_report.pdf,atr,nodes,wayback,
Carver,2013,https://www.carverma.gov/sites/g/files/vyhlif4221/f/pages/2013_town_report.pdf,atr,nodes,wayback,
Carver,2014,https://www.carverma.gov/sites/g/files/vyhlif4221/f/pages/2014_town_report.pdf,atr,nodes,wayback,
Carver,2018,https://www.carverma.gov/sites/g/files/vyhlif4221/f/uploads/fincom_annual_report_2018.pdf,atr,nodes,wayback,
Carver,2019,https://www.carverma.gov/sites/g/files/vyhlif4221/f/pages/2019_town_report.pdf,atr,nodes,wayback,
Carver,2020,https://www.carverma.gov/sites/g/files/vyhlif4221/f/pages/2020_town_report.pdf,atr,nodes,wayback,
Charlemont,2006,http://www.charlemont-ma.us/Town/Minutes/Finance/FinComAnnualReport2006.pdf,atr,nodes,wayback,
Charlemont,2017,https://www.charlemont-ma.us/files/CharlemontTownReportForYearEnding2017.pdf,atr,nodes,wayback,
Charlemont,2018,https://www.charlemont-ma.us/files/CharlemontTownReportForYearEnding2018.pdf,atr,nodes,wayback,
Charlemont,2020,https://www.charlemont-ma.us/files/CharlemontTownReportForYearEnding2020.pdf,atr,nodes,wayback,
Charlton,2009,http://townofcharlton.net/forms/AnnualReport2009.pdf,atr,nodes,wayback,
Charlton,2010,http://www.townofcharlton.net/forms/AnnualReport2010.pdf,atr,nodes,wayback,
Charlton,2012,http://townofcharlton.net/forms/AnnualReport2012.pdf,atr,nodes,wayback,
Charlton,2013,http://www.townofcharlton.net/forms/AnnualReport2013.pdf,atr,nodes,wayback,
Charlton,2014,http://www.townofcharlton.net/forms/AnnualReport2014.pdf,atr,nodes,wayback,
Charlton,2015,http://townofcharlton.net/forms/AnnualReport2015.pdf,atr,nodes,wayback,
Charlton,2016,http://townofcharlton.net/forms/electionresults_pres2016.pdf,result,catalog,wayback,
Chatham,2008,http://chatham-ma.gov/Public_Documents/ChathamMA_Selectmen/2008%20Town%20Report2.pdf,atr,nodes,wayback,
Chatham,2008,http://www.chatham-ma.gov/public_documents/ChathamMA_Manager/2008%20Town%20Report2.pdf,atr,nodes,wayback,
Chatham,2009,http://chatham-ma.gov/Public_Documents/ChathamMA_Selectmen/2009%20Annual%20Town%20Report2.pdf,atr,nodes,wayback,
Chatham,2010,http://chatham-ma.gov/Public_Documents/ChathamMA_Selectmen/2010%20Annual%20Town%20Report2.pdf,atr,nodes,wayback,
Chatham,2012,http://chatham-ma.gov/Public_Documents/ChathamMA_Selectmen/2012%20Annual%20Town%20Report.pdf,atr,nodes,wayback,
Chatham,2012,http://www.chatham-ma.gov/public_documents/ChathamMA_Manager/2012%20Annual%20Town%20Report.pdf,atr,nodes,wayback,
Chatham,2013,http://chatham-ma.gov/Public_Documents/ChathamMA_Selectmen/2013%20Annual%20Town%20Report%20Final.pdf,atr,nodes,wayback,
Chatham,2013,http://www.chatham-ma.gov/public_documents/ChathamMA_Manager/2013%20Annual%20Town%20Report%20Final.pdf,atr,nodes,wayback,
Chatham,2014,http://chatham-ma.gov/Public_Documents/ChathamMA_Selectmen/2014%20Annual%20Report.pdf,atr,nodes,wayback,
Chatham,2014,http://www.chatham-ma.gov/public_documents/ChathamMA_Manager/2014%20Annual%20Report.pdf,atr,nodes,wayback,
Chatham,2017,https://www.chatham-ma.gov/sites/chathamma/files/uploads/edc_-_2017_annual_report_final_-_1-18-18.pdf,atr,nodes,wayback,
Chelmsford,2008,https://www.chelmsfordma.gov/DocumentCenter/View/13453,result,catalog,dc_idsweep,Election Results April 1 2008?bidId=
Chelmsford,2011,https://www.townofchelmsford.us/DocumentCenter/View/537,result,catalog,dc_idsweep,Annual Town Election   Results   April 5 2011?bidId=
Chelmsford,2012,https://www.chelmsfordma.gov/DocumentCenter/View/6249,result,catalog,dc_idsweep,Annual Town Election Results   April 3 2012?bidId=
Chelmsford,2012,https://www.townofchelmsford.us/DocumentCenter/View/6249,result,catalog,dc_idsweep,Annual Town Election Results   April 3 2012?bidId=
Chelmsford,2012,https://www.townofchelmsford.us/DocumentCenter/View/949,result,catalog,dc_idsweep,Official Election Results   11 06 2012?bidId=
Chelmsford,2013,https://www.chelmsfordma.gov/DocumentCenter/View/3535,result,catalog,dc_idsweep,Annual Town Election Results   April 2 2013?bidId=
Chelmsford,2013,https://www.townofchelmsford.us/DocumentCenter/View/3535,result,catalog,dc_idsweep,Annual Town Election Results   April 2 2013?bidId=
Chelmsford,2014,https://www.chelmsfordma.gov/DocumentCenter/View/4561,result,catalog,dc_idsweep,Annual Town Election Results   April 1 2014?bidId=
Chelmsford,2014,https://www.townofchelmsford.us/DocumentCenter/View/4561,result,catalog,dc_idsweep,Annual Town Election Results   April 1 2014?bidId=
Chelmsford,2015,https://www.chelmsfordma.gov/DocumentCenter/View/5383,result,catalog,dc_idsweep,Results   April 7 2015 Annual Town Election?bidId=
Chelmsford,2015,https://www.townofchelmsford.us/DocumentCenter/View/5383,result,catalog,dc_idsweep,Results   April 7 2015 Annual Town Election?bidId=
Chelmsford,2016,https://www.chelmsfordma.gov/DocumentCenter/View/6139,result,catalog,dc_idsweep,Official Annual Town Election Results   April 5 2016?bidId=
Chelmsford,2016,https://www.townofchelmsford.us/DocumentCenter/View/6139,result,catalog,dc_idsweep,Official Annual Town Election Results   April 5 2016?bidId=
Chelmsford,2017,https://www.chelmsfordma.gov/DocumentCenter/View/7466,result,catalog,dc_idsweep,Official Election Results   April 4 2017 Town Election?bidId=
Chelmsford,2017,https://www.townofchelmsford.us/DocumentCenter/View/7466,result,catalog,dc_idsweep,Official Election Results   April 4 2017 Town Election?bidId=
Chelmsford,2018,https://www.chelmsfordma.gov/DocumentCenter/View/8831,result,catalog,dc_idsweep,OFFICIAL ELECTION RESULTS APRIL 3 2018?bidId=
Chelsea,2009,https://cms5.revize.com/revize/bellflowerca/Document%20Center/Department/Municipal%20Water%20System/Documents%20&%20Reports/Annual%20Reports/9184910820092mws_2009_annual_report___july_2009.pdf,atr,nodes,wayback,
Chelsea,2009,https://cms5.revize.com/revize/bellflowerca/Document%20Center/Department/Municipal%20Water%20System/Documents%20&%20Reports/Annual%20Reports/MWS%202016%20Annual%20Report%20-%2009-12-16.pdf,atr,nodes,wayback,
Chelsea,2010,https://cms5.revize.com/revize/adamscounty/document_center/Health/2010%20Adams%20County%20Annual%20Report.pdf,atr,nodes,wayback,
Chelsea,2010,https://cms5.revize.com/revize/barry/2010%20Drain%20Commissioner%20Annual%20Report.pdf,atr,nodes,wayback,
Chelsea,2010,https://cms5.revize.com/revize/barrycounty/2010%20Drain%20Commissioner%20Annual%20Report.pdf,atr,nodes,wayback,
Chelsea,2010,https://cms5.revize.com/revize/bridgewaterva/MS4/MS4%20Annual%20Report%20FY2025%20(Updated%2010-09-2025).pdf,atr,nodes,wayback,
Chelsea,2011,https://cms5.revize.com/revize/adamscounty/document_center/Health/2011%20Adams%20County%20Annual%20Report.pdf,atr,nodes,wayback,
Chelsea,2012,https://cms5.revize.com/revize/bcmhars/Resources_Documents/Annual_Reports/FY2012_Annual_ADAS_Report.pdf,atr,nodes,wayback,
Chelsea,2012,https://cms5.revize.com/revize/bcmhars/Resources_Documents/Annual_Reports/FY2012_Annual_MH_Report.pdf,atr,nodes,wayback,
Chelsea,2012,https://cms5.revize.com/revize/bellflowerca/Document%20Center/Department/Municipal%20Water%20System/Documents%20&%20Reports/Annual%20Reports/mws_2012_annual_report___31_july_2012.pdf,atr,nodes,wayback,
Chelsea,2013,https://cms5.revize.com/revize/bcmhars/Resources_Documents/Annual_Reports/FY2013_Annual_ADAS_Report.pdf,atr,nodes,wayback,
Chelsea,2013,https://cms5.revize.com/revize/bcmhars/Resources_Documents/Annual_Reports/FY2013_Annual_MH_Report.pdf,atr,nodes,wayback,
Chelsea,2013,https://cms5.revize.com/revize/bellflowerca/Document%20Center/Department/Municipal%20Water%20System/Documents%20&%20Reports/Annual%20Reports/mws_2013_annual_report_.pdf,atr,nodes,wayback,
Chelsea,2013,https://cms5.revize.com/revize/bennington/Document%20Center/Government/Annual%20Reports/2013-town-report.pdf,atr,nodes,wayback,
Chelsea,2013,https://cms5.revize.com/revize/boroughofhaddonfield/Construction%20Office/2011-2013%20ZBA%20Annual%20Report%20-%20FINAL.pdf,atr,nodes,wayback,
Chelsea,2013,https://cms5.revize.com/revize/boroughofhaddonfield/Construction%20Office/2011-2013%20ZBA%20Annual%20Report%20-%20FINAL.pdf?t=20250710102249479&t=20250710102249479,atr,nodes,wayback,
Chelsea,2014,https://cms5.revize.com/revize/barry/Annual-Report-2014.pdf,atr,nodes,wayback,
Chelsea,2014,https://cms5.revize.com/revize/barrycounty/Annual-Report-2014.pdf,atr,nodes,wayback,
Chelsea,2014,https://cms5.revize.com/revize/bcmhars/Resources_Documents/Annual_Reports/FY2014_Annual_ADAS_Report.pdf,atr,nodes,wayback,
Chelsea,2014,https://cms5.revize.com/revize/bcmhars/Resources_Documents/Annual_Reports/FY2014_Annual_MH_Report.pdf,atr,nodes,wayback,
Chelsea,2014,https://cms5.revize.com/revize/bellflowerca/Document%20Center/Department/Economic%20Development/Housing%20&%20Grants/SUCCESSOR%20AGENCY%20PLANS/Housing%20Successor%20Agency%20Annual%20Report%20for%20FY%202013-2014.pdf,atr,nodes,wayback,
Chelsea,2014,https://cms5.revize.com/revize/bellflowerca/Document%20Center/Department/Municipal%20Water%20System/Documents%20&%20Reports/Annual%20Reports/2014_mws_annual_report___15_jul_14.pdf,atr,nodes,wayback,
Chelsea,2014,https://cms5.revize.com/revize/bennington/Document%20Center/Government/Annual%20Reports/2014town_report.pdf,atr,nodes,wayback,
Chelsea,2014,https://cms5.revize.com/revize/bridgewater/The%20Current/December%202014%20-%20Election%20Results%20&%20Christmas%20Parade.pdf,result,catalog,wayback,
Chelsea,2014,https://cms5.revize.com/revize/bridgewaterva/The%20Current/December%202014%20-%20Election%20Results%20&%20Christmas%20Parade.pdf?t=202406181043120&t=202406181043120,result,catalog,wayback,
Chelsea,2015,https://cms5.revize.com/revize/barry/Annual-Report-2015.pdf,atr,nodes,wayback,
Chelsea,2015,https://cms5.revize.com/revize/barrycounty/Annual-Report-2015.pdf,atr,nodes,wayback,
Chelsea,2015,https://cms5.revize.com/revize/bcmhars/Resources_Documents/Annual_Reports/FY2015_Annual_MHARS_Report.pdf,atr,nodes,wayback,
Chelsea,2015,https://cms5.revize.com/revize/bellflowerca/Document%20Center/Department/Economic%20Development/Housing%20&%20Grants/SUCCESSOR%20AGENCY%20PLANS/FINAL%20Housing%20Successor%20Agency%20Annual%20Report%20for%20FY%202014-2015.pdf,atr,nodes,wayback,
Chelsea,2015,https://cms5.revize.com/revize/bellflowerca/Document%20Center/Department/Municipal%20Water%20System/Documents%20&%20Reports/Annual%20Reports/2015%20MWS%20Annual%20Report%20-%20Final.pdf,atr,nodes,wayback,
Chelsea,2015,https://cms5.revize.com/revize/bennington/Document%20Center/Government/Annual%20Reports/2015b-town-report.pdf,atr,nodes,wayback,
Chelsea,2016,https://cms5.revize.com/revize/barry/2016%20Annual%20report.pdf,atr,nodes,wayback,
Chelsea,2016,https://cms5.revize.com/revize/barry/2016%20Drain%20Commissioner%20Annual%20Report.pdf,atr,nodes,wayback,
Chelsea,2016,https://cms5.revize.com/revize/barrycounty/2016%20Annual%20report.pdf,atr,nodes,wayback,
Chelsea,2016,https://cms5.revize.com/revize/barrycounty/2016%20Drain%20Commissioner%20Annual%20Report.pdf,atr,nodes,wayback,
Chelsea,2016,https://cms5.revize.com/revize/bcmhars/Resources_Documents/Annual_Reports/2016%20annual%20report.pdf,atr,nodes,wayback,
Chelsea,2016,https://cms5.revize.com/revize/bellflowerca/Document%20Center/Department/Finance/DIF/SR%20Package%20-%20Public%20&%20Park%20Facilities%20Fees%20Annual%20Report%20(2016-17).pdf,atr,nodes,wayback,
Chelsea,2016,https://cms5.revize.com/revize/bellflowerca/SR%20Package%20-%20Public%20&%20Park%20Facilities%20Fees%20Annual%20Report%20(2016-17).pdf,atr,nodes,wayback,
Chelsea,2016,https://cms5.revize.com/revize/bennington/Document%20Center/Government/Annual%20Reports/2016-town-report.pdf,atr,nodes,wayback,
Chelsea,2017,https://cms5.revize.com/revize/BOH/2017AnnualReport%20Final.pdf,atr,nodes,wayback,
Chelsea,2017,https://cms5.revize.com/revize/barry/2017%20Annual%20Report.pdf,atr,nodes,wayback,
Chelsea,2017,https://cms5.revize.com/revize/barrycounty/2017%20Annual%20Report.pdf,atr,nodes,wayback,
Chelsea,2017,https://cms5.revize.com/revize/bellflowerca/Document%20Center/Department/Economic%20Development/Housing%20&%20Grants/SUCCESSOR%20AGENCY%20PLANS/Housing%20Successor%20Agency%20Annual%20Report%20for%20FY%202016-2017%20-%20v3.pdf,atr,nodes,wayback,
Chelsea,2017,https://cms5.revize.com/revize/bellflowerca/Document%20Center/Department/Finance/DIF/Staff%20Report%20Package%20-%20DIF%20Annual%20Report%20(2017-18).pdf,atr,nodes,wayback,
Chelsea,2017,https://cms5.revize.com/revize/bellflowerca/Staff%20Report%20Package%20-%20DIF%20Annual%20Report%20(2017-18).pdf,atr,nodes,wayback,
Chelsea,2017,https://cms5.revize.com/revize/bennington/Document%20Center/Government/Annual%20Reports/2017-Annual-Report.pdf,atr,nodes,wayback,
Chelsea,2018,https://cms5.revize.com/revize/barry/Annual-Report-2018.pdf,atr,nodes,wayback,
Chelsea,2018,https://cms5.revize.com/revize/barry/Departments%20&%20Officials/Officials/County%20Clerk/Elections/Election%20Results/2018/StatementOf%20VotesCast%20-%20Nov.%202018%20-%20Amended%20Official%20Results.pdf,result,catalog,wayback,
Chelsea,2018,https://cms5.revize.com/revize/barrycounty/Annual-Report-2018.pdf,atr,nodes,wayback,
Chelsea,2018,https://cms5.revize.com/revize/barrycounty/Departments%20&%20Officials/Officials/County%20Clerk/Elections/Election%20Results/2018/StatementOf%20VotesCast%20-%20Nov.%202018%20-%20Amended%20Official%20Results.pdf,result,catalog,wayback,
Chelsea,2018,https://cms5.revize.com/revize/bellflowerca/Agenda%20Item%2014-F%20-%20DIF%20Annual%20Report%20(2018-19).pdf,atr,nodes,wayback,
Chelsea,2018,https://cms5.revize.com/revize/bellflowerca/Document%20Center/Department/Economic%20Development/Housing%20&%20Grants/SUCCESSOR%20AGENCY%20PLANS/Housing%20Successor%20Agency%20Annual%20Report%20for%20FY%202017-2018.pdf,atr,nodes,wayback,
Chelsea,2018,https://cms5.revize.com/revize/bellflowerca/Document%20Center/Department/Finance/DIF/Agenda%20Item%2014-F%20-%20DIF%20Annual%20Report%20(2018-19).pdf,atr,nodes,wayback,
Chelsea,2018,https://cms5.revize.com/revize/bellflowerca/Document%20Center/Department/Finance/DIF/Agenda%20Item%2014-F%20-%20DIF%20Annual%20Report%20(2018-19).pdf?t=202203081912060&t=202203081912060,atr,nodes,wayback,
Chelsea,2018,https://cms5.revize.com/revize/bennington/Document%20Center/Government/Annual%20Reports/2018-townreport.pdf,atr,nodes,wayback,
Chelsea,2019,https://cms5.revize.com/revize/BOH/2019%20BCGHD%20Annual%20Report_FINAL1.pdf,atr,nodes,wayback,
Chelsea,2019,"https://cms5.revize.com/revize/bedfordtn/Document%20Center/Court/Juvenile%20Detention/2017-2019%20signed%20annual%20reports,%20PREA.pdf",atr,nodes,wayback,
Chelsea,2019,https://cms5.revize.com/revize/bellflowerca/Document%20Center/Department/Economic%20Development/Housing%20&%20Grants/SUCCESSOR%20AGENCY%20PLANS/FINAL%20-%20Successor%20Housing%20Agency%20Annual%20Report%20for%20FY%202018-2019.pdf,atr,nodes,wayback,
Chelsea,2019,https://cms5.revize.com/revize/bellflowerca/Document%20Center/Department/Economic%20Development/SHA%20Annual%20Report%20FY%2019-20.pdf,atr,nodes,wayback,
Chelsea,2019,https://cms5.revize.com/revize/bellflowerca/Document%20Center/Department/Finance/DIF/SR%20Package%20-%20DIF%20Annual%20Report%20(2019-20).pdf,atr,nodes,wayback,
Chelsea,2019,https://cms5.revize.com/revize/bellflowerca/Document%20Center/Department/Finance/DIF/SR%20Package%20-%20DIF%20Annual%20Report%20(2019-20).pdf?t=202203081910230&t=202203081910230,atr,nodes,wayback,
Chelsea,2019,https://cms5.revize.com/revize/bellflowerca/SR%20Package%20-%20DIF%20Annual%20Report%20(2019-20).pdf,atr,nodes,wayback,
Chelsea,2019,https://cms5.revize.com/revize/bennington/Document%20Center/Government/Annual%20Reports/2019-townreport.pdf,atr,nodes,wayback,
Chelsea,2020,https://cms5.revize.com/revize/BOH/2020%20BCGHD%20Annual%20Report%20FINAL.pdf,atr,nodes,wayback,
Chelsea,2020,https://cms5.revize.com/revize/barry/2020_MAEAP_Clean_Sweep_Annual_Report_717915_7.pdf,atr,nodes,wayback,
Chelsea,2020,https://cms5.revize.com/revize/bennington/Document%20Center/Government/Annual%20Reports/2020-Annual-Report.pdf,atr,nodes,wayback,
Cheshire,2015,https://storage.googleapis.com/juniper-media-library/56/2024/01/2015 Annual Town Report.pdf,atr,nodes,crawl,2015 Annual Town Report
Cheshire,2016,https://storage.googleapis.com/juniper-media-library/56/2024/01/2016 Annual Town Report.pdf,atr,nodes,crawl,2016 Annual Town Report
Cheshire,2017,https://storage.googleapis.com/juniper-media-library/56/2024/01/2017 Annual Town Report.pdf,atr,nodes,crawl,2017 Annual Town Report
Cheshire,2018,https://storage.googleapis.com/juniper-media-library/56/2024/01/2018 Annual Town Report.pdf,atr,nodes,crawl,2018 Annual Town Report
Cheshire,2019,https://storage.googleapis.com/juniper-media-library/56/2024/01/2019 Annual Town Report.pdf,atr,nodes,crawl,2019 Annual Town Report
Cheshire,2020,https://storage.googleapis.com/juniper-media-library/56/2024/01/2020 Annual Town Report.pdf,atr,nodes,crawl,2020 Annual Town Report
Chester,2017,https://townofchester.net/wp-content/uploads/2017/11/ATE-results-20170506.pdf,result,catalog,docsweep,"Election Results – May 6, 2017"
Chester,2019,https://townofchester.net/wp-content/uploads/2019/05/Chester-election-results-050419.pdf,result,catalog,wayback,
Chester,2019,https://townofchester.net/wp-content/uploads/2019/05/Chester-town-report-2019.pdf,atr,nodes,wayback,
Chester,2020,https://townofchester.net/wp-content/uploads/2020/10/Chester-town-report-2018.pdf,atr,nodes,wayback,
Chester,2020,https://townofchester.net/wp-content/uploads/2020/10/Chester-town-report-2019.pdf,atr,nodes,wayback,
Chesterfield,2012,http://chesterfieldma.civiccms.acsitefactory.com/sites/g/files/vyhlif7606/f/uploads/townreport2012_final_4-11-131.pdf,atr,nodes,crawl,2012 Annual Town Report
Chesterfield,2013,http://chesterfieldma.civiccms.acsitefactory.com/sites/g/files/vyhlif7606/f/uploads/chesterfield_2013_town_report_4-14-14.pdf,atr,nodes,crawl,2013 Annual Town Report
Chesterfield,2013,http://www.townofchesterfieldma.com/attachments/195_2013%20Annual%20Town%20Election%20Results.pdf,result,catalog,wayback,
Chesterfield,2014,http://chesterfieldma.civiccms.acsitefactory.com/sites/g/files/vyhlif7606/f/uploads/chesterfieldtownreport2014_4-16-15.pdf,atr,nodes,crawl,2014 Annual Town Report
Chesterfield,2014,http://www.townofchesterfieldma.com/attachments/220_2014%20Annual%20Election%20Results.pdf,result,catalog,wayback,
Chesterfield,2015,http://chesterfieldma.civiccms.acsitefactory.com/sites/g/files/vyhlif7606/f/uploads/chesterfieldtownreport_2015_draft_4-11-16.pdf,atr,nodes,crawl,2015 Annual Town Report
Chesterfield,2015,https://www.townofchesterfieldma.com/sites/g/files/vyhlif7606/f/uploads/chesterfieldtownreport_2015_draft_4-11-16.pdf,atr,nodes,wayback,
Chesterfield,2016,http://chesterfieldma.civiccms.acsitefactory.com/sites/g/files/vyhlif7606/f/uploads/chesterfieldtownreport2016_final_4-11-17.pdf,atr,nodes,crawl,2016 Annual Town Report
Chesterfield,2017,http://chesterfieldma.test-civiccms.acsitefactory.com/sites/g/files/vyhlif7606/f/uploads/2017_chesterfield_annual_town_report.pdf,atr,nodes,crawl,2017 Annual Town Report
Chesterfield,2018,http://chesterfieldma.test-civiccms.acsitefactory.com/sites/g/files/vyhlif7606/f/uploads/2018_chesterfield_annual_town_report.pdf,atr,nodes,crawl,2018 Annual Town Report
Chesterfield,2018,http://www.townofchesterfieldma.com:80/attachments/article/129/2018%20Annual%20Election%20Results.pdf,result,catalog,wayback,
Chesterfield,2019,http://chesterfieldma.test-civiccms.acsitefactory.com/sites/g/files/vyhlif7606/f/uploads/2019_annual_town_report.pdf,atr,nodes,crawl,2019 Annual Town Report
Chesterfield,2019,https://townofchesterfieldma.com/attachments/article/157/2019%20Annual%20Election%20Results.pdf,result,catalog,wayback,
Chesterfield,2020,http://chesterfieldma.test-civiccms.acsitefactory.com/sites/g/files/vyhlif7606/f/uploads/chesterfield_town_report_fy2020.pdf,atr,nodes,crawl,2020 Annual Town Report
Chesterfield,2020,https://townofchesterfieldma.com/attachments/article/196/May%204%202020%20Annual%20Election%20Results.pdf,result,catalog,wayback,
Chilmark,2004,http://www.chilmarkma.gov/pages/ChilmarkMA_Treasurer/CemeteryTreasTownReport2004.pdf,atr,nodes,wayback,
Chilmark,2004,http://www.chilmarkma.gov:80/Pages/ChilmarkMA_Treasurer/LibraryTresTownReport2004.pdf,atr,nodes,wayback,
Chilmark,2004,http://www.chilmarkma.gov:80/Pages/ChilmarkMA_Treasurer/TreasTownReport2004.pdf,atr,nodes,wayback,
Chilmark,2005,http://chilmarkma.gov/Pages/ChilmarkMA_Annual/2005%20annual%20reports/CONSERVATION%20COMMISSION%20200.pdf,atr,nodes,wayback,
Chilmark,2005,http://chilmarkma.gov/Pages/ChilmarkMA_Annual/2005%20annual%20reports/FIRE%20DEPARTMENT%202005%20ANNUAL.pdf,atr,nodes,wayback,
Chilmark,2005,http://chilmarkma.gov/Pages/ChilmarkMA_Annual/2005%20annual%20reports/HARBORMASTER%202005%20REPORT.pdf,atr,nodes,wayback,
Chilmark,2005,http://chilmarkma.gov/Pages/ChilmarkMA_Annual/2005%20annual%20reports/HOUSING%20COMMITTEE%202005%20ANNU.pdf,atr,nodes,wayback,
Chilmark,2005,http://chilmarkma.gov/Pages/ChilmarkMA_Annual/2005%20annual%20reports/MV%20SHELLFISH%20GROUP%202005%20ANN.pdf,atr,nodes,wayback,
Chilmark,2005,http://chilmarkma.gov/Pages/ChilmarkMA_Annual/2005%20annual%20reports/SHELLFISH%20WARDEN%202005%20ANNUA.pdf,atr,nodes,wayback,
Chilmark,2005,http://chilmarkma.gov/Pages/ChilmarkMA_Annual/2005%20annual%20reports/TRI-TOWN%20AMBULANCE%202005%20ANN.pdf,atr,nodes,wayback,
Chilmark,2005,http://chilmarkma.gov/Pages/ChilmarkMA_Treasurer/CemeteryTreasTown%20Report2005.pdf,atr,nodes,wayback,
Chilmark,2005,http://chilmarkma.gov/Pages/ChilmarkMA_Treasurer/LibraryTresTownReport2005.pdf,atr,nodes,wayback,
Chilmark,2005,http://www.chilmarkma.gov/Pages/ChilmarkMA_Annual/2005%20annual%20reports/2005BoardofHealthAnnualRepo.pdf,atr,nodes,wayback,
Chilmark,2005,http://www.chilmarkma.gov/Pages/ChilmarkMA_Annual/2005%20annual%20reports/BEACH%20COMMITTEE%202005%20ANNUAL.pdf,atr,nodes,wayback,
Chilmark,2005,http://www.chilmarkma.gov/Pages/ChilmarkMA_Annual/2005%20annual%20reports/BOARD%20OF%20SELECTMEN%202005%20ANN.pdf,atr,nodes,wayback,
Chilmark,2005,http://www.chilmarkma.gov/Pages/ChilmarkMA_Annual/2005%20annual%20reports/BUILDING%20INSPECTOR%202005%20ANN.pdf,atr,nodes,wayback,
Chilmark,2005,http://www.chilmarkma.gov/Pages/ChilmarkMA_Annual/2005%20annual%20reports/CHILMARK%202005%20BALANCE%20SHEET.pdf,atr,nodes,wayback,
Chilmark,2005,http://www.chilmarkma.gov/Pages/ChilmarkMA_Annual/2005%20annual%20reports/CHILMARK%202005%20REVENUE%20AND%20E.pdf,atr,nodes,wayback,
Chilmark,2005,http://www.chilmarkma.gov/Pages/ChilmarkMA_Annual/2005%20annual%20reports/DUKES%20COUNTY%20REGIONAL%20HOUSI.pdf,atr,nodes,wayback,
Chilmark,2005,http://www.chilmarkma.gov/Pages/ChilmarkMA_Annual/2005%20annual%20reports/PERSONNEL%20BOARD%202005%20ANNUAL.pdf,atr,nodes,wayback,
Chilmark,2005,http://www.chilmarkma.gov/Pages/ChilmarkMA_Annual/2005%20annual%20reports/SITE%20REVIEW%20COMMITTEE%202005%20.pdf,atr,nodes,wayback,
Chilmark,2005,http://www.chilmarkma.gov/Pages/ChilmarkMA_Annual/2005%20annual%20reports/SUPERINTENDENT%20OF%20STREETS%202.pdf,atr,nodes,wayback,
Chilmark,2005,http://www.chilmarkma.gov/Pages/ChilmarkMA_Annual/2005%20annual%20reports/UP-ISLAND%20REGIONAL%20SCHOOL%20D.pdf,atr,nodes,wayback,
Chilmark,2005,http://www.chilmarkma.gov/Pages/ChilmarkMA_Annual/2005%20annual%20reports/ZONING%20BOARD%20OF%20APPEALS%20200.pdf,atr,nodes,wayback,
Chilmark,2005,"http://www.chilmarkma.gov/Pages/ChilmarkMA_BBoard/Archived%20News/ElectionResultsApril27,2005.pdf",result,catalog,wayback,
Chilmark,2006,http://chilmarkma.gov/Pages/ChilmarkMA_Annual/2006%20annual%20reports/shellfish%20report.pdf,atr,nodes,wayback,
Chilmark,2006,http://www.chilmarkma.gov/Pages/ChilmarkMA_Annual/2006%20annual%20reports/Chilmark-W%20Tisbury_scope_cvrltr2.pdf,atr,nodes,wayback,
Chilmark,2006,http://www.chilmarkma.gov/Pages/ChilmarkMA_Annual/2006%20annual%20reports/exp%20atm%202007.pdf,atr,nodes,wayback,
Chilmark,2007,http://www.chilmarkma.gov/Pages/ChilmarkMA_Annual/2006%20annual%20reports/2007_03_21_10_50_39.pdf,atr,nodes,wayback,
Chilmark,2008,"http://chilmarkma.gov/Pages/ChilmarkMA_BBoard/Archived%20News/Ch.ElectionResultsApril30,2008.pdf",result,catalog,wayback,
Chilmark,2008,"http://www.chilmarkma.gov/Pages/ChilmarkMA_BBoard/Archived%20News/February5,2008ElectionResults.pdf",result,catalog,wayback,
Chilmark,2008,"http://www.chilmarkma.gov/Pages/ChilmarkMA_BBoard/Archived%20News/November4,2008ElectionResults.pdf",result,catalog,wayback,
Chilmark,2009,http://chilmarkma.gov/Pages/ChilmarkMA_TownMeeting/April2009ElectionResults.pdf,result,catalog,wayback,
Chilmark,2011,http://www.chilmarkma.gov/Pages/ChilmarkMA_SelectAgenda/2011Archives/04052011/MMA%202010%20Annual%20Report.pdf,atr,nodes,wayback,
Chilmark,2012,http://www.chilmarkma.gov/Pages/ChilmarkMA_Annual/2012%20Annual%20Reports/pub%20off%202012.pdf,atr,nodes,wayback,
Chilmark,2012,http://www.chilmarkma.gov/Pages/ChilmarkMA_BBoard/Archived%20News/2012%20Annual%20Report%20Press%20Release%20-%20FINAL.pdf,atr,nodes,wayback,
Chilmark,2013,http://chilmarkma.gov/Pages/ChilmarkMA_Annual/2013%20Annual%20Reports/1939%20DPW%20Menemsha%20Creek%20Lots.pdf,atr,nodes,wayback,
Chilmark,2013,http://chilmarkma.gov/Pages/ChilmarkMA_Annual/2013%20Annual%20Reports/5086931447_20140320_110555.pdf,atr,nodes,wayback,
Chilmark,2013,http://chilmarkma.gov/Pages/ChilmarkMA_Annual/2013%20Annual%20Reports/corrections%20to%20Chilmark%20Town%20Report%20pages%209-18%202013.pdf,atr,nodes,wayback,
Chilmark,2013,http://chilmarkma.gov/Pages/ChilmarkMA_Annual/2013%20Annual%20Reports/info@chilmarkma%20gov_20140407_101446.pdf,atr,nodes,wayback,
Chilmark,2013,http://chilmarkma.gov/Pages/ChilmarkMA_SelectAgenda/2013/04162013/IHT-AnnualReport2012-web.pdf,atr,nodes,wayback,
Chilmark,2013,http://www.chilmarkma.gov/Pages/ChilmarkMA_Annual/2013%20Annual%20Reports/TC%20FINAL%20Town%20Report%20Submission%202013.pdf,atr,nodes,wayback,
Chilmark,2013,http://www.chilmarkma.gov/Pages/ChilmarkMA_SelectAgenda/2013/08272013/2012%20Annual%20Report%20Press%20Release%20-%20FINAL.pdf,atr,nodes,wayback,
Chilmark,2014,http://chilmarkma.gov/Pages/ChilmarkMA_Annual/2013%20Annual%20Reports/2014ATM%20Exp2.pdf,atr,nodes,wayback,
Chilmark,2014,http://www.chilmarkma.gov/Pages/ChilmarkMA_Annual/2013%20Annual%20Reports/2014-04-25%20Town%20Line%20proposal.pdf,atr,nodes,wayback,
Chilmark,2015,http://chilmarkma.gov/Pages/ChilmarkMA_SelectAgenda/2015/10062015/landfill%20solar%20array%202015%20Annual%20Report.pdf,atr,nodes,wayback,
Chilmark,2015,http://chilmarkma.gov/Pages/ChilmarkMA_SelectAgenda/2015/10062015/monthly%20solar%202015%20Annual%20Report%20(2).pdf,atr,nodes,wayback,
Chilmark,2016,http://www.chilmarkma.gov/Pages/ChilmarkMA_SelectAgenda/2016/10042016/CVEC%20Annual%20Report%20FY16.pdf,atr,nodes,wayback,
Chilmark,2016,"http://www.chilmarkma.gov/pages/ChilmarkMA_Clerk/April27,2016TownElectionResults.pdf",result,catalog,wayback,
Chilmark,2016,https://www.sec.state.ma.us/divisions/public-records/download/SOC-Annual-Report-FY-2016.pdf,atr,nodes,wayback,
Chilmark,2016,https://www.sec.state.ma.us/pre/prepra/annual-reports/SOC-Annual-Report-FY-2016.pdf,atr,nodes,wayback,
Chilmark,2017,https://www.sec.state.ma.us/divisions/public-records/download/SOC-Annual-Report-FY-2017.pdf,atr,nodes,wayback,
Chilmark,2017,https://www.sec.state.ma.us/pre/prepra/annual-reports/SOC-Annual-Report-FY-2017.pdf,atr,nodes,wayback,
Chilmark,2018,https://www.sec.state.ma.us/divisions/public-records/download/SOC-Annual-Report-FY-2018.pdf,atr,nodes,wayback,
Chilmark,2018,https://www.sec.state.ma.us/pre/prepra/annual-reports/SOC-Annual-Report-FY-2018.pdf,atr,nodes,wayback,
Chilmark,2019,https://www.sec.state.ma.us/pre/prepra/annual-reports/SOC-Annual-Report-FY-2019.pdf,atr,nodes,wayback,
Chilmark,2020,https://www.sec.state.ma.us/divisions/public-records/download/SOC-Annual-Report-FY-2020.pdf,atr,nodes,wayback,
Chilmark,2020,https://www.sec.state.ma.us/pre/prepra/annual-reports/SOC-Annual-Report-FY-2020.pdf,atr,nodes,wayback,
Clarksburg,2017,https://clarksburgma.gov/specMedia/2017-Annual-Report.pdf,atr,nodes,wayback,
Clarksburg,2018,https://clarksburgma.gov/specMedia/2018AnnualReport_web.pdf,atr,nodes,wayback,
Clarksburg,2020,https://clarksburgma.gov/specMedia/Clarksburg-Annual-Report-FY-2020.pdf,atr,nodes,wayback,
Clinton,2010,http://www.clintonma.gov/FY2010%20Clinton%20Town%20Report%20Draft.pdf,atr,nodes,wayback,
Clinton,2011,http://www.clintonma.gov/FY2011%20Annual%20Town%20Report.pdf,atr,nodes,wayback,
Clinton,2013,http://clintonma.gov/2013%20Town%20Election%20Results.pdf,result,catalog,wayback,
Clinton,2013,http://www.clintonma.gov/FY2013%20Annual%20Town%20Report.pdf,atr,nodes,wayback,
Clinton,2014,http://www.clintonma.gov:80/2014%20Town%20Election%20Results.pdf,result,catalog,wayback,
Clinton,2015,http://clintonma.gov/2015%20Clinton%20Town%20Election%20Results.pdf,result,catalog,wayback,
Clinton,2015,http://www.clintonma.gov:80/2015%20Town%20Election%20Results.pdf,result,catalog,wayback,
Clinton,2016,http://www.clintonma.gov:80/2016%20Clinton%20Town%20Election%20Results.pdf,result,catalog,wayback,
Clinton,2016,http://www.clintonma.gov:80/2016%20Town%20Election%20Results.pdf,result,catalog,wayback,
Clinton,2017,http://www.clintonma.gov:80/2017%20Clinton%20Town%20Election%20Results.pdf,result,catalog,wayback,
Clinton,2018,http://www.clintonma.gov:80/2018%20Town%20Election%20Results.pdf,result,catalog,wayback,
Clinton,2019,https://clintonma.gov/DocumentCenter/View/1632,result,catalog,docsweep,2019 Town Election Results
Clinton,2019,https://clintonma.gov/DocumentCenter/View/1632/2019-Town-Election-Results,result,catalog,wayback,
Clinton,2019,https://clintonma.gov/DocumentCenter/View/1632/2019-Town-Election-Results?bidId=,result,catalog,wayback,
Clinton,2020,https://clintonma.gov/DocumentCenter/View/1791,result,catalog,docsweep,2020 Town Election Results
Cohasset,2006,http://www.cohassetma.org//uploads/Town%20Reports/TownReportCombinedFinal_2006.pdf,atr,nodes,wayback,
Cohasset,2006,http://www.cohassetma.org:80/uploads/forms/townreportcombinedfinal_2006.pdf,atr,nodes,wayback,
Cohasset,2007,http://www.cohassetma.org//uploads/Town%20Reports/TownReportCombinedFinal_2007.pdf,atr,nodes,wayback,
Cohasset,2007,http://www.cohassetma.org:80/uploads/forms/townreportcombinedfinal_2007.pdf,atr,nodes,wayback,
Cohasset,2008,http://www.cohassetma.org//uploads/Town%20Reports/TownReportCombinedFinal_2008.pdf,atr,nodes,wayback,
Cohasset,2008,http://www.cohassetma.org:80/uploads/forms/townreportcombinedfinal_2008.pdf,atr,nodes,wayback,
Cohasset,2009,http://www.cohassetma.org//uploads/Town%20Reports/TownReportCombinedFinal_2009.pdf,atr,nodes,wayback,
Cohasset,2009,http://www.cohassetma.org:80/uploads/forms/townreportcombinedfinal_2009.pdf,atr,nodes,wayback,
Cohasset,2010,http://www.cohassetma.org//uploads/Town%20Reports/TownReportCombinedFinal_2010.pdf,atr,nodes,wayback,
Cohasset,2010,http://www.cohassetma.org:80/uploads/forms/townreportcombinedfinal_2010.pdf,atr,nodes,wayback,
Cohasset,2011,http://www.cohassetma.org//uploads/Town%20Reports/TownReportCombinedFinal_2011.pdf,atr,nodes,wayback,
Cohasset,2011,http://www.cohassetma.org:80/uploads/forms/townreportcombinedfinal_2011.pdf,atr,nodes,wayback,
Cohasset,2012,http://www.cohassetma.org//uploads/Town%20Reports/TownReportCombinedFinal_2012.pdf,atr,nodes,wayback,
Cohasset,2012,http://www.cohassetma.org:80/uploads/forms/townreportcombinedfinal_2012.pdf,atr,nodes,wayback,
Cohasset,2013,http://www.cohassetma.org//uploads/Town%20Reports/TownReportCombinedFinal_2013.pdf,atr,nodes,wayback,
Cohasset,2013,http://www.cohassetma.org:80/uploads/forms/2013_annual_report.pdf,atr,nodes,wayback,
Cohasset,2013,http://www.cohassetma.org:80/uploads/forms/townreportcombinedfinal_2013.pdf,atr,nodes,wayback,
Cohasset,2014,http://www.cohassetma.org//uploads/ATM/Combined2014TownReport.pdf,atr,nodes,wayback,
Cohasset,2015,http://www.cohassetma.org//uploads/2015TownReportCombinedFINAL.pdf,atr,nodes,wayback,
Cohasset,2016,http://www.cohassetma.org//uploads/Pres_Prim_2016_03_01_Website_TownReport.pdf,atr,nodes,wayback,
Cohasset,2020,https://www.cohassetma.gov/DocumentCenter/View/3094,result,catalog,dc_idsweep,Post Election Tabulation_2020_11_03?bidId=
Cohasset,2020,https://www.cohassetma.org/DocumentCenter/View/3094,result,catalog,dc_idsweep,Post Election Tabulation_2020_11_03?bidId=
Colrain,2013,http://colrain-ma.gov/documents/TownReports/Colrain2013AnnualReport.pdf,atr,nodes,wayback,
Colrain,2013,https://colrain-ma.gov/files/Colrain_2013_Annual_Report.pdf,atr,nodes,wayback,
Colrain,2013,https://colrain-ma.gov/files/Colrain_Annual_Report_2013.pdf,atr,nodes,wayback,
Colrain,2014,https://colrain-ma.gov/files/Colrain_2014_Annual_Report.pdf,atr,nodes,wayback,
Colrain,2017,https://colrain-ma.gov/files/Colrain_2017_Annual_Report.pdf,atr,nodes,wayback,
Colrain,2018,https://colrain-ma.gov/files/Colrain_2018_Annual_Report.pdf,atr,nodes,wayback,
Colrain,2018,https://colrain-ma.gov/news/newsfile_264_Colrain_2018_Annual_Report.pdf,atr,nodes,wayback,
Colrain,2019,https://colrain-ma.gov/files/Colrain_2019_Annual_Report.pdf,atr,nodes,wayback,
Colrain,2020,https://colrain-ma.gov/files/Colrain_2020_Annual_Report.pdf,atr,nodes,wayback,
Concord,2007,http://www.concordma.gov/pages/ConcordMA_TownManager/townreport07/MRHS%20Concord%2007.pdf,atr,nodes,wayback,
Concord,2008,http://www.concordma.gov/pages/ConcordMA_TownManager/town-reports/town-report-2008/Part-I-Officials.pdf,atr,nodes,wayback,
Concord,2008,http://www.concordma.gov/pages/ConcordMA_TownManager/town-reports/town-report-2008/Part-II-Selectmen.pdf,atr,nodes,wayback,
Concord,2008,http://www.concordma.gov/pages/ConcordMA_TownManager/town-reports/town-report-2008/Part-III-Town-Meeting.pdf,atr,nodes,wayback,
Concord,2008,http://www.concordma.gov/pages/ConcordMA_TownManager/town-reports/town-report-2008/Part-IV-General-Government.pdf,atr,nodes,wayback,
Concord,2008,http://www.concordma.gov/pages/ConcordMA_TownManager/town-reports/town-report-2008/Part-IX-Human-Services.pdf,atr,nodes,wayback,
Concord,2008,http://www.concordma.gov/pages/ConcordMA_TownManager/town-reports/town-report-2008/Part-V-Public-Safety.pdf,atr,nodes,wayback,
Concord,2008,http://www.concordma.gov/pages/ConcordMA_TownManager/town-reports/town-report-2008/Part-VI-Municipal-Light-Plant-and-Public-Works.pdf,atr,nodes,wayback,
Concord,2008,http://www.concordma.gov/pages/ConcordMA_TownManager/town-reports/town-report-2008/Part-VII-Community-Development.pdf,atr,nodes,wayback,
Concord,2008,http://www.concordma.gov/pages/ConcordMA_TownManager/town-reports/town-report-2008/Part-VIII-Schools.pdf,atr,nodes,wayback,
Concord,2008,http://www.concordma.gov/pages/ConcordMA_TownManager/town-reports/town-report-2008/Part-X-Finance.pdf,atr,nodes,wayback,
Concord,2010,"http://www.concordma.gov/pages/ConcordMA_TownManager/townreport07/11%20Finance,%20Table%2010,%20Chapter%20land.pdf",atr,nodes,wayback,
Concord,2011,http://www.concordma.gov/pages/ConcordMA_TownClerk/voteinfo/Town%20Election%20Official%20Tally%20March%202011.pdf,result,catalog,wayback,
Concord,2012,"http://concordma.gov/pages/ConcordMA_TownClerk/voteinfo/Town%20Election%20March%206,%202012%20Official%20Tally.pdf",result,catalog,wayback,
Concord,2013,http://www.concordma.gov/Pages/ConcordMA_BComm/2013%20Town%20Report.pdf,atr,nodes,wayback,
Concord,2013,http://www.concordma.gov/pages/ConcordMA_TownClerk/voteinfo/Official%20Tally%20April%2030%202013%20Final.pdf,result,catalog,wayback,
Concord,2013,http://www.concordma.gov/pages/ConcordMA_TownClerk/voteinfo/Town%20Election%20March%2019%202013%20Official%20Tally.pdf,result,catalog,wayback,
Concord,2014,"http://www.concordma.gov/pages/ConcordMA_TownClerk/voteinfo/Town%20Election%20March%2025,%202014%20Official%20Tally.pdf",result,catalog,wayback,
Concord,2014,"http://www.concordma.gov/pages/ConcordMA_TownManager/townreport07/11%20Finance,%20Table%2014,%20PAYROLL%20table.pdf",atr,nodes,wayback,
Concord,2014,http://www.concordma.gov/pages/ConcordMA_TownManager/townreport07/Special%20State%20Election%20November%2014.pdf,atr,nodes,wayback,
Concord,2015,http://www.concordma.gov/pages/ConcordMA_TownClerk/voteinfo/Town%20Election%20Official%20Tally%20March%2031%202015.pdf,result,catalog,wayback,
Concord,2015,"http://www.concordma.gov/pages/ConcordMA_TownManager/townreport07/11%20Finance,%20Table%2015,%20Minuteman-Nashoba%20statement.pdf",atr,nodes,wayback,
Concord,2015,https://concordma.gov/DocumentCenter/View/12077/2015-03-31-Official-Tally-Town-Election,result,catalog,docsweep,2015-03-31 Official Tally Town Election
Concord,2016,"http://concordma.gov/pages/ConcordMA_TownClerk/voteinfo/Town%20Election%20March%201,%202016%20Official%20Tally.pdf",result,catalog,wayback,
Concord,2016,"http://www.concordma.gov/pages/ConcordMA_TownManager/townreport07/11%20Finance,%20Table%2016,%20Interest%20earned.pdf",atr,nodes,wayback,
Concord,2016,https://concordma.gov/DocumentCenter/View/929/2016-03-01-Official-Tally-Town-Election,result,catalog,docsweep,2016-03-01 Official Tally Town Election
Concord,2017,https://concordma.gov/DocumentCenter/View/8500/2017-03-28-Official-Tally-Town-Election,result,catalog,wayback,
Concord,2018,"http://www.concordma.gov/pages/ConcordMA_TownManager/townreport07/11%20Finance,%20Table%2018,%20BANs%20and%20Bonds.pdf",atr,nodes,wayback,
Concord,2018,https://concordma.gov/DocumentCenter/View/13438/3272018-Official-Tally-Town-Election,result,catalog,docsweep,3/27/2018 Official Tally Town Election
Concord,2018,https://concordma.gov/DocumentCenter/View/14544/2018-06-12-UNOFFICIAL-TALLY?bidId=,result,catalog,wayback,
Concord,2018,https://concordma.gov/DocumentCenter/View/14600/2018-06-12-OFFICIAL-TALLY,result,catalog,wayback,
Concord,2019,https://concordma.gov/DocumentCenter/View/18934/2019-03-26-Official-Tally-Town-Election,result,catalog,docsweep,2019-03-26 Official Tally Town Election
Concord,2019,https://concordma.gov/DocumentCenter/View/18934/2019-03-26-Town-Election-OFFICIAL-Results,result,catalog,wayback,
Concord,2019,https://concordma.gov/DocumentCenter/View/19918/June-4-2019--UNOFFICIAL-ELECTION-RESULTS,result,catalog,wayback,
Concord,2020,https://concordma.gov/DocumentCenter/View/25019/2020-06-11-Official-Tally-Town-Election,result,catalog,docsweep,2020-06-11 Official Tally Town Election
Conway,2017,https://conwayma.gov/files/Town-of-Conway-Annual-Report-FY2017-FINAL2.pdf,atr,nodes,wayback,
Conway,2018,https://conwayma.gov/files/2018-Annual-Report.pdf,atr,nodes,wayback,
Conway,2020,https://conwayma.gov/files/FY19_Annual_Report_2020-05-04_FINAL.pdf,atr,nodes,wayback,
Cummington,2011,http://www.cummington-ma.gov/SiteAssets/Docs/Town/TownReportFy2011.pdf,atr,nodes,wayback,
Cummington,2012,http://www.cummington-ma.gov/SiteAssets/Docs/Town/TownReportFy2012.pdf,atr,nodes,wayback,
Cummington,2013,http://www.cummington-ma.gov/SiteAssets/Docs/Town/TownReportFy2013.pdf,atr,nodes,wayback,
Cummington,2014,https://cummington-ma.gov/SiteAssets/Docs/Town/TownReportFy2014.pdf,atr,nodes,wayback,
Cummington,2015,http://www.cummington-ma.gov/SiteAssets/Docs/Town/TownReportFy2015.pdf,atr,nodes,wayback,
Cummington,2016,https://cummington-ma.gov/SiteAssets/Docs/Town/TownReportFy2016.pdf,atr,nodes,wayback,
Cummington,2017,https://cummington-ma.gov/SiteAssets/Docs/Town/TownReportFy2017.pdf,atr,nodes,wayback,
Cummington,2018,https://cummington-ma.gov/SiteAssets/Docs/Town/TownReportFY2018.pdf,atr,nodes,wayback,
Cummington,2019,https://cummington-ma.gov/SiteAssets/Docs/Town/TownReportFY2019.pdf,atr,nodes,wayback,
Cummington,2020,https://cummington-ma.gov/SiteAssets/Docs/Town/TownReportFY2020.pdf,atr,nodes,wayback,
Dalton,2013,http://www.dalton-ma.gov/vertical/sites/%7B204E6885-7D62-4A77-ACAF-365E762BDF59%7D/uploads/2013Jun25STEtally.pdf,result,catalog,wayback,
Dalton,2015,http://www.dalton-ma.gov/vertical/sites/%7B204E6885-7D62-4A77-ACAF-365E762BDF59%7D/uploads/2015_Dalton_Annual_Report_Cover.pdf,atr,nodes,wayback,
Dalton,2020,https://dalton-ma.gov/wp-content/uploads/2021/06/Town-Report-file-2020.pdf,atr,nodes,wayback,
Danvers,2014,http://www.danversma.gov/vertical/sites/%7BCFC0250F-19AB-46E7-B599-146187CB1799%7D/uploads/Town_Report_2014.pdf,atr,nodes,wayback,
Danvers,2015,http://www.danversma.gov:80/vertical/Sites/%7BCFC0250F-19AB-46E7-B599-146187CB1799%7D/uploads/Town_Report_2015.pdf,atr,nodes,wayback,
Danvers,2016,http://www.danversma.gov/vertical/sites/%7BCFC0250F-19AB-46E7-B599-146187CB1799%7D/uploads/2016_Annual_Town_Election_Final_Results.pdf,result,catalog,wayback,
Danvers,2017,https://www.danversma.gov/DocumentCenter/View/1488/May-2-2017-Annual-Town-Election-Results-PDF,result,catalog,wayback,
Danvers,2018,https://www.danversma.gov/DocumentCenter/View/1487/May-1-2018-Annual-Town-Election-Results-PDF,result,catalog,wayback,
Danvers,2019,https://www.danversma.gov/DocumentCenter/View/1483/May-7-2019-Annual-Town-Election-Results-PDF,result,catalog,wayback,
Danvers,2020,https://www.danversma.gov/DocumentCenter/View/1106/June-2-2020-Annual-Town-Election-Results-PDF,result,catalog,wayback,
Dartmouth,2005,https://dartmouthma.gov/DocumentCenter/View/334/2005-April-5-Annual-Town-Election-Official-Results-PDF,result,catalog,docsweep,2005 April 5 Annual Town Election Official Results (PDF)
Dartmouth,2005,https://www.dartmouthma.gov/DocumentCenter/View/334/2005-April-5-Annual-Town-Election-Official-Results-PDF,result,catalog,wayback,
Dartmouth,2005,https://www.town.dartmouth.ma.us/DocumentCenter/View/334,result,catalog,dc_idsweep,2005 April 5 Annual Town Election Official Results PDF?bidId=
Dartmouth,2008,http://www.town.dartmouth.ma.us/Pages/DartmouthMA_Animal/2008ACAnnualTownReport.pdf,atr,nodes,wayback,
Dartmouth,2008,http://www.town.dartmouth.ma.us:80/sites/dartmouthma/files/uploads/2008_town_report.pdf,atr,nodes,wayback,
Dartmouth,2008,https://www.town.dartmouth.ma.us/sites/g/files/vyhlif466/f/uploads/2008_town_report.pdf,atr,nodes,wayback,
Dartmouth,2009,https://dartmouthma.gov/DocumentCenter/View/335/2009-April-7-Annual-Town-Election-Official-Results-PDF,result,catalog,docsweep,2009 April 7 Annual Town Election Official Results (PDF)
Dartmouth,2009,https://www.dartmouthma.gov/DocumentCenter/View/335/2009-April-7-Annual-Town-Election-Official-Results-PDF,result,catalog,wayback,
Dartmouth,2009,https://www.town.dartmouth.ma.us/sites/g/files/vyhlif466/f/uploads/2009_town_report.pdf,atr,nodes,wayback,
Dartmouth,2010,https://www.town.dartmouth.ma.us/sites/g/files/vyhlif466/f/uploads/2010_town_report.pdf,atr,nodes,wayback,
Dartmouth,2011,https://dartmouthma.gov/DocumentCenter/View/332/2011-April-5-Annual-Town-Election-Official-Results-PDF,result,catalog,docsweep,2011 April 5 Annual Town Election Official Results (PDF)
Dartmouth,2011,https://www.dartmouthma.gov/DocumentCenter/View/332/2011-April-5-Annual-Town-Election-Official-Results-PDF,result,catalog,wayback,
Dartmouth,2011,https://www.town.dartmouth.ma.us/sites/g/files/vyhlif466/f/uploads/2011_town_report.pdf,atr,nodes,wayback,
Dartmouth,2012,https://dartmouthma.gov/DocumentCenter/View/331/2012-April-3-Annual-Town-Election-Official-Results-PDF,result,catalog,docsweep,2012 April 3 Annual Town Election Official Results (PDF)
Dartmouth,2012,https://www.dartmouthma.gov/DocumentCenter/View/331/2012-April-3-Annual-Town-Election-Official-Results-PDF,result,catalog,wayback,
Dartmouth,2012,https://www.town.dartmouth.ma.us/sites/g/files/vyhlif466/f/uploads/2012_town_report.pdf,atr,nodes,wayback,
Dartmouth,2013,https://dartmouthma.gov/DocumentCenter/View/328/2013-April-02-Annual-Town-Election-Official-Results-PDF,result,catalog,docsweep,2013 April 02 Annual Town Election Official Results (PDF)
Dartmouth,2013,https://www.dartmouthma.gov/DocumentCenter/View/328/2013-April-02-Annual-Town-Election-Official-Results-PDF,result,catalog,wayback,
Dartmouth,2013,https://www.town.dartmouth.ma.us/sites/g/files/vyhlif466/f/uploads/2013_town_report.pdf,atr,nodes,wayback,
Dartmouth,2014,https://dartmouthma.gov/DocumentCenter/View/355/2014-April-01-Annual-Town-Election-Official-Results-PDF,result,catalog,docsweep,2014 April 01 Annual Town Election Official Results (PDF)
Dartmouth,2014,https://www.dartmouthma.gov/DocumentCenter/View/355/2014-April-01-Annual-Town-Election-Official-Results-PDF,result,catalog,wayback,
Dartmouth,2014,https://www.town.dartmouth.ma.us/DocumentCenter/View/355,result,catalog,dc_idsweep,2014 April 01 Annual Town Election Official Results PDF?bidId=
Dartmouth,2014,https://www.town.dartmouth.ma.us/sites/g/files/vyhlif466/f/uploads/2014_town_report.pdf,atr,nodes,wayback,
Dartmouth,2015,https://dartmouthma.gov/DocumentCenter/View/354/2015-April-07-Annual-Town-Election-Official-Results-PDF,result,catalog,docsweep,2015 April 07 Annual Town Election Official Results (PDF)
Dartmouth,2015,https://www.dartmouthma.gov/DocumentCenter/View/354/2015-April-07-Annual-Town-Election-Official-Results-PDF,result,catalog,wayback,
Dartmouth,2015,https://www.town.dartmouth.ma.us/sites/g/files/vyhlif466/f/uploads/annual_report_2015final2.pdf,atr,nodes,wayback,
Dartmouth,2016,https://dartmouthma.gov/DocumentCenter/View/351/2016-April-05-Annual-Town-Election-Official-Results-PDF,result,catalog,docsweep,2016 April 05 Annual Town Election Official Results (PDF)
Dartmouth,2016,https://www.dartmouthma.gov/DocumentCenter/View/351/2016-April-05-Annual-Town-Election-Official-Results-PDF,result,catalog,wayback,
Dartmouth,2016,https://www.town.dartmouth.ma.us/sites/g/files/vyhlif466/f/uploads/annual_report_2016_final.pdf,atr,nodes,wayback,
Dartmouth,2017,https://dartmouthma.gov/DocumentCenter/View/350/2017-April-04-Annual-Town-Election-Official-Results-PDF,result,catalog,docsweep,2017 April 04 Annual Town Election Official Results (PDF)
Dartmouth,2017,https://www.dartmouthma.gov/DocumentCenter/View/350/2017-April-04-Annual-Town-Election-Official-Results-PDF,result,catalog,wayback,
Dartmouth,2017,https://www.town.dartmouth.ma.us/sites/g/files/vyhlif466/f/uploads/annual_report_2017.pdf,atr,nodes,wayback,
Dartmouth,2018,https://dartmouthma.gov/DocumentCenter/View/347/2018-April-03-Annual-Town-Election-Official-Results-PDF,result,catalog,docsweep,2018 April 03 Annual Town Election Official Results (PDF)
Dartmouth,2018,https://www.dartmouthma.gov/DocumentCenter/View/347/2018-April-03-Annual-Town-Election-Official-Results-PDF,result,catalog,wayback,
Dartmouth,2018,https://www.town.dartmouth.ma.us/sites/g/files/vyhlif466/f/uploads/annual_town_report_2018_final_4.26.19.pdf,atr,nodes,wayback,
Dartmouth,2019,https://dartmouthma.gov/DocumentCenter/View/346/2019-April-02-Annual-Town-Election-Official-Results-PDF,result,catalog,docsweep,2019 April 02 Annual Town Election Official Results (PDF)
Dartmouth,2019,https://www.dartmouthma.gov/DocumentCenter/View/346/2019-April-02-Annual-Town-Election-Official-Results-PDF,result,catalog,wayback,
Dartmouth,2019,https://www.town.dartmouth.ma.us/DocumentCenter/View/346,result,catalog,dc_idsweep,2019 April 02 Annual Town Election Official Results PDF?bidId=
Dartmouth,2019,https://www.town.dartmouth.ma.us/sites/g/files/vyhlif466/f/uploads/2019_annual_town_report.pdf,atr,nodes,wayback,
Dartmouth,2020,https://dartmouthma.gov/DocumentCenter/View/343/2020-June-23-Annual-Town-Election-Official-Results-PDF,result,catalog,docsweep,2020 June 23 Annual Town Election Official Results (PDF)
Dartmouth,2020,https://www.town.dartmouth.ma.us/sites/g/files/vyhlif466/f/uploads/2020_town_report-_final.pdf,atr,nodes,wayback,
Dedham,2010,http://www.dedham-ma.gov/dedham/file/Environment/Dedham%20Year%2010%20Final%20Annual%20Report.pdf,atr,nodes,wayback,
Deerfield,2012,http://deerfieldma.us/Pages/DeerfieldMA_BOS/ATR/2012%20Annual%20Town%20Report.pdf,atr,nodes,wayback,
Deerfield,2013,http://www.deerfieldma.us/Pages/2013%20Town%20Report%20-%20Final.pdf,atr,nodes,wayback,
Deerfield,2014,http://www.deerfieldma.us/Pages/2014%20Annual%20Town%20Report.pdf,atr,nodes,wayback,
Deerfield,2015,http://www.deerfieldma.us:80/sites/deerfieldma/files/uploads/annual_report_2015.pdf,atr,nodes,wayback,
Deerfield,2015,https://www.deerfieldma.us/sites/g/files/vyhlif3001/f/uploads/2015_annual_report_-_master_document.pdf,atr,nodes,wayback,
Deerfield,2015,https://www.deerfieldma.us/sites/g/files/vyhlif3001/f/uploads/fcts_election_results_2015.pdf,result,catalog,wayback,
Deerfield,2016,https://www.deerfieldma.us/sites/deerfieldma/files/uploads/2016_annual_report_-_master_document.pdf,atr,nodes,wayback,
Deerfield,2016,https://www.deerfieldma.us/sites/g/files/vyhlif3001/f/uploads/2016_annual_report_-_master_document.pdf,atr,nodes,wayback,
Deerfield,2018,https://www.deerfieldma.us/sites/deerfieldma/files/uploads/dpd_annual_report_2018_-_final.pdf,atr,nodes,wayback,
Deerfield,2019,https://www.deerfieldma.us/sites/g/files/vyhlif3001/f/uploads/town_election_results_-_may_2019_0.pdf,result,catalog,wayback,
Deerfield,2020,https://www.deerfieldma.us/sites/g/files/vyhlif3001/f/uploads/2020_deerfield_annual_town_report.pdf,atr,nodes,wayback,
Deerfield,2020,https://www.deerfieldma.us/sites/g/files/vyhlif3001/f/uploads/local_election_results_6-8-2020_0.pdf,result,catalog,wayback,
Dennis,2008,http://www.town.dennis.ma.us:80/pdffiles/2008%20Annual%20Report.pdf,atr,nodes,wayback,
Dennis,2009,http://www.town.dennis.ma.us:80/Pages/DennisMA_Accounting/2009TownReport.pdf,atr,nodes,wayback,
Dennis,2018,https://www.town.dennis.ma.us/sites/g/files/vyhlif3016/f/uploads/2018-townreport.pdf,atr,nodes,wayback,
Dennis,2019,https://www.town.dennis.ma.us/sites/g/files/vyhlif3016/f/uploads/2019-townreport-web.pdf,atr,nodes,wayback,
Dighton,2002,https://dighton-ma.gov/DocumentCenter/View/2002,result,catalog,dc_idsweep,POST ELECTION TABULATION SESSION 11822?bidId=
Dighton,2003,https://dighton-ma.gov/DocumentCenter/View/2003,result,catalog,dc_idsweep,POST ELECTION TABULATION SESSION 11822 updated 111422?bidId=
Dighton,2004,https://dighton-ma.gov/DocumentCenter/View/2004/POST-ELECTION-TABULATION-SESSION-11822-updated-111422,result,catalog,docsweep,POST ELECTION TABULATION SESSION 11.8.22 updated 11.14.22
Dighton,2012,http://www.dighton-ma.gov/public_documents/dightonma_bcomm/2012%20Annual%20Report.pdf,atr,nodes,wayback,
Dover,2010,https://doverma.gov/ImageRepository/Document?documentID=41,result,catalog,documentcenter,Town Clerk / Election Results 2010 Election Results
Dover,2011,https://doverma.gov/ImageRepository/Document?documentID=42,result,catalog,documentcenter,Town Clerk / Election Results 2011 Election Results
Dover,2011,https://www.doverma.gov/DocumentCenter/View/194/2011-Town-Election-Results-PDF,result,catalog,wayback,
Dover,2011,https://www.doverma.gov/DocumentCenter/View/194/2011-Town-Election-Results?bidId=,result,catalog,wayback,
Dover,2012,https://doverma.gov/DocumentCenter/View/196/05-21-2012-Town-Election-Results,result,catalog,docsweep,05-21-2012 Town Election Results
Dover,2012,https://doverma.gov/ImageRepository/Document?documentID=43,result,catalog,documentcenter,Town Clerk / Election Results 2012 Election Results
Dover,2013,https://doverma.gov/DocumentCenter/View/203/05-20-2013-Town-Election-Results,result,catalog,docsweep,05-20-2013 Town Election Results
Dover,2013,https://doverma.gov/ImageRepository/Document?documentID=44,result,catalog,documentcenter,Town Clerk / Election Results 2013 Election Results
Dover,2014,https://doverma.gov/DocumentCenter/View/208/05-19-2014-Annual-Town-Election-Results,result,catalog,docsweep,05-19-2014 Annual Town Election Results
Dover,2014,https://doverma.gov/DocumentCenter/View/210/11-04-2014-Town-Election-Results,result,catalog,docsweep,11-04-2014 Town Election Results
Dover,2014,https://doverma.gov/ImageRepository/Document?documentID=45,result,catalog,documentcenter,Town Clerk / Election Results 2014 Election Results
Dover,2015,https://doverma.gov/ImageRepository/Document?documentID=46,result,catalog,documentcenter,Town Clerk / Election Results 2015 Election Results
Dover,2015,https://www.doverma.gov/DocumentCenter/View/212/05-18-2015-Annual-Town-Election-Results-PDF,result,catalog,wayback,
Dover,2015,https://www.doverma.gov/DocumentCenter/View/212/05-18-2015-Annual-Town-Election-Results?bidId=,result,catalog,wayback,
Dover,2016,https://doverma.gov/ImageRepository/Document?documentID=47,result,catalog,documentcenter,Town Clerk / Election Results 2016 Election Results
Dover,2016,https://www.doverma.gov/DocumentCenter/View/219/05-16-2016-Annual-Town-Election-Results,result,catalog,wayback,
Dover,2017,https://doverma.gov/ImageRepository/Document?documentID=48,result,catalog,documentcenter,Town Clerk / Election Results 2017 Election Results
Dover,2017,https://www.doverma.gov/DocumentCenter/View/220/05-15-2017-Annual-Town-Election-Results-PDF,result,catalog,wayback,
Dover,2017,https://www.doverma.gov/DocumentCenter/View/220/05-15-2017-Annual-Town-Election-Results?bidId=,result,catalog,wayback,
Dover,2018,https://doverma.gov/DocumentCenter/View/221/05-21-2018-Annual-Town-Election-Results,result,catalog,docsweep,05-21-2018 Annual Town Election Results
Dover,2018,https://doverma.gov/DocumentCenter/View/221/05-21-2018-Annual-Town-Election-Results-PDF,result,catalog,wayback,
Dover,2018,https://doverma.gov/DocumentCenter/View/223/11-06-2018-Election-Results,result,catalog,docsweep,11-06-2018 Election Results
Dover,2018,https://doverma.gov/ImageRepository/Document?documentID=49,result,catalog,documentcenter,Town Clerk / Election Results 2018 Election Results
Dover,2019,https://doverma.gov/DocumentCenter/View/224/05-20-2019-Town-Election-Results-PDF,result,catalog,wayback,
Dover,2019,https://doverma.gov/ImageRepository/Document?documentID=50,result,catalog,documentcenter,Town Clerk / Election Results 2019 Election Results
Dover,2020,https://doverma.gov/ImageRepository/Document?documentID=173,result,catalog,documentcenter,Town Clerk / Election Results 2020 Election Results
Dracut,2014,http://www.dracutma.gov/sites/dracutma/files/copy_of_town_election_results_2014.pdf,result,catalog,wayback,
Dracut,2016,http://www.dracutma.gov/sites/dracutma/files/uploads/town_election_2016_unofficial_results.pdf,result,catalog,wayback,
Dracut,2016,http://www.dracutma.gov:80/sites/dracutma/files/uploads/copy_of_dwsd_election_results_may_2_2016.pdf,result,catalog,wayback,
Dracut,2016,http://www.dracutma.gov:80/sites/dracutma/files/uploads/town_election_2016_official_results.pdf,result,catalog,wayback,
Dudley,2014,http://www.dudleyma.gov/March%2018_2014_election_results.pdf,result,catalog,wayback,
Dudley,2015,http://www.dudleyma.gov/DUDLEY_Annual_Report_2015_compressed.pdf,atr,nodes,wayback,
Dudley,2017,http://dudleyma.gov/wp-content/uploads/ANNUAL-TOWN-ELECTION-RESULTS-6-12-2017-1.pdf,result,catalog,wayback,
Dudley,2018,https://dudleyma.gov/wp-content/uploads/TOWNREPORT2018.pdf,atr,nodes,wayback,
Dudley,2020,http://dudleyma.gov/wp-content/uploads/DUDLEY-PresPrimary-Official-Tally-Sheet-2020.pdf,result,catalog,wayback,
Dunstable,2004,http://www.dunstable-ma.gov:80/govt/TownReports/2004-10-25-STM-Minutes.pdf,atr,nodes,wayback,
Dunstable,2004,http://www.dunstable-ma.gov:80/govt/TownReports/2004-10-25-STM.pdf,atr,nodes,wayback,
Dunstable,2004,http://www.dunstable-ma.gov:80/govt/TownReports/2004-Town-Report.pdf,atr,nodes,wayback,
Dunstable,2004,http://www.dunstable-ma.gov:80/govt/TownReports/2004-Treasurer's-Report-FY04.pdf,atr,nodes,wayback,
Dunstable,2005,http://www.dunstable-ma.gov:80/govt/TownReports/2005-05-09-ATM.pdf,atr,nodes,wayback,
Dunstable,2005,http://www.dunstable-ma.gov:80/govt/TownReports/2005-05-09-STM.pdf,atr,nodes,wayback,
Dunstable,2005,http://www.dunstable-ma.gov:80/govt/TownReports/2005-11-07-STM.pdf,atr,nodes,wayback,
Dunstable,2005,http://www.dunstable-ma.gov:80/govt/TownReports/2005-ATM-Affordable-Housing-Presentation.pdf,atr,nodes,wayback,
Dunstable,2005,http://www.dunstable-ma.gov:80/govt/TownReports/2005-ATM-FINCOMoverview.pdf,atr,nodes,wayback,
Dunstable,2005,http://www.dunstable-ma.gov:80/govt/TownReports/2005-Town-Clerk-Report.pdf,atr,nodes,wayback,
Dunstable,2005,http://www.dunstable-ma.gov:80/govt/TownReports/2005/2005-Water-Department-Report.pdf,atr,nodes,wayback,
Dunstable,2015,https://www.dunstable-ma.gov/sites/g/files/vyhlif4361/f/uploads/annual_town_report_2015.pdf,atr,nodes,wayback,
Dunstable,2017,https://www.dunstable-ma.gov/sites/g/files/vyhlif4361/f/uploads/2017_town_report_capital_plan.pdf,atr,nodes,wayback,
Dunstable,2017,https://www.dunstable-ma.gov/sites/g/files/vyhlif4361/f/uploads/2017_town_report_capital_plan_0.pdf,atr,nodes,wayback,
Dunstable,2018,https://www.dunstable-ma.gov/sites/g/files/vyhlif4361/f/uploads/2018_annual_town_report_complete_doc.pdf,atr,nodes,wayback,
Dunstable,2019,https://www.dunstable-ma.gov/sites/g/files/vyhlif4361/f/uploads/2019_annual_town_report.pdf,atr,nodes,wayback,
Dunstable,2019,https://www.dunstable-ma.gov/sites/g/files/vyhlif4361/f/uploads/ms4_annual_report_2019.pdf,atr,nodes,wayback,
Dunstable,2020,https://www.dunstable-ma.gov/sites/g/files/vyhlif4361/f/uploads/cc_annual_report_2020.pdf,atr,nodes,wayback,
Dunstable,2020,https://www.dunstable-ma.gov/sites/g/files/vyhlif4361/f/uploads/ms4_annual_report_2020.pdf,atr,nodes,wayback,
Duxbury,2004,http://www.town.duxbury.ma.us/Public_Documents/DuxburyMA_Clerk/Election_Results/2004/AT%20Election%203-27-04.pdf,result,catalog,wayback,
Duxbury,2004,http://www.town.duxbury.ma.us/Public_Documents/DuxburyMA_Clerk/Election_Results/2004/Pres%20Primary%203-2-04.pdf,result,catalog,wayback,
Duxbury,2004,https://www.town.duxbury.ma.us/sites/g/files/vyhlif3056/f/uploads/annual_town_report_2004.pdf,atr,nodes,wayback,
Duxbury,2005,https://www.town.duxbury.ma.us/sites/g/files/vyhlif3056/f/uploads/annual_town_report_2005.pdf,atr,nodes,wayback,
Duxbury,2006,http://www.town.duxbury.ma.us/Public_Documents/DuxburyMA_Clerk/Election_Results/2006/06%20ATE.pdf,result,catalog,wayback,
Duxbury,2006,https://www.town.duxbury.ma.us/sites/g/files/vyhlif3056/f/uploads/annual_town_report_2006.pdf,atr,nodes,wayback,
Duxbury,2007,https://www.town.duxbury.ma.us/sites/g/files/vyhlif3056/f/uploads/annual_town_report_2007.pdf,atr,nodes,wayback,
Duxbury,2007,https://www.town.duxbury.ma.us/sites/g/files/vyhlif3056/f/uploads/annual_town_report_2007_supplement.pdf,atr,nodes,wayback,
Duxbury,2008,https://www.town.duxbury.ma.us/sites/g/files/vyhlif3056/f/uploads/annual_town_report_2008.pdf,atr,nodes,wayback,
Duxbury,2010,https://www.town.duxbury.ma.us/sites/g/files/vyhlif3056/f/uploads/annual_town_report_2010.pdf,atr,nodes,wayback,
Duxbury,2011,https://www.town.duxbury.ma.us/sites/g/files/vyhlif3056/f/uploads/annual_town_report_2011.pdf,atr,nodes,wayback,
Duxbury,2012,https://www.town.duxbury.ma.us/sites/g/files/vyhlif10506/f/uploads/annual_town_report_2012_0.pdf,atr,nodes,wayback,
Duxbury,2012,https://www.town.duxbury.ma.us/sites/g/files/vyhlif3056/f/uploads/annual_town_report_2012_0.pdf,atr,nodes,wayback,
Duxbury,2012,https://www.town.duxbury.ma.us/sites/g/files/vyhlif3056/f/uploads/annual_town_report_2012_supplement.pdf,atr,nodes,wayback,
Duxbury,2013,https://www.town.duxbury.ma.us/sites/g/files/vyhlif3056/f/uploads/annual_town_report_2013.pdf,atr,nodes,wayback,
Duxbury,2014,https://www.town.duxbury.ma.us/sites/g/files/vyhlif3056/f/uploads/annual_town_report_2014.pdf,atr,nodes,wayback,
Duxbury,2015,https://www.town.duxbury.ma.us/sites/g/files/vyhlif3056/f/uploads/annual_town_report_2015.pdf,atr,nodes,wayback,
Duxbury,2016,https://www.town.duxbury.ma.us/sites/g/files/vyhlif3056/f/uploads/annual_town_report_2016.pdf,atr,nodes,wayback,
Duxbury,2018,https://www.town.duxbury.ma.us/sites/g/files/vyhlif3056/f/uploads/duxbury_town_report_2018_w-financials.pdf,atr,nodes,wayback,
East Bridgewater,2013,https://www.eastbridgewaterma.gov/sites/g/files/vyhlif516/f/uploads/2013_annual_town_report.pdf,atr,nodes,wayback,
East Bridgewater,2014,https://www.eastbridgewaterma.gov/sites/g/files/vyhlif516/f/uploads/2014_annual_town_report.pdf,atr,nodes,wayback,
East Longmeadow,2013,https://eastlongmeadowma.gov/DocumentCenter/View/3504,result,catalog,docsweep,01/05/2013 - Recount Election
East Longmeadow,2020,https://eastlongmeadowma.gov/DocumentCenter/View/10235/Annual-Town-Election-6-20-2020-Unofficial-Results,result,catalog,docsweep,6-2-2020 Annual Town Election
East Longmeadow,2020,https://www.eastlongmeadowma.gov/DocumentCenter/View/10220,result,catalog,dc_idsweep,Annual Town Election 6 20 2020 Unofficial Results?bidId=
Eastham,2012,http://www.eastham-ma.gov/Public_Documents/EasthamMA_Clerk/Election%20Results/2012%20Annual%20Town%20Election%20Results.pdf,result,catalog,wayback,
Eastham,2013,http://www.eastham-ma.gov/Public_Documents/EasthamMA_Clerk/Election%20Results/2013%20Annual%20Town%20Election%20Results.pdf,result,catalog,wayback,
Eastham,2014,http://www.eastham-ma.gov/Public_Documents/EasthamMA_Clerk/Election%20Results/2014%20Annual%20Town%20Election%20Results.pdf,result,catalog,wayback,
Eastham,2014,https://www.eastham-ma.gov/sites/g/files/vyhlif4371/f/pages/annual_town_report_2014.pdf,atr,nodes,wayback,
Eastham,2015,http://www.eastham-ma.gov/Public_Documents/EasthamMA_Clerk/Election%20Results/2015%20Annual%20Town%20Election%20Results.pdf,result,catalog,wayback,
Eastham,2015,https://www.eastham-ma.gov/sites/g/files/vyhlif4371/f/pages/annual_report_2015.pdf,atr,nodes,wayback,
Eastham,2016,http://www.eastham-ma.gov/Public_Documents/EasthamMA_Clerk/2016%20Annual%20Town%20Election%20Results.pdf,result,catalog,wayback,
Eastham,2016,http://www.eastham-ma.gov/Public_Documents/EasthamMA_Clerk/Election%20Results/2016%20Annual%20Town%20Election%20Results.pdf,result,catalog,wayback,
Eastham,2016,https://www.eastham-ma.gov/sites/g/files/vyhlif4371/f/pages/annual_report_from_cd-2016.pdf,atr,nodes,wayback,
Eastham,2017,https://www.eastham-ma.gov/sites/g/files/vyhlif4371/f/pages/2017_eastham_annual_report.pdf,atr,nodes,wayback,
Eastham,2018,https://www.eastham-ma.gov/sites/g/files/vyhlif4371/f/pages/eastham_annual_report_2018_0.pdf,atr,nodes,wayback,
Eastham,2018,https://www.eastham-ma.gov/sites/g/files/vyhlif4371/f/uploads/annualreport_2018_layeredsystems.pdf,atr,nodes,wayback,
Eastham,2019,https://www.eastham-ma.gov/sites/g/files/vyhlif4371/f/pages/2019_eastham_annual_report.pdf,atr,nodes,wayback,
Eastham,2020,https://www.eastham-ma.gov/sites/g/files/vyhlif4371/f/pages/2020_eastham_annual_report.pdf,atr,nodes,wayback,
Easthampton,2017,https://easthamptonma.gov/DocumentCenter/View/4682/2017-City-Election-Results-PDF,result,catalog,wayback,
Easthampton,2018,https://easthamptonma.gov/DocumentCenter/View/4681/2018-Special-City-Election-Results-PDF,result,catalog,wayback,
Easthampton,2019,https://easthamptonma.gov/DocumentCenter/View/4671/2019-City-Election-Results-PDF,result,catalog,wayback,
Easton,2016,https://eastontownma.documents-on-demand.com/Document/5a7c1524-d834-e711-80be-001fbc00ed85/2016%20Annual%20Report.pdf,atr,nodes,wayback,
Easton,2018,https://eastontownma.documents-on-demand.com/Document/71892971-4749-e811-80c0-001fbc00ed85/Annual%20Town%20Election%204.24.2018%20Results.pdf,result,catalog,wayback,
Easton,2019,https://eastontownma.documents-on-demand.com/Document/9198037f-b066-e911-a2cd-000c29a59557/Annual%20Town%20Election%204.23.2019%20Results.pdf,result,catalog,wayback,
Easton,2020,https://eastontownma.documents-on-demand.com/Document/032025e9-b85d-ea11-a2ea-000c29a59557/Unofficial%20election%20results%203.3.2020.pdf,result,catalog,wayback,
Erving,2013,https://www.erving-ma.gov/sites/g/files/vyhlif4401/f/uploads/2013_annual_town_report.pdf,atr,nodes,wayback,
Erving,2014,https://www.erving-ma.gov/sites/g/files/vyhlif4401/f/uploads/2014_annual_town_report.pdf,atr,nodes,wayback,
Erving,2015,https://www.erving-ma.gov/sites/g/files/vyhlif4401/f/uploads/2015_annual_report_-_final_2.pdf,atr,nodes,wayback,
Erving,2016,https://www.erving-ma.gov/sites/g/files/vyhlif4401/f/pages/2016_annual_report.pdf,atr,nodes,wayback,
Erving,2016,https://www.erving-ma.gov/sites/g/files/vyhlif4401/f/uploads/2016_annual_report_-_final.pdf,atr,nodes,wayback,
Erving,2017,https://www.erving-ma.gov/sites/g/files/vyhlif4401/f/pages/2017_annual_report.pdf.pdf,atr,nodes,wayback,
Erving,2017,https://www.erving-ma.gov/sites/g/files/vyhlif4401/f/uploads/2017_annual_report.pdf.pdf,atr,nodes,wayback,
Erving,2017,https://www.erving-ma.gov/sites/g/files/vyhlif4401/f/uploads/2017_annual_town_report_final.pdf,atr,nodes,wayback,
Erving,2018,https://www.erving-ma.gov/sites/g/files/vyhlif4401/f/pages/2018_annual_report__0.pdf,atr,nodes,wayback,
Erving,2019,https://www.erving-ma.gov/sites/g/files/vyhlif4401/f/pages/2019_annual_report.pdf,atr,nodes,wayback,
Erving,2020,https://www.erving-ma.gov/sites/g/files/vyhlif4401/f/pages/2020_annual_report.pdf,atr,nodes,wayback,
Erving,2020,https://www.erving-ma.gov/sites/g/files/vyhlif4401/f/uploads/2019_annual_town_report_final_7-3-2020.pdf,atr,nodes,wayback,
Erving,2020,https://www.erving-ma.gov/sites/g/files/vyhlif4401/f/uploads/2020_annual_town_report_final.pdf,atr,nodes,wayback,
Essex,2000,https://www.essexma.org/sites/g/files/vyhlif4406/f/uploads/2000_annual_report.pdf,atr,nodes,wayback,
Essex,2002,https://www.essexma.org/sites/g/files/vyhlif4406/f/uploads/2002_annual_report.pdf,atr,nodes,wayback,
Essex,2003,https://www.essexma.org/sites/g/files/vyhlif4406/f/uploads/2003_annual_report.pdf,atr,nodes,wayback,
Essex,2004,https://www.essexma.org/sites/g/files/vyhlif4406/f/uploads/2004_annual_report.pdf,atr,nodes,wayback,
Essex,2005,https://www.essexma.org/sites/g/files/vyhlif4406/f/uploads/2005_annual_report.pdf,atr,nodes,wayback,
Essex,2006,https://www.essexma.org/sites/g/files/vyhlif4406/f/uploads/2006_annual_report.pdf,atr,nodes,wayback,
Essex,2007,https://www.essexma.org/sites/g/files/vyhlif4406/f/uploads/2007_annual_report.pdf,atr,nodes,wayback,
Essex,2008,https://www.essexma.org/sites/g/files/vyhlif4406/f/uploads/2008_annual_report.pdf,atr,nodes,wayback,
Essex,2009,https://www.essexma.org/sites/g/files/vyhlif4406/f/uploads/2009_annual_report.pdf,atr,nodes,wayback,
Essex,2010,https://www.essexma.org/sites/g/files/vyhlif4406/f/uploads/2010_annual_report.pdf,atr,nodes,wayback,
Essex,2011,https://essexma.org/ImageRepository/Document?documentID=238,result,catalog,documentcenter,Departments / Town Clerk / Results & Ballots 2011
Essex,2012,https://essexma.org/ImageRepository/Document?documentID=237,result,catalog,documentcenter,Departments / Town Clerk / Results & Ballots 2012
Essex,2012,https://www.essexma.org/DocumentCenter/View/924,result,catalog,dc_idsweep,Results Town Election May 14 2012 PDF?bidId=
Essex,2012,https://www.essexma.org/sites/g/files/vyhlif4406/f/uploads/2012_annual_report.pdf,atr,nodes,wayback,
Essex,2013,https://essexma.org/ImageRepository/Document?documentID=236,result,catalog,documentcenter,Departments / Town Clerk / Results & Ballots 2013
Essex,2013,https://www.essexma.org/DocumentCenter/View/918,result,catalog,dc_idsweep,Results Town Election May 13 2013 PDF?bidId=
Essex,2013,https://www.essexma.org/sites/g/files/vyhlif4406/f/uploads/2013_annual_report.pdf,atr,nodes,wayback,
Essex,2014,https://essexma.org/ImageRepository/Document?documentID=233,result,catalog,documentcenter,Departments / Town Clerk / Results & Ballots 2014
Essex,2014,https://www.essexma.org/DocumentCenter/View/909,result,catalog,dc_idsweep,Results Annual Town Election May 5 2014 PDF?bidId=
Essex,2015,https://essexma.org/ImageRepository/Document?documentID=231,result,catalog,documentcenter,Departments / Town Clerk / Results & Ballots 2015
Essex,2015,https://www.essexma.org/DocumentCenter/View/905,result,catalog,dc_idsweep,Results Local Election May 15 2015 PDF?bidId=
Essex,2016,https://essexma.org/ImageRepository/Document?documentID=227,result,catalog,documentcenter,Departments / Town Clerk / Results & Ballots 2016
Essex,2016,https://www.essexma.org/DocumentCenter/View/899,result,catalog,dc_idsweep,Results Local Election May 9 2016 PDF?bidId=
Essex,2016,https://www.essexma.org/sites/g/files/vyhlif4406/f/uploads/2016_annual_report.pdf,atr,nodes,wayback,
Essex,2017,https://essexma.org/ImageRepository/Document?documentID=224,result,catalog,documentcenter,Departments / Town Clerk / Results & Ballots 2017
Essex,2017,https://www.essexma.org/DocumentCenter/View/884,result,catalog,dc_idsweep,Results Local Election May 8 2017 PDF?bidId=
Essex,2017,https://www.essexma.org/sites/g/files/vyhlif4406/f/uploads/2017_annual_report.pdf,atr,nodes,wayback,
Essex,2018,https://essexma.org/ImageRepository/Document?documentID=217,result,catalog,documentcenter,Departments / Town Clerk / Results & Ballots 2018 Election Results
Essex,2018,https://www.essexma.org/DocumentCenter/View/879,result,catalog,dc_idsweep,May 14 2018 Election Results PDF?bidId=
Essex,2018,https://www.essexma.org/DocumentCenter/View/880,result,catalog,dc_idsweep,September 4 2018 Election Results PDF?bidId=
Essex,2019,https://essexma.org/ImageRepository/Document?documentID=213,result,catalog,documentcenter,Departments / Town Clerk / Results & Ballots 2019 Election Results
Essex,2019,https://www.essexma.org/DocumentCenter/View/856,result,catalog,dc_idsweep,May 13 2019 Election Results PDF?bidId=
Essex,2019,https://www.essexma.org/sites/g/files/vyhlif4406/f/uploads/annual_report_2019_essex.pdf,atr,nodes,wayback,
Essex,2020,https://essexma.org/ImageRepository/Document?documentID=204,result,catalog,documentcenter,Departments / Town Clerk / Results & Ballots 2020 Election Results
Essex,2020,https://www.essexma.org/DocumentCenter/View/843,result,catalog,dc_idsweep,June 22 2020 Election Results PDF?bidId=
Essex,2020,https://www.essexma.org/DocumentCenter/View/844,result,catalog,dc_idsweep,September 1 2020 Election Results PDF?bidId=
Essex,2020,https://www.essexma.org/DocumentCenter/View/845,result,catalog,dc_idsweep,November 3 2020 Election Results PDF?bidId=
Everett,2019,https://cityofeverett.com/wp-content/uploads/2023/05/2019-Municipal-Election-Results.pdf,result,catalog,wayback,
Fairhaven,2011,http://www.fairhaven-ma.gov/Pages/FOV1-0002BA40/Town%20Reports/2011%20Annual%20Report_FINAL_web.pdf,atr,nodes,wayback,
Fairhaven,2011,http://www.fairhaven-ma.gov/pages/FairhavenMA_BOS/2011%20Annual%20Report.pdf,atr,nodes,wayback,
Fairhaven,2011,http://www.fairhaven-ma.gov/pages/FairhavenMA_BOS/Town%20Reports/2011%20Annual%20Report_FINAL_web.pdf,atr,nodes,wayback,
Fairhaven,2011,https://fairhaven-ma.gov/wp-content/uploads/2025/03/2011-Annual-Report.pdf,atr,nodes,wayback,
Fairhaven,2011,https://www.fairhaven-ma.gov/sites/g/files/vyhlif7541/f/uploads/2011_annual_report_final_web.pdf,atr,nodes,wayback,
Fairhaven,2012,https://fairhaven-ma.gov/wp-content/uploads/2025/03/2012-Annual-Report.pdf,atr,nodes,wayback,
Fairhaven,2013,http://www.fairhaven-ma.gov/Pages/FOV1-0002BA40/Town%20Reports/2013%20Annual%20Report%20for%20web.pdf,atr,nodes,wayback,
Fairhaven,2013,http://www.fairhaven-ma.gov/Pages/FairhavenMA_TownClerk/2013%20TMM%20Tally%20Sheet.pdf,result,catalog,wayback,
Fairhaven,2013,http://www.fairhaven-ma.gov/pages/FOV1-0002BA64/2013%20TMM%20Tally%20Sheet.pdf,result,catalog,wayback,
Fairhaven,2013,http://www.fairhaven-ma.gov/pages/FairhavenMA_BOS/Town%20Reports/2013%20Annual%20Report%20for%20web.pdf,atr,nodes,wayback,
Fairhaven,2013,https://fairhaven-ma.gov/wp-content/uploads/2025/03/2013-Annual-Report.pdf,atr,nodes,wayback,
Fairhaven,2013,https://www.fairhaven-ma.gov/sites/g/files/vyhlif7541/f/uploads/2013_annual_report_for_web.pdf,atr,nodes,wayback,
Fairhaven,2013,https://www.fairhaven-ma.gov/sites/g/files/vyhlif7541/f/uploads/2013_tmm_tally_sheet.pdf,result,catalog,wayback,
Fairhaven,2014,http://www.fairhaven-ma.gov/Pages/FOV1-0002BA40/Town%20Reports/2014%20Town%20Report%20for%20web.pdf,atr,nodes,wayback,
Fairhaven,2014,http://www.fairhaven-ma.gov/Pages/FairhavenMA_TownClerk/2014%20TMM%20Tally%20Sheet.pdf,result,catalog,wayback,
Fairhaven,2014,http://www.fairhaven-ma.gov/Pages/FairhavenMA_TownClerk/April%207%202014%20Townwide%20Election%20Tally%20Sheet.pdf,result,catalog,wayback,
Fairhaven,2014,http://www.fairhaven-ma.gov/pages/FOV1-0002BA64/2014%20TMM%20Tally%20Sheet.pdf,result,catalog,wayback,
Fairhaven,2014,http://www.fairhaven-ma.gov/pages/FOV1-0002BA64/April%207%202014%20Townwide%20Election%20Tally%20Sheet.pdf,result,catalog,wayback,
Fairhaven,2014,http://www.fairhaven-ma.gov/pages/FairhavenMA_BOS/Town%20Reports/2014%20Town%20Report%20for%20web.pdf,atr,nodes,wayback,
Fairhaven,2014,https://fairhaven-ma.gov/wp-content/uploads/2025/03/2014-Annual-Report.pdf,atr,nodes,wayback,
Fairhaven,2014,https://www.fairhaven-ma.gov/sites/g/files/vyhlif7541/f/uploads/2014_tmm_tally_sheet.pdf,result,catalog,wayback,
Fairhaven,2014,https://www.fairhaven-ma.gov/sites/g/files/vyhlif7541/f/uploads/2014_town_report_for_web.pdf,atr,nodes,wayback,
Fairhaven,2015,http://www.fairhaven-ma.gov/Pages/FOV1-0002BA40/Town%20Reports/2015%20Fairhaven%20Annual%20Report%20FINAL.pdf,atr,nodes,wayback,
Fairhaven,2015,http://www.fairhaven-ma.gov/Pages/FairhavenMA_TownClerk/April%206%202015%20Townwide%20Election%20Tally%20Sheet.pdf,result,catalog,wayback,
Fairhaven,2015,http://www.fairhaven-ma.gov/pages/FOV1-0002BA64/April%206%202015%20Townwide%20Election%20Tally%20Sheet.pdf,result,catalog,wayback,
Fairhaven,2015,http://www.fairhaven-ma.gov:80/pages/FairhavenMA_BOS/Town%20Reports/2015%20Fairhaven%20Annual%20Report%20FINAL.pdf,atr,nodes,wayback,
Fairhaven,2015,https://fairhaven-ma.gov/wp-content/uploads/2025/03/2015-Annual-Report.pdf,atr,nodes,wayback,
Fairhaven,2015,https://www.fairhaven-ma.gov/sites/g/files/vyhlif7541/f/uploads/2015_fairhaven_annual_report_final.pdf,atr,nodes,wayback,
Fairhaven,2016,http://www.fairhaven-ma.gov/Pages/FairhavenMA_TownClerk/April%204%202016%20TMM%20Tally%20Sheet.pdf,result,catalog,wayback,
Fairhaven,2016,http://www.fairhaven-ma.gov/Pages/FairhavenMA_TownClerk/April%204%202016%20Townwide%20Election%20Tally%20Sheet.pdf,result,catalog,wayback,
Fairhaven,2016,http://www.fairhaven-ma.gov/pages/FOV1-0002BA64/April%204%202016%20TMM%20Tally%20Sheet.pdf,result,catalog,wayback,
Fairhaven,2016,https://fairhaven-ma.gov/wp-content/uploads/2025/03/2016-Town-Report.pdf,atr,nodes,wayback,
Fairhaven,2016,https://www.fairhaven-ma.gov/sites/g/files/vyhlif7541/f/uploads/2016_town_report_for_web.pdf,atr,nodes,wayback,
Fairhaven,2016,https://www.fairhaven-ma.gov/sites/g/files/vyhlif7541/f/uploads/april_4_2016_tmm_tally_sheet.pdf,result,catalog,wayback,
Fairhaven,2017,https://fairhaven-ma.gov/wp-content/uploads/2025/03/2017-Annual-Report.pdf,atr,nodes,wayback,
Fairhaven,2017,https://www.fairhaven-ma.gov/sites/g/files/vyhlif7541/f/uploads/april_3_2017_tmm_tally_sheet.pdf,result,catalog,wayback,
Fairhaven,2018,https://fairhaven-ma.gov/wp-content/uploads/2025/03/2018-Annual-Report.pdf,atr,nodes,wayback,
Fairhaven,2019,https://fairhaven-ma.gov/wp-content/uploads/2025/03/2019-Annual-Report.pdf,atr,nodes,wayback,
Fairhaven,2020,https://fairhaven-ma.gov/wp-content/uploads/2024/09/2020-Fairhaven-Annual-Report.pdf,atr,nodes,wayback,
Fall River,2009,https://cms2.revize.com/revize/brookfield/Document%20Center/Department/Police/Annual%20Reports/2009Report.pdf,atr,nodes,wayback,
Fall River,2009,https://cms2.revize.com/revize/brookfield/Document%20Center/Department/Police/Annual%20Reports/2009Report.pdf?t=202306151155210&t=202306151155210,atr,nodes,wayback,
Fall River,2010,https://cms2.revize.com/revize/brookfield/Document%20Center/Department/Police/Annual%20Reports/2010Report.pdf,atr,nodes,wayback,
Fall River,2010,https://cms2.revize.com/revize/brookfield/Document%20Center/Department/Police/Annual%20Reports/2010Report.pdf?t=202306151155210&t=202306151155210,atr,nodes,wayback,
Fall River,2011,https://cms2.revize.com/revize/brookfield/Document%20Center/Department/Police/Annual%20Reports/2011Report.pdf,atr,nodes,wayback,
Fall River,2012,https://cms2.revize.com/revize/akronoh/Documents/Departments/Finance/Reports/Comprehensive%20Financial%20Annual%20Report/2012_coa_cafr.pdf,atr,nodes,wayback,
Fall River,2012,https://cms2.revize.com/revize/brookfield/Document%20Center/Department/Police/Annual%20Reports/2012Report.pdf,atr,nodes,wayback,
Fall River,2012,https://cms2.revize.com/revize/brookfield/Document%20Center/Department/Police/Annual%20Reports/2012Report.pdf?t=202306151155210&t=202306151155210,atr,nodes,wayback,
Fall River,2013,https://cms2.revize.com/revize/akronoh/Documents/Departments/Finance/Reports/Comprehensive%20Financial%20Annual%20Report/2013_coa_cafr.pdf,atr,nodes,wayback,
Fall River,2013,"https://cms2.revize.com/revize/algercounty/document_center/Departments/Clerk_RoD/Elections/2013/May%207,%202013%20Election%20Results.pdf.PDF",result,catalog,wayback,
Fall River,2015,https://cms2.revize.com/revize/berwick/document_center/City%20Clerk/2014-2015%20Town%20Report.pdf,atr,nodes,wayback,
Fall River,2015,https://cms2.revize.com/revize/berwickmaine/document_center/City%20Clerk/2014-2015%20Town%20Report.pdf,atr,nodes,wayback,
Fall River,2015,https://cms2.revize.com/revize/berwickmaine/document_center/City%20Clerk/2014-2015%20Town%20Report.pdf?t=202412261009180&t=202412261009180,atr,nodes,wayback,
Fall River,2016,https://cms2.revize.com/revize/akronoh/Documents/Departments/Finance/Reports/Comprehensive%20Financial%20Annual%20Report/2016_cafr.pdf,atr,nodes,wayback,
Fall River,2016,https://cms2.revize.com/revize/berwickmaine/document_center/City%20Clerk/2015-2016%20Town%20Report.pdf,atr,nodes,wayback,
Fall River,2016,https://cms2.revize.com/revize/berwickmaine/document_center/City%20Clerk/2015-2016%20Town%20Report.pdf?t=202412261009180&t=202412261009180,atr,nodes,wayback,
Fall River,2016,https://cms2.revize.com/revize/berwickmaine/document_center/City%20Clerk/elections/4.6-14-2016_Town_Municipal_Election_results.pdf,result,catalog,wayback,
Fall River,2016,https://cms2.revize.com/revize/berwickmaine/document_center/City%20Clerk/elections/4.6-14-2016_Town_Municipal_Election_results.pdf?t=202412261009190&t=202412261009190,result,catalog,wayback,
Fall River,2016,https://cms2.revize.com/revize/berwickmaine/document_center/City%20Clerk/elections/7.RESULTS_TOWN_REFERENDUM_ELECTION_November_8_2016.pdf,result,catalog,wayback,
Fall River,2016,https://cms2.revize.com/revize/berwickmaine/document_center/City%20Clerk/elections/7.RESULTS_TOWN_REFERENDUM_ELECTION_November_8_2016.pdf?t=202412261009190&t=202412261009190,result,catalog,wayback,
Fall River,2017,https://cms2.revize.com/revize/akronoh/Documents/Departments/Finance/Reports/Comprehensive%20Financial%20Annual%20Report/2017_cafr.pdf,atr,nodes,wayback,
Fall River,2017,https://cms2.revize.com/revize/akronoh/Documents/Departments/Finance/Reports/Comprehensive%20Financial%20Annual%20Report/2017_cafr.pdf?t=202310310937030&t=202310310937030,atr,nodes,wayback,
Fall River,2017,https://cms2.revize.com/revize/appletonwi/Documents/Police/Annual%20Reports/2017%20Year%20in%20Review.pdf,atr,nodes,wayback,
Fall River,2017,https://cms2.revize.com/revize/appletonwi/Documents/Police/Annual%20Reports/2017%20Year%20in%20Review.pdf?t=202411141517130&t=202411141517130,atr,nodes,wayback,
Fall River,2017,https://cms2.revize.com/revize/athenscch/2017_AnnualReport_AthensHD.pdf,atr,nodes,wayback,
Fall River,2017,https://cms2.revize.com/revize/bathchartertownshipmi/Documents/Government/Annual%20Reports%20Documents/2017/Building-Department-1.pdf,atr,nodes,wayback,
Fall River,2017,https://cms2.revize.com/revize/bathchartertownshipmi/Documents/Government/Annual%20Reports%20Documents/2017/Building-Department-1.pdf?t=202506171133120&t=202506171133120,atr,nodes,wayback,
Fall River,2017,https://cms2.revize.com/revize/bathchartertownshipmi/Documents/Government/Annual%20Reports%20Documents/2017/Farmers-Market-annual-report-2017.pdf,atr,nodes,wayback,
Fall River,2017,https://cms2.revize.com/revize/bathchartertownshipmi/Documents/Government/Annual%20Reports%20Documents/2017/Farmers-Market-annual-report-2017.pdf?t=202506171133120&t=202506171133120,atr,nodes,wayback,
Fall River,2017,https://cms2.revize.com/revize/bathchartertownshipmi/Documents/Government/Annual%20Reports%20Documents/2017/Office-ar-report-03062017.pdf,atr,nodes,wayback,
Fall River,2017,https://cms2.revize.com/revize/bathchartertownshipmi/Documents/Government/Annual%20Reports%20Documents/2017/Ordinance-Compliance-ar-report-02212017.pdf,atr,nodes,wayback,
Fall River,2017,https://cms2.revize.com/revize/bathchartertownshipmi/Documents/Government/Annual%20Reports%20Documents/2017/Ordinance-Compliance-ar-report-02212017.pdf?t=202506171133130&t=202506171133130,atr,nodes,wayback,
Fall River,2017,https://cms2.revize.com/revize/bathchartertownshipmi/Documents/Government/Annual%20Reports%20Documents/2017/PR-2017.pdf,atr,nodes,wayback,
Fall River,2017,https://cms2.revize.com/revize/bathchartertownshipmi/Documents/Government/Annual%20Reports%20Documents/2017/PR-2017.pdf?t=202506171133130&t=202506171133130,atr,nodes,wayback,
Fall River,2017,https://cms2.revize.com/revize/bathchartertownshipmi/Documents/Government/Annual%20Reports%20Documents/2017/Police-Department-ar-report-02062017.pdf,atr,nodes,wayback,
Fall River,2017,https://cms2.revize.com/revize/bathchartertownshipmi/Documents/Government/Annual%20Reports%20Documents/2017/assessing-2017-bath-annual-report.pdf,atr,nodes,wayback,
Fall River,2017,https://cms2.revize.com/revize/berwickmaine/document_center/City%20Clerk/elections/1.November_7_2017_Town_Referendum_Results.pdf,result,catalog,wayback,
Fall River,2017,https://cms2.revize.com/revize/berwickmaine/document_center/City%20Clerk/elections/1.November_7_2017_Town_Referendum_Results.pdf?t=202412261009180&t=202412261009180,result,catalog,wayback,
Fall River,2017,https://cms2.revize.com/revize/berwickmaine/document_center/City%20Clerk/elections/November_7_2017_Town_Referendum_Results.pdf,result,catalog,wayback,
Fall River,2017,https://cms2.revize.com/revize/berwickmaine/document_center/City%20Clerk/elections/November_7_2017_Town_Referendum_Results.pdf?t=202412261009320&t=202412261009320,result,catalog,wayback,
Fall River,2017,https://cms2.revize.com/revize/cibolo/Document%20Center/Government/Election%20Information/2017/2017%20Official%20Election%20Results%20Summary%20(canvassed%2011-20-17).pdf,result,catalog,wayback,
Fall River,2017,https://cms2.revize.com/revize/cibolo/Document%20Center/Government/Election%20Information/2017/2017%20Official%20Election%20Results%20Summary%20(canvassed%2011-20-17).pdf?t=202303210831590&t=202303210831590,result,catalog,wayback,
Fall River,2017,https://cms2.revize.com/revize/cibolo/Document%20Center/Government/Election%20Information/2017/2017%20Unofficial%20ev%20AND%20ed%20Results%20(Final)_201711072229296658.pdf,result,catalog,wayback,
Fall River,2017,https://cms2.revize.com/revize/cibolo/Document%20Center/Government/Election%20Information/2017/2017%20Unofficial%20ev%20AND%20ed%20Results%20(Final)_201711072229296658.pdf?t=202303210831590&t=202303210831590,result,catalog,wayback,
Fall River,2017,https://cms2.revize.com/revize/cibolo/Document%20Center/Government/Election%20Information/2017/Balllot%20Drawing%20Results.pdf,result,catalog,wayback,
Fall River,2017,https://cms2.revize.com/revize/cibolo/Document%20Center/Government/Election%20Information/2017/Balllot%20Drawing%20Results.pdf?t=202303210832000&t=202303210832000,result,catalog,wayback,
Fall River,2017,https://cms2.revize.com/revize/cibolo/Document%20Center/Services/Police/Crime%20Reports/2017%20Racial%20Profiling%20Annual%20Report.pdf,atr,nodes,wayback,
Fall River,2017,https://cms2.revize.com/revize/cibolo/Document%20Center/Services/Police/Crime%20Reports/2017%20Racial%20Profiling%20Annual%20Report.pdf?t=202303210831550&t=202303210831550,atr,nodes,wayback,
Fall River,2018,https://cms2.revize.com/revize/akronoh/Documents/Departments/Finance/Reports/Comprehensive%20Financial%20Annual%20Report/2018_cafr.pdf,atr,nodes,wayback,
Fall River,2018,https://cms2.revize.com/revize/appletonwi/Documents/Police/Annual%20Reports/2018%20Year%20in%20Review.pdf,atr,nodes,wayback,
Fall River,2018,https://cms2.revize.com/revize/bathchartertownshipmi/Documents/Government/Annual%20Reports%20Documents/2018/18-Farmers-Market-Annual-Report-2018.pdf,atr,nodes,wayback,
Fall River,2018,https://cms2.revize.com/revize/bathchartertownshipmi/Documents/Government/Annual%20Reports%20Documents/2018/3-Office-Annual-Report-DRAFT-20180305-v2.pdf,atr,nodes,wayback,
Fall River,2018,https://cms2.revize.com/revize/bathchartertownshipmi/Documents/Government/Annual%20Reports%20Documents/2018/3-Office-Annual-Report-DRAFT-20180305-v2.pdf?t=202506171133120&t=202506171133120,atr,nodes,wayback,
Fall River,2018,"https://cms2.revize.com/revize/brodheadnew/departments/city_clerk_treasurer/election_information/docs/Unofficial%20Election%20Results%20April%203,%202018.pdf",result,catalog,wayback,
Fall River,2018,"https://cms2.revize.com/revize/brodheadnew/departments/city_clerk_treasurer/election_information/docs/Unofficial%20Election%20Results%20August%2014,%202018.pdf",result,catalog,wayback,
Fall River,2018,https://cms2.revize.com/revize/cibolo/Document%20Center/Services/Police/Crime%20Reports/2018%20Racial%20Profiling%20Annual%20report.pdf,atr,nodes,wayback,
Fall River,2018,https://cms2.revize.com/revize/cibolo/Document%20Center/Services/Police/Crime%20Reports/2018%20Racial%20Profiling%20Annual%20report.pdf?t=202303210831550&t=202303210831550,atr,nodes,wayback,
Fall River,2019,https://cms2.revize.com/revize/akronoh/Documents/Departments/Finance/Reports/Comprehensive%20Financial%20Annual%20Report/2019_cafr.pdf,atr,nodes,wayback,
Fall River,2019,https://cms2.revize.com/revize/appletonwi/Documents/Police/Annual%20Reports/2019%20Year%20in%20Review.pdf,atr,nodes,wayback,
Fall River,2019,https://cms2.revize.com/revize/appletonwi/Documents/Police/Annual%20Reports/2019%20Year%20in%20Review.pdf?t=202411141517130&t=202411141517130,atr,nodes,wayback,
Fall River,2019,https://cms2.revize.com/revize/bathchartertownshipmi/Documents/Government/Annual%20Reports%20Documents/2019/2018-Bath-Charter-Twp-Annual-Bldg-Report.pdf,atr,nodes,wayback,
Fall River,2019,https://cms2.revize.com/revize/bathchartertownshipmi/Documents/Government/Annual%20Reports%20Documents/2019/2018-Bath-Charter-Twp-Annual-Bldg-Report.pdf?t=202506171133120&t=202506171133120,atr,nodes,wayback,
Fall River,2019,https://cms2.revize.com/revize/bathchartertownshipmi/Documents/Government/Annual%20Reports%20Documents/2019/2019-BoT-Report_Planning-Division.pdf,atr,nodes,wayback,
Fall River,2019,https://cms2.revize.com/revize/bathchartertownshipmi/Documents/Government/Annual%20Reports%20Documents/2019/IT-2019-Annual-Report.pdf,atr,nodes,wayback,
Fall River,2019,https://cms2.revize.com/revize/bathchartertownshipmi/Documents/Government/Annual%20Reports%20Documents/2019/OCO-Annual-Report-2018.pdf,atr,nodes,wayback,
Fall River,2019,https://cms2.revize.com/revize/bathchartertownshipmi/Documents/Government/Annual%20Reports%20Documents/2019/Office-Annual-Report-FINAL-20190506.pdf,atr,nodes,wayback,
Fall River,2019,https://cms2.revize.com/revize/bathchartertownshipmi/Documents/Government/Annual%20Reports%20Documents/2019/PLAB_Annual_Report_2019-Final.pdf,atr,nodes,wayback,
Fall River,2019,https://cms2.revize.com/revize/chaffeecounty/Documents/Government/County%20Commissioners/2019%20Common%20Ground%20Annual%20Report.pdf,atr,nodes,wayback,
Fall River,2019,https://cms2.revize.com/revize/chaffeecounty/Documents/Government/County%20Commissioners/2019%20Common%20Ground%20Annual%20Report.pdf?t=202505061556550&t=202505061556550,atr,nodes,wayback,
Fall River,2019,https://cms2.revize.com/revize/cibolo/Document%20Center/Government/Election%20Information/2019/11-5-2019%20Official%20Results.pdf,result,catalog,wayback,
Fall River,2019,https://cms2.revize.com/revize/cibolo/Document%20Center/Government/Election%20Information/2019/11-5-2019%20Official%20Results.pdf?t=202303210831260&t=202303210831260,result,catalog,wayback,
Fall River,2019,https://cms2.revize.com/revize/cibolo/Document%20Center/Government/Election%20Information/2019/Ballot%20Order%20Results.pdf,result,catalog,wayback,
Fall River,2019,https://cms2.revize.com/revize/cibolo/Document%20Center/Government/Election%20Information/2019/Ballot%20Order%20Results.pdf?t=202303210831590&t=202303210831590,result,catalog,wayback,
Fall River,2019,https://cms2.revize.com/revize/cibolo/Document%20Center/Government/Election%20Information/2019/EV%20Unofficial%20Results.pdf,result,catalog,wayback,
Fall River,2019,https://cms2.revize.com/revize/cibolo/Document%20Center/Government/Election%20Information/2019/EV%20Unofficial%20Results.pdf?t=202303210831590&t=202303210831590,result,catalog,wayback,
Fall River,2019,https://cms2.revize.com/revize/cibolo/Document%20Center/Government/Election%20Information/2019/Unofficial%20results%20EV%20and%20ED%2034%20of%2034.pdf,result,catalog,wayback,
Fall River,2019,https://cms2.revize.com/revize/cibolo/Document%20Center/Government/Election%20Information/2019/Unofficial%20results%20EV%20and%20ED%2034%20of%2034.pdf?t=202303210831350&t=202303210831350,result,catalog,wayback,
Fall River,2019,https://cms2.revize.com/revize/cibolo/Police/Racial%20Profiling%20Reports/2019%20Annual%20report.pdf,atr,nodes,wayback,
Fall River,2019,https://cms2.revize.com/revize/cibolo/Police/Racial%20Profiling%20Reports/2019%20Annual%20report.pdf?t=202304171735190&t=202304171735190,atr,nodes,wayback,
Fall River,2020,https://cms2.revize.com/revize/altoona/Business/economic%20development/demographics/2020%20Annual%20Report.pdf,atr,nodes,wayback,
Fall River,2020,https://cms2.revize.com/revize/arlington/Residents/Senior%20Center/2020%20Senior%20Center%20Annual%20Report.pdf,atr,nodes,wayback,
Fall River,2020,https://cms2.revize.com/revize/bathchartertownshipmi/Documents/Government/Annual%20Reports%20Documents/2020/PLAB_Annual_Report_2020-Appendices.pdf,atr,nodes,wayback,
Fall River,2020,https://cms2.revize.com/revize/bathchartertownshipmi/Documents/Government/Annual%20Reports%20Documents/2020/PLAB_Annual_Report_2020-Appendices.pdf?t=202506171133130&t=202506171133130,atr,nodes,wayback,
Fall River,2020,https://cms2.revize.com/revize/berwickmaine/Z%20Catch/130549%20BERWICK%20Town%20Report%202019-2020.pdf,atr,nodes,wayback,
Fall River,2020,https://cms2.revize.com/revize/berwickmaine/Z%20Catch/130549%20BERWICK%20Town%20Report%202019-2020.pdf?t=202512011703560&t=202512011703560,atr,nodes,wayback,
Fall River,2020,https://cms2.revize.com/revize/cibolo/Document%20Center/Economic%20Development/About/News/2020%20Annual%20Report%20-%20Economic%20Development%20-%20With%20Revisions.pdf,atr,nodes,wayback,
Fall River,2020,https://cms2.revize.com/revize/cibolo/Document%20Center/Economic%20Development/About/News/2020%20Annual%20Report%20-%20Economic%20Development%20-%20With%20Revisions.pdf?t=202303210831260&t=202303210831260,atr,nodes,wayback,
Fall River,2020,https://cms2.revize.com/revize/cibolo/Document%20Center/Economic%20Development/About/News/2020/2019%20CEDC%20Annual%20Report.pdf,atr,nodes,wayback,
Fall River,2020,https://cms2.revize.com/revize/cibolo/Document%20Center/Economic%20Development/About/News/2020/2019%20CEDC%20Annual%20Report.pdf?t=202303210831260&t=202303210831260,atr,nodes,wayback,
Falmouth,2007,https://www.falmouthma.gov/DocumentCenter/View/1297/2007-Annual-Town-Election-Results-May-15-2007-PDF,result,catalog,wayback,
Falmouth,2008,https://www.falmouthma.gov/DocumentCenter/View/1338/2008-Annual-Town-Election-Results-May-20-2008-PDF,result,catalog,docsweep,"2008 Annual Town Election Results May 20, 2008 (PDF)"
Falmouth,2010,https://www.falmouthma.gov/DocumentCenter/View/1304/2010-Annual-Town-Election-Results-May-18-2010-PDF,result,catalog,docsweep,"2010 Annual Town Election Results May 18, 2010 (PDF)"
Falmouth,2011,https://www.falmouthma.gov/DocumentCenter/View/1301/2011-Annual-Town-Election-Results-May-17-2011-PDF,result,catalog,docsweep,"2011 Annual Town Election Results May 17, 2011 (PDF)"
Falmouth,2012,https://www.falmouthma.gov/DocumentCenter/View/1298/2012-Annual-Town-Election-Results-May-15-2012-PDF,result,catalog,docsweep,"2012 Annual Town Election Results May 15, 2012 (PDF)"
Falmouth,2013,https://www.falmouthma.gov/DocumentCenter/View/1341/2013-Annual-Town-Election-Official-Results-May-21-2013-PDF,result,catalog,wayback,
Falmouth,2014,https://www.falmouthma.gov/DocumentCenter/View/1339/2014-Annual-Town-Election-Official-Results--May-20-2014-PDF,result,catalog,wayback,
Falmouth,2015,https://www.falmouthma.gov/DocumentCenter/View/4179/2015-Annual-Town-Election-Results-May-19-2015,result,catalog,docsweep,"2015 Annual Town Election Results May 19, 2015"
Falmouth,2016,https://www.falmouthma.gov/DocumentCenter/View/1302/2016-Annual-Town-Election-Results--May-17-2016-PDF,result,catalog,wayback,
Falmouth,2017,https://www.falmouthma.gov/DocumentCenter/View/3528/2017-Annual-Town-Election-Results-May-16th,result,catalog,wayback,
Falmouth,2018,https://www.falmouthma.gov/DocumentCenter/View/4861/2018-Annual-Town-Election--Results-May-15th,result,catalog,docsweep,2018 Annual Town Election  Results May 15th
Falmouth,2019,https://www.falmouthma.gov/DocumentCenter/View/6158/2019-Official-Annual-Town-Election-Results-May-21,result,catalog,docsweep,2019 Official Annual Town Election Results May 21
Falmouth,2020,https://www.falmouthma.gov/DocumentCenter/View/7760/2020-May-19th-Annual-Town-Election-Unofficial-results,result,catalog,docsweep,2020 May 19th Annual Town Election Unofficial results
Fitchburg,2011,"http://www.fitchburgma.gov/news/November%208,%202011%20Election%20Results.pdf",result,catalog,wayback,
Fitchburg,2013,http://www.fitchburgma.gov/government/city_clerk/elections-voting/ElectionResults/2013-November-5-FinalResults.pdf,result,catalog,wayback,
Fitchburg,2014,http://www.fitchburgma.gov/government/city_clerk/elections-voting/2014-11-04-Results-Official.pdf,result,catalog,wayback,
Fitchburg,2014,http://www.fitchburgma.gov/government/city_clerk/elections-voting/ElectionResults/2014-09-09-primary-official-09122014145055.pdf,result,catalog,wayback,
Foxborough,2009,http://www.foxboroughma.gov:80/pages/foxboroughma_police/departmentinfo/2009AnnualReport.pdf,atr,nodes,wayback,
Foxborough,2012,http://www.foxboroughma.gov/Pages/FoxboroughMA_Clerk/elections/S019C7E6C.0/11-6-2012%20unofficial%20elec%20results.pdf,result,catalog,wayback,
Foxborough,2014,http://www.foxboroughma.gov/Pages/FoxboroughMA_Clerk/elections/S01D58E43.0/5-5-2014%20ATE%20Election%20Results.pdf,result,catalog,wayback,
Framingham,2015,https://framinghamma.gov/DocumentCenter/View/50042/Official-results-040715,result,catalog,docsweep,"April 7, 2015 Town Election"
Framingham,2019,https://www.framinghamma.gov/DocumentCenter/View/35342,result,catalog,dc_idsweep,Order 2019 072  Refer Layout of Fenwick Cir Tomkins Ln Lyman Way Extension Glenbrook Rd Kara Ann Dr and Tally 
Framingham,2019,https://www.framinghamma.gov/DocumentCenter/View/50926,result,catalog,dc_idsweep,electionresults2019graphic?bidId=
Franklin,2015,https://franklinma.gov/ImageRepository/Document?documentID=166,annual_report,catalog,documentcenter,Town Departments / Town Clerk / Elections Division / Town of Franklin Annual Reports 2015
Franklin,2016,http://www.franklinma.gov/sites/franklinma/files/uploads/2016_annual_report_with_financials.pdf,atr,nodes,wayback,
Franklin,2016,http://www.franklinma.gov/sites/franklinma/files/uploads/cgc_annual_report_2016.pdf,atr,nodes,wayback,
Franklin,2016,http://www.franklinma.gov/sites/franklinma/files/uploads/franklin_2016_town_report_rev_2_web_copy_optimized.pdf,atr,nodes,wayback,
Franklin,2016,https://www.franklinma.gov/sites/g/files/vyhlif6896/f/uploads/cgc_annual_report_2016.pdf,atr,nodes,wayback,
Franklin,2016,https://www.franklinma.gov/sites/g/files/vyhlif6896/f/uploads/franklin_2016_town_report_rev_2_web_copy_optimized.pdf,atr,nodes,wayback,
Franklin,2017,https://www.franklinma.gov/DocumentCenter/View/1076/2017-Biennial-Town-Election-Results-PDF,result,catalog,wayback,
Franklin,2017,https://www.franklinma.gov/DocumentCenter/View/2765/2017-Annual-Election-Results-PDF,result,catalog,wayback,
Franklin,2017,https://www.franklinma.gov/sites/g/files/vyhlif591/f/uploads/2017_annual_election_results.pdf,result,catalog,wayback,
Franklin,2017,https://www.franklinma.gov/sites/g/files/vyhlif6896/f/uploads/2017_annual_election_results.pdf,result,catalog,wayback,
Franklin,2017,https://www.franklinma.gov/sites/g/files/vyhlif6896/f/uploads/town_report_franklin_2017_tr-rev_2_web_copy_1_1.pdf,atr,nodes,wayback,
Franklin,2018,https://www.franklinma.gov/sites/g/files/vyhlif10036/f/uploads/franklin_2018_town_report.pdf,atr,nodes,wayback,
Franklin,2018,https://www.franklinma.gov/sites/g/files/vyhlif6896/f/uploads/franklin_2018_town_report.pdf,atr,nodes,wayback,
Franklin,2019,https://www.franklinma.gov/DocumentCenter/View/1079/2019-Town-Election-Results-PDF,result,catalog,wayback,
Franklin,2020,https://www.franklinma.gov/sites/g/files/vyhlif10036/f/uploads/town_report_2020.pdf,atr,nodes,wayback,
Franklin,2020,https://www.franklinma.gov/sites/g/files/vyhlif591/f/uploads/franklin-medway_2020_annual_report.pdf,atr,nodes,wayback,
Franklin,2020,https://www.franklinma.gov/sites/g/files/vyhlif6896/f/uploads/dpu_21-ma_franklin_2020_annual_report_1.pdf,atr,nodes,wayback,
Franklin,2020,https://www.franklinma.gov/sites/g/files/vyhlif6896/f/uploads/town_report_2020.pdf,atr,nodes,wayback,
Freetown,2008,http://freetownma.gov/elections/2008town/results.pdf,result,catalog,wayback,
Freetown,2011,http://www.freetownma.gov/sites/freetownma/files/fy2011_annual_report_of_the_town_accountant.pdf,atr,nodes,wayback,
Freetown,2012,http://www.freetownma.gov/sites/freetownma/files/fy2012_annual_report_of_the_town_accountant.pdf,atr,nodes,wayback,
Freetown,2013,http://www.freetownma.gov/sites/freetownma/files/fy2013_annual_report_of_the_town_accountant.pdf,atr,nodes,wayback,
Freetown,2014,http://www.freetownma.gov/sites/freetownma/files/fy2014_annual_town_report.pdf,atr,nodes,wayback,
Freetown,2018,https://www.freetownma.gov/sites/freetownma/files/pages/freetown_2017-2018_annual_town_report_for_online.pdf,atr,nodes,wayback,
Freetown,2018,https://www.freetownma.gov/sites/g/files/vyhlif4441/f/pages/freetown_2017-2018_annual_town_report_for_online.pdf,atr,nodes,wayback,
Freetown,2020,https://www.freetownma.gov/sites/g/files/vyhlif4441/f/pages/2020-2021_annual_town_report_-_final.pdf,atr,nodes,wayback,
Gardner,2009,https://gardner-ma.gov/DocumentCenter/View/2580/November-3-2009-City-Election-Results,result,catalog,docsweep,"November 3, 2009 City Election Results"
Gardner,2009,https://gardner-ma.gov/DocumentCenter/View/316,result,catalog,dc_idsweep,November 3 2009 Official City Election Results PDF?bidId=
Gardner,2011,http://gardner-ma.gov/DocumentCenter/View/2574/2011-Gardner-City-Election---Official-Results,result,catalog,wayback,
Gardner,2015,http://gardner-ma.gov/DocumentCenter/View/323/November-3-2015-City-Election-Official-Results-PDF,result,catalog,wayback,
Gardner,2017,http://gardner-ma.gov/DocumentCenter/View/2698/November-7-2017-City-Election-Official-Results?bidId=,result,catalog,wayback,
Gardner,2017,https://gardner-ma.gov/DocumentCenter/View/2698,result,catalog,docsweep,"ovember 7, 2017 City Election Official Results"
Gardner,2017,https://www.gardner-ma.gov/DocumentCenter/View/2698/November-7-2017-City-Election-Official-Results,result,catalog,wayback,
Gardner,2018,http://gardner-ma.gov/DocumentCenter/View/4164/November-6-2018-Election-Official-Results,result,catalog,wayback,
Gardner,2019,http://gardner-ma.gov/DocumentCenter/View/5674/October-8-2019-City-Preliminary-Election-Official-Results?bidId=,result,catalog,wayback,
Gardner,2019,http://www.gardner-ma.gov/DocumentCenter/View/5674/October-8-2019-City-Preliminary-Election-Official-Results,result,catalog,wayback,
Gardner,2019,http://www.gardner-ma.gov/DocumentCenter/View/5862/November-5-2019-City-Election-Official-Results,result,catalog,wayback,
Gardner,2019,https://gardner-ma.gov/DocumentCenter/View/5861,result,catalog,dc_idsweep,November 5 2019 City Election Official Results?bidId=
Gardner,2020,http://www.gardner-ma.gov/DocumentCenter/View/6716/June-2-2020-Special-Preliminary-Election-Official-Results,result,catalog,wayback,
Gardner,2020,https://gardner-ma.gov/DocumentCenter/View/6322,result,catalog,dc_idsweep,2020 459 RFP Electronic Scanners for Vote Tabulation?bidId=
Gardner,2020,https://gardner-ma.gov/DocumentCenter/View/6410,result,catalog,dc_idsweep,2020 459 RFP Electronic Scanners for Vote Tabulation_ Addendum No 1?bidId=
Gardner,2020,https://gardner-ma.gov/DocumentCenter/View/6444/2020-459-Electronic-Scanners-for-Vote-Tabulation-Proposals-Response,result,catalog,docsweep,Electronic Scanner for Vote Tabulation
Gardner,2020,https://gardner-ma.gov/DocumentCenter/View/7414/November-3-2020-Election-Certified-Results,result,catalog,wayback,
Georgetown,2006,http://www.georgetownma.gov/public_documents/georgetownma_bcomm/townreports/gtown%20annual%20reportsmll2002-2006.pdf,atr,nodes,wayback,
Georgetown,2006,http://www.georgetownma.gov:80/Public_Documents/GeorgetownMA_BBoard/Election%20results%2011-7-2006.pdf?FCItemID=S00B67E16,result,catalog,wayback,
Georgetown,2006,https://www.georgetownma.gov/sites/g/files/vyhlif616/f/uploads/gtown_annual_reportsmll2002-2006.pdf,atr,nodes,wayback,
Georgetown,2007,http://www.georgetownma.gov/Public_documents/georgetownma_RecComDocs/FY2007%20Town%20Report.pdf,atr,nodes,wayback,
Georgetown,2007,http://www.georgetownma.gov/public_documents/georgetownma_bcomm/townreports/Town%20Report%20FY2007.pdf,atr,nodes,wayback,
Georgetown,2007,https://www.georgetownma.gov/sites/g/files/vyhlif616/f/uploads/town_report_fy2007.pdf,atr,nodes,wayback,
Georgetown,2008,http://georgetownma.gov/public_documents/georgetownma_bcomm/townreports/Town%20Report%20FY2008.pdf,atr,nodes,wayback,
Georgetown,2008,https://www.georgetownma.gov/sites/g/files/vyhlif616/f/uploads/town_report_fy2008.pdf,atr,nodes,wayback,
Georgetown,2009,http://www.georgetownma.gov/public_documents/georgetownma_bcomm/townreports/Town%20Report%20FY2009.pdf,atr,nodes,wayback,
Georgetown,2009,https://www.georgetownma.gov/sites/g/files/vyhlif616/f/uploads/town_report_fy2009.pdf,atr,nodes,wayback,
Georgetown,2010,http://georgetownma.gov/public_documents/georgetownma_bcomm/townreports/Town%20Report%20FY2010.pdf,atr,nodes,wayback,
Georgetown,2010,https://www.georgetownma.gov/sites/g/files/vyhlif616/f/uploads/town_report_fy2010.pdf,atr,nodes,wayback,
Georgetown,2011,http://georgetownma.gov/public_documents/georgetownma_bcomm/townreports/Town%20Report%20FY2011.pdf,atr,nodes,wayback,
Georgetown,2011,https://www.georgetownma.gov/sites/g/files/vyhlif616/f/uploads/town_report_fy2011.pdf,atr,nodes,wayback,
Georgetown,2012,http://www.georgetownma.gov/public_documents/georgetownma_bcomm/townreports/Town%20Report%20FY2012.pdf,atr,nodes,wayback,
Georgetown,2012,https://www.georgetownma.gov/sites/g/files/vyhlif616/f/uploads/town_report_fy2012.pdf,atr,nodes,wayback,
Georgetown,2013,http://georgetownma.gov/public_documents/georgetownma_bcomm/townreports/Town%20Report%20FY2013.pdf,atr,nodes,wayback,
Georgetown,2013,https://www.georgetownma.gov/sites/g/files/vyhlif616/f/uploads/town_report_fy2013.pdf,atr,nodes,wayback,
Georgetown,2014,http://georgetownma.gov/public_documents/georgetownma_bcomm/townreports/Town%20Report%20FY2014.pdf,atr,nodes,wayback,
Georgetown,2014,http://www.georgetownma.gov/Public_Documents/GeorgetownMA_Clerk/Election%20Results/Election%20results%20May%2012%202014.pdf,result,catalog,wayback,
Georgetown,2014,https://www.georgetownma.gov/sites/g/files/vyhlif616/f/uploads/town_report_fy2014.pdf,atr,nodes,wayback,
Georgetown,2017,https://www.georgetownma.gov/sites/g/files/vyhlif616/f/uploads/annual_town_report_fy_ending_6.30.2017.pdf,atr,nodes,wayback,
Georgetown,2018,https://www.georgetownma.gov/sites/g/files/vyhlif616/f/uploads/annual_town_report_2018.pdf,atr,nodes,wayback,
Georgetown,2018,https://www.georgetownma.gov/sites/georgetownma/files/uploads/glannualreport2018.pdf,atr,nodes,wayback,
Georgetown,2018,https://www.georgetownma.gov/sites/georgetownma/files/uploads/november_6_2018-final_election_results.pdf,result,catalog,wayback,
Georgetown,2019,https://www.georgetownma.gov/sites/g/files/vyhlif616/f/uploads/2019_annual_report_0.pdf,atr,nodes,wayback,
Georgetown,2019,https://www.georgetownma.gov/sites/g/files/vyhlif616/f/uploads/annual_town_report_fy_2019_0.pdf,atr,nodes,wayback,
Georgetown,2020,https://georgetownma.gov/government/boards___commissions/recreational_path_committee/Document Center/Government/Boards & Commissions/Recreational Path Committee/fy_2020_recpath.pdf?t=202306300850370,atr,nodes,crawl,FY 2020 Annual Report
Georgetown,2020,https://www.georgetownma.gov/sites/g/files/vyhlif616/f/uploads/annual_town_report_2020.pdf,atr,nodes,wayback,
Gill,2005,https://gillmass.org/files/2005_Annual_Town_Report.pdf,atr,nodes,wayback,
Gill,2006,https://gillmass.org/files/2006_Annual_Town_Report.pdf,atr,nodes,wayback,
Gill,2007,http://gillmass.org/pdfs/Annual%20Reports/2007%20Annual%20Town%20Report.pdf,atr,nodes,wayback,
Gill,2007,https://gillmass.org/files/2007_Annual_Town_Report.pdf,atr,nodes,wayback,
Gill,2008,http://gillmass.org/pdfs/Annual%20Reports/AnnualReport2008.pdf,atr,nodes,wayback,
Gill,2009,http://gillmass.org/pdfs/Annual%20Reports/AnnualReport2009.pdf,atr,nodes,wayback,
Gill,2009,https://gillmass.org/files/2009_Annual_Town_Report.pdf,atr,nodes,wayback,
Gloucester,2003,http://gloucester-ma.gov/DocumentCenter/View/7278/Election-Municipal-results-2003?bidId=,result,catalog,wayback,
Gloucester,2003,http://www.gloucester-ma.gov:80/localpages/mayor/annual-report-2003.pdf?&MMN_position=308:308,atr,nodes,wayback,
Gloucester,2003,http://www.gloucester-ma.gov:80/localpages/mayor/annual-report-2003.pdf?&amp,atr,nodes,wayback,
Gloucester,2003,http://www.gloucester-ma.gov:80/localpages/mayor/annual-report-2003.pdf?&amp;MMN_position=308:308,atr,nodes,wayback,
Gloucester,2003,https://gloucester-ma.gov/DocumentCenter/View/7278,result,catalog,docsweep,Municipal Election results 2003
Gloucester,2005,http://gloucester-ma.gov/DocumentCenter/View/7279/Election-Municipal-results-2005?bidId=,result,catalog,wayback,
Gloucester,2005,https://gloucester-ma.gov/DocumentCenter/View/7279,result,catalog,docsweep,Municipal Election results 2005
Gloucester,2005,https://gloucester-ma.gov/DocumentCenter/View/7279/Election-Municipal-results-2005,result,catalog,wayback,
Gloucester,2007,http://gloucester-ma.gov/DocumentCenter/View/7280/election-results-Nov-6-2007?bidId=,result,catalog,wayback,
Gloucester,2007,https://gloucester-ma.gov/DocumentCenter/View/7280,result,catalog,docsweep,Municipal Election results 2007
Gloucester,2007,https://gloucester-ma.gov/DocumentCenter/View/7671/Election-results-October-2-2007-Preliminary,result,catalog,wayback,
Gloucester,2009,http://www.gloucester-ma.gov/DocumentCenter/View/4413/election-results-Nov-3-2009?bidId=,result,catalog,wayback,
Gloucester,2009,https://gloucester-ma.gov/DocumentCenter/View/4413,result,catalog,docsweep,Municipal Election 11/3/2009 Official results (PDF)
Gloucester,2009,https://gloucester-ma.gov/DocumentCenter/View/4413/election-results-Nov-3-2009,result,catalog,wayback,
Gloucester,2011,http://www.gloucester-ma.gov/DocumentCenter/View/4655/Official-Election-Results-Nov-8-2011?bidId=,result,catalog,wayback,
Gloucester,2011,https://www.gloucester-ma.gov/DocumentCenter/View/4655/Official-Election-Results-Nov-8-2011,result,catalog,wayback,
Gloucester,2013,http://www.gloucester-ma.gov/DocumentCenter/View/4080/Official-Results-11-5-2013-municipal-election?bidId=,result,catalog,wayback,
Gloucester,2013,https://gloucester-ma.gov/DocumentCenter/View/4080/Official-Results-11-5-2013-municipal-election,result,catalog,wayback,
Gloucester,2015,http://gloucester-ma.gov/DocumentCenter/View/4076/official-results-Nov-3-2015-Munucipal-Election,result,catalog,wayback,
Gloucester,2015,http://www.gloucester-ma.gov/DocumentCenter/View/4076/official-results-Nov-3-2015-Munucipal-Election?bidId=,result,catalog,wayback,
Gloucester,2015,http://www.gloucester-ma.gov/DocumentCenter/View/4077/Sept-29-2015-Official-election-results?bidId=,result,catalog,wayback,
Gloucester,2015,https://www.gloucester-ma.gov/DocumentCenter/View/4077/Sept-29-2015-Official-election-results,result,catalog,wayback,
Gloucester,2016,http://www.gloucester-ma.gov/DocumentCenter/View/4063/Official-Results-ward-precinct-Sept-8-2016?bidId=,result,catalog,wayback,
Gloucester,2016,https://www.gloucester-ma.gov/DocumentCenter/View/4063/Official-Results-ward-precinct-Sept-8-2016,result,catalog,wayback,
Gloucester,2017,http://gloucester-ma.gov/DocumentCenter/View/4653/Official-Results-Nov-7--2017-Municipal-Election,result,catalog,wayback,
Gloucester,2017,http://www.gloucester-ma.gov/DocumentCenter/View/4496/Official-Results-District-wide-and-Ward-Precinct-Sept-19-2017-Preliminary?bidId=,result,catalog,wayback,
Gloucester,2017,http://www.gloucester-ma.gov/DocumentCenter/View/4653/Official-Results-Nov-7--2017-Municipal-Election?bidId=,result,catalog,wayback,
Gloucester,2019,https://gloucester-ma.gov/DocumentCenter/View/7188,result,catalog,docsweep,"Municipal Election November 5, 2019 Official Results"
Gloucester,2019,https://gloucester-ma.gov/DocumentCenter/View/7188/Official-Election-Results-November-5-2019,result,catalog,wayback,
Gloucester,2019,https://www.gloucester-ma.gov/DocumentCenter/View/7188/Official-Election-Results-November-5-2019?bidId=,result,catalog,wayback,
Goshen,2018,https://storage.googleapis.com/proudcity/goshenma/uploads/2018/06/Goshen-2017-Annual-Report.pdf,atr,nodes,docsweep,Goshen 2017 Annual Report
Goshen,2019,https://storage.googleapis.com/proudcity/goshenma/uploads/2019/05/FY18-Annual-Town-Report-1.pdf,atr,nodes,docsweep,FY18 Annual Town Report
Goshen,2019,https://storage.googleapis.com/proudcity/goshenma/uploads/2019/05/FY18-Annual-Town-Report.pdf,atr,nodes,docsweep,FY18 Annual Town Report
Goshen,2019,https://storage.googleapis.com/proudcity/goshenma/uploads/2019/09/ATE-5.4.2019-Results.pdf,result,catalog,docsweep,Annual Town Election Results 5.4.2019
Goshen,2020,https://storage.googleapis.com/proudcity/goshenma/uploads/2020/03/Goshen-Election-Results-Pres.-Primary-3.3.2020.pdf,result,catalog,docsweep,Goshen Election Results Pres. Primary 3.3.2020
Goshen,2020,https://storage.googleapis.com/proudcity/goshenma/uploads/2020/08/ATE-8.1.2020-Results.pdf,result,catalog,docsweep,Annual Town Election Results 8.1.2020
Goshen,2020,https://storage.googleapis.com/proudcity/goshenma/uploads/2021/06/Annual-Town-Report-2020.pdf,atr,nodes,docsweep,Annual Town Report 2020
Grafton,2009,http://www.grafton-ma.gov:80/Public_Documents/GraftonMA_Admin/Annual%20Town%20Report/Annual_Town_Report_2009.pdf,atr,nodes,wayback,
Grafton,2009,https://www.grafton-ma.gov/sites/g/files/vyhlif4461/f/pages/local_election_results_5-4-2009.pdf,result,catalog,wayback,
Grafton,2010,https://www.grafton-ma.gov/sites/g/files/vyhlif4461/f/pages/local_election_results_5-3-2010.pdf,result,catalog,wayback,
Grafton,2011,http://www.grafton-ma.gov:80/Public_Documents/GraftonMA_Admin/Annual%20Town%20Report/TownReport2011.pdf,atr,nodes,wayback,
Grafton,2011,https://www.grafton-ma.gov/sites/g/files/vyhlif4461/f/pages/local_election_results_5-2-2011.pdf,result,catalog,wayback,
Grafton,2012,"http://www.grafton-ma.gov:80/Public_Documents/GraftonMA_Clerk/Official%20Results%20For%20May%2015,%202012%20Town%20Election.PDF",result,catalog,wayback,
Grafton,2012,http://www.grafton-ma.gov:80/sites/graftonma/files/uploads/together_we_can_annual_report_2012.pdf,atr,nodes,wayback,
Grafton,2012,https://www.grafton-ma.gov/sites/g/files/vyhlif4461/f/pages/local_election_results_05-15-2012.pdf,result,catalog,wayback,
Grafton,2013,http://www.grafton-ma.gov/sites/graftonma/files/uploads/2013_annual_town_report_tr_web_copy_final.pdf,atr,nodes,wayback,
Grafton,2013,https://www.grafton-ma.gov/sites/g/files/vyhlif4461/f/uploads/2013_annual_town_report_tr_web_copy_final.pdf,atr,nodes,wayback,
Grafton,2014,http://www.grafton-ma.gov/sites/graftonma/files/uploads/townreport2014.pdf,atr,nodes,wayback,
Grafton,2014,http://www.grafton-ma.gov:80/sites/graftonma/files/uploads/bos_town_report_2014.pdf,atr,nodes,wayback,
Grafton,2014,https://www.grafton-ma.gov/sites/g/files/vyhlif4461/f/uploads/townreport2014.pdf,atr,nodes,wayback,
Grafton,2015,https://www.grafton-ma.gov/sites/g/files/vyhlif4461/f/uploads/2015_annual_town_report_final.pdf,atr,nodes,wayback,
Grafton,2016,https://www.grafton-ma.gov/sites/g/files/vyhlif4461/f/pages/local_election_results_5-17-2016.pdf,result,catalog,wayback,
Grafton,2017,https://www.grafton-ma.gov/sites/g/files/vyhlif4461/f/pages/local_election_results_5-16-2017.pdf,result,catalog,wayback,
Grafton,2018,https://www.grafton-ma.gov/sites/g/files/vyhlif4461/f/pages/official_local_election_results_5-15-2018.pdf,result,catalog,wayback,
Grafton,2018,https://www.grafton-ma.gov/sites/g/files/vyhlif4461/f/uploads/grafton_annual_town_report_2018_tr-web_copy.pdf,atr,nodes,wayback,
Grafton,2019,https://www.grafton-ma.gov/sites/g/files/vyhlif4461/f/pages/offical_special_local_election_results_10-29-2019_0.pdf,result,catalog,wayback,
Grafton,2019,https://www.grafton-ma.gov/sites/g/files/vyhlif4461/f/pages/official_local_election_results_5-21-2019.pdf,result,catalog,wayback,
Grafton,2020,https://www.grafton-ma.gov/sites/g/files/vyhlif4461/f/pages/amended_local_election_results_6-23-2020.pdf,result,catalog,wayback,
Grafton,2020,https://www.grafton-ma.gov/sites/g/files/vyhlif4461/f/pages/official_local_election_results_6-23-2020.pdf,result,catalog,wayback,
Granby,2006,http://www.granby-ma.gov/Pages/GranbyMA_Selectmen/2006-Annual%20Report.pdf,atr,nodes,wayback,
Granby,2007,http://www.granby-ma.gov/Pages/GranbyMA_Selectmen/2007-Annual%20Report.pdf,atr,nodes,wayback,
Granby,2008,http://www.granby-ma.gov/Pages/GranbyMA_Selectmen/2008-Annual%20Report.pdf,atr,nodes,wayback,
Granby,2011,http://granby-ma.gov/Pages/GranbyMA_TownMeeting/Annual%20Town%20Reports/2011-ATR-Final.pdf,atr,nodes,wayback,
Granby,2011,https://www.granby-ma.gov/sites/g/files/vyhlif4466/f/uploads/2011-annual_town_report.pdf,atr,nodes,wayback,
Granby,2012,http://granby-ma.gov/Pages/GranbyMA_TownMeeting/Annual%20Town%20Reports/ATR-TOG-2012.pdf,atr,nodes,wayback,
Granby,2013,http://granby-ma.gov/Pages/GranbyMA_TownMeeting/Annual%20Town%20Reports/2013-Final.pdf,atr,nodes,wayback,
Granby,2014,http://granby-ma.gov/Pages/GranbyMA_TownMeeting/Annual%20Town%20Reports/2014-Town%20Report.pdf,atr,nodes,wayback,
Granby,2014,http://www.granby-ma.gov/Pages/GranbyMA_Selectmen/2014-Town%20Report.pdf,atr,nodes,wayback,
Granby,2015,http://www.granby-ma.gov/Pages/GranbyMA_TownMeeting/Annual%20Town%20Reports/2015-ATR-Final.pdf,atr,nodes,wayback,
Granby,2018,https://www.granby-ma.gov/sites/g/files/vyhlif4466/f/uploads/2018_annual_town_report.pdf,atr,nodes,wayback,
Granby,2020,https://www.granby-ma.gov/sites/g/files/vyhlif4466/f/uploads/2020_annual_report.pdf,atr,nodes,wayback,
Granville,2011,http://www.townofgranville.net/Documents/2011%20Town%20Report%20pages%2047-80.pdf,atr,nodes,wayback,
Granville,2011,http://www.townofgranville.net/Documents/2011%20Town%20Report%20pages%2081-98.pdf,atr,nodes,wayback,
Granville,2011,http://www.townofgranville.net/Documents/2011%20Town%20Report%20pages%2099%20to%20end.pdf,atr,nodes,wayback,
Granville,2013,http://www.townofgranville.net/Documents/Town%20Report%202010%20thru%20page%2013.pdf,atr,nodes,wayback,
Granville,2014,http://www.townofgranville.net/Documents/Town%20Report%202010%20pages%2014%20thru%2027.pdf,atr,nodes,wayback,
Granville,2015,https://townofgranville.net/DocumentCenter/View/1031/2015-Municipal-Election-Results,result,catalog,crawl,2015 Municipal Election Results
Granville,2015,https://www.granville-ma.gov/DocumentCenter/View/1031/2015-Municipal-Election-Results,result,catalog,docsweep,2015 Municipal Election Results
Granville,2016,http://www.townofgranville.net/Documents/2011%20Town%20Report%20to%20page%2016.pdf,atr,nodes,wayback,
Granville,2016,https://townofgranville.net/DocumentCenter/View/1039/2016-Municipal-Election-Results,result,catalog,crawl,2016 Municipal Election Results
Granville,2016,https://www.granville-ma.gov/DocumentCenter/View/1039/2016-Municipal-Election-Results,result,catalog,docsweep,2016 Municipal Election Results
Granville,2017,http://www.townofgranville.net/Documents/2011%20Town%20Report%20pages%2017-46.pdf,atr,nodes,wayback,
Granville,2017,https://townofgranville.net/DocumentCenter/View/1021/2017-Municipal-Election-Results,result,catalog,crawl,2017 Municipal Election Results
Granville,2017,https://www.granville-ma.gov/DocumentCenter/View/1021/2017-Municipal-Election-Results,result,catalog,docsweep,2017 Municipal Election Results
Granville,2018,https://townofgranville.net/DocumentCenter/View/1032/2018-Municipal-Election-Results,result,catalog,crawl,2018 Municipal Election Results
Granville,2018,https://www.granville-ma.gov/DocumentCenter/View/1032/2018-Municipal-Election-Results,result,catalog,docsweep,2018 Municipal Election Results
Granville,2019,https://townofgranville.net/DocumentCenter/View/1034/2019-Municipal-Election-Results,result,catalog,crawl,2019 Municipal Election Results
Granville,2019,https://www.granville-ma.gov/DocumentCenter/View/1034/2019-Municipal-Election-Results,result,catalog,docsweep,2019 Municipal Election Results
Granville,2020,https://townofgranville.net/DocumentCenter/View/1024/2020-Municipal-Election-Results,result,catalog,crawl,2020 Municipal Election Results
Granville,2020,https://townofgranville.net/DocumentCenter/View/1025/2020-Special-State-Senate-Election-Results,result,catalog,crawl,2020 Special State Senate Election Results
Granville,2020,https://www.granville-ma.gov/DocumentCenter/View/1024/2020-Municipal-Election-Results,result,catalog,docsweep,2020 Municipal Election Results
Granville,2020,https://www.granville-ma.gov/DocumentCenter/View/1025/2020-Special-State-Senate-Election-Results,result,catalog,docsweep,2020 Special State Senate Election Results
Great Barrington,2013,https://www.townofgb.org/sites/g/files/vyhlif636/f/uploads/2013_town_report.pdf,atr,nodes,wayback,
Great Barrington,2014,http://www.townofgb.org:80/pages/GBarringtonMA_Clerk/Election%20Results%20ATE%202014.pdf,result,catalog,wayback,
Great Barrington,2014,https://www.townofgb.org/sites/g/files/vyhlif636/f/uploads/2014_town_report.pdf,atr,nodes,wayback,
Great Barrington,2015,https://www.townofgb.org/sites/g/files/vyhlif636/f/uploads/2015_town_report_final.pdf,atr,nodes,wayback,
Great Barrington,2016,https://www.townofgb.org/sites/g/files/vyhlif636/f/uploads/2016_town_of_great_barrington_annual_report.pdf,atr,nodes,wayback,
Great Barrington,2018,https://www.townofgb.org/sites/g/files/vyhlif636/f/uploads/fy17_annual_report_2018.04.18_final.pdf,atr,nodes,wayback,
Great Barrington,2020,https://www.townofgb.org/sites/g/files/vyhlif636/f/uploads/2020_annual_report_working_draft_with_page_numbers.pdf,atr,nodes,wayback,
Greenfield,2012,http://greenfield-ma.gov/files/Annual_Report_FY2012_Greenfield_Council_on_Aging.pdf,atr,nodes,wayback,
Greenfield,2013,http://greenfield-ma.gov/files/Annual_Report_FY2013_Greenfield_Council_on_Aging.pdf,atr,nodes,wayback,
Greenfield,2014,http://greenfield-ma.gov/files/Annual_Report_FY2014_Greenfield_Council_on_Aging.pdf,atr,nodes,wayback,
Greenfield,2015,http://greenfield-ma.gov/files/Annual_Report_FY2015_Greenfield_COA.pdf,atr,nodes,wayback,
Greenfield,2015,http://greenfield-ma.gov/files/Town_Election_2015_Results.pdf,result,catalog,wayback,
Greenfield,2015,https://greenfield-ma.gov/files/2015_Local_Election_2015-NOV-3_Final_Results.pdf,result,catalog,wayback,
Greenfield,2017,https://greenfield-ma.gov/departments/police/Document_Center/Department/Police/Reports/Use-Of-Force-Report-2017.pdf?t=202302171053450,atr,nodes,docsweep,Use of Force and Pursuit Annual Report 2017
Greenfield,2017,https://greenfield-ma.gov/files/2017_Local_Election_2017-NOV-7_Unofficial_Results.pdf,result,catalog,wayback,
Greenfield,2017,https://greenfield-ma.gov/files/2017_Local_Preliminary_Election_2017-SEP-12_Final_Results.pdf,result,catalog,wayback,
Greenfield,2018,https://greenfield-ma.gov/departments/police/Document_Center/Department/Police/Reports/Bias-Based-Policing-Annual-Report-2018.pdf?t=202302171113480,atr,nodes,docsweep,Bias-Based Policing Annual Report 2018
Greenfield,2018,https://greenfield-ma.gov/departments/police/Document_Center/Department/Police/Reports/Use-Of-Force-Report-2018.pdf?t=202302171053070,atr,nodes,docsweep,Use of Force and Pursuit Annual Report 2018
Greenfield,2018,https://greenfield-ma.gov/files/2018-1102-SGIC_annual_report.pdf,atr,nodes,wayback,
Greenfield,2019,https://greenfield-ma.gov/departments/police/Document_Center/Department/Police/Reports/Bias-Based-Policing-Annual-Report-2019.pdf?t=202302171112580,atr,nodes,docsweep,Bias-Based Policing Annual Report 2019
Greenfield,2019,https://greenfield-ma.gov/departments/police/Document_Center/Department/Police/Reports/Use-Of-Force-Report-2019.pdf?t=202302171051460,atr,nodes,docsweep,Use of Force and Pursuit Annual Report 2019
Greenfield,2019,https://greenfield-ma.gov/files/2019_Local_Biennial_Election_2019-NOV-5_Official_Results.pdf,result,catalog,wayback,
Greenfield,2019,https://greenfield-ma.gov/files/2019_Local_Biennial_Election_2019-NOV-5_Unofficial_Results.pdf,result,catalog,wayback,
Greenfield,2019,https://greenfield-ma.gov/files/2019_Local_Preliminary_Election-2019-SEP-10_Final_Results.pdf,result,catalog,wayback,
Greenfield,2019,https://greenfield-ma.gov/files/2019_Local_Preliminary_Election-2019-SEP-10_Unofficial_Results.pdf,result,catalog,wayback,
Greenfield,2019,https://greenfield-ma.gov/files/Planning_and_Construction_-_Annual_Report_2018-2019.pdf,atr,nodes,wayback,
Greenfield,2020,https://greenfield-ma.gov/departments/police/Document_Center/Department/Police/Reports/Bias-Based-Policing-Annual-Report-2020.pdf?t=202302171111390,atr,nodes,docsweep,Bias-Based Policing Annual Report 2020
Greenfield,2020,https://greenfield-ma.gov/departments/police/Document_Center/Department/Police/Reports/Use-Of-Force-Report-2020.pdf?t=202302171050230,atr,nodes,docsweep,Use of Force and Pursuit Annual Report 2020
Groton,2002,https://portal.grotonma.gov/storage/Election_Information/2002%20Election%20Results/2002_Municipal_Election_Results.pdf,result,catalog,wayback,
Groton,2002,https://portal.grotonma.gov/storage/Election_Information/Election%20Results/2002_Municipal_Election_Results.pdf,result,catalog,wayback,
Groton,2003,https://portal.grotonma.gov/storage/Election_Information/2003%20Election%20Results/2003_Municipal_Election_Results.pdf,result,catalog,wayback,
Groton,2003,https://portal.grotonma.gov/storage/Election_Information/Election%20Results/2003_Municipal_Election_Results.pdf,result,catalog,wayback,
Groton,2004,https://portal.grotonma.gov/storage/Election_Information/2004%20Election%20Results/2004_Municipal_Election_Results.pdf,result,catalog,wayback,
Groton,2004,https://portal.grotonma.gov/storage/Election_Information/Election%20Results/2004_Municipal_Election_Results.pdf,result,catalog,wayback,
Groton,2005,https://portal.grotonma.gov/storage/Election_Information/2005%20Election%20Results/2005_Annual_Town_Election_Results.pdf,result,catalog,wayback,
Groton,2005,https://portal.grotonma.gov/storage/Election_Information/2005%20Election%20Results/2005_Municipal_Election_Results.pdf,result,catalog,wayback,
Groton,2005,https://portal.grotonma.gov/storage/Election_Information/2005%20Election%20Results/2006_Municipal_Election_Results.pdf,result,catalog,wayback,
Groton,2005,https://portal.grotonma.gov/storage/Election_Information/Election%20Results/2005_Annual_Town_Election_Results.pdf,result,catalog,wayback,
Groton,2005,https://portal.grotonma.gov/storage/Election_Information/Election%20Results/2005_Municipal_Election_Results.pdf,result,catalog,wayback,
Groton,2006,https://portal.grotonma.gov/storage/Election_Information/2006%20Election%20Results/2006_Democratic_Unofficial_Results.pdf,result,catalog,wayback,
Groton,2006,https://portal.grotonma.gov/storage/Election_Information/2006%20Election%20Results/2006_Town_Election_Results.pdf,result,catalog,wayback,
Groton,2006,https://portal.grotonma.gov/storage/Election_Information/Election%20Results/2006_Democratic_Unofficial_Results.pdf,result,catalog,wayback,
Groton,2006,https://portal.grotonma.gov/storage/Election_Information/Election%20Results/2006_Municipal_Election_Results.pdf,result,catalog,wayback,
Groton,2006,https://portal.grotonma.gov/storage/Election_Information/Election%20Results/2006_Town_Election_Results.pdf,result,catalog,wayback,
Groton,2007,https://portal.grotonma.gov/storage/Election_Information/2007%20Election%20Results/2007_Municipal_Election_Results.pdf,result,catalog,wayback,
Groton,2007,https://portal.grotonma.gov/storage/Election_Information/Election%20Results/2007_Municipal_Election_Results.pdf,result,catalog,wayback,
Groton,2008,https://portal.grotonma.gov/storage/Election_Information/2008%20Election%20Results/2008-05-20_Official_Results.pdf,result,catalog,wayback,
Groton,2008,https://portal.grotonma.gov/storage/Election_Information/2008%20Election%20Results/2008-09-16_Official_Results.pdf,result,catalog,wayback,
Groton,2008,https://portal.grotonma.gov/storage/Election_Information/2008%20Election%20Results/2008-10-07_Official_Results.pdf,result,catalog,wayback,
Groton,2008,https://portal.grotonma.gov/storage/Election_Information/2008%20Election%20Results/2008-11-04_Official_Results.pdf,result,catalog,wayback,
Groton,2008,https://portal.grotonma.gov/storage/Election_Information/2008%20Election%20Results/2008_Annual_Town_Election.pdf,result,catalog,wayback,
Groton,2008,https://portal.grotonma.gov/storage/Election_Information/Election%20Results/2008-05-20_Official_Results.pdf,result,catalog,wayback,
Groton,2008,https://portal.grotonma.gov/storage/Election_Information/Election%20Results/2008-09-16_Official_Results.pdf,result,catalog,wayback,
Groton,2008,https://portal.grotonma.gov/storage/Election_Information/Election%20Results/2008-10-07_Official_Results.pdf,result,catalog,wayback,
Groton,2008,https://portal.grotonma.gov/storage/Election_Information/Election%20Results/2008-11-04_Official_Results.pdf,result,catalog,wayback,
Groton,2008,https://portal.grotonma.gov/storage/Election_Information/Election%20Results/2008_Annual_Town_Election.pdf,result,catalog,wayback,
Groton,2009,https://portal.grotonma.gov/storage/Election_Information/2009%20Election%20Results/2009_Annual_Town_Election_Results.pdf,result,catalog,wayback,
Groton,2009,https://portal.grotonma.gov/storage/Election_Information/Election%20Results/2009_Annual_Town_Election_Results.pdf,result,catalog,wayback,
Groton,2010,https://portal.grotonma.gov/storage/Election_Information/2010%20Election%20Results/2010_Annual_Town_Election.pdf,result,catalog,wayback,
Groton,2010,https://portal.grotonma.gov/storage/Election_Information/2010%20Election%20Results/2010_Annual_Town_Election_Results.pdf,result,catalog,wayback,
Groton,2010,https://portal.grotonma.gov/storage/Election_Information/2010%20Election%20Results/2010_January_Senate_Vacancy_Results.pdf,result,catalog,wayback,
Groton,2010,https://portal.grotonma.gov/storage/Election_Information/2010%20Election%20Results/2010_Primary_Results.pdf,result,catalog,wayback,
Groton,2010,https://portal.grotonma.gov/storage/Election_Information/Election%20Results/2010_Annual_Town_Election.pdf,result,catalog,wayback,
Groton,2010,https://portal.grotonma.gov/storage/Election_Information/Election%20Results/2010_Annual_Town_Election_Results.pdf,result,catalog,wayback,
Groton,2010,https://portal.grotonma.gov/storage/Election_Information/Election%20Results/2010_January_Senate_Vacancy_Results.pdf,result,catalog,wayback,
Groton,2010,https://portal.grotonma.gov/storage/Election_Information/Election%20Results/2010_Primary_Results.pdf,result,catalog,wayback,
Groton,2010,https://portal.grotonma.gov/storage/Town_Reports/2010_Annual_Report.pdf,atr,nodes,wayback,
Groton,2011,https://portal.grotonma.gov/storage/Election_Information/2011%20Election%20Results/2011_Annual_Town_Election_Results.pdf,result,catalog,wayback,
Groton,2011,https://portal.grotonma.gov/storage/Election_Information/Election%20Results/2011_Annual_Town_Election_Results.pdf,result,catalog,wayback,
Groton,2011,https://portal.grotonma.gov/storage/Town_Reports/2011_Annual_Report.pdf,atr,nodes,wayback,
Groton,2012,https://portal.grotonma.gov/storage/Election_Information/2012%20Election%20Results/2012_Annual_Town_Election_Final_Results.pdf,result,catalog,wayback,
Groton,2012,https://portal.grotonma.gov/storage/Election_Information/Election%20Results/2012_Annual_Town_Election_Final_Results.pdf,result,catalog,wayback,
Groton,2012,https://portal.grotonma.gov/storage/Town_Reports/2012_Annual_Report.pdf,atr,nodes,wayback,
Groton,2013,https://portal.grotonma.gov/storage/Election_Information/2013%20Election%20Results/2013_Annual_Town_Election_Final_Results.pdf,result,catalog,wayback,
Groton,2013,https://portal.grotonma.gov/storage/Election_Information/Election%20Results/2013_Annual_Town_Election_Final_Results.pdf,result,catalog,wayback,
Groton,2013,https://portal.grotonma.gov/storage/Town_Reports/2013_Annual_Report.pdf,atr,nodes,wayback,
Groton,2014,https://portal.grotonma.gov/storage/Election_Information/2014%20Election%20Results/2014_Annual_Town_Election_Final_Results.pdf,result,catalog,wayback,
Groton,2014,https://portal.grotonma.gov/storage/Election_Information/Election%20Results/2014_Annual_Town_Election_Final_Results.pdf,result,catalog,wayback,
Groton,2014,https://portal.grotonma.gov/storage/Town_Reports/2014_Annual_Report.pdf,atr,nodes,wayback,
Groton,2015,https://portal.grotonma.gov/storage/Election_Information/2015%20Election%20Results/2015_Annual_Town_Election_Final_Results.pdf,result,catalog,wayback,
Groton,2015,https://portal.grotonma.gov/storage/Election_Information/Election%20Results/2015_Annual_Town_Election_Final_Results.pdf,result,catalog,wayback,
Groton,2015,https://portal.grotonma.gov/storage/Town_Reports/2015_Annual_Report.pdf,atr,nodes,wayback,
Groton,2016,https://portal.grotonma.gov/storage/Election_Information/2016%20Election%20Results/2016_Annual_Town_Election_Final_Results.pdf,result,catalog,wayback,
Groton,2016,https://portal.grotonma.gov/storage/Election_Information/Election%20Results/2016_Annual_Town_Election_Final_Results.pdf,result,catalog,wayback,
Groton,2016,https://portal.grotonma.gov/storage/Town_Reports/2016_Annual_Report.pdf,atr,nodes,wayback,
Groton,2017,https://portal.grotonma.gov/storage/Election_Information/2017%20Election%20Results/2017_Annual_Town_election_Final_Results.pdf,result,catalog,wayback,
Groton,2017,https://portal.grotonma.gov/storage/Election_Information/Election%20Results/2017_Annual_Town_election_Final_Results.pdf,result,catalog,wayback,
Groton,2017,https://portal.grotonma.gov/storage/Town_Reports/2017_Annual_Report.pdf,atr,nodes,wayback,
Groton,2018,https://portal.grotonma.gov/storage/Election_Information/2018%20Election%20Results/2018_Annual_Town_Election_Final_Results.pdf,result,catalog,wayback,
Groton,2018,https://portal.grotonma.gov/storage/Election_Information/Election%20Results/2018_Annual_Town_Election_Final_Results.pdf,result,catalog,wayback,
Groton,2018,https://portal.grotonma.gov/storage/Town_Reports/2018_Annual_Report.pdf,atr,nodes,wayback,
Groton,2019,https://portal.grotonma.gov/storage/Election_Information/2019%20Election%20Results/2019_Annual_Town_Election_Final_Results.pdf,result,catalog,wayback,
Groton,2019,https://portal.grotonma.gov/storage/Election_Information/Election%20Results/2019_Annual_Town_Election_Final_Results.pdf,result,catalog,wayback,
Groton,2019,https://portal.grotonma.gov/storage/Town_Reports/2019_Annual_Report.pdf,atr,nodes,wayback,
Groton,2020,https://portal.grotonma.gov/storage/Election_Information/2020%20Election%20Results/2020_ATE_Final_Results.pdf,result,catalog,wayback,
Groton,2020,https://portal.grotonma.gov/storage/Election_Information/Election%20Results/2020_ATE_Final_Results.pdf,result,catalog,wayback,
Groton,2020,https://portal.grotonma.gov/storage/Town_Reports/2020_Annual_Report.pdf,atr,nodes,wayback,
Groveland,2004,http://www.grovelandma.com/Pages/GrovelandMA_Water/2004TownReport.pdf,atr,nodes,wayback,
Groveland,2006,http://www.grovelandma.com/Pages/GrovelandMA_Water/2006_Town_Report1.pdf,atr,nodes,wayback,
Groveland,2009,https://www.grovelandma.com/sites/g/files/vyhlif3191/f/uploads/2009_annual_town_report.pdf,atr,nodes,wayback,
Groveland,2009,https://www.grovelandma.com/sites/g/files/vyhlif3191/f/uploads/2009_annual_town_report_0.pdf,atr,nodes,wayback,
Groveland,2010,https://www.grovelandma.com/sites/g/files/vyhlif3191/f/uploads/2010_town_report.pdf,atr,nodes,wayback,
Groveland,2010,https://www.grovelandma.com/sites/g/files/vyhlif3191/f/uploads/2010_town_report_0.pdf,atr,nodes,wayback,
Groveland,2011,https://www.grovelandma.com/sites/g/files/vyhlif3191/f/uploads/2011_annual_town_report.pdf,atr,nodes,wayback,
Groveland,2011,https://www.grovelandma.com/sites/g/files/vyhlif3191/f/uploads/2011_annual_town_report_0.pdf,atr,nodes,wayback,
Groveland,2012,https://www.grovelandma.com/sites/g/files/vyhlif3191/f/uploads/2012_town_report.pdf,atr,nodes,wayback,
Groveland,2013,https://grovelandma.com/wp-content/uploads/2022/04/2013_town_election_results.pdf,result,catalog,wayback,
Groveland,2013,https://www.grovelandma.com/sites/g/files/vyhlif3191/f/uploads/2013_annual_town_report1.pdf,atr,nodes,wayback,
Groveland,2013,https://www.grovelandma.com/sites/g/files/vyhlif3191/f/uploads/2013_town_election_results.pdf,result,catalog,wayback,
Groveland,2014,https://www.grovelandma.com/sites/g/files/vyhlif3191/f/uploads/2014_annual_town_report.pdf,atr,nodes,wayback,
Groveland,2014,https://www.grovelandma.com/sites/g/files/vyhlif3191/f/uploads/2014_annual_town_report1.pdf,atr,nodes,wayback,
Groveland,2015,https://grovelandma.com/wp-content/uploads/2022/03/annual_report_2015.pdf,atr,nodes,wayback,
Groveland,2015,https://grovelandma.com/wp-content/uploads/2022/04/2015_election_results.pdf,result,catalog,wayback,
Groveland,2015,https://www.grovelandma.com/sites/g/files/vyhlif3191/f/uploads/2015_election_results.pdf,result,catalog,wayback,
Groveland,2015,https://www.grovelandma.com/sites/g/files/vyhlif3191/f/uploads/annual_report_2015.pdf,atr,nodes,wayback,
Groveland,2015,https://www.grovelandma.com/sites/grovelandma/files/uploads/annual_report_2015.pdf,atr,nodes,wayback,
Groveland,2016,http://www.grovelandma.com:80/pages/GrovelandMA_News/055276FA-000F8513.0/2016%20Town%20Election%20Results.pdf,result,catalog,wayback,
Groveland,2016,https://grovelandma.com/wp-content/uploads/2022/04/2016_november_election_results.pdf,result,catalog,wayback,
Groveland,2016,https://grovelandma.com/wp-content/uploads/2022/05/2016_annual_town_report.pdf,atr,nodes,wayback,
Groveland,2016,https://www.grovelandma.com/sites/g/files/vyhlif3191/f/uploads/2016_annual_town_report.pdf,atr,nodes,wayback,
Groveland,2016,https://www.grovelandma.com/sites/g/files/vyhlif3191/f/uploads/2016_november_election_results.pdf,result,catalog,wayback,
Groveland,2016,https://www.grovelandma.com/sites/g/files/vyhlif3191/f/uploads/2016_town_election_results.pdf,result,catalog,wayback,
Groveland,2017,https://grovelandma.com/wp-content/uploads/2022/04/2017_town_election_results.pdf,result,catalog,wayback,
Groveland,2017,https://grovelandma.com/wp-content/uploads/2022/05/2017_annual_town_report.pdf,atr,nodes,wayback,
Groveland,2017,https://www.grovelandma.com/sites/g/files/vyhlif3191/f/uploads/2017_annual_town_report.pdf,atr,nodes,wayback,
Groveland,2017,https://www.grovelandma.com/sites/g/files/vyhlif3191/f/uploads/2017_town_election_results.pdf,result,catalog,wayback,
Groveland,2018,https://grovelandma.com/wp-content/uploads/2022/05/fy2018_annual_town_report.pdf,atr,nodes,wayback,
Groveland,2018,https://www.grovelandma.com/sites/g/files/vyhlif3191/f/uploads/fy2018_annual_town_report.pdf,atr,nodes,wayback,
Groveland,2019,https://grovelandma.com/wp-content/uploads/2022/04/may_2019_election_results_form.pdf,result,catalog,wayback,
Groveland,2019,https://grovelandma.com/wp-content/uploads/2022/05/fy2019_annual_report_0.pdf,atr,nodes,wayback,
Groveland,2019,https://www.grovelandma.com/sites/g/files/vyhlif3191/f/uploads/fy2019_annual_report_0.pdf,atr,nodes,wayback,
Groveland,2019,https://www.grovelandma.com/sites/g/files/vyhlif3191/f/uploads/may_2019_election_results_form.pdf,result,catalog,wayback,
Groveland,2020,https://grovelandma.com/wp-content/uploads/2022/04/final_certified_election_results_town_of_groveland_november_3_2020_election_0.pdf,result,catalog,wayback,
Groveland,2020,https://grovelandma.com/wp-content/uploads/2022/04/town_clerk_election_official_notice_of_post-election_tabulation_november_10_2020.pdf,result,catalog,wayback,
Groveland,2020,https://grovelandma.com/wp-content/uploads/2022/11/2020-Annual-Town-Report.pdf,atr,nodes,wayback,
Groveland,2020,https://www.grovelandma.com/sites/g/files/vyhlif3191/f/news/final_certified_election_results_town_of_groveland_november_3_2020_election_0.pdf,result,catalog,wayback,
Hadley,2011,http://www.hadleyma.org/pages/HadleyMA_BComm/Select/2011TownReport.pdf,atr,nodes,wayback,
Hadley,2012,http://www.hadleyma.org/pages/HadleyMA_BComm/Select/2012TownReport.pdf,atr,nodes,wayback,
Hadley,2013,http://www.hadleyma.org/pages/HadleyMA_BComm/Select/2013TownReport.pdf,atr,nodes,wayback,
Hadley,2014,http://www.hadleyma.org/pages/HadleyMA_BComm/Select/2014TownReport.pdf,atr,nodes,wayback,
Hadley,2017,https://www.hadleyma.org/sites/g/files/vyhlif651/f/uploads/2017townreport.pdf,atr,nodes,wayback,
Halifax,2012,https://www.halifax-ma.org/sites/g/files/vyhlif4496/f/uploads/townreport2012.pdf,atr,nodes,wayback,
Halifax,2014,https://www.halifax-ma.org/sites/g/files/vyhlif4496/f/uploads/townreport2014.pdf,atr,nodes,wayback,
Halifax,2015,https://www.halifax-ma.org/sites/g/files/vyhlif4496/f/uploads/townreport2015.pdf,atr,nodes,wayback,
Halifax,2016,https://www.halifax-ma.org/sites/g/files/vyhlif4496/f/uploads/townreport2016.pdf,atr,nodes,wayback,
Halifax,2018,https://www.halifax-ma.org/sites/g/files/vyhlif4496/f/uploads/townreport2018.pdf,atr,nodes,wayback,
Halifax,2020,https://www.halifax-ma.org/sites/g/files/vyhlif4496/f/uploads/halifaxma_annual_town_report_2020_-_website.pdf,atr,nodes,wayback,
Halifax,2020,https://www.halifaxma.gov/DocumentCenter/View/294/Election-Results---September-1-2020---Democratic-Primary-XLS,result,catalog,docsweep,Election Results - September 1 2020 - Democratic Primary (XLS)
Hamilton,2009,http://www.hamiltonma.gov/Pages/HamiltonMA_BComm/BOS/AnnualReportFolder/2008-2009AnnualReportFolder/2008-2009%20Report.pdf,atr,nodes,wayback,
Hamilton,2009,http://www.hamiltonma.gov/Pages/HamiltonMA_BComm/BOS/annualreportfolder/2008-2009AnnualReportFolder/2009%20Financials.pdf,atr,nodes,wayback,
Hamilton,2009,http://www.hamiltonma.gov/Pages/HamiltonMA_Conservation/2009Townreport.pdf,atr,nodes,wayback,
Hamilton,2010,http://www.hamiltonma.gov/pages/hamiltonma_bcomm/bos/annualreportfolder/Hamilton%20AR2010.pdf,atr,nodes,wayback,
Hamilton,2011,http://www.hamiltonma.gov/Pages/HamiltonMA_BComm/BOS/annualreportfolder/2011%20Hamilton%20Annual%20Report.pdf,atr,nodes,wayback,
Hamilton,2013,http://hamiltonma.gov/Pages//HamiltonMA_Clerk/AnnualTownElectionResults2013.pdf,result,catalog,wayback,
Hamilton,2013,http://www.hamiltonma.gov/pages/hamiltonma_bcomm/bos/annualreportfolder/2013%20Hamilton%20Annual%20Report%20(2).pdf,atr,nodes,wayback,
Hamilton,2014,http://www.hamiltonma.gov/pages/hamiltonma_bcomm/bos/annualreportfolder/2014%20Annual%20Report.pdf,atr,nodes,wayback,
Hamilton,2017,https://www.hamiltonma.gov/wp-content/uploads/2017/03/2011-Hamilton-Annual-Report.pdf,atr,nodes,wayback,
Hamilton,2017,https://www.hamiltonma.gov/wp-content/uploads/2017/03/2012-Annual-Report.pdf,atr,nodes,wayback,
Hamilton,2017,https://www.hamiltonma.gov/wp-content/uploads/2017/03/2013-Hamilton-Annual-Report-2.pdf,atr,nodes,wayback,
Hamilton,2017,https://www.hamiltonma.gov/wp-content/uploads/2017/03/2014-Annual-Report.pdf,atr,nodes,wayback,
Hamilton,2017,https://www.hamiltonma.gov/wp-content/uploads/2017/03/CERTIFIED-TM-VOTE-1-31-05.pdf,result,catalog,wayback,
Hamilton,2017,https://www.hamiltonma.gov/wp-content/uploads/2017/05/Annual-Report-2016-Final.pdf,atr,nodes,wayback,
Hamilton,2018,https://www.hamiltonma.gov/wp-content/uploads/2018/03/Town-Report-03-21-18-v.2.pdf,atr,nodes,wayback,
Hamilton,2019,https://www.hamiltonma.gov/wp-content/uploads/2017/03/2019-Annual-Report.pdf,atr,nodes,wayback,
Hamilton,2019,https://www.hamiltonma.gov/wp-content/uploads/2019/04/20190411_Annual-Town-Election-April-11-2019-Official-Results.pdf,result,catalog,wayback,
Hamilton,2019,https://www.hamiltonma.gov/wp-content/uploads/2019/04/Town-Report-2018-1.pdf,atr,nodes,wayback,
Hamilton,2020,https://www.hamiltonma.gov/wp-content/uploads/2017/03/2020-Annual-Report.pdf,atr,nodes,wayback,
Hamilton,2020,https://www.hamiltonma.gov/wp-content/uploads/2020/11/NOVEMBER-3-2020-ELECTION-RESULTS-OFFICIAL.pdf,result,catalog,wayback,
Hamilton,2020,https://www.hamiltonma.gov/wp-content/uploads/2021/04/Annual-Town-Election-June-25-2020-Official-Results.pdf,result,catalog,wayback,
Hampden,2000,https://www.hampdenma.gov/sites/g/files/vyhlif656/f/uploads/2000_annual_town_report.pdf,atr,nodes,wayback,
Hampden,2000,https://www.hampdenma.gov/sites/g/files/vyhlif656/f/uploads/2000_annual_town_reportparta.pdf,atr,nodes,wayback,
Hampden,2000,https://www.hampdenma.gov/sites/g/files/vyhlif656/f/uploads/2000_annual_town_reportpartb.pdf,atr,nodes,wayback,
Hampden,2000,https://www.hampdenma.gov/sites/g/files/vyhlif656/f/uploads/2000_annual_town_reportpartc.pdf,atr,nodes,wayback,
Hampden,2000,https://www.hampdenma.gov/sites/g/files/vyhlif656/f/uploads/2000_annual_town_reportpartd.pdf,atr,nodes,wayback,
Hampden,2001,https://www.hampdenma.gov/sites/g/files/vyhlif656/f/uploads/annual_town_report_2001_-_small.pdf,atr,nodes,wayback,
Hampden,2002,https://www.hampdenma.gov/sites/g/files/vyhlif656/f/uploads/2002_annual_town_report.pdf,atr,nodes,wayback,
Hampden,2002,https://www.hampdenma.gov/sites/hampdenma/files/uploads/2002_annual_town_report.pdf,atr,nodes,wayback,
Hampden,2004,https://www.hampdenma.gov/sites/g/files/vyhlif656/f/uploads/2004_annual_town_report.pdf,atr,nodes,wayback,
Hampden,2004,https://www.hampdenma.gov/sites/hampdenma/files/uploads/2004_annual_town_report.pdf,atr,nodes,wayback,
Hampden,2005,https://www.hampdenma.gov/sites/g/files/vyhlif656/f/uploads/2005_annual_town_report.pdf,atr,nodes,wayback,
Hampden,2005,https://www.hampdenma.gov/sites/hampdenma/files/uploads/2005_annual_town_report.pdf,atr,nodes,wayback,
Hampden,2006,https://www.hampdenma.gov/sites/g/files/vyhlif656/f/uploads/2006_annual_town_report.pdf,atr,nodes,wayback,
Hampden,2007,https://www.hampdenma.gov/sites/g/files/vyhlif656/f/uploads/2007_town_report_full.pdf,atr,nodes,wayback,
Hampden,2009,https://www.hampdenma.gov/sites/g/files/vyhlif656/f/uploads/2009_annual_town_report_part_a.pdf,atr,nodes,wayback,
Hampden,2009,https://www.hampdenma.gov/sites/g/files/vyhlif656/f/uploads/2009_annual_town_report_part_b.pdf,atr,nodes,wayback,
Hampden,2009,https://www.hampdenma.gov/sites/g/files/vyhlif656/f/uploads/2009_annual_town_report_part_c.pdf,atr,nodes,wayback,
Hampden,2009,https://www.hampdenma.gov/sites/g/files/vyhlif656/f/uploads/2009_annual_town_report_part_d.pdf,atr,nodes,wayback,
Hampden,2010,https://www.hampdenma.gov/sites/g/files/vyhlif656/f/uploads/2010_town_report.pdf,atr,nodes,wayback,
Hampden,2011,https://www.hampdenma.gov/sites/g/files/vyhlif656/f/uploads/2011_town_report.pdf,atr,nodes,wayback,
Hampden,2012,https://www.hampdenma.gov/sites/g/files/vyhlif656/f/uploads/2012_annual_town_report_part_a.pdf,atr,nodes,wayback,
Hampden,2012,https://www.hampdenma.gov/sites/g/files/vyhlif656/f/uploads/2012_annual_town_report_part_b.pdf,atr,nodes,wayback,
Hampden,2012,https://www.hampdenma.gov/sites/g/files/vyhlif656/f/uploads/2012_annual_town_report_part_c.pdf,atr,nodes,wayback,
Hampden,2012,https://www.hampdenma.gov/sites/g/files/vyhlif656/f/uploads/2012_annual_town_report_part_d.pdf,atr,nodes,wayback,
Hampden,2012,https://www.hampdenma.gov/sites/hampdenma/files/uploads/2012_annual_town_report_part_b.pdf,atr,nodes,wayback,
Hampden,2013,https://www.hampdenma.gov/sites/g/files/vyhlif656/f/uploads/2013_annual_town_report_part_a.pdf,atr,nodes,wayback,
Hampden,2013,https://www.hampdenma.gov/sites/g/files/vyhlif656/f/uploads/2013_annual_town_report_part_b.pdf,atr,nodes,wayback,
Hampden,2013,https://www.hampdenma.gov/sites/g/files/vyhlif656/f/uploads/2013_annual_town_report_part_c.pdf,atr,nodes,wayback,
Hampden,2013,https://www.hampdenma.gov/sites/g/files/vyhlif656/f/uploads/2013_annual_town_report_part_d.pdf,atr,nodes,wayback,
Hampden,2013,https://www.hampdenma.gov/sites/hampdenma/files/uploads/2013_annual_town_report_part_a.pdf,atr,nodes,wayback,
Hampden,2014,https://www.hampdenma.gov/sites/g/files/vyhlif656/f/uploads/2014_annual_town_report_part_a.pdf,atr,nodes,wayback,
Hampden,2014,https://www.hampdenma.gov/sites/g/files/vyhlif656/f/uploads/2014_annual_town_report_part_b.pdf,atr,nodes,wayback,
Hampden,2014,https://www.hampdenma.gov/sites/g/files/vyhlif656/f/uploads/2014_annual_town_report_part_c.pdf,atr,nodes,wayback,
Hampden,2014,https://www.hampdenma.gov/sites/g/files/vyhlif656/f/uploads/2014_annual_town_report_part_d.pdf,atr,nodes,wayback,
Hampden,2014,https://www.hampdenma.gov/sites/hampdenma/files/uploads/2014_annual_town_report_part_a.pdf,atr,nodes,wayback,
Hampden,2014,https://www.hampdenma.gov/sites/hampdenma/files/uploads/2014_annual_town_report_part_d.pdf,atr,nodes,wayback,
Hampden,2015,https://www.hampdenma.gov/sites/g/files/vyhlif656/f/uploads/2015_annual_town_report_part_a.pdf,atr,nodes,wayback,
Hampden,2015,https://www.hampdenma.gov/sites/g/files/vyhlif656/f/uploads/2015_annual_town_report_part_b.pdf,atr,nodes,wayback,
Hampden,2015,https://www.hampdenma.gov/sites/g/files/vyhlif656/f/uploads/2015_annual_town_report_part_c.pdf,atr,nodes,wayback,
Hampden,2015,https://www.hampdenma.gov/sites/g/files/vyhlif656/f/uploads/2015_annual_town_report_part_d.pdf,atr,nodes,wayback,
Hampden,2016,https://www.hampdenma.gov/sites/g/files/vyhlif656/f/uploads/2016_annual_town_report.pdf,atr,nodes,wayback,
Hampden,2017,https://www.hampdenma.gov/sites/g/files/vyhlif656/f/uploads/2017_annual_town_report.pdf,atr,nodes,wayback,
Hampden,2017,https://www.hampdenma.gov/sites/hampdenma/files/uploads/2017_annual_town_report.pdf,atr,nodes,wayback,
Hampden,2018,https://www.hampdenma.gov/sites/g/files/vyhlif656/f/uploads/annual_report_hampden_2018_-_1-41.pdf,atr,nodes,wayback,
Hampden,2018,https://www.hampdenma.gov/sites/g/files/vyhlif656/f/uploads/annual_report_hampden_2018_-_42-83_0.pdf,atr,nodes,wayback,
Hampden,2018,https://www.hampdenma.gov/sites/g/files/vyhlif656/f/uploads/annual_report_hampden_2018_-_84-124.pdf,atr,nodes,wayback,
Hampden,2019,https://www.hampdenma.gov/sites/g/files/vyhlif656/f/uploads/annual_report_hampden_2019_0.pdf,atr,nodes,wayback,
Hampden,2020,https://www.hampdenma.gov/sites/g/files/vyhlif656/f/uploads/annual_report_hampden_2020.pdf,atr,nodes,wayback,
Hancock,2019,http://town.hancock.ma.us/files/2019/07/ANNUAL-ELECTION-RESULTS-1.pdf,result,catalog,wayback,
Hancock,2020,http://town.hancock.ma.us/files/2020/11/NOVEMBER-3rd-ELECTION-RESULTS.pdf,result,catalog,wayback,
Hanover,2000,https://www.hanover-ma.gov/sites/g/files/vyhlif12081/f/uploads/fy2000_-_annual_town_report.pdf,atr,nodes,wayback,
Hanover,2000,https://www.hanover-ma.gov/sites/g/files/vyhlif666/f/uploads/fy2000_-_annual_town_report.pdf,atr,nodes,wayback,
Hanover,2000,https://www.hanover-ma.gov/sites/hanoverma/files/uploads/fy2000_-_annual_town_report.pdf,atr,nodes,wayback,
Hanover,2001,https://www.hanover-ma.gov/sites/g/files/vyhlif12081/f/uploads/fy2001_-_annual_town_report.pdf,atr,nodes,wayback,
Hanover,2001,https://www.hanover-ma.gov/sites/g/files/vyhlif666/f/uploads/fy2001_-_annual_town_report.pdf,atr,nodes,wayback,
Hanover,2002,https://www.hanover-ma.gov/sites/g/files/vyhlif12081/f/uploads/fy2002_-_annual_town_report.pdf,atr,nodes,wayback,
Hanover,2002,https://www.hanover-ma.gov/sites/g/files/vyhlif666/f/uploads/fy2002_-_annual_town_report.pdf,atr,nodes,wayback,
Hanover,2002,https://www.hanover-ma.gov/sites/hanoverma/files/uploads/fy2002_-_annual_town_report.pdf,atr,nodes,wayback,
Hanover,2003,https://www.hanover-ma.gov/sites/g/files/vyhlif12081/f/uploads/fy2003_-_annual_town_report.pdf,atr,nodes,wayback,
Hanover,2003,https://www.hanover-ma.gov/sites/g/files/vyhlif666/f/uploads/fy2003_-_annual_town_report.pdf,atr,nodes,wayback,
Hanover,2004,https://www.hanover-ma.gov/sites/g/files/vyhlif12081/f/uploads/fy2004_-_annual_town_report.pdf,atr,nodes,wayback,
Hanover,2004,https://www.hanover-ma.gov/sites/g/files/vyhlif666/f/uploads/fy2004_-_annual_town_report.pdf,atr,nodes,wayback,
Hanover,2004,https://www.hanover-ma.gov/sites/hanoverma/files/uploads/fy2004_-_annual_town_report.pdf,atr,nodes,wayback,
Hanover,2005,https://www.hanover-ma.gov/sites/g/files/vyhlif12081/f/uploads/fy2005_-_annual_town_report.pdf,atr,nodes,wayback,
Hanover,2005,https://www.hanover-ma.gov/sites/g/files/vyhlif666/f/uploads/fy2005_-_annual_town_report.pdf,atr,nodes,wayback,
Hanover,2005,https://www.hanover-ma.gov/sites/hanoverma/files/uploads/fy2005_-_annual_town_report.pdf,atr,nodes,wayback,
Hanover,2006,https://www.hanover-ma.gov/sites/g/files/vyhlif12081/f/uploads/2006_npdes_ms4_annual_report.pdf,atr,nodes,wayback,
Hanover,2006,https://www.hanover-ma.gov/sites/g/files/vyhlif12081/f/uploads/fy2006_-_annual_town_report.pdf,atr,nodes,wayback,
Hanover,2006,https://www.hanover-ma.gov/sites/g/files/vyhlif666/f/uploads/fy2006_-_annual_town_report.pdf,atr,nodes,wayback,
Hanover,2006,https://www.hanover-ma.gov/sites/hanoverma/files/uploads/fy2006_-_annual_town_report.pdf,atr,nodes,wayback,
Hanover,2007,https://www.hanover-ma.gov/sites/g/files/vyhlif12081/f/uploads/fy2007_-_annual_town_report.pdf,atr,nodes,wayback,
Hanover,2007,https://www.hanover-ma.gov/sites/g/files/vyhlif666/f/uploads/fy2007_-_annual_town_report.pdf,atr,nodes,wayback,
Hanover,2008,http://www.hanover-ma.gov/sites/hanoverma/files/file/file/2008-election-results-9-16-08.pdf,result,catalog,wayback,
Hanover,2008,http://www.hanover-ma.gov/sites/hanoverma/files/file/file/town-elections-results-2008.pdf,result,catalog,wayback,
Hanover,2008,https://www.hanover-ma.gov/sites/g/files/vyhlif12081/f/uploads/2008_npdes_ms4_annual_report.pdf,atr,nodes,wayback,
Hanover,2008,https://www.hanover-ma.gov/sites/g/files/vyhlif12081/f/uploads/fy2008_-_annual_town_report.pdf,atr,nodes,wayback,
Hanover,2008,https://www.hanover-ma.gov/sites/g/files/vyhlif666/f/uploads/fy2008_-_annual_town_report.pdf,atr,nodes,wayback,
Hanover,2009,http://www.hanover-ma.gov/sites/hanoverma/files/file/file/hanover-annual-report-fy-2009.pdf,atr,nodes,wayback,
Hanover,2009,http://www.hanover-ma.gov/sites/hanoverma/files/file/file/hanover_annual_report_fy_2009.pdf,atr,nodes,wayback,
Hanover,2009,http://www.hanover-ma.gov:80/pdf/forms/town/Hanover-Annual-Report-FY-2009.pdf,atr,nodes,wayback,
Hanover,2009,https://www.hanover-ma.gov/sites/g/files/vyhlif666/f/file/file/hanover-annual-report-fy-2009.pdf,atr,nodes,wayback,
Hanover,2010,https://www.hanover-ma.gov/sites/g/files/vyhlif12081/f/uploads/2010_npdes_ms4_annual_report.pdf,atr,nodes,wayback,
Hanover,2010,https://www.hanover-ma.gov/sites/g/files/vyhlif666/f/file/file/hanover_2010_town_report_web_copy.pdf,atr,nodes,wayback,
Hanover,2010,https://www.hanover-ma.gov/sites/hanoverma/files/file/file/hanover_2010_town_report_web_copy.pdf,atr,nodes,wayback,
Hanover,2011,http://www.hanover-ma.gov/pdf/forms/selectmen/Election-results-may-2011.pdf,result,catalog,wayback,
Hanover,2011,http://www.hanover-ma.gov/sites/hanoverma/files/file/file/annualreport2011.pdf,atr,nodes,wayback,
Hanover,2011,http://www.hanover-ma.gov/sites/hanoverma/files/file/file/annualreport2011_0.pdf,atr,nodes,wayback,
Hanover,2011,https://www.hanover-ma.gov/sites/g/files/vyhlif12081/f/uploads/2011_npdes_ms4_annual_report.pdf,atr,nodes,wayback,
Hanover,2011,https://www.hanover-ma.gov/sites/g/files/vyhlif666/f/file/file/annualreport2011_0.pdf,atr,nodes,wayback,
Hanover,2012,http://www.hanover-ma.gov/sites/hanoverma/files/file/file/fy2012hanoverannualtownreport.pdf,atr,nodes,wayback,
Hanover,2012,http://www.hanover-ma.gov/sites/hanoverma/files/file/file/nov-2012-election-results.pdf,result,catalog,wayback,
Hanover,2012,https://www.hanover-ma.gov/sites/g/files/vyhlif666/f/file/file/fy2012hanoverannualtownreport.pdf,atr,nodes,wayback,
Hanover,2013,http://www.hanover-ma.gov/sites/hanoverma/files/file/file/april-30-2013-election-results.pdf,result,catalog,wayback,
Hanover,2013,https://www.hanover-ma.gov/sites/g/files/vyhlif12081/f/uploads/2013_npdes_ms4_annual_report.pdf,atr,nodes,wayback,
Hanover,2014,http://www.hanover-ma.gov/sites/hanoverma/files/file/file/hanover_annual_town_election_2014_-_unofficial_results.pdf,result,catalog,wayback,
Hanover,2014,https://www.hanover-ma.gov/sites/g/files/vyhlif666/f/file/file/annual_town_election_2014_-_official_results.pdf,result,catalog,wayback,
Hanover,2014,https://www.hanover-ma.gov/sites/hanoverma/files/file/file/annual_town_election_2014_-_official_results.pdf,result,catalog,wayback,
Hanover,2015,http://www.hanover-ma.gov/sites/hanoverma/files/file/file/2015_-_annual_town_report_-_with_index.pdf,atr,nodes,wayback,
Hanover,2015,https://www.hanover-ma.gov/sites/g/files/vyhlif12081/f/file/file/town_of_hanover_2015_annual_election_results.pdf,result,catalog,wayback,
Hanover,2015,https://www.hanover-ma.gov/sites/g/files/vyhlif666/f/file/file/2015_-_annual_town_report_-_with_index.pdf,atr,nodes,wayback,
Hanover,2015,https://www.hanover-ma.gov/sites/g/files/vyhlif666/f/file/file/town_of_hanover_2015_annual_election_results.pdf,result,catalog,wayback,
Hanover,2015,https://www.hanover-ma.gov/sites/hanoverma/files/file/file/town_of_hanover_2015_annual_election_results.pdf,result,catalog,wayback,
Hanover,2016,http://www.hanover-ma.gov/sites/hanoverma/files/file/file/town_of_hanover_2016_annual_election_official_results.pdf,result,catalog,wayback,
Hanover,2016,https://www.hanover-ma.gov/sites/g/files/vyhlif12081/f/file/file/journal_of_the_september_26_2016_special_town_meeting_and_october_1_election_for_town_report.pdf,atr,nodes,wayback,
Hanover,2016,https://www.hanover-ma.gov/sites/g/files/vyhlif666/f/file/file/town_of_hanover_2016_annual_election_official_results.pdf,result,catalog,wayback,
Hanover,2017,https://www.hanover-ma.gov/sites/g/files/vyhlif12081/f/uploads/2017_npdes_ms4_annual_report.pdf,atr,nodes,wayback,
Hanover,2020,https://www.hanover-ma.gov/sites/g/files/vyhlif12081/f/uploads/hanover_npdes_ms4_annual_report_2020.pdf,atr,nodes,wayback,
Hanover,2020,https://www.hanover-ma.gov/sites/g/files/vyhlif666/f/uploads/hanover_annual_report_fy2020.pdf,atr,nodes,wayback,
Hanover,2020,https://www.hanover-ma.gov/sites/g/files/vyhlif666/f/uploads/town_of_hanover_official_election_results_-_november_2020.pdf,result,catalog,wayback,
Hanson,2010,https://www.hanson-ma.gov/sites/g/files/vyhlif3231/f/uploads/hanson_2010_annual_town_report.pdf,atr,nodes,wayback,
Hanson,2014,http://www.hanson-ma.gov/sites/hansonma/files/uploads/election_results_may_17_2014.pdf,result,catalog,wayback,
Hanson,2014,https://www.hanson-ma.gov/sites/g/files/vyhlif3231/f/uploads/election_results_may_17_2014.pdf,result,catalog,wayback,
Hanson,2015,https://www.hanson-ma.gov/sites/g/files/vyhlif3231/f/uploads/hanson_2015_annual_town_report.pdf,atr,nodes,wayback,
Hanson,2016,http://www.hanson-ma.gov/sites/hansonma/files/news/election_results_9-8-2016.pdf,result,catalog,wayback,
Hanson,2016,https://www.hanson-ma.gov/sites/g/files/vyhlif3231/f/uploads/hanson_2016_annual_town_report.pdf,atr,nodes,wayback,
Hanson,2017,https://www.hanson-ma.gov/sites/g/files/vyhlif3231/f/uploads/hanson_2017_annual_town_report.pdf,atr,nodes,wayback,
Hanson,2018,https://www.hanson-ma.gov/sites/g/files/vyhlif3231/f/uploads/annual_town_election_5-19-2018_results.pdf,result,catalog,wayback,
Harvard,2008,https://www.harvard-ma.gov/sites/g/files/vyhlif676/f/uploads/2008_town_report.pdf,atr,nodes,wayback,
Harvard,2009,https://www.harvard-ma.gov/sites/g/files/vyhlif676/f/uploads/2009_town_report.pdf,atr,nodes,wayback,
Harvard,2010,https://www.harvard-ma.gov/sites/g/files/vyhlif676/f/uploads/2010_town_report_a.pdf,atr,nodes,wayback,
Harvard,2010,https://www.harvard-ma.gov/sites/g/files/vyhlif676/f/uploads/2010_town_report_b.pdf,atr,nodes,wayback,
Harvard,2011,https://www.harvard-ma.gov/sites/g/files/vyhlif676/f/uploads/2011_town_report.pdf,atr,nodes,wayback,
Harvard,2012,https://www.harvard-ma.gov/sites/g/files/vyhlif676/f/uploads/2012_town_report.pdf,atr,nodes,wayback,
Harvard,2013,https://www.harvard-ma.gov/sites/g/files/vyhlif676/f/uploads/2013_-_town_report.pdf,atr,nodes,wayback,
Harvard,2014,https://www.harvard-ma.gov/sites/g/files/vyhlif676/f/uploads/2014_town_report.pdf,atr,nodes,wayback,
Harvard,2015,https://www.harvard-ma.gov/sites/g/files/vyhlif676/f/uploads/2015_town_report.pdf,atr,nodes,wayback,
Harvard,2016,https://www.harvard-ma.gov/sites/g/files/vyhlif676/f/uploads/2016_-_town_report_-final_with_page_numbers.pdf,atr,nodes,wayback,
Harvard,2017,https://www.harvard-ma.gov/sites/g/files/vyhlif676/f/uploads/2017_submission_letter_with_exhibits_-_annual_report_to_con_com.pdf,atr,nodes,wayback,
Harvard,2017,https://www.harvard-ma.gov/sites/g/files/vyhlif676/f/uploads/annual_town_report_-_2017_final.pdf,atr,nodes,wayback,
Hatfield,2012,http://www.townofhatfield.org/Pages/HatfieldMA_Bcomm/BOS/2012TownReport.pdf,atr,nodes,wayback,
Hatfield,2012,https://www.townofhatfield.org/sites/g/files/vyhlif3246/f/uploads/2012townreport.pdf,atr,nodes,wayback,
Hatfield,2014,http://www.townofhatfield.org/Pages/HatfieldMA_WebDocs/2014TownReport.pdf,atr,nodes,wayback,
Hatfield,2014,https://www.townofhatfield.org/sites/g/files/vyhlif3246/f/uploads/2014townreport.pdf,atr,nodes,wayback,
Hatfield,2017,https://www.townofhatfield.org/sites/g/files/vyhlif3246/f/uploads/townreport2017.pdf,atr,nodes,wayback,
Hatfield,2018,https://www.townofhatfield.org/sites/g/files/vyhlif3246/f/uploads/2018_annual_town_report_0.pdf,atr,nodes,wayback,
Haverhill,2003,http://www.haverhillma.gov/departments/public_works_department/water_wastewater/wastewater/wastewater_collection_system/docs/CSO_Annual_Report_2003.pdf,atr,nodes,wayback,
Haverhill,2003,https://www.haverhillma.gov/media/flnna0y3/cso_annual_report_2003.pdf,atr,nodes,wayback,
Haverhill,2004,http://www.haverhillma.gov/departments/public_works_department/water_wastewater/wastewater/wastewater_collection_system/docs/CSO_Annual_Report_2004.pdf,atr,nodes,wayback,
Haverhill,2004,https://www.haverhillma.gov/media/3x2a5sjo/cso_annual_report_2004.pdf,atr,nodes,wayback,
Haverhill,2006,http://www.haverhillma.gov/departments/public_works_department/water_wastewater/wastewater/wastewater_collection_system/docs/CSO_Annual_Report_2006.pdf,atr,nodes,wayback,
Haverhill,2006,https://www.haverhillma.gov/media/efwh3yik/cso_annual_report_2006.pdf,atr,nodes,wayback,
Haverhill,2007,http://www.haverhillma.gov/departments/public_works_department/water_wastewater/wastewater/wastewater_collection_system/docs/CSO_Annual_Report_2007.pdf,atr,nodes,wayback,
Haverhill,2007,http://www.haverhillma.gov/departments/public_works_department/water_wastewater/wastewater/wastewater_collection_system/docs/Infiltration_Inflow_Annual_Report_2007.pdf,atr,nodes,wayback,
Haverhill,2007,https://www.haverhillma.gov/media/smwpiufl/cso_annual_report_2007.pdf,atr,nodes,wayback,
Haverhill,2007,https://www.haverhillma.gov/media/xtvjpwrf/infiltration_inflow_annual_report_2007.pdf,atr,nodes,wayback,
Haverhill,2008,http://www.haverhillma.gov/departments/public_works_department/water_wastewater/wastewater/wastewater_collection_system/docs/CSO_Annual_Report_2008.pdf,atr,nodes,wayback,
Haverhill,2008,http://www.haverhillma.gov/departments/public_works_department/water_wastewater/wastewater/wastewater_collection_system/docs/Infiltration_Inflow_Annual_Report_2008.pdf,atr,nodes,wayback,
Haverhill,2008,https://www.haverhillma.gov/media/m5yjsmb5/cso_annual_report_2008.pdf,atr,nodes,wayback,
Haverhill,2008,https://www.haverhillma.gov/media/phddsdtl/infiltration_inflow_annual_report_2008.pdf,atr,nodes,wayback,
Haverhill,2009,http://www.haverhillma.gov/departments/public_works_department/water_wastewater/wastewater/wastewater_collection_system/docs/CSO_Annual_Report_2009.pdf,atr,nodes,wayback,
Haverhill,2009,http://www.haverhillma.gov/departments/public_works_department/water_wastewater/wastewater/wastewater_collection_system/docs/Infiltration_Inflow_Annual_Report_2009.pdf,atr,nodes,wayback,
Haverhill,2009,https://www.haverhillma.gov/media/a44jkfxu/infiltration_inflow_annual_report_2009.pdf,atr,nodes,wayback,
Haverhill,2009,https://www.haverhillma.gov/media/bdnftph0/cso_annual_report_2009.pdf,atr,nodes,wayback,
Haverhill,2010,http://www.haverhillma.gov/departments/public_works_department/water_wastewater/wastewater/wastewater_collection_system/docs/CSO_Annual_Report_2010.pdf,atr,nodes,wayback,
Haverhill,2010,http://www.haverhillma.gov/departments/public_works_department/water_wastewater/wastewater/wastewater_collection_system/docs/Infiltration_Inflow_Annual_Report_2010.pdf,atr,nodes,wayback,
Haverhill,2010,https://www.haverhillma.gov/media/aieftcpr/cso_annual_report_2010.pdf,atr,nodes,wayback,
Haverhill,2010,https://www.haverhillma.gov/media/ouhebytz/infiltration_inflow_annual_report_2010.pdf,atr,nodes,wayback,
Haverhill,2011,http://www.haverhillma.gov/departments/public_works_department/water_wastewater/wastewater/wastewater_collection_system/docs/CSO_Annual_Report_2011.pdf,atr,nodes,wayback,
Haverhill,2011,http://www.haverhillma.gov/departments/public_works_department/water_wastewater/wastewater/wastewater_collection_system/docs/Infiltration_Inflow_Annual_Report_2011.pdf,atr,nodes,wayback,
Haverhill,2011,https://www.haverhillma.gov/media/1qzcdvjl/cso_annual_report_2011.pdf,atr,nodes,wayback,
Haverhill,2011,https://www.haverhillma.gov/media/45hhpymv/infiltration_inflow_annual_report_2011.pdf,atr,nodes,wayback,
Haverhill,2012,http://www.haverhillma.gov/departments/public_works_department/water_wastewater/wastewater/wastewater_collection_system/docs/CSO_Annual_Report_2012.pdf,atr,nodes,wayback,
Haverhill,2012,http://www.haverhillma.gov/departments/public_works_department/water_wastewater/wastewater/wastewater_collection_system/docs/Infiltration_Inflow_Annual_Report_2012.pdf,atr,nodes,wayback,
Haverhill,2012,https://www.haverhillma.gov/media/lqhbkp3s/infiltration_inflow_annual_report_2012.pdf,atr,nodes,wayback,
Haverhill,2012,https://www.haverhillma.gov/media/syhkpz3n/cso_annual_report_2012.pdf,atr,nodes,wayback,
Haverhill,2013,http://www.haverhillma.gov/government/board_of_registrars_of_voters_-_elections/elections/official_results/docs/fnal_results_11_2013.pdf,result,catalog,wayback,
Haverhill,2014,http://www.haverhillma.gov/government/board_of_registrars_of_voters_-_elections/docs/official_results_Sept_2014.pdf,result,catalog,wayback,
Haverhill,2014,http://www.haverhillma.gov/government/board_of_registrars_of_voters_-_elections/elections/official_results/docs/june_10_office_tally_sheet___final_tally_6_19_2014.pdf,result,catalog,wayback,
Haverhill,2014,http://www.haverhillma.gov/government/board_of_registrars_of_voters_-_elections/elections/official_results/docs/nov_2014_cert_09082015102632.pdf,result,catalog,wayback,
Haverhill,2015,http://www.haverhillma.gov/government/board_of_registrars_of_voters_-_elections/elections/official_results/docs/End_of_election_Nov_2015___official_results.pdf,result,catalog,wayback,
Haverhill,2016,http://www.haverhillma.gov/government/board_of_registrars_of_voters_-_elections/docs/OFFICIAL%20FINAL%20SEPT8%202016%20RESULTS.pdf,result,catalog,wayback,
Haverhill,2016,http://www.haverhillma.gov/government/board_of_registrars_of_voters_-_elections/docs/march%202016%20official%20resulta.pdf,result,catalog,wayback,
Haverhill,2016,http://www.haverhillma.gov/government/board_of_registrars_of_voters_-_elections/docs/official%20final%20result%20nov%202016.pdf,result,catalog,wayback,
Haverhill,2016,http://www.haverhillma.gov/government/board_of_registrars_of_voters_-_elections/elections/official_results/docs/OFFICIAL%20FINAL%20SEPT8%202016%20RESULTS.pdf,result,catalog,wayback,
Haverhill,2016,http://www.haverhillma.gov/government/board_of_registrars_of_voters_-_elections/elections/official_results/docs/march%202016%20official%20resulta.pdf,result,catalog,wayback,
Haverhill,2016,http://www.haverhillma.gov:80/government/board_of_registrars_of_voters_-_elections/elections/official_results/docs/official%20final%20result%20nov%202016.pdf,result,catalog,wayback,
Haverhill,2017,http://www.haverhillma.gov:80/government/board_of_registrars_of_voters_-_elections/elections/official_results/docs/Oct%2010%202017%20OFFICIAL.pdf,result,catalog,wayback,
Haverhill,2017,http://www.haverhillma.gov:80/government/board_of_registrars_of_voters_-_elections/elections/official_results/docs/nov%207%202017%20offical%20municipal.pdf,result,catalog,wayback,
Haverhill,2018,https://media-001-us.cdn.govstack.com/haverhillma-003-us/media/5sofpobx/official-election-results-nov-2018.pdf,result,catalog,docsweep,Official Certified Results
Haverhill,2018,https://www.haverhillma.gov/media/5sofpobx/official-election-results-nov-2018.pdf,result,catalog,wayback,
Hawley,2012,http://www.townofhawley.com/wp-content/uploads/docs/AnnTwnMtg/Hawley-Annual-Town-Report-2012.pdf,atr,nodes,wayback,
Hawley,2012,https://townofhawley.com/wp-content/uploads/2023/09/2012-Hawley-Annual-Town-Report.pdf,atr,nodes,wayback,
Hawley,2013,http://www.townofhawley.com/wp-content/uploads/docs/AnnTwnMtg/Hawley-Annual-Town-Report-2013.pdf,atr,nodes,wayback,
Hawley,2013,https://townofhawley.com/wp-content/uploads/2023/09/2013-Hawley-Annual-Town-Report.pdf,atr,nodes,wayback,
Hawley,2014,https://townofhawley.com/wp-content/uploads/2023/09/2014-Hawley-Annual-Town-Report.pdf,atr,nodes,wayback,
Hawley,2015,http://www.townofhawley.com/wp-content/uploads/docs/AnnTwnMtg/2015-Town-Report-Final.pdf,atr,nodes,wayback,
Hawley,2015,https://townofhawley.com/wp-content/uploads/2023/09/2015-Hawley-Annual-Town-Report.pdf,atr,nodes,wayback,
Hawley,2016,http://www.townofhawley.com/wp-content/uploads/docs/AnnTwnMtg/2016-ANNUAL-HAWLEY-TOWN-REPORT-Final.pdf,atr,nodes,wayback,
Hawley,2016,https://townofhawley.com/wp-content/uploads/2023/09/2016-Hawley-Annual-Town-Report.pdf,atr,nodes,wayback,
Hawley,2017,http://www.townofhawley.com/wp-content/uploads/docs/AnnTwnMtg/2017%20ANNUAL%20TOWN%20REPORT.comp.pdf,atr,nodes,wayback,
Hawley,2017,https://townofhawley.com/wp-content/uploads/2023/09/2017-Hawley-Annual-Town-Report.pdf,atr,nodes,wayback,
Hawley,2018,http://www.townofhawley.com:80/wp-content/uploads/docs/AnnTwnMtg/2018%20Annual%20Report%20FINAL.pdf,atr,nodes,wayback,
Hawley,2018,https://townofhawley.com/wp-content/uploads/2023/09/2018-Hawley-Annual-Town-Report.pdf,atr,nodes,wayback,
Hawley,2019,http://www.townofhawley.com/wp-content/uploads/docs/AnnTwnMtg/2019%20Hawley%20Town%20Report%205.8.20%20FINAL.pdf,atr,nodes,wayback,
Hawley,2019,https://townofhawley.com/wp-content/uploads/2023/09/2019-Hawley-Annual-Town-Report.pdf,atr,nodes,wayback,
Hawley,2020,http://www.townofhawley.com/wp-content/uploads/docs/AnnTwnMtg/2020-Hawley-Town-Report-FINAL-Rev.pdf,atr,nodes,wayback,
Hawley,2020,https://townofhawley.com/wp-content/uploads/2023/09/2020-Hawley-Town-Report.pdf,atr,nodes,wayback,
Hawley,2020,https://townofhawley.com/wp-content/uploads/2024/08/2020-Town-Report-Corrected.pdf,atr,nodes,wayback,
Heath,2009,http://www.townofheath.org/wp-content/uploads/annualreport2009-10docx.pdf,atr,nodes,wayback,
Heath,2010,http://www.townofheath.org/wp-content/uploads/annualreport2010-11docx.pdf,atr,nodes,wayback,
Heath,2013,http://www.townofheath.org/wp-content/uploads/annualreport2013-web.pdf,atr,nodes,wayback,
Heath,2013,http://www.townofheath.org/wp-content/uploads/annualreport2013-web1.pdf,atr,nodes,wayback,
Heath,2014,http://www.townofheath.org/wp-content/uploads/2014heathannualreport-web2.pdf,atr,nodes,wayback,
Heath,2014,http://www.townofheath.org/wp-content/uploads/heath-annual-report-2014-dedication.pdf,atr,nodes,wayback,
Heath,2015,http://www.townofheath.org/wp-content/uploads/2015heathannualreport-final.pdf,atr,nodes,wayback,
Heath,2017,https://townofheath.org/files/2017_Heath_Annual_Report.pdf,atr,nodes,wayback,
Heath,2017,https://townofheath.org/files/Heath_Annual_Report_2017.pdf,atr,nodes,wayback,
Heath,2018,https://townofheath.org/files/2018_Heath_Annual_Report.pdf,atr,nodes,wayback,
Heath,2018,https://townofheath.org/files/Heath_Annual_Report_2018.pdf,atr,nodes,wayback,
Heath,2019,https://townofheath.org/files/2019HeathAnnualReport-webfinal.pdf,atr,nodes,wayback,
Heath,2019,https://townofheath.org/files/2019_Heath_Annual_Report.pdf,atr,nodes,wayback,
Heath,2019,https://townofheath.org/news/newsfile_49_2019HeathAnnualReport-webfinal.pdf,atr,nodes,wayback,
Heath,2020,https://townofheath.org/news/newsfile_9091_2020_HeathAnnualReport_Final.pdf,atr,nodes,wayback,
Hingham,2004,http://www.hingham-ma.gov/document/Town_Annual_Report_2004.pdf,atr,nodes,wayback,
Hingham,2005,http://www.hingham-ma.gov/document/Town_Annual_Report_2005.pdf,atr,nodes,wayback,
Hingham,2006,http://www.hingham-ma.gov/document/Town_Annual_Report_2006.pdf,atr,nodes,wayback,
Hingham,2006,https://hingham-ma.gov/DocumentCenter/View/1143/2006-April-Election-Results-PDF?bidId=,result,catalog,wayback,
Hingham,2007,http://www.hingham-ma.gov/document/Town_Annual_Report_2007.pdf,atr,nodes,wayback,
Hingham,2007,https://hingham-ma.gov/DocumentCenter/View/1148/2007-April-Town-Election-Results-PDF,result,catalog,wayback,
Hingham,2007,https://www.hingham-ma.gov/DocumentCenter/View/1148/2007-April-Town-Election-Results-PDF?bidId=,result,catalog,wayback,
Hingham,2008,http://www.hingham-ma.gov/document/Town_Annual_Report_2008.pdf,atr,nodes,wayback,
Hingham,2008,https://hingham-ma.gov/DocumentCenter/View/1153/2008-May-Town-Election-Results-PDF?bidId=,result,catalog,wayback,
Hingham,2009,http://www.hingham-ma.gov/document/Town_Annual_Report_2009.pdf,atr,nodes,wayback,
Hingham,2009,https://www.hingham-ma.gov/DocumentCenter/View/1159/2009-May-Town-Election-Results-PDF?bidId=,result,catalog,wayback,
Hingham,2010,http://hingham-ma.gov/document/Town_Annual_Report_2010.pdf,atr,nodes,wayback,
Hingham,2010,http://www.hingham-ma.gov/Committees/Water_Company/documents/A3_2010_DPU_Annual_Report.pdf,atr,nodes,wayback,
Hingham,2010,https://www.hingham-ma.gov/DocumentCenter/View/1160/2010-May-Town-Election-Results-PDF?bidId=,result,catalog,wayback,
Hingham,2011,http://hingham-ma.gov/document/Town_Annual_Report_2011.pdf,atr,nodes,wayback,
Hingham,2011,https://hingham-ma.gov/DocumentCenter/View/1164/2011-April-Town-Election-Results-PDF?bidId=,result,catalog,wayback,
Hingham,2012,http://hingham-ma.gov/document/Town_Annual_Report_2012.pdf,atr,nodes,wayback,
Hingham,2012,https://www.hingham-ma.gov/DocumentCenter/View/1166/2012-April-Town-Election-Results-PDF?bidId=,result,catalog,wayback,
Hingham,2013,http://hingham-ma.gov/document/Town_Annual_Report_2013.pdf,atr,nodes,wayback,
Hingham,2013,https://www.hingham-ma.gov/DocumentCenter/View/1171/2013-April-Town-Election-Results-PDF,result,catalog,wayback,
Hingham,2013,https://www.hingham-ma.gov/DocumentCenter/View/1171/2013-April-Town-Election-Results-PDF?bidId=,result,catalog,wayback,
Hingham,2014,https://www.hingham-ma.gov/DocumentCenter/View/1173/2014-May-Town-Election-Results-PDF,result,catalog,wayback,
Hingham,2014,https://www.hingham-ma.gov/DocumentCenter/View/1173/2014-May-Town-Election-Results-PDF?bidId=,result,catalog,wayback,
Hingham,2015,https://hingham-ma.gov/DocumentCenter/View/1176/2015-May-Town-Election-Results-PDF,result,catalog,wayback,
Hingham,2015,https://hingham-ma.gov/DocumentCenter/View/1176/2015-May-Town-Election-Results-PDF?bidId=,result,catalog,wayback,
Hingham,2019,https://hingham-ma.gov/DocumentCenter/View/7580/April-27-2019-Town-Election,result,catalog,docsweep,Results
Hingham,2020,https://hingham-ma.gov/DocumentCenter/View/10293/2020-Town-Election-Results-PDF,result,catalog,docsweep,Results
Holbrook,2016,http://holbrookma.gov/Pages/HolbrookMA_News/FY%2016%20Annual%20Report.pdf,atr,nodes,wayback,
Holbrook,2019,https://www.holbrookma.gov/sites/g/files/vyhlif3261/f/uploads/annual_report_2019.pdf,atr,nodes,wayback,
Holden,2008,https://holdenma.gov/ImageRepository/Document?documentID=200,result,catalog,documentcenter,Government / Departments / Town Clerk / Town Election Results & Town Meeting Proceedings 2008
Holden,2009,https://holdenma.gov/ImageRepository/Document?documentID=198,result,catalog,documentcenter,Government / Departments / Town Clerk / Town Election Results & Town Meeting Proceedings 2009
Holden,2010,https://holdenma.gov/ImageRepository/Document?documentID=197,result,catalog,documentcenter,Government / Departments / Town Clerk / Town Election Results & Town Meeting Proceedings 2010
Holden,2011,https://holdenma.gov/ImageRepository/Document?documentID=196,result,catalog,documentcenter,Government / Departments / Town Clerk / Town Election Results & Town Meeting Proceedings 2011
Holden,2012,https://holdenma.gov/ImageRepository/Document?documentID=195,result,catalog,documentcenter,Government / Departments / Town Clerk / Town Election Results & Town Meeting Proceedings 2012
Holden,2013,http://www.holdenma.gov:80/sites/holden/files/file/file/april_30_2013_annual_town_election_results.pdf,result,catalog,wayback,
Holden,2013,https://holdenma.gov/ImageRepository/Document?documentID=193,result,catalog,documentcenter,Government / Departments / Town Clerk / Town Election Results & Town Meeting Proceedings 2013
Holden,2014,http://www.holdenma.gov:80/sites/holden/files/file/file/may_2014_town_election_results.pdf,result,catalog,wayback,
Holden,2014,https://holdenma.gov/ImageRepository/Document?documentID=192,result,catalog,documentcenter,Government / Departments / Town Clerk / Town Election Results & Town Meeting Proceedings 2014
Holden,2015,https://holdenma.gov/ImageRepository/Document?documentID=191,result,catalog,documentcenter,Government / Departments / Town Clerk / Town Election Results & Town Meeting Proceedings 2015
Holden,2016,https://holdenma.gov/ImageRepository/Document?documentID=189,result,catalog,documentcenter,Government / Departments / Town Clerk / Town Election Results & Town Meeting Proceedings 2016
Holden,2017,https://holdenma.gov/DocumentCenter/View/683/May-8-2017-Annual-Town-Election-Results,result,catalog,docsweep,"May 8, 2017 Annual Town Election Results"
Holden,2017,https://holdenma.gov/ImageRepository/Document?documentID=188,result,catalog,documentcenter,Government / Departments / Town Clerk / Town Election Results & Town Meeting Proceedings 2017
Holden,2018,https://holdenma.gov/ImageRepository/Document?documentID=187,result,catalog,documentcenter,Government / Departments / Town Clerk / Town Election Results & Town Meeting Proceedings 2018
Holden,2019,https://holdenma.gov/ImageRepository/Document?documentID=185,result,catalog,documentcenter,Government / Departments / Town Clerk / Town Election Results & Town Meeting Proceedings 2019
Holden,2020,https://holdenma.gov/ImageRepository/Document?documentID=184,result,catalog,documentcenter,Government / Departments / Town Clerk / Town Election Results & Town Meeting Proceedings 2020
Holden,2020,https://www.holdenma.gov/sites/g/files/vyhlif4526/f/uploads/holden_2020_annual_town_report_for_web.pdf,atr,nodes,wayback,
Holland,2018,https://town.holland.ma.us/sites/g/files/vyhlif3266/f/pages/sat_annual_report_2018.pdf,atr,nodes,wayback,
Holland,2018,https://town.holland.ma.us/sites/g/files/vyhlif3266/f/uploads/2018_annual_report.pdf,atr,nodes,wayback,
Holland,2019,https://town.holland.ma.us/sites/g/files/vyhlif3266/f/uploads/2019_annual_report.pdf,atr,nodes,wayback,
Holliston,2003,http://www.townofholliston.us/CPC/CPC_Annual_Report_2003.pdf,atr,nodes,wayback,
Holliston,2004,http://www.townofholliston.us/CPC/CPC_Annual_Report_2004.pdf,atr,nodes,wayback,
Holliston,2005,http://www.townofholliston.us/CPC/CPC_Annual_Report_2005.pdf,atr,nodes,wayback,
Holliston,2009,https://www.townofholliston.us/sites/g/files/vyhlif706/f/file/file/finance_committee_annual_report_2009.pdf,atr,nodes,wayback,
Holliston,2012,http://www.townofholliston.us/sites/hollistonma/files/file/file/annual_town_report_2012.pdf,atr,nodes,wayback,
Holliston,2012,http://www.townofholliston.us/sites/hollistonma/files/file/file/finance_committee_2012_annual_report.pdf,atr,nodes,wayback,
Holliston,2012,https://www.townofholliston.us/sites/g/files/vyhlif706/f/file/file/finance_committee_2012_annual_report.pdf,atr,nodes,wayback,
Holliston,2013,http://www.townofholliston.us/sites/hollistonma/files/file/file/2013_official_annual_town_election_results-1.pdf,result,catalog,wayback,
Holliston,2013,http://www.townofholliston.us/sites/hollistonma/files/file/file/finance_committee_annual_report_2013.pdf,atr,nodes,wayback,
Holliston,2013,https://www.townofholliston.us/sites/g/files/vyhlif706/f/file/file/finance_committee_annual_report_2013.pdf,atr,nodes,wayback,
Holliston,2014,http://www.townofholliston.us/sites/hollistonma/files/file/file/finance_committe_annual_report_may_2014.pdf,atr,nodes,wayback,
Holliston,2014,http://www.townofholliston.us:80/sites/hollistonma/files/file/file/2014_annual_town_report_for_website.pdf,atr,nodes,wayback,
Holliston,2014,https://www.townofholliston.us/sites/g/files/vyhlif706/f/file/file/2014_annual_town_report_for_website.pdf,atr,nodes,wayback,
Holliston,2014,https://www.townofholliston.us/sites/g/files/vyhlif706/f/file/file/finance_committe_annual_report_may_2014.pdf,atr,nodes,wayback,
Holliston,2015,https://www.townofholliston.us/sites/g/files/vyhlif706/f/file/file/finance_committee_annual_report_2015.pdf,atr,nodes,wayback,
Holliston,2016,https://www.townofholliston.us/sites/g/files/vyhlif706/f/file/file/annual_town_report_2016.pdf,atr,nodes,wayback,
Holliston,2020,https://www.townofholliston.us/sites/g/files/vyhlif706/f/uploads/gc_town_report_for_2020_a.pdf,atr,nodes,wayback,
Holyoke,2015,https://storage.googleapis.com/5paisa-prod-storage/files/investor_relations/2021-05/postal-ballot-result-as-per-sebi-%28lodr%29-regulation-2015.pdf,result,catalog,wayback,
Holyoke,2018,https://storage.googleapis.com/5paisa-prod-storage/files/investor_relations/2021-05/annual-report-2018-19.pdf,atr,nodes,wayback,
Holyoke,2018,https://storage.googleapis.com/5paisa-prod-storage/files/investor_relations/2021-05/annual_report2017_2018.pdf,atr,nodes,wayback,
Holyoke,2019,https://storage.googleapis.com/5paisa-prod-storage/files/investor_relations/2021-02/5paisa-p2p-limited-annual-report-2019-20.pdf,atr,nodes,wayback,
Holyoke,2019,https://storage.googleapis.com/5paisa-prod-storage/files/investor_relations/2021-05/5paisa-annual-report-2019-20.pdf,atr,nodes,wayback,
Holyoke,2019,https://storage.googleapis.com/5paisa-prod-storage/files/investor_relations/2021-05/5paisa-insurance-brokers-limited-annual-report-2019-20.pdf,atr,nodes,wayback,
Holyoke,2019,https://storage.googleapis.com/5paisa-prod-storage/files/investor_relations/2021-05/5paisa-trading-limited-annual-report-2019-20.pdf,atr,nodes,wayback,
Holyoke,2020,https://storage.googleapis.com/5paisa-prod-storage/files/investor_relations/2021-05/annual-report-2020-21.pdf,atr,nodes,wayback,
Holyoke,2020,https://storage.googleapis.com/agriresearch_bucket/documents/Annual_Report_2020-2021.pdf,atr,nodes,wayback,
Hopedale,2018,https://www.hopedale-ma.gov/sites/hopedalema/files/uploads/2017_annual_report_march_28_2018.pdf,atr,nodes,wayback,
Hopedale,2020,https://www.hopedale-ma.gov/DocumentCenter/View/1783,result,catalog,dc_idsweep,POST ELECTION TABULATION 11 09 2020?bidId=
Hopedale,2020,https://www.hopedale-ma.gov/sites/g/files/vyhlif711/f/uploads/fy_2020_annual_report_final.pdf,atr,nodes,wayback,
Hopkinton,2011,https://ehop.org/wp/wp-content/uploads/2018/02/Press_Release_HRTC_April2011_CaucusResults.pdf,result,catalog,wayback,
Hopkinton,2013,https://ehop.org/wp/wp-content/uploads/2013/05/Hopkinton-Annual-Town-Report-2012.pdf,atr,nodes,wayback,
Hopkinton,2014,https://ehop.org/wp/wp-content/uploads/2014/05/Article-01-2013-Annual-Town-Report.pdf,atr,nodes,wayback,
Hopkinton,2016,https://ehop.org/wp/wp-content/uploads/2016/05/5-16-2016-Town-Election-TALLY-final.pdf,result,catalog,wayback,
Hopkinton,2017,https://ehop.org/wp/wp-content/uploads/2017/04/HOPKINTON-MA-2016-Annual-Town-Report.pdf,atr,nodes,wayback,
Hopkinton,2017,https://ehop.org/wp/wp-content/uploads/2017/05/2017TownElectionUnofficialresults20170515.pdf,result,catalog,wayback,
Hopkinton,2018,https://ehop.org/wp/wp-content/uploads/2018/04/2017-Annual-Town-Report-for-website.pdf,atr,nodes,wayback,
Hopkinton,2019,https://ehop.org/wp/wp-content/uploads/2019/05/2018-Annual-Town-Report-For-Website.pdf,atr,nodes,wayback,
Hopkinton,2019,https://ehop.org/wp/wp-content/uploads/2019/05/UNOFFICIAL-2019-05-20-Annual-Town-Election-Results.pdf,result,catalog,wayback,
Hopkinton,2020,https://ehop.org/wp/wp-content/uploads/2020/06/2020-06-29-Annual-Town-Election-Official-Results.pdf,result,catalog,wayback,
Hopkinton,2020,https://ehop.org/wp/wp-content/uploads/2020/09/HOPKINTON-Annual-Town-Report-2019-TR-WEB-COPY.pdf,atr,nodes,wayback,
Hopkinton,2020,https://ehop.org/wp/wp-content/uploads/2021/05/2020-ANNUAL-TOWN-REPORT-HOPKINTON-MA-WEB-sm.pdf,atr,nodes,wayback,
Hubbardston,2004,http://www.hubbardstonma.us:80/pdfs/2004_annual_report.pdf,atr,nodes,wayback,
Hubbardston,2006,http://hubbardstonma.us/pdfs/2006annualreport.pdf,atr,nodes,wayback,
Hubbardston,2007,http://hubbardstonma.us/pdfs/2007annualreport.pdf,atr,nodes,wayback,
Hubbardston,2008,http://hubbardstonma.us/pdfs/2008annualreport.pdf,atr,nodes,wayback,
Hubbardston,2009,http://hubbardstonma.us/pdfs/cpcannualreport-2009.pdf,atr,nodes,wayback,
Hubbardston,2020,https://www.hubbardstonma.us/sites/g/files/vyhlif3276/f/pages/cpc_town_report_2020.pdf,atr,nodes,wayback,
Hudson,2006,https://www.townofhudson.org/DocumentCenter/View/2279,result,catalog,dc_idsweep,May 8 2006 Annual Town Election Results PDF?bidId=
Hudson,2007,https://www.townofhudson.org/DocumentCenter/View/2275,result,catalog,dc_idsweep,May 14 2007 Annual Town Election Results PDF?bidId=
Hudson,2008,https://www.townofhudson.org/DocumentCenter/View/2260,result,catalog,dc_idsweep,May 12 2008 Annual Town Election Results PDF?bidId=
Hudson,2009,https://www.townofhudson.org/DocumentCenter/View/2244,result,catalog,dc_idsweep,May 11 2009 Annual Town Election Results PDF?bidId=
Hudson,2010,https://www.townofhudson.org/DocumentCenter/View/2239,result,catalog,dc_idsweep,May 10 2010 Annual Town Election Results PDF?bidId=
Hudson,2016,https://www.townofhudson.org/DocumentCenter/View/2213,result,catalog,dc_idsweep,May 9 2016 Town Election Result PDF?bidId=
Hudson,2018,https://www.townofhudson.org/DocumentCenter/View/2208,result,catalog,dc_idsweep,May 14 2018 Annual Town Election Results PDF?bidId=
Hudson,2020,https://www.townofhudson.org/DocumentCenter/View/2204,result,catalog,dc_idsweep,May 11 2020 Annual Town Election Postponed to June 29 2020 Unofficial Results PDF?bidId=
Hudson,2020,https://www.townofhudson.org/DocumentCenter/View/2205,result,catalog,dc_idsweep,May 11 2020 Annual Town Election Postponed to June 29 2020 Official Results PDF?bidId=
Hull,2008,https://www.town.hull.ma.us/sites/g/files/vyhlif3286/f/uploads/2008annualreport_2.pdf,atr,nodes,wayback,
Hull,2009,https://www.town.hull.ma.us/sites/g/files/vyhlif3286/f/uploads/2009_annual_report.pdf,atr,nodes,wayback,
Hull,2010,https://www.town.hull.ma.us/DocumentCenter/View/1035,result,catalog,dc_idsweep,Town Election Results   May 17 2010 PDF?bidId=
Hull,2012,https://www.town.hull.ma.us/DocumentCenter/View/1038,result,catalog,dc_idsweep,Town Election Results   May 21 2012 PDF?bidId=
Hull,2012,https://www.town.hull.ma.us/sites/g/files/vyhlif3286/f/uploads/2012_annual_report.pdf,atr,nodes,wayback,
Hull,2013,https://www.town.hull.ma.us/DocumentCenter/View/1040,result,catalog,dc_idsweep,Town Election Results   May 20 2013 PDF?bidId=
Hull,2014,http://www.town.hull.ma.us/Public_Documents/HullMA_Select/2014%20Annual%20Report.pdf,atr,nodes,wayback,
Hull,2014,https://www.town.hull.ma.us/DocumentCenter/View/1042,result,catalog,dc_idsweep,Town Election Results   May 19 2014 PDF?bidId=
Hull,2014,https://www.town.hull.ma.us/sites/g/files/vyhlif3286/f/uploads/2014_annual_report.pdf,atr,nodes,wayback,
Hull,2015,https://www.town.hull.ma.us/DocumentCenter/View/1044,result,catalog,dc_idsweep,Town Election Results   May 18 2015 PDF?bidId=
Hull,2016,https://www.town.hull.ma.us/DocumentCenter/View/1051,result,catalog,dc_idsweep,Official Tally Sheet   November 8 2016 PDF?bidId=
Hull,2016,https://www.town.hull.ma.us/DocumentCenter/View/1052,result,catalog,dc_idsweep,Official Town Election Results   May 2016 PDF?bidId=
Hull,2016,https://www.town.hull.ma.us/DocumentCenter/View/1059,result,catalog,dc_idsweep,Unofficial Town Election Results   May 2016 PDF?bidId=
Hull,2016,https://www.town.hull.ma.us/sites/g/files/vyhlif3286/f/uploads/annual_report_2016.pdf,atr,nodes,wayback,
Hull,2017,https://www.town.hull.ma.us/DocumentCenter/View/1063,result,catalog,dc_idsweep,Hull Unofficial Results   Annual Town Election   May 15 2017 PDF?bidId=
Hull,2020,https://www.town.hull.ma.us/DocumentCenter/View/1073,result,catalog,dc_idsweep,June 23 2020 Annual Town Election Results PDF?bidId=
Hull,2020,https://www.town.hull.ma.us/sites/g/files/vyhlif3286/f/uploads/june_23_2020_town_of_hull_annual_town_election_official_results_1_with_write-in_info_updated_6282020.pdf,result,catalog,wayback,
Huntington,2006,http://www.huntingtonma.us/AnnualReports/2006_AnnualReport-sm.pdf,atr,nodes,wayback,
Huntington,2006,https://www.huntingtonma.us/Reports/2006_AnnualReport-sm.pdf,atr,nodes,wayback,
Huntington,2007,http://www.huntingtonma.us/AnnualReports/2007_AnnualReport.pdf,atr,nodes,wayback,
Huntington,2007,https://www.huntingtonma.us/Reports/2007_AnnualReport.pdf,atr,nodes,wayback,
Huntington,2008,http://www.huntingtonma.us/AnnualReports/2008_AnnualReport.pdf,atr,nodes,wayback,
Huntington,2008,https://www.huntingtonma.us/Reports/2008_AnnualReport.pdf,atr,nodes,wayback,
Huntington,2009,http://www.huntingtonma.us/Documents/2009AnnualReport.pdf,atr,nodes,wayback,
Huntington,2011,http://www.huntingtonma.us/AnnualReports/2011AnnualReport.pdf,atr,nodes,wayback,
Huntington,2011,https://www.huntingtonma.us/Reports/2011AnnualReport.pdf,atr,nodes,wayback,
Huntington,2013,http://www.huntingtonma.us/AnnualReports/Huntington_Annual_Report_2013.pdf,atr,nodes,wayback,
Huntington,2013,https://www.huntingtonma.us/Reports/Huntington_Annual_Report_2013.pdf,atr,nodes,wayback,
Huntington,2014,http://huntingtonma.us/AnnualReports/2014_Huntington_Annual_Town_Report-web.pdf,atr,nodes,wayback,
Huntington,2014,https://www.huntingtonma.us/Reports/2014_Huntington_Annual_Town_Report-web.pdf,atr,nodes,wayback,
Huntington,2016,http://www.huntingtonma.us/AnnualReports/2016_Huntington_Annual_Town_Report-web.pdf,atr,nodes,wayback,
Huntington,2016,https://www.huntingtonma.us/Reports/2016_Huntington_Annual_Town_Report-web.pdf,atr,nodes,wayback,
Huntington,2017,http://huntingtonma.us/AnnualReports/2017%20Huntington%20Annual%20Report.pdf,atr,nodes,wayback,
Huntington,2017,https://www.huntingtonma.us/Reports/2017%20Huntington%20Annual%20Report.pdf,atr,nodes,wayback,
Huntington,2018,https://www.huntingtonma.us/Reports/2018_Huntington_Annual_Town_Report-web.pdf,atr,nodes,wayback,
Huntington,2019,https://www.huntingtonma.us/Reports/2019_Huntington_Annual_Town_Report-web.pdf,atr,nodes,wayback,
Huntington,2020,https://huntingtonma.us/Reports/2020_Huntington_Annual_Town_Report-web.pdf,atr,nodes,wayback,
Ipswich,2016,https://www.ipswichma.gov/DocumentCenter/View/8669,result,catalog,dc_idsweep,Pres Election_2016 Preliminary Results?bidId=
Ipswich,2020,https://ipswichma.gov/DocumentCenter/View/12364/2020-06-30-Draft-Town-Election-Results,result,catalog,wayback,
Ipswich,2020,https://ipswichma.gov/DocumentCenter/View/12963/2020-06-30-Town-Election-Results,result,catalog,docsweep,2020-06-30 Annual Town Election
Ipswich,2020,https://www.ipswichma.gov/DocumentCenter/View/12963/2020-06-30-Town-Election-Results,result,catalog,wayback,
Kingston,2007,https://www.kingstonma.gov/DocumentCenter/View/3488,result,catalog,dc_idsweep,2007 2020 Annual Town Election Results?bidId=
Kingston,2020,https://kingstonma.gov/DocumentCenter/View/598/2020-Annual-Town-Election-Results-06-27-2020-PDF,result,catalog,wayback,
Kingston,2020,https://kingstonma.gov/DocumentCenter/View/632/2020-Special-Recall-Election-Results-06-27-2020-PDF,result,catalog,docsweep,2020 Special Recall Election Results 06-27-2020 (PDF)
Lakeville,2010,http://www.lakevillema.org/uploads/2010%20Town%20Report.pdf,atr,nodes,wayback,
Lakeville,2010,https://www.lakevillema.org/sites/g/files/vyhlif751/f/uploads/2010_town_report.pdf,atr,nodes,wayback,
Lakeville,2011,"http://www.lakevillema.org/Elections/Results%20April%204,%202011.pdf",result,catalog,wayback,
Lakeville,2011,https://www.lakevillema.org/sites/g/files/vyhlif751/f/uploads/lakeville_2011_town_report.pdf,atr,nodes,wayback,
Lakeville,2012,https://www.lakevillema.org/sites/g/files/vyhlif751/f/uploads/lakeville_2012_town_report-web_copy.pdf,atr,nodes,wayback,
Lakeville,2014,http://lakevillema.org/Elections/Town%20election%20results%202014.pdf,result,catalog,wayback,
Lakeville,2014,http://lakevillema.org/Town%20Report/2014.pdf,atr,nodes,wayback,
Lakeville,2015,http://lakevillema.org/Town%20Report/2015%20Town%20Report.pdf,atr,nodes,wayback,
Lakeville,2015,https://www.lakevillema.org/sites/g/files/vyhlif751/f/uploads/2015_town_report.pdf,atr,nodes,wayback,
Lakeville,2018,https://www.lakevillema.org/DocumentCenter/View/837/Annual-Town-Election-Results-April-2-2018,result,catalog,docsweep,"Annual Town Election Results April 2, 2018"
Lakeville,2019,https://www.lakevillema.org/DocumentCenter/View/836/Annual-Town-Election-Results-April-1-2019,result,catalog,docsweep,"Annual Town Election Results April 1, 2019"
Lakeville,2020,https://www.lakevillema.org/DocumentCenter/View/823/Annual-Town-Election-Results-June-16-2020-postponed-from-April-6-2020,result,catalog,docsweep,"Annual Town Election Results, June 16, 2020 (postponed from April 6, 2020)"
Lancaster,2000,https://www.ci.lancaster.ma.us/sites/g/files/vyhlif4586/f/uploads/2000_annual_report.pdf,atr,nodes,wayback,
Lancaster,2001,https://www.ci.lancaster.ma.us/sites/g/files/vyhlif4586/f/uploads/2001_annual_report.pdf,atr,nodes,wayback,
Lancaster,2003,http://www.ci.lancaster.ma.us:80/town_report/2003_annual_town_report_part1.pdf,atr,nodes,wayback,
Lancaster,2003,http://www.ci.lancaster.ma.us:80/town_report/2003_annual_town_report_part2.pdf,atr,nodes,wayback,
Lancaster,2004,http://www.ci.lancaster.ma.us:80/town_report/2004/2004_ar_sec1.pdf,atr,nodes,wayback,
Lancaster,2004,https://www.ci.lancaster.ma.us/sites/g/files/vyhlif4586/f/uploads/2004_annual_town_report_-_section_1.pdf,atr,nodes,wayback,
Lancaster,2004,https://www.ci.lancaster.ma.us/sites/g/files/vyhlif4586/f/uploads/2004_annual_town_report_-_section_2.pdf,atr,nodes,wayback,
Lancaster,2004,https://www.ci.lancaster.ma.us/sites/g/files/vyhlif4586/f/uploads/nov_2_2004_election_results.pdf,result,catalog,wayback,
Lancaster,2005,http://www.ci.lancaster.ma.us/filestorage/52/78/204/Annual_Report_2005_final.pdf,atr,nodes,wayback,
Lancaster,2005,http://www.ci.lancaster.ma.us:80/clerk/elections/results/2005/09may05_townelectionresults.pdf,result,catalog,wayback,
Lancaster,2005,https://www.ci.lancaster.ma.us/DocumentCenter/View/488,result,catalog,dc_idsweep,May 9 2005 Town Election Results PDF?bidId=
Lancaster,2005,https://www.ci.lancaster.ma.us/sites/g/files/vyhlif4586/f/uploads/2005_annual_town_report.pdf,atr,nodes,wayback,
Lancaster,2006,https://www.ci.lancaster.ma.us/DocumentCenter/View/487,result,catalog,dc_idsweep,May 8 2006 Town Election Results PDF?bidId=
Lancaster,2006,https://www.ci.lancaster.ma.us/sites/g/files/vyhlif4586/f/uploads/2006_annual_town_report.pdf,atr,nodes,wayback,
Lancaster,2007,https://www.ci.lancaster.ma.us/DocumentCenter/View/495,result,catalog,dc_idsweep,May 14 2007 Town Election Results PDF?bidId=
Lancaster,2007,https://www.ci.lancaster.ma.us/sites/g/files/vyhlif4586/f/uploads/2007_annual_town_report.pdf,atr,nodes,wayback,
Lancaster,2008,https://www.ci.lancaster.ma.us/DocumentCenter/View/501,result,catalog,dc_idsweep,May 12 2008 Town Election Results PDF?bidId=
Lancaster,2008,https://www.ci.lancaster.ma.us/sites/g/files/vyhlif4586/f/uploads/2008_annual_town_report.pdf,atr,nodes,wayback,
Lancaster,2009,https://www.ci.lancaster.ma.us/DocumentCenter/View/508,result,catalog,dc_idsweep,May 11 2009 Town Election Results PDF?bidId=
Lancaster,2009,https://www.ci.lancaster.ma.us/sites/g/files/vyhlif4586/f/uploads/2009_annual_town_report.pdf,atr,nodes,wayback,
Lancaster,2010,https://www.ci.lancaster.ma.us/DocumentCenter/View/514,result,catalog,dc_idsweep,May 10 2010 Town Election Results PDF?bidId=
Lancaster,2010,https://www.ci.lancaster.ma.us/sites/g/files/vyhlif4586/f/uploads/2010_annual_town_report.pdf,atr,nodes,wayback,
Lancaster,2011,https://www.ci.lancaster.ma.us/DocumentCenter/View/521,result,catalog,dc_idsweep,May 9 2011 Town Election Results PDF?bidId=
Lancaster,2011,https://www.ci.lancaster.ma.us/sites/g/files/vyhlif4586/f/uploads/2011_annual_town_report.pdf,atr,nodes,wayback,
Lancaster,2012,https://www.ci.lancaster.ma.us/DocumentCenter/View/526,result,catalog,dc_idsweep,May 14 2012 Town Election Results PDF?bidId=
Lancaster,2012,https://www.ci.lancaster.ma.us/sites/g/files/vyhlif4586/f/uploads/2012_annual_town_report.pdf,atr,nodes,wayback,
Lancaster,2013,https://www.ci.lancaster.ma.us/DocumentCenter/View/531,result,catalog,dc_idsweep,May 13 2013 Town Election Results PDF?bidId=
Lancaster,2013,https://www.ci.lancaster.ma.us/sites/g/files/vyhlif4586/f/uploads/2013_annual_town_report.pdf,atr,nodes,wayback,
Lancaster,2014,http://www.ci.lancaster.ma.us/Pages/LancasterMA_BComm/2014%20LHC%20Annual%20Report.pdf,atr,nodes,wayback,
Lancaster,2014,https://www.ci.lancaster.ma.us/DocumentCenter/View/2763/November-4-2014-Results-TOWN-ELECTION,result,catalog,docsweep,"November 4, 2014 Results TOWN ELECTION"
Lancaster,2014,https://www.ci.lancaster.ma.us/DocumentCenter/View/543,result,catalog,dc_idsweep,May 12 2014 Town Election Results PDF?bidId=
Lancaster,2014,https://www.ci.lancaster.ma.us/sites/g/files/vyhlif4586/f/uploads/2014_annual_town_report.pdf,atr,nodes,wayback,
Lancaster,2015,https://www.ci.lancaster.ma.us/DocumentCenter/View/2693/MAY-11-2015-FINAL-RESULTS-TOWN-ELECTION,result,catalog,docsweep,"MAY 11, 2015 FINAL RESULTS TOWN ELECTION"
Lancaster,2015,https://www.ci.lancaster.ma.us/DocumentCenter/View/2694,result,catalog,dc_idsweep,MAY 11 2015 FINAL RESULTS TOWN ELECTION?bidId=
Lancaster,2015,https://www.ci.lancaster.ma.us/DocumentCenter/View/547,result,catalog,dc_idsweep,May 11 2015 Town Election Results PDF?bidId=
Lancaster,2015,https://www.ci.lancaster.ma.us/sites/g/files/vyhlif4586/f/uploads/2015_annual_town_report.pdf,atr,nodes,wayback,
Lancaster,2015,https://www.ci.lancaster.ma.us/sites/g/files/vyhlif4586/f/uploads/may_11_2015_final_results_town_election.pdf,result,catalog,wayback,
Lancaster,2016,https://www.ci.lancaster.ma.us/DocumentCenter/View/2682/MAY-9-2016-FINAL-RESULTS-TOWN-ELECTION-2,result,catalog,docsweep,"MAY 9, 2016 FINAL RESULTS TOWN ELECTION-2"
Lancaster,2016,https://www.ci.lancaster.ma.us/DocumentCenter/View/2683/SEPT-20-2016-FINAL-RESULTS-MINUTEMAN-ELECTION-2,result,catalog,docsweep,SEPT 20 2016 FINAL RESULTS MINUTEMAN ELECTION-2
Lancaster,2016,https://www.ci.lancaster.ma.us/DocumentCenter/View/548,result,catalog,dc_idsweep,May 9 2016 Town Election FINAL RESULTS PDF?bidId=
Lancaster,2016,https://www.ci.lancaster.ma.us/sites/g/files/vyhlif4586/f/uploads/2016_annual_town_report.pdf,atr,nodes,wayback,
Lancaster,2016,https://www.ci.lancaster.ma.us/sites/g/files/vyhlif4586/f/uploads/may_9_2016_final_results_town_election-2.pdf,result,catalog,wayback,
Lancaster,2017,https://www.ci.lancaster.ma.us/DocumentCenter/View/2638/MAY-8-2017-FINAL-RESULTS-TOWN-ELECTION-2,result,catalog,docsweep,"MAY 8, 2017 FINAL RESULTS TOWN ELECTION-2"
Lancaster,2017,https://www.ci.lancaster.ma.us/DocumentCenter/View/551,result,catalog,dc_idsweep,MAY 9 2017 FINAL RESULTS TOWN ELECTION 2 PDF?bidId=
Lancaster,2017,https://www.ci.lancaster.ma.us/sites/g/files/vyhlif4586/f/uploads/may_9_2017_final_results_town_election-2.pdf,result,catalog,wayback,
Lancaster,2018,https://www.ci.lancaster.ma.us/DocumentCenter/View/2635/MAY-14-2018-FINAL-RESULTS-TOWN-ELECTION,result,catalog,docsweep,"MAY 14, 2018 FINAL RESULTS TOWN ELECTION"
Lancaster,2018,https://www.ci.lancaster.ma.us/DocumentCenter/View/560,result,catalog,dc_idsweep,May 14 2018 Final Results Town Election PDF?bidId=
Lancaster,2018,https://www.ci.lancaster.ma.us/sites/g/files/vyhlif4586/f/uploads/annual_town_report_2018-web.pdf,atr,nodes,wayback,
Lancaster,2018,https://www.ci.lancaster.ma.us/sites/g/files/vyhlif4586/f/uploads/may_14_2018_final_results_town_election.pdf,result,catalog,wayback,
Lancaster,2019,https://www.ci.lancaster.ma.us/DocumentCenter/View/2628/May-13-2019-LOCAL-ELECTION-RESULTS-FINAL,result,catalog,docsweep,"May 13, 2019 LOCAL ELECTION RESULTS FINAL"
Lancaster,2019,https://www.ci.lancaster.ma.us/DocumentCenter/View/570,result,catalog,dc_idsweep,Annual Town Election May 13 2019 FINAL Results PDF?bidId=
Lancaster,2019,https://www.ci.lancaster.ma.us/sites/g/files/vyhlif4586/f/uploads/annual_town_report_2019.pdf,atr,nodes,wayback,
Lancaster,2019,https://www.ci.lancaster.ma.us/sites/g/files/vyhlif4586/f/uploads/devens_hhw_annual_rpt_2019.pdf,atr,nodes,wayback,
Lancaster,2019,https://www.ci.lancaster.ma.us/sites/g/files/vyhlif4586/f/uploads/may_13_2019_local_election_results_final.pdf,result,catalog,wayback,
Lancaster,2020,https://www.ci.lancaster.ma.us/DocumentCenter/View/577/Annual-Town-Election---June-29-2020-FINAL-RESULTS-PDF,result,catalog,wayback,
Lancaster,2020,https://www.ci.lancaster.ma.us/sites/g/files/vyhlif4586/f/uploads/2020_annual_town_report_1_0_1_1.pdf,atr,nodes,wayback,
Lancaster,2020,https://www.ci.lancaster.ma.us/sites/g/files/vyhlif4586/f/uploads/june_29_2020_final_results_town_election.pdf,result,catalog,wayback,
Lanesborough,2013,http://www.lanesborough-ma.gov/vertical/sites/%7B35069B63-55EF-4033-982E-FE5C4BF36433%7D/uploads/Annual_Town_Report_2013.pdf,atr,nodes,wayback,
Lanesborough,2013,https://www.lanesborough-ma.gov/sites/g/files/vyhlif761/f/uploads/annual_town_report_2013.pdf,atr,nodes,wayback,
Lanesborough,2014,http://www.lanesborough-ma.gov/vertical/sites/%7B35069B63-55EF-4033-982E-FE5C4BF36433%7D/uploads/Annual_Report_2014(1).pdf,atr,nodes,wayback,
Lanesborough,2014,http://www.lanesborough-ma.gov/vertical/sites/%7B35069B63-55EF-4033-982E-FE5C4BF36433%7D/uploads/Annual_Report_2014.pdf,atr,nodes,wayback,
Lanesborough,2014,https://lanesborough-ma.gov/government/Document Center/Government/Town Meeting/2014/annual_town_report_2013.pdf?t=202210051326410,atr,nodes,crawl,FY13 Annual Town Report
Lanesborough,2015,http://www.lanesborough-ma.gov/vertical/sites/%7B35069B63-55EF-4033-982E-FE5C4BF36433%7D/uploads/Annual_Town_Report_2015(1).pdf,atr,nodes,wayback,
Lanesborough,2015,http://www.lanesborough-ma.gov/vertical/sites/%7B35069B63-55EF-4033-982E-FE5C4BF36433%7D/uploads/Annual_Town_Report_2015.pdf,atr,nodes,wayback,
Lanesborough,2015,https://lanesborough-ma.gov/government/Document Center/Government/Town Meeting/2015/annual_report_20141.pdf?t=202210051326410,atr,nodes,crawl,FY14 Annual Town Report
Lanesborough,2016,https://lanesborough-ma.gov/government/Document Center/Government/Town Meeting/2016/annual_town_report_20151.pdf?t=202210051326420,atr,nodes,crawl,FY15 Annual Town Report
Lanesborough,2017,https://lanesborough-ma.gov/government/Document Center/Government/Town Meeting/2017/2017_town_report2.pdf?t=202210051326410,atr,nodes,crawl,FY16 Annual Town Report
Lanesborough,2017,https://www.lanesborough-ma.gov/sites/g/files/vyhlif761/f/uploads/2017_town_report2.pdf,atr,nodes,wayback,
Lanesborough,2018,https://lanesborough-ma.gov/government/Document Center/Government/Town Meeting/2018/lanesborough_town_report.pdf?t=202210051326420,atr,nodes,crawl,FY17 Annual Town Report
Lanesborough,2019,https://www.lanesborough-ma.gov/sites/g/files/vyhlif761/f/uploads/2019_full_lanesborough_town_report.pdf,atr,nodes,wayback,
Lanesborough,2020,https://lanesborough-ma.gov/government/Document Center/Government/Town Meeting/2020/2019_full_lanesborough_town_report.pdf?t=202210051326390,atr,nodes,crawl,FY19 Annual Town Report
Lanesborough,2020,https://lanesborough-ma.gov/government/Document Center/Government/Town Meeting/2021/2020_lanesboro_town_report_for_website.pdf?t=202210051326380,atr,nodes,crawl,FY20 Annual Town Report
Lanesborough,2020,https://www.lanesborough-ma.gov/sites/g/files/vyhlif761/f/uploads/2020_lanesboro_town_report_for_website.pdf,atr,nodes,wayback,
Lanesborough,2020,https://www.lanesborough-ma.gov/sites/g/files/vyhlif761/f/uploads/pontoosuc_lake_2020_annual_report.pdf,atr,nodes,wayback,
Lawrence,2007,https://cityoflawrence.com/ImageRepository/Document?documentID=69,result,catalog,documentcenter,Election Division / Election Results 2007 Election Results
Lawrence,2007,https://www.cityoflawrence.com/DocumentCenter/View/378,result,catalog,dc_idsweep,11 6 2007 Municipal Election Official Results PDF?bidId=
Lawrence,2007,https://www.cityoflawrence.com/DocumentCenter/View/379,result,catalog,dc_idsweep,11 6 2007 Municipal Election Unofficial Results None Available PDF?bidId=
Lawrence,2008,https://cityoflawrence.com/ImageRepository/Document?documentID=70,result,catalog,documentcenter,Election Division / Election Results 2008 Election Results
Lawrence,2009,https://cityoflawrence.com/ImageRepository/Document?documentID=71,result,catalog,documentcenter,Election Division / Election Results 2009 Election Results
Lawrence,2009,https://www.cityoflawrence.com/DocumentCenter/View/390,result,catalog,dc_idsweep,11 3 2009 Municipal Election Official Results Before Recounts PDF?bidId=
Lawrence,2009,https://www.cityoflawrence.com/DocumentCenter/View/391,result,catalog,dc_idsweep,11 3 2009 Municipal Election Official Results After Recounts PDF?bidId=
Lawrence,2010,https://cityoflawrence.com/ImageRepository/Document?documentID=72,result,catalog,documentcenter,Election Division / Election Results 2010 Election Results
Lawrence,2011,https://cityoflawrence.com/ImageRepository/Document?documentID=73,result,catalog,documentcenter,Election Division / Election Results 2011 Election Results
Lawrence,2012,https://cityoflawrence.com/ImageRepository/Document?documentID=74,result,catalog,documentcenter,Election Division / Election Results 2012  Election Results
Lawrence,2013,https://cityoflawrence.com/ImageRepository/Document?documentID=75,result,catalog,documentcenter,Election Division / Election Results 2013 Election Results
Lawrence,2013,https://www.cityoflawrence.com/DocumentCenter/View/435,result,catalog,dc_idsweep,11 5 2013 Municipal Election Official Results   Recount Mayor Only PDF?bidId=
Lawrence,2013,https://www.cityoflawrence.com/DocumentCenter/View/436,result,catalog,dc_idsweep,11 5 2013 Municipal Election Official Results   Except Mayor Only PDF?bidId=
Lawrence,2013,https://www.cityoflawrence.com/DocumentCenter/View/445,result,catalog,dc_idsweep,11 5 2013 Municipal Election Unofficial Results Grid PDF?bidId=
Lawrence,2013,https://www.cityoflawrence.com/DocumentCenter/View/446,result,catalog,dc_idsweep,11 5 2013 Municipal Election Unofficial Results PDF?bidId=
Lawrence,2014,https://cityoflawrence.com/ImageRepository/Document?documentID=76,result,catalog,documentcenter,Election Division / Election Results 2014 Election Results
Lawrence,2015,https://cityoflawrence.com/ImageRepository/Document?documentID=77,result,catalog,documentcenter,Election Division / Election Results 2015 Election Results
Lawrence,2015,https://www.cityoflawrence.com/DocumentCenter/View/453,result,catalog,dc_idsweep,11 3 2015 Municipal Election Unofficial Results PDF?bidId=
Lawrence,2015,https://www.cityoflawrence.com/DocumentCenter/View/454,result,catalog,dc_idsweep,11 3 2015 Municipal Election Official Results PDF?bidId=
Lawrence,2016,https://cityoflawrence.com/ImageRepository/Document?documentID=78,result,catalog,documentcenter,Election Division / Election Results 2016 Election Results
Lawrence,2017,https://cityoflawrence.com/ImageRepository/Document?documentID=79,result,catalog,documentcenter,Election Division / Election Results 2017 Election Results
Lawrence,2017,https://www.cityoflawrence.com/DocumentCenter/View/469,result,catalog,dc_idsweep,11 7 2017 Municial Election Unofficial Results Amended PDF?bidId=
Lawrence,2018,https://cityoflawrence.com/ImageRepository/Document?documentID=389,result,catalog,documentcenter,Election Division / Election Results 2018 Election Results
Lawrence,2019,https://cityoflawrence.com/ImageRepository/Document?documentID=1435,result,catalog,documentcenter,Election Division / Election Results 2019 Election Results
Lawrence,2020,https://cityoflawrence.com/ImageRepository/Document?documentID=1939,result,catalog,documentcenter,Election Division / Election Results 2020 Election Results
Lee,2000,http://www.lee.ma.us/sites/g/files/vyhlif771/f/uploads/town_report_cy_2000.pdf,atr,nodes,wayback,
Lee,2001,http://www.lee.ma.us/sites/g/files/vyhlif771/f/uploads/town_report_fy_2001.pdf,atr,nodes,wayback,
Lee,2002,http://www.lee.ma.us/sites/g/files/vyhlif771/f/uploads/town_report_fy_2002.pdf,atr,nodes,wayback,
Lee,2002,https://www.lee.ma.us/sites/leema/files/uploads/town_report_fy_2002.pdf,atr,nodes,wayback,
Lee,2003,http://www.lee.ma.us/sites/g/files/vyhlif771/f/uploads/town_report_fy_2003.pdf,atr,nodes,wayback,
Lee,2004,http://www.lee.ma.us/sites/g/files/vyhlif771/f/uploads/town_report_fy_2004.pdf,atr,nodes,wayback,
Lee,2005,http://www.lee.ma.us/Town_Reports/FY%2005%20Town_Report.pdf,atr,nodes,wayback,
Lee,2006,http://www.lee.ma.us/Town_Reports/FY%2006%20Town%20Report.pdf,atr,nodes,wayback,
Lee,2007,http://www.lee.ma.us/Town_Reports/FY%2007%20Town%20Report.pdf,atr,nodes,wayback,
Lee,2008,http://www.lee.ma.us/Town_Reports/FY%2008%20Town%20Report.pdf,atr,nodes,wayback,
Lee,2010,http://www.lee.ma.us/Town_Reports/Fy%2010%20Town%20Report.pdf,atr,nodes,wayback,
Lee,2011,http://www.lee.ma.us/Town_Reports/Fy%2011%20Town%20Report.pdf,atr,nodes,wayback,
Lee,2012,http://www.lee.ma.us/Town_Reports/FY%2012%20Town%20Report.pdf,atr,nodes,wayback,
Lee,2013,http://www.lee.ma.us/Town_Reports/FY%2013%20Town%20Report.pdf,atr,nodes,wayback,
Lee,2016,http://www.lee.ma.us/sites/g/files/vyhlif771/f/uploads/town_report_fy_2016.pdf,atr,nodes,wayback,
Lee,2016,https://www.lee.ma.us/sites/leema/files/uploads/town_report_fy_2016.pdf,atr,nodes,wayback,
Lee,2017,http://www.lee.ma.us/sites/g/files/vyhlif771/f/uploads/town_report_fy_2017.pdf,atr,nodes,wayback,
Lee,2018,http://www.lee.ma.us/sites/g/files/vyhlif771/f/uploads/town_report_fy_2018.pdf,atr,nodes,wayback,
Lee,2020,https://leema.gov/DocumentCenter/View/4137/Late-Tabulation-of-Ballots-Nov-9-2020,result,catalog,docsweep,Late Tabulation of Ballots Nov 9 2020
Lee,2020,https://leema.gov/DocumentCenter/View/4412/Early-Mail-in-Voting-Tabulation-Aug-24-and-28-NOTE-NO-results-will-be-printed-until-Election-day---Sept-1-2020-at-8pm,result,catalog,docsweep,"Early Mail-in Voting Tabulation Aug 24 and 28 (NOTE NO results will be printed until Election day - Sept 1, 20"
Leicester,2009,http://leicesterma.org/townreport2009/TOWN%20REPORT%202009%20-%20FINAL.pdf,atr,nodes,wayback,
Leicester,2013,http://www.leicesterma.org/sites/leicesterma/files/uploads/2013_annual_town_report.pdf,atr,nodes,wayback,
Leicester,2013,https://www.leicesterma.org/sites/g/files/vyhlif781/f/uploads/2013_annual_town_report.pdf,atr,nodes,wayback,
Leicester,2014,http://www.leicesterma.org/sites/leicesterma/files/uploads/2014_annual_town_report_attachment_1.pdf,atr,nodes,wayback,
Leicester,2014,http://www.leicesterma.org:80/sites/leicesterma/files/uploads/2014_annual_town_report.pdf,atr,nodes,wayback,
Leicester,2014,https://www.leicesterma.org/sites/g/files/vyhlif781/f/uploads/2014_annual_town_report.pdf,atr,nodes,wayback,
Leicester,2016,https://www.leicesterma.org/sites/g/files/vyhlif781/f/uploads/2016_annual_town_report_final.pdf,atr,nodes,wayback,
Leicester,2016,https://www.leicesterma.org/sites/g/files/vyhlif781/f/uploads/town_report_2016-salaries_only_calendar_year.pdf,atr,nodes,wayback,
Leicester,2017,https://www.leicesterma.org/sites/g/files/vyhlif781/f/uploads/2017_annual_town_report_final_1.pdf,atr,nodes,wayback,
Leicester,2019,https://www.leicesterma.org/sites/g/files/vyhlif781/f/uploads/2019_annual_town_report_final_05-11-20.pdf,atr,nodes,wayback,
Leicester,2020,https://www.leicesterma.org/sites/g/files/vyhlif781/f/uploads/2020_annual_town_report_final_03-10-21.pdf,atr,nodes,wayback,
Lenox,2008,http://www.townoflenox.com:80/public_documents/LenoxMA_Bylaws/LENOX%20Annual%20Town%20Report%2008.pdf,atr,nodes,wayback,
Lenox,2016,https://www.townoflenox.com/sites/g/files/vyhlif3341/f/uploads/annual_town_report_2016.pdf,atr,nodes,wayback,
Lenox,2017,https://www.townoflenox.com/sites/g/files/vyhlif3341/f/uploads/annual_town_report_fy2017.pdf,atr,nodes,wayback,
Leominster,2003,http://www.leominster-ma.gov:80/images/images_public_works_dept/pdfs/fy2003_annual_report.pdf,atr,nodes,wayback,
Leominster,2005,http://leominster-ma.gov/images/images_comptroller_dept/pdfs/annual-report-2005.pdf,atr,nodes,wayback,
Leominster,2006,http://leominster-ma.gov/images/images_comptroller_dept/pdfs/annual-report-2006.pdf,atr,nodes,wayback,
Leominster,2006,http://www.leominster-ma.gov/images/images_public_works_dept/pdfs/fy2006_annual_report.pdf,atr,nodes,wayback,
Leominster,2007,http://leominster-ma.gov/images/images_comptroller_dept/pdfs/annual-report-2007.pdf,atr,nodes,wayback,
Leominster,2008,http://leominster-ma.gov/images/images_comptroller_dept/pdfs/annual-report-2008.pdf,atr,nodes,wayback,
Leominster,2009,http://leominster-ma.gov/images/images_comptroller_dept/pdfs/annual_report_2009.pdf,atr,nodes,wayback,
Leominster,2010,http://leominster-ma.gov/images/images_comptroller_dept/pdfs/annual_report_2010.pdf,atr,nodes,wayback,
Leominster,2018,https://www.leominster-ma.gov/documents/Clerk/2018%20Nov%20Election%20-%20Tally%20-%20%20For%20Web%20Site.pdf,result,catalog,wayback,
Leominster,2019,https://leominster-ma.gov/DocumentCenter/View/1158/09-05-2019-Municipal-Election-Official-Results-PDF,result,catalog,wayback,
Leverett,2019,https://leverett.ma.us/meetings/3407/LHC_Annual_Report_2019_-_final.pdf,atr,nodes,wayback,
Lexington,2001,http://lexingtonma.gov/Selectmen/TownReport2001.pdf,atr,nodes,wayback,
Lexington,2006,http://lexingtonma.gov/Selectmen/2006%20Lex%20Annual%20Report_LowRes.pdf,atr,nodes,wayback,
Lexington,2009,http://lexingtonma.gov/2009TownReport-final.pdf,atr,nodes,wayback,
Lexington,2009,http://lexingtonma.gov/Selectmen/2009TownReport-final.pdf,atr,nodes,wayback,
Lexington,2009,http://lexingtonma.gov/Selectmen/2009TownReport-final1.pdf,atr,nodes,wayback,
Lexington,2011,http://lexingtonma.gov/committees/Estabrook%20TF/2011%20Estabrook%20School%20Access%20Ad%20Hoc%20Task%20Forc%20Annual%20Report.pdf,atr,nodes,wayback,
Lexington,2012,http://lexingtonma.gov/townclerk/Election%20Results/2012-01-24%20Official%20Results.pdf,result,catalog,wayback,
Lexington,2012,http://lexingtonma.gov/townclerk/Election%20Results/2012.03.06.%20ATE.OFFICAL%20RESULTS-FINAL1.pdf,result,catalog,wayback,
Lexington,2012,http://lexingtonma.gov/townclerk/Election%20Results/2012.03.06.PP.OFFICAL.RESULTS.FINAL.pdf,result,catalog,wayback,
Lexington,2012,http://lexingtonma.gov/townclerk/Election%20Results/2012_11_06%20Pres-State%20Elec%20OFFICIAL%20RESULTS.pdf,result,catalog,wayback,
Lexington,2013,http://lexingtonma.gov/committee/AhCCACAnnualReport2013.pdf,atr,nodes,wayback,
Lexington,2013,http://lexingtonma.gov/townclerk/Election%20Results/2013-04-30-OFFICAL%20RESULTS.pdf,result,catalog,wayback,
Lexington,2013,http://lexingtonma.gov/townclerk/Election%20Results/2013-06-25-OFFICAL%20RESULTS_WEB.pdf,result,catalog,wayback,
Lexington,2013,http://lexingtonma.gov/townclerk/Election%20Results/2013-06-25-UNOFFICAL%20RESULTS_WEB.pdf,result,catalog,wayback,
Lexington,2013,http://lexingtonma.gov/townclerk/Election%20Results/2013-10-15-Official.pdf,result,catalog,wayback,
Lexington,2013,http://lexingtonma.gov/townclerk/Election%20Results/2013_03_04_%20ATE_FINAL%20RESULTS.pdf,result,catalog,wayback,
Lexington,2013,http://www.lexingtonma.gov/sites/lexingtonma/files/uploads/lexington_gcannualreport_fall2013_final.pdf,atr,nodes,wayback,
Lexington,2014,http://lexingtonma.gov/townclerk/Election%20Results/2014-03-03-ATE-official%20results.pdf,result,catalog,wayback,
Lexington,2014,http://lexingtonma.gov/townclerk/Election%20Results/2014-09-09-DH%20FINAL.pdf,result,catalog,wayback,
Lexington,2014,http://lexingtonma.gov/townclerk/Election%20Results/2014-11-04-SpecTownOFFICIAL-RESULTS-web.pdf,result,catalog,wayback,
Lincoln,2006,http://www.lincolntown.org/2006%20TOWN%20REPORT%20020107.pdf,atr,nodes,wayback,
Lincoln,2007,http://www.lincolntown.org/2007%20Election%20Results%20032707.pdf,result,catalog,wayback,
Lincoln,2011,http://www.lincolntown.org/Adobe%20Acrobat%20Files/Town%20Meeting%202011/2011%20OFFICIAL%20ATE%20Tally%20040411.pdf,result,catalog,wayback,
Lincoln,2019,https://www.lincolntown.org/DocumentCenter/View/44731/2019-Annual-Town-Election-OFFICIAL-RESULTS,result,catalog,docsweep,Annual Town Election Official Results
Littleton,2000,http://www.littletonma.org/filestorage/19479/28346/20201/20348/20357/AnnualReport2000.pdf,atr,nodes,wayback,
Littleton,2000,http://www.littletonma.org/filestorage/19479/28346/21479/21206/AnnualReport2000_(1).pdf,atr,nodes,wayback,
Littleton,2000,http://www.littletonma.org/filestorage/533/AnnualReport2000.pdf,atr,nodes,wayback,
Littleton,2000,https://www.littletonma.org/sites/g/files/vyhlif8011/f/uploads/annualreport_2000.pdf,atr,nodes,wayback,
Littleton,2000,https://www.littletonma.org/sites/littletonma/files/uploads/annualreport_2000.pdf,atr,nodes,wayback,
Littleton,2001,http://www.littletonma.org/filestorage/19479/28346/20201/20348/20357/AnnualReport2001.pdf,atr,nodes,wayback,
Littleton,2001,http://www.littletonma.org/filestorage/19479/28346/21479/21206/AnnualReport2001_(1).pdf,atr,nodes,wayback,
Littleton,2001,http://www.littletonma.org/filestorage/533/AnnualReport2001.pdf,atr,nodes,wayback,
Littleton,2001,https://www.littletonma.org/sites/g/files/vyhlif8011/f/uploads/annualreport_2001.pdf,atr,nodes,wayback,
Littleton,2001,https://www.littletonma.org/sites/littletonma/files/uploads/annualreport_2001.pdf,atr,nodes,wayback,
Littleton,2002,http://www.littletonma.org/filestorage/19479/28346/20201/20348/20357/AnnualReport2002.pdf,atr,nodes,wayback,
Littleton,2002,http://www.littletonma.org/filestorage/19479/28346/21479/21206/AnnualReport2002_(1).pdf,atr,nodes,wayback,
Littleton,2002,http://www.littletonma.org/filestorage/533/AnnualReport2002.pdf,atr,nodes,wayback,
Littleton,2002,https://www.littletonma.org/sites/g/files/vyhlif8011/f/uploads/annualreport_2002.pdf,atr,nodes,wayback,
Littleton,2002,https://www.littletonma.org/sites/littletonma/files/uploads/annualreport_2002.pdf,atr,nodes,wayback,
Littleton,2003,http://www.littletonma.org/filestorage/19479/28346/20201/20348/20357/AnnualReport2003.pdf,atr,nodes,wayback,
Littleton,2003,http://www.littletonma.org/filestorage/19479/28346/21479/21206/AnnualReport2003_(1).pdf,atr,nodes,wayback,
Littleton,2003,http://www.littletonma.org/filestorage/533/AnnualReport2003.pdf,atr,nodes,wayback,
Littleton,2003,http://www.littletonma.org:80/clerk/2003%20ANNUAL%20ELECTION%20RESULTS.pdf,result,catalog,wayback,
Littleton,2004,http://www.littletonma.org/filestorage/19479/28346/20201/20348/20357/AnnualReport2004.pdf,atr,nodes,wayback,
Littleton,2004,http://www.littletonma.org/filestorage/19479/28346/21479/21206/AnnualReport2004_(1).pdf,atr,nodes,wayback,
Littleton,2004,http://www.littletonma.org/filestorage/533/AnnualReport2004.pdf,atr,nodes,wayback,
Littleton,2004,https://www.littletonma.org/sites/g/files/vyhlif8011/f/uploads/annualreport_2004.pdf,atr,nodes,wayback,
Littleton,2004,https://www.littletonma.org/sites/littletonma/files/uploads/annualreport_2004.pdf,atr,nodes,wayback,
Littleton,2005,http://www.littletonma.org/filestorage/19479/28346/20201/20348/20357/AnnualReport2005.pdf,atr,nodes,wayback,
Littleton,2005,http://www.littletonma.org/filestorage/19479/28346/20972/20990/May_7_2005_Election_Results.pdf,result,catalog,wayback,
Littleton,2005,http://www.littletonma.org/filestorage/19479/28346/21479/21206/AnnualReport2005_(1).pdf,atr,nodes,wayback,
Littleton,2005,http://www.littletonma.org/filestorage/533/AnnualReport2005.pdf,atr,nodes,wayback,
Littleton,2005,https://www.littletonma.org/sites/g/files/vyhlif8011/f/uploads/annualreport_2005.pdf,atr,nodes,wayback,
Littleton,2005,https://www.littletonma.org/sites/littletonma/files/uploads/annualreport_2005.pdf,atr,nodes,wayback,
Littleton,2006,http://www.littletonma.org/filestorage/19479/28346/20201/20348/20357/Annual_Report_2006.pdf,atr,nodes,wayback,
Littleton,2006,http://www.littletonma.org/filestorage/19479/28346/21479/21206/Annual_Report_2006_(1).pdf,atr,nodes,wayback,
Littleton,2006,http://www.littletonma.org/filestorage/533/Annual_Report_2006.pdf,atr,nodes,wayback,
Littleton,2006,https://www.littletonma.org/sites/g/files/vyhlif8011/f/uploads/annualreport_2006.pdf,atr,nodes,wayback,
Littleton,2006,https://www.littletonma.org/sites/littletonma/files/uploads/annualreport_2006.pdf,atr,nodes,wayback,
Littleton,2007,http://www.littletonma.org/filestorage/19455/533/Annual_Report_2007.pdf,atr,nodes,wayback,
Littleton,2007,http://www.littletonma.org/filestorage/19479/28346/20201/20348/20357/Annual_Report_2007.pdf,atr,nodes,wayback,
Littleton,2007,http://www.littletonma.org/filestorage/19479/28346/21173/21185/Annual_Report_2007.pdf,atr,nodes,wayback,
Littleton,2007,http://www.littletonma.org/filestorage/19479/28346/21479/21206/Annual_Report_2007_(1).pdf,atr,nodes,wayback,
Littleton,2007,http://www.littletonma.org/filestorage/533/Annual_Report_2007.pdf,atr,nodes,wayback,
Littleton,2007,https://www.littletonma.org/sites/g/files/vyhlif8011/f/uploads/annualreport_2007.pdf,atr,nodes,wayback,
Littleton,2007,https://www.littletonma.org/sites/littletonma/files/uploads/annualreport_2007.pdf,atr,nodes,wayback,
Littleton,2008,http://www.littletonma.org/filestorage/19479/28346/20201/20348/20357/Microsoft_Word_-_Annual_Report_Final_2008.pdf,atr,nodes,wayback,
Littleton,2008,http://www.littletonma.org/filestorage/19479/28346/21479/21206/Microsoft_Word_-_Annual_Report_Final_2008_(1).pdf,atr,nodes,wayback,
Littleton,2008,http://www.littletonma.org/filestorage/533/Microsoft_Word_-_Annual_Report_Final_2008.pdf,atr,nodes,wayback,
Littleton,2008,https://www.littletonma.org/sites/g/files/vyhlif8011/f/uploads/annualreport_2008.pdf,atr,nodes,wayback,
Littleton,2008,https://www.littletonma.org/sites/littletonma/files/uploads/annualreport_2008.pdf,atr,nodes,wayback,
Littleton,2009,http://www.littletonma.org/filestorage/19455/533/6789/Microsoft_Word_-_2009_TOWN_REPORT.pdf,atr,nodes,wayback,
Littleton,2009,http://www.littletonma.org/filestorage/19479/28346/20201/20348/20357/Microsoft_Word_-_2009_TOWN_REPORT.pdf,atr,nodes,wayback,
Littleton,2009,http://www.littletonma.org/filestorage/19479/28346/21173/21181/Microsoft_Word_-_2009_TOWN_REPORT.pdf,atr,nodes,wayback,
Littleton,2009,http://www.littletonma.org/filestorage/19479/28346/21479/21206/Microsoft_Word_-_2009_TOWN_REPORT_(1).pdf,atr,nodes,wayback,
Littleton,2009,http://www.littletonma.org/filestorage/533/6789/Microsoft_Word_-_2009_TOWN_REPORT.pdf,atr,nodes,wayback,
Littleton,2009,http://www.littletonma.org/filestorage/533/6789/Microsoft_Word_-_2009_TOWN_REPORT_rev_4-23-10.pdf,atr,nodes,wayback,
Littleton,2009,https://www.littletonma.org/sites/g/files/vyhlif8011/f/uploads/annualreport_2009.pdf,atr,nodes,wayback,
Littleton,2009,https://www.littletonma.org/sites/littletonma/files/uploads/annualreport_2009.pdf,atr,nodes,wayback,
Littleton,2010,http://www.littletonma.org/filestorage/19455/533/6789/Microsoft_Word_-_2010_ANNUAL_TOWN_REPORT__doc__2_.pdf,atr,nodes,wayback,
Littleton,2010,http://www.littletonma.org/filestorage/19479/28346/20201/20348/20357/Microsoft_Word_-_2010_ANNUAL_TOWN_REPORT__doc__2_.pdf,atr,nodes,wayback,
Littleton,2010,http://www.littletonma.org/filestorage/19479/28346/21173/21179/Microsoft_Word_-_2010_ANNUAL_TOWN_REPORT__doc__2_.pdf,atr,nodes,wayback,
Littleton,2010,http://www.littletonma.org/filestorage/19479/28346/21479/21206/Microsoft_Word_-_2010_ANNUAL_TOWN_REPORT__doc__2__(1).pdf,atr,nodes,wayback,
Littleton,2010,https://www.littletonma.org/sites/g/files/vyhlif8011/f/uploads/annualreport_2010.pdf,atr,nodes,wayback,
Littleton,2010,https://www.littletonma.org/sites/littletonma/files/uploads/annualreport_2010.pdf,atr,nodes,wayback,
Littleton,2011,http://www.littletonma.org/filestorage/19455/53/125/Copy_of_ELECTION_RESULTS__2011_May.pdf,result,catalog,wayback,
Littleton,2011,http://www.littletonma.org/filestorage/19459/19477/19485/19495/Copy_of_ELECTION_RESULTS__2011_May.pdf,result,catalog,wayback,
Littleton,2011,http://www.littletonma.org/filestorage/19479/28346/20972/20978/Copy_of_ELECTION_RESULTS__2011_May_(1).pdf,result,catalog,wayback,
Littleton,2011,http://www.littletonma.org/filestorage/53/125/Copy_of_ELECTION_RESULTS__2011_May.pdf,result,catalog,wayback,
Littleton,2011,https://www.littletonma.org/sites/g/files/vyhlif8011/f/uploads/annualreport_2011.pdf,atr,nodes,wayback,
Littleton,2011,https://www.littletonma.org/sites/littletonma/files/uploads/annualreport_2011.pdf,atr,nodes,wayback,
Littleton,2012,http://www.littletonma.org/filestorage/19479/28346/20201/20348/20357/2011_TOWN_REPORT_Revised_5-9-2012.pdf,atr,nodes,wayback,
Littleton,2012,http://www.littletonma.org/filestorage/19479/28346/20201/20348/20357/2012_TOWN_REPORT_-_Updated_5-8-13.pdf,atr,nodes,wayback,
Littleton,2012,http://www.littletonma.org/filestorage/19479/28346/21479/21206/2011_TOWN_REPORT_Revised_5-9-2012_(1).pdf,atr,nodes,wayback,
Littleton,2012,http://www.littletonma.org/filestorage/19479/28346/21479/21206/2012_TOWN_REPORT_-_Updated_5-8-13_(1).pdf,atr,nodes,wayback,
Littleton,2012,https://www.littletonma.org/sites/g/files/vyhlif8011/f/uploads/annualreport_2012.pdf,atr,nodes,wayback,
Littleton,2012,https://www.littletonma.org/sites/littletonma/files/uploads/annualreport_2012.pdf,atr,nodes,wayback,
Littleton,2013,http://www.littletonma.org/filestorage/19455/53/125/Election_Results_2013_May.pdf,result,catalog,wayback,
Littleton,2013,http://www.littletonma.org/filestorage/19459/19477/19485/19491/27460/Election_Results_2013_May.pdf,result,catalog,wayback,
Littleton,2013,http://www.littletonma.org/filestorage/19479/19481/19588/http___www.littletonma.org_filestorage_53_1044_127_Trust_Fund_Town_Report_2012_-_May_2013.pdf,atr,nodes,wayback,
Littleton,2013,http://www.littletonma.org/filestorage/19479/19481/28341/http___www.littletonma.org_filestorage_53_1044_127_Trust_Fund_Town_Report_2012_-_May_2013.pdf,atr,nodes,wayback,
Littleton,2013,http://www.littletonma.org/filestorage/19479/28346/20972/20974/Election_Results_2013_May_(1).pdf,result,catalog,wayback,
Littleton,2013,http://www.littletonma.org/filestorage/19479/28346/21479/21206/Microsoft_Word_-_2013_Annual_Town_Report-WEBSITE_Version.pdf,atr,nodes,wayback,
Littleton,2013,https://littletonma.org/DocumentCenter/View/1838/2013-May-Local-Election-Results-PDF,result,catalog,docsweep,2013 May Local Election Results (PDF)
Littleton,2013,https://www.littletonma.org/sites/g/files/vyhlif8011/f/uploads/annualreport_2013.pdf,atr,nodes,wayback,
Littleton,2013,https://www.littletonma.org/sites/littletonma/files/uploads/annualreport_2013.pdf,atr,nodes,wayback,
Littleton,2014,http://www.littletonma.org/filestorage/19459/19477/19485/30116/30120/Certified_Vote_2014_May.pdf,result,catalog,wayback,
Littleton,2014,http://www.littletonma.org/filestorage/19479/28346/21479/21206/2014_Annual_Town_Report.pdf,atr,nodes,wayback,
Littleton,2014,https://littletonma.org/DocumentCenter/View/1831/Certified-Vote-2014-May-PDF,result,catalog,docsweep,Certified Vote 2014 May (PDF)
Littleton,2014,https://www.littletonma.org/sites/g/files/vyhlif8011/f/uploads/annualreport_2014.pdf,atr,nodes,wayback,
Littleton,2014,https://www.littletonma.org/sites/littletonma/files/uploads/annualreport_2014.pdf,atr,nodes,wayback,
Littleton,2015,http://www.littletonma.org/filestorage/19459/19477/19485/33105/33107/Election_Tally_2015_May_(1).pdf,result,catalog,wayback,
Littleton,2015,http://www.littletonma.org:80/filestorage/19733/19781/33127/36059/Election_Tally_2015_May_(1).pdf,result,catalog,wayback,
Littleton,2015,https://littletonma.org/DocumentCenter/View/1828,result,catalog,docsweep,Election Tally 2015 May (PDF)
Littleton,2015,https://www.littletonma.org/sites/g/files/vyhlif8011/f/uploads/annualreport_2015.pdf,atr,nodes,wayback,
Littleton,2015,https://www.littletonma.org/sites/littletonma/files/uploads/annualreport_2015.pdf,atr,nodes,wayback,
Littleton,2016,https://www.littletonma.org/sites/g/files/vyhlif8011/f/uploads/annualreport_2016.pdf,atr,nodes,wayback,
Littleton,2016,https://www.littletonma.org/sites/littletonma/files/uploads/annualreport_2016.pdf,atr,nodes,wayback,
Littleton,2017,https://www.littletonma.org/sites/g/files/vyhlif8011/f/uploads/annual_town_report_2017_0.pdf,atr,nodes,wayback,
Littleton,2017,https://www.littletonma.org/sites/littletonma/files/uploads/annual_town_report_2017_0.pdf,atr,nodes,wayback,
Littleton,2018,https://www.littletonma.org/sites/g/files/vyhlif8011/f/uploads/town_report_2018.pdf,atr,nodes,wayback,
Littleton,2020,https://www.littletonma.org/sites/g/files/vyhlif8011/f/uploads/copy_of_trust_fund_town_report_2020_0.pdf,atr,nodes,wayback,
Longmeadow,2018,https://www.longmeadowma.gov/DocumentCenter/View/3427,result,catalog,dc_idsweep,Unofficial Election Results  Annual Town Election  6 12 2018?bidId=
Longmeadow,2018,https://www.longmeadowma.gov/DocumentCenter/View/3635,result,catalog,dc_idsweep,Master Tally Sheet Nov 6 2018   unofficial?bidId=
Longmeadow,2019,https://www.longmeadowma.gov/DocumentCenter/View/3979,result,catalog,dc_idsweep,Unofficial Election Results 6 11 2019?bidId=
Longmeadow,2020,https://www.longmeadowma.gov/DocumentCenter/View/4787,result,catalog,dc_idsweep,Official Election Results 6 16 2020?bidId=
Longmeadow,2020,https://www.longmeadowma.gov/DocumentCenter/View/5105,result,catalog,dc_idsweep,MASTER TALLY SHEET  Unofficial Results 11 3 2020?bidId=
Lowell,2005,http://www.lowellma.gov:80/depts/electioncensus/2005-results.pdf,result,catalog,wayback,
Lowell,2015,http://www.lowellma.gov/DocumentCenter/View/499/2015-9-29-Official-Lowell-Preliminary-Election-Results-PDF,result,catalog,wayback,
Lowell,2015,http://www.lowellma.gov/DocumentCenter/View/500/2015-11-03-Offical-Municipal-Election-Results-PDF,result,catalog,wayback,
Lowell,2015,https://www.lowellma.gov/DocumentCenter/View/500/2015-11-03-Offical-Municipal-Election-Results-PDF?bidId=,result,catalog,wayback,
Lowell,2017,http://www.lowellma.gov/DocumentCenter/View/4426/2017-11-07-Official-Lowell-Municipal-Election-Results,result,catalog,wayback,
Lowell,2017,https://www.lowellma.gov/DocumentCenter/View/4426/2017-11-07-Official-Lowell-Municipal-Election-Results?bidId=,result,catalog,wayback,
Lowell,2019,https://lowellma.gov/DocumentCenter/View/9879/2019_11_05-Official-Municipal-Election-Results,result,catalog,docsweep,2019_11_05 Official Municipal Election Results
Lowell,2019,https://www.lowellma.gov/DocumentCenter/View/15685/2019-Municipal-Preliminary-Election---Official-Results,result,catalog,wayback,
Lowell,2019,https://www.lowellma.gov/DocumentCenter/View/9579,result,catalog,dc_idsweep,2019 Official Election Results Graphic?bidId=
Ludlow,2002,http://ludlow.ma.us:80/building/reports/annual_report_2002.pdf,atr,nodes,wayback,
Ludlow,2003,http://ludlow.ma.us:80/building/reports/annual_report_2003.pdf,atr,nodes,wayback,
Ludlow,2005,http://www.ludlow.ma.us:80/building/reports/annual_report_2005.pdf,atr,nodes,wayback,
Ludlow,2005,http://www.ludlow.ma.us:80/reports/selectmen/reports/2005_town_report.pdf,atr,nodes,wayback,
Ludlow,2005,http://www.ludlow.ma.us:80/selectmen/reports/2005_town_report.pdf,atr,nodes,wayback,
Ludlow,2005,http://www.ludlow.ma.us:80/selectmen/reports/town_report_2005.pdf,atr,nodes,wayback,
Ludlow,2005,https://ludlow.ma.us/wp-content/uploads/sites/2/2025/05/2005-Annual-Town-Report.pdf,atr,nodes,wayback,
Ludlow,2006,http://www.ludlow.ma.us/selectmen/reports/Town_Report_2006.pdf,atr,nodes,wayback,
Ludlow,2006,http://www.ludlow.ma.us:80/building/reports/annual_report_2006.pdf,atr,nodes,wayback,
Ludlow,2006,http://www.ludlow.ma.us:80/selectmen/reports/2006_town_report.pdf,atr,nodes,wayback,
Ludlow,2006,https://ludlow.ma.us/wp-content/uploads/sites/2/2025/05/2006-Annual-Town-Report.pdf,atr,nodes,wayback,
Ludlow,2007,http://www.ludlow.ma.us:80/building/reports/annual_report_2007.pdf,atr,nodes,wayback,
Ludlow,2007,http://www.ludlow.ma.us:80/selectmen/reports/2007_town_report.pdf,atr,nodes,wayback,
Ludlow,2007,https://ludlow.ma.us/wp-content/uploads/sites/2/2025/05/2007-Annual-Town-Report.pdf,atr,nodes,wayback,
Ludlow,2008,http://www.ludlow.ma.us:80/building/reports/annual_report_2008.pdf,atr,nodes,wayback,
Ludlow,2008,http://www.ludlow.ma.us:80/reports/selectmen/reports/2008_town_report.pdf,atr,nodes,wayback,
Ludlow,2008,http://www.ludlow.ma.us:80/selectmen/reports/2008_town_report.pdf,atr,nodes,wayback,
Ludlow,2008,https://ludlow.ma.us/wp-content/uploads/sites/2/2025/05/2008-Annual-Town-Report.pdf,atr,nodes,wayback,
Ludlow,2009,http://www.ludlow.ma.us:80/building/reports/annual_report_2009.pdf,atr,nodes,wayback,
Ludlow,2009,http://www.ludlow.ma.us:80/selectmen/reports/2009_town_report.pdf,atr,nodes,wayback,
Ludlow,2009,https://ludlow.ma.us/wp-content/uploads/sites/2/2025/05/2009-Annual-Town-Report.pdf,atr,nodes,wayback,
Ludlow,2010,http://www.ludlow.ma.us:80/building/reports/annual_report_2010.pdf,atr,nodes,wayback,
Ludlow,2010,http://www.ludlow.ma.us:80/selectmen/reports/2010_Town_Report.pdf,atr,nodes,wayback,
Ludlow,2010,https://ludlow.ma.us/wp-content/uploads/sites/2/2025/05/2010-Annual-Town-Report.pdf,atr,nodes,wayback,
Ludlow,2011,https://ludlow.ma.us/wp-content/uploads/sites/2/2025/05/2011-Annual-Town-Report.pdf,atr,nodes,wayback,
Ludlow,2012,https://ludlow.ma.us/wp-content/uploads/sites/2/2025/05/2012-Annual-Town-Report.pdf,atr,nodes,wayback,
Ludlow,2013,https://ludlow.ma.us/wp-content/uploads/sites/2/2025/05/2013-Annual-Town-Report.pdf,atr,nodes,wayback,
Ludlow,2014,https://ludlow.ma.us/wp-content/uploads/sites/2/2025/05/2014-Annual-Town-Report.pdf,atr,nodes,wayback,
Ludlow,2015,https://ludlow.ma.us/wp-content/uploads/sites/2/2025/05/2015-Annual-Town-Report.pdf,atr,nodes,wayback,
Ludlow,2016,https://ludlow.ma.us/wp-content/uploads/sites/2/2025/05/2016-Annual-Town-Report.pdf,atr,nodes,wayback,
Ludlow,2017,https://ludlow.ma.us/wp-content/uploads/sites/2/2025/05/2017-Annual-Town-Report.pdf,atr,nodes,wayback,
Ludlow,2018,https://ludlow.ma.us/wp-content/uploads/sites/2/2025/05/2018-Annual-Town-Report.pdf,atr,nodes,wayback,
Ludlow,2019,https://ludlow.ma.us/wp-content/uploads/sites/2/2025/05/2019-Annual-Town-Report.pdf,atr,nodes,wayback,
Ludlow,2020,https://ludlow.ma.us/wp-content/uploads/sites/2/2025/05/2020-Annual-Town-Report.pdf,atr,nodes,wayback,
Lunenburg,2007,http://www.lunenburgma.gov/filestorage/204/216/277/2007_TOWN_REPORT.pdf,atr,nodes,wayback,
Lunenburg,2008,http://lunenburgma.gov/filestorage/188/1176/2008_TOWN_REPORT.pdf,atr,nodes,wayback,
Lunenburg,2009,http://lunenburgma.gov/filestorage/188/1176/2009_Town_Report.pdf,atr,nodes,wayback,
Lunenburg,2009,http://lunenburgma.gov/filestorage/204/216/277/2009_Town_Report.pdf,atr,nodes,wayback,
Lunenburg,2009,http://www.lunenburgma.gov/filestorage/204/840/3327/LPC_Town_Report_2009.pdf,atr,nodes,wayback,
Lunenburg,2010,http://www.lunenburgma.gov/filestorage/204/840/3327/LPC_Town_Report_2010.pdf,atr,nodes,wayback,
Lunenburg,2011,http://lunenburgma.gov/filestorage/188/1176/2011_Annual_Report.pdf,atr,nodes,wayback,
Lunenburg,2011,http://lunenburgma.gov/filestorage/202/240/2011_Town_Report.pdf,atr,nodes,wayback,
Lunenburg,2011,http://www.lunenburgma.gov/filestorage/204/216/Town_Report_2011.pdf,atr,nodes,wayback,
Lunenburg,2012,http://lunenburgma.gov/filestorage/188/1176/2012_Annual_Report.pdf,atr,nodes,wayback,
Lunenburg,2012,http://lunenburgma.gov/filestorage/204/216/Town_Report_2012.pdf,atr,nodes,wayback,
Lunenburg,2012,http://www.lunenburgma.gov/filestorage/77/1234/2012_Lunenburg_Town_Report.pdf,atr,nodes,wayback,
Lunenburg,2013,http://lunenburgma.gov/filestorage/188/1176/2013_Annual_Report.pdf,atr,nodes,wayback,
Lunenburg,2013,http://lunenburgma.gov/filestorage/202/240/6164/Election_Results_April_30%2C_2013_Annual_Town_Election.pdf,result,catalog,wayback,
Lunenburg,2013,http://lunenburgma.gov/filestorage/202/240/6164/Election_Results_June_25%2C_2013_Special_State.pdf,result,catalog,wayback,
Lunenburg,2013,http://www.lunenburgma.gov/filestorage/204/216/Town_Report_2013.pdf,atr,nodes,wayback,
Lunenburg,2013,https://www.lunenburgma.gov/sites/default/files/field/files-docs/election_results_april_30_2013_annual_town_election.pdf,result,catalog,wayback,
Lunenburg,2013,https://www.lunenburgma.gov/sites/default/files/field/files-docs/election_results_june_25_2013_special_state.pdf,result,catalog,wayback,
Lunenburg,2014,http://lunenburgma.gov/filestorage/188/1176/2014_Annual_Report.pdf,atr,nodes,wayback,
Lunenburg,2014,http://lunenburgma.gov/filestorage/202/240/7564/2014_Annual_Town_Election_Official_Vote_Tally_May_17.pdf,result,catalog,wayback,
Lunenburg,2014,http://www.lunenburgma.gov/filestorage/77/1234/2014_Annual_Report.pdf,atr,nodes,wayback,
Lunenburg,2014,https://www.lunenburgma.gov/sites/default/files/field/files-docs/2014_annual_town_election_official_vote_tally_may_17.pdf,result,catalog,wayback,
Lunenburg,2015,http://lunenburgma.gov/filestorage/202/240/9746/2015_Annual_Town_Election_Results.pdf,result,catalog,wayback,
Lunenburg,2015,http://lunenburgma.gov/filestorage/77/1234/2015_ANNUAL_TOWN_REPORT.pdf,atr,nodes,wayback,
Lunenburg,2015,https://www.lunenburgma.gov/sites/default/files/field/files-docs/2015_annual_town_election_results.pdf,result,catalog,wayback,
Lunenburg,2016,http://lunenburgma.gov:80/filestorage/77/1234/2016_Annual_Report.pdf,atr,nodes,wayback,
Lunenburg,2016,http://lunenburgma.gov:80/filestorage/77/1234/2016_Annual_Report_Addendum.pdf,atr,nodes,wayback,
Lunenburg,2016,"http://www.lunenburgma.gov:80/filestorage/202/240/637/Election_Results_May_21,_2016.pdf",result,catalog,wayback,
Lunenburg,2016,https://www.lunenburgma.gov/sites/default/files/field/files-docs/2016_annual_report.pdf,atr,nodes,wayback,
Lunenburg,2017,http://lunenburgma.gov/filestorage/77/1234/2017_ANNUAL_REPORT.pdf,atr,nodes,wayback,
Lunenburg,2018,https://www.lunenburgma.gov/sites/default/files/field/files-docs/nov_6_2018_tally_sheet.pdf,result,catalog,wayback,
Lunenburg,2019,https://www.lunenburgma.gov/sites/default/files/field/files-docs/2019_caucus_results_2.pdf,result,catalog,wayback,
Lynn,2017,http://lynnma.gov/cityhall_documents/clerk_elections/election_results/city_of_lynn_election_results_nov_2017_unofficial.pdf,result,catalog,wayback,
Lynn,2017,http://lynnma.gov/cityhall_documents/clerk_elections/election_results/primary_results_september_12_2017.pdf,result,catalog,wayback,
Lynn,2018,http://www.lynnma.gov/cityhall_documents/clerk_elections/election_results/city_of_lynn_election_results_nov_2018_unofficial.pdf,result,catalog,wayback,
Lynn,2018,http://www.lynnma.gov/cityhall_documents/clerk_elections/election_results/primary_results_sep_04_2018.pdf,result,catalog,wayback,
Lynn,2019,http://lynnma.gov/cityhall_documents/clerk_elections/election_results/city_of_lynn_election_results_sep_03_2019_unofficial.pdf,result,catalog,wayback,
Lynn,2019,http://www.lynnma.gov/cityhall_documents/clerk_elections/election_results/city_of_lynn_election_results_nov_05_2019_official.pdf,result,catalog,wayback,
Lynn,2019,http://www.lynnma.gov/cityhall_documents/clerk_elections/election_results/city_of_lynn_election_results_nov_05_2019_unofficial.pdf,result,catalog,wayback,
Lynn,2020,http://www.lynnma.gov/cityhall_documents/clerk_elections/election_results/city_lynn_election_results_nov_03_2020_official.pdf,result,catalog,wayback,
Lynn,2020,http://www.lynnma.gov/cityhall_documents/clerk_elections/election_results/city_of_lynn_election_results_mar_03_2020_official.pdf.pdf,result,catalog,wayback,
Lynn,2020,http://www.lynnma.gov/cityhall_documents/clerk_elections/election_results/city_of_lynn_election_results_mar_03_2020_unofficial.pdf,result,catalog,wayback,
Lynnfield,2006,http://www.town.lynnfield.ma.us/Pages/LynnfieldMA_BComm/historical/Annual-Report-2006x.pdf,atr,nodes,wayback,
Lynnfield,2006,http://www.town.lynnfield.ma.us/Pages/LynnfieldMA_DPW/townreports/TownReportDPW2006.pdf,atr,nodes,wayback,
Lynnfield,2007,http://www.town.lynnfield.ma.us/Pages/LynnfieldMA_BComm/historical/Annual-Report-2007x.pdf,atr,nodes,wayback,
Lynnfield,2008,http://www.town.lynnfield.ma.us/Pages/LynnfieldMA_BComm/historical/Annual-Report-2008x.pdf,atr,nodes,wayback,
Lynnfield,2009,http://www.town.lynnfield.ma.us/Pages/LynnfieldMA_BComm/historical/Annual-Report-2009.pdf,atr,nodes,wayback,
Lynnfield,2009,http://www.town.lynnfield.ma.us/Pages/LynnfieldMA_BComm/historical/AnnualReport2009.pdf,atr,nodes,wayback,
Lynnfield,2010,https://www.lynnfieldma.gov/DocumentCenter/View/777/April-12-2010-Town-Election-Final-Results-PDF,result,catalog,wayback,
Lynnfield,2011,http://www.town.lynnfield.ma.us/Pages/LynnfieldMA_BComm/historical/Annual-Report-2011X.pdf,atr,nodes,wayback,
Lynnfield,2011,http://www.town.lynnfield.ma.us/Pages/LynnfieldMA_DPW/townreports/TOWN%20REPORT2011.pdf,atr,nodes,wayback,
Lynnfield,2011,https://www.lynnfieldma.gov/DocumentCenter/View/778/April-11-2011-Town-Election-Final-Results-PDF,result,catalog,wayback,
Lynnfield,2012,http://www.town.lynnfield.ma.us/Pages/LynnfieldMA_BComm/historical/Annual-Report-2012.pdf,atr,nodes,wayback,
Lynnfield,2012,https://www.lynnfieldma.gov/DocumentCenter/View/1270,result,catalog,dc_idsweep,March 2012 Final Tally EXCEL?bidId=
Lynnfield,2012,https://www.lynnfieldma.gov/DocumentCenter/View/741/March-6-2012-Election-Final-Tally-Results-PDF,result,catalog,docsweep,"March 6, 2012 Election Final Tally Results (PDF)"
Lynnfield,2012,https://www.lynnfieldma.gov/DocumentCenter/View/780/April-9-2012-Town-Election-Final-Results-PDF,result,catalog,wayback,
Lynnfield,2013,http://www.town.lynnfield.ma.us/Pages/LynnfieldMA_BComm/historical/Annual-Report-2013XX.pdf,atr,nodes,wayback,
Lynnfield,2013,http://www.town.lynnfield.ma.us/Pages/LynnfieldMA_DPW/TOWN%20REPORT2013.pdf,atr,nodes,wayback,
Lynnfield,2013,https://www.lynnfieldma.gov/DocumentCenter/View/1281,result,catalog,dc_idsweep,April 2013Town Election Results PDF?bidId=
Lynnfield,2013,https://www.lynnfieldma.gov/DocumentCenter/View/781/April-8-2013-Town-Election-Results-PDF,result,catalog,wayback,
Lynnfield,2013,https://www.lynnfieldma.gov/DocumentCenter/View/784/April-11-2013-Final-Election-Results-PDF,result,catalog,wayback,
Lynnfield,2014,http://www.town.lynnfield.ma.us/Pages/LynnfieldMA_BComm/historical/Annual-Report-2014X.pdf,atr,nodes,wayback,
Lynnfield,2014,https://www.lynnfieldma.gov/DocumentCenter/View/782/April-14-2014-Town-Election-Official-Results-PDF,result,catalog,wayback,
Lynnfield,2015,https://www.lynnfieldma.gov/DocumentCenter/View/1277,result,catalog,dc_idsweep,2015 Town Election Results   Official PDF?bidId=
Lynnfield,2016,https://www.lynnfieldma.gov/DocumentCenter/View/1294,result,catalog,dc_idsweep,2016 Town Election Results   Official PDF?bidId=
Lynnfield,2016,https://www.lynnfieldma.gov/DocumentCenter/View/2494/April-11-2016-Town-Election-Official-Results-EXCEL,result,catalog,docsweep,"April 11, 2016 Town Election Official Results (EXCEL)"
Lynnfield,2017,https://www.lynnfieldma.gov/DocumentCenter/View/1296,result,catalog,dc_idsweep,2017 Town Election Results   Official PDF?bidId=
Lynnfield,2017,https://www.lynnfieldma.gov/DocumentCenter/View/2496/April-10-2017-Town-Election-Official-Results-PDF,result,catalog,docsweep,"April 10, 2017 Town Election Official Results (PDF)"
Lynnfield,2017,https://www.town.lynnfield.ma.us/sites/g/files/vyhlif3391/f/uploads/lynnfield_town_report_2017_final.pdf,atr,nodes,wayback,
Lynnfield,2018,https://www.lynnfieldma.gov/DocumentCenter/View/772/April-10-2018-Town-Election-Results-PDF,result,catalog,wayback,
Lynnfield,2019,https://www.lynnfieldma.gov/DocumentCenter/View/773/April-9-2019-Town-Election-Official-Results-PDF,result,catalog,docsweep,"April 9, 2019 Town Election Official Results (PDF)"
Lynnfield,2019,https://www.town.lynnfield.ma.us/sites/g/files/vyhlif3391/f/uploads/annual_town_report_2019_final.pdf,atr,nodes,wayback,
Lynnfield,2020,https://www.lynnfieldma.gov/DocumentCenter/View/774/June-13-2020-Town-Election---Final-Results-PDF,result,catalog,wayback,
Lynnfield,2020,https://www.town.lynnfield.ma.us/sites/g/files/vyhlif3391/f/news/2020_town_election_-_final_results.pdf,result,catalog,wayback,
Lynnfield,2020,https://www.town.lynnfield.ma.us/sites/g/files/vyhlif3391/f/uploads/2020_town_report_final.pdf,atr,nodes,wayback,
Malden,2019,https://www.cityofmalden.org/DocumentCenter/View/1972,result,catalog,dc_idsweep,September 17 2019 Preliminary Election Results PDF?bidId=
Manchester,2006,http://www.manchester.ma.us/Pages/ManchesterMA_BOS/2006_townreport.pdf,atr,nodes,wayback,
Manchester,2007,http://www.manchester.ma.us/Pages/ManchesterMA_BOS/2007TownReport.pdf,atr,nodes,wayback,
Manchester,2008,http://www.manchester.ma.us/Pages/ManchesterMA_BOS/2008TownReport.pdf,atr,nodes,wayback,
Manchester,2009,http://www.manchester.ma.us/Pages/ManchesterMA_BComm/2009AnnualTownReport.pdf,atr,nodes,wayback,
Manchester,2009,http://www.manchester.ma.us/Pages/ManchesterMA_BOS/2009TownReport.pdf,atr,nodes,wayback,
Manchester,2010,http://www.manchester.ma.us:80/Pages/ManchesterMA_BOS/2010TownReport.pdf,atr,nodes,wayback,
Manchester,2011,http://www.manchester.ma.us/Pages/ManchesterMA_BOS/2011TownReport.pdf,atr,nodes,wayback,
Manchester,2016,https://manchester.ma.us/DocumentCenter/View/825/2016-May-17-Annual-Town-Election-Results,result,catalog,docsweep,2016: May 17 Annual Town Election Results
Manchester,2017,https://manchester.ma.us/DocumentCenter/View/1546/2017-May-16-Annual-Town-Election-Results,result,catalog,docsweep,2017: May 16 Annual Town Election Results
Manchester,2018,https://manchester.ma.us/DocumentCenter/View/2219/2018-May-15-Annual-Town-Election-Results,result,catalog,docsweep,2018: May 15 Annual Town Election Results
Manchester,2019,http://manchester.ma.us/DocumentCenter/View/2674/2019-Annual-Town-Election---DRAFT-RESULTS,result,catalog,wayback,
Manchester,2019,https://manchester.ma.us/DocumentCenter/View/2890/2019-May-21-Annual-Town-Election-Results,result,catalog,docsweep,2019: May 21 Annual Town Election Results
Manchester,2020,http://manchester.ma.us/DocumentCenter/View/3262/June-30-2020-Annual-Town-Election-Results,result,catalog,docsweep,
Manchester,2020,http://manchester.ma.us/DocumentCenter/View/3523/2020-Official-Election-Results,result,catalog,wayback,
Manchester,2020,https://manchester.ma.us/DocumentCenter/View/3262/2020-June-30-Annual-Town-Election-Results,result,catalog,docsweep,2020: June 30 Annual Town Election Results
Manchester,2020,https://manchester.ma.us/DocumentCenter/View/3523/2020-1132020-Official-Election-Results,result,catalog,wayback,
Manchester,2020,https://manchester.ma.us/DocumentCenter/View/3523/2020-1132020-Official-Election-Results?bidId=,result,catalog,wayback,
Mansfield,2000,http://www.mansfieldma.com:80/ha/images/2000%20Annual%20Report.pdf,atr,nodes,wayback,
Mansfield,2001,http://mansfieldma.com/Clerk/Annual_Report_2001.pdf,atr,nodes,wayback,
Mansfield,2001,http://www.mansfieldma.com:80/ha/images/2001%20Annual%20Report.pdf,atr,nodes,wayback,
Mansfield,2002,http://mansfieldma.com/Clerk/Annual_Report_2002.pdf,atr,nodes,wayback,
Mansfield,2002,http://www.mansfieldma.com:80/clerk/downloads/Annual_Report_2002.pdf,atr,nodes,wayback,
Mansfield,2002,http://www.mansfieldma.com:80/ha/images/2002%20Annual%20Report.pdf,atr,nodes,wayback,
Mansfield,2003,http://mansfieldma.com/Clerk/Annual_Report_2003.pdf,atr,nodes,wayback,
Mansfield,2003,http://www.mansfieldma.com:80/clerk/downloads/Annual_Report_2003.pdf,atr,nodes,wayback,
Mansfield,2003,http://www.mansfieldma.com:80/ha/images/2003%20Annual%20Report.pdf,atr,nodes,wayback,
Mansfield,2004,http://mansfieldma.com/Clerk/Annual_Report_2004.pdf,atr,nodes,wayback,
Mansfield,2004,http://www.mansfieldma.com:80/clerk/downloads/Annual_Report_2004.pdf,atr,nodes,wayback,
Mansfield,2004,http://www.mansfieldma.com:80/ha/images/2004%20Annual%20Report.pdf,atr,nodes,wayback,
Mansfield,2005,http://mansfieldma.com/Clerk/Annual_Report_2005.pdf,atr,nodes,wayback,
Mansfield,2005,http://www.mansfieldma.com:80/clerk/downloads/Annual_Report_2005.pdf,atr,nodes,wayback,
Mansfield,2005,http://www.mansfieldma.com:80/ha/images/2005%20Annual%20Report.pdf,atr,nodes,wayback,
Mansfield,2005,http://www.mansfieldma.com:80/town%20clerk/downloads/Annual_Report_2005.pdf,atr,nodes,wayback,
Mansfield,2006,http://mansfieldma.com/Clerk/Annual_Report_2006.pdf,atr,nodes,wayback,
Mansfield,2007,http://mansfieldma.com/Clerk/Annual_Report_2007.pdf,atr,nodes,wayback,
Mansfield,2008,http://mansfieldma.com/Clerk/Annual_Report_2008.pdf,atr,nodes,wayback,
Mansfield,2009,http://mansfieldma.com/Annual_Town_Report_2009.pdf,atr,nodes,wayback,
Mansfield,2012,http://www.mansfieldma.com/2012_Annual_Report_-_No_2.pdf,atr,nodes,wayback,
Mansfield,2013,http://www.mansfieldma.com/Mansfield_Final_Annual_Report_2013_For_Website.pdf,atr,nodes,wayback,
Mansfield,2014,http://www.mansfieldma.com/2014_Annual_Town_Report.pdf,atr,nodes,wayback,
Mansfield,2014,http://www.mansfieldma.com/2014_RESULTS-Annual_Town_Election_5.13.14_v2.pdf,result,catalog,wayback,
Mansfield,2014,http://www.mansfieldma.com/Town_of_Mansfield_Annual_Town_Report_2014.pdf,atr,nodes,wayback,
Mansfield,2014,http://www.mansfieldma.com/wp-content/uploads/2015/12/2014_RESULTS-Annual_Town_Election_5.13.14_v2.pdf,result,catalog,wayback,
Mansfield,2015,http://www.mansfieldma.com/wp-content/uploads/2015/12/Annual_Report.pdf,atr,nodes,wayback,
Mansfield,2016,http://www.mansfieldma.com/wp-content/uploads/2016/09/2015_MBC_annual_report.pdf,atr,nodes,wayback,
Marblehead,2006,https://marbleheadma.gov/wp-content/uploads/2025/04/Annual-Report-2006.pdf,atr,nodes,wayback,
Marblehead,2007,https://marbleheadma.gov/wp-content/uploads/2025/04/Annual-Report-2007.pdf,atr,nodes,wayback,
Marblehead,2007,https://www.marblehead.org/sites/g/files/vyhlif4661/f/uploads/2007_annual_town_report.pdf,atr,nodes,wayback,
Marblehead,2008,https://marbleheadma.gov/wp-content/uploads/2025/04/Annual-Report-2008.pdf,atr,nodes,wayback,
Marblehead,2009,https://marbleheadma.gov/wp-content/uploads/2025/04/Annual-Report-2009.pdf,atr,nodes,wayback,
Marblehead,2010,https://marbleheadma.gov/wp-content/uploads/2025/04/Annual-Report-2010.pdf,atr,nodes,wayback,
Marblehead,2011,https://marbleheadma.gov/wp-content/uploads/2025/04/Annual-Report-2011.pdf,atr,nodes,wayback,
Marblehead,2012,https://marbleheadma.gov/wp-content/uploads/2025/04/Annual-Report-2012.pdf,atr,nodes,wayback,
Marblehead,2013,https://marbleheadma.gov/wp-content/uploads/2025/04/Annual-Report-2013.pdf,atr,nodes,wayback,
Marblehead,2014,https://marbleheadma.gov/wp-content/uploads/2025/04/Annual-Report-2014.pdf,atr,nodes,wayback,
Marblehead,2015,https://marbleheadma.gov/wp-content/uploads/2025/04/Annual-Report-2015.pdf,atr,nodes,wayback,
Marblehead,2015,https://www.marbleheadma.gov/sites/g/files/vyhlif4661/f/uploads/2015_annual_town_report.pdf,atr,nodes,wayback,
Marblehead,2016,https://marbleheadma.gov/wp-content/uploads/2025/04/Annual-Report-2016.pdf,atr,nodes,wayback,
Marblehead,2017,https://marbleheadma.gov/wp-content/uploads/2025/04/Annual-Report-2017.pdf,atr,nodes,wayback,
Marblehead,2018,https://marbleheadma.gov/wp-content/uploads/2025/03/2018_town_election_results_-_may_15_2018master_3.pdf,result,catalog,wayback,
Marblehead,2018,https://marbleheadma.gov/wp-content/uploads/2025/04/Annual-Report-2018.pdf,atr,nodes,wayback,
Marblehead,2018,https://www.marblehead.org/sites/g/files/vyhlif4661/f/uploads/2018_annual_town_report.pdf,atr,nodes,wayback,
Marblehead,2019,https://marbleheadma.gov/wp-content/uploads/2025/03/2019_town_election_results_-_updated_0.pdf,result,catalog,wayback,
Marblehead,2019,https://marbleheadma.gov/wp-content/uploads/2025/04/Annual-Report-2019.pdf,atr,nodes,wayback,
Marblehead,2019,https://www.marblehead.org/sites/g/files/vyhlif4661/f/uploads/marblehead_town_report_2019.pdf,atr,nodes,wayback,
Marblehead,2020,https://marbleheadma.gov/wp-content/uploads/2025/03/2020_town_election_results_-_june_16_2020_master_1_0.pdf,result,catalog,wayback,
Marblehead,2020,https://marbleheadma.gov/wp-content/uploads/2025/04/Annual-Report-2020.pdf,atr,nodes,wayback,
Marblehead,2020,https://www.marblehead.org/sites/g/files/vyhlif4661/f/news/2020_annual_town_report.pdf,atr,nodes,wayback,
Marion,2000,http://marionma.gov/Pages/MarionMA_ConsComm/AnnualReports/AnnualReport2000.pdf,atr,nodes,wayback,
Marion,2001,http://marionma.gov/Pages/MarionMA_ConsComm/AnnualReports/AnnualReport2001.pdf,atr,nodes,wayback,
Marion,2002,http://www.marionma.gov/pages/marionma_conscomm/annualreports/AnnualReport2002.pdf,atr,nodes,wayback,
Marion,2003,http://marionma.gov/Pages/MarionMA_ConsComm/AnnualReports/AnnualReport2003.pdf,atr,nodes,wayback,
Marion,2004,http://marionma.gov/Pages/MarionMA_ConsComm/AnnualReports/AnnualReport2004.pdf,atr,nodes,wayback,
Marion,2005,http://www.marionma.gov/pages/marionma_conscomm/annualreports/AnnualReport2005.pdf,atr,nodes,wayback,
Marion,2006,http://marionma.gov/Pages/MarionMA_ConsComm/AnnualReports/AnnualReport2006.pdf,atr,nodes,wayback,
Marion,2007,http://www.marionma.gov/pages/marionma_conscomm/annualreports/AnnualReport2007.pdf,atr,nodes,wayback,
Marion,2008,http://www.marionma.gov/pages/MarionMA_ConsComm/AnnualReports/AnnualReport2008.pdf,atr,nodes,wayback,
Marion,2009,http://marionma.gov/Pages/MarionMA_ConsComm/AnnualReports/AnnualReport2009.pdf,atr,nodes,wayback,
Marion,2010,http://marionma.gov/Pages/MarionMA_ConsComm/AnnualReports/AnnualReport2010.pdf,atr,nodes,wayback,
Marion,2011,http://www.marionma.gov/Pages/MarionMA_ConsComm/AnnualReports/AnnualReport2011.pdf,atr,nodes,wayback,
Marion,2012,http://marionma.gov/Pages/MarionMA_ConsComm/AnnualReports/AnnualReport2012.pdf,atr,nodes,wayback,
Marion,2013,http://marionma.gov/Pages/MarionMA_ConsComm/AnnualReports/AnnualReport2013.pdf,atr,nodes,wayback,
Marion,2014,http://marionma.gov/Pages/MarionMA_ConsComm/AnnualReports/Annual%20Report2014.pdf,atr,nodes,wayback,
Marion,2016,http://www.marionma.gov/pages/MarionMA_Clerk/2016%20ATE%20ballot%20results.pdf,result,catalog,wayback,
Marion,2016,https://www.marionma.gov/sites/g/files/vyhlif3406/f/uploads/2016_annual_town_report.pdf,atr,nodes,wayback,
Marion,2018,https://www.marionma.gov/sites/g/files/vyhlif3406/f/uploads/2018_mrvwspac_annual_report.pdf,atr,nodes,wayback,
Marion,2019,https://www.marionma.gov/sites/g/files/vyhlif3406/f/uploads/mattapoisett_river_valley_water_district_commission_2019_annual_report.pdf,atr,nodes,wayback,
Marlborough,2001,http://marlborough-ma.gov/Gen/MarlboroughMA_CityClerks/Municipal%20Election%20Results/2001-11-06%20-%20Municipal%20Election%20Results.pdf,result,catalog,wayback,
Marlborough,2001,http://marlborough-ma.gov/Gen/MarlboroughMA_CityClerks/Municipal%20Election%20Results/2001-11-27%20-%20RECOUNT%20of%20%20Municipal%20Election%20Results.pdf,result,catalog,wayback,
Marlborough,2001,https://marlborough-ma.gov/DocumentCenter/View/213/2001-11-06-Municipal-Election-Results-PDF,result,catalog,docsweep,2001-11-06 Municipal Election Results (PDF)
Marlborough,2001,https://marlborough-ma.gov/DocumentCenter/View/214/2001-11-27-Recount-of-Municipal-Election-Results-PDF,result,catalog,docsweep,2001-11-27 Recount of Municipal Election Results (PDF)
Marlborough,2001,https://marlborough-ma.gov/ImageRepository/Document?documentID=44,result,catalog,documentcenter,City Clerk / Election & Voting Information Municipal Election Results (2001 to Present)
Marlborough,2003,http://marlborough-ma.gov/Gen/MarlboroughMA_CityClerks/Municipal%20Election%20Results/2003-10-07%20-%20PRELIMINARY%20Municipal%20Election%20Results.pdf,result,catalog,wayback,
Marlborough,2003,http://marlborough-ma.gov/Gen/MarlboroughMA_CityClerks/Municipal%20Election%20Results/2003-11-04%20-%20Municipal%20Election%20Results.pdf,result,catalog,wayback,
Marlborough,2003,https://marlborough-ma.gov/DocumentCenter/View/215/2003-10-07-Preliminary-Municipal-Election-Results-PDF,result,catalog,docsweep,2003-10-07 Preliminary Municipal Election Results (PDF)
Marlborough,2003,https://marlborough-ma.gov/DocumentCenter/View/216/2003-11-04-Municipal-Election-Results-PDF,result,catalog,docsweep,2003-11-04 Municipal Election Results (PDF)
Marlborough,2005,http://marlborough-ma.gov/Gen/MarlboroughMA_CityClerks/Municipal%20Election%20Results/2005-10-04%20-%20PRELIMINARY%20Municipal%20Election%20Results.pdf,result,catalog,wayback,
Marlborough,2005,http://marlborough-ma.gov/Gen/MarlboroughMA_CityClerks/Municipal%20Election%20Results/2005-11-01%20-%20Municipal%20Election%20Results.pdf,result,catalog,wayback,
Marlborough,2005,https://marlborough-ma.gov/DocumentCenter/View/217/2005-10-04-Preliminary-Municipal-Election-Results-PDF,result,catalog,docsweep,2005-10-04 Preliminary Municipal Election Results (PDF)
Marlborough,2005,https://marlborough-ma.gov/DocumentCenter/View/218/2005-11-01-Municipal-Election-Results-PDF,result,catalog,docsweep,2005-11-01 Municipal Election Results (PDF)
Marlborough,2005,https://www.marlborough-ma.gov/sites/g/files/vyhlif7576/f/uploads/2005-11-01_-_municipal_election_results.pdf,result,catalog,wayback,
Marlborough,2007,http://marlborough-ma.gov/Gen/MarlboroughMA_CityClerks/Municipal%20Election%20Results/2007-11-06%20-%20Municipal%20Election%20Results.pdf,result,catalog,wayback,
Marlborough,2007,https://marlborough-ma.gov/DocumentCenter/View/219/2007-11-06-Municipal-Election-Results-PDF,result,catalog,docsweep,2007-11-06 Municipal Election Results (PDF)
Marlborough,2007,https://www.marlborough-ma.gov/sites/g/files/vyhlif7576/f/uploads/2007-11-06_-_municipal_election_results.pdf,result,catalog,wayback,
Marlborough,2008,http://marlborough-ma.gov/Gen/MarlboroughMA_CityClerks/Municipal%20Election%20Results/2008-05-06%20-%20Special%20Municipal%20Ward%205%20Election%20Results.pdf,result,catalog,wayback,
Marlborough,2008,https://marlborough-ma.gov/DocumentCenter/View/220/2008-05-06-Special-Municipal-Ward-5-Election-Results-PDF,result,catalog,docsweep,2008-05-06 Special Municipal Ward 5 Election Results (PDF)
Marlborough,2009,http://marlborough-ma.gov/Gen/MarlboroughMA_CityClerks/Municipal%20Election%20Results/2009-10-06%20-%20PRELIMINARY%20Municipal%20Election%20Results.pdf,result,catalog,wayback,
Marlborough,2009,http://marlborough-ma.gov/Gen/MarlboroughMA_CityClerks/Municipal%20Election%20Results/2009-11-03%20-%20Municipal%20Election%20Results.pdf,result,catalog,wayback,
Marlborough,2009,http://www.marlborough-ma.gov/Gen/MarlboroughMA_PubLibrary/flyers/2009AnnualReport.pdf,atr,nodes,wayback,
Marlborough,2009,"http://www.marlborough-ma.gov/gen/MarlboroughMA_Announcemt/October%206,%202009%20Preliminary%20Municipal%20Election%20Results.pdf",result,catalog,wayback,
Marlborough,2009,"http://www.marlborough-ma.gov/gen/MarlboroughMA_Announcemt/Official%20November%203,%202009%20Municipal%20Election%20Results.pdf",result,catalog,wayback,
Marlborough,2009,"http://www.marlborough-ma.gov/gen/MarlboroughMA_Announcemt/Unofficial%20November%203,%202009%20Municipal%20Election%20Results.pdf",result,catalog,wayback,
Marlborough,2009,https://marlborough-ma.gov/DocumentCenter/View/221/2009-10-06-Preliminary-Municipal-Election-Results-PDF,result,catalog,docsweep,2009-10-06 Preliminary Municipal Election Results (PDF)
Marlborough,2009,https://marlborough-ma.gov/DocumentCenter/View/222/2009-11-03-Municipal-Election-Results-PDF,result,catalog,docsweep,2009-11-03 Municipal Election Results (PDF)
Marlborough,2010,http://marlborough-ma.gov/Gen/MarlboroughMA_CityClerks/Municipal%20Election%20Results/2010-06-15%20-%20%20Special%20PRELIMINARY%20Municipal%20Ward%204%20Election.pdf,result,catalog,wayback,
Marlborough,2010,http://marlborough-ma.gov/Gen/MarlboroughMA_CityClerks/Municipal%20Election%20Results/2010-07-13%20Special%20Municipal%20Ward%204%20Election%20Results.pdf,result,catalog,wayback,
Marlborough,2010,http://www.marlborough-ma.gov/Res/hlthissues/MarlboroughMA_PubLibrary/flyers/2010AnnualReport.pdf,atr,nodes,wayback,
Marlborough,2010,http://www.marlborough-ma.gov/gen/MarlboroughMA_Announcemt/OFFICIAL%202010%20%20Municipal%20Ward%204%20Prel.%20Election%20Results.pdf,result,catalog,wayback,
Marlborough,2010,http://www.marlborough-ma.gov/gen/marlboroughma_publibrary/flyers/2010AnnualReport.pdf,atr,nodes,wayback,
Marlborough,2010,https://marlborough-ma.gov/DocumentCenter/View/223/2010-06-15-Special-Preliminary-Municipal-Ward-4-Election-Results-PDF,result,catalog,docsweep,2010-06-15 Special Preliminary Municipal Ward 4 Election Results (PDF)
Marlborough,2010,https://marlborough-ma.gov/DocumentCenter/View/224/2010-07-13-Special-Municipal-Ward-4-Election-Results-PDF,result,catalog,docsweep,2010-07-13 Special Municipal Ward 4 Election Results (PDF)
Marlborough,2011,http://marlborough-ma.gov/Gen/MarlboroughMA_CityClerks/Municipal%20Election%20Results/2011-10-04%20-%20PRELIMINARY%20Municipal%20Election%20Results.pdf,result,catalog,wayback,
Marlborough,2011,http://marlborough-ma.gov/Gen/MarlboroughMA_CityClerks/Municipal%20Election%20Results/2011-11-01%20-%20Municipal%20Election%20Results.pdf,result,catalog,wayback,
Marlborough,2011,"http://www.marlborough-ma.gov/gen/MarlboroughMA_Announcemt/Official%20Municipal%20Election%20Results,%20November%201,%202011.pdf",result,catalog,wayback,
Marlborough,2011,https://marlborough-ma.gov/DocumentCenter/View/225/2011-10-04-Preliminary-Municipal-Election-Results-PDF,result,catalog,docsweep,2011-10-04 Preliminary Municipal Election Results (PDF)
Marlborough,2011,https://marlborough-ma.gov/DocumentCenter/View/226/2011-11-01-Municipal-Election-Results-PDF,result,catalog,docsweep,2011-11-01 Municipal Election Results (PDF)
Marlborough,2011,https://www.marlborough-ma.gov/sites/g/files/vyhlif7576/f/uploads/2011-11-01_-_municipal_election_results.pdf,result,catalog,wayback,
Marlborough,2013,http://marlborough-ma.gov/Gen/MarlboroughMA_CityClerks/Municipal%20Election%20Results/2013-11-05%20-%20Municipal%20Election%20Results.pdf,result,catalog,wayback,
Marlborough,2013,https://marlborough-ma.gov/DocumentCenter/View/227/2013-11-05-Municipal-Election-Results-PDF,result,catalog,docsweep,2013-11-05 Municipal Election Results (PDF)
Marlborough,2013,https://www.marlborough-ma.gov/sites/g/files/vyhlif3411/f/uploads/official_november_5_2013_biennial_municipal_election_results.pdf,result,catalog,wayback,
Marlborough,2015,http://marlborough-ma.gov/Gen/MarlboroughMA_CityClerks/Municipal%20Election%20Results/2015-10-06%20-%20PRELIMINARY%20Municipal%20Election%20Results.pdf,result,catalog,wayback,
Marlborough,2015,http://marlborough-ma.gov/Gen/MarlboroughMA_CityClerks/Municipal%20Election%20Results/2015-11-03%20-%20Municipal%20Election%20Results.pdf,result,catalog,wayback,
Marlborough,2015,https://marlborough-ma.gov/DocumentCenter/View/228/2015-10-06-Preliminary-Municipal-Election-Results-PDF,result,catalog,docsweep,2015-10-06 Preliminary Municipal Election Results (PDF)
Marlborough,2015,https://marlborough-ma.gov/DocumentCenter/View/229/2015-11-03-Municipal-Election-Results-PDF,result,catalog,docsweep,2015-11-03 Municipal Election Results (PDF)
Marlborough,2017,https://marlborough-ma.gov/DocumentCenter/View/230/2017-10-10-Preliminary-Municipal-Election-Results-PDF,result,catalog,docsweep,2017-10-10 Preliminary Municipal Election Results (PDF)
Marlborough,2017,https://marlborough-ma.gov/DocumentCenter/View/231/2017-11-07-Municipal-Election-Results-PDF,result,catalog,docsweep,2017-11-07 Municipal Election Results (PDF)
Marlborough,2019,https://marlborough-ma.gov/DocumentCenter/View/232/2019-10-08-Preliminary-Municipal-Election-Results-PDF,result,catalog,docsweep,2019-10-08 Preliminary Municipal Election Results (PDF)
Marlborough,2019,https://marlborough-ma.gov/DocumentCenter/View/233/2019-11-05-Municipal-Election-Results-PDF,result,catalog,docsweep,2019-11-05 Municipal Election Results (PDF)
Marshfield,2005,http://cms3.revize.com/revize/bellcounty/county_government/county_clerk/elections/docs/results/Bell_County_2005_Constitutional_Amendment_Election___11_08_05___Official_Res.pdf,result,catalog,wayback,
Marshfield,2005,http://cms3.revize.com/revize/bellcounty/county_government/county_clerk/elections/docs/results_precinct/Bell_County_2005_Constitutional_Amendment_Election___11_08_05___Official_Res.pdf,result,catalog,wayback,
Marshfield,2005,https://cms3.revize.com/revize/bellcountytx/county_government/county_clerk/elections/docs/results/Bell_County_2005_Constitutional_Amendment_Election___11_08_05___Official_Res.pdf,result,catalog,wayback,
Marshfield,2005,https://cms3.revize.com/revize/bellcountytx/county_government/county_clerk/elections/docs/results_precinct/Bell_County_2005_Constitutional_Amendment_Election___11_08_05___Official_Res.pdf,result,catalog,wayback,
Marshfield,2007,https://cms3.revize.com/revize/boylstonma/Documents/Government/Board%20of%20Selectman/Annual%20Town%20Reports/2007_0.pdf,atr,nodes,wayback,
Marshfield,2008,http://cms3.revize.com/revize/bellcounty/county_government/county_clerk/elections/docs/results/2008RepublicanPrimary.PDF,result,catalog,wayback,
Marshfield,2008,http://marshfield-ma.gov/Collateral/Documents/English-US/accounting/TA-Town-Report-2008.pdf,atr,nodes,wayback,
Marshfield,2008,https://cms3.revize.com/revize/bellcountytx/county_government/county_clerk/elections/docs/results/2008RepublicanPrimary.PDF,result,catalog,wayback,
Marshfield,2008,https://cms3.revize.com/revize/boylstonma/Documents/Government/Board%20of%20Selectman/Annual%20Town%20Reports/2008.pdf,atr,nodes,wayback,
Marshfield,2009,http://marshfield-ma.gov/Collateral/Documents/English-US/accounting/TA-Town-Report-2009.pdf,atr,nodes,wayback,
Marshfield,2009,http://marshfield-ma.gov/Collateral/Documents/English-US/administration/2009annualreport.pdf,atr,nodes,wayback,
Marshfield,2009,http://marshfield-ma.gov/Collateral/Documents/English-US/administration/townreport-2009-sectionI.pdf,atr,nodes,wayback,
Marshfield,2009,http://marshfield-ma.gov/Collateral/Documents/English-US/administration/townreport-2009-sectionII.pdf,atr,nodes,wayback,
Marshfield,2009,http://marshfield-ma.gov/Collateral/Documents/English-US/administration/townreport-2009-sectionIII.pdf,atr,nodes,wayback,
Marshfield,2009,http://marshfield-ma.gov/Collateral/Documents/English-US/administration/townreport-2009-sectionIV.pdf,atr,nodes,wayback,
Marshfield,2009,http://marshfield-ma.gov/Collateral/Documents/English-US/administration/townreport-2009-sectionV-1.pdf,atr,nodes,wayback,
Marshfield,2009,http://marshfield-ma.gov/Collateral/Documents/English-US/administration/townreport-2009-sectionV-2.pdf,atr,nodes,wayback,
Marshfield,2009,http://marshfield-ma.gov/Collateral/Documents/English-US/administration/townreport-2009-tableofcontents.pdf,atr,nodes,wayback,
Marshfield,2009,https://cms3.revize.com/revize/auburnhillsmi/departments/community_development/planning_commission/docs/2009_10_PC_Annual_Report.pdf,atr,nodes,wayback,
Marshfield,2009,https://cms3.revize.com/revize/boylstonma/Documents/Government/Board%20of%20Selectman/Annual%20Town%20Reports/2009.pdf,atr,nodes,wayback,
Marshfield,2009,https://marshfield-ma.gov/government/select_board/Binder2.pdf?t=202602021719210,atr,nodes,crawl,2009 Annual Report
Marshfield,2010,http://marshfield-ma.gov/Collateral/Documents/English-US/accounting/TA-Town-Report-2010.pdf,atr,nodes,wayback,
Marshfield,2010,http://marshfield-ma.gov/Collateral/Documents/English-US/administration/MARSHFIELD2010TOWNREPORT.pdf,atr,nodes,wayback,
Marshfield,2010,https://cms3.revize.com/revize/allenparkmi/Documents/Departments/Clerk/Election%20Information/Past%20Election%20Results/ELECTION%20RESULTS%20Nov%202010.pdf,result,catalog,wayback,
Marshfield,2010,https://cms3.revize.com/revize/boylstonma/Documents/Government/Board%20of%20Selectman/Annual%20Town%20Reports/2010.pdf,atr,nodes,wayback,
Marshfield,2010,https://marshfield-ma.gov/government/select_board/2010_annual_report_-_pdf.pdf?t=202503281418370,atr,nodes,crawl,2010 Annual Report
Marshfield,2011,http://marshfield-ma.gov/Collateral/Documents/English-US/administration/MARSHFIELD2011TOWNREPORT-WEBCOPY.pdf,atr,nodes,wayback,
Marshfield,2011,https://cms3.revize.com/revize/boylstonma/Documents/Government/Board%20of%20Selectman/Annual%20Town%20Reports/2011.pdf,atr,nodes,wayback,
Marshfield,2011,https://marshfield-ma.gov/government/select_board/2011_annual_report_-_pdf.pdf?t=202503281417340,atr,nodes,crawl,2011 Annual Report
Marshfield,2012,http://cms3.revize.com/revize/bellcounty/county_government/county_clerk/elections/docs/results/Democratic_2012_Primary_Pct_by_Pct.pdf,result,catalog,wayback,
Marshfield,2012,http://cms3.revize.com/revize/bellcounty/county_government/county_clerk/elections/docs/results_precinct/Republican_2012_Primary_Pct_by_Pct.pdf,result,catalog,wayback,
Marshfield,2012,http://marshfield-ma.gov/Collateral/Documents/English-US/townclerk/OFFICIAL%20ELECTION%20RESULTS-11%2006%202012.pdf,result,catalog,wayback,
Marshfield,2012,https://cms3.revize.com/revize/atlantalibrary/Reports/2012%20Annual%20Report.pdf,atr,nodes,wayback,
Marshfield,2012,https://cms3.revize.com/revize/bellcountytx/county_government/county_clerk/elections/docs/results/Democratic_2012_Primary_Pct_by_Pct.pdf,result,catalog,wayback,
Marshfield,2012,https://cms3.revize.com/revize/bellcountytx/county_government/county_clerk/elections/docs/results_precinct/Republican_2012_Primary_Pct_by_Pct.pdf,result,catalog,wayback,
Marshfield,2012,https://cms3.revize.com/revize/bellcountytx/departments/elections/docs/DemResultsJuly2012ALL.pdf,result,catalog,wayback,
Marshfield,2012,https://cms3.revize.com/revize/bellcountytx/departments/elections/docs/RepResultsJuly2012ALL.pdf,result,catalog,wayback,
Marshfield,2012,https://cms3.revize.com/revize/boylstonma/Documents/Government/Board%20of%20Selectman/Annual%20Town%20Reports/2012.pdf,atr,nodes,wayback,
Marshfield,2012,https://marshfield-ma.gov/government/select_board/2012_annual_report_-_pdf.pdf?t=202503281416150,atr,nodes,crawl,2012 Annual Report
Marshfield,2013,http://cms3.revize.com/revize/bellcounty/departments/elections/docs/2013_Constitutional_Election_Precinct_by_Precinct_Results.pdf,result,catalog,wayback,
Marshfield,2013,http://cms3.revize.com/revize/bellcounty/departments/elections/docs/2013_Constitutional_Election_Summary_Results.pdf,result,catalog,wayback,
Marshfield,2013,http://cms3.revize.com/revize/bellcounty/departments/engineer_2/docs/2013_Annual_Report_Engineers_Office.pdf,atr,nodes,wayback,
Marshfield,2013,http://cms3.revize.com/revize/bellcountytx/departments/engineer_2/docs/2013_Annual_Report_Engineers_Office.pdf,atr,nodes,wayback,
Marshfield,2013,https://cms3.revize.com/revize/atlantalibrary/Reports/2013%20Annual%20Report.pdf,atr,nodes,wayback,
Marshfield,2013,https://cms3.revize.com/revize/bellcountytx/departments/elections/docs/2013_Constitutional_Election_Precinct_by_Precinct_Results.pdf,result,catalog,wayback,
Marshfield,2013,https://cms3.revize.com/revize/bellcountytx/departments/elections/docs/2013_Constitutional_Election_Summary_Results.pdf,result,catalog,wayback,
Marshfield,2013,https://cms3.revize.com/revize/boylstonma/Documents/Government/Board%20of%20Selectman/Annual%20Town%20Reports/2013.pdf,atr,nodes,wayback,
Marshfield,2013,https://marshfield-ma.gov/government/select_board/2013_annual_report_-_pdf.pdf?t=202503281415310,atr,nodes,crawl,2013 Annual Report
Marshfield,2014,http://cms3.revize.com/revize/bellcounty/departments/elections/docs/Democrat_2014_Primary_Runoff_Results.pdf,result,catalog,wayback,
Marshfield,2014,http://cms3.revize.com/revize/bellcounty/departments/elections/docs/Republican_2014_Primary_Runoff_Results.pdf,result,catalog,wayback,
Marshfield,2014,http://cms3.revize.com/revize/bellcounty/departments/engineer_2/docs/2014_Annual_Report_Engineers_Office.pdf,atr,nodes,wayback,
Marshfield,2014,http://cms3.revize.com/revize/bellcountytx/departments/engineer_2/docs/2014_Annual_Report_Engineers_Office.pdf,atr,nodes,wayback,
Marshfield,2014,http://marshfield-ma.gov/Collateral/Documents/English-US/administration/townreport2014.pdf,atr,nodes,wayback,
Marshfield,2014,https://cms3.revize.com/revize/atlantalibrary/Reports/2014%20Annual%20Report.pdf,atr,nodes,wayback,
Marshfield,2014,https://cms3.revize.com/revize/bellcountytx/departments/elections/docs/Democrat_2014_Primary_Runoff_Results.pdf,result,catalog,wayback,
Marshfield,2014,https://cms3.revize.com/revize/bellcountytx/departments/elections/docs/Republican_2014_Primary_Runoff_Results.pdf,result,catalog,wayback,
Marshfield,2014,https://cms3.revize.com/revize/boylstonma/Documents/Government/Board%20of%20Selectman/Annual%20Town%20Reports/2014.pdf,atr,nodes,wayback,
Marshfield,2014,https://marshfield-ma.gov/government/select_board/2014_annual_report_-pdf.pdf?t=202503281414440,atr,nodes,crawl,2014 Annual Report
Marshfield,2015,http://cms3.revize.com/revize/bellcountytx/departments/engineer_2/docs/2015_Annual_Report.pdf,atr,nodes,wayback,
Marshfield,2015,https://cms3.revize.com/revize/allenparkmi/Documents/Departments/Clerk/Election%20Information/Past%20Election%20Results/Aug-4th-2015-Results-(1).pdf,result,catalog,wayback,
Marshfield,2015,https://cms3.revize.com/revize/atlantalibrary/Reports/2015%20Annual%20Report.pdf,atr,nodes,wayback,
Marshfield,2015,https://cms3.revize.com/revize/bellcountytx/departments/elections/docs/11_03_2015_Precinct_by_Precinct_Results_OFFICAL.pdf,result,catalog,wayback,
Marshfield,2015,https://cms3.revize.com/revize/bellcountytx/departments/elections/docs/11_03_2015_Summary_Results_OFFICAL.pdf,result,catalog,wayback,
Marshfield,2015,https://marshfield-ma.gov/government/select_board/2015_annual_report_-_pdf.pdf?t=202503281413280,atr,nodes,crawl,2015 Annual Report
Marshfield,2016,http://cms3.revize.com/revize/bellcounty/departments/juvenile_probation/docs/2016%20Annual%20Report.pdf,atr,nodes,wayback,
Marshfield,2016,http://cms3.revize.com/revize/bellcountytx/departments/engineer_2/docs/2016%20Annual%20Report-Final.pdf,atr,nodes,wayback,
Marshfield,2016,https://cms3.revize.com/revize/allenparkmi/Documents/Departments/Clerk/Election%20Information/Past%20Election%20Results/March-8th-2016-results-by-precinct.pdf,result,catalog,wayback,
Marshfield,2016,https://cms3.revize.com/revize/atlantalibrary/Reports/2016%20Annual%20Report.pdf,atr,nodes,wayback,
Marshfield,2016,https://cms3.revize.com/revize/bellcountytx/departments/juvenile_probation/docs/2016%20Annual%20Report.pdf,atr,nodes,wayback,
Marshfield,2016,https://cms3.revize.com/revize/boylstonma/Documents/Community/Government/Board%20of%20Selectman/Reports%20&%20Policies/2016_annual_report.pdf,atr,nodes,wayback,
Marshfield,2016,https://cms3.revize.com/revize/boylstonma/Documents/Government/Board%20of%20Selectman/Annual%20Town%20Reports/ATR2016.pdf,atr,nodes,wayback,
Marshfield,2016,https://marshfield-ma.gov/government/select_board/marshfield_2016_tr-web_copy.pdf?t=202503281412160,atr,nodes,crawl,2016 Annual Report
Marshfield,2017,https://cms3.revize.com/revize/bellcountytx/departments/elections/docs/11.7.2017_Precinct_by_Precinct_Results.pdf,result,catalog,wayback,
Marshfield,2017,https://cms3.revize.com/revize/bellcountytx/departments/elections/docs/11.7.2017_Summary_Results.pdf,result,catalog,wayback,
Marshfield,2017,https://cms3.revize.com/revize/bellcountytx/departments/juvenile_probation/docs/2017%20Annual%20Report%20(18-0212).pdf,atr,nodes,wayback,
Marshfield,2017,https://cms3.revize.com/revize/boylstonma/Documents/Community/Government/Board%20of%20Selectman/Reports%20&%20Policies/2017_annual_town_report.pdf,atr,nodes,wayback,
Marshfield,2017,https://marshfield-ma.gov/government/select_board/marshfield_2017_tr-web_copy.pdf?t=202503281411280,atr,nodes,crawl,2017 Annual Report
Marshfield,2018,https://cms3.revize.com/revize/boylstonma/Documents/Community/Government/Board%20of%20Selectman/Reports%20&%20Policies/official_town_report_2018_-_final.pdf,atr,nodes,wayback,
Marshfield,2018,https://marshfield-ma.gov/government/select_board/marshfield_2018_tr-web_copy.pdf?t=202503281410320,atr,nodes,crawl,2018 Annual Report
Marshfield,2019,"https://cms3.revize.com/revize/allenparkmi/Documents/Departments/Clerk/Election%20Information/Past%20Election%20Results/August-6,-2019-Unofficial-Results.pdf",result,catalog,wayback,
Marshfield,2019,https://cms3.revize.com/revize/bellcountytx/elections/11.5.2019_Precinct_by_Precinct_Results.pdf,result,catalog,wayback,
Marshfield,2019,https://cms3.revize.com/revize/bellcountytx/elections/11.5.2019_Summary_Results.pdf,result,catalog,wayback,
Marshfield,2019,https://cms3.revize.com/revize/boylstonma/Documents/Community/Government/Board%20of%20Selectman/Reports%20&%20Policies/offical_annual_town_report_2019.pdf,atr,nodes,wayback,
Marshfield,2019,https://marshfield-ma.gov/government/select_board/marshfield_2019_tr-web_copy.pdf?t=202503281234300,atr,nodes,crawl,2019 Annual Report
Marshfield,2020,https://cms3.revize.com/revize/allenparkmi/Documents/Departments/Clerk/Election%20Information/Past%20Election%20Results/Nov-3-2020-Results-by-Precinct-All.pdf,result,catalog,wayback,
Marshfield,2020,https://cms3.revize.com/revize/allenparkmi/Documents/Departments/Clerk/Election%20Information/Past%20Election%20Results/unofficial-results-mar-10-2020.pdf,result,catalog,wayback,
Marshfield,2020,https://cms3.revize.com/revize/allentx/Documents/Departments/Engineering%20and%20Traffic/Stormwater%20Management/TPDES%20Annual%20Report%20-%20Term%203%20Year%201%20(2020).pdf,atr,nodes,wayback,
Marshfield,2020,https://cms3.revize.com/revize/alpenami/document_center/City%20Boards/2020%20PC%20Annual%20Report.pdf,atr,nodes,wayback,
Marshfield,2020,https://cms3.revize.com/revize/atlantalibrary/Reports/2020%20Annual%20Report.pdf,atr,nodes,wayback,
Marshfield,2020,https://cms3.revize.com/revize/bellcountytx/elections/Results/07.14.2020_Polling_Site_Summary_DEM.pdf,result,catalog,wayback,
Marshfield,2020,https://cms3.revize.com/revize/bellcountytx/elections/Results/07.14.2020_Polling_Site_Summary_REP.pdf,result,catalog,wayback,
Marshfield,2020,https://cms3.revize.com/revize/bellcountytx/elections/Results/07.14.2020_Precinct_by_Precinct_DEM.pdf,result,catalog,wayback,
Marshfield,2020,https://cms3.revize.com/revize/bellcountytx/elections/Results/07.14.2020_Precinct_by_Precinct_REP.pdf,result,catalog,wayback,
Marshfield,2020,https://cms3.revize.com/revize/bellcountytx/elections/Results/07.14.2020_Summary_DEM.pdf,result,catalog,wayback,
Marshfield,2020,https://cms3.revize.com/revize/bellcountytx/elections/Results/07.14.2020_Summary_REP.pdf,result,catalog,wayback,
Marshfield,2020,https://marshfield-ma.gov/government/select_board/marshfield_2020_tr_web.pdf?t=202503281233530,atr,nodes,crawl,2021 Annual Report
Mashpee,2000,http://www.mashpeema.gov/sites/mashpeema/files/uploads/may_06_2000_town_election_results.pdf,result,catalog,wayback,
Mashpee,2001,http://www.mashpeema.gov/sites/mashpeema/files/uploads/may_12_2001_town_election_results.pdf,result,catalog,wayback,
Mashpee,2002,http://www.mashpeema.gov/sites/mashpeema/files/uploads/may_11_2002_town_election_results.pdf,result,catalog,wayback,
Mashpee,2003,http://www.mashpeema.gov/sites/mashpeema/files/uploads/may_10_2003_town_election_results.pdf,result,catalog,wayback,
Mashpee,2004,http://www.mashpeema.gov/sites/mashpeema/files/uploads/may_08_2004_town_election_results.pdf,result,catalog,wayback,
Mashpee,2005,http://www.mashpeema.gov/sites/mashpeema/files/uploads/may_07_2005_town_election_results.pdf,result,catalog,wayback,
Mashpee,2006,http://www.mashpeema.gov/sites/mashpeema/files/uploads/2006_annual_report.pdf,atr,nodes,wayback,
Mashpee,2006,http://www.mashpeema.gov/sites/mashpeema/files/uploads/may_06_2006_town_election_results.pdf,result,catalog,wayback,
Mashpee,2006,https://www.mashpeema.gov/sites/g/files/vyhlif3426/f/uploads/2006_annual_report.pdf,atr,nodes,wayback,
Mashpee,2007,http://www.mashpeema.gov/sites/mashpeema/files/uploads/2007_annual_report.pdf,atr,nodes,wayback,
Mashpee,2007,http://www.mashpeema.gov/sites/mashpeema/files/uploads/may_12_2007_town_election_results.pdf,result,catalog,wayback,
Mashpee,2007,https://www.mashpeema.gov/sites/g/files/vyhlif3426/f/uploads/2007_annual_report.pdf,atr,nodes,wayback,
Mashpee,2008,http://www.mashpeema.gov/sites/mashpeema/files/uploads/2008_annual_report.pdf,atr,nodes,wayback,
Mashpee,2008,http://www.mashpeema.gov/sites/mashpeema/files/uploads/may_10_2008_town_election_result.pdf,result,catalog,wayback,
Mashpee,2008,https://www.mashpeema.gov/sites/g/files/vyhlif3426/f/uploads/2008_annual_report.pdf,atr,nodes,wayback,
Mashpee,2009,http://www.mashpeema.gov/sites/mashpeema/files/uploads/may_09_2009_town_election_results.pdf,result,catalog,wayback,
Mashpee,2009,https://www.mashpeema.gov/sites/g/files/vyhlif3426/f/uploads/2009-annual_town_report.pdf,atr,nodes,wayback,
Mashpee,2010,http://www.mashpeema.gov/sites/mashpeema/files/uploads/2010_-_may_8_town_election_results.pdf,result,catalog,wayback,
Mashpee,2010,http://www.mashpeema.gov/sites/mashpeema/files/uploads/2010_annual_report.pdf,atr,nodes,wayback,
Mashpee,2010,http://www.mashpeema.gov/sites/mashpeema/files/uploads/november_2_2010_gubernatorial_election_results.pdf,result,catalog,wayback,
Mashpee,2010,https://www.mashpeema.gov/sites/g/files/vyhlif3426/f/uploads/2010_annual_report.pdf,atr,nodes,wayback,
Mashpee,2011,http://www.mashpeema.gov/sites/mashpeema/files/uploads/2011_-_may_7_town_election_results.pdf,result,catalog,wayback,
Mashpee,2011,http://www.mashpeema.gov/sites/mashpeema/files/uploads/2011_annual_report.pdf,atr,nodes,wayback,
Mashpee,2011,https://www.mashpeema.gov/sites/g/files/vyhlif3426/f/uploads/2011_annual_report.pdf,atr,nodes,wayback,
Mashpee,2012,http://www.mashpeema.gov/sites/mashpeema/files/uploads/2012_annual_report.pdf,atr,nodes,wayback,
Mashpee,2012,https://www.mashpeema.gov/sites/g/files/vyhlif3426/f/uploads/2012_annual_report.pdf,atr,nodes,wayback,
Mashpee,2013,http://www.mashpeema.gov/sites/mashpeema/files/uploads/2013_-_april_30_town_election_results.pdf,result,catalog,wayback,
Mashpee,2013,https://www.mashpeema.gov/sites/g/files/vyhlif3426/f/uploads/2013-annual_town_report.pdf,atr,nodes,wayback,
Mashpee,2014,http://www.mashpeema.gov/sites/mashpeema/files/uploads/2014_annual_report.pdf,atr,nodes,wayback,
Mashpee,2014,https://www.mashpeema.gov/sites/g/files/vyhlif3426/f/uploads/2014_annual_report.pdf,atr,nodes,wayback,
Mashpee,2015,http://www.mashpeema.gov/sites/mashpeema/files/uploads/2015_-_may_16_town_election_question_results.pdf,result,catalog,wayback,
Mashpee,2015,http://www.mashpeema.gov/sites/mashpeema/files/uploads/2015_-_may_16_town_election_results.pdf,result,catalog,wayback,
Mashpee,2015,http://www.mashpeema.gov/sites/mashpeema/files/uploads/2015_final_annual_report.pdf,atr,nodes,wayback,
Mashpee,2015,https://www.mashpeema.gov/sites/g/files/vyhlif3426/f/uploads/2015_final_annual_report.pdf,atr,nodes,wayback,
Mashpee,2016,https://www.mashpeema.gov/sites/g/files/vyhlif3426/f/uploads/2016_annual_report.pdf,atr,nodes,wayback,
Mashpee,2017,https://www.mashpeema.gov/sites/g/files/vyhlif3426/f/uploads/2017_annual_report.pdf,atr,nodes,wayback,
Mashpee,2018,https://www.mashpeema.gov/sites/g/files/vyhlif3426/f/pages/2018annualtownreportfinaldraft.pdf,atr,nodes,wayback,
Mashpee,2020,https://www.mashpeema.gov/sites/g/files/vyhlif3426/f/uploads/11-3-2020_presedential_election_results.pdf,result,catalog,wayback,
Mattapoisett,2009,https://mattapoisett.gov/DocumentCenter/View/421/2009-Annual-Town-Election-Results-PDF,result,catalog,docsweep,2009 Annual Town Election Results (PDF)
Mattapoisett,2009,https://www.mattapoisett.gov/DocumentCenter/View/421,result,catalog,dc_idsweep,2009 Annual Town Election Results PDF?bidId=
Mattapoisett,2009,https://www.mattapoisett.gov/DocumentCenter/View/421/2009-Annual-Town-Election-Results-PDF,result,catalog,docsweep,2009 Annual Town Election Results (PDF)
Mattapoisett,2010,http://www.mattapoisett.net/sites/mattapoisettma/files/uploads/annualreport.2010.pdf,atr,nodes,wayback,
Mattapoisett,2010,http://www.mattapoisett.net/sites/mattapoisettma/files/uploads/mfdannual_report2010.pdf,atr,nodes,wayback,
Mattapoisett,2010,http://www.mattapoisett.net/sites/mattapoisettma/files/uploads/tcannualreport2010.pdf,atr,nodes,wayback,
Mattapoisett,2010,http://www.mattapoisett.net/sites/mattapoisettma/files/uploads/townreport2010planning.pdf,atr,nodes,wayback,
Mattapoisett,2010,http://www.mattapoisett.net/sites/mattapoisettma/files/uploads/townreportph2010-2-1.pdf,atr,nodes,wayback,
Mattapoisett,2010,http://www.mattapoisett.net/sites/mattapoisettma/files/uploads/w-stownreport2010.pdf,atr,nodes,wayback,
Mattapoisett,2010,https://mattapoisett.gov/DocumentCenter/View/511/2010-Town-Election-Results-PDF,result,catalog,docsweep,2010 Town Election Results (PDF)
Mattapoisett,2010,https://www.mattapoisett.gov/DocumentCenter/View/511,result,catalog,dc_idsweep,2010 Town Election Results PDF?bidId=
Mattapoisett,2010,https://www.mattapoisett.gov/DocumentCenter/View/511/2010-Town-Election-Results-PDF,result,catalog,docsweep,2010 Town Election Results (PDF)
Mattapoisett,2011,http://www.mattapoisett.net/sites/mattapoisettma/files/uploads/townclerk1annualtownelectionballotresults2011.pdf,result,catalog,wayback,
Mattapoisett,2011,http://www.mattapoisett.net/sites/mattapoisettma/files/uploads/townclerk4annualreport2011.pdf,atr,nodes,wayback,
Mattapoisett,2011,http://www.mattapoisett.net/sites/mattapoisettma/files/uploads/veteranstownreport2011.pdf,atr,nodes,wayback,
Mattapoisett,2011,https://mattapoisett.gov/DocumentCenter/View/532/2011-Annual-Election-Results-PDF,result,catalog,docsweep,2011 Annual Election Results (PDF)
Mattapoisett,2011,https://www.mattapoisett.gov/DocumentCenter/View/532,result,catalog,dc_idsweep,2011 Annual Election Results PDF?bidId=
Mattapoisett,2011,https://www.mattapoisett.gov/DocumentCenter/View/532/2011-Annual-Election-Results-PDF,result,catalog,docsweep,2011 Annual Election Results (PDF)
Mattapoisett,2012,http://www.mattapoisett.net/sites/mattapoisettma/files/uploads/buildingtownreport2012.pdf,atr,nodes,wayback,
Mattapoisett,2012,http://www.mattapoisett.net/sites/mattapoisettma/files/uploads/mfdannualreport2012.pdf,atr,nodes,wayback,
Mattapoisett,2012,http://www.mattapoisett.net/sites/mattapoisettma/files/uploads/naturalresourcetownreport2012.pdf,atr,nodes,wayback,
Mattapoisett,2012,http://www.mattapoisett.net/sites/mattapoisettma/files/uploads/tctown_report_info_2012_3.pdf,atr,nodes,wayback,
Mattapoisett,2013,http://www.mattapoisett.net/Pages/MattapoisettMA_WebDocs/2013TownReport/VeteransTR13.pdf,atr,nodes,wayback,
Mattapoisett,2013,http://www.mattapoisett.net/sites/mattapoisettma/files/uploads/2013animalcontroltownreport.pdf,atr,nodes,wayback,
Mattapoisett,2013,http://www.mattapoisett.net/sites/mattapoisettma/files/uploads/2013annual_reportconcom.pdf,atr,nodes,wayback,
Mattapoisett,2013,http://www.mattapoisett.net/sites/mattapoisettma/files/uploads/2013atelectionresult.pdf,result,catalog,wayback,
Mattapoisett,2013,http://www.mattapoisett.net/sites/mattapoisettma/files/uploads/buildinboatownreport2013.pdf,atr,nodes,wayback,
Mattapoisett,2013,http://www.mattapoisett.net/sites/mattapoisettma/files/uploads/coa2013annualreport.pdf,atr,nodes,wayback,
Mattapoisett,2013,http://www.mattapoisett.net/sites/mattapoisettma/files/uploads/highwaydepartmenttownreport2013.pdf,atr,nodes,wayback,
Mattapoisett,2013,http://www.mattapoisett.net/sites/mattapoisettma/files/uploads/mfdannualreport_2013.pdf,atr,nodes,wayback,
Mattapoisett,2013,http://www.mattapoisett.net/sites/mattapoisettma/files/uploads/phntownreport2013.pdf,atr,nodes,wayback,
Mattapoisett,2013,https://mattapoisett.gov/DocumentCenter/View/565/2013-Annual-Town-Election-Results-PDF,result,catalog,docsweep,2013 Annual Town Election Results (PDF)
Mattapoisett,2013,https://www.mattapoisett.gov/DocumentCenter/View/565,result,catalog,dc_idsweep,2013 Annual Town Election Results PDF?bidId=
Mattapoisett,2013,https://www.mattapoisett.gov/DocumentCenter/View/565/2013-Annual-Town-Election-Results-PDF,result,catalog,docsweep,2013 Annual Town Election Results (PDF)
Mattapoisett,2014,http://www.mattapoisett.net/sites/mattapoisettma/files/uploads/assessorstownreport2014.pdf,atr,nodes,wayback,
Mattapoisett,2014,http://www.mattapoisett.net/sites/mattapoisettma/files/uploads/highway2014townreport.pdf,atr,nodes,wayback,
Mattapoisett,2014,http://www.mattapoisett.net/sites/mattapoisettma/files/uploads/mfdannualreport2014.pdf,atr,nodes,wayback,
Mattapoisett,2014,http://www.mattapoisett.net/sites/mattapoisettma/files/uploads/srpedd2014annual_report.pdf,atr,nodes,wayback,
Mattapoisett,2014,http://www.mattapoisett.net/sites/mattapoisettma/files/uploads/tctownreportintro2014.pdf,atr,nodes,wayback,
Mattapoisett,2014,http://www.mattapoisett.net/sites/mattapoisettma/files/uploads/town_report_2014treecommittee.pdf,atr,nodes,wayback,
Mattapoisett,2014,http://www.mattapoisett.net/sites/mattapoisettma/files/uploads/veteranstownreport_2014_0.pdf,atr,nodes,wayback,
Mattapoisett,2014,https://mattapoisett.gov/DocumentCenter/View/605/2014-Annual-Town-Election-Results-PDF,result,catalog,docsweep,2014 Annual Town Election Results (PDF)
Mattapoisett,2014,https://www.mattapoisett.gov/DocumentCenter/View/605/2014-Annual-Town-Election-Results-PDF,result,catalog,wayback,
Mattapoisett,2014,https://www.mattapoisett.net/DocumentCenter/View/605,result,catalog,dc_idsweep,2014 Annual Town Election Results PDF?bidId=
Mattapoisett,2015,https://www.mattapoisett.net/sites/g/files/vyhlif3436/f/uploads/assessorstown_report_2015.pdf,atr,nodes,wayback,
Mattapoisett,2015,https://www.mattapoisett.net/sites/g/files/vyhlif3436/f/uploads/mfd_annual_report_2015.pdf,atr,nodes,wayback,
Mattapoisett,2015,https://www.mattapoisett.net/sites/g/files/vyhlif3436/f/uploads/town_report_2015.pdf,atr,nodes,wayback,
Mattapoisett,2015,https://www.mattapoisett.net/sites/g/files/vyhlif3436/f/uploads/veteranstownreport_2015.pdf,atr,nodes,wayback,
Mattapoisett,2016,http://www.mattapoisett.net/sites/mattapoisettma/files/uploads/2016_annual_report-rochester_1_0.pdf,atr,nodes,wayback,
Mattapoisett,2016,https://mattapoisett.gov/DocumentCenter/View/670/2016-Annual-Town-Election-Results-PDF,result,catalog,docsweep,2016 Annual Town Election Results (PDF)
Mattapoisett,2016,https://www.mattapoisett.gov/DocumentCenter/View/670,result,catalog,dc_idsweep,2016 Annual Town Election Results PDF?bidId=
Mattapoisett,2016,https://www.mattapoisett.gov/DocumentCenter/View/670/2016-Annual-Town-Election-Results-PDF,result,catalog,docsweep,2016 Annual Town Election Results (PDF)
Mattapoisett,2018,https://www.mattapoisett.net/sites/g/files/vyhlif3436/f/uploads/2018_mrvwspac_annual_report.pdf,atr,nodes,wayback,
Mattapoisett,2018,https://www.mattapoisett.net/sites/g/files/vyhlif3436/f/uploads/2018townreportdocument.pdf,atr,nodes,wayback,
Mattapoisett,2019,https://www.mattapoisett.net/sites/g/files/vyhlif3436/f/uploads/mattapoisett_river_valley_water_district_commission_2019_annual_report.pdf,atr,nodes,wayback,
Mattapoisett,2019,https://www.mattapoisett.net/sites/g/files/vyhlif3436/f/uploads/mrv_district_2018_annual_report_final_jan_22_2019.pdf,atr,nodes,wayback,
Mattapoisett,2020,https://www.mattapoisett.net/sites/g/files/vyhlif3436/f/uploads/town_election_results_06-16-2020fianal.pdf,result,catalog,wayback,
Maynard,2011,http://www.townofmaynard-ma.gov/wp-content/uploads/2011/01/2010-Town-Report-Bid-Requests.pdf,atr,nodes,wayback,
Maynard,2014,http://www.townofmaynard-ma.gov/wp-content/uploads/2014/04/maynard-town-report-2014.pdf,atr,nodes,wayback,
Maynard,2014,http://www.townofmaynard-ma.gov:80/wp-content/uploads/2014/04/maynard-town-report-2013.pdf,atr,nodes,wayback,
Maynard,2015,http://www.townofmaynard-ma.gov/wp-content/uploads/2014/04/maynard-town-report-2015.pdf,atr,nodes,wayback,
Maynard,2016,https://www.townofmaynard-ma.gov/wp-content/uploads/2014/04/maynard-town-report-2016.pdf,atr,nodes,wayback,
Maynard,2016,https://www.townofmaynard-ma.gov/wp-content/uploads/2016/06/fsbc-annual-report-20161231.pdf,atr,nodes,wayback,
Maynard,2018,https://www.townofmaynard-ma.gov/wp-content/uploads/2018/04/maynard-town-report-2017.pdf,atr,nodes,wayback,
Maynard,2018,https://www.townofmaynard-ma.gov/wp-content/uploads/2018/04/maynard-town-report-2017.pdf?v=A,atr,nodes,wayback,
Maynard,2018,https://www.townofmaynard-ma.gov/wp-content/uploads/2018/06/ms4-annual-report-2018.pdf,atr,nodes,wayback,
Maynard,2019,https://www.townofmaynard-ma.gov/wp-content/uploads/2019/05/maynard-town-report-2018.pdf,atr,nodes,wayback,
Maynard,2019,https://www.townofmaynard-ma.gov/wp-content/uploads/2019/05/town-election-results-20190507.pdf,result,catalog,wayback,
Maynard,2019,https://www.townofmaynard-ma.gov/wp-content/uploads/2019/05/town-election-results-20190507.pdf?v=2,result,catalog,wayback,
Maynard,2020,https://townofmaynard-ma.gov/DocumentCenter/View/1063/Annual-Town-Election-Results-June-23-2020-PDF?bidId=,result,catalog,wayback,
Maynard,2020,https://www.townofmaynard-ma.gov/DocumentCenter/View/1063/Annual-Town-Election-Results-June-23-2020-PDF,result,catalog,wayback,
Maynard,2020,https://www.townofmaynard-ma.gov/wp-content/uploads/2020/05/maynard-town-report-2019.pdf,atr,nodes,wayback,
Maynard,2020,https://www.townofmaynard-ma.gov/wp-content/uploads/2021/05/maynard-town-report-2020.pdf,atr,nodes,wayback,
Medfield,2000,https://town.medfield.net/DocumentCenter/View/931,result,catalog,dc_idsweep,Tally Sheet Nov 7 2000 PDF?bidId=
Medfield,2001,https://town.medfield.net/DocumentCenter/View/935,result,catalog,dc_idsweep,Tally Sheet  Town Elec  Mar 26 2001 PDF?bidId=
Medfield,2001,https://town.medfield.net/DocumentCenter/View/936,result,catalog,dc_idsweep,Tally Sheet Sp St Election Oct 16 2001 PDF?bidId=
Medfield,2001,https://town.medfield.net/DocumentCenter/View/937,result,catalog,dc_idsweep,Tally Sheet Sp State Prim  Sept 11 2001 PDF?bidId=
Medfield,2001,https://town.medfield.net/DocumentCenter/View/938,result,catalog,dc_idsweep,Tally Sheet Sp State Prim  Sept 11 2001 PDF?bidId=
Medfield,2002,https://town.medfield.net/DocumentCenter/View/941,result,catalog,dc_idsweep,Tally Sheet   State Elec Nov 5 2002 PDF?bidId=
Medfield,2002,https://town.medfield.net/DocumentCenter/View/943,result,catalog,dc_idsweep,Tally Sheet   Town Elec   Mar 25 2002 PDF?bidId=
Medfield,2002,https://town.medfield.net/DocumentCenter/View/944,result,catalog,dc_idsweep,Tally Sheet   Town Elec   Mar 25 2002 PDF?bidId=
Medfield,2003,https://town.medfield.net/DocumentCenter/View/947,result,catalog,dc_idsweep,Tally Sheet1   Mar 31 2003 PDF?bidId=
Medfield,2003,https://town.medfield.net/DocumentCenter/View/948,result,catalog,dc_idsweep,Tally sheet spec town election June 9 2003 PDF?bidId=
Medfield,2004,https://town.medfield.net/DocumentCenter/View/952,result,catalog,dc_idsweep,Tally Sheet  St Primary   Sept 14 2004 PDF?bidId=
Medfield,2017,https://town.medfield.net/DocumentCenter/View/1453,result,catalog,dc_idsweep,Ballot for June 5 2017 w results?bidId=
Medfield,2017,https://town.medfield.net/DocumentCenter/View/3013,result,catalog,dc_idsweep,Ballot for June 5 2017 w results PDF?bidId=
Medfield,2020,http://town.medfield.net/DocumentCenter/View/4306/May-2020-Town-Election-Results-Part-1pdf,result,catalog,wayback,
Medfield,2020,https://town.medfield.net/ImageRepository/Document?documentID=479,result,catalog,documentcenter,Town Clerk / ELECTION RESULTS 2020 Town Election
Medfield,2020,https://www.town.medfield.net/DocumentCenter/View/4305/May-2020-Town-Election-Results-Part-2pdf,result,catalog,docsweep,"May 4, 2020 Annual Town Election Official Statistics"
Medfield,2020,https://www.town.medfield.net/DocumentCenter/View/4306/May-2020-Town-Election-Results-Part-1pdf,result,catalog,docsweep,"May 4, 2020 Annual Town Election Official Results"
Medford,2012,https://resources.finalsite.net/images/v1520270037/manayunk/tgr5nraoxar89rseevkw/2012-13AnnualReport.pdf,atr,nodes,wayback,
Medford,2012,https://resources.finalsite.net/images/v1526410485/westside/edydtwj2disdn2ubedig/2012_-_Annual_Report_July_1_2011_-_June_30_2012.pdf,atr,nodes,wayback,
Medford,2013,https://resources.finalsite.net/images/v1526410486/westside/ypgle7mcuoep77fb4cer/2013_-_Annual_Report_July_1_2012_-_June_30_2013_.pdf,atr,nodes,wayback,
Medford,2013,https://resources.finalsite.net/images/v1529517881/fairfield/cn9e0p2wtcpuezyviecf/FPAnnualReport2013-14.pdf,atr,nodes,wayback,
Medford,2014,https://resources.finalsite.net/images/v1520269985/manayunk/hncliskzfamraijkwovf/2013-2014AnnualReport.pdf,atr,nodes,wayback,
Medford,2014,https://resources.finalsite.net/images/v1520958302/fairfield/f3r8fklmzg9eawwpa1wi/AnnualReport2014.pdf,atr,nodes,wayback,
Medford,2014,https://resources.finalsite.net/images/v1523873645/nsdorg/v1oyrihadwilox8wy8no/2014-15AnnualReport.pdf,atr,nodes,wayback,
Medford,2014,https://resources.finalsite.net/images/v1526414273/westside/x8y6t2nep8rc30pb1ccy/2014_-_Annual_Report_July_1_2013_-_June_30_2014.pdf,atr,nodes,wayback,
Medford,2015,https://resources.finalsite.net/images/v1520269899/manayunk/zqb8dlffbxpqloozg65n/2014-2015AIM_AnnualReport.pdf,atr,nodes,wayback,
Medford,2015,https://resources.finalsite.net/images/v1520271030/manayunk/db3tvaqlw5xdbkecyyf3/2015-16AnnualReport.pdf,atr,nodes,wayback,
Medford,2015,https://resources.finalsite.net/images/v1520958247/fairfield/wfxxfkbcl7y38bibxdi6/FPAnnualReport2015.pdf,atr,nodes,wayback,
Medford,2015,https://resources.finalsite.net/images/v1526410490/westside/hmr4aafhlxfru6l6wfhw/2015_-_Annual_Report_July_1_2014_-_June_30_2015.pdf,atr,nodes,wayback,
Medford,2015,https://resources.finalsite.net/images/v1553084280/siskoreaorg/il6tx7ezui0tidpipm9o/AnnualReport_2015-16.pdf,atr,nodes,wayback,
Medford,2016,https://resources.finalsite.net/images/v1520957974/fairfield/egjxlnxyvtjr5tugrs4o/FPAnnualReport2016.pdf,atr,nodes,wayback,
Medford,2016,https://resources.finalsite.net/images/v1523873643/nsdorg/veu87c7sd7idipm503pu/2015-2016AnnualReport.pdf,atr,nodes,wayback,
Medford,2016,https://resources.finalsite.net/images/v1526410491/westside/lxqmuppxhbeu9drta5vq/2016_-_Annual_Report_July_1_2015_-_June_30_2016.pdf,atr,nodes,wayback,
Medford,2016,https://resources.finalsite.net/images/v1527235534/highlineschoolsorg/aaitteltwdbsgcrtw97t/SharkGardenAnnualReport2016.pdf,atr,nodes,wayback,
Medford,2016,https://resources.finalsite.net/images/v1529426815/fairfield/prt1gl75tixnmc7kkykz/AnnualReport2016_17.pdf,atr,nodes,wayback,
Medford,2016,https://resources.finalsite.net/images/v1538770132/eaglehillsouthportorg/syii1skkleyju8njlcbt/2015-2016AnnualReport.pdf,atr,nodes,wayback,
Medford,2016,https://resources.finalsite.net/images/v1540832670/troyk12mius/qi4afxyqtex2fdh3gy0d/AthensAnnualReport2016-17.pdf,atr,nodes,wayback,
Medford,2016,https://resources.finalsite.net/images/v1549061410/springbranchisdcom/varbngrjqb69kbqm6gkg/SBEF_AnnualReport_2016_17_18.pdf,atr,nodes,wayback,
Medford,2016,https://resources.finalsite.net/images/v1550688052/juniperoserra/obga7bbgdbhujln5gjsb/AnnualReport2016-17_web.pdf,atr,nodes,wayback,
Medford,2016,https://resources.finalsite.net/images/v1553084282/siskoreaorg/pkkubnpgjhtnwryfrpit/AnnualReport_2016-17.pdf,atr,nodes,wayback,
Medford,2017,https://resources.finalsite.net/images/v1520269823/manayunk/tlyuuinfwfzvcgawg0fi/2016-2017AnnualReport.pdf,atr,nodes,wayback,
Medford,2017,https://resources.finalsite.net/images/v1526410493/westside/v0fgtegbz1pbleybk0z9/2017_-_Annual_Report_July_1_2016_-_June_30_2017.pdf,atr,nodes,wayback,
Medford,2017,https://resources.finalsite.net/images/v1539153602/isb/kmeaxliwgvt6nstv2cx0/ISBannualreport2017-18.pdf,atr,nodes,wayback,
Medford,2017,https://resources.finalsite.net/images/v1541434603/fairfield/syuusctmnxzb2ud1nphk/FPAnnualReport2017-18.pdf,atr,nodes,wayback,
Medford,2017,https://resources.finalsite.net/images/v1542746547/tulsaschoolsorg/sljdrnsjmfnwifdpa4o1/2017_18_TPSAnnualReport.pdf,atr,nodes,wayback,
Medford,2017,https://resources.finalsite.net/images/v1546971677/trinitypawling/vynrdwpljdw0nzpltxtw/AnnualReport2016_2017.pdf,atr,nodes,wayback,
Medford,2017,https://resources.finalsite.net/images/v1549465923/unis/du2rdthelyboep4imcgu/annual-report-2016-2017.pdf,atr,nodes,wayback,
Medford,2017,https://resources.finalsite.net/images/v1550668557/troyk12mius/d6gvdvldnq7osp8gnvhw/2016-2017AnnualReport.pdf,atr,nodes,wayback,
Medford,2017,https://resources.finalsite.net/images/v1550688019/juniperoserra/ws66enrql0oob7xgscom/AnnualReport2017-18_web.pdf,atr,nodes,wayback,
Medford,2017,https://resources.finalsite.net/images/v1553882378/rcsdms/kziogbnmjhspolmwuryk/6100-006_Brandon_Elementary_MS_Accountability_System_Annual_Report_Card_2017.pdf,atr,nodes,wayback,
Medford,2017,https://resources.finalsite.net/images/v1553882378/rcsdms/mgmx4objq0xqcnxjw3q2/6100-008_Brandon_High_MS_Accountability_System_Annual_Report_Card_2017.pdf,atr,nodes,wayback,
Medford,2017,https://resources.finalsite.net/images/v1553882378/rcsdms/mlmmknutxqwisp1oxody/6100-012_Stonebridge_Elementary_MS_Accountability_System_Annual_Report_Card_2017.pdf,atr,nodes,wayback,
Medford,2017,https://resources.finalsite.net/images/v1553882378/rcsdms/tq1vzulttm12vlzti7xy/6100-010_Rouse_Elementary_MS_Accountability_System_Annual_Report_Card_2017.pdf,atr,nodes,wayback,
Medford,2017,https://resources.finalsite.net/images/v1553882378/rcsdms/v1suzlmerxs9wpw5h9ri/6100-016_Brandon_Middle_MS_Accountability_System_Annual_Report_Card_2017.pdf,atr,nodes,wayback,
Medford,2017,https://resources.finalsite.net/images/v1553882378/rcsdms/v2aenbouo7xgoldxkn0z/6100-000_District_MS_Accountability_System_Annual_Report_Card_2017.pdf,atr,nodes,wayback,
Medford,2017,https://resources.finalsite.net/images/v1553882379/rcsdms/gbnt7twedjoop6yqrkco/6100-026_Northwest_Middle_MS_Accountability_System_Annual_Report_Card_2017.pdf,atr,nodes,wayback,
Medford,2017,https://resources.finalsite.net/images/v1553882379/rcsdms/gzzmlzjutwrxnswikbql/6100-034_Northwest_Elementary_MS_Accountability_System_Annual_Report_Card_2017.pdf,atr,nodes,wayback,
Medford,2017,https://resources.finalsite.net/images/v1553882379/rcsdms/hqvfrq4l0fnfc4k1vqba/6100-036_Northshore_Elementary_MS_Accountability_System_Annual_Report_Card_2017.pdf,atr,nodes,wayback,
Medford,2017,https://resources.finalsite.net/images/v1553882379/rcsdms/om3i6na2ejdbvc82s86p/6100-017_Steen_s_Creek_MS_Accountability_System_Annual_Report_Card_2017.pdf,atr,nodes,wayback,
Medford,2017,https://resources.finalsite.net/images/v1553882379/rcsdms/qrqaac5ai874rmollcnk/6100-023_Flowood_Elementary_MS_Accountability_System_Annual_Report_Card_2017.pdf,atr,nodes,wayback,
Medford,2017,https://resources.finalsite.net/images/v1553882379/rcsdms/szfisjpduekfiiixqbr5/6100-025_McLaurin_Elementary_MS_Accountability_System_Annual_Report_Card_2017.pdf,atr,nodes,wayback,
Medford,2017,https://resources.finalsite.net/images/v1553882379/rcsdms/vnmhgu3wzor17ldfqhav/6100-022_Florence_High_MS_Accountability_System_Annual_Report_Card_2017.pdf,atr,nodes,wayback,
Medford,2017,https://resources.finalsite.net/images/v1553882379/rcsdms/vu3yngm98hew6nbcwisb/6100-020_Florence_Middle_MS_Accountability_System_Annual_Report_Card_2017.pdf,atr,nodes,wayback,
Medford,2017,https://resources.finalsite.net/images/v1553882379/rcsdms/wka2kt4kwfl1c0ybkl2n/6100-018_Florence_Elementary_MS_Accountability_System_Annual_Report_Card_2017.pdf,atr,nodes,wayback,
Medford,2017,https://resources.finalsite.net/images/v1553882380/rcsdms/czzuxnouse4jwpbcd4jk/6100-052_Puckett_High_MS_Accountability_System_Annual_Report_Card_2017.pdf,atr,nodes,wayback,
Medford,2017,https://resources.finalsite.net/images/v1553882380/rcsdms/i0mdenammx9aqkhnv1og/6100-028_McLaurin_High_MS_Accountability_System_Annual_Report_Card_2017.pdf,atr,nodes,wayback,
Medford,2017,https://resources.finalsite.net/images/v1553882380/rcsdms/peagomsecbhqri9ldjhq/6100-046_Pelahatchie_Elementary_MS_Accountability_System_Annual_Report_Card_2017.pdf,atr,nodes,wayback,
Medford,2017,https://resources.finalsite.net/images/v1553882380/rcsdms/s3prsnpjj0doggcndobe/6100-040_Highland_Bluff_Elementary_MS_Accountability_System_Annual_Report_Card_2017.pdf,atr,nodes,wayback,
Medford,2017,https://resources.finalsite.net/images/v1553882380/rcsdms/snq8muvj2hzrzddwf59q/6100-048_Pisgah_Elementary_MS_Accountability_System_Annual_Report_Card_2017.pdf,atr,nodes,wayback,
Medford,2017,https://resources.finalsite.net/images/v1553882380/rcsdms/ubmftaq7bzlc7jscg7gw/6100-050_Pisgah_High_MS_Accountability_System_Annual_Report_Card_2017.pdf,atr,nodes,wayback,
Medford,2017,https://resources.finalsite.net/images/v1553882380/rcsdms/vjguwtg3nkqyrb42udrz/6100-044_Pelahatchie_High_MS_Accountability_System_Annual_Report_Card_2017.pdf,atr,nodes,wayback,
Medford,2017,https://resources.finalsite.net/images/v1553882380/rcsdms/x70rxitso9suhsny5ctg/6100-038_Oakdale_Elementary_MS_Accountability_System_Annual_Report_Card_2017.pdf,atr,nodes,wayback,
Medford,2017,https://resources.finalsite.net/images/v1553882380/rcsdms/zsvxhkbfusarzzhh75av/6100-032_Northwest_High_MS_Accountability_System_Annual_Report_Card_2017.pdf,atr,nodes,wayback,
Medford,2017,https://resources.finalsite.net/images/v1553882381/rcsdms/d3356uff3szyu8deji9z/6100-054_Puckett_Elementary_MS_Accountability_System_Annual_Report_Card_2017.pdf,atr,nodes,wayback,
Medford,2017,https://resources.finalsite.net/images/v1553882381/rcsdms/lzgooqgmce8vrn5rvvq7/6100-058_Richland_Elementary_MS_Accountability_System_Annual_Report_Card_2017.pdf,atr,nodes,wayback,
Medford,2017,https://resources.finalsite.net/images/v1553882381/rcsdms/oyhdliqzdcndjhgdsa3s/6100-057_Richland_Upper_MS_Accountability_System_Annual_Report_Card_2017.pdf,atr,nodes,wayback,
Medford,2017,https://resources.finalsite.net/images/v1553882381/rcsdms/trflqbpqiqzqbj1msjsn/6100-056_Richland_High_MS_Accountability_System_Annual_Report_Card_2017.pdf,atr,nodes,wayback,
Medford,2017,https://resources.finalsite.net/images/v1554917320/msdacademyorg/ldfoziw4qeh09zunitmt/MSDAAnnualReport2017-18-FINALforWEB.pdf,atr,nodes,wayback,
Medford,2018,https://resources.finalsite.net/images/v1538144728/psesdorg/nlgxhx2p1quhvvmx3uyx/PSESDAnnualReport2018-19FINAL-WE092718.pdf,atr,nodes,wayback,
Medford,2018,https://resources.finalsite.net/images/v1538757261/westside/niv7lagbhnpsgizs7g04/2018-AnnualReportJuly12017-June302018.pdf,atr,nodes,wayback,
Medford,2018,https://resources.finalsite.net/images/v1542302793/beirut/jxrudg3sdygxhhqmlf1u/AnnualReport2017-2018.pdf,atr,nodes,wayback,
Medford,2018,https://resources.finalsite.net/images/v1542728820/grcsorg/pqdsw2pujri8kc5twufj/GRCS2018AnnualReport_Full_WEB.pdf,atr,nodes,wayback,
Medford,2018,https://resources.finalsite.net/images/v1546970095/nazareth/eckflandjfv7qpnu8w2d/2017-2018AnnualReport.pdf,atr,nodes,wayback,
Medford,2018,https://resources.finalsite.net/images/v1556193806/centralcatholicnet/uagzqi4m7jxthehouuaj/CCHSAnnualReport2018forweb.pdf,atr,nodes,wayback,
Medford,2019,https://resources.finalsite.net/images/v1556631509/nhcsk12ncus/ful9xxpiip2xqpehimr8/NHCSAnnualReport2019allpages.pdf,atr,nodes,wayback,
Medway,2012,https://storage.googleapis.com/juniper-media-library/117/2024/08/combined2012_web.pdf,atr,nodes,docsweep,FY2012 Annual Report
Medway,2013,https://storage.googleapis.com/juniper-media-library/117/2024/08/medway_annual_town_report_2013_revised.pdf,atr,nodes,docsweep,FY2013 Annual Report
Medway,2014,https://storage.googleapis.com/juniper-media-library/117/2024/08/annual_town_report_final-revised_2014.pdf,atr,nodes,docsweep,FY2014 Annual Report
Medway,2015,http://www.townofmedway.org/sites/medwayma/files/uploads/annual-town-report_2015.pdf,atr,nodes,wayback,
Medway,2015,http://www.townofmedway.org:80/Pages/MedwayMA_Clerk/2015-Annual-Election-Results.pdf,result,catalog,wayback,
Medway,2015,http://www.townofmedway.org:80/sites/medwayma/files/uploads/2015-annual-election-results.pdf,result,catalog,wayback,
Medway,2015,http://www.townofmedway.org:80/sites/medwayma/files/uploads/pedb_2015_annual_town_report_-_final_4-1-16_0.pdf,atr,nodes,wayback,
Medway,2015,https://storage.googleapis.com/juniper-media-library/117/2024/08/annual-town-report_2015.pdf,atr,nodes,docsweep,FY2015 Annual Report
Medway,2016,https://storage.googleapis.com/juniper-media-library/117/2024/08/2016_annual_report.pdf,atr,nodes,docsweep,FY2016 Annual Report
Medway,2017,https://storage.googleapis.com/juniper-media-library/117/2024/08/2017_town_of_medway_annual_report_v4.pdf,atr,nodes,docsweep,FY2017 Annual Report
Medway,2018,https://storage.googleapis.com/juniper-media-library/117/2024/08/2018_annual_town_report_for_web_posting.pdf,atr,nodes,docsweep,FY2018 Annual Report
Medway,2018,https://storage.googleapis.com/juniper-media-library/117/2024/08/42k_handling_the_mentally_ill_2018.pdf,result,catalog,crawl,42K Handling the Mentally Ill 2018
Medway,2018,https://www.townofmedway.org/sites/g/files/vyhlif8006/f/pages/42k_handling_the_mentally_ill_2018.pdf,result,catalog,wayback,
Medway,2018,https://www.townofmedway.org/sites/g/files/vyhlif866/f/pages/42k_handling_the_mentally_ill_2018.pdf,result,catalog,wayback,
Medway,2019,https://storage.googleapis.com/juniper-media-library/117/2024/08/2019 Annual Report.pdf,atr,nodes,crawl,2019 Annual Report
Medway,2019,https://storage.googleapis.com/juniper-media-library/117/2024/08/2019-annual-report_final.pdf,atr,nodes,docsweep,FY2019 Annual Report
Medway,2019,https://storage.googleapis.com/juniper-media-library/117/2024/08/franklin-medway_2019_annual_report.pdf,atr,nodes,docsweep,Franklin-Medway 2019 Annual Report
Medway,2019,https://storage.googleapis.com/juniper-media-library/117/2024/09/2019_annual_report.pdf,atr,nodes,crawl,2019 Annual Report
Medway,2019,https://www.townofmedway.org/sites/g/files/vyhlif8006/f/pages/2019_mpd_annual_report.pdf,atr,nodes,wayback,
Medway,2019,https://www.townofmedway.org/sites/g/files/vyhlif8006/f/pages/franklin-medway_2019_annual_report_3.pdf,atr,nodes,wayback,
Medway,2019,https://www.townofmedway.org/sites/g/files/vyhlif866/f/pages/2019_mpd_annual_report.pdf,atr,nodes,wayback,
Medway,2019,https://www.townofmedway.org/sites/g/files/vyhlif866/f/pages/franklin-medway_2019_annual_report_3.pdf,atr,nodes,wayback,
Medway,2019,https://www.townofmedway.org/sites/g/files/vyhlif866/f/uploads/2019_annual_report.pdf,atr,nodes,wayback,
Medway,2020,https://storage.googleapis.com/juniper-media-library/117/2024/08/2020 Annual Report.pdf,atr,nodes,crawl,2020 Annual Report
Medway,2020,https://storage.googleapis.com/juniper-media-library/117/2024/08/2020_annual_town_report_final-for_posting_to_website.pdf,atr,nodes,docsweep,FY2020 Annual Report
Medway,2020,https://storage.googleapis.com/juniper-media-library/117/2024/08/2020_annual_town_report_final.pdf,atr,nodes,docsweep,2020 Annual Town Report
Medway,2020,https://storage.googleapis.com/juniper-media-library/117/2024/09/medway_cultural_council_annual_report_2020.pdf,atr,nodes,crawl,Medway Cultural Council Annual Report 2020
Medway,2020,https://storage.googleapis.com/juniper-media-library/117/2024/10/2020_annual_town_report_cover.pdf,atr,nodes,docsweep,2020 Annal Town Report Cover
Medway,2020,https://storage.googleapis.com/juniper-media-library/117/2024/10/2020_town_election_results.xlsx,result,catalog,docsweep,2020 Town Election Results
Medway,2020,https://www.townofmedway.org/sites/g/files/vyhlif8006/f/pages/franklin-medway_2020_annual_report.pdf,atr,nodes,wayback,
Medway,2020,https://www.townofmedway.org/sites/g/files/vyhlif8006/f/uploads/2020_annual_town_report_final-for_posting_to_website.pdf,atr,nodes,wayback,
Medway,2020,https://www.townofmedway.org/sites/g/files/vyhlif8006/f/uploads/2020_annual_town_report_final.pdf,atr,nodes,wayback,
Medway,2020,https://www.townofmedway.org/sites/g/files/vyhlif8006/f/uploads/2020_mpd_annual_report.pdf,atr,nodes,wayback,
Medway,2020,https://www.townofmedway.org/sites/g/files/vyhlif866/f/uploads/2020_annual_town_report_final-for_posting_to_website.pdf,atr,nodes,wayback,
Medway,2020,https://www.townofmedway.org/sites/g/files/vyhlif866/f/uploads/2020_mpd_annual_report.pdf,atr,nodes,wayback,
Medway,2020,https://www.townofmedway.org/sites/g/files/vyhlif866/f/uploads/designreviewcommittee_annual_report_2020_final_3-5-21.pdf,atr,nodes,wayback,
Medway,2020,https://www.townofmedway.org/sites/g/files/vyhlif866/f/uploads/medway_cultural_council_annual_report_2020.pdf,atr,nodes,wayback,
Melrose,2007,http://cityofmelrose.org/departments/clerks/Election%2007/2007%20Election%20Results.pdf,result,catalog,wayback,
Melrose,2016,https://www.cityofmelrose.org/sites/g/files/vyhlif3451/f/uploads/2016_human_resource_annual_report.pdf,atr,nodes,wayback,
Mendon,2009,http://www.mendonma.gov/sites/mendonma/files/file/file/2009_annual_report.pdf,atr,nodes,wayback,
Mendon,2011,http://www.mendonma.gov/sites/mendonma/files/file/file/annualrpt2011.pdf,atr,nodes,wayback,
Mendon,2012,http://mendonma.gov/Portals/0/Departments/TownClerk/Documents/2012%20Annual%20Town%20Report.pdf,atr,nodes,wayback,
Mendon,2012,http://www.mendonma.gov/sites/mendonma/files/file/file/2012_annual_town_report_0.pdf,atr,nodes,wayback,
Mendon,2012,http://www.mendonma.gov/sites/mendonma/files/file/file/annualrpt2012.pdf,atr,nodes,wayback,
Mendon,2012,https://www.mendonma.gov/sites/g/files/vyhlif881/f/pages/2012_annual_report.pdf,atr,nodes,wayback,
Mendon,2013,http://www.mendonma.gov/sites/mendonma/files/file/file/2013_mendon_annual_town_report_0.pdf,atr,nodes,wayback,
Mendon,2013,http://www.mendonma.gov/sites/mendonma/files/file/file/mendon_parks_annual_reports_1977-2013.pdf,atr,nodes,wayback,
Mendon,2013,http://www.mendonma.gov/sites/mendonma/files/file/file/ms4_annual_report_2013.pdf,atr,nodes,wayback,
Mendon,2013,http://www.mendonma.gov/sites/mendonma/files/u116/ms4_annual_report_2013.pdf,atr,nodes,wayback,
Mendon,2013,http://www.mendonma.gov:80/sites/mendonma/files/file/file/2013_mendon_annual_town_report_0_0.pdf,atr,nodes,wayback,
Mendon,2013,https://www.mendonma.gov/sites/g/files/vyhlif881/f/pages/2013_annual_report.pdf,atr,nodes,wayback,
Mendon,2014,http://www.mendonma.gov/sites/mendonma/files/file/file/ms4_annual_report_2014.pdf,atr,nodes,wayback,
Mendon,2014,http://www.mendonma.gov/sites/mendonma/files/u116/ms4_annual_report_2014.pdf,atr,nodes,wayback,
Mendon,2014,http://www.mendonma.gov/sites/mendonma/files/u81/2014_mendon_town_report_for_cd.pdf,atr,nodes,wayback,
Mendon,2014,http://www.mendonma.gov:80/sites/mendonma/files/file/file/2014_mendon_town_report_for_cd.pdf,atr,nodes,wayback,
Mendon,2014,https://www.mendonma.gov/sites/g/files/vyhlif881/f/pages/2014_annual_report.pdf,atr,nodes,wayback,
Mendon,2015,http://www.mendonma.gov/sites/mendonma/files/2015_annual_report_-_350th.pdf,atr,nodes,wayback,
Mendon,2015,http://www.mendonma.gov/sites/mendonma/files/file/file/mendon_2015_annual_report.pdf,atr,nodes,wayback,
Mendon,2015,http://www.mendonma.gov/sites/mendonma/files/file/file/mendon_parks_annual_reports_1964-2015_web.pdf,atr,nodes,wayback,
Mendon,2015,http://www.mendonma.gov/sites/mendonma/files/file/file/ms4_annual_report_2015.pdf,atr,nodes,wayback,
Mendon,2015,http://www.mendonma.gov/sites/mendonma/files/parks_annual_report_2015.pdf,atr,nodes,wayback,
Mendon,2015,http://www.mendonma.gov/sites/mendonma/files/u116/ms4_annual_report_2015.pdf,atr,nodes,wayback,
Mendon,2015,https://www.mendonma.gov/sites/g/files/vyhlif881/f/pages/2015_annual_report.pdf,atr,nodes,wayback,
Mendon,2016,http://www.mendonma.gov/sites/mendonma/files/u116/ms4_annual_report_2016.pdf,atr,nodes,wayback,
Mendon,2016,https://www.mendonma.gov/sites/g/files/vyhlif881/f/pages/2016_annual_report.pdf,atr,nodes,wayback,
Mendon,2017,https://www.mendonma.gov/sites/g/files/vyhlif881/f/pages/2017_annual_report.pdf,atr,nodes,wayback,
Mendon,2018,https://www.mendonma.gov/sites/g/files/vyhlif881/f/pages/2018_annual_report.pdf,atr,nodes,wayback,
Mendon,2019,https://www.mendonma.gov/sites/g/files/vyhlif881/f/pages/2019_annual_report.pdf,atr,nodes,wayback,
Merrimac,2007,http://www.townofmerrimac.com/DocumentCenter/View/2007/LOCAL-ELECTION-Results-MAY-3,result,catalog,wayback,
Merrimac,2010,https://townofmerrimac.com/wp-content/uploads/2023/05/2010-Annual-Town-Report-of-Merrimac-Massachusetts.pdf,atr,nodes,wayback,
Merrimac,2011,https://townofmerrimac.com/wp-content/uploads/2023/05/2011-Merrimac-Massachusetts-Annual-Report.pdf,atr,nodes,wayback,
Merrimac,2012,https://townofmerrimac.com/wp-content/uploads/2023/05/Merrimac-Annual-Town-Report-2012.pdf,atr,nodes,crawl,Merrimac Annual Town Report 2012
Merrimac,2015,https://townofmerrimac.com/wp-content/uploads/2023/05/Merrimac-Annual-Report-2015.pdf,atr,nodes,crawl,Merrimac Annual Report 2015
Merrimac,2017,https://townofmerrimac.com/wp-content/uploads/2023/05/2017-Annual-Town-Report.pdf,atr,nodes,wayback,
Merrimac,2018,https://townofmerrimac.com/wp-content/uploads/2023/05/2018-Annual-Town-Report.pdf,atr,nodes,wayback,
Merrimac,2019,https://townofmerrimac.com/wp-content/uploads/2023/05/2019-Annual-Town-Report.pdf,atr,nodes,wayback,
Merrimac,2019,https://townofmerrimac.com/wp-content/uploads/2023/09/2019-09-20_Annual-Report_Year-1_IFR.pdf,atr,nodes,crawl,2019-09-20_Annual-Report_Year-1_IFR.pdf
Merrimac,2020,https://townofmerrimac.com/wp-content/uploads/2023/05/2020-Annual-Town-Report.pdf,atr,nodes,wayback,
Merrimac,2020,https://townofmerrimac.com/wp-content/uploads/2023/06/2020-AHBT-Annual-Report.pdf,atr,nodes,wayback,
Methuen,2010,https://cityofmethuen.net/ImageRepository/Document?documentID=165,result,catalog,documentcenter,Government / Departments / City Clerk / Election Results 2010
Methuen,2010,https://methuen.gov/ImageRepository/Document?documentID=165,result,catalog,documentcenter,Government / Departments / City Clerk / Election Results 2010
Methuen,2011,https://cityofmethuen.net/DocumentCenter/View/650/2011-Municipal-Election-Unofficial-Results-PDF,result,catalog,docsweep,2011 Municipal Election Unofficial Results (PDF)
Methuen,2011,https://cityofmethuen.net/DocumentCenter/View/651/2011-Preliminary-Municipal-Election-Certified-Results-PDF,result,catalog,docsweep,2011 Preliminary Municipal Election Certified Results (PDF)
Methuen,2011,https://cityofmethuen.net/DocumentCenter/View/652/2011-Recount-Tally-PDF,result,catalog,docsweep,2011 Recount Tally (PDF)
Methuen,2011,https://cityofmethuen.net/ImageRepository/Document?documentID=164,result,catalog,documentcenter,Government / Departments / City Clerk / Election Results 2011
Methuen,2011,https://methuen.gov/DocumentCenter/View/650/2011-Municipal-Election-Unofficial-Results-PDF,result,catalog,docsweep,2011 Municipal Election Unofficial Results (PDF)
Methuen,2011,https://methuen.gov/DocumentCenter/View/651/2011-Preliminary-Municipal-Election-Certified-Results-PDF,result,catalog,docsweep,2011 Preliminary Municipal Election Certified Results (PDF)
Methuen,2011,https://methuen.gov/DocumentCenter/View/652/2011-Recount-Tally-PDF,result,catalog,wayback,
Methuen,2011,https://methuen.gov/ImageRepository/Document?documentID=164,result,catalog,documentcenter,Government / Departments / City Clerk / Election Results 2011
Methuen,2012,https://cityofmethuen.net/ImageRepository/Document?documentID=163,result,catalog,documentcenter,Government / Departments / City Clerk / Election Results 2012
Methuen,2012,https://methuen.gov/ImageRepository/Document?documentID=163,result,catalog,documentcenter,Government / Departments / City Clerk / Election Results 2012
Methuen,2013,http://www.cityofmethuen.net:80/sites/methuenma/files/file/file/electionresults2013.pdf,result,catalog,wayback,
Methuen,2013,https://cityofmethuen.net/DocumentCenter/View/644/2013-Municipal-Election-Certified-Results-PDF,result,catalog,docsweep,2013 Municipal Election Certified Results (PDF)
Methuen,2013,https://cityofmethuen.net/ImageRepository/Document?documentID=162,result,catalog,documentcenter,Government / Departments / City Clerk / Election Results 2013
Methuen,2013,https://methuen.gov/DocumentCenter/View/644/2013-Municipal-Election-Certified-Results-PDF,result,catalog,docsweep,2013 Municipal Election Certified Results (PDF)
Methuen,2013,https://methuen.gov/ImageRepository/Document?documentID=162,result,catalog,documentcenter,Government / Departments / City Clerk / Election Results 2013
Methuen,2013,https://www.methuen.gov/DocumentCenter/View/644/2013-Municipal-Election-Certified-Results-PDF,result,catalog,wayback,
Methuen,2015,https://cityofmethuen.net/ImageRepository/Document?documentID=161,result,catalog,documentcenter,Government / Departments / City Clerk / Election Results 2015
Methuen,2015,https://methuen.gov/ImageRepository/Document?documentID=161,result,catalog,documentcenter,Government / Departments / City Clerk / Election Results 2015
Methuen,2016,https://cityofmethuen.net/ImageRepository/Document?documentID=166,result,catalog,documentcenter,Government / Departments / City Clerk / Election Results 2016
Methuen,2016,https://methuen.gov/ImageRepository/Document?documentID=166,result,catalog,documentcenter,Government / Departments / City Clerk / Election Results 2016
Methuen,2017,https://cityofmethuen.net/DocumentCenter/View/629/2017-Certified-Municipal-Election-Results-PDF,result,catalog,docsweep,2017 Certified Municipal Election Results (PDF)
Methuen,2017,https://cityofmethuen.net/DocumentCenter/View/630/2017-East-District-Certified-Preliminary-Election-Results-PDF,result,catalog,docsweep,2017 East District Certified Preliminary Election Results (PDF)
Methuen,2017,https://cityofmethuen.net/ImageRepository/Document?documentID=160,result,catalog,documentcenter,Government / Departments / City Clerk / Election Results 2017
Methuen,2017,https://methuen.gov/DocumentCenter/View/629/2017-Certified-Municipal-Election-Results-PDF,result,catalog,wayback,
Methuen,2017,https://methuen.gov/DocumentCenter/View/630/2017-East-District-Certified-Preliminary-Election-Results-PDF,result,catalog,docsweep,2017 East District Certified Preliminary Election Results (PDF)
Methuen,2017,https://methuen.gov/ImageRepository/Document?documentID=160,result,catalog,documentcenter,Government / Departments / City Clerk / Election Results 2017
Methuen,2018,https://cityofmethuen.net/ImageRepository/Document?documentID=159,result,catalog,documentcenter,Government / Departments / City Clerk / Election Results 2018
Methuen,2018,https://methuen.gov/ImageRepository/Document?documentID=159,result,catalog,documentcenter,Government / Departments / City Clerk / Election Results 2018
Methuen,2019,https://cityofmethuen.net/DocumentCenter/View/625/2019-Municipal-Election-Certified-Results-PDF,result,catalog,docsweep,2019 Municipal Election Certified Results (PDF)
Methuen,2019,https://cityofmethuen.net/ImageRepository/Document?documentID=158,result,catalog,documentcenter,Government / Departments / City Clerk / Election Results 2019
Methuen,2019,https://methuen.gov/DocumentCenter/View/625/2019-Municipal-Election-Certified-Results-PDF,result,catalog,wayback,
Methuen,2019,https://methuen.gov/ImageRepository/Document?documentID=158,result,catalog,documentcenter,Government / Departments / City Clerk / Election Results 2019
Methuen,2019,https://www.cityofmethuen.net/sites/methuenma/files/uploads/certified_election_results_nov_5_2019.pdf,result,catalog,wayback,
Methuen,2020,https://cityofmethuen.net/ImageRepository/Document?documentID=157,result,catalog,documentcenter,Government / Departments / City Clerk / Election Results 2020
Methuen,2020,https://methuen.gov/ImageRepository/Document?documentID=157,result,catalog,documentcenter,Government / Departments / City Clerk / Election Results 2020
Middleton,2010,https://middletonma.gov/DocumentCenter/View/1566/May-17-2010-Annual-Town-Election-Official-Results,result,catalog,docsweep,"May 17, 2010 Annual Town Election Official Results"
Middleton,2010,https://www.middletonma.gov/DocumentCenter/View/463,result,catalog,dc_idsweep,2010 Town Election Results?bidId=
Middleton,2010,https://www.middletonma.gov/DocumentCenter/View/466,result,catalog,dc_idsweep,2010 Midterm Election Results?bidId=
Middleton,2011,https://middletonma.gov/DocumentCenter/View/1575/May-16-2011-Annual-Town-Election-Official-Results,result,catalog,docsweep,"May 16, 2011 Annual Town Election Official Results"
Middleton,2011,https://www.middletonma.gov/DocumentCenter/View/462,result,catalog,dc_idsweep,2011 Town Election Results?bidId=
Middleton,2012,https://middletonma.gov/DocumentCenter/View/1572/May-14-2012-Annual-Town-Election-Official-Results,result,catalog,docsweep,"May 14, 2012 Annual Town Election Official Results"
Middleton,2012,https://www.middletonma.gov/DocumentCenter/View/460,result,catalog,dc_idsweep,2012 Town Election Results?bidId=
Middleton,2013,https://middletonma.gov/DocumentCenter/View/1509/2013-Annual-Town-Election-Results,result,catalog,docsweep,"May 20, 2013 Annual Town Election Official Results"
Middleton,2014,https://middletonma.gov/DocumentCenter/View/1577/May-19-2014-Annual-Town-Election-Official-Results,result,catalog,docsweep,"May 19, 2014  Annual Town Election Official Results"
Middleton,2014,https://www.middletonma.gov/DocumentCenter/View/459,result,catalog,dc_idsweep,2014 Annual Town Election tally?bidId=
Middleton,2015,https://middletonma.gov/DocumentCenter/View/1576/May-18-2015-Annual-Town-Election-Official-Results,result,catalog,docsweep,"May 18,2015 Annual Town Election Official Results"
Middleton,2015,https://www.middletonma.gov/DocumentCenter/View/457,result,catalog,dc_idsweep,Town Election Results 2015?bidId=
Middleton,2016,https://middletonma.gov/DocumentCenter/View/1289/2016-5-16-Annual-Town-Election-Official-Results,result,catalog,docsweep,"May 16, 2016 Annual Town Election Official Results"
Middleton,2016,https://www.middletonma.gov/DocumentCenter/View/454,result,catalog,dc_idsweep,Town Election Results 2016 PDF?bidId=
Middleton,2017,https://middletonma.gov/DocumentCenter/View/1224/May-15-2017-Town-Election-Unofficial-Results,result,catalog,docsweep,"May 15, 2017 Annual Town Election Official Results"
Middleton,2018,https://middletonma.gov/DocumentCenter/View/1268/May-15-2018-Annual-Town-Election-Official-Results,result,catalog,docsweep,"May 15, 2018 Annual Town Election Official Results"
Middleton,2019,https://middletonma.gov/DocumentCenter/View/1652/2019-5-21-Annual-Town-Election-Official-Results,result,catalog,docsweep,
Middleton,2019,https://middletonma.gov/DocumentCenter/View/1657/May-21-2019-Annual-Town-Election-Official-Results,result,catalog,docsweep,"May 21, 2019 Annual Town Election Official Results"
Middleton,2020,https://middletonma.gov/DocumentCenter/View/2341/2020-06-20-Annual-Town-Election-Official-Results,result,catalog,docsweep,"une 20, 2020 Annual Town Election Official Results"
Middleton,2020,https://www.middletonma.gov/DocumentCenter/View/2327,result,catalog,dc_idsweep,June 20 2020 Annual Town Election Unofficial Results?bidId=
Milford,2000,https://www.milfordma.gov/sites/g/files/vyhlif3466/f/uploads/tom_2000_annual_report.pdf,atr,nodes,wayback,
Milford,2001,https://www.milfordma.gov/sites/g/files/vyhlif3466/f/uploads/tom_2001_annual_report.pdf,atr,nodes,wayback,
Milford,2002,https://www.milfordma.gov/sites/g/files/vyhlif3466/f/uploads/tom_2002_annual_report.pdf,atr,nodes,wayback,
Milford,2003,https://www.milfordma.gov/sites/g/files/vyhlif3466/f/uploads/tom_2003_annual_report.pdf,atr,nodes,wayback,
Milford,2004,https://www.milfordma.gov/sites/g/files/vyhlif3466/f/uploads/tom_2004_annual_report.pdf,atr,nodes,wayback,
Milford,2005,https://www.milfordma.gov/sites/g/files/vyhlif3466/f/uploads/tom_2005_annual_report.pdf,atr,nodes,wayback,
Milford,2006,https://www.milfordma.gov/sites/g/files/vyhlif3466/f/uploads/tom_2006_annual_report.pdf,atr,nodes,wayback,
Milford,2007,https://www.milfordma.gov/sites/g/files/vyhlif3466/f/uploads/tom_2007_annual_report.pdf,atr,nodes,wayback,
Milford,2008,https://www.milfordma.gov/sites/g/files/vyhlif3466/f/uploads/tom_2008_annual_report_0.pdf,atr,nodes,wayback,
Milford,2009,https://www.milfordma.gov/sites/g/files/vyhlif3466/f/uploads/tom_2009_annual_report_0.pdf,atr,nodes,wayback,
Milford,2010,https://www.milfordma.gov/sites/g/files/vyhlif3466/f/uploads/2010_town_report.pdf,atr,nodes,wayback,
Milford,2011,https://www.milfordma.gov/sites/g/files/vyhlif3466/f/uploads/annual_report_2011.pdf,atr,nodes,wayback,
Milford,2017,http://citizensformilford.com/wp-content/uploads/2017/04/2017-Annual-Town-Election-Official-Results-UPDATED-6-April.pdf,result,catalog,wayback,
Milford,2018,http://citizensformilford.com/wp-content/uploads/2018/04/Official-2018-Annual-Town-Election-Results.pdf,result,catalog,wayback,
Milford,2019,http://citizensformilford.com/wp-content/uploads/2019/04/2019-Annual-Town-Election-UNOFFICAL-Results-from-Town-Clerk.pdf,result,catalog,wayback,
Milford,2019,https://www.milfordma.gov/sites/g/files/vyhlif3466/f/uploads/annual_town_report_2019.pdf,atr,nodes,wayback,
Milford,2020,https://www.milfordma.gov/sites/g/files/vyhlif3466/f/uploads/annual_town_report_2020.pdf,atr,nodes,wayback,
Millis,2018,https://www.millisma.gov/sites/g/files/vyhlif901/f/uploads/2018_annual_town_report.pdf,atr,nodes,wayback,
Millis,2018,https://www.millisma.gov/sites/millisma/files/uploads/2018_annual_town_report.pdf,atr,nodes,wayback,
Millis,2019,https://www.millisma.gov/sites/g/files/vyhlif901/f/news/millis_2019_town_report_for_web.pdf,atr,nodes,wayback,
Millis,2019,https://www.millisma.gov/sites/g/files/vyhlif901/f/pages/millis_2019_town_report_6x9_text_proof_4.pdf,atr,nodes,wayback,
Millis,2019,https://www.millisma.gov/sites/g/files/vyhlif901/f/uploads/state_of_the_town_report_04-2019.pdf,atr,nodes,wayback,
Millis,2019,https://www.millisma.gov/sites/millisma/files/uploads/state_of_the_town_report_04-2019.pdf,atr,nodes,wayback,
Millis,2020,https://www.millisma.gov/sites/g/files/vyhlif901/f/news/millis_2020_town_report.pdf,atr,nodes,wayback,
Millis,2020,https://www.millisma.gov/sites/g/files/vyhlif901/f/news/town_election_results_for_june.22.2020.pdf,result,catalog,wayback,
Millis,2020,https://www.millisma.gov/sites/g/files/vyhlif901/f/pages/millis_2020_town_report.pdf,atr,nodes,wayback,
Millville,2013,https://www.millvillema.org/sites/g/files/vyhlif906/f/uploads/2013-town-report.pdf,atr,nodes,wayback,
Millville,2014,http://www.millvillema.org/wp-content/uploads/2014/11/2014-Annual-Report.pdf,atr,nodes,wayback,
Millville,2014,http://www.millvillema.org/wp-content/uploads/2014/11/March-1-2016-Election-Results.pdf,result,catalog,wayback,
Millville,2014,https://www.millvillema.org/sites/g/files/vyhlif906/f/uploads/2014-annual-report.pdf,atr,nodes,wayback,
Millville,2015,https://www.millvillema.org/sites/g/files/vyhlif906/f/uploads/2015-town-report.pdf,atr,nodes,wayback,
Millville,2016,https://www.millvillema.org/sites/g/files/vyhlif906/f/uploads/2016-annual-town-report.pdf,atr,nodes,wayback,
Millville,2017,https://www.millvillema.org/sites/g/files/vyhlif906/f/uploads/millville-2017-annual-report-web-version.pdf,atr,nodes,wayback,
Millville,2019,https://www.millvillema.org/sites/g/files/vyhlif906/f/news/2019_annual_town_report_part_1_of_2.pdf,atr,nodes,wayback,
Millville,2019,https://www.millvillema.org/sites/g/files/vyhlif906/f/news/2019_annual_town_report_part_1_of_2_0.pdf,atr,nodes,wayback,
Millville,2019,https://www.millvillema.org/sites/g/files/vyhlif906/f/news/2019_annual_town_report_part_2_of_2.pdf,atr,nodes,wayback,
Millville,2019,https://www.millvillema.org/sites/g/files/vyhlif906/f/news/2019_annual_town_report_part_2_of_2_0.pdf,atr,nodes,wayback,
Millville,2019,https://www.millvillema.org/sites/g/files/vyhlif906/f/pages/2019_annual_town_report_part_1_of_2.pdf,atr,nodes,wayback,
Millville,2019,https://www.millvillema.org/sites/g/files/vyhlif906/f/pages/2019_annual_town_report_part_2_of_2.pdf,atr,nodes,wayback,
Millville,2020,https://www.millvillema.org/sites/g/files/vyhlif906/f/uploads/2020_annual_town_report_1.pdf,atr,nodes,wayback,
Milton,2010,https://www.townofmilton.org/sites/g/files/vyhlif911/f/uploads/2010_annual_report.pdf,atr,nodes,wayback,
Milton,2011,https://www.townofmilton.org/sites/g/files/vyhlif911/f/pages/npdes_pii_small_ms4_annual_report_2011_py8.pdf,atr,nodes,wayback,
Milton,2012,https://www.townofmilton.org/sites/g/files/vyhlif911/f/pages/2012_year_9_annual_report.pdf,atr,nodes,wayback,
Milton,2013,https://www.townofmilton.org/sites/g/files/vyhlif911/f/pages/2013_annual_report_10_submital_final.pdf,atr,nodes,wayback,
Milton,2014,https://www.townofmilton.org/sites/g/files/vyhlif911/f/pages/2014_annual_report_11_submital_final.pdf,atr,nodes,wayback,
Milton,2015,https://www.townofmilton.org/sites/g/files/vyhlif911/f/pages/2015_annual_report_12_submital_final.pdf,atr,nodes,wayback,
Milton,2016,https://www.townofmilton.org/sites/g/files/vyhlif911/f/pages/2016_annual_report_13_submital_final.pdf,atr,nodes,wayback,
Milton,2017,https://www.townofmilton.org/sites/g/files/vyhlif911/f/pages/2017_annual_report_14_submital_final.pdf,atr,nodes,wayback,
Milton,2019,https://www.townofmilton.org/sites/g/files/vyhlif911/f/uploads/milton_annual_report_2019_final.pdf,atr,nodes,wayback,
Monson,2002,http://www.monson-ma.gov/sites/monsonma/files/uploads/town_report_2002.pdf,atr,nodes,wayback,
Monson,2003,http://www.monson-ma.gov/sites/monsonma/files/uploads/town_report_2003.pdf,atr,nodes,wayback,
Monson,2004,http://www.monson-ma.gov/sites/monsonma/files/uploads/town_report_2004.pdf,atr,nodes,wayback,
Monson,2005,http://www.monson-ma.gov/sites/monsonma/files/uploads/town_report_2005.pdf,atr,nodes,wayback,
Monson,2006,http://www.monson-ma.gov/Public_Documents/MonsonMA_Collector/Annual_Report_2006.pdf,atr,nodes,wayback,
Monson,2006,http://www.monson-ma.gov/sites/monsonma/files/uploads/town_report_2006.pdf,atr,nodes,wayback,
Monson,2007,http://www.monson-ma.gov/Public_Documents/MonsonMA_Assessor/town_report_2007.Pdf,atr,nodes,wayback,
Monson,2007,http://www.monson-ma.gov/Public_Documents/MonsonMA_Collector/Annual_Report_2007.pdf,atr,nodes,wayback,
Monson,2007,http://www.monson-ma.gov/sites/monsonma/files/uploads/town_report_2007.pdf,atr,nodes,wayback,
Monson,2008,http://www.monson-ma.gov/sites/monsonma/files/uploads/town_report_2008.pdf,atr,nodes,wayback,
Monson,2009,http://www.monson-ma.gov/sites/monsonma/files/uploads/town_report_2009.pdf,atr,nodes,wayback,
Monson,2010,http://www.monson-ma.gov/sites/monsonma/files/uploads/town_report_2010.pdf,atr,nodes,wayback,
Monson,2012,http://www.monson-ma.gov/sites/monsonma/files/uploads/town_report_2012.pdf,atr,nodes,wayback,
Monson,2013,http://www.monson-ma.gov/sites/monsonma/files/uploads/2013_town_collectors_annual_report.pdf,atr,nodes,wayback,
Monson,2013,http://www.monson-ma.gov/sites/monsonma/files/uploads/town_report_2013.pdf,atr,nodes,wayback,
Monson,2014,http://www.monson-ma.gov/sites/monsonma/files/uploads/2014_collectors_annual_report.pdf,atr,nodes,wayback,
Monson,2014,http://www.monson-ma.gov/sites/monsonma/files/uploads/board_of_assessors_2014_town_report.pdf,atr,nodes,wayback,
Monson,2014,http://www.monson-ma.gov/sites/monsonma/files/uploads/town_report_2014.pdf,atr,nodes,wayback,
Monson,2015,http://www.monson-ma.gov/sites/monsonma/files/uploads/2015_town_report_of_the_monson_board_of_health.pdf,atr,nodes,wayback,
Monson,2015,http://www.monson-ma.gov/sites/monsonma/files/uploads/assessors_2015_town_report.pdf,atr,nodes,wayback,
Monson,2015,http://www.monson-ma.gov/sites/monsonma/files/uploads/board_of_health_2015_town_report.pdf,atr,nodes,wayback,
Monson,2015,http://www.monson-ma.gov/sites/monsonma/files/uploads/cemetery_dept._2015_annual_town_report.pdf,atr,nodes,wayback,
Monson,2015,http://www.monson-ma.gov/sites/monsonma/files/uploads/council_on_aging_town_report_2015.pdf,atr,nodes,wayback,
Monson,2015,http://www.monson-ma.gov/sites/monsonma/files/uploads/highway_department_2015_town_report.pdf,atr,nodes,wayback,
Monson,2015,http://www.monson-ma.gov/sites/monsonma/files/uploads/keep_homestead_2015_town_report.pdf,atr,nodes,wayback,
Monson,2015,http://www.monson-ma.gov/sites/monsonma/files/uploads/library_2015_town_report.pdf,atr,nodes,wayback,
Monson,2015,http://www.monson-ma.gov/sites/monsonma/files/uploads/monson_housing_authority_2015_town_report.pdf,atr,nodes,wayback,
Monson,2015,http://www.monson-ma.gov/sites/monsonma/files/uploads/monson_schools_2015_town_report.pdf,atr,nodes,wayback,
Monson,2015,http://www.monson-ma.gov/sites/monsonma/files/uploads/pathfinder_2015_town_report.pdf,atr,nodes,wayback,
Monson,2015,http://www.monson-ma.gov/sites/monsonma/files/uploads/scholarship_committee_2015_town_report.pdf,atr,nodes,wayback,
Monson,2015,http://www.monson-ma.gov/sites/monsonma/files/uploads/town_collectors_2015_annual_town_report.pdf,atr,nodes,wayback,
Monson,2015,http://www.monson-ma.gov/sites/monsonma/files/uploads/town_collectors_2015_annual_town_report_0.pdf,atr,nodes,wayback,
Monson,2015,http://www.monson-ma.gov/sites/monsonma/files/uploads/town_report_2015.pdf,atr,nodes,wayback,
Monson,2015,http://www.monson-ma.gov/sites/monsonma/files/uploads/tree_warden_2015_town_report.pdf,atr,nodes,wayback,
Monson,2015,http://www.monson-ma.gov/sites/monsonma/files/uploads/water_and_sewer_2015_town_report.pdf,atr,nodes,wayback,
Monson,2019,https://www.monson-ma.gov/sites/g/files/vyhlif926/f/uploads/2019_collectors_annual_report_0.pdf,atr,nodes,wayback,
Monson,2020,https://www.monson-ma.gov/sites/g/files/vyhlif926/f/uploads/collectors_2020_annual_town_report_0.pdf,atr,nodes,wayback,
Montague,2010,https://montague-ma.gov/files/2010-05-17_Annual_Town_Election_Results.pdf,result,catalog,wayback,
Montague,2011,https://montague-ma.gov/files/2011-05-16_Annual_Town_Election_Results.pdf,result,catalog,wayback,
Montague,2012,http://montague-ma.gov/Pages/MontagueMA_News/I0183428F.0/Elected%20Officials%20for%20Re-Election%20May%202012.pdf,result,catalog,wayback,
Montague,2012,https://montague-ma.gov/files/2012-05-21_Annual_Town_Election_Results.pdf,result,catalog,wayback,
Montague,2013,https://montague-ma.gov/files/2013-05-20_Annual_Town_Election_Results.pdf,result,catalog,wayback,
Montague,2014,https://montague-ma.gov/files/2014-05-19_Annual_Town_Election_Results.pdf,result,catalog,wayback,
Montague,2015,https://montague-ma.gov/files/2015-05-18_Annual_Town_Election_Results.pdf,result,catalog,wayback,
Montague,2016,https://montague-ma.gov/files/2016-05-16_Annual_Town_Election_Results.pdf,result,catalog,wayback,
Montague,2017,https://montague-ma.gov/files/2017-05-15_Annual_Town_Election_Results.pdf,result,catalog,wayback,
Montague,2018,https://montague-ma.gov/files/2018-05-21_Annual_Town_Election_Results.pdf,result,catalog,wayback,
Montague,2018,https://montague-ma.gov/files/2018-05-21_Annual_Town_Election_Results_.pdf,result,catalog,wayback,
Montague,2019,https://montague-ma.gov/files/ANNUAL_REPORT-YE2019.pdf,atr,nodes,wayback,
Montague,2019,https://montague-ma.gov/files/ANNUAL_REPORT-YE2019_Cover.pdf,atr,nodes,wayback,
Montague,2019,https://montague-ma.gov/files/ANNUAL_REPORT-YE2019_Table_of_Contents.pdf,atr,nodes,wayback,
Montague,2020,https://montague-ma.gov/files/2020_CSO_Annual_Report.pdf,atr,nodes,wayback,
Montague,2020,https://montague-ma.gov/files/ANNUAL_REPORT_2020_-_FINAL-WEBSITE.pdf,atr,nodes,wayback,
Monterey,2013,http://montereyma.gov/Public_Documents/MontereyMA_TownClerk/2013townelectionresults.pdf,result,catalog,wayback,
Monterey,2014,http://montereyma.gov/Public_Documents/MontereyMA_TownClerk/electionresultsmay2014.pdf,result,catalog,wayback,
Mount Washington,2012,https://mountwashington-ma.gov/download/town_clerk/election_results/2012-Election-Results.pdf,result,catalog,wayback,
Mount Washington,2012,https://mountwashington-ma.gov/wp-content/uploads/wpfd/preview_files/2012-05-08-Election-Results(a7fd9fd835f54f0f28003c679fd44b39).pdf,result,catalog,wayback,
Mount Washington,2014,https://mountwashington-ma.gov/wp-content/uploads/wpfd/preview_files/2014-05-13-Election-Results(48abd1b3f5452995d995eb78a77013c8).pdf,result,catalog,wayback,
Mount Washington,2018,https://mountwashington-ma.gov/download/town_clerk/election_results/2018-05-08-Election-Results.pdf,result,catalog,wayback,
Mount Washington,2019,https://mountwashington-ma.gov/download/town_clerk/election_results/2019-Town-Election-Results.pdf,result,catalog,wayback,
Nahant,2002,http://www.nahant.org:80/townhall/documents/Annual_Election_Results_2002.pdf,result,catalog,wayback,
Nahant,2004,http://www.nahant.org:80/townhall/documents/Nahant_Annual%20Report_2004.pdf,atr,nodes,wayback,
Nahant,2005,http://www.nahant.org/documents/boards_committees/military_housing/2005_BOS%20Annual_Report_Excerpt.pdf,atr,nodes,wayback,
Nahant,2005,http://www.nahant.org/documents/military_housing/2005_BOS%20Annual_Report_Excerpt.pdf,atr,nodes,wayback,
Nahant,2005,http://www.nahant.org/documents/town_meeting/annual_town_reports/Town%20of%20Nahant_Annual%20Report_2005.pdf,atr,nodes,wayback,
Nahant,2005,http://www.nahant.org/documents/townhall/annual_town_reports/Town%20of%20Nahant_Annual%20Report_2005.pdf,atr,nodes,wayback,
Nahant,2005,http://www.nahant.org/documents/townhall/military_housing/2005_BOS%20Annual_Report_Excerpt.pdf,atr,nodes,wayback,
Nahant,2005,http://www.nahant.org:80/documents/annual_town_reports/Town%20of%20Nahant_Annual%20Report_2005.pdf,atr,nodes,wayback,
Nahant,2005,https://nahant.org/wp-content/uploads/2021/02/Town-of-Nahant_Annual-Report_2005.pdf,atr,nodes,wayback,
Nahant,2005,https://nahant.org/wp-content/uploads/2021/03/2005_BOS-Annual_Report_Excerpt.pdf,atr,nodes,wayback,
Nahant,2005,https://nahant.org/wp-content/uploads/2022/11/Town-of-Nahant_Annual-Report_2005.pdf,atr,nodes,wayback,
Nahant,2007,http://www.nahant.org/documents/annual_town_reports/Town%20of%20Nahant_Annual%20Report_2007.pdf,atr,nodes,wayback,
Nahant,2007,http://www.nahant.org/documents/town_meeting/annual_town_reports/Town%20of%20Nahant_Annual%20Report_2007.pdf,atr,nodes,wayback,
Nahant,2007,http://www.nahant.org/documents/townhall/annual_town_reports/Town%20of%20Nahant_Annual%20Report_2007.pdf,atr,nodes,wayback,
Nahant,2007,https://nahant.org/wp-content/uploads/2021/02/Town-of-Nahant_Annual-Report_2007.pdf,atr,nodes,wayback,
Nahant,2007,https://nahant.org/wp-content/uploads/2022/11/Town-of-Nahant_Annual-Report_2007.pdf,atr,nodes,wayback,
Nahant,2008,http://www.nahant.org/documents/town_meeting/annual_town_reports/Town%20of%20Nahant_Annual%20Report_2008.pdf,atr,nodes,wayback,
Nahant,2008,http://www.nahant.org/documents/townhall/annual_town_reports/Town%20of%20Nahant_Annual%20Report_2008.pdf,atr,nodes,wayback,
Nahant,2008,http://www.nahant.org:80/documents/annual_town_reports/Town%20of%20Nahant_Annual%20Report_2008.pdf,atr,nodes,wayback,
Nahant,2008,https://nahant.org/wp-content/uploads/2021/02/Town-of-Nahant_Annual-Report_2008.pdf,atr,nodes,wayback,
Nahant,2008,https://nahant.org/wp-content/uploads/2022/11/Town-of-Nahant_Annual-Report_2008.pdf,atr,nodes,wayback,
Nahant,2009,http://www.nahant.org/documents/town_meeting/annual_town_reports/Town%20of%20Nahant_Annual%20Report_2009.pdf,atr,nodes,wayback,
Nahant,2009,http://www.nahant.org/documents/townhall/annual_town_reports/Town%20of%20Nahant_Annual%20Report_2009.pdf,atr,nodes,wayback,
Nahant,2009,http://www.nahant.org:80/documents/annual_town_reports/Town%20of%20Nahant_Annual%20Report_2009.pdf,atr,nodes,wayback,
Nahant,2009,https://nahant.org/wp-content/uploads/2021/02/Town-of-Nahant_Annual-Report_2009.pdf,atr,nodes,wayback,
Nahant,2009,https://nahant.org/wp-content/uploads/2022/11/Town-of-Nahant_Annual-Report_2009.pdf,atr,nodes,wayback,
Nahant,2010,http://www.nahant.org/documents/town_meeting/annual_town_reports/Town%20of%20Nahant_Annual%20Report_2010.pdf,atr,nodes,wayback,
Nahant,2010,http://www.nahant.org/documents/townhall/annual_town_reports/Town%20of%20Nahant_Annual%20Report_2010.pdf,atr,nodes,wayback,
Nahant,2010,http://www.nahant.org:80/documents/annual_town_reports/Town%20of%20Nahant_Annual%20Report_2010.pdf,atr,nodes,wayback,
Nahant,2010,https://nahant.org/wp-content/uploads/2021/02/Town-of-Nahant_Annual-Report_2010.pdf,atr,nodes,wayback,
Nahant,2010,https://nahant.org/wp-content/uploads/2022/11/Town-of-Nahant_Annual-Report_2010.pdf,atr,nodes,wayback,
Nahant,2011,http://www.nahant.org/documents/town_meeting/annual_town_reports/Town%20of%20Nahant_Annual%20Report_2011.pdf,atr,nodes,wayback,
Nahant,2011,http://www.nahant.org/documents/townhall/annual_town_reports/Town%20of%20Nahant_Annual%20Report_2011.pdf,atr,nodes,wayback,
Nahant,2011,http://www.nahant.org:80/documents/annual_town_reports/Town%20of%20Nahant_Annual%20Report_2011.pdf,atr,nodes,wayback,
Nahant,2011,https://nahant.org/wp-content/uploads/2021/02/Town-of-Nahant_Annual-Report_2011.pdf,atr,nodes,wayback,
Nahant,2011,https://nahant.org/wp-content/uploads/2022/11/Town-of-Nahant_Annual-Report_2011.pdf,atr,nodes,wayback,
Nahant,2012,http://www.nahant.org/documents/town_meeting/annual_town_reports/Town%20of%20Nahant_Annual%20Report_2012.pdf,atr,nodes,wayback,
Nahant,2012,http://www.nahant.org/documents/townhall/annual_town_reports/Town%20of%20Nahant_Annual%20Report_2012.pdf,atr,nodes,wayback,
Nahant,2012,http://www.nahant.org:80/documents/annual_town_reports/Town%20of%20Nahant_Annual%20Report_2012.pdf,atr,nodes,wayback,
Nahant,2012,https://nahant.org/wp-content/uploads/2021/02/Town-of-Nahant_Annual-Report_2012.pdf,atr,nodes,wayback,
Nahant,2012,https://nahant.org/wp-content/uploads/2022/11/Town-of-Nahant_Annual-Report_2012.pdf,atr,nodes,wayback,
Nahant,2013,http://www.nahant.org/documents/annual_town_reports/Town%20of%20Nahant_Annual%20Report_2013.pdf,atr,nodes,wayback,
Nahant,2013,http://www.nahant.org/documents/town_meeting/annual_town_reports/Town%20of%20Nahant_Annual%20Report_2013.pdf,atr,nodes,wayback,
Nahant,2013,http://www.nahant.org/documents/townhall/annual_town_reports/Town%20of%20Nahant_Annual%20Report_2013.pdf,atr,nodes,wayback,
Nahant,2013,https://nahant.org/wp-content/uploads/2021/02/Town-of-Nahant_Annual-Report_2013.pdf,atr,nodes,wayback,
Nahant,2013,https://nahant.org/wp-content/uploads/2022/11/Town-of-Nahant_Annual-Report_2013.pdf,atr,nodes,wayback,
Nahant,2014,http://www.nahant.org/documents/town_meeting/annual_town_reports/Town%20of%20Nahant_Annual%20Report_2014.pdf,atr,nodes,wayback,
Nahant,2014,http://www.nahant.org/documents/townhall/annual_town_reports/Town%20of%20Nahant_Annual%20Report_2014.pdf,atr,nodes,wayback,
Nahant,2014,http://www.nahant.org:80/documents/annual_town_reports/Town%20of%20Nahant_Annual%20Report_2014.pdf,atr,nodes,wayback,
Nahant,2014,https://nahant.org/wp-content/uploads/2021/02/Town-of-Nahant_Annual-Report_2014.pdf,atr,nodes,wayback,
Nahant,2014,https://nahant.org/wp-content/uploads/2022/11/Town-of-Nahant_Annual-Report_2014.pdf,atr,nodes,wayback,
Nahant,2015,http://www.nahant.org/documents/accountant/2015/town_accountant_annual_report_2014.pdf,atr,nodes,wayback,
Nahant,2015,http://www.nahant.org/documents/annual_town_reports/Town%20of%20Nahant_Annual%20Report_2015.pdf,atr,nodes,wayback,
Nahant,2015,http://www.nahant.org/documents/town_meeting/annual_town_reports/Town%20of%20Nahant_Annual%20Report_2015.pdf,atr,nodes,wayback,
Nahant,2015,https://nahant.org/wp-content/uploads/2021/02/Town-of-Nahant_Annual-Report_2015.pdf,atr,nodes,wayback,
Nahant,2015,https://nahant.org/wp-content/uploads/2022/11/Town-of-Nahant_Annual-Report_2015.pdf,atr,nodes,wayback,
Nahant,2016,http://nahant.org/documents/accountant/2016/annualreport15.pdf,atr,nodes,wayback,
Nahant,2016,http://www.nahant.org/documents/accountant/2016/town_accountant_annual_report_2015.pdf,atr,nodes,wayback,
Nahant,2016,http://www.nahant.org/documents/town_meeting/annual_town_reports/Town%20of%20Nahant_Annual%20Report_2016.pdf,atr,nodes,wayback,
Nahant,2016,http://www.nahant.org:80/documents/clerk/2016_election/nht_mar_01_2016_primary_results.pdf,result,catalog,wayback,
Nahant,2016,https://nahant.org/wp-content/uploads/2021/02/Town-of-Nahant_Annual-Report_2016.pdf,atr,nodes,wayback,
Nahant,2016,https://nahant.org/wp-content/uploads/2022/11/Town-of-Nahant_Annual-Report_2016.pdf,atr,nodes,wayback,
Nahant,2017,http://www.nahant.org/documents/accountant/2017/town_accountant_annual_report_2016.pdf,atr,nodes,wayback,
Nahant,2017,http://www.nahant.org/documents/town_meeting/annual_town_reports/Town%20of%20Nahant_Annual%20Report_2017.pdf,atr,nodes,wayback,
Nahant,2017,https://nahant.org/wp-content/uploads/2021/02/Town-of-Nahant_Annual-Report_2017.pdf,atr,nodes,wayback,
Nahant,2017,https://nahant.org/wp-content/uploads/2022/11/Town-of-Nahant_Annual-Report_2017.pdf,atr,nodes,wayback,
Nahant,2018,http://www.nahant.org/documents/accountant/2018/town_accountant_annual_report_2017.pdf,atr,nodes,wayback,
Nahant,2018,http://www.nahant.org/documents/town_meeting/annual_town_reports/Town%20of%20Nahant_Annual%20Report_2018.pdf,atr,nodes,wayback,
Nahant,2018,https://nahant.org/wp-content/uploads/2021/02/Town-of-Nahant_Annual-Report_2018.pdf,atr,nodes,wayback,
Nahant,2018,https://nahant.org/wp-content/uploads/2022/11/Town-of-Nahant_Annual-Report_2018.pdf,atr,nodes,wayback,
Nahant,2019,http://www.nahant.org/documents/accountant/2019/town_accountant_annual_report_2018.pdf,atr,nodes,wayback,
Nahant,2019,http://www.nahant.org/documents/town_meeting/annual_town_reports/Town%20of%20Nahant_Annual%20Report_2019.pdf,atr,nodes,wayback,
Nahant,2019,https://nahant.org/wp-content/uploads/2021/02/Town-of-Nahant_Annual-Report_2019.pdf,atr,nodes,wayback,
Nahant,2019,https://nahant.org/wp-content/uploads/2022/11/Town-of-Nahant_Annual-Report_2019.pdf,atr,nodes,wayback,
Nahant,2020,http://www.nahant.org/documents/accountant/2020/town_accountant_annual_report_2019.pdf,atr,nodes,wayback,
Nahant,2020,https://nahant.org/wp-content/uploads/2021/07/Town-of-Nahant_Annual-Report_2020.pdf,atr,nodes,wayback,
Nahant,2020,https://nahant.org/wp-content/uploads/2022/03/Nahant-2020-Annual-Report-Final-PROOF-1-1.pdf,atr,nodes,wayback,
Nahant,2020,https://nahant.org/wp-content/uploads/2022/11/Town-of-Nahant_Annual-Report_2020.pdf,atr,nodes,wayback,
Nahant,2020,https://nahant.org/wp-content/uploads/2022/11/town_accountant_annual_report_2020.pdf,atr,nodes,wayback,
Nahant,2020,https://www.nahant.org/documents/departments/accountant/2021/town_accountant_annual_report_2020.pdf,atr,nodes,wayback,
Nantucket,2005,http://www.nantucket-ma.gov/departments/marine/2005/MadaketHarbor&LongPondAnnualReport%202005.pdf,atr,nodes,wayback,
Nantucket,2005,http://www.nantucket-ma.gov/departments/marine/2005/MiacometPondAnnualReport2005.pdf,atr,nodes,wayback,
Nantucket,2005,http://www.nantucket-ma.gov/departments/marine/2005/NantucketHarborWaterQuality-2005AnnualReport.pdf,atr,nodes,wayback,
Nantucket,2005,http://www.nantucket-ma.gov/departments/marine/2005/SesachachaPondAnnualReport_2005.pdf,atr,nodes,wayback,
Natick,2005,http://www.natickma.gov/Public_Documents/NatickMA_EnvComply/AnnualReport2005.pdf,atr,nodes,wayback,
Natick,2006,http://www.natickma.gov/Public_Documents/NatickMA_EnvComply/AnnualReport2006.pdf,atr,nodes,wayback,
Natick,2010,http://natickma.gov:80/Public_Documents/NatickMA_Clerk/Elections/March%2030%202010%20ATE%20Official%20ResultsWEB.pdf,result,catalog,wayback,
Natick,2011,http://natickma.gov:80/Public_Documents/NatickMA_Clerk/Elections/Town%20Election%20Results%203-29-2011.pdf,result,catalog,wayback,
Natick,2011,http://natickma.gov:80/Public_Documents/NatickMA_Clerk/Elections/Town%20Meeting%20Results%203-29-2011.pdf,result,catalog,wayback,
Natick,2011,http://www.natickma.gov:80/sites/natickma/files/file/file/townreport2011_0.pdf,atr,nodes,wayback,
Natick,2012,http://natickma.gov:80/Public_Documents/NatickMA_Clerk/Elections/March%202012%20election%20results.pdf,result,catalog,wayback,
Natick,2015,https://natickma.gov/DocumentCenter/View/1958,result,catalog,docsweep,"March 31, 2015 Annual Town Election Results"
Natick,2016,https://natickma.gov/DocumentCenter/View/3271,result,catalog,docsweep,"March 29, 2016 Annual Town Election Results"
Natick,2016,https://natickma.gov/ImageRepository/Document?documentID=464,result,catalog,documentcenter,Town Clerk / ARCHIVE Election Results 2016
Natick,2016,https://www.natickma.gov/DocumentCenter/View/4549/Election-Unofficial-Results---March-28-2016,result,catalog,wayback,
Natick,2016,https://www.natickma.gov/DocumentCenter/View/4549/Election-Unofficial-Results---March-28-2016?bidId=,result,catalog,wayback,
Natick,2017,https://natickma.gov/DocumentCenter/View/4563,result,catalog,docsweep,"March 28, 2017, Annual Town Election Results"
Natick,2018,http://www.natickma.gov:80/DocumentCenter/View/6442/Unofficial-Election-results-for-2018-Annual-Town-Election,result,catalog,wayback,
Natick,2018,http://www.natickma.gov:80/DocumentCenter/View/6442/Unofficial-Election-results-for-2018-Annual-Town-Election?bidId=,result,catalog,wayback,
Natick,2019,https://www.natickma.gov/DocumentCenter/View/7982,result,catalog,dc_idsweep,Unofficial results March 26 2019 election?bidId=
Needham,2008,https://needhamma.gov/ImageRepository/Document?documentID=165,result,catalog,documentcenter,Town Clerk's Office 2008 Annual Town Election Results
Needham,2015,http://www.needhamma.gov/DocumentCenter/View/3411/ATELECTION2015-Official-Tally?bidId=,result,catalog,wayback,
Needham,2015,https://www.needhamma.gov/DocumentCenter/View/3411/ATELECTION2015-Official-Tally,result,catalog,wayback,
Needham,2019,http://www.needhamma.gov/DocumentCenter/View/17843/2019-Annual-Town-Election-Official-Tally-Sheet,result,catalog,wayback,
Needham,2019,http://www.needhamma.gov:80/DocumentCenter/View/17843/2019-Annual-Town-Election-Official-Tally-Sheet?bidId=,result,catalog,wayback,
Needham,2020,http://www.needhamma.gov/DocumentCenter/View/20837/PresPrimary-Democrat-Official-Tally-Sheet-2020,result,catalog,wayback,
Needham,2020,http://www.needhamma.gov/DocumentCenter/View/21345/2020-Annual-Town-Election-Official-Tally-Sheet,result,catalog,wayback,
Needham,2020,http://www.needhamma.gov/DocumentCenter/View/43094/Copy-of-Copy-of-2020-Annual-Town-Election-Official-Tally-Sheet-003-002?bidId=,result,catalog,wayback,
Needham,2020,https://needhamma.gov/DocumentCenter/View/20834,result,catalog,dc_idsweep,PresPrimary Libertarian Official Tally Sheet 2020?bidId=
Needham,2020,https://needhamma.gov/DocumentCenter/View/20835,result,catalog,dc_idsweep,PresPrimary Green Rainbow Official Tally Sheet 2020?bidId=
Needham,2020,https://needhamma.gov/DocumentCenter/View/20836,result,catalog,dc_idsweep,PresPrimary Republican Official Tally Sheet 2020?bidId=
Needham,2020,https://www.needhamma.gov/DocumentCenter/View/43094/Copy-of-Copy-of-2020-Annual-Town-Election-Official-Tally-Sheet-003-002,result,catalog,wayback,
New Ashford,2015,https://www.newashford-ma.us/wp-content/uploads/2015/01/TownReport-May2013.pdf,atr,nodes,wayback,
New Ashford,2017,https://www.newashford-ma.us/wp-content/uploads/2017/05/Elections2017-Results.pdf,result,catalog,wayback,
New Ashford,2018,http://newashford-ma.us/wp-content/uploads/2018/05/2018NewAshfordTownElectionsResults.pdf,result,catalog,wayback,
New Ashford,2018,https://www.newashford-ma.us/wp-content/uploads/2018/05/2018NewAshfordTownElectionsResults.pdf,result,catalog,docsweep,2018NewAshfordTownElectionsResults
New Ashford,2018,https://www.newashford-ma.us/wp-content/uploads/2018/05/TownReport2018Final.pdf,atr,nodes,wayback,
New Ashford,2019,https://www.newashford-ma.us/wp-content/uploads/2019/05/ElectionResultMay2019-2.pdf,result,catalog,docsweep,ElectionResultMay2019-2
New Ashford,2020,https://www.newashford-ma.us/wp-content/uploads/2020/04/AnnualTownReport2019.pdf,atr,nodes,wayback,
New Ashford,2020,https://www.newashford-ma.us/wp-content/uploads/2020/06/TownReport2020-3-1.pdf,atr,nodes,docsweep,TownReport2020
New Ashford,2020,https://www.newashford-ma.us/wp-content/uploads/2020/06/TownReport2020-3.pdf,atr,nodes,wayback,
New Ashford,2020,https://www.newashford-ma.us/wp-content/uploads/2020/06/TownReport2020-5.pdf,atr,nodes,docsweep,TownReport2020-5
New Bedford,2012,https://newbedford-ma.s3.amazonaws.com/wp-content/uploads/sites/39/20191219204102/Special-Proj.-Annual-Rpt_Aug2012.pdf,atr,nodes,wayback,
New Bedford,2015,https://newbedford-ma.s3.amazonaws.com/wp-content/uploads/sites/36/20191219201517/June_23_2015_Election_results.pdf,result,catalog,wayback,
New Bedford,2018,http://newbedford-ma.s3.amazonaws.com/wp-content/uploads/sites/39/20191219202257/Buttonwood-Park-Pond-2018-Annual-Report.pdf,atr,nodes,wayback,
New Marlborough,2014,https://www.newmarlboroughma.gov/sites/g/files/vyhlif4771/f/uploads/annual_town_report_2014.pdf,atr,nodes,wayback,
New Marlborough,2015,https://www.newmarlboroughma.gov/sites/g/files/vyhlif4771/f/uploads/new_marlborough_annual_report_2015.pdf,atr,nodes,wayback,
New Marlborough,2018,https://www.newmarlboroughma.gov/sites/g/files/vyhlif4771/f/uploads/2018_town_report.pdf,atr,nodes,wayback,
New Marlborough,2018,https://www.newmarlboroughma.gov/sites/newmarlboroughma/files/uploads/2018_town_report.pdf,atr,nodes,wayback,
New Marlborough,2020,https://www.newmarlboroughma.gov/sites/g/files/vyhlif4771/f/uploads/2020_town_report_for_web_2.pdf,atr,nodes,wayback,
Newbury,2020,https://www.townofnewbury.org/sites/g/files/vyhlif951/f/news/final_tally_of_votes_-_nov._3_2020_0.pdf,result,catalog,wayback,
Newburyport,2012,http://www.cityofnewburyport.com/sites/newburyportma/files/cityofnewburyportannualreport2012_4screen.pdf,atr,nodes,wayback,
Newburyport,2012,http://www.cityofnewburyport.com/sites/newburyportma/files/file/file/cityofnewburyportannualreport2012_4screen.pdf,atr,nodes,wayback,
Newburyport,2012,https://www.cityofnewburyport.com/sites/g/files/vyhlif7106/f/pages/cityofnewburyportannualreport2012_4screen.pdf,atr,nodes,wayback,
Newburyport,2013,http://www.cityofnewburyport.com/sites/newburyportma/files/file/file/newburyportannualreport2013forscreen.pdf,atr,nodes,wayback,
Newburyport,2013,http://www.cityofnewburyport.com/sites/newburyportma/files/newburyportannualreport2013forscreen_0.pdf,atr,nodes,wayback,
Newburyport,2013,https://www.cityofnewburyport.com/sites/g/files/vyhlif7106/f/pages/newburyportannualreport2013forscreen_0.pdf,atr,nodes,wayback,
Newburyport,2014,http://www.cityofnewburyport.com/sites/newburyportma/files/2014_annual_report_attachment_iii_-_riverside_parking_relayout.pdf,atr,nodes,wayback,
Newburyport,2014,http://www.cityofnewburyport.com/sites/newburyportma/files/2014_annual_report_to_mayor-_1.1.2013_-_6.30.2014_exec_summary.pdf,atr,nodes,wayback,
Newburyport,2014,http://www.cityofnewburyport.com/sites/newburyportma/files/2014_annual_report_to_mayor_1.1.2013_-_6.30.2014.pdf,atr,nodes,wayback,
Newburyport,2014,https://www.cityofnewburyport.com/sites/g/files/vyhlif7106/f/pages/2014_annual_report_attachment_iii_-_riverside_parking_relayout.pdf,atr,nodes,wayback,
Newburyport,2014,https://www.cityofnewburyport.com/sites/g/files/vyhlif7106/f/pages/2014_annual_report_to_mayor-_1.1.2013_-_6.30.2014_exec_summary.pdf,atr,nodes,wayback,
Newburyport,2014,https://www.cityofnewburyport.com/sites/g/files/vyhlif7106/f/pages/2014_annual_report_to_mayor_1.1.2013_-_6.30.2014.pdf,atr,nodes,wayback,
Newburyport,2015,http://www.cityofnewburyport.com/sites/newburyportma/files/file/file/annual_report_of_activities_july_1_2014-june_30_2015.pdf,atr,nodes,wayback,
Newburyport,2015,http://www.cityofnewburyport.com:80/sites/newburyportma/files/file/file/2015_annual_report.pdf,atr,nodes,wayback,
Newburyport,2015,https://www.cityofnewburyport.com/sites/g/files/vyhlif7106/f/file/file/2015_annual_report.pdf,atr,nodes,wayback,
Newburyport,2015,https://www.cityofnewburyport.com/sites/g/files/vyhlif7106/f/pages/annual_report_fy_2015.pdf,atr,nodes,wayback,
Newburyport,2016,https://www.cityofnewburyport.com/sites/g/files/vyhlif7106/f/pages/annual_report_fy_2016.pdf,atr,nodes,wayback,
Newburyport,2017,https://www.cityofnewburyport.com/sites/g/files/vyhlif7106/f/pages/annual_report_fy_2017_.pdf,atr,nodes,wayback,
Newburyport,2018,https://www.cityofnewburyport.com/sites/g/files/vyhlif7106/f/pages/annual_report_fy_2018_0.pdf,atr,nodes,wayback,
Newburyport,2019,https://www.cityofnewburyport.com/sites/g/files/vyhlif7106/f/pages/tc_annual_report_fy_2019_final.pdf,atr,nodes,wayback,
Newton,2020,http://www.newtonma.gov/documents/election/2020%20Elections/Official%20Results%20-%20David.pdf,result,catalog,wayback,
Norfolk,2000,http://www.norfolk.ma.us/assets/files/departments/town-clerk/meeting-minutes/annual-town-reports/annual-town-report-2000.pdf,atr,nodes,wayback,
Norfolk,2001,http://www.norfolk.ma.us/assets/files/departments/town-clerk/meeting-minutes/annual-town-reports/annual-town-report-2001.pdf,atr,nodes,wayback,
Norfolk,2002,http://www.norfolk.ma.us/assets/files/departments/town-clerk/meeting-minutes/annual-town-reports/annual-town-report-2002.pdf,atr,nodes,wayback,
Norfolk,2003,http://www.norfolk.ma.us/assets/files/departments/town-clerk/meeting-minutes/annual-town-reports/annual-town-report-2003.pdf,atr,nodes,wayback,
Norfolk,2004,http://www.norfolk.ma.us/assets/files/departments/town-clerk/meeting-minutes/annual-town-reports/annual-town-report-2004.pdf,atr,nodes,wayback,
Norfolk,2005,http://norfolk.ma.us/assets/files/departments/fire/annual-reports/annual-report-2005.pdf,atr,nodes,wayback,
Norfolk,2005,http://www.norfolk.ma.us/assets/files/departments/town-clerk/meeting-minutes/annual-town-reports/annual-town-report-2005.pdf,atr,nodes,wayback,
Norfolk,2006,http://norfolk.ma.us/assets/files/departments/fire/annual-reports/annual-report-2006.pdf,atr,nodes,wayback,
Norfolk,2006,http://www.norfolk.ma.us/assets/files/departments/town-clerk/meeting-minutes/annual-town-reports/annual-town-report-2006.pdf,atr,nodes,wayback,
Norfolk,2007,http://norfolk.ma.us/assets/files/departments/fire/annual-reports/annual-report-2007.pdf,atr,nodes,wayback,
Norfolk,2007,http://www.norfolk.ma.us/assets/files/departments/town-clerk/meeting-minutes/annual-town-reports/annual-town-report-2007.pdf,atr,nodes,wayback,
Norfolk,2008,http://www.norfolk.ma.us/assets/files/departments/town-clerk/meeting-minutes/annual-town-reports/annual-town-report-2008.pdf,atr,nodes,wayback,
Norfolk,2009,http://norfolk.ma.us/assets/files/departments/fire/annual-reports/annual-report-2009.pdf,atr,nodes,wayback,
Norfolk,2009,http://www.norfolk.ma.us/assets/files/departments/town-clerk/meeting-minutes/annual-town-reports/annual-town-report-2009.pdf,atr,nodes,wayback,
Norfolk,2010,http://norfolk.ma.us/assets/files/departments/fire/annual-reports/annual-report-2010.pdf,atr,nodes,wayback,
Norfolk,2010,http://www.norfolk.ma.us/assets/files/departments/town-clerk/meeting-minutes/annual-town-reports/annual-town-report-2010.pdf,atr,nodes,wayback,
Norfolk,2011,http://norfolk.ma.us/assets/files/departments/fire/annual-reports/annual-report-2011.pdf,atr,nodes,wayback,
Norfolk,2011,http://www.norfolk.ma.us/assets/files/departments/town-clerk/meeting-minutes/annual-town-reports/annual-town-report-2011.pdf,atr,nodes,wayback,
Norfolk,2012,http://www.norfolk.ma.us/assets/files/departments/town-clerk/meeting-minutes/annual-town-reports/annual-town-report-2012.pdf,atr,nodes,wayback,
Norfolk,2013,http://www.norfolk.ma.us/assets/files/departments/town-clerk/meeting-minutes/annual-town-reports/annual-town-report-2013.pdf,atr,nodes,wayback,
Norfolk,2014,http://www.norfolk.ma.us/assets/files/departments/town-clerk/meeting-minutes/annual-town-reports/annual-town-report-2014.pdf,atr,nodes,wayback,
Norfolk,2015,http://www.norfolk.ma.us/assets/files/departments/town-clerk/meeting-minutes/annual-town-reports/annual-town-report-2015.pdf,atr,nodes,wayback,
Norfolk,2016,http://www.norfolk.ma.us/assets/files/departments/town-clerk/meeting-minutes/annual-town-reports/annual-town-report-2016.pdf,atr,nodes,wayback,
Norfolk,2017,http://www.norfolk.ma.us/assets/files/departments/town-clerk/meeting-minutes/annual-town-reports/annual-town-report-2017.pdf,atr,nodes,wayback,
Norfolk,2018,http://www.norfolk.ma.us/assets/files/departments/town-clerk/meeting-minutes/annual-town-reports/annual-town-report-2018.pdf,atr,nodes,wayback,
Norfolk,2019,http://www.norfolk.ma.us/assets/files/departments/town-clerk/meeting-minutes/annual-town-reports/annual-town-report-2019.pdf,atr,nodes,wayback,
Norfolk,2020,http://norfolk.ma.us/assets/files/town-of-norfolk-year-2-annual-report-2020.pdf,atr,nodes,wayback,
Norfolk,2020,http://www.norfolk.ma.us/assets/files/departments/town-clerk/meeting-minutes/annual-town-reports/annual-town-report-2020.pdf,atr,nodes,wayback,
North Adams,2011,https://northadams-ma.gov/government/city_reports/City Reports/Annual Reports/City of North Adams Annual Report 2010-2011.pdf?t=202007221533180,atr,nodes,crawl,City of North Adams Annual Report 2010-2011
North Adams,2012,https://northadams-ma.gov/government/city_reports/City Reports/Annual Reports/City of North Adams Annual Report 2011-2012.pdf?t=202007221534160,atr,nodes,crawl,City of North Adams Annual Report 2011-2012
North Adams,2013,https://northadams-ma.gov/government/city_reports/City Reports/Annual Reports/City of North Adams Annual Report 2012-2013.pdf?t=202007221536550,atr,nodes,crawl,City of North Adams Annual Report 2012-2013
North Adams,2014,https://northadams-ma.gov/government/city_reports/City Reports/Annual Reports/City of North Adams Annual Report 2013-2014.pdf?t=202007221538010,atr,nodes,crawl,City of North Adams Annual Report 2013-2014
North Adams,2015,https://northadams-ma.gov/government/city_reports/City Reports/Annual Reports/City of North Adams Annual Report 2014-2015.pdf?t=202007221539320,atr,nodes,crawl,City of North Adams Annual Report 2014-2015
North Adams,2016,https://northadams-ma.gov/government/city_reports/City Reports/Annual Reports/City of North Adams Annual Report 2015-2016.pdf?t=202007221547170,atr,nodes,crawl,City of North Adams Annual Report 2015-2016
North Adams,2017,http://northadams-ma.gov/UserFiles/File/CityClerk/City%20of%20North%20Adams%20Annual%20Report%202016-2017.pdf,atr,nodes,wayback,
North Adams,2017,https://northadams-ma.gov/government/city_reports/City Reports/Annual Reports/City of North Adams Annual Report 2016-2017.pdf?t=202003201031200,atr,nodes,crawl,City of North Adams Annual Report 2016-2017
North Adams,2018,https://northadams-ma.gov/government/city_reports/City Reports/Annual Reports/City of North Adams Annual Report 2017-2018.pdf?t=202007211434560,atr,nodes,crawl,City of North Adams Annual Report 2017-2018
North Adams,2019,https://northadams-ma.gov/government/city_reports/City Reports/Annual Reports/City of North Adams Annual Report 2018-2019.pdf?t=202007211437410,atr,nodes,crawl,City of North Adams Annual Report 2018-2019
North Adams,2020,https://northadams-ma.gov/government/city_reports/2020 Annual Report.pdf?t=202206021512520,atr,nodes,crawl,City of North Adams Annual Report 2019-2020
North Adams,2020,https://northadams-ma.gov/residents/community_information/municipal_aggregation/Municipal Aggregation/DPU 21-MA North Adams 2020 Annual Report.pdf?t=202105110905270,atr,nodes,crawl,DPU 21-MA North Adams 2020 Annual Report
North Adams,2020,https://northadams-ma.gov/residents/community_information/municipal_aggregation/Municipal Aggregation/DPU 21-MA North Adams 2020 Annual Report_excel.pdf?t=202105110906000,atr,nodes,crawl,DPU 21-MA North Adams 2020 Annual Report
North Attleborough,2006,https://www.nattleboro.com/sites/northattleboroughma/files/file/file/2006_annual_report.pdf,atr,nodes,wayback,
North Attleborough,2008,https://www.nattleboro.com/sites/northattleboroughma/files/file/file/2008_annual_report.pdf,atr,nodes,wayback,
North Attleborough,2009,https://www.nattleboro.com/sites/northattleboroughma/files/file/file/2009_annual_report.pdf,atr,nodes,wayback,
North Attleborough,2010,https://www.nattleboro.com/sites/northattleboroughma/files/file/file/2010_annual_report.pdf,atr,nodes,wayback,
North Attleborough,2011,https://www.nattleboro.com/sites/northattleboroughma/files/file/file/2011_addendum_to_town_report.pdf,atr,nodes,wayback,
North Attleborough,2011,https://www.nattleboro.com/sites/northattleboroughma/files/file/file/2011_annual_report.pdf,atr,nodes,wayback,
North Attleborough,2012,http://www.nattleboro.com/sites/nattleboroma/files/file/file/2012_town_report.pdf,atr,nodes,wayback,
North Attleborough,2014,https://www.nattleboro.com/DocumentCenter/View/2328,result,catalog,dc_idsweep,2014 Election Results PDF?bidId=
North Attleborough,2015,https://www.nattleboro.com/sites/northattleboroughma/files/uploads/annual_town_report_2015.pdf,atr,nodes,wayback,
North Attleborough,2018,https://www.nattleboro.com/sites/northattleboroughma/files/uploads/2018_annual_town_report.pdf,atr,nodes,wayback,
North Brookfield,2006,http://www.northbrookfield.net/documents/2006-town-report.pdf,atr,nodes,wayback,
North Brookfield,2006,http://www.northbrookfield.net/documents/Town%20Reports/2006-town-report.pdf,atr,nodes,wayback,
North Brookfield,2006,http://www.northbrookfield.net/sites/northbrookfieldma/files/uploads/2006_annual_report.pdf,atr,nodes,wayback,
North Brookfield,2006,https://www.northbrookfield.net/sites/g/files/vyhlif3576/f/uploads/2006_annual_report.pdf,atr,nodes,wayback,
North Brookfield,2007,http://www.northbrookfield.net/documents/Town%20Reports/2007%20Town%20Report.pdf,atr,nodes,wayback,
North Brookfield,2007,http://www.northbrookfield.net/sites/northbrookfieldma/files/uploads/2007_annual_report.pdf,atr,nodes,wayback,
North Brookfield,2007,https://www.northbrookfield.net/sites/g/files/vyhlif3576/f/uploads/2007_annual_report.pdf,atr,nodes,wayback,
North Brookfield,2008,http://www.northbrookfield.net/sites/northbrookfieldma/files/uploads/2008_town_report.pdf,atr,nodes,wayback,
North Brookfield,2008,https://www.northbrookfield.net/sites/g/files/vyhlif3576/f/uploads/2008_town_report.pdf,atr,nodes,wayback,
North Brookfield,2009,http://www.northbrookfield.net/documents/Town%20Reports/2009%20Town%20Report.pdf,atr,nodes,wayback,
North Brookfield,2009,http://www.northbrookfield.net/sites/northbrookfieldma/files/uploads/2009_annual_report.pdf,atr,nodes,wayback,
North Brookfield,2009,https://www.northbrookfield.net/sites/g/files/vyhlif3576/f/uploads/2009_annual_report.pdf,atr,nodes,wayback,
North Brookfield,2010,http://www.northbrookfield.net/documents/Town%20Reports/2010%20Town%20Report.pdf,atr,nodes,wayback,
North Brookfield,2010,http://www.northbrookfield.net/sites/northbrookfieldma/files/uploads/2010_annual_report.pdf,atr,nodes,wayback,
North Brookfield,2010,https://www.northbrookfield.net/sites/g/files/vyhlif3576/f/uploads/2010_annual_report.pdf,atr,nodes,wayback,
North Brookfield,2011,http://www.northbrookfield.net/sites/northbrookfieldma/files/uploads/2011_town_report_compressed.pdf,atr,nodes,wayback,
North Brookfield,2011,https://www.northbrookfield.net/sites/g/files/vyhlif3576/f/uploads/2011_town_report_compressed.pdf,atr,nodes,wayback,
North Brookfield,2012,http://www.northbrookfield.net/sites/northbrookfieldma/files/uploads/2012_annual_report.pdf,atr,nodes,wayback,
North Brookfield,2012,https://northbrookfield.net/DocumentCenter/View/6659/Annual-Town-Election-Results-May-7-2012,result,catalog,docsweep,"Annual Town Election Results May 7, 2012"
North Brookfield,2012,https://www.northbrookfield.net/sites/g/files/vyhlif3576/f/uploads/2012_annual_report.pdf,atr,nodes,wayback,
North Brookfield,2013,http://www.northbrookfield.net/sites/northbrookfieldma/files/uploads/2013_annual_report.pdf,atr,nodes,wayback,
North Brookfield,2013,https://www.northbrookfield.net/sites/g/files/vyhlif3576/f/uploads/2013_annual_report.pdf,atr,nodes,wayback,
North Brookfield,2014,http://northbrookfield.net/wp-content/uploads/2014/07/2011-Town-Report.pdf,atr,nodes,wayback,
North Brookfield,2014,http://northbrookfield.net:80/wp-content/uploads/2014/03/2007-Town-Report.pdf,atr,nodes,wayback,
North Brookfield,2014,http://northbrookfield.net:80/wp-content/uploads/2014/04/2006-town-report.pdf,atr,nodes,wayback,
North Brookfield,2014,http://northbrookfield.net:80/wp-content/uploads/2014/04/2008%20Town%20Report.pdf,atr,nodes,wayback,
North Brookfield,2014,http://northbrookfield.net:80/wp-content/uploads/2014/04/2009%20Town%20Report.pdf,atr,nodes,wayback,
North Brookfield,2014,http://northbrookfield.net:80/wp-content/uploads/2014/04/2010%20Town%20Report.pdf,atr,nodes,wayback,
North Brookfield,2014,http://northbrookfield.net:80/wp-content/uploads/2014/04/2012%20Town%20Report.pdf,atr,nodes,wayback,
North Brookfield,2014,http://northbrookfield.net:80/wp-content/uploads/2014/07/2013-Town-Report.pdf,atr,nodes,wayback,
North Brookfield,2014,http://www.northbrookfield.net/sites/northbrookfieldma/files/uploads/2014_annual_report_0.pdf,atr,nodes,wayback,
North Brookfield,2014,https://www.northbrookfield.net/sites/g/files/vyhlif3576/f/uploads/2014_annual_report_0.pdf,atr,nodes,wayback,
North Brookfield,2015,http://northbrookfield.net/wp-content/uploads/2015/05/2014-Town-Report.pdf,atr,nodes,wayback,
North Brookfield,2015,http://www.northbrookfield.net/sites/northbrookfieldma/files/uploads/2015_annual_report.pdf,atr,nodes,wayback,
North Brookfield,2015,https://www.northbrookfield.net/sites/g/files/vyhlif3576/f/uploads/2015_annual_report.pdf,atr,nodes,wayback,
North Brookfield,2016,http://northbrookfield.net:80/wp-content/uploads/2016/04/2015-Town-Report.pdf,atr,nodes,wayback,
North Brookfield,2016,http://www.northbrookfield.net:80/sites/northbrookfieldma/files/uploads/may-2-2016-annual-town-election-results.pdf,result,catalog,wayback,
North Brookfield,2016,https://www.northbrookfield.net/sites/g/files/vyhlif3576/f/uploads/2016_town_report.pdf,atr,nodes,wayback,
North Brookfield,2017,https://www.northbrookfield.net/sites/g/files/vyhlif3576/f/uploads/2017_town_report.pdf,atr,nodes,wayback,
North Brookfield,2018,https://www.northbrookfield.net/sites/g/files/vyhlif3576/f/uploads/2018_town_report.pdf,atr,nodes,wayback,
North Brookfield,2019,https://www.northbrookfield.net/sites/g/files/vyhlif3576/f/uploads/2019_town_report.pdf,atr,nodes,wayback,
North Brookfield,2020,https://www.northbrookfield.net/sites/g/files/vyhlif3576/f/uploads/2020_town_report.pdf,atr,nodes,wayback,
North Reading,2005,http://www.northreadingma.gov:80/Pages/NReadingMA_TownReport/2005townreport.pdf,atr,nodes,wayback,
North Reading,2006,http://www.northreadingma.gov/Pages/NReadingMA_TownReport/2006.ATR.pdf,atr,nodes,wayback,
North Reading,2009,http://www.northreadingma.gov/sites/northreadingma/files/uploads/reading_2009_town_report-3.31.10-kodak_resized.pdf,atr,nodes,wayback,
North Reading,2009,https://www.northreadingma.gov/sites/g/files/vyhlif3591/f/uploads/reading_2009_town_report-3.31.10-kodak_resized.pdf,atr,nodes,wayback,
North Reading,2011,http://www.northreadingma.gov/sites/northreadingma/files/uploads/north_reading_2011_town_report-4th_pass_proof.pdf,atr,nodes,wayback,
North Reading,2011,https://www.northreadingma.gov/sites/g/files/vyhlif3591/f/uploads/north_reading_2011_town_report-4th_pass_proof.pdf,atr,nodes,wayback,
North Reading,2015,http://www.northreadingma.gov/sites/northreadingma/files/uploads/2015_annual_report.pdf,atr,nodes,wayback,
North Reading,2015,https://www.northreadingma.gov/sites/g/files/vyhlif3591/f/uploads/2015_annual_report.pdf,atr,nodes,wayback,
North Reading,2018,https://www.northreadingma.gov/sites/g/files/vyhlif3591/f/uploads/north_reading_2018_annual_report.pdf,atr,nodes,wayback,
Northampton,2008,http://www.northamptonma.gov/cityclerk/uploads/listWidget/8599/November%202008%20election%20results.pdf,result,catalog,wayback,
Northampton,2019,http://www.northamptonma.gov/DocumentCenter/View/13591/Biennial-Municipal-Election-Results-Final-Report---November-5-2019,result,catalog,wayback,
Northampton,2019,https://www.northamptonma.gov/DocumentCenter/View/13198/Preliminary-Municipal-Election-Results-Final-Report---September-17-2019?bidId=,result,catalog,wayback,
Northborough,2006,https://www.town.northborough.ma.us/sites/g/files/vyhlif3571/f/uploads/2006_annual_report_0.pdf,atr,nodes,wayback,
Northborough,2007,https://www.town.northborough.ma.us/sites/g/files/vyhlif3571/f/uploads/2007_annual_report_0.pdf,atr,nodes,wayback,
Northborough,2008,http://www.town.northborough.ma.us:80/Pages/NorthboroughMA_Admin/2008AnnualReport.pdf,atr,nodes,wayback,
Northborough,2008,http://www.town.northborough.ma.us:80/town%20departments/townclerk/Tally%20sheets%20unofficial%20results%2009-16-2008-1.pdf,result,catalog,wayback,
Northborough,2008,https://www.town.northborough.ma.us/sites/g/files/vyhlif3571/f/uploads/2008_annual_report_0.pdf,atr,nodes,wayback,
Northborough,2009,http://www.town.northborough.ma.us:80/Pages/NorthboroughMA_Admin/2009AnnualReport.pdf,atr,nodes,wayback,
Northborough,2009,https://www.town.northborough.ma.us/sites/g/files/vyhlif3571/f/uploads/2009_annual_report_0.pdf,atr,nodes,wayback,
Northborough,2010,http://www.town.northborough.ma.us:80/Pages/NorthboroughMA_Admin/2010AnnualReport.pdf,atr,nodes,wayback,
Northborough,2010,https://www.town.northborough.ma.us/sites/g/files/vyhlif3571/f/uploads/2010_annual_report_0.pdf,atr,nodes,wayback,
Northborough,2011,http://www.town.northborough.ma.us:80/Pages/NorthboroughMA_Admin/2011AnnualReport.pdf,atr,nodes,wayback,
Northborough,2011,http://www.town.northborough.ma.us:80/Pages/NorthboroughMA_Admin/2011budgdocs/2009AnnualReport.pdf,atr,nodes,wayback,
Northborough,2011,"http://www.town.northborough.ma.us:80/Pages/NorthboroughMA_Clerk/Northborough%20Official%20Election%20Results%20May%209,%202011.pdf",result,catalog,wayback,
Northborough,2011,https://www.town.northborough.ma.us/sites/g/files/vyhlif3571/f/uploads/2011_annual_report.pdf,atr,nodes,wayback,
Northborough,2012,http://www.town.northborough.ma.us:80/Pages/NorthboroughMA_Admin/2012AnnualReport.pdf,atr,nodes,wayback,
Northborough,2012,https://www.town.northborough.ma.us/sites/g/files/vyhlif3571/f/pages/northborough_official_election_results_05-14-2012.pdf,result,catalog,wayback,
Northborough,2012,https://www.town.northborough.ma.us/sites/g/files/vyhlif3571/f/uploads/2012_annual_report.pdf,atr,nodes,wayback,
Northborough,2013,http://www.town.northborough.ma.us:80/Pages/NorthboroughMA_Admin/2013AnnualReport.pdf,atr,nodes,wayback,
Northborough,2013,http://www.town.northborough.ma.us:80/Pages/NorthboroughMA_Clerk/Northborough%20Unofficial%20Election%20Results%2006-25-2013.pdf,result,catalog,wayback,
Northborough,2013,https://www.town.northborough.ma.us/sites/g/files/vyhlif3571/f/uploads/2013_annual_report.pdf,atr,nodes,wayback,
Northborough,2013,https://www.town.northborough.ma.us/sites/g/files/vyhlif3571/f/uploads/northborough_official_election_results_05-13-2013.pdf,result,catalog,wayback,
Northborough,2014,http://www.town.northborough.ma.us/Pages/NorthboroughMA_Admin/2014AnnualReport.pdf,atr,nodes,wayback,
Northborough,2014,https://www.town.northborough.ma.us/sites/g/files/vyhlif3571/f/uploads/2014_annual_report.pdf,atr,nodes,wayback,
Northborough,2014,https://www.town.northborough.ma.us/sites/g/files/vyhlif3571/f/uploads/northborough_official_election_results_05-12-2014.pdf,result,catalog,wayback,
Northborough,2015,http://www.town.northborough.ma.us:80/Pages/NorthboroughMA_Admin/2015AnnualReport.pdf,atr,nodes,wayback,
Northborough,2015,http://www.town.northborough.ma.us:80/Pages/NorthboroughMA_WebDocs/2015AnnualTownReport.pdf,atr,nodes,wayback,
Northborough,2015,https://www.town.northborough.ma.us/sites/g/files/vyhlif3571/f/uploads/2015_annual_report.pdf,atr,nodes,wayback,
Northborough,2015,https://www.town.northborough.ma.us/sites/g/files/vyhlif3571/f/uploads/northborough_official_election_results_05-11-2015.pdf,result,catalog,wayback,
Northborough,2016,https://www.town.northborough.ma.us/sites/g/files/vyhlif3571/f/uploads/2016_annual_report.pdf,atr,nodes,wayback,
Northborough,2016,https://www.town.northborough.ma.us/sites/g/files/vyhlif3571/f/uploads/northborough_official_election_results_05-09-2016.pdf,result,catalog,wayback,
Northborough,2017,https://www.town.northborough.ma.us/sites/g/files/vyhlif3571/f/uploads/2017_annual_report.pdf,atr,nodes,wayback,
Northborough,2017,https://www.town.northborough.ma.us/sites/g/files/vyhlif3571/f/uploads/northborough_official_election_results_05-09-2017.pdf,result,catalog,wayback,
Northborough,2018,https://www.town.northborough.ma.us/sites/g/files/vyhlif3571/f/uploads/2018_annual_report.pdf,atr,nodes,wayback,
Northborough,2018,https://www.town.northborough.ma.us/sites/g/files/vyhlif3571/f/uploads/northborough_official_town_election_results_5-08-2018.pdf,result,catalog,wayback,
Northborough,2019,https://www.town.northborough.ma.us/sites/g/files/vyhlif3571/f/pages/boroughs_2019_annual_report.pdf,atr,nodes,wayback,
Northborough,2020,https://www.town.northborough.ma.us/sites/g/files/vyhlif3571/f/uploads/northborough_official_election_results_06-30-2020.pdf,result,catalog,wayback,
Northbridge,2005,http://www.northbridgemass.org/sites/northbridgema/files/file/file/2005_annual_report.pdf,atr,nodes,wayback,
Northbridge,2005,https://www.northbridgemass.org/sites/g/files/vyhlif981/f/file/file/2005_annual_report.pdf,atr,nodes,wayback,
Northbridge,2006,http://www.northbridgemass.org/pdf/2006_annual_report.pdf,atr,nodes,wayback,
Northbridge,2006,http://www.northbridgemass.org/sites/northbridgema/files/file/file/2006_annual_report.pdf,atr,nodes,wayback,
Northbridge,2006,https://www.northbridgemass.org/sites/g/files/vyhlif981/f/file/file/2006_annual_report.pdf,atr,nodes,wayback,
Northbridge,2007,http://www.northbridgemass.org/pdf/2007_annual_report.pdf,atr,nodes,wayback,
Northbridge,2007,http://www.northbridgemass.org/sites/northbridgema/files/file/file/2007_annual_report.pdf,atr,nodes,wayback,
Northbridge,2007,https://www.northbridgemass.org/sites/g/files/vyhlif981/f/file/file/2007_annual_report.pdf,atr,nodes,wayback,
Northbridge,2008,http://www.northbridgemass.org/sites/northbridgema/files/file/file/2008_annual_report.pdf,atr,nodes,wayback,
Northbridge,2008,http://www.northbridgemass.org:80/pdf/2008_annual_report.pdf,atr,nodes,wayback,
Northbridge,2008,https://www.northbridgemass.org/sites/g/files/vyhlif981/f/file/file/2008_annual_report.pdf,atr,nodes,wayback,
Northbridge,2009,http://www.northbridgemass.org/sites/northbridgema/files/file/file/2009_annual_report.pdf,atr,nodes,wayback,
Northbridge,2009,http://www.northbridgemass.org:80/pdf/2009_annual_report.pdf,atr,nodes,wayback,
Northbridge,2010,http://www.northbridgemass.org/sites/northbridgema/files/file/file/2010_annual_report.pdf,atr,nodes,wayback,
Northbridge,2010,https://www.northbridgemass.org/sites/g/files/vyhlif981/f/file/file/2010_annual_report.pdf,atr,nodes,wayback,
Northbridge,2011,http://www.northbridgemass.org/sites/northbridgema/files/file/file/2011_annual_report.pdf,atr,nodes,wayback,
Northbridge,2011,https://www.northbridgemass.org/sites/g/files/vyhlif981/f/file/file/2011_annual_report.pdf,atr,nodes,wayback,
Northbridge,2012,https://www.northbridgemass.org/sites/g/files/vyhlif981/f/file/file/northbridge_43d_-local_expedited_permitting_2012_annual_report.pdf,atr,nodes,wayback,
Northbridge,2014,http://www.northbridgemass.org/sites/northbridgema/files/file/file/annual_report_2014.pdf,atr,nodes,wayback,
Northbridge,2014,http://www.northbridgemass.org/sites/northbridgema/files/file/file/elected_officials_5.20.2014_town_election.pdf,result,catalog,wayback,
Northbridge,2014,http://www.northbridgemass.org/sites/northbridgema/files/u2345/2014_annual_town_report.pdf,atr,nodes,wayback,
Northbridge,2014,http://www.northbridgemass.org/sites/northbridgema/files/u67/election_results_11.4.2014.pdf,result,catalog,wayback,
Northbridge,2014,http://www.northbridgemass.org/sites/northbridgema/files/u67/may_20_2014_annual_town_election_results.pdf,result,catalog,wayback,
Northbridge,2014,https://www.northbridgemass.org/sites/g/files/vyhlif981/f/file/file/elected_officials_5.20.2014_town_election.pdf,result,catalog,wayback,
Northbridge,2014,https://www.northbridgemass.org/sites/g/files/vyhlif981/f/u2345/2014_annual_town_report.pdf,atr,nodes,wayback,
Northbridge,2014,https://www.northbridgemass.org/sites/g/files/vyhlif981/f/u67/election_results_11.4.2014.pdf,result,catalog,wayback,
Northbridge,2014,https://www.northbridgemass.org/sites/g/files/vyhlif981/f/u67/may_20_2014_annual_town_election_results.pdf,result,catalog,wayback,
Northbridge,2015,http://www.northbridgemass.org/sites/northbridgema/files/file/file/annual_report_2015.pdf,atr,nodes,wayback,
Northbridge,2015,http://www.northbridgemass.org/sites/northbridgema/files/file/file/annual_report_2015_0.pdf,atr,nodes,wayback,
Northbridge,2015,http://www.northbridgemass.org/sites/northbridgema/files/u2345/2015_town_report.pdf,atr,nodes,wayback,
Northbridge,2015,https://www.northbridgemass.org/sites/g/files/vyhlif981/f/u2345/2015_town_report.pdf,atr,nodes,wayback,
Northbridge,2016,http://www.northbridgemass.org/sites/northbridgema/files/u67/northbridge_elected_town_officials_as_of_5.17.2016_annual_town_election.pdf,result,catalog,wayback,
Northbridge,2016,http://www.northbridgemass.org/sites/northbridgema/files/u67/results_may_17_2016_annual_town_election.pdf,result,catalog,wayback,
Northbridge,2016,https://www.northbridgemass.org/sites/g/files/vyhlif981/f/u2391/2016_annual_town_report.pdf,atr,nodes,wayback,
Northbridge,2016,https://www.northbridgemass.org/sites/g/files/vyhlif981/f/u67/results_may_17_2016_annual_town_election.pdf,result,catalog,wayback,
Northbridge,2017,https://www.northbridgemass.org/DocumentCenter/View/2772,result,catalog,dc_idsweep,Notice of Election Results 08 17 2017?bidId=
Northbridge,2017,https://www.northbridgemass.org/DocumentCenter/View/3248,result,catalog,dc_idsweep,Notice of Election Results 08 17 2017?bidId=
Northbridge,2017,https://www.northbridgemass.org/sites/g/files/vyhlif981/f/u2391/2017_annual_report_-_online_0.pdf,atr,nodes,wayback,
Northbridge,2018,https://www.northbridgemass.org/DocumentCenter/View/2719,result,catalog,dc_idsweep,Retirement Board Election Results 05 23 2018?bidId=
Northbridge,2018,https://www.northbridgemass.org/DocumentCenter/View/3256,result,catalog,dc_idsweep,Retirement Board Election Results 05 23 2018?bidId=
Northbridge,2018,https://www.northbridgemass.org/sites/g/files/vyhlif981/f/u67/results_annual_town_election_5.15.2018_0.pdf,result,catalog,wayback,
Northbridge,2018,https://www.northbridgemass.org/sites/g/files/vyhlif981/f/uploads/2018_annual_report_web_0.pdf,atr,nodes,wayback,
Northbridge,2019,https://www.northbridgemass.org/sites/g/files/vyhlif981/f/uploads/annual_town_report_2019.pdf,atr,nodes,wayback,
Northbridge,2020,https://www.northbridgemass.org/DocumentCenter/View/2077,result,catalog,dc_idsweep,Post Election Ballot Tabulation Notice 11 09 2020?bidId=
Northbridge,2020,https://www.northbridgemass.org/sites/g/files/vyhlif981/f/uploads/2020_annual_town_report.pdf,atr,nodes,wayback,
Northfield,2006,http://www.northfieldma.gov/sites/northfieldma/files/uploads/2006_annual_report.pdf,atr,nodes,wayback,
Northfield,2006,https://www.northfieldma.gov/sites/g/files/vyhlif991/f/uploads/2006_annual_report.pdf,atr,nodes,wayback,
Northfield,2007,http://www.northfieldma.gov/sites/northfieldma/files/uploads/2007_annual_report.pdf,atr,nodes,wayback,
Northfield,2007,https://www.northfieldma.gov/sites/g/files/vyhlif991/f/uploads/2007_annual_report.pdf,atr,nodes,wayback,
Northfield,2008,http://www.northfieldma.gov/sites/northfieldma/files/uploads/2008_annual_report.pdf,atr,nodes,wayback,
Northfield,2008,http://www.northfieldma.gov/sites/northfieldma/files/uploads/2008_annual_town_report_0.pdf,atr,nodes,wayback,
Northfield,2008,https://www.northfieldma.gov/sites/g/files/vyhlif991/f/uploads/2008_annual_report.pdf,atr,nodes,wayback,
Northfield,2008,https://www.northfieldma.gov/sites/g/files/vyhlif991/f/uploads/2008_annual_town_report_0.pdf,atr,nodes,wayback,
Northfield,2009,http://www.northfieldma.gov/sites/northfieldma/files/uploads/2009_annual_report.pdf,atr,nodes,wayback,
Northfield,2009,http://www.northfieldma.gov/sites/northfieldma/files/uploads/2009_annual_town_report_0.pdf,atr,nodes,wayback,
Northfield,2009,https://www.northfieldma.gov/sites/g/files/vyhlif991/f/uploads/2009_annual_report.pdf,atr,nodes,wayback,
Northfield,2009,https://www.northfieldma.gov/sites/g/files/vyhlif991/f/uploads/2009_annual_town_report_0.pdf,atr,nodes,wayback,
Northfield,2010,http://www.northfieldma.gov/sites/northfieldma/files/uploads/2010_annual_report.pdf,atr,nodes,wayback,
Northfield,2010,http://www.northfieldma.gov/sites/northfieldma/files/uploads/annual_report_2010.pdf,atr,nodes,wayback,
Northfield,2010,http://www.northfieldma.gov:80/sites/northfieldma/files/uploads/pb_annual_report_2010.pdf,atr,nodes,wayback,
Northfield,2010,https://www.northfieldma.gov/sites/g/files/vyhlif991/f/uploads/2010_annual_report.pdf,atr,nodes,wayback,
Northfield,2010,https://www.northfieldma.gov/sites/g/files/vyhlif991/f/uploads/annual_report_2010.pdf,atr,nodes,wayback,
Northfield,2011,http://www.northfieldma.gov/sites/northfieldma/files/uploads/2011_annual_report.pdf,atr,nodes,wayback,
Northfield,2011,http://www.northfieldma.gov/sites/northfieldma/files/uploads/2011_annual_report_0.pdf,atr,nodes,wayback,
Northfield,2011,https://www.northfieldma.gov/DocumentCenter/View/392/May-3-2011-Annual-Election-Results-PDF,result,catalog,wayback,
Northfield,2011,https://www.northfieldma.gov/sites/g/files/vyhlif991/f/uploads/2011_annual_report.pdf,atr,nodes,wayback,
Northfield,2011,https://www.northfieldma.gov/sites/g/files/vyhlif991/f/uploads/2011_annual_report_0.pdf,atr,nodes,wayback,
Northfield,2012,http://www.northfieldma.gov/sites/northfieldma/files/uploads/2012_annual_report.pdf,atr,nodes,wayback,
Northfield,2012,http://www.northfieldma.gov/sites/northfieldma/files/uploads/annual_town_report_2012.pdf,atr,nodes,wayback,
Northfield,2012,http://www.northfieldma.gov/sites/northfieldma/files/uploads/may_8_2012_annual_town_election_results.pdf,result,catalog,wayback,
Northfield,2012,http://www.northfieldma.gov/sites/northfieldma/files/uploads/november_6_2012_election_results.pdf,result,catalog,wayback,
Northfield,2012,https://www.northfieldma.gov/DocumentCenter/View/393/May-8-2012-Annual-Town-Election-Results-PDF,result,catalog,wayback,
Northfield,2012,https://www.northfieldma.gov/DocumentCenter/View/394/November-6-2012-Election-Results-PDF,result,catalog,wayback,
Northfield,2012,https://www.northfieldma.gov/sites/g/files/vyhlif991/f/uploads/2012_annual_report.pdf,atr,nodes,wayback,
Northfield,2012,https://www.northfieldma.gov/sites/g/files/vyhlif991/f/uploads/annual_town_report_2012.pdf,atr,nodes,wayback,
Northfield,2013,http://www.northfieldma.gov/sites/northfieldma/files/uploads/2013_annual_report.pdf,atr,nodes,wayback,
Northfield,2013,http://www.northfieldma.gov/sites/northfieldma/files/uploads/2013_annual_report_0.pdf,atr,nodes,wayback,
Northfield,2013,http://www.northfieldma.gov/sites/northfieldma/files/uploads/results_from_may_7_2013_annual_election.pdf,result,catalog,wayback,
Northfield,2013,https://www.northfieldma.gov/DocumentCenter/View/398/Results-From-May-7-2013-Annual-Election-PDF,result,catalog,wayback,
Northfield,2013,https://www.northfieldma.gov/sites/g/files/vyhlif991/f/uploads/2013_annual_report.pdf,atr,nodes,wayback,
Northfield,2013,https://www.northfieldma.gov/sites/g/files/vyhlif991/f/uploads/2013_annual_report_0.pdf,atr,nodes,wayback,
Northfield,2013,https://www.northfieldma.gov/sites/g/files/vyhlif991/f/uploads/results_from_may_7_2013_annual_election.pdf,result,catalog,wayback,
Northfield,2014,http://www.northfieldma.gov/sites/northfieldma/files/uploads/2014_annual_report.pdf,atr,nodes,wayback,
Northfield,2014,http://www.northfieldma.gov/sites/northfieldma/files/uploads/2014_annual_report_0.pdf,atr,nodes,wayback,
Northfield,2014,https://www.northfieldma.gov/sites/g/files/vyhlif991/f/uploads/2014_annual_report.pdf,atr,nodes,wayback,
Northfield,2014,https://www.northfieldma.gov/sites/g/files/vyhlif991/f/uploads/2014_annual_report_0.pdf,atr,nodes,wayback,
Northfield,2015,http://www.northfieldma.gov/sites/northfieldma/files/uploads/2015_annual_report_0.pdf,atr,nodes,wayback,
Northfield,2015,http://www.northfieldma.gov/sites/northfieldma/files/uploads/may_5_2015_election_results.pdf,result,catalog,wayback,
Northfield,2016,http://www.northfieldma.gov/sites/northfieldma/files/uploads/annual_town_election_may_3_2016_results.pdf,result,catalog,wayback,
Northfield,2016,https://www.northfieldma.gov/sites/g/files/vyhlif991/f/uploads/2016_annual_report.pdf,atr,nodes,wayback,
Northfield,2016,https://www.northfieldma.gov/sites/g/files/vyhlif991/f/uploads/5b_annual_town_election_5-3-2016_results.pdf,result,catalog,wayback,
Northfield,2017,https://www.northfieldma.gov/sites/g/files/vyhlif991/f/uploads/2017_annual_town_report_final.pdf,atr,nodes,wayback,
Northfield,2017,https://www.northfieldma.gov/sites/g/files/vyhlif991/f/uploads/4_annual_town_election_may_2_2017_results.pdf,result,catalog,wayback,
Northfield,2018,https://www.northfieldma.gov/sites/g/files/vyhlif991/f/uploads/2018_northfield_annual_town_report.pdf,atr,nodes,wayback,
Northfield,2018,https://www.northfieldma.gov/sites/g/files/vyhlif991/f/uploads/2a_annual_town_election_may_8_2018_results.pdf,result,catalog,wayback,
Northfield,2018,https://www.northfieldma.gov/sites/g/files/vyhlif991/f/uploads/annual_town_election_may_8_2018_results.pdf,result,catalog,wayback,
Northfield,2019,https://www.northfieldma.gov/sites/g/files/vyhlif991/f/uploads/02annual_town_election_may_7_2019_results.pdf,result,catalog,wayback,
Northfield,2019,https://www.northfieldma.gov/sites/g/files/vyhlif991/f/uploads/2019_annual_report_0.pdf,atr,nodes,wayback,
Northfield,2020,https://www.northfieldma.gov/sites/g/files/vyhlif991/f/uploads/2020_annual_report.pdf,atr,nodes,wayback,
Northfield,2020,https://www.northfieldma.gov/sites/g/files/vyhlif991/f/uploads/2020_annual_town_election_results.pdf,result,catalog,wayback,
Norton,2012,http://www.nortonma.org/Pages/NortonMA_Clerk/EL%20RESULTS/2012.04.24%20Election%20Results.pdf,result,catalog,wayback,
Norton,2012,http://www.nortonma.org/Pages/NortonMA_Clerk/EL%20RESULTS/2012.04.24%20Results%20voter%20info.pdf,result,catalog,wayback,
Norton,2012,http://www.nortonma.org/Pages/NortonMA_Clerk/EL%20RESULTS/2012.09.06%20voter%20info.pdf,result,catalog,wayback,
Norton,2012,http://www.nortonma.org/Pages/NortonMA_Clerk/EL%20RESULTS/2012.11.06%20voter%20info.pdf,result,catalog,wayback,
Norton,2012,http://www.nortonma.org/sites/nortonma/files/uploads/2012.04.24_election_results.pdf,result,catalog,wayback,
Norton,2012,http://www.nortonma.org/sites/nortonma/files/uploads/2012.04.24_results_voter_info.pdf,result,catalog,wayback,
Norton,2013,http://www.nortonma.org/Pages/NortonMA_Clerk/EL%20RESULTS/2013.04.30%20ATE%20voter%20info.pdf,result,catalog,wayback,
Norton,2013,http://www.nortonma.org/Pages/NortonMA_Clerk/EL%20RESULTS/2013.04.30%20SpStPr%20Voter%20Info.pdf,result,catalog,wayback,
Norton,2013,http://www.nortonma.org/Pages/NortonMA_Clerk/EL%20RESULTS/2013.06.25%20Sp%20St%20voter%20info.pdf,result,catalog,wayback,
Norton,2013,http://www.nortonma.org/sites/nortonma/files/uploads/norton_town_report_2013.pdf,atr,nodes,wayback,
Norton,2013,https://www.nortonma.org/sites/g/files/vyhlif3606/f/uploads/norton_town_report_2013.pdf,atr,nodes,wayback,
Norton,2014,http://www.nortonma.org/Pages/NortonMA_Clerk/EL%20RESULTS/2014.04.29%20ATEvoter%20info.pdf,result,catalog,wayback,
Norton,2014,http://www.nortonma.org/Pages/NortonMA_Clerk/EL%20RESULTS/2014.09.09%20PrimVoterInfo.pdf,result,catalog,wayback,
Norton,2015,http://www.nortonma.org/Pages/NortonMA_Clerk/EL%20RESULTS/2015.04.28%20ATE%20Voter%20Info.pdf,result,catalog,wayback,
Norton,2016,https://www.nortonma.org/sites/nortonma/files/uploads/norton_2016_town_report-web_copy.pdf,atr,nodes,wayback,
Norton,2017,https://www.nortonma.org/sites/nortonma/files/uploads/annual_town_report_norton_2017.pdf,atr,nodes,wayback,
Norton,2020,https://www.nortonma.org/sites/g/files/vyhlif3606/f/pages/2020_lakes_and_ponds_annual_report.pdf,atr,nodes,wayback,
Norton,2020,https://www.nortonma.org/sites/g/files/vyhlif3606/f/uploads/2020_lakes_and_ponds_annual_report.pdf,atr,nodes,wayback,
Norton,2020,https://www.nortonma.org/sites/g/files/vyhlif3606/f/uploads/annual_report_309th_norton_2020_tr-final_final_web_copy.pdf,atr,nodes,wayback,
Norwell,2005,http://www.townofnorwell.net:80/Public_Documents/NorwellMA_BComm/CPC2005AnnualReport.pdf,atr,nodes,wayback,
Norwell,2012,https://www.townofnorwell.net/sites/g/files/vyhlif1011/f/pages/2012_town_report.pdf,atr,nodes,wayback,
Norwell,2013,https://www.townofnorwell.net/sites/g/files/vyhlif1011/f/pages/2013_town_report.pdf,atr,nodes,wayback,
Norwell,2014,http://www.townofnorwell.net/Public_Documents/2014TownReport-web.pdf,atr,nodes,wayback,
Norwell,2014,https://www.townofnorwell.net/sites/g/files/vyhlif1011/f/pages/2014_town_report.pdf,atr,nodes,wayback,
Norwell,2014,https://www.townofnorwell.net/sites/g/files/vyhlif1011/f/pages/annual_report_2014.pdf,atr,nodes,wayback,
Norwell,2015,https://townofnorwell.net/departments/town_administrator/Documents/Departments/Town Administrator/Town Reports/2015_town_report.pdf?t=202512171956110,atr,nodes,crawl,2015 Town Report
Norwell,2015,https://www.townofnorwell.net/sites/g/files/vyhlif1011/f/pages/2015_town_report.pdf,atr,nodes,wayback,
Norwell,2015,https://www.townofnorwell.net/sites/g/files/vyhlif1011/f/pages/annual_report_2015.pdf,atr,nodes,wayback,
Norwell,2016,https://townofnorwell.net/departments/town_administrator/Documents/Departments/Town Administrator/Town Reports/2016_town_report.pdf?t=202512171956460,atr,nodes,crawl,2016 Town Report
Norwell,2016,https://www.townofnorwell.net/sites/g/files/vyhlif1011/f/pages/2016_annual_town_report_ncc.pdf,atr,nodes,wayback,
Norwell,2016,https://www.townofnorwell.net/sites/g/files/vyhlif1011/f/pages/2016_town_report.pdf,atr,nodes,wayback,
Norwell,2017,https://townofnorwell.net/departments/town_administrator/Documents/Departments/Town Administrator/Town Reports/2017_town_report.pdf?t=202512171957200,atr,nodes,crawl,2017 Town Report
Norwell,2017,https://www.townofnorwell.net/sites/g/files/vyhlif1011/f/pages/2017_final_annual_town_report_ncc.pdf,atr,nodes,wayback,
Norwell,2017,https://www.townofnorwell.net/sites/g/files/vyhlif1011/f/pages/2017_town_report.pdf,atr,nodes,wayback,
Norwell,2018,https://townofnorwell.net/departments/town_administrator/Documents/Departments/Town Administrator/Town Reports/2018_town_report.pdf?t=202512171957490,atr,nodes,crawl,2018 Town Report
Norwell,2018,https://www.townofnorwell.net/sites/g/files/vyhlif1011/f/pages/2018_town_report.pdf,atr,nodes,wayback,
Norwell,2019,https://townofnorwell.net/departments/town_administrator/Documents/Departments/Town Administrator/Town Reports/2019_town_report.pdf?t=202512171958190,atr,nodes,crawl,2019 Town Report
Norwell,2019,https://www.townofnorwell.net/sites/g/files/vyhlif1011/f/pages/2019_town_report-final.pdf,atr,nodes,wayback,
Norwell,2020,https://townofnorwell.net/departments/town_administrator/Documents/Departments/Town Administrator/Town Reports/2020_town_report.pdf?t=202512171958530,atr,nodes,crawl,2020 Town Report
Norwell,2020,https://www.townofnorwell.net/sites/g/files/vyhlif1011/f/news/fy2020_cht_annual_report_-_final_draft_updated.pdf,atr,nodes,wayback,
Norwell,2020,https://www.townofnorwell.net/sites/g/files/vyhlif1011/f/pages/2020_town_report-final.pdf,atr,nodes,wayback,
Norwood,2002,https://www.norwoodma.gov/document_center/document_center/Town Reports/Town of Norwood Annual Report.pdf?t=201701121047100,atr,nodes,docsweep,Annual Full Report 2002
Norwood,2003,https://www.norwoodma.gov/document_center/document_center/Town Reports/Norwood_Annual_Report.pdf?t=201701121047100,atr,nodes,docsweep,Annual Full Report 2003
Norwood,2005,https://www.norwoodma.gov/document_center/document_center/Town Reports/AnnualReportFull2005.pdf?t=201701121047100,atr,nodes,docsweep,Annual Full Report 2005
Norwood,2007,https://www.norwoodma.gov/document_center/document_center/Town Reports/Town of Norwood Annual Report 2007.pdf?t=201701121047090,atr,nodes,docsweep,Annual Full Report 2007
Norwood,2009,https://www.norwoodma.gov/document_center/document_center/Town Reports/Town of Norwood Annual Report 2009.pdf?t=201701121047090,atr,nodes,docsweep,Annual Full Report 2009
Norwood,2013,https://www.norwoodma.gov/document_center/document_center/Town Reports/14-0879_TofNor-Annual Report - 2013.pdf?t=201701121047080,atr,nodes,docsweep,Annual Full Report 2013
Norwood,2014,https://www.norwoodma.gov/document_center/document_center/Town Reports/Norwood Annual Town Report - 2014.pdf?t=201701121047080,atr,nodes,docsweep,Annual Full Report 2014
Norwood,2015,https://www.norwoodma.gov/document_center/document_center/Town Reports/Norwood-Annual-Report_2015_Bookmarked.pdf?t=201702171501460,atr,nodes,docsweep,Annual Full Report 2015
Norwood,2016,https://www.norwoodma.gov/departments/town_clerk_and_accountant/voting_and_elections/TCA/2016-Town-Election-Official.pdf?t=201704100913210,result,catalog,docsweep,Annual Town Election Official Results
Norwood,2016,https://www.norwoodma.gov/document_center/document_center/Town Reports/Town-of-Norwood_AnnualReport_Bookmarked.pdf?t=201705151515280,atr,nodes,docsweep,Annual Full Report 2016
Norwood,2017,https://www.norwoodma.gov/departments/town_clerk_and_accountant/voting_and_elections/document_center/TCA/2017-04-03AnnualTownElectionResults.pdf?t=201704181553580,result,catalog,docsweep,Annual Town Election Official Results
Norwood,2017,https://www.norwoodma.gov/document_center/document_center/Town Reports/annual_town_report_2017.pdf?t=201806040923560,atr,nodes,docsweep,Annual Full Report 2017
Norwood,2018,https://www.norwoodma.gov/document_center/document_center/Town Reports/Annual Town Report 2018.pdf?t=201905131423000,atr,nodes,docsweep,Annual Full Report 2018
Norwood,2019,https://www.norwoodma.gov/departments/town_clerk_and_accountant/voting_and_elections/Clerk/ATE offical Results2.pdf?t=202603061255210,result,catalog,docsweep,"Annual Town Election April 1, 2019 Official Results"
Norwood,2019,https://www.norwoodma.gov/departments/town_clerk_and_accountant/voting_and_elections/TCA/Annual Town Election Unofficial Results.pdf?t=201904021026550,result,catalog,docsweep,"Annual Town Election April 1, 2019 Unofficial Results"
Norwood,2019,https://www.norwoodma.gov/document_center/document_center/Town Reports/AnnualTownReport2019.pdf?t=202006161536520,atr,nodes,docsweep,Annual Full Report 2019
Norwood,2020,https://www.norwoodma.gov/departments/town_clerk_and_accountant/voting_and_elections/Clerk/ATE TALLY SHEETS 4 6 20    6 8 2020.xlsx?t=202603061255530,result,catalog,docsweep,"Annual Town Election Monday June 8, 2020 Official Results"
Norwood,2020,https://www.norwoodma.gov/document_center/document_center/Town Reports/2020 Annual Report Final.pdf?t=202105101110140,atr,nodes,docsweep,Annual Town Report 2020
Oakham,2020,https://www.oakham-ma.gov/sites/g/files/vyhlif6136/f/news/oakham_2020_town_report_6-7-21_proof_0.pdf,atr,nodes,wayback,
Oakham,2020,https://www.oakham-ma.gov/sites/g/files/vyhlif6136/f/news/oakham_2020_town_report_6-7-21_proof_1.pdf,atr,nodes,wayback,
Orange,2005,http://www.townoforange.org/Reports/2005TownReport.pdf,atr,nodes,wayback,
Orleans,2008,http://www.town.orleans.ma.us:80/Pages/OrleansMA_TownAdmin/2008TownReport.pdf,atr,nodes,wayback,
Orleans,2010,https://ma-orleans.civicplus.com/DocumentCenter/View/1143,result,catalog,dc_idsweep,2010 Annual Town Election Results PDF?bidId=
Orleans,2010,https://town.orleans.ma.us/DocumentCenter/View/1143/2010-Annual-Town-Election-Results-PDF,result,catalog,docsweep,2010 Annual Town Election Results (PDF)
Orleans,2011,https://ma-orleans.civicplus.com/DocumentCenter/View/1141,result,catalog,dc_idsweep,2011 Annual Town Election Results PDF?bidId=
Orleans,2011,https://town.orleans.ma.us/DocumentCenter/View/1141/2011-Annual-Town-Election-Results-PDF,result,catalog,docsweep,2011 Annual Town Election Results (PDF)
Orleans,2012,https://ma-orleans.civicplus.com/DocumentCenter/View/1137,result,catalog,dc_idsweep,2012 Annual Town Election Results PDF?bidId=
Orleans,2012,https://town.orleans.ma.us/DocumentCenter/View/1137/2012-Annual-Town-Election-Results-PDF,result,catalog,docsweep,2012 Annual Town Election Results (PDF)
Orleans,2013,https://ma-orleans.civicplus.com/DocumentCenter/View/1134,result,catalog,dc_idsweep,2013 Annual Town Election Results PDF?bidId=
Orleans,2013,https://town.orleans.ma.us/DocumentCenter/View/1134/2013-Annual-Town-Election-Results-PDF,result,catalog,docsweep,2013 Annual Town Election Results (PDF)
Orleans,2014,http://www.town.orleans.ma.us/sites/orleansma/files/u331/election_results_final_5-20-2014.pdf,result,catalog,wayback,
Orleans,2014,https://ma-orleans.civicplus.com/DocumentCenter/View/1131,result,catalog,dc_idsweep,2014 Annual Town Election Results PDF?bidId=
Orleans,2014,https://town.orleans.ma.us/DocumentCenter/View/1131/2014-Annual-Town-Election-Results-PDF,result,catalog,docsweep,2014 Annual Town Election Results (PDF)
Orleans,2015,https://ma-orleans.civicplus.com/DocumentCenter/View/1130,result,catalog,dc_idsweep,2015 Annual Town Election Results PDF?bidId=
Orleans,2015,https://town.orleans.ma.us/DocumentCenter/View/1130/2015-Annual-Town-Election-Results-PDF,result,catalog,docsweep,2015 Annual Town Election Results (PDF)
Orleans,2016,https://ma-orleans.civicplus.com/DocumentCenter/View/1125,result,catalog,dc_idsweep,2016 Annual Town Election Results PDF?bidId=
Orleans,2016,https://town.orleans.ma.us/DocumentCenter/View/1125/2016-Annual-Town-Election-Results-PDF,result,catalog,docsweep,2016 Annual Town Election Results (PDF)
Orleans,2017,https://ma-orleans.civicplus.com/DocumentCenter/View/1122,result,catalog,dc_idsweep,2017 Annual Town Election Results PDF?bidId=
Orleans,2017,https://town.orleans.ma.us/DocumentCenter/View/1122/2017-Annual-Town-Election-Results-PDF,result,catalog,docsweep,2017 Annual Town Election Results (PDF)
Orleans,2017,https://www.town.orleans.ma.us/system/files/uploads/2017_annual_town_report_-_final_approved_web_0.pdf,atr,nodes,wayback,
Orleans,2018,https://www.town.orleans.ma.us/sites/g/files/vyhlif3631/f/uploads/orleans_annual_town_report_2018_final_for_website_0.pdf,atr,nodes,wayback,
Orleans,2019,https://ma-orleans.civicplus.com/DocumentCenter/View/1119,result,catalog,dc_idsweep,2019 Annual Town Election Results   Final PDF?bidId=
Orleans,2019,https://town.orleans.ma.us/DocumentCenter/View/1119/2019-Annual-Town-Election-Results---Final-PDF,result,catalog,docsweep,2019 Annual Town Election Results - Final (PDF)
Orleans,2019,https://www.town.orleans.ma.us/sites/g/files/vyhlif3631/f/uploads/2019_orleans_annual_town_report_web_final.pdf,atr,nodes,wayback,
Orleans,2019,https://www.town.orleans.ma.us/sites/g/files/vyhlif3631/f/uploads/pbwatershedpermit_2019annual_report.pdf,atr,nodes,wayback,
Orleans,2019,https://www.town.orleans.ma.us/sites/orleansma/files/uploads/pbwatershedpermit_2019annual_report.pdf,atr,nodes,wayback,
Orleans,2020,https://ma-orleans.civicplus.com/DocumentCenter/View/1149,result,catalog,dc_idsweep,2020 Final Annual Town Election Results   June 23 PDF?bidId=
Orleans,2020,https://town.orleans.ma.us/DocumentCenter/View/1149/2020-Final-Annual-Town-Election-Results---June-23-PDF,result,catalog,docsweep,2020 Final Annual Town Election Results - June 23 (PDF)
Otis,2016,https://townofotisma.com/boards_commissions/select_board/Documents/Boards Commissions/Select Board/Other/03.17.71053-book.pdf?t=202509251301500,atr,nodes,crawl,"Annual Town Report Year Ending December 31, 2016"
Otis,2017,https://townofotisma.com/boards_commissions/bor/Documents/Boards Commissions/Elections Board of Registrars/ateresults05232017.pdf?t=202509251301510,result,catalog,crawl,Annual Town Election Results 05/23/2017
Otis,2017,https://townofotisma.com/boards_commissions/bor/Documents/Boards Commissions/Elections Board of Registrars/caucusresults2017.pdf?t=202509251301510,result,catalog,crawl,Caucus Results 04/11/2017
Otis,2017,https://www.townofotisma.com/Documents/Boards%20Commissions/Elections%20Board%20of%20Registrars/caucusresults2017.pdf,result,catalog,wayback,
Otis,2017,https://www.townofotisma.com/Documents/Boards%20Commissions/Elections%20Board%20of%20Registrars/caucusresults2017.pdf?t=202509251301510,result,catalog,wayback,
Otis,2018,https://townofotisma.com/boards_commissions/bor/Documents/Boards Commissions/Elections Board of Registrars/Caucus-Results-2018.pdf?t=202509251301510,result,catalog,crawl,Caucus Results 04/10/2018
Otis,2018,https://townofotisma.com/boards_commissions/bor/Documents/Boards Commissions/Elections Board of Registrars/Election-Results-05-22-2018-with-total-voters.pdf?t=202509251301510,result,catalog,crawl,Annual Town Election Results 05/22/2018
Otis,2018,https://townofotisma.com/boards_commissions/select_board/Documents/Boards Commissions/Select Board/Other/Town-Report-for-Year-Ending-Dec-31-2018.pdf?t=202509251301530,atr,nodes,crawl,"Annual Town Report Year Ending December 31, 2018"
Otis,2018,https://townofotisma.com/wp-content/uploads/2018/04/Caucus-Results-2018.pdf,result,catalog,wayback,
Otis,2018,https://townofotisma.com/wp-content/uploads/2018/05/Election-Results-05-22-2018-with-total-voters.pdf,result,catalog,wayback,
Otis,2018,https://www.townofotisma.com/Documents/Boards%20Commissions/Elections%20Board%20of%20Registrars/Caucus-Results-2018.pdf,result,catalog,wayback,
Otis,2018,https://www.townofotisma.com/Documents/Boards%20Commissions/Elections%20Board%20of%20Registrars/Caucus-Results-2018.pdf?t=202509251301510,result,catalog,wayback,
Otis,2018,https://www.townofotisma.com/Documents/Boards%20Commissions/Elections%20Board%20of%20Registrars/Election-Results-05-22-2018-with-total-voters.pdf,result,catalog,wayback,
Otis,2018,https://www.townofotisma.com/Documents/Boards%20Commissions/Elections%20Board%20of%20Registrars/Election-Results-05-22-2018-with-total-voters.pdf?t=202509251301510,result,catalog,wayback,
Otis,2018,https://www.townofotisma.com/Documents/Boards%20Commissions/Select%20Board/Other/Town-Report-for-Year-Ending-Dec-31-2018.pdf,atr,nodes,wayback,
Otis,2018,https://www.townofotisma.com/Documents/Boards%20Commissions/Select%20Board/Other/Town-Report-for-Year-Ending-Dec-31-2018.pdf?t=202509251301530,atr,nodes,wayback,
Otis,2019,https://townofotisma.com/boards_commissions/bor/Documents/Boards Commissions/Elections Board of Registrars/Annual-Town-Election-Results-05-28-2019.pdf?t=202509251301510,result,catalog,crawl,Annual Town Election Results 05/28/2019
Otis,2019,https://townofotisma.com/boards_commissions/bor/Documents/Boards Commissions/Elections Board of Registrars/CAUCUS-RESULTS-2019.pdf?t=202509251301510,result,catalog,crawl,Caucus Results 04/16/2019
Otis,2019,https://townofotisma.com/boards_commissions/select_board/Documents/Boards Commissions/Select Board/Other/Town-of-Otis-Annual-Report-2019-Final.pdf?t=202509251301530,atr,nodes,crawl,"Annual Town Report Year Ending December 31, 2019"
Otis,2019,https://townofotisma.com/wp-content/uploads/2019/04/CAUCUS-RESULTS-2019.pdf,result,catalog,wayback,
Otis,2019,https://townofotisma.com/wp-content/uploads/2019/05/Annual-Town-Election-Results-05-28-2019.pdf,result,catalog,wayback,
Otis,2019,https://townofotisma.com/wp-content/uploads/2021/01/Town-of-Otis-Annual-Report-2019-Final.pdf,atr,nodes,wayback,
Otis,2019,https://www.townofotisma.com/Documents/Boards%20Commissions/Elections%20Board%20of%20Registrars/Annual-Town-Election-Results-05-28-2019.pdf,result,catalog,wayback,
Otis,2019,https://www.townofotisma.com/Documents/Boards%20Commissions/Elections%20Board%20of%20Registrars/Annual-Town-Election-Results-05-28-2019.pdf?t=202509251301510,result,catalog,wayback,
Otis,2019,https://www.townofotisma.com/Documents/Boards%20Commissions/Elections%20Board%20of%20Registrars/CAUCUS-RESULTS-2019.pdf,result,catalog,wayback,
Otis,2019,https://www.townofotisma.com/Documents/Boards%20Commissions/Elections%20Board%20of%20Registrars/CAUCUS-RESULTS-2019.pdf?t=202509251301510,result,catalog,wayback,
Otis,2019,https://www.townofotisma.com/Documents/Boards%20Commissions/Select%20Board/Other/Town-of-Otis-Annual-Report-2019-Final.pdf,atr,nodes,wayback,
Otis,2019,https://www.townofotisma.com/Documents/Boards%20Commissions/Select%20Board/Other/Town-of-Otis-Annual-Report-2019-Final.pdf?t=202509251301530,atr,nodes,wayback,
Otis,2020,https://townofotisma.com/boards_commissions/bor/Documents/Boards Commissions/Elections Board of Registrars/Annual-Town-Election-Results-06-30-2020.pdf?t=202509251301510,result,catalog,crawl,Annual Town Election Results 06/30/2020
Otis,2020,https://townofotisma.com/boards_commissions/bor/Documents/Boards Commissions/Elections Board of Registrars/CAUCUS-RESULT-2020.pdf?t=202509251301510,result,catalog,crawl,Caucus Results 05/20/2020
Otis,2020,https://townofotisma.com/boards_commissions/select_board/Documents/Boards Commissions/Select Board/Other/Annual-Town-Report-2020.pdf?t=202509251301510,atr,nodes,crawl,"Annual Town Report Year Ending December 31, 2020"
Otis,2020,https://townofotisma.com/wp-content/uploads/2020/01/Town-Report-for-Year-Ending-Dec-31-2018.pdf,atr,nodes,wayback,
Otis,2020,https://townofotisma.com/wp-content/uploads/2020/05/CAUCUS-RESULT-2020.pdf,result,catalog,wayback,
Otis,2020,https://townofotisma.com/wp-content/uploads/2020/06/Annual-Town-Election-Results-06-30-2020.pdf,result,catalog,wayback,
Otis,2020,https://townofotisma.com/wp-content/uploads/2021/05/Annual-Town-Report-2020.pdf,atr,nodes,wayback,
Otis,2020,https://www.townofotisma.com/Documents/Boards%20Commissions/Elections%20Board%20of%20Registrars/Annual-Town-Election-Results-06-30-2020.pdf,result,catalog,wayback,
Otis,2020,https://www.townofotisma.com/Documents/Boards%20Commissions/Elections%20Board%20of%20Registrars/Annual-Town-Election-Results-06-30-2020.pdf?t=202509251301510,result,catalog,wayback,
Otis,2020,https://www.townofotisma.com/Documents/Boards%20Commissions/Elections%20Board%20of%20Registrars/CAUCUS-RESULT-2020.pdf,result,catalog,wayback,
Otis,2020,https://www.townofotisma.com/Documents/Boards%20Commissions/Elections%20Board%20of%20Registrars/CAUCUS-RESULT-2020.pdf?t=202509251301510,result,catalog,wayback,
Otis,2020,https://www.townofotisma.com/Documents/Boards%20Commissions/Select%20Board/Other/Annual-Town-Report-2020.pdf,atr,nodes,wayback,
Otis,2020,https://www.townofotisma.com/Documents/Boards%20Commissions/Select%20Board/Other/Annual-Town-Report-2020.pdf?t=202509251301510,atr,nodes,wayback,
Oxford,2020,https://oxfordma.us/DocumentCenter/View/2371/June-20-2020---Official-Annual-Town-Election-Results,result,catalog,docsweep,"June 20, 2020 - Official Annual Town Election Results"
Oxford,2020,https://www.oxfordma.us/sites/g/files/vyhlif4836/f/uploads/webversion2020townreportfinal.pdf,atr,nodes,wayback,
Palmer,2004,http://www.townofpalmer.com/Forms/2004TownReport.pdf,atr,nodes,wayback,
Palmer,2005,http://www.townofpalmer.com/Pages/PalmerMA_Fire/2005ANNUALREPORT.pdf,atr,nodes,wayback,
Palmer,2010,http://www.townofpalmer.com/vertical/sites/%7B034F9CAE-5196-4551-90C2-FBFD76374BDB%7D/uploads/POLICE_DEPARMENT_ANNUAL_REPORT-FY2010.pdf,atr,nodes,wayback,
Palmer,2012,http://www.townofpalmer.com/vertical/sites/%7B034F9CAE-5196-4551-90C2-FBFD76374BDB%7D/uploads/POLICE_DEPARMENT_ANNUAL_REPORT-FY2012.pdf,atr,nodes,wayback,
Palmer,2013,http://www.townofpalmer.com/vertical/sites/%7B034F9CAE-5196-4551-90C2-FBFD76374BDB%7D/uploads/POLICE_DEPARMENT_ANNUAL_REPORT-FY2013.pdf,atr,nodes,wayback,
Palmer,2013,https://www.townofpalmer.com/vertical/sites/%7B034F9CAE-5196-4551-90C2-FBFD76374BDB%7D/uploads/FY_2013_Annual_Report(1).pdf,atr,nodes,wayback,
Palmer,2014,https://www.townofpalmer.com/vertical/sites/%7B034F9CAE-5196-4551-90C2-FBFD76374BDB%7D/uploads/FY_2014_Annual_Report(1).pdf,atr,nodes,wayback,
Palmer,2015,http://www.townofpalmer.com/vertical/sites/%7B034F9CAE-5196-4551-90C2-FBFD76374BDB%7D/uploads/FY_2015_Annual_Report.pdf,atr,nodes,wayback,
Palmer,2015,https://www.townofpalmer.com/vertical/sites/%7B034F9CAE-5196-4551-90C2-FBFD76374BDB%7D/uploads/FY_2015_Annual_Report(1).pdf,atr,nodes,wayback,
Palmer,2016,https://www.townofpalmer.com/vertical/sites/%7B034F9CAE-5196-4551-90C2-FBFD76374BDB%7D/uploads/FY_2016_Annual_Report(1).pdf,atr,nodes,wayback,
Palmer,2017,https://www.townofpalmer.com/vertical/sites/%7B034F9CAE-5196-4551-90C2-FBFD76374BDB%7D/uploads/FY_2017_Annual_Report(1).pdf,atr,nodes,wayback,
Palmer,2018,https://www.townofpalmer.com/vertical/sites/%7B034F9CAE-5196-4551-90C2-FBFD76374BDB%7D/uploads/FY_2018_Annual_Report(1).pdf,atr,nodes,wayback,
Palmer,2019,https://www.townofpalmer.com/vertical/sites/%7B034F9CAE-5196-4551-90C2-FBFD76374BDB%7D/uploads/FY_2019_Annual_Report.pdf,atr,nodes,wayback,
Palmer,2020,https://www.townofpalmer.com/vertical/sites/%7B034F9CAE-5196-4551-90C2-FBFD76374BDB%7D/uploads/DEPARTMENT_OF_PUBLIC_SAFETY_annual_report_FY_2020.pdf,atr,nodes,wayback,
Palmer,2020,https://www.townofpalmer.com/vertical/sites/%7B034F9CAE-5196-4551-90C2-FBFD76374BDB%7D/uploads/FY_2020_Annual_Report.pdf,atr,nodes,wayback,
Paxton,2001,https://www.townofpaxton.net/sites/g/files/vyhlif4846/f/uploads/annual_report_2001_june_30.pdf,atr,nodes,wayback,
Paxton,2002,http://www.townofpaxton.net/sites/g/files/vyhlif4846/f/uploads/annual_report_2002_june_30.pdf,atr,nodes,wayback,
Paxton,2007,https://www.townofpaxton.net/sites/g/files/vyhlif4846/f/uploads/annual_report_2007_june_30.pdf,atr,nodes,wayback,
Paxton,2009,http://www.townofpaxton.net/sites/g/files/vyhlif4846/f/uploads/annual_report_2009_june_30.pdf,atr,nodes,wayback,
Paxton,2011,http://www.townofpaxton.net/sites/g/files/vyhlif4846/f/uploads/annual_report_2011_june_30.pdf,atr,nodes,wayback,
Paxton,2015,http://www.townofpaxton.net/sites/g/files/vyhlif4846/f/uploads/annual_report_2015_june_30.pdf,atr,nodes,wayback,
Paxton,2016,http://www.townofpaxton.net/sites/g/files/vyhlif4846/f/uploads/ms4annualreport_year_13_to_march_31_2016.pdf,atr,nodes,wayback,
Paxton,2017,http://www.townofpaxton.net/sites/g/files/vyhlif4846/f/uploads/ms4annualreport_year_14_to_march_31_2017.pdf,atr,nodes,wayback,
Paxton,2018,https://www.townofpaxton.net/sites/g/files/vyhlif4846/f/uploads/official_results_of_the_may_14_2018_annual_town_election.pdf,result,catalog,wayback,
Paxton,2019,http://www.townofpaxton.net/sites/g/files/vyhlif4846/f/uploads/annual_town_report_2019.pdf,atr,nodes,wayback,
Paxton,2020,https://www.townofpaxton.net/sites/g/files/vyhlif4846/f/uploads/2020_caucus_results.pdf,result,catalog,wayback,
Paxton,2020,https://www.townofpaxton.net/sites/g/files/vyhlif4846/f/uploads/official_results_annual_town_election_6.29.2020.pdf,result,catalog,wayback,
Peabody,2019,https://peabody-ma.gov/pdf_minutes/CPC/2019%20Annual%20Report.pdf,atr,nodes,wayback,
Pelham,2018,https://pelhamma.gov/files/2018_Annual_Town_Election_Results.pdf,result,catalog,sitemap,
Pelham,2020,https://pelhamma.gov/files/2020_Annual_Town_Election_Results.pdf,result,catalog,sitemap,
Pelham,2020,https://pelhamma.gov/files/2020_Final_Town_Report.pdf,atr,nodes,sitemap,
Pembroke,2007,http://www.pembroke-ma.gov/sites/pembrokema/files/uploads/2007_annual_report.pdf,atr,nodes,wayback,
Pembroke,2008,http://pembroke-ma.gov/pdfs%20and%20forms/annualreport2008.pdf,atr,nodes,wayback,
Pembroke,2008,http://www.pembroke-ma.gov/sites/pembrokema/files/uploads/2008_annual_report.pdf,atr,nodes,wayback,
Pembroke,2009,http://www.pembroke-ma.gov/sites/pembrokema/files/uploads/2009_annual_report.pdf,atr,nodes,wayback,
Pembroke,2010,http://www.pembroke-ma.gov/sites/pembrokema/files/uploads/2010_annual_report.pdf,atr,nodes,wayback,
Pembroke,2010,http://www.pembroke-ma.gov/sites/pembrokema/files/uploads/town_manager_by-law_article_2010_town_report1.pdf,atr,nodes,wayback,
Pembroke,2010,http://www.pembroke-ma.gov:80/pdfs%20and%20forms/2010%20Town%20report.pdf,atr,nodes,wayback,
Pembroke,2011,http://www.pembroke-ma.gov/sites/pembrokema/files/uploads/2011_annual_report.pdf,atr,nodes,wayback,
Pembroke,2012,http://www.pembroke-ma.gov/sites/pembrokema/files/uploads/2012_annual_report.pdf,atr,nodes,wayback,
Pembroke,2013,http://www.pembroke-ma.gov/sites/pembrokema/files/uploads/2013_annual_report.pdf,atr,nodes,wayback,
Pembroke,2014,http://www.pembroke-ma.gov/sites/pembrokema/files/uploads/2014_annual_town_report.pdf,atr,nodes,wayback,
Pembroke,2015,http://www.pembroke-ma.gov/sites/pembrokema/files/uploads/2015_annual_report.pdf,atr,nodes,wayback,
Pembroke,2015,http://www.pembroke-ma.gov/sites/pembrokema/files/uploads/2015_annual_report_updated.pdf,atr,nodes,wayback,
Pembroke,2015,http://www.pembroke-ma.gov/sites/pembrokema/files/uploads/2015_annual_report_updated_may.pdf,atr,nodes,wayback,
Pembroke,2015,http://www.pembroke-ma.gov/sites/pembrokema/files/uploads/pactv_2015_annual_report.pdf,atr,nodes,wayback,
Pembroke,2018,https://www.pembroke-ma.gov/sites/g/files/vyhlif3666/f/uploads/copy_of_tally_sheet_town_election_may_12_2018_0_0.pdf,result,catalog,wayback,
Pembroke,2019,https://www.pembroke-ma.gov/sites/g/files/vyhlif3666/f/uploads/pembroke_annual_report_2019.pdf,atr,nodes,wayback,
Pepperell,2008,http://www.town.pepperell.ma.us:80/TownReport/2008/May%202008%20ATM%20Article%204.pdf,atr,nodes,wayback,
Pepperell,2018,https://town.pepperell.ma.us/DocumentCenter/View/4105,result,catalog,dc_idsweep,2018 09 14 Official Tally Recount?bidId=
Peru,2017,https://files.heygov.com/townofperuma.com/Annual%20Town%20Report%202016-2017.pdf,atr,nodes,crawl,Annual Town Report 2016-2017
Peru,2018,https://files.heygov.com/townofperuma.com/Annual%20Town%20Report%202017-2018.pdf,atr,nodes,crawl,Annual Town Report 2017-2018
Peru,2019,https://files.heygov.com/townofperuma.com/Annual%20Town%20Report%202018-2019.pdf,atr,nodes,crawl,Annual Town Report 2018-2019
Peru,2020,"https://files.heygov.com/townofperuma.com/Annual Town Election June 27, 2020 Results.pdf",result,catalog,crawl,"Annual Town Election June 27, 2020 Results"
Peru,2020,https://files.heygov.com/townofperuma.com/Annual%20Town%20Report%202019-2020.pdf,atr,nodes,crawl,Annual Town Report 2019-2020
Petersham,2002,https://townofpetersham.gov/wp-content/uploads/2025/12/FY02-Town-report-2001-2002.pdf,atr,nodes,docsweep,FY02 Town Report 2001 -2002
Petersham,2003,https://townofpetersham.gov/wp-content/uploads/2025/12/FY03-Town-report-2002-2003.pdf,atr,nodes,docsweep,FY03 Town Report 2002 -2003
Petersham,2004,https://townofpetersham.gov/wp-content/uploads/2025/12/FY04-Town-report-2003-2004.pdf,atr,nodes,docsweep,FY04 Town Report 2003 -2004
Petersham,2005,https://townofpetersham.gov/wp-content/uploads/2025/12/FY05-Town-report-2004-2005.pdf,atr,nodes,docsweep,FY05 Town Report 2004 -2005
Petersham,2006,https://townofpetersham.gov/wp-content/uploads/2025/12/FY06-Town-report-2005-2006.pdf,atr,nodes,docsweep,FY06 Town Report 2005 -2006
Petersham,2007,https://townofpetersham.gov/wp-content/uploads/2025/12/FY07-Town-report-2006-2007.pdf,atr,nodes,docsweep,FY07 Town report 2006 -2007
Petersham,2008,https://townofpetersham.gov/wp-content/uploads/2025/12/FY08-Town-report-2007-2008.pdf,atr,nodes,docsweep,FY08 Town Report 2007 -2008
Petersham,2009,https://townofpetersham.gov/wp-content/uploads/2025/12/FY09-Town-report-2008-2009.pdf,atr,nodes,docsweep,FY09 Town Report 2008-2009
Petersham,2010,https://townofpetersham.gov/wp-content/uploads/2025/12/FY10-Town-report-2009-2010.pdf,atr,nodes,docsweep,FY10 Town Report 2009-2010
Petersham,2011,https://townofpetersham.gov/wp-content/uploads/2025/12/FY11-Town-report-2010-2011.pdf,atr,nodes,docsweep,FY11 Town Report 2010-2011
Petersham,2012,https://townofpetersham.gov/wp-content/uploads/2025/12/FY12-Town-report-2011-2012.pdf,atr,nodes,docsweep,FY12 Town Report 2011-2012
Petersham,2013,https://townofpetersham.gov/wp-content/uploads/2025/12/FY13-Town-report-2012-2013.pdf,atr,nodes,docsweep,FY13 Town Report 2012-2013
Petersham,2013,https://townofpetersham.gov/wp-content/uploads/2025/12/election-results-2013-03-04_1.pdf,result,catalog,docsweep,"Annual Town Election - March 04, 2013"
Petersham,2014,https://townofpetersham.gov/wp-content/uploads/2025/12/FY14-Town-report-2013-2014.pdf,atr,nodes,docsweep,FY14 Town Report 2013-2014
Petersham,2014,https://townofpetersham.gov/wp-content/uploads/2025/12/election-results-2014-03-03_1.pdf,result,catalog,docsweep,"Annual Town Election Results - March 3, 2014"
Petersham,2015,https://townofpetersham.gov/wp-content/uploads/2025/12/FY15-Town-report-2014-2015.pdf,atr,nodes,docsweep,FY15 Town Report 2014-2015
Petersham,2016,https://townofpetersham.gov/wp-content/uploads/2025/12/2016-03-07_results_2.pdf,result,catalog,docsweep,"Annual Town Election - March 07, 2016"
Petersham,2016,https://townofpetersham.gov/wp-content/uploads/2025/12/FY16-Town-report-2015-2016.pdf,atr,nodes,docsweep,FY16 Town Report 2015-2016
Petersham,2017,https://townofpetersham.gov/wp-content/uploads/2025/12/FY17-Town-report-2016-2017.pdf,atr,nodes,docsweep,FY17 Town Report 2016-2017
Petersham,2017,https://townofpetersham.gov/wp-content/uploads/2025/12/result_2017-03-06_2.pdf,result,catalog,docsweep,"Annual Town Election Results - March 06, 2017"
Petersham,2018,https://townofpetersham.gov/wp-content/uploads/2025/12/FY18-Town-report-2017-2018.pdf,atr,nodes,docsweep,FY18 Town Report 2017-2018
Petersham,2019,https://townofpetersham.gov/wp-content/uploads/2025/12/FY19-Town-report-2018-2019.pdf,atr,nodes,docsweep,FY19 Town Report 2018-2019
Petersham,2020,https://townofpetersham.gov/wp-content/uploads/2025/12/FY20-Town-report-2019-2020.pdf,atr,nodes,docsweep,FY20 Town Report 2019-2020
Petersham,2020,https://townofpetersham.gov/wp-content/uploads/2025/12/FY21-Town-report-2020-2021.pdf,atr,nodes,docsweep,FY21 Town Report 2020-2021
Plainfield,2010,https://plainfield-ma.us/files/2010_Annual_Reports_for_the_Town_of_Plainfield_Massachusetts.pdf,atr,nodes,wayback,
Plainfield,2012,https://plainfield-ma.us/files/2012_Annual_Reports_for_the_Town_of_Plainfield_Massachusetts.pdf,atr,nodes,wayback,
Plainfield,2013,https://plainfield-ma.us/files/2013_Annual_Reports_for_the_Town_of_Plainfield_Massachusetts.pdf,atr,nodes,wayback,
Plainfield,2015,https://plainfield-ma.us/files/2015_Annual_Reports_for_the_Town_of_Plainfield_Massachusetts.pdf,atr,nodes,wayback,
Plainfield,2016,https://plainfield-ma.us/files/2016_Annual_Reports_for_the_Town_of_Plainfield_Massachusetts.pdf,atr,nodes,wayback,
Plainfield,2017,https://plainfield-ma.us/files/2017-05-05_Town_Election_Results.pdf,result,catalog,wayback,
Plainfield,2017,https://plainfield-ma.us/files/2017_Annual_Reports_for_the_Town_of_Plainfield_Massachusetts.pdf,atr,nodes,wayback,
Plainfield,2018,https://plainfield-ma.us/files/2018_Annual_Reports_for_the_Town_of_Plainfield_Massachusetts.pdf,atr,nodes,wayback,
Plainfield,2019,https://plainfield-ma.us/files/2019-03-27_Town_Caucus_Results.pdf,result,catalog,wayback,
Plainfield,2020,https://plainfield-ma.us/files/2020-02-12_PEC_Annual_Report_FY2019.pdf,atr,nodes,wayback,
Plainfield,2020,https://plainfield-ma.us/files/2020_Annual_Report_from_MLP_Department.pdf,atr,nodes,wayback,
Plainville,2015,http://www.plainville.ma.us:80/sites/plainvillema/files/uploads/results_tally_apr_6_2015_ate_with_formulas.pdf,result,catalog,wayback,
Plainville,2015,https://www.plainville.ma.us/sites/g/files/vyhlif4871/f/uploads/results_tally_apr_6_2015_ate_with_formulas.pdf,result,catalog,wayback,
Plainville,2017,https://www.plainville.ma.us/sites/g/files/vyhlif4871/f/pages/townofplainvilleannualreport2017.pdf,atr,nodes,wayback,
Plainville,2018,https://www.plainville.ma.us/sites/g/files/vyhlif4871/f/uploads/annual_report_for_fy_2018.pdf,atr,nodes,wayback,
Plainville,2020,https://www.plainville.ma.us/DocumentCenter/View/363,result,catalog,dc_idsweep,Annual Town Election Results 2020 PDF?bidId=
Plainville,2020,https://www.plainville.ma.us/sites/g/files/vyhlif4871/f/uploads/tally_results_4-6-2020_ate.pdf,result,catalog,wayback,
Plymouth,2001,http://www.plymouth-ma.gov/sites/plymouthma/files/pages/annual_report_-_2001.pdf,atr,nodes,wayback,
Plymouth,2001,https://www.plymouth-ma.gov/sites/g/files/vyhlif3691/f/pages/annual_report_-_2001.pdf,atr,nodes,wayback,
Plymouth,2002,http://www.plymouth-ma.gov/sites/plymouthma/files/pages/annual_report_-_2002.pdf,atr,nodes,wayback,
Plymouth,2002,https://www.plymouth-ma.gov/sites/g/files/vyhlif3691/f/pages/annual_report_-_2002.pdf,atr,nodes,wayback,
Plymouth,2003,http://www.plymouth-ma.gov/sites/plymouthma/files/pages/annual_report_-_2003.pdf,atr,nodes,wayback,
Plymouth,2003,https://www.plymouth-ma.gov/sites/g/files/vyhlif3691/f/pages/annual_report_-_2003.pdf,atr,nodes,wayback,
Plymouth,2004,http://www.plymouth-ma.gov/sites/plymouthma/files/pages/annual_report_-_2004.pdf,atr,nodes,wayback,
Plymouth,2004,http://www.plymouth-ma.gov/sites/plymouthma/files/uploads/may_2004_annual_report.pdf,atr,nodes,wayback,
Plymouth,2005,http://www.plymouth-ma.gov/sites/plymouthma/files/pages/annual_report_-_2005.pdf,atr,nodes,wayback,
Plymouth,2005,http://www.plymouth-ma.gov/sites/plymouthma/files/uploads/may_2005_annual_report.pdf,atr,nodes,wayback,
Plymouth,2005,https://www.plymouth-ma.gov/sites/g/files/vyhlif3691/f/pages/annual_report_-_2005.pdf,atr,nodes,wayback,
Plymouth,2006,http://www.plymouth-ma.gov/sites/plymouthma/files/pages/annual_report_-_2006.pdf,atr,nodes,wayback,
Plymouth,2006,http://www.plymouth-ma.gov/sites/plymouthma/files/uploads/may_2006_annual_report.pdf,atr,nodes,wayback,
Plymouth,2006,https://www.plymouth-ma.gov/sites/g/files/vyhlif3691/f/pages/annual_report_-_2006.pdf,atr,nodes,wayback,
Plymouth,2007,http://www.plymouth-ma.gov/sites/plymouthma/files/pages/annual_report_-_2007.pdf,atr,nodes,wayback,
Plymouth,2007,http://www.plymouth-ma.gov/sites/plymouthma/files/uploads/may_2007_annual_report.pdf,atr,nodes,wayback,
Plymouth,2007,https://www.plymouth-ma.gov/sites/g/files/vyhlif3691/f/pages/annual_report_-_2007.pdf,atr,nodes,wayback,
Plymouth,2008,http://www.plymouth-ma.gov/sites/plymouthma/files/pages/annual_report_-_2008.pdf,atr,nodes,wayback,
Plymouth,2008,http://www.plymouth-ma.gov/sites/plymouthma/files/uploads/may_2008_annual_report_ii.pdf,atr,nodes,wayback,
Plymouth,2008,https://www.plymouth-ma.gov/sites/g/files/vyhlif3691/f/pages/annual_report_-_2008.pdf,atr,nodes,wayback,
Plymouth,2009,http://www.plymouth-ma.gov/Public_Documents/PlymouthMA_TownClerk/Election%20Information/Election%20Results/iiOfficial%20Election%20Results%202009.pdf,result,catalog,wayback,
Plymouth,2009,http://www.plymouth-ma.gov/sites/plymouthma/files/pages/annual_report_-_2009.pdf,atr,nodes,wayback,
Plymouth,2009,http://www.plymouth-ma.gov/sites/plymouthma/files/uploads/may_2009_annual_report_ii.pdf,atr,nodes,wayback,
Plymouth,2009,https://www.plymouth-ma.gov/sites/g/files/vyhlif3691/f/pages/annual_report_-_2009.pdf,atr,nodes,wayback,
Plymouth,2010,http://www.plymouth-ma.gov/sites/plymouthma/files/pages/annual_report_-_2010.pdf,atr,nodes,wayback,
Plymouth,2010,http://www.plymouth-ma.gov/sites/plymouthma/files/uploads/2010_plymouth_town_report.pdf,atr,nodes,wayback,
Plymouth,2010,http://www.plymouth-ma.gov/sites/plymouthma/files/uploads/may_2010_annual_report_ii.pdf,atr,nodes,wayback,
Plymouth,2010,http://www.plymouth-ma.gov:80/sites/plymouthma/files/uploads/fire_town_report_2010.pdf,atr,nodes,wayback,
Plymouth,2010,https://www.plymouth-ma.gov/sites/g/files/vyhlif3691/f/pages/annual_report_-_2010.pdf,atr,nodes,wayback,
Plymouth,2010,https://www.plymouth-ma.gov/sites/g/files/vyhlif3691/f/uploads/2010_plymouth_town_report.pdf,atr,nodes,wayback,
Plymouth,2011,http://www.plymouth-ma.gov/sites/plymouthma/files/pages/annual_report_-_2011.pdf,atr,nodes,wayback,
Plymouth,2011,http://www.plymouth-ma.gov/sites/plymouthma/files/uploads/2011_town_report.pdf,atr,nodes,wayback,
Plymouth,2011,https://www.plymouth-ma.gov/sites/g/files/vyhlif3691/f/pages/annual_report_-_2011.pdf,atr,nodes,wayback,
Plymouth,2011,https://www.plymouth-ma.gov/sites/g/files/vyhlif3691/f/uploads/2011_town_report.pdf,atr,nodes,wayback,
Plymouth,2012,http://www.plymouth-ma.gov/sites/plymouthma/files/pages/annual_report_-_2012.pdf,atr,nodes,wayback,
Plymouth,2012,http://www.plymouth-ma.gov/sites/plymouthma/files/uploads/may_2012_annual_report.pdf,atr,nodes,wayback,
Plymouth,2012,https://www.plymouth-ma.gov/sites/g/files/vyhlif3691/f/pages/annual_report_-_2012.pdf,atr,nodes,wayback,
Plymouth,2013,http://www.plymouth-ma.gov/sites/plymouthma/files/pages/annual_report_-_2013.pdf,atr,nodes,wayback,
Plymouth,2013,http://www.plymouth-ma.gov/sites/plymouthma/files/uploads/2013_town_report.pdf,atr,nodes,wayback,
Plymouth,2013,https://plymouth-ma.gov/DocumentCenter/View/2856/May-11-2013---Election-Results-PDF,result,catalog,docsweep,"May 11, 2013 - Election Results (PDF)"
Plymouth,2013,https://www.plymouth-ma.gov/sites/g/files/vyhlif3691/f/pages/annual_report_-_2013.pdf,atr,nodes,wayback,
Plymouth,2013,https://www.plymouth-ma.gov/sites/g/files/vyhlif3691/f/uploads/2013_town_report.pdf,atr,nodes,wayback,
Plymouth,2014,http://www.plymouth-ma.gov/sites/plymouthma/files/pages/annual_report_-_2014.pdf,atr,nodes,wayback,
Plymouth,2014,https://plymouth-ma.gov/DocumentCenter/View/2855/May-10-2014---Election-Results-PDF,result,catalog,docsweep,"May 10, 2014 - Election Results (PDF)"
Plymouth,2014,https://www.plymouth-ma.gov/sites/g/files/vyhlif3691/f/pages/annual_report_-_2014.pdf,atr,nodes,wayback,
Plymouth,2014,https://www.plymouth-ma.gov/sites/g/files/vyhlif3691/f/uploads/2014_annual_report.pdf,atr,nodes,wayback,
Plymouth,2015,http://www.plymouth-ma.gov/sites/plymouthma/files/pages/annual_report_-_2015.pdf,atr,nodes,wayback,
Plymouth,2015,https://plymouth-ma.gov/DocumentCenter/View/2854/May-9-2015---Local-Election-Results-PDF,result,catalog,docsweep,"May 9, 2015 - Local Election Results (PDF)"
Plymouth,2015,https://www.plymouth-ma.gov/sites/g/files/vyhlif3691/f/pages/annual_report_-_2015.pdf,atr,nodes,wayback,
Plymouth,2016,https://www.plymouth-ma.gov/DocumentCenter/View/2857/May-14-2016---Local-Election-Results-PDF,result,catalog,wayback,
Plymouth,2016,https://www.plymouth-ma.gov/sites/g/files/vyhlif3691/f/pages/annual_report_-_2016_0.pdf,atr,nodes,wayback,
Plymouth,2017,https://www.plymouth-ma.gov/DocumentCenter/View/2862/May-20-2017---Local-Election-Results-PDF,result,catalog,wayback,
Plymouth,2017,https://www.plymouth-ma.gov/sites/g/files/vyhlif3691/f/pages/annual_report_-_2017.pdf,atr,nodes,wayback,
Plymouth,2018,https://www.plymouth-ma.gov/DocumentCenter/View/2860/May-19-2018---Local-Election-Results-PDF,result,catalog,wayback,
Plymouth,2019,https://www.plymouth-ma.gov/DocumentCenter/View/2859/May-18-2019---Local-Election-Results-PDF,result,catalog,wayback,
Plymouth,2019,https://www.plymouth-ma.gov/sites/g/files/vyhlif3691/f/uploads/2019_annual_report.pdf,atr,nodes,wayback,
Plymouth,2019,https://www.plymouth-ma.gov/sites/g/files/vyhlif3691/f/uploads/2019_annual_report_2_1.pdf,atr,nodes,wayback,
Plymouth,2019,https://www.plymouth-ma.gov/sites/g/files/vyhlif3691/f/uploads/fy2019_annual_report_final.pdf,atr,nodes,wayback,
Plymouth,2019,https://www.plymouth-ma.gov/sites/plymouthma/files/uploads/2019_annual_report_2_1.pdf,atr,nodes,wayback,
Plymouth,2019,https://www.plymouth-ma.gov/sites/plymouthma/files/uploads/fy2019_annual_report_final.pdf,atr,nodes,wayback,
Plymouth,2020,https://www.plymouth-ma.gov/DocumentCenter/View/2850/June-20-2020---Local-Election-Results-PDF,result,catalog,wayback,
Plympton,2002,http://town.plympton.ma.us:80/pdf/report/town_report_2002.pdf,atr,nodes,wayback,
Plympton,2002,https://www.town.plympton.ma.us/sites/g/files/vyhlif1091/f/file/file/town_report_2002.pdf,atr,nodes,wayback,
Plympton,2003,http://town.plympton.ma.us/pdf/town/meet_elect/2003/election_results_2003_05_17.pdf,result,catalog,wayback,
Plympton,2003,http://town.plympton.ma.us:80/pdf/report/2003_town_report.pdf,atr,nodes,wayback,
Plympton,2003,http://www.town.plympton.ma.us:80/pdf/town/election_results_2003_05_17.pdf,result,catalog,wayback,
Plympton,2003,https://www.town.plympton.ma.us/sites/g/files/vyhlif1091/f/file/file/2003_town_report.pdf,atr,nodes,wayback,
Plympton,2004,http://town.plympton.ma.us/pdf/report/2004_town_report.pdf,atr,nodes,wayback,
Plympton,2004,https://www.town.plympton.ma.us/sites/g/files/vyhlif1091/f/file/file/2004_town_report.pdf,atr,nodes,wayback,
Plympton,2005,http://town.plympton.ma.us/pdf/report/2005_town_report.pdf,atr,nodes,wayback,
Plympton,2005,http://www.town.plympton.ma.us/sites/plymptonma/files/file/file/2005_town_report.pdf,atr,nodes,wayback,
Plympton,2005,https://www.town.plympton.ma.us/sites/g/files/vyhlif1091/f/file/file/2005_town_report.pdf,atr,nodes,wayback,
Plympton,2006,https://www.town.plympton.ma.us/sites/g/files/vyhlif1091/f/file/file/2006_town_report.pdf,atr,nodes,wayback,
Plympton,2007,http://www.town.plympton.ma.us/sites/plymptonma/files/file/file/2007_town_report.pdf,atr,nodes,wayback,
Plympton,2007,https://www.town.plympton.ma.us/sites/g/files/vyhlif1091/f/file/file/2007_town_report.pdf,atr,nodes,wayback,
Plympton,2008,https://www.town.plympton.ma.us/sites/g/files/vyhlif1091/f/file/file/2008_town_report.pdf,atr,nodes,wayback,
Plympton,2009,http://www.town.plympton.ma.us/sites/plymptonma/files/file/file/2009_town_report.pdf,atr,nodes,wayback,
Plympton,2010,https://www.town.plympton.ma.us/sites/g/files/vyhlif1091/f/file/file/2010_town_report.pdf,atr,nodes,wayback,
Plympton,2011,https://www.town.plympton.ma.us/sites/g/files/vyhlif1091/f/file/file/2011_town_report.pdf,atr,nodes,wayback,
Plympton,2012,http://www.town.plympton.ma.us/sites/plymptonma/files/file/file/annual_town_report_2012.pdf,atr,nodes,wayback,
Plympton,2012,https://www.town.plympton.ma.us/sites/g/files/vyhlif1091/f/file/file/annual_town_report_2012.pdf,atr,nodes,wayback,
Plympton,2013,http://www.town.plympton.ma.us:80/sites/plymptonma/files/file/file/plympton_2013_final_town_report.pdf,atr,nodes,wayback,
Plympton,2018,https://www.town.plympton.ma.us/sites/g/files/vyhlif1091/f/uploads/plympton_2018_annual_report.pdf,atr,nodes,wayback,
Plympton,2019,https://www.town.plympton.ma.us/sites/g/files/vyhlif1091/f/uploads/plympton_2019_annual_report_web_copy.pdf,atr,nodes,wayback,
Princeton,2004,http://town.princeton.ma.us/Annual%20Report/2004/2004TownReport.pdf,atr,nodes,wayback,
Princeton,2004,http://town.princeton.ma.us/Annual%20Report/2004/CultureRecreation.pdf,atr,nodes,wayback,
Princeton,2004,http://town.princeton.ma.us/Annual%20Report/2004/Dedication.pdf,atr,nodes,wayback,
Princeton,2004,http://town.princeton.ma.us/Annual%20Report/2004/EducationK8.pdf,atr,nodes,wayback,
Princeton,2004,http://town.princeton.ma.us/Annual%20Report/2004/FactsFigures.pdf,atr,nodes,wayback,
Princeton,2004,http://town.princeton.ma.us/Annual%20Report/2004/FinancialMgmt.pdf,atr,nodes,wayback,
Princeton,2004,http://town.princeton.ma.us/Annual%20Report/2004/GeneralGovt.pdf,atr,nodes,wayback,
Princeton,2004,http://town.princeton.ma.us/Annual%20Report/2004/HumanServices.pdf,atr,nodes,wayback,
Princeton,2004,http://town.princeton.ma.us/Annual%20Report/2004/Memoriam.pdf,atr,nodes,wayback,
Princeton,2004,http://town.princeton.ma.us/Annual%20Report/2004/PlanningEnvironment.pdf,atr,nodes,wayback,
Princeton,2004,http://town.princeton.ma.us/Annual%20Report/2004/Profile.pdf,atr,nodes,wayback,
Princeton,2004,http://town.princeton.ma.us/Annual%20Report/2004/PublicSafety.pdf,atr,nodes,wayback,
Princeton,2004,http://town.princeton.ma.us/Annual%20Report/2004/PublicWorks.pdf,atr,nodes,wayback,
Princeton,2004,http://town.princeton.ma.us/Annual%20Report/2004/TownClerk.pdf,atr,nodes,wayback,
Princeton,2004,http://town.princeton.ma.us/Annual%20Report/2004/TownClerkElectionsMeetings.pdf,atr,nodes,wayback,
Princeton,2005,http://town.princeton.ma.us:80/Annual%20Report/2005/Culture%20and%20Recreation.pdf,atr,nodes,wayback,
Princeton,2005,http://town.princeton.ma.us:80/Annual%20Report/2005/Education.pdf,atr,nodes,wayback,
Princeton,2005,http://town.princeton.ma.us:80/Annual%20Report/2005/Facts%20and%20Figures.pdf,atr,nodes,wayback,
Princeton,2005,http://town.princeton.ma.us:80/Annual%20Report/2005/Financial%20Management%20Services%201-7.pdf,atr,nodes,wayback,
Princeton,2005,http://town.princeton.ma.us:80/Annual%20Report/2005/Financial%20Management%20Services%202326.pdf,atr,nodes,wayback,
Princeton,2005,http://town.princeton.ma.us:80/Annual%20Report/2005/Financial%20Management%20Services%202733.pdf,atr,nodes,wayback,
Princeton,2005,http://town.princeton.ma.us:80/Annual%20Report/2005/Financial%20Management%20Services%203436.pdf,atr,nodes,wayback,
Princeton,2005,http://town.princeton.ma.us:80/Annual%20Report/2005/Financial%20Management%20Services%203742.pdf,atr,nodes,wayback,
Princeton,2005,http://town.princeton.ma.us:80/Annual%20Report/2005/Financial%20Management%20Services%204346.pdf,atr,nodes,wayback,
Princeton,2005,http://town.princeton.ma.us:80/Annual%20Report/2005/General%20Government.pdf,atr,nodes,wayback,
Princeton,2005,http://town.princeton.ma.us:80/Annual%20Report/2005/Human%20Services.pdf,atr,nodes,wayback,
Princeton,2005,http://town.princeton.ma.us:80/Annual%20Report/2005/Planning%20and%20Environment.pdf,atr,nodes,wayback,
Princeton,2005,http://town.princeton.ma.us:80/Annual%20Report/2005/Profile.pdf,atr,nodes,wayback,
Princeton,2005,http://town.princeton.ma.us:80/Annual%20Report/2005/Public%20Safety.pdf,atr,nodes,wayback,
Princeton,2005,http://town.princeton.ma.us:80/Annual%20Report/2005/Public%20Works.pdf,atr,nodes,wayback,
Princeton,2005,http://town.princeton.ma.us:80/Annual%20Report/2005/Town%20Clerk.pdf,atr,nodes,wayback,
Princeton,2007,http://town.princeton.ma.us:80/Annual%20Report/2007/EDUCATION.pdf,atr,nodes,wayback,
Princeton,2007,http://town.princeton.ma.us:80/Annual%20Report/2007/FINANCIAL%20MANAGEMENT%20SERVICES.pdf,atr,nodes,wayback,
Princeton,2007,http://town.princeton.ma.us:80/Annual%20Report/2007/GENERAL%20GOVERNMENT.pdf,atr,nodes,wayback,
Princeton,2007,http://town.princeton.ma.us:80/Annual%20Report/2007/HUMAN%20SERVICES.pdf,atr,nodes,wayback,
Princeton,2007,http://town.princeton.ma.us:80/Annual%20Report/2007/PUBLIC%20SAFETY.pdf,atr,nodes,wayback,
Princeton,2007,http://town.princeton.ma.us:80/Annual%20Report/2007/TABLE%20OF%20CONTENTS.pdf,atr,nodes,wayback,
Princeton,2007,http://town.princeton.ma.us:80/Annual%20Report/2007/TOWN%20CLERK.pdf,atr,nodes,wayback,
Princeton,2007,http://town.princeton.ma.us:80/Annual%20Report/2007/TOWN%20PROFILE.pdf,atr,nodes,wayback,
Provincetown,2009,http://provincetown-ma.gov/archives/111/2009%20Town%20Report.pdf,atr,nodes,wayback,
Provincetown,2010,"http://provincetown-ma.gov/archives/110/May%204,%202010%20Annual%20Town%20Election%20results.pdf",result,catalog,wayback,
Provincetown,2011,"http://www.provincetown-ma.gov:80/archives/110/May%203,%202011%20Annual%20Town%20Election%20Results2.pdf",result,catalog,wayback,
Provincetown,2015,https://provincetown-ma.gov/DocumentCenter/View/4934,result,catalog,dc_idsweep,2015 Annual Town Election Results PDF?bidId=
Provincetown,2016,https://provincetown-ma.gov/DocumentCenter/View/6177,result,catalog,dc_idsweep,May 2016 Election Results PDF?bidId=
Provincetown,2017,https://provincetown-ma.gov/DocumentCenter/View/10034,result,catalog,dc_idsweep,May 2017 Election Results PDF?bidId=
Provincetown,2017,https://provincetown-ma.gov/DocumentCenter/View/8959,result,catalog,dc_idsweep,October 2017 District Wide Election Results PDF?bidId=
Provincetown,2018,https://provincetown-ma.gov/DocumentCenter/View/9445,result,catalog,dc_idsweep,May 1 2018 Election Results PDF?bidId=
Provincetown,2019,https://provincetown-ma.gov/DocumentCenter/View/11592/June-18-2019-Election-Results-PDF,result,catalog,wayback,
Provincetown,2019,https://www.provincetown-ma.gov/DocumentCenter/View/11592/June-18-2019-Election-Results-PDF?bidId=,result,catalog,wayback,
Provincetown,2020,http://www.provincetown-ma.gov/DocumentCenter/View/14180/September-1-2020-Election-Results,result,catalog,wayback,
Quincy,2004,http://www.quincyma.gov/CityOfQuincy_Content/documents/AnnualReport2004.pdf,atr,nodes,wayback,
Quincy,2005,http://www.quincyma.gov/CityOfQuincy_Content/documents/AnnualReport2005.pdf,atr,nodes,wayback,
Quincy,2006,http://www.quincyma.gov/CityOfQuincy_Content/documents/AnnualReport2006.pdf,atr,nodes,wayback,
Quincy,2007,http://www.quincyma.gov/CityOfQuincy_Content/documents/AnnualReport2007.pdf,atr,nodes,wayback,
Quincy,2008,http://www.quincyma.gov/CityOfQuincy_Content/documents/AnnualReport2008.pdf,atr,nodes,wayback,
Quincy,2009,http://www.quincyma.gov/CityOfQuincy_Content/documents/AnnualReport2009.pdf,atr,nodes,wayback,
Quincy,2010,http://www.quincyma.gov/CityOfQuincy_Content/documents/2010_Nov_Election_Results.pdf,result,catalog,wayback,
Quincy,2010,http://www.quincyma.gov/CityOfQuincy_Content/documents/ANNUAL%20REPORT%2010_20_14.pdf,atr,nodes,wayback,
Quincy,2013,http://www.quincyma.gov/CityOfQuincy_Content/documents/2013%20Annual%20Report.pdf,atr,nodes,wayback,
Quincy,2013,http://www.quincyma.gov/CityOfQuincy_Content/documents/FY2013_PCD_Annual_Report.pdf,atr,nodes,wayback,
Quincy,2014,"https://cms7files1.revize.com/birmingham/Document_Center/Department/Police/Police%20Alerts,%20Maps,%20&%20Statistics/2014_ANNUAL_REPORT.pdf",atr,nodes,wayback,
Quincy,2014,"https://cms7files1.revize.com/birmingham/Document_Center/Department/Police/Police%20Alerts,%20Maps,%20&%20Statistics/2014_ANNUAL_REPORT.pdf?t=202109091513360&t=202109091513360",atr,nodes,wayback,
Quincy,2015,"https://cms7files1.revize.com/birmingham/Document_Center/Department/Police/Police%20Alerts,%20Maps,%20&%20Statistics/2015%20ANNUAL%20REPORT.pdf",atr,nodes,wayback,
Quincy,2015,"https://cms7files1.revize.com/birmingham/Document_Center/Department/Police/Police%20Alerts,%20Maps,%20&%20Statistics/2015%20ANNUAL%20REPORT.pdf?t=202109091513360&t=202109091513360",atr,nodes,wayback,
Quincy,2016,http://www.quincyma.gov/CityOfQuincy_Content/documents/election%20results%20corrected%202016%20primary.pdf,result,catalog,wayback,
Quincy,2016,http://www.quincyma.gov/CityOfQuincy_Content/documents/election_results_corrected_2016_primary.pdf,result,catalog,wayback,
Quincy,2016,"https://cms7files1.revize.com/birmingham/Document_Center/Department/Police/Police%20Alerts,%20Maps,%20&%20Statistics/2016%20ANNUAL%20REPORT.pdf",atr,nodes,wayback,
Quincy,2016,"https://cms7files1.revize.com/birmingham/Document_Center/Department/Police/Police%20Alerts,%20Maps,%20&%20Statistics/2016%20ANNUAL%20REPORT.pdf?t=202109091513360&t=202109091513360",atr,nodes,wayback,
Quincy,2017,https://cms7files1.revize.com/bedfordtownshipmi/2017%20BTFD%20Annual%20Report.pdf,atr,nodes,wayback,
Quincy,2017,"https://cms7files1.revize.com/birmingham/Document_Center/Department/Police/Police%20Alerts,%20Maps,%20&%20Statistics/2017%20ANNUAL%20REPORT.pdf",atr,nodes,wayback,
Quincy,2017,"https://cms7files1.revize.com/birmingham/Document_Center/Department/Police/Police%20Alerts,%20Maps,%20&%20Statistics/2017%20ANNUAL%20REPORT.pdf?t=202109091513360&t=202109091513360",atr,nodes,wayback,
Quincy,2018,"https://cms7files1.revize.com/birmingham/Document_Center/Department/Police/Police%20Alerts,%20Maps,%20&%20Statistics/2018%20ANNUAL%20REPORT.pdf",atr,nodes,wayback,
Quincy,2018,"https://cms7files1.revize.com/birmingham/Document_Center/Department/Police/Police%20Alerts,%20Maps,%20&%20Statistics/2018%20ANNUAL%20REPORT.pdf?t=202109091513360&t=202109091513360",atr,nodes,wayback,
Quincy,2018,https://cms7files1.revize.com/chathamny/document_center/Committee%20Info/Climate%20Smart/TOC%20Benchmarking%20Annual%20Report%20Template%2018-21.pdf,atr,nodes,wayback,
Quincy,2018,https://cms7files1.revize.com/cookcountymn/Departments/soil%20&%20water/SWCD%20Document%20Center/2018%20Annual%20Report.pdf,atr,nodes,wayback,
Quincy,2019,https://cms7files1.revize.com/bedfordtownshipmi/Document_Center/Government/Board_commission/Downtown_Development_Authority/2019%20Annual%20Report%20-%20page%201.pdf,atr,nodes,wayback,
Quincy,2019,https://cms7files1.revize.com/bedfordtownshipmi/Document_Center/Government/Board_commission/Downtown_Development_Authority/2019%20Annual%20Report%20-%20page%202.pdf,atr,nodes,wayback,
Quincy,2019,"https://cms7files1.revize.com/birmingham/Document_Center/Department/Police/Police%20Alerts,%20Maps,%20&%20Statistics/2019%20ANNUAL%20REPORT.pdf",atr,nodes,wayback,
Quincy,2019,"https://cms7files1.revize.com/birmingham/Document_Center/Department/Police/Police%20Alerts,%20Maps,%20&%20Statistics/2019%20ANNUAL%20REPORT.pdf?t=202109091513360&t=202109091513360",atr,nodes,wayback,
Quincy,2019,https://cms7files1.revize.com/cookcountymn/Departments/soil%20&%20water/SWCD%20Document%20Center/2019%20Annual%20Report.pdf,atr,nodes,wayback,
Quincy,2020,https://cms7files1.revize.com/bedfordtownshipmi/Document_Center/Government/Board_commission/Downtown_Development_Authority/2020%20Annual%20Report%20-%20page%201.pdf,atr,nodes,wayback,
Quincy,2020,https://cms7files1.revize.com/bedfordtownshipmi/Document_Center/Government/Board_commission/Downtown_Development_Authority/2020%20Annual%20Report%20-%20page%202.pdf,atr,nodes,wayback,
Quincy,2020,"https://cms7files1.revize.com/birmingham/Document_Center/Department/Police/Police%20Alerts,%20Maps,%20&%20Statistics/2020%20ANNUAL%20REPORT.pdf",atr,nodes,wayback,
Quincy,2020,"https://cms7files1.revize.com/birmingham/Document_Center/Department/Police/Police%20Alerts,%20Maps,%20&%20Statistics/2020%20ANNUAL%20REPORT.pdf?t=202109091513360&t=202109091513360",atr,nodes,wayback,
Quincy,2020,https://cms7files1.revize.com/cookcountymn/Departments/highway/2020%20Annual%20Report.pdf,atr,nodes,wayback,
Quincy,2020,https://cms7files1.revize.com/cookcountymn/Departments/highway/2020%20Annual%20Report.pdf?t=202109221544390&t=202109221544390,atr,nodes,wayback,
Randolph,2000,https://randolph-ma.gov/ImageRepository/Document?documentID=144,result,catalog,documentcenter,Government / Departments / Clerk / Registrar / Election Results 2000
Randolph,2001,https://randolph-ma.gov/ImageRepository/Document?documentID=143,result,catalog,documentcenter,Government / Departments / Clerk / Registrar / Election Results 2001
Randolph,2002,https://randolph-ma.gov/ImageRepository/Document?documentID=142,result,catalog,documentcenter,Government / Departments / Clerk / Registrar / Election Results 2002
Randolph,2003,https://randolph-ma.gov/ImageRepository/Document?documentID=141,result,catalog,documentcenter,Government / Departments / Clerk / Registrar / Election Results 2003
Randolph,2004,https://randolph-ma.gov/ImageRepository/Document?documentID=140,result,catalog,documentcenter,Government / Departments / Clerk / Registrar / Election Results 2004
Randolph,2005,https://randolph-ma.gov/ImageRepository/Document?documentID=139,result,catalog,documentcenter,Government / Departments / Clerk / Registrar / Election Results 2005
Randolph,2006,https://randolph-ma.gov/ImageRepository/Document?documentID=138,result,catalog,documentcenter,Government / Departments / Clerk / Registrar / Election Results 2006
Randolph,2008,https://randolph-ma.gov/ImageRepository/Document?documentID=137,result,catalog,documentcenter,Government / Departments / Clerk / Registrar / Election Results 2008
Randolph,2009,https://randolph-ma.gov/ImageRepository/Document?documentID=136,result,catalog,documentcenter,Government / Departments / Clerk / Registrar / Election Results 2009
Randolph,2010,https://randolph-ma.gov/ImageRepository/Document?documentID=135,result,catalog,documentcenter,Government / Departments / Clerk / Registrar / Election Results 2010
Randolph,2012,https://randolph-ma.gov/ImageRepository/Document?documentID=134,result,catalog,documentcenter,Government / Departments / Clerk / Registrar / Election Results 2012
Randolph,2013,http://www.randolph-ma.gov:80/sites/randolphma/files/uploads/2013_annual_report.pdf,atr,nodes,wayback,
Randolph,2013,http://www.randolph-ma.gov:80/sites/randolphma/files/uploads/2013_annual_report_1.pdf,atr,nodes,wayback,
Randolph,2013,http://www.randolph-ma.gov:80/sites/randolphma/files/uploads/2013_annual_report_10.pdf,atr,nodes,wayback,
Randolph,2013,http://www.randolph-ma.gov:80/sites/randolphma/files/uploads/2013_annual_report_3.pdf,atr,nodes,wayback,
Randolph,2013,http://www.randolph-ma.gov:80/sites/randolphma/files/uploads/2013_annual_report_5.pdf,atr,nodes,wayback,
Randolph,2013,http://www.randolph-ma.gov:80/sites/randolphma/files/uploads/2013_annual_report_6.pdf,atr,nodes,wayback,
Randolph,2013,http://www.randolph-ma.gov:80/sites/randolphma/files/uploads/2013_annual_report_7.pdf,atr,nodes,wayback,
Randolph,2013,http://www.randolph-ma.gov:80/sites/randolphma/files/uploads/2013_annual_report_8.pdf,atr,nodes,wayback,
Randolph,2013,http://www.randolph-ma.gov:80/sites/randolphma/files/uploads/2013_annual_report_9.pdf,atr,nodes,wayback,
Randolph,2013,http://www.randolph-ma.gov:80/sites/randolphma/files/uploads/in-house_town_counsel_annual_report_2013.pdf,atr,nodes,wayback,
Randolph,2013,https://randolph-ma.gov/ImageRepository/Document?documentID=133,result,catalog,documentcenter,Government / Departments / Clerk / Registrar / Election Results 2013
Randolph,2014,https://randolph-ma.gov/ImageRepository/Document?documentID=132,result,catalog,documentcenter,Government / Departments / Clerk / Registrar / Election Results 2014
Randolph,2015,http://www.randolph-ma.gov/sites/randolphma/files/pages/2015_town_council_annual_report.pdf,atr,nodes,wayback,
Randolph,2015,http://www.randolph-ma.gov:80/sites/randolphma/files/uploads/2015_annual_report.pdf,atr,nodes,wayback,
Randolph,2015,http://www.randolph-ma.gov:80/sites/randolphma/files/uploads/2015_annual_report_0.pdf,atr,nodes,wayback,
Randolph,2015,http://www.randolph-ma.gov:80/sites/randolphma/files/uploads/2015_annual_report_2.pdf,atr,nodes,wayback,
Randolph,2015,http://www.randolph-ma.gov:80/sites/randolphma/files/uploads/2015_town_council_annual_report.pdf,atr,nodes,wayback,
Randolph,2017,https://www.randolph-ma.gov/DocumentCenter/View/899/Election-Results-for-2017-PDF,result,catalog,wayback,
Randolph,2017,https://www.randolph-ma.gov/sites/g/files/vyhlif4906/f/uploads/nov._7_2017_town_election_results.pdf,result,catalog,wayback,
Randolph,2018,https://www.randolph-ma.gov/sites/g/files/vyhlif4906/f/uploads/randolph_2018_town_report_0.pdf,atr,nodes,wayback,
Randolph,2018,https://www.randolph-ma.gov/sites/randolphma/files/uploads/randolph_2018_town_report.pdf,atr,nodes,wayback,
Randolph,2018,https://www.randolph-ma.gov/sites/randolphma/files/uploads/randolph_2018_town_report_0.pdf,atr,nodes,wayback,
Randolph,2018,https://www.randolph-ma.gov/sites/randolphma/files/uploads/randolph_2018_town_report_1.pdf,atr,nodes,wayback,
Randolph,2019,https://www.randolph-ma.gov/DocumentCenter/View/900/Election-Results-for-2019-PDF,result,catalog,wayback,
Randolph,2020,https://www.randolph-ma.gov/sites/g/files/vyhlif4906/f/uploads/annualtownreport2020.pdf,atr,nodes,wayback,
Raynham,2020,https://www.town.raynham.ma.us/sites/g/files/vyhlif1111/f/news/raynham_annual_report_2020.pdf,atr,nodes,wayback,
Reading,2009,http://www.readingma.gov:80/sites/readingma/files/file/file/2009-04-07_election_results.pdf,result,catalog,wayback,
Reading,2009,https://readingma.gov/DocumentCenter/View/3001/2009-04-07-Local-Election-Results,result,catalog,docsweep,2009-04-07 Local Election Results
Reading,2010,http://www.readingma.gov:80/sites/readingma/files/file/file/2010-04-06_election_results.pdf,result,catalog,wayback,
Reading,2010,http://www.readingma.gov:80/sites/readingma/files/file/file/2010-06-23_election_results.pdf,result,catalog,wayback,
Reading,2010,http://www.readingma.gov:80/sites/readingma/files/file/file/2010-09-14_election_results.pdf,result,catalog,wayback,
Reading,2010,http://www.readingma.gov:80/sites/readingma/files/file/file/2010-11-02_election_results.pdf,result,catalog,wayback,
Reading,2010,https://readingma.gov/DocumentCenter/View/2997/2010-04-06-Local-Election-Results,result,catalog,docsweep,2010-04-06 Local Election Results
Reading,2010,https://readingma.gov/DocumentCenter/View/2998/2010-06-23-Special-Local-Election-Results,result,catalog,docsweep,2010-06-23 Special Local Election Results
Reading,2011,http://www.readingma.gov/sites/readingma/files/u227/2011_annual_report_part_1.pdf,atr,nodes,wayback,
Reading,2011,http://www.readingma.gov/sites/readingma/files/u227/2011_annual_report_part_2.pdf,atr,nodes,wayback,
Reading,2011,http://www.readingma.gov/sites/readingma/files/u227/2011_annual_report_part_3.pdf,atr,nodes,wayback,
Reading,2011,http://www.readingma.gov:80/sites/readingma/files/file/file/2011-05-04_election_results.pdf,result,catalog,wayback,
Reading,2011,https://readingma.gov/DocumentCenter/View/2994/2011-05-04-Local-Election-Results,result,catalog,docsweep,2011-05-04 Local Election Results
Reading,2012,http://www.readingma.gov/sites/readingma/files/file/file/2012_annual_report_-_part_1.pdf,atr,nodes,wayback,
Reading,2012,http://www.readingma.gov/sites/readingma/files/file/file/2012_annual_report_-_part_2.pdf,atr,nodes,wayback,
Reading,2012,http://www.readingma.gov/sites/readingma/files/file/file/2012_annual_report_-_part_3.pdf,atr,nodes,wayback,
Reading,2012,http://www.readingma.gov:80/sites/readingma/files/file/file/2012-03-06_election_results.pdf,result,catalog,wayback,
Reading,2012,http://www.readingma.gov:80/sites/readingma/files/file/file/2012-11-06_election_results.pdf,result,catalog,wayback,
Reading,2012,https://readingma.gov/DocumentCenter/View/2993/2012-03-06-Local-Election-Results,result,catalog,docsweep,2012-03-06 Local Election Results
Reading,2013,http://www.readingma.gov/sites/readingma/files/file/file/2013-06-25_election_results_0.pdf,result,catalog,wayback,
Reading,2013,http://www.readingma.gov/sites/readingma/files/u176/reading_pd_2013_annual_report.pdf,atr,nodes,wayback,
Reading,2013,http://www.readingma.gov/sites/readingma/files/u227/2013_annual_report_part_1.pdf,atr,nodes,wayback,
Reading,2013,http://www.readingma.gov/sites/readingma/files/u227/2013_annual_report_part_2.pdf,atr,nodes,wayback,
Reading,2013,http://www.readingma.gov/sites/readingma/files/u227/2013_annual_report_part_3.pdf,atr,nodes,wayback,
Reading,2013,http://www.readingma.gov/sites/readingma/files/u227/2013_annual_report_part_4.pdf,atr,nodes,wayback,
Reading,2013,http://www.readingma.gov:80/sites/readingma/files/file/file/2013-04-02_election_results.pdf,result,catalog,wayback,
Reading,2013,http://www.readingma.gov:80/sites/readingma/files/file/file/2013-06-25_election_results_1.pdf,result,catalog,wayback,
Reading,2013,https://readingma.gov/DocumentCenter/View/2989/2013-04-02-Local-Election-Results,result,catalog,docsweep,2013-04-02 Local Election Results
Reading,2014,http://www.readingma.gov/sites/readingma/files/file/file/2014-04-01_local_election_results.pdf,result,catalog,wayback,
Reading,2014,http://www.readingma.gov/sites/readingma/files/u176/2014_annual_report_-_rpd.pdf,atr,nodes,wayback,
Reading,2014,http://www.readingma.gov/sites/readingma/files/u227/2014_annual_report_part_1.pdf,atr,nodes,wayback,
Reading,2014,http://www.readingma.gov/sites/readingma/files/u227/2014_annual_report_part_2.pdf,atr,nodes,wayback,
Reading,2014,http://www.readingma.gov/sites/readingma/files/u227/2014_annual_report_part_3.pdf,atr,nodes,wayback,
Reading,2014,http://www.readingma.gov/sites/readingma/files/u227/2014_annual_report_part_4.pdf,atr,nodes,wayback,
Reading,2014,http://www.readingma.gov/sites/readingma/files/u227/2014_annual_report_part_5.pdf,atr,nodes,wayback,
Reading,2014,http://www.readingma.gov:80/sites/readingma/files/file/file/2014-04-01_local_election_results_0.pdf,result,catalog,wayback,
Reading,2014,https://readingma.gov/DocumentCenter/View/2960/2014-04-01-Local-Election-Results,result,catalog,docsweep,2014-04-01 Local Election Results
Reading,2015,http://www.readingma.gov/sites/readingma/files/file/file/2015-04-07_local_election_results.pdf,result,catalog,wayback,
Reading,2015,http://www.readingma.gov:80/sites/readingma/files/file/file/2015-04-07_local_election_results_4.pdf,result,catalog,wayback,
Reading,2015,https://readingma.gov/DocumentCenter/View/2957/2015-04-07-Local-Election-Results,result,catalog,docsweep,2015-04-07 Local Election Results
Reading,2016,http://www.readingma.gov/sites/readingma/files/uploads/2016-03-01_local_election_results.pdf,result,catalog,wayback,
Reading,2016,http://www.readingma.gov/sites/readingma/files/uploads/2016-10-18_local_election_results.pdf,result,catalog,wayback,
Reading,2016,http://www.readingma.gov/sites/readingma/files/uploads/2016-11-08_election_results_0.pdf,result,catalog,wayback,
Reading,2016,http://www.readingma.gov:80/sites/readingma/files/file/file/2016-03-01_local_election_results_2.pdf,result,catalog,wayback,
Reading,2016,https://readingma.gov/DocumentCenter/View/2953/2016-10-18-Special-Local-Election-Results,result,catalog,docsweep,2016-10-18 Special Local Election Results
Reading,2016,https://readingma.gov/DocumentCenter/View/2956/2016-03-01-Local-Election-Results,result,catalog,docsweep,2016-03-01 Local Election Results
Reading,2017,https://readingma.gov/DocumentCenter/View/2951/2017-04-04-Local-Election-Results,result,catalog,docsweep,2017-04-04 Local Election Results
Reading,2018,https://readingma.gov/DocumentCenter/View/2950/2018-04-03-Local-Election-Results,result,catalog,docsweep,2018-04-03 Local Election Results
Reading,2019,https://readingma.gov/DocumentCenter/View/2944/2019-04-02-Local-Election-Results,result,catalog,docsweep,2019-04-02 Local Election Results
Reading,2020,https://readingma.gov/DocumentCenter/View/2941/2020-09-01-Local-Recall-Election-Results,result,catalog,docsweep,2020-09-01 Local Recall Election Results
Reading,2020,https://readingma.gov/DocumentCenter/View/2943/2020-03-03-Local-Election-Results,result,catalog,docsweep,2020-03-03 Local Election Results
Rehoboth,2008,https://www.rehobothma.gov/sites/g/files/vyhlif4911/f/uploads/2008_annual_report.pdf,atr,nodes,wayback,
Rehoboth,2009,https://www.rehobothma.gov/sites/g/files/vyhlif4911/f/uploads/2009_annual_town_report.pdf,atr,nodes,wayback,
Rehoboth,2012,https://www.rehobothma.gov/sites/g/files/vyhlif4911/f/uploads/2012_town_of_rehoboth_annual_report.pdf,atr,nodes,wayback,
Rehoboth,2014,https://www.rehobothma.gov/sites/g/files/vyhlif4911/f/uploads/tally-ate_-_april_7_2014-final.pdf,result,catalog,wayback,
Rehoboth,2015,https://www.rehobothma.gov/sites/g/files/vyhlif4911/f/uploads/tally-ate_-_april_6_2015.pdf,result,catalog,wayback,
Revere,2006,https://files.aptuitivcdn.com/K9gxWNkmZ2-1856/docs/2006-Annual-Report_Final_053106_signed.pdf,atr,nodes,wayback,
Revere,2007,https://files.aptuitivcdn.com/K9gxWNkmZ2-1856/docs/2007-Annual-Report_Final_053107_signed.pdf,atr,nodes,wayback,
Revere,2008,https://files.aptuitivcdn.com/K9gxWNkmZ2-1856/docs/2008-Annual-Report_Final_052708_Signed.pdf,atr,nodes,wayback,
Revere,2009,https://files.aptuitivcdn.com/K9gxWNkmZ2-1856/docs/2009-Annual-Report_Final_052809_signed.pdf,atr,nodes,wayback,
Revere,2010,https://files.aptuitivcdn.com/GB7r14nbKy-1182/files/electionresults/pdf/2010-04-13.pdf,result,catalog,wayback,
Revere,2010,https://files.aptuitivcdn.com/GB7r14nbKy-1182/files/electionresults/pdf/2010-05-11.pdf,result,catalog,wayback,
Revere,2010,https://files.aptuitivcdn.com/GB7r14nbKy-1182/files/electionresults/pdf/2010-08-31.pdf,result,catalog,wayback,
Revere,2010,https://files.aptuitivcdn.com/GB7r14nbKy-1182/files/electionresults/pdf/2010-09-14.pdf,result,catalog,wayback,
Revere,2010,https://files.aptuitivcdn.com/GB7r14nbKy-1182/files/electionresults/pdf/2010-11-02.pdf,result,catalog,wayback,
Revere,2010,https://files.aptuitivcdn.com/K9gxWNkmZ2-1856/docs/2010-Annual-Report_052510_FINAL_signed.pdf,atr,nodes,wayback,
Revere,2011,https://files.aptuitivcdn.com/GB7r14nbKy-1182/files/electionresults/pdf/2011-11-08.pdf,result,catalog,wayback,
Revere,2011,https://files.aptuitivcdn.com/GB7r14nbKy-1182/files/electionresults/pdf/2011-11-30.pdf,result,catalog,wayback,
Revere,2011,https://files.aptuitivcdn.com/K9gxWNkmZ2-1856/docs/2011-Annual-Report_051311_FINAL.pdf,atr,nodes,wayback,
Revere,2012,https://files.aptuitivcdn.com/GB7r14nbKy-1182/files/electionresults/pdf/2012-03-06.pdf,result,catalog,wayback,
Revere,2012,https://files.aptuitivcdn.com/GB7r14nbKy-1182/files/electionresults/pdf/2012-09-06.pdf,result,catalog,wayback,
Revere,2012,https://files.aptuitivcdn.com/GB7r14nbKy-1182/files/electionresults/pdf/2012-11-06.pdf,result,catalog,wayback,
Revere,2012,https://files.aptuitivcdn.com/K9gxWNkmZ2-1856/docs/2012-Annual-Report_051712_Final.pdf,atr,nodes,wayback,
Revere,2012,https://files.aptuitivcdn.com/K9gxWNkmZ2-1856/docs/2012_official_election_results_summary_and_by_precinct.pdf,result,catalog,wayback,
Revere,2013,https://files.aptuitivcdn.com/GB7r14nbKy-1182/files/electionresults/pdf/2013-04-30.pdf,result,catalog,wayback,
Revere,2013,https://files.aptuitivcdn.com/GB7r14nbKy-1182/files/electionresults/pdf/2013-06-25.pdf,result,catalog,wayback,
Revere,2013,https://files.aptuitivcdn.com/GB7r14nbKy-1182/files/electionresults/pdf/2013-10-15.pdf,result,catalog,wayback,
Revere,2013,https://files.aptuitivcdn.com/GB7r14nbKy-1182/files/electionresults/pdf/2013-11-05.pdf,result,catalog,wayback,
Revere,2013,https://files.aptuitivcdn.com/GB7r14nbKy-1182/files/electionresults/pdf/2013-12-10.pdf,result,catalog,wayback,
Revere,2013,https://files.aptuitivcdn.com/K9gxWNkmZ2-1856/docs/2013-Annual-Report_051513_FINAL.pdf,atr,nodes,wayback,
Revere,2013,https://files.aptuitivcdn.com/K9gxWNkmZ2-1856/docs/2013_official_election_results_summary_and_by_precinct.pdf,result,catalog,wayback,
Revere,2014,https://files.aptuitivcdn.com/GB7r14nbKy-1182/files/electionresults/pdf/2014-02-25.pdf,result,catalog,wayback,
Revere,2014,https://files.aptuitivcdn.com/GB7r14nbKy-1182/files/electionresults/pdf/2014-03-04.pdf,result,catalog,wayback,
Revere,2014,https://files.aptuitivcdn.com/GB7r14nbKy-1182/files/electionresults/pdf/2014-04-01.pdf,result,catalog,wayback,
Revere,2014,https://files.aptuitivcdn.com/GB7r14nbKy-1182/files/electionresults/pdf/2014-09-09.pdf,result,catalog,wayback,
Revere,2014,https://files.aptuitivcdn.com/GB7r14nbKy-1182/files/electionresults/pdf/2014-11-04.pdf,result,catalog,wayback,
Revere,2014,https://files.aptuitivcdn.com/GeANpvML19-825/images/publications/GAUD-19052-2014-Annual-Report-Final-2.pdf,atr,nodes,wayback,
Revere,2014,https://files.aptuitivcdn.com/K9gxWNkmZ2-1856/docs/2014-Annual-Report_011515_FINAL_signed.pdf,atr,nodes,wayback,
Revere,2014,https://files.aptuitivcdn.com/K9gxWNkmZ2-1856/docs/2014_official_election_results_summary_and_by_precinct.pdf,result,catalog,wayback,
Revere,2015,https://files.aptuitivcdn.com/GB7r14nbKy-1182/files/electionresults/pdf/2015-05-19.pdf,result,catalog,wayback,
Revere,2015,https://files.aptuitivcdn.com/GB7r14nbKy-1182/files/electionresults/pdf/2015-09-01.pdf,result,catalog,wayback,
Revere,2015,https://files.aptuitivcdn.com/GB7r14nbKy-1182/files/electionresults/pdf/2015-11-03.pdf,result,catalog,wayback,
Revere,2015,https://files.aptuitivcdn.com/GB7r14nbKy-1182/files/electionresults/pdf/2015-12-29.pdf,result,catalog,wayback,
Revere,2015,https://files.aptuitivcdn.com/GeANpvML19-825/images/publications/GAU-19428-2015-Annual-Report-Final.pdf,atr,nodes,wayback,
Revere,2015,https://files.aptuitivcdn.com/K9gxWNkmZ2-1856/docs/2015-Annual-Report_011516_final_signed.pdf,atr,nodes,wayback,
Revere,2015,https://files.aptuitivcdn.com/K9gxWNkmZ2-1856/docs/2015_official_election_results_summary_and_by_precinct.pdf,result,catalog,wayback,
Revere,2016,https://files.aptuitivcdn.com/EzoynNLyL2-1704/docs/ms4/Bolton_2016_MS4_Annual_Report11.pdf,atr,nodes,wayback,
Revere,2016,https://files.aptuitivcdn.com/GB7r14nbKy-1182/files/electionresults/pdf/2016-03-01.pdf,result,catalog,wayback,
Revere,2016,https://files.aptuitivcdn.com/GB7r14nbKy-1182/files/electionresults/pdf/2016-04-12.pdf,result,catalog,wayback,
Revere,2016,https://files.aptuitivcdn.com/GB7r14nbKy-1182/files/electionresults/pdf/2016-05-10.pdf,result,catalog,wayback,
Revere,2016,https://files.aptuitivcdn.com/GB7r14nbKy-1182/files/electionresults/pdf/2016-09-08.pdf,result,catalog,wayback,
Revere,2016,https://files.aptuitivcdn.com/GB7r14nbKy-1182/files/electionresults/pdf/2016-10-18.pdf,result,catalog,wayback,
Revere,2016,https://files.aptuitivcdn.com/GB7r14nbKy-1182/files/electionresults/pdf/2016-11-08.pdf,result,catalog,wayback,
Revere,2016,https://files.aptuitivcdn.com/K9gxWNkmZ2-1856/docs/2016-Annual-Report_012417_final.pdf,atr,nodes,wayback,
Revere,2016,https://files.aptuitivcdn.com/K9gxWNkmZ2-1856/docs/2016_official_election_results_summary_and_by_precinct.pdf,result,catalog,wayback,
Revere,2017,https://files.aptuitivcdn.com/GB7r14nbKy-1182/files/electionresults/pdf/2017-11-07.pdf,result,catalog,wayback,
Revere,2017,https://files.aptuitivcdn.com/K9gxWNkmZ2-1856/docs/2017-Annual-Report_signed2.2.18.pdf,atr,nodes,wayback,
Revere,2017,https://files.aptuitivcdn.com/K9gxWNkmZ2-1856/docs/2017_official_election_results_summary_and_by_precinct.pdf,result,catalog,wayback,
Revere,2018,https://files.aptuitivcdn.com/DZAwJB3wVW-1030/docs/Development/2018-Annual-Report.pdf,atr,nodes,wayback,
Revere,2018,https://files.aptuitivcdn.com/GB7r14nbKy-1182/files/electionresults/pdf/2018-09-04.pdf,result,catalog,wayback,
Revere,2018,https://files.aptuitivcdn.com/GB7r14nbKy-1182/files/electionresults/pdf/2018-11-06.pdf,result,catalog,wayback,
Revere,2018,https://files.aptuitivcdn.com/K9gxWNkmZ2-1856/docs/2018-Fairbanks-MS4-Annual-Report_FINAL.pdf,atr,nodes,wayback,
Revere,2018,https://files.aptuitivcdn.com/K9gxWNkmZ2-1856/docs/2018_official_election_results_summary_and_by_precinct.pdf,result,catalog,wayback,
Revere,2019,https://files.aptuitivcdn.com/DZAwJB3wVW-1030/docs/Development/2019-CCM-Annual-Report.pdf,atr,nodes,wayback,
Revere,2019,https://files.aptuitivcdn.com/EzoynNLyL2-1704/docs/ms4/Final_2019_Bolton_MS4_Annual_Report.pdf,atr,nodes,wayback,
Revere,2019,https://files.aptuitivcdn.com/GB7r14nbKy-1182/files/electionresults/pdf/2019-11-05.pdf,result,catalog,wayback,
Revere,2019,https://files.aptuitivcdn.com/JxEdylMPMz-1515/docs/Proteome-Sciences-plc_Annual-Report-and-Accounts-2019.pdf,atr,nodes,wayback,
Revere,2019,https://files.aptuitivcdn.com/K9gxWNkmZ2-1856/docs/2019-Final-Fairbanks-MS4-Annual-Report-with-signatures.pdf,atr,nodes,wayback,
Revere,2019,https://files.aptuitivcdn.com/K9gxWNkmZ2-1856/docs/2019_fecc_annual_report.pdf,atr,nodes,wayback,
Revere,2019,https://files.aptuitivcdn.com/K9gxWNkmZ2-1856/docs/2019_official_election_results_summary_and_by_precinct.pdf,result,catalog,wayback,
Revere,2019,https://files.aptuitivcdn.com/eGVOpZw261-1791/docs/2019-Annual-Report-Rework-8-13-1.pdf,atr,nodes,wayback,
Revere,2020,https://files.aptuitivcdn.com/DZAwJB3wVW-1030/docs/News/Agency%20Publications/CCM_AnnualRpt_2020.pdf,atr,nodes,wayback,
Revere,2020,https://files.aptuitivcdn.com/EzoynNLyL2-1704/docs/ms4/Draft_2020_Bolton_MS4_Annual_Report.pdf,atr,nodes,wayback,
Revere,2020,https://files.aptuitivcdn.com/EzoynNLyL2-1704/docs/ms4/Final_2020_Bolton_MS4_Annual_Report.pdf,atr,nodes,wayback,
Revere,2020,https://files.aptuitivcdn.com/K9gxWNkmZ2-1856/docs/2020-Fairbanks-MS4-Annual-ReportFINAL.1-25-21.pdf,atr,nodes,wayback,
Revere,2020,https://files.aptuitivcdn.com/K9gxWNkmZ2-1856/docs/2020_fecc_annual_report.pdf,atr,nodes,wayback,
Revere,2020,https://files.aptuitivcdn.com/K9gxWNkmZ2-1856/docs/2020_official_election_results_summary_and_by_precinct.pdf,result,catalog,wayback,
Revere,2020,https://files.aptuitivcdn.com/eGVOpZw261-1791/docs/2020-Annual-Report-1.pdf,atr,nodes,wayback,
Richmond,2011,http://www.richmondma.org/vertical/sites/%7B9DC0A798-F1C3-4B1E-8269-2CF29B5BB3F8%7D/uploads/RICHMOND_2011_TOWN_REPORT_ONLINE.pdf,atr,nodes,wayback,
Richmond,2012,http://www.richmondma.org/vertical/sites/%7B9DC0A798-F1C3-4B1E-8269-2CF29B5BB3F8%7D/uploads/RICHMOND_TOWN_REPORT_2012_WEB.pdf,atr,nodes,wayback,
Richmond,2014,http://www.richmondma.org/vertical/sites/%7B9DC0A798-F1C3-4B1E-8269-2CF29B5BB3F8%7D/uploads/2014_Richmond_Town_Report_online.pdf,atr,nodes,wayback,
Richmond,2016,http://www.richmondma.org:80/vertical/sites/%7B9DC0A798-F1C3-4B1E-8269-2CF29B5BB3F8%7D/uploads/Richmond_Town_Report_2016_web.pdf,atr,nodes,wayback,
Richmond,2020,http://richmondma.org/2020%20TOWN%20REPORT-WEB%20VERSION.pdf,atr,nodes,wayback,
Rockland,2003,http://www.rockland-ma.gov/sites/rocklandma/files/uploads/2003_rockland_town_report.pdf,atr,nodes,wayback,
Rockland,2003,http://www.rockland-ma.gov:80/pdf/townrpt2003/2003%20Rockland%20Town%20Report.pdf,atr,nodes,wayback,
Rockland,2004,http://www.rockland-ma.gov/pdf/townrpt2004/2004%20Town%20Report.pdf,atr,nodes,wayback,
Rockland,2004,http://www.rockland-ma.gov/sites/rocklandma/files/uploads/2004_town_report.pdf,atr,nodes,wayback,
Rockland,2004,http://www.rockland-ma.gov:80/pdf/townrpt2004/2004%20Town%20Report%20Contents%20Aid.pdf,atr,nodes,wayback,
Rockland,2004,http://www.rockland-ma.gov:80/pdf/townrpt2004/2004%20Town%20Report_part1.pdf,atr,nodes,wayback,
Rockland,2004,http://www.rockland-ma.gov:80/pdf/townrpt2004/2004%20Town%20Report_part2.pdf,atr,nodes,wayback,
Rockland,2004,http://www.rockland-ma.gov:80/pdf/townrpt2004/2004%20Town%20Report_part3.pdf,atr,nodes,wayback,
Rockland,2004,http://www.rockland-ma.gov:80/pdf/townrpt2004/2004%20Town%20Report_part4.pdf,atr,nodes,wayback,
Rockland,2004,http://www.rockland-ma.gov:80/pdf/townrpt2004/2004%20Town%20Report_part5.pdf,atr,nodes,wayback,
Rockland,2004,http://www.rockland-ma.gov:80/pdf/townrpt2004/2004%20Town%20Report_part6.pdf,atr,nodes,wayback,
Rockland,2004,http://www.rockland-ma.gov:80/pdf/townrpt2004/2004%20Town%20Report_part7.pdf,atr,nodes,wayback,
Rockland,2004,http://www.rockland-ma.gov:80/pdf/townrpt2004/2004%20Town%20Report_part8.pdf,atr,nodes,wayback,
Rockland,2005,http://www.rockland-ma.gov/sites/rocklandma/files/uploads/2005_town_report.pdf,atr,nodes,wayback,
Rockland,2005,http://www.rockland-ma.gov:80/pdf/townrpt2005/2005%20Town%20Report.pdf,atr,nodes,wayback,
Rockland,2006,http://www.rockland-ma.gov/pdf/townrpt2006/2006_Town_Report.pdf,atr,nodes,wayback,
Rockland,2006,http://www.rockland-ma.gov/sites/rocklandma/files/uploads/2006_town_report.pdf,atr,nodes,wayback,
Rockland,2007,http://rockland-ma.gov/download/town-reports/2007_Town_Report.pdf,atr,nodes,wayback,
Rockland,2007,http://www.rockland-ma.gov/sites/rocklandma/files/uploads/2007_town_report.pdf,atr,nodes,wayback,
Rockland,2007,http://www.rockland-ma.gov:80/pdf/townrpt2007/2007_Town_Report.pdf,atr,nodes,wayback,
Rockland,2008,http://www.rockland-ma.gov/sites/rocklandma/files/uploads/2008_town_report.pdf,atr,nodes,wayback,
Rockland,2008,http://www.rockland-ma.gov:80/pdf/townrpt2008/2008_Town_Report.pdf,atr,nodes,wayback,
Rockland,2009,http://www.rockland-ma.gov/pdf/townrpt2009/Rockland-2009-Town-Report.pdf,atr,nodes,wayback,
Rockland,2009,http://www.rockland-ma.gov/sites/rocklandma/files/uploads/rockland-2009-town-report.pdf,atr,nodes,wayback,
Rockland,2010,http://rockland-ma.gov/download/town-reports/Rockland-2010-Town-Report.pdf,atr,nodes,wayback,
Rockland,2010,http://www.rockland-ma.gov/sites/rocklandma/files/uploads/rec2010townreport.pdf,atr,nodes,wayback,
Rockland,2010,http://www.rockland-ma.gov/sites/rocklandma/files/uploads/rockland-2010-town-report.pdf,atr,nodes,wayback,
Rockland,2011,http://www.rockland-ma.gov/sites/rocklandma/files/uploads/rockland_2011_town_report_web_report.pdf,atr,nodes,wayback,
Rockland,2012,http://www.rockland-ma.gov/sites/rocklandma/files/uploads/rockland_2012_annual_town_report.pdf,atr,nodes,wayback,
Rockland,2013,http://rockland-ma.gov/download/selectmen-forms/2013%20Annual%20Town%20Report%20Notice%20PDF.pdf,atr,nodes,wayback,
Rockland,2013,http://www.rockland-ma.gov/sites/rocklandma/files/uploads/2013annualtownreport_rocklandma.pdf,atr,nodes,wayback,
Rockland,2014,http://www.rockland-ma.gov/sites/rocklandma/files/uploads/2014_rockland_annual_town_report.pdf,atr,nodes,wayback,
Rockland,2015,http://www.rockland-ma.gov/sites/rocklandma/files/uploads/sra_2015_annual_report.pdf,atr,nodes,wayback,
Rockland,2019,https://www.rockland-ma.gov/DocumentCenter/View/359/04-13-2019-Election-Results-PDF,result,catalog,wayback,
Rockland,2020,https://rockland-ma.gov/DocumentCenter/View/443/November-2020-Election-Results-PDF,result,catalog,docsweep,November 2020 Election Results (PDF)
Rockland,2020,https://www.rockland-ma.gov/DocumentCenter/View/443/November-2020-Election-Results-PDF,result,catalog,wayback,
Rockport,2007,http://www.rockportma.gov/sites/rockportma/files/uploads/town_of_rockport_harbor_advisory_committee_annual_report_for_2007.pdf,atr,nodes,wayback,
Rockport,2009,http://www.rockportma.gov/sites/rockportma/files/uploads/millbrook_meadow_annual_report_2009.pdf,atr,nodes,wayback,
Rockport,2010,http://www.rockportma.gov/sites/rockportma/files/uploads/millbrook_meadow_annual_report_2010.pdf,atr,nodes,wayback,
Rockport,2011,http://www.rockportma.gov/sites/rockportma/files/uploads/millbrook_meadow_annual_report_2011.pdf,atr,nodes,wayback,
Rockport,2012,http://www.rockportma.gov/sites/rockportma/files/uploads/millbrook_meadow_annual_report_2012.pdf,atr,nodes,wayback,
Rockport,2013,http://www.rockportma.gov/sites/rockportma/files/uploads/hac_annual_report_2013.pdf,atr,nodes,wayback,
Rockport,2013,http://www.rockportma.gov/sites/rockportma/files/uploads/millbrook_meadow_annual_report_2013.pdf,atr,nodes,wayback,
Rockport,2014,http://www.rockportma.gov/sites/rockportma/files/uploads/millbrook_meadow_annual_report_2014.pdf,atr,nodes,wayback,
Rockport,2015,http://www.rockportma.gov/sites/rockportma/files/pages/2015_annual_report.pdf,atr,nodes,wayback,
Rockport,2015,http://www.rockportma.gov/sites/rockportma/files/uploads/2015_annual_report_0.pdf,atr,nodes,wayback,
Rockport,2015,http://www.rockportma.gov/sites/rockportma/files/uploads/millbrook_meadow_annual_report_2015.pdf,atr,nodes,wayback,
Rockport,2015,http://www.rockportma.gov:80/sites/rockportma/files/uploads/hac_2015_annual_report.pdf,atr,nodes,wayback,
Rockport,2015,https://www.rockportma.gov/sites/g/files/vyhlif1141/f/pages/2015_annual_report_0.pdf,atr,nodes,wayback,
Rockport,2015,https://www.rockportma.gov/sites/g/files/vyhlif1141/f/uploads/hac_2015_annual_report.pdf,atr,nodes,wayback,
Rockport,2016,https://www.rockportma.gov/sites/g/files/vyhlif1141/f/uploads/millbrook_meadow_annual_report_2016_1_0.pdf,atr,nodes,wayback,
Rockport,2017,https://www.rockportma.gov/sites/g/files/vyhlif1141/f/uploads/millbrook_meadow_annual_report_2017.pdf,atr,nodes,wayback,
Rockport,2017,https://www.rockportma.gov/sites/g/files/vyhlif1141/f/uploads/rights_of_way_item_for_2017_town_report.pdf,atr,nodes,wayback,
Rockport,2017,https://www.rockportma.gov/sites/rockportma/files/uploads/millbrook_meadow_annual_report_2017.pdf,atr,nodes,wayback,
Rockport,2017,https://www.rockportma.gov/sites/rockportma/files/uploads/rights_of_way_item_for_2017_town_report.pdf,atr,nodes,wayback,
Rockport,2018,https://www.rockportma.gov/sites/g/files/vyhlif1141/f/pages/ahwc_town_report_2018.pdf,atr,nodes,wayback,
Rockport,2018,https://www.rockportma.gov/sites/g/files/vyhlif1141/f/uploads/millbrook_meadow_annual_report_2018_rev_01-14-19.pdf,atr,nodes,wayback,
Rockport,2018,https://www.rockportma.gov/sites/g/files/vyhlif1141/f/uploads/rights_of_way_item_for_2018_town_report.pdf,atr,nodes,wayback,
Rockport,2018,https://www.rockportma.gov/sites/rockportma/files/uploads/2018_town_report_0.pdf,atr,nodes,wayback,
Rockport,2018,https://www.rockportma.gov/sites/rockportma/files/uploads/millbrook_meadow_annual_report_2018_rev_01-14-19.pdf,atr,nodes,wayback,
Rockport,2018,https://www.rockportma.gov/sites/rockportma/files/uploads/rights_of_way_item_for_2018_town_report.pdf,atr,nodes,wayback,
Rockport,2019,https://www.rockportma.gov/sites/g/files/vyhlif1141/f/uploads/millbrook_meadow_annual_report_2019_rev_01-03-20.pdf,atr,nodes,wayback,
Rockport,2019,https://www.rockportma.gov/sites/g/files/vyhlif1141/f/uploads/rights_of_way_2019_annual_report.pdf,atr,nodes,wayback,
Rockport,2020,https://www.rockportma.gov/sites/g/files/vyhlif1141/f/pages/millbrook_meadow_annual_report_2020_rev_02-11-21b.pdf,atr,nodes,wayback,
Rockport,2020,https://www.rockportma.gov/sites/g/files/vyhlif1141/f/uploads/2020_town_report.pdf,atr,nodes,wayback,
Rockport,2020,https://www.rockportma.gov/sites/g/files/vyhlif1141/f/uploads/rights_of_way_annual_report_2020_final.pdf,atr,nodes,wayback,
Rowe,2000,https://rowe-ma.gov/files/2000_Annual_Town_Report.pdf,atr,nodes,wayback,
Rowe,2001,https://rowe-ma.gov/files/2001_Annual_Town_Report.pdf,atr,nodes,wayback,
Rowe,2002,https://rowe-ma.gov/files/2002_Annual_Town_Report.pdf,atr,nodes,wayback,
Rowe,2003,https://rowe-ma.gov/files/2003_Annual_Town_Report.pdf,atr,nodes,wayback,
Rowe,2004,https://rowe-ma.gov/files/2004_Annual_Town_Report.pdf,atr,nodes,wayback,
Rowe,2005,https://rowe-ma.gov/files/2005_Annual_Town_Report.pdf,atr,nodes,wayback,
Rowe,2006,https://rowe-ma.gov/files/2006_Annual_Town_Report.pdf,atr,nodes,wayback,
Rowe,2007,https://rowe-ma.gov/files/2007_Annual_Town_Report.pdf,atr,nodes,wayback,
Rowe,2008,https://rowe-ma.gov/files/2008_Annual_Town_Report.pdf,atr,nodes,wayback,
Rowe,2009,https://rowe-ma.gov/files/2009_Annual_Town_Report.pdf,atr,nodes,wayback,
Rowe,2010,https://rowe-ma.gov/files/2010_Annual_Town_Report.pdf,atr,nodes,wayback,
Rowe,2011,https://rowe-ma.gov/files/2011_Annual_Town_Report.pdf,atr,nodes,wayback,
Rowe,2012,https://rowe-ma.gov/files/2012_Annual_Town_Report.pdf,atr,nodes,wayback,
Rowe,2013,http://rowe-ma.gov/pages/rowema_news/015A23EE-000F8513.9/Rowe%20Annual%20Town%20Election%20results%205-18-2013.pdf,result,catalog,wayback,
Rowe,2013,http://rowe-ma.gov/pages/rowema_news/I015A258B.9/Rowe%20Annual%20Town%20Election%20results%205-18-2013.pdf,result,catalog,wayback,
Rowe,2013,https://rowe-ma.gov/files/2013_Annual_Town_Report.pdf,atr,nodes,wayback,
Rowe,2013,"https://rowe-ma.gov/files/CON,_2013_Annual_Report.pdf",atr,nodes,sitemap,
Rowe,2013,https://rowe-ma.gov/files/CON_2013_Annual_Report-CON_2013_Annual_Report.pdf,atr,nodes,wayback,
Rowe,2013,https://rowe-ma.gov/news/newsfile_10_Rowe_Annual_Town_Election_results_5-18-2013.pdf,result,catalog,wayback,
Rowe,2014,https://rowe-ma.gov/files/2014_Annual_Town_Report.pdf,atr,nodes,wayback,
Rowe,2015,https://rowe-ma.gov/files/2015_Annual_Town_Report.pdf,atr,nodes,wayback,
Rowe,2016,http://rowe-ma.gov/pages/rowema_news/Election%20Results%2005-14-2016.pdf,result,catalog,wayback,
Rowe,2016,https://rowe-ma.gov/files/2016_Annual_Town_Report.pdf,atr,nodes,wayback,
Rowe,2017,https://rowe-ma.gov/files/2017_Annual_Town_Report.pdf,atr,nodes,wayback,
Rowe,2018,https://rowe-ma.gov/files/2018_Annual_Town_Report.pdf,atr,nodes,wayback,
Rowe,2018,https://rowe-ma.gov/news/newsfile_40_2018_TOWN_REPORT.pdf,atr,nodes,wayback,
Rowe,2019,https://rowe-ma.gov/files/2019_Annual_Town_REPORT.pdf,atr,nodes,wayback,
Rowe,2019,https://rowe-ma.gov/files/Rowe_Election_Results_5-18-2019.doc,result,catalog,sitemap,
Rowe,2019,https://rowe-ma.gov/news/newsfile_1078_2019_TOWN_REPORT.pdf,atr,nodes,wayback,
Rowe,2020,https://rowe-ma.gov/files/2020-06-27_Local_Election_Results.pdf,result,catalog,wayback,
Rowe,2020,https://rowe-ma.gov/files/2020_Annual_Town_Report.pdf,atr,nodes,wayback,
Rowe,2020,https://rowe-ma.gov/news/newsfile_1081_2020-06-27_Local_Election_Results.pdf,result,catalog,wayback,
Rowley,2006,https://www.townofrowley.net/sites/g/files/vyhlif4956/f/uploads/townreport_2006_vol_2.1.pdf,atr,nodes,wayback,
Rowley,2006,https://www.townofrowley.net/sites/g/files/vyhlif4956/f/uploads/townreport_2006_vol_2.2.pdf,atr,nodes,wayback,
Rowley,2006,https://www.townofrowley.net/sites/g/files/vyhlif4956/f/uploads/townreport_2006_vol_2.3.pdf,atr,nodes,wayback,
Rowley,2006,https://www.townofrowley.net/sites/g/files/vyhlif4956/f/uploads/townreport_2006_vol_2.4.pdf,atr,nodes,wayback,
Rowley,2006,https://www.townofrowley.net/sites/g/files/vyhlif4956/f/uploads/townreport_2006_vol_2.5.pdf,atr,nodes,wayback,
Rowley,2006,https://www.townofrowley.net/sites/g/files/vyhlif4956/f/uploads/townreport_2006_vol_2.6.pdf,atr,nodes,wayback,
Rowley,2010,http://www.townofrowley.net/pdf/2010_TOWN_REPORT.pdf,atr,nodes,wayback,
Rowley,2010,https://www.townofrowley.net/sites/g/files/vyhlif4956/f/uploads/2010_town_report.pdf,atr,nodes,wayback,
Rowley,2014,http://www.townofrowley.net/pdf/150428_Annual_Report_2014.pdf,atr,nodes,wayback,
Rowley,2014,https://www.townofrowley.net/sites/g/files/vyhlif4956/f/uploads/150428_annual_report_2014.pdf,atr,nodes,wayback,
Rowley,2015,https://www.townofrowley.net/sites/g/files/vyhlif4956/f/uploads/160420-2015_townreport.pdf,atr,nodes,wayback,
Rowley,2016,https://www.townofrowley.net/sites/g/files/vyhlif4956/f/uploads/170420_2016_annual_report.pdf,atr,nodes,wayback,
Rowley,2017,https://www.townofrowley.net/sites/g/files/vyhlif4956/f/uploads/180509_2017_townreport.pdf,atr,nodes,wayback,
Rowley,2018,https://www.townofrowley.net/sites/g/files/vyhlif4956/f/uploads/2018_town_report.pdf,atr,nodes,wayback,
Rowley,2019,https://www.townofrowley.net/sites/g/files/vyhlif4956/f/uploads/town_report_2019.pdf,atr,nodes,wayback,
Rowley,2020,https://www.townofrowley.net/sites/g/files/vyhlif4956/f/uploads/2020_annual_town_report_0.pdf,atr,nodes,wayback,
Royalston,2014,http://www.royalston-ma.gov/Wordpress/wp-content/uploads/2014/01/FY2014-Annual-Report-pdf.pdf,atr,nodes,wayback,
Royalston,2020,https://www.royalston-ma.gov/sites/g/files/vyhlif1151/f/uploads/11-3-2020_presidental_election_results.pdf,result,catalog,wayback,
Salem,2000,https://www.salemma.gov/DocumentCenter/View/1670/2000-to-2009-Election-Results-PDF,result,catalog,wayback,
Salem,2000,https://www.salemma.gov/sites/g/files/vyhlif12836/f/pages/2000_-_2009_election_results_0.pdf,result,catalog,wayback,
Salem,2010,https://www.salemma.gov/DocumentCenter/View/1671/2010-to-September-2019-Election-Results-PDF,result,catalog,wayback,
Salem,2010,https://www.salemma.gov/sites/g/files/vyhlif12836/f/pages/2010_-_sep-2019_election_results_0.pdf,result,catalog,wayback,
Salem,2019,https://www.salemma.gov/DocumentCenter/View/1673/November-2019-to-November-2020-Election-Results-PDF,result,catalog,wayback,
Salem,2019,https://www.salemma.gov/sites/g/files/vyhlif12836/f/pages/nov-2019_-_nov_2020_election_results_0.pdf,result,catalog,wayback,
Salem,2019,https://www.salemma.gov/sites/g/files/vyhlif7986/f/pages/nov-2019_-_nov_2020_election_results_0.pdf,result,catalog,wayback,
Salisbury,2010,http://www.salisburyma.gov/sites/salisburyma/files/file/file/unofficial_election_results_town_election_may_10_2010.pdf,result,catalog,wayback,
Salisbury,2010,https://www.salisburyma.gov/sites/salisburyma/files/file/file/official_election_results_town_election_may_10_2010.pdf,result,catalog,wayback,
Salisbury,2011,http://www.salisburyma.gov/sites/salisburyma/files/file/file/tcelectionresults2011.pdf,result,catalog,wayback,
Salisbury,2012,http://www.salisburyma.gov/sites/salisburyma/files/file/file/tcelectionresults2012.pdf,result,catalog,wayback,
Salisbury,2013,http://www.salisburyma.gov/sites/salisburyma/files/file/file/fy2013_town_report.pdf,atr,nodes,wayback,
Salisbury,2013,http://www.salisburyma.gov/sites/salisburyma/files/file/file/tcelectionresults2013.pdf,result,catalog,wayback,
Sandisfield,2016,http://www.sandisfieldma.gov/sites/sandisfieldma/files/uploads/2016-election-results.pdf,result,catalog,wayback,
Sandisfield,2017,https://www.sandisfieldma.gov/sites/g/files/vyhlif1171/f/uploads/2017_sandisfield_annual_report.pdf,atr,nodes,wayback,
Sandisfield,2018,https://www.sandisfieldma.gov/sites/g/files/vyhlif1171/f/uploads/annual_report_2018.pdf,atr,nodes,wayback,
Sandisfield,2020,https://www.sandisfieldma.gov/sites/g/files/vyhlif1171/f/news/annual_town_election_results_6_2020_0.pdf,result,catalog,wayback,
Sandwich,2007,http://sandwichmass.org/PublicDocuments/2007%20Annual%20Town%20Report.pdf,atr,nodes,wayback,
Sandwich,2008,http://sandwichmass.org/PublicDocuments/2008%20Annual%20Town%20Report.pdf,atr,nodes,wayback,
Sandwich,2008,"http://sandwichmass.org/PublicDocuments/Election%20Results%20May%208,%202008.pdf",result,catalog,wayback,
Sandwich,2009,http://sandwichmass.org/PublicDocuments/2009%20Annual%20Town%20Report.pdf,atr,nodes,wayback,
Sandwich,2009,"http://sandwichmass.org/PublicDocuments/Election%20Results%20May%207,%202009.pdf",result,catalog,wayback,
Sandwich,2010,"http://sandwichmass.org/PublicDocuments/Election%20Results%20September%2014,%202010.pdf",result,catalog,wayback,
Sandwich,2010,"http://sandwichmass.org/PublicDocuments/May%206,%202010%20Election%20Results.pdf",result,catalog,wayback,
Sandwich,2011,"http://www.sandwichmass.org/PublicDocuments/Election%20Results%20May%205,%202011.pdf",result,catalog,wayback,
Sandwich,2012,http://www.sandwichmass.org/PublicDocuments/2012%20Annual%20Town%20Report.pdf,atr,nodes,wayback,
Sandwich,2013,http://sandwichmass.org:80/PublicDocuments/2013%20Annual%20Town%20Report.pdf,atr,nodes,wayback,
Sandwich,2014,http://sandwichmass.org/PublicDocuments/2014%20Annual%20Town%20Report_reduced%20size.pdf,atr,nodes,wayback,
Sandwich,2015,http://sandwichmass.org/PublicDocuments/2015%20Annual%20Town%20Report.pdf,atr,nodes,wayback,
Sandwich,2015,"http://sandwichmass.org/PublicDocuments/May%207,%202015%20Election%20Results.pdf",result,catalog,wayback,
Sandwich,2017,"http://www.sandwichmass.org/PublicDocuments/May%204,%202017%20Election%20Results.pdf",result,catalog,wayback,
Saugus,2012,http://www.saugus-ma.gov/sites/saugusma/files/uploads/fy_2012_annual_report_-_board_of_assessors.pdf,atr,nodes,wayback,
Saugus,2012,http://www.saugus-ma.gov:80/pages/SaugusMA_Assessor/2012%20ANNUAL%20REPORT.pdf,atr,nodes,wayback,
Saugus,2012,https://www.saugus-ma.gov/sites/g/files/vyhlif1181/f/uploads/fy_2012_annual_report_-_board_of_assessors.pdf,atr,nodes,wayback,
Saugus,2015,http://www.saugus-ma.gov/sites/saugusma/files/uploads/official_election_results_11-3-2015.pdf,result,catalog,wayback,
Saugus,2015,http://www.saugus-ma.gov/sites/saugusma/files/uploads/recall_election_results_3-17-2015.pdf,result,catalog,wayback,
Saugus,2015,https://www.saugus-ma.gov/DocumentCenter/View/809/2015-March-17---Recall-Election-Results-PDF,result,catalog,docsweep,2015 March 17 - Recall Election Results (PDF)
Saugus,2015,https://www.saugus-ma.gov/DocumentCenter/View/810/2015-November-3---Official-Election-Results-PDF,result,catalog,docsweep,2015 November 3 - Official Election Results (PDF)
Saugus,2016,http://www.saugus-ma.gov/sites/saugusma/files/uploads/election_results_11-8-2016.pdf,result,catalog,wayback,
Saugus,2016,http://www.saugus-ma.gov/sites/saugusma/files/uploads/precinct_1_results_summary_3-1-2016.pdf,result,catalog,wayback,
Saugus,2016,http://www.saugus-ma.gov/sites/saugusma/files/uploads/precincts_2-10_results_summary_3-1-2016.pdf,result,catalog,wayback,
Saugus,2016,https://www.saugus-ma.gov/DocumentCenter/View/811/2016-March-1---Precincts-2-to-10-Results-Summary-PDF,result,catalog,docsweep,2016 March 1 - Precincts 2 to 10 Results Summary (PDF)
Saugus,2016,https://www.saugus-ma.gov/DocumentCenter/View/813/2016-March-1---Precinct-1-Results-Summary-PDF,result,catalog,docsweep,2016 March 1 - Precinct 1 Results Summary (PDF)
Saugus,2017,https://www.saugus-ma.gov/DocumentCenter/View/815/2017-June-20---Special-Local-Election-Results-PDF,result,catalog,docsweep,2017 June 20 - Special Local Election Results (PDF)
Saugus,2017,https://www.saugus-ma.gov/DocumentCenter/View/816/2017-November-7---Local-Town-Election-Results-PDF,result,catalog,docsweep,2017 November 7 - Local Town Election Results (PDF)
Scituate,2012,http://www.scituatema.gov:80/sites/scituatema/files/file/file/wwc_2012_annual_report.pdf,atr,nodes,wayback,
Scituate,2012,https://www.scituatema.gov/sites/g/files/vyhlif3781/f/pages/scituate-2012-town-report_0.pdf,atr,nodes,wayback,
Scituate,2012,https://www.scituatema.gov/sites/scituatema/files/pages/scituate-2012-town-report_0.pdf,atr,nodes,wayback,
Scituate,2012,https://www.scituatema.gov/sites/scituatema/files/scituate-2012-town-report.pdf,atr,nodes,wayback,
Scituate,2014,http://www.scituatema.gov:80/sites/scituatema/files/file/file/2014_annual_report_boards_and_committees.pdf,atr,nodes,wayback,
Scituate,2015,http://www.scituatema.gov/sites/scituatema/files/2015_annual_town_report.pdf,atr,nodes,wayback,
Scituate,2015,http://www.scituatema.gov:80/sites/scituatema/files/file/file/2015_annual_report_boards_and_committees.pdf,atr,nodes,wayback,
Scituate,2015,https://www.scituatema.gov/sites/g/files/vyhlif3781/f/pages/scituate_2015_town_report_0.pdf,atr,nodes,wayback,
Scituate,2016,http://www.scituatema.gov/sites/scituatema/files/uploads/2016_annual_report_boards_and_committees.pdf,atr,nodes,wayback,
Scituate,2017,https://www.scituatema.gov/sites/g/files/vyhlif3781/f/pages/2017_annual_town_report.pdf,atr,nodes,wayback,
Scituate,2018,https://www.scituatema.gov/sites/g/files/vyhlif3781/f/pages/2018_annual_town_report.pdf,atr,nodes,wayback,
Scituate,2020,https://scituatema.gov/DocumentCenter/View/890/2020_annual_town_election_unofficial_resultspdf,result,catalog,docsweep,2020_annual_town_election_unofficial_results.pdf
Scituate,2020,https://www.scituatema.gov/sites/g/files/vyhlif3781/f/alerts/revised_republican_unoffical_tally_9-1-2020.pdf,result,catalog,wayback,
Seekonk,2009,http://www.seekonk-ma.gov/pages/SeekonkMA_Administration/Annual%20Reports/2009.pdf,atr,nodes,wayback,
Seekonk,2009,https://www.seekonk-ma.gov/sites/g/files/vyhlif1191/f/pages/annual_report_fy_2009.pdf,atr,nodes,wayback,
Seekonk,2010,http://www.seekonk-ma.gov/pages/SeekonkMA_Administration/Annual%20Reports/2010.pdf,atr,nodes,wayback,
Seekonk,2010,https://www.seekonk-ma.gov/sites/g/files/vyhlif1191/f/pages/annual_report_fy_2010.pdf,atr,nodes,wayback,
Seekonk,2011,http://www.seekonk-ma.gov/pages/SeekonkMA_Administration/Annual%20Reports/2011.pdf,atr,nodes,wayback,
Seekonk,2011,https://www.seekonk-ma.gov/sites/g/files/vyhlif1191/f/pages/annual_report_fy_2011.pdf,atr,nodes,wayback,
Seekonk,2012,http://www.seekonk-ma.gov/pages/SeekonkMA_Administration/Annual%20Reports/2012.pdf,atr,nodes,wayback,
Seekonk,2012,https://www.seekonk-ma.gov/sites/g/files/vyhlif1191/f/pages/annual_report_fy_2012.pdf,atr,nodes,wayback,
Seekonk,2013,http://www.seekonk-ma.gov/pages/SeekonkMA_Administration/Annual%20Reports/2013.pdf,atr,nodes,wayback,
Seekonk,2013,https://www.seekonk-ma.gov/sites/g/files/vyhlif1191/f/pages/annual_report_fy_2013.pdf,atr,nodes,wayback,
Seekonk,2014,http://www.seekonk-ma.gov/pages/SeekonkMA_Administration/Annual%20Reports/2014.pdf,atr,nodes,wayback,
Seekonk,2015,http://www.seekonk-ma.gov/pages/SeekonkMA_Administration/Annual%20Reports/2015.pdf,atr,nodes,wayback,
Seekonk,2016,http://seekonk-ma.gov/pages/SeekonkMA_Clerk/TOTAL%20TALLY%20SHEET%20NOV%208%202016%20PRES%20ELECTION.pdf,result,catalog,wayback,
Seekonk,2016,http://www.seekonk-ma.gov/pages/SeekonkMA_Administration/Annual%20Reports/2016.pdf,atr,nodes,wayback,
Seekonk,2016,https://www.seekonk-ma.gov/sites/g/files/vyhlif1191/f/pages/annual_report_2016.docx.pdf,atr,nodes,wayback,
Seekonk,2017,https://www.seekonk-ma.gov/sites/g/files/vyhlif1191/f/pages/annual_report_2017.pdf,atr,nodes,wayback,
Seekonk,2018,https://www.seekonk-ma.gov/DocumentCenter/View/428/Election-Results-November-6-2018-Official-PDF,result,catalog,wayback,
Seekonk,2018,https://www.seekonk-ma.gov/sites/g/files/vyhlif1191/f/pages/annual_report_fy2018.pdf,atr,nodes,wayback,
Seekonk,2018,https://www.seekonk-ma.gov/sites/g/files/vyhlif1191/f/pages/election_results_11-6-2018_official.pdf,result,catalog,wayback,
Seekonk,2018,https://www.seekonk-ma.gov/sites/g/files/vyhlif1191/f/pages/seekonk_public_schools-annual_report_2018.pdf,atr,nodes,wayback,
Seekonk,2019,https://www.seekonk-ma.gov/sites/g/files/vyhlif1191/f/pages/election_results_4-1-2019_0.pdf,result,catalog,wayback,
Seekonk,2020,https://www.seekonk-ma.gov/DocumentCenter/View/429/Election-Results-November-3-2020-Official-PDF,result,catalog,wayback,
Seekonk,2020,https://www.seekonk-ma.gov/sites/g/files/vyhlif1191/f/pages/2019-2020_town_report_for_town_hall.pdf,atr,nodes,wayback,
Seekonk,2020,https://www.seekonk-ma.gov/sites/g/files/vyhlif1191/f/pages/fy_2020_annual_report_1.pdf,atr,nodes,wayback,
Seekonk,2020,https://www.seekonk-ma.gov/sites/g/files/vyhlif1191/f/pages/town_election-june_30_2020_tally_sheet.pdf,result,catalog,wayback,
Sharon,2009,http://www.townofsharon.net/sites/sharonma/files/file/file/2009_annual_town_report.pdf,atr,nodes,wayback,
Sharon,2009,https://www.townofsharon.net/sites/g/files/vyhlif3801/f/file/file/2009_annual_town_report.pdf,atr,nodes,wayback,
Sharon,2010,http://www.townofsharon.net:80/sites/sharonma/files/file/file/2010_annual_town_report.pdf,atr,nodes,wayback,
Sharon,2010,https://www.townofsharon.net/sites/g/files/vyhlif3801/f/file/file/2010_annual_town_report.pdf,atr,nodes,wayback,
Sharon,2011,http://www.townofsharon.net/sites/sharonma/files/file/file/2011_annual_town_report.pdf,atr,nodes,wayback,
Sharon,2011,https://www.townofsharon.net/sites/g/files/vyhlif3801/f/file/file/2011_annual_town_report.pdf,atr,nodes,wayback,
Sharon,2012,http://www.townofsharon.net/sites/sharonma/files/file/file/2012_annual_town_report.pdf,atr,nodes,wayback,
Sharon,2012,https://www.townofsharon.net/sites/g/files/vyhlif3801/f/file/file/2012_annual_town_report.pdf,atr,nodes,wayback,
Sharon,2013,http://www.townofsharon.net/sites/sharonma/files/file/file/2013_town_report_-_for_website_0.pdf,atr,nodes,wayback,
Sharon,2013,http://www.townofsharon.net:80/sites/sharonma/files/file/file/2013_annual_report.pdf,atr,nodes,wayback,
Sharon,2013,http://www.townofsharon.net:80/sites/sharonma/files/file/file/2013_town_report_-_for_website.pdf,atr,nodes,wayback,
Sharon,2013,https://www.townofsharon.net/sites/g/files/vyhlif3801/f/file/file/2013_town_report_-_for_website_0.pdf,atr,nodes,wayback,
Sharon,2014,http://www.townofsharon.net:80/sites/sharonma/files/file/file/2014_sharon_annual_town_reportbw.pdf,atr,nodes,wayback,
Sharon,2014,http://www.townofsharon.net:80/sites/sharonma/files/file/file/2014_sharon_annual_town_reportbw_0.pdf,atr,nodes,wayback,
Sharon,2014,https://www.townofsharon.net/sites/g/files/vyhlif3801/f/file/file/2014_sharon_annual_town_reportbw.pdf,atr,nodes,wayback,
Sharon,2015,http://www.townofsharon.net/sites/sharonma/files/uploads/annual_report_of_the_sharon_police_department_2015.pdf,atr,nodes,wayback,
Sharon,2015,http://www.townofsharon.net:80/sites/sharonma/files/file/file/2015_sharon_annual_town_report_-_final_from_printer.pdf,atr,nodes,wayback,
Sharon,2015,https://www.townofsharon.net/sites/g/files/vyhlif3801/f/file/file/2015_sharon_annual_town_report_-_final_from_printer.pdf,atr,nodes,wayback,
Sharon,2015,https://www.townofsharon.net/sites/g/files/vyhlif3801/f/uploads/2015_disabilities_commission_town_report.pdf,atr,nodes,wayback,
Sharon,2016,https://www.townofsharon.net/sites/g/files/vyhlif3801/f/uploads/2016_disabilities_commission_town_report.pdf,atr,nodes,wayback,
Sharon,2016,https://www.townofsharon.net/sites/g/files/vyhlif3801/f/uploads/2016_sharon_annual_town_report_final.pdf,atr,nodes,wayback,
Sharon,2017,https://www.townofsharon.net/sites/g/files/vyhlif3801/f/uploads/2017_annual_report_of_the_commission_on_disabilities.pdf,atr,nodes,wayback,
Sharon,2017,https://www.townofsharon.net/sites/g/files/vyhlif3801/f/uploads/2017_sharon_annual_town_report_-_paginated.pdf,atr,nodes,wayback,
Sharon,2018,https://www.townofsharon.net/sites/g/files/vyhlif3801/f/pages/2018_annual_report_0_0.pdf,atr,nodes,wayback,
Sharon,2018,https://www.townofsharon.net/sites/g/files/vyhlif3801/f/uploads/2018_annual_report_of_the_commission_on_disabilities.pdf,atr,nodes,wayback,
Sharon,2018,https://www.townofsharon.net/sites/g/files/vyhlif3801/f/uploads/2018_town_report_final.pdf,atr,nodes,wayback,
Sharon,2018,https://www.townofsharon.net/sites/sharonma/files/uploads/2018_town_report_final.pdf,atr,nodes,wayback,
Sharon,2019,https://www.townofsharon.net/sites/g/files/vyhlif3801/f/uploads/2019_annual_report_of_the_commission_on_disabilities.pdf,atr,nodes,wayback,
Sharon,2020,https://www.townofsharon.net/sites/g/files/vyhlif3801/f/uploads/2020_annual_report_of_the_commission_on_disabilities.pdf,atr,nodes,wayback,
Sheffield,2007,http://www.sheffieldma.gov/Pages/SheffieldMA_Admin/Sheffield2007TownReport.pdf,atr,nodes,wayback,
Sheffield,2008,http://www.sheffieldma.gov/Pages/SheffieldMA_WebDocs/2008AnnualReport.pdf,atr,nodes,wayback,
Sheffield,2009,http://www.sheffieldma.gov/Pages/SheffieldMA_WebDocs/2009AnnualReport.pdf,atr,nodes,wayback,
Sheffield,2009,http://www.sheffieldma.gov/Pages/SheffieldMA_WebDocs/TownMeeting-Election2009/AnnualTownMeetingResults2009.pdf,result,catalog,wayback,
Sheffield,2009,http://www.sheffieldma.gov/Pages/SheffieldMA_WebDocs/TownMeeting-Election2009/RevisedAnnualTownElectionResults.pdf,result,catalog,wayback,
Sheffield,2009,http://www.sheffieldma.gov/Pages/SheffieldMA_WebDocs/TownMeeting-Election2009/TownElectionResults.pdf,result,catalog,wayback,
Sheffield,2010,http://www.sheffieldma.gov/Pages/SheffieldMA_WebDocs/2010AnnualReport.pdf,atr,nodes,wayback,
Sheffield,2010,http://www.sheffieldma.gov/Pages/SheffieldMA_WebDocs/TownMeeting-Election2010/2010AnnualTownElectionResults.pdf,result,catalog,wayback,
Sheffield,2010,http://www.sheffieldma.gov/Pages/SheffieldMA_WebDocs/TownMeeting-Election2010/AnnualTownMeetingResults2010.pdf,result,catalog,wayback,
Sheffield,2010,http://www.sheffieldma.gov/Pages/SheffieldMA_WebDocs/TownMeeting-Election2010/SpecialTownMeetingJan2010Results.pdf,result,catalog,wayback,
Sheffield,2010,https://www.sheffieldma.gov/sites/g/files/vyhlif3806/f/uploads/2010annualtownelectionresults.pdf,result,catalog,wayback,
Sheffield,2011,http://www.sheffieldma.gov/Pages/SheffieldMA_WebDocs/2011AnnualReport.pdf,atr,nodes,wayback,
Sheffield,2011,http://www.sheffieldma.gov/Pages/SheffieldMA_WebDocs/TownMeeting-Election2011/062311STMResults.pdf,result,catalog,wayback,
Sheffield,2011,http://www.sheffieldma.gov/Pages/SheffieldMA_WebDocs/TownMeeting-Election2011/2011AnnualTownElectionResults.pdf,result,catalog,wayback,
Sheffield,2011,http://www.sheffieldma.gov/Pages/SheffieldMA_WebDocs/TownMeeting-Election2011/AnnualTownMeetingResults2011.pdf,result,catalog,wayback,
Sheffield,2011,https://www.sheffieldma.gov/sites/g/files/vyhlif3806/f/uploads/2011annualtownelectionresults.pdf,result,catalog,wayback,
Sheffield,2012,http://www.sheffieldma.gov/Pages/SheffieldMA_WebDocs/2012%20Annual%20Town%20Report.pdf,atr,nodes,wayback,
Sheffield,2012,http://www.sheffieldma.gov/Pages/SheffieldMA_WebDocs/TownMeeting-Election2012/AnnualTownMeetingResults2012.pdf,result,catalog,wayback,
Sheffield,2013,http://www.sheffieldma.gov/Pages/SheffieldMA_WebDocs/2013AnnualElectionResults.pdf,result,catalog,wayback,
Sheffield,2013,https://www.sheffieldma.gov/sites/g/files/vyhlif3806/f/uploads/2013annualelectionresults.pdf,result,catalog,wayback,
Sheffield,2015,http://sheffieldma.gov/Pages/SheffieldMA_WebDocs/2015TownReportWEB.pdf,atr,nodes,wayback,
Sheffield,2015,https://www.sheffieldma.gov/sites/g/files/vyhlif3806/f/uploads/2015townreportweb.pdf,atr,nodes,wayback,
Sheffield,2015,https://www.sheffieldma.gov/sites/g/files/vyhlif3806/f/uploads/resultselectionmarch2015.pdf,result,catalog,wayback,
Sheffield,2016,https://www.sheffieldma.gov/sites/g/files/vyhlif3806/f/uploads/2016_annual_report.pdf,atr,nodes,wayback,
Sheffield,2017,https://www.sheffieldma.gov/sites/g/files/vyhlif3806/f/uploads/sheffield_2017_town_report_for_web.pdf,atr,nodes,wayback,
Sheffield,2018,https://www.sheffieldma.gov/sites/g/files/vyhlif3806/f/uploads/2018_annual_town_report.pdf,atr,nodes,wayback,
Sheffield,2019,https://www.sheffieldma.gov/sites/g/files/vyhlif3806/f/uploads/2019_annual_report_for_website.pdf,atr,nodes,wayback,
Sheffield,2020,https://www.sheffieldma.gov/sites/g/files/vyhlif3806/f/uploads/2020_sheffield_town_report_web_version.pdf,atr,nodes,wayback,
Shelburne,2006,https://townofshelburne.com/files/2006_Open_Space_annual_report.pdf,atr,nodes,wayback,
Shelburne,2007,http://townofshelburne.com/documents/OpenSpaceCommittee/2007_open_space_annual_report.pdf,atr,nodes,wayback,
Shelburne,2011,https://townofshelburne.com/files/2011_Open_Space_annual_report.pdf,atr,nodes,wayback,
Shelburne,2012,https://townofshelburne.com/files/2012_Open_Space_annual_report.pdf,atr,nodes,wayback,
Shelburne,2013,https://townofshelburne.com/files/2013_Open_Space_annual_report.pdf,atr,nodes,wayback,
Shelburne,2014,https://townofshelburne.com/files/2014_Open_Space_annual_report.pdf,atr,nodes,wayback,
Shelburne,2015,https://townofshelburne.com/files/2015_Open_Space_annual_report.pdf,atr,nodes,wayback,
Shelburne,2015,https://townofshelburnema.gov/files/2015_Open_Space_annual_report.pdf,atr,nodes,sitemap,
Shelburne,2016,https://townofshelburne.com/files/2016_Open_Space_annual_report.pdf,atr,nodes,wayback,
Shelburne,2016,https://townofshelburnema.gov/files/2016_Open_Space_annual_report.pdf,atr,nodes,sitemap,
Shelburne,2017,https://townofshelburne.com/files/2017_Open_Space_annual_report.pdf,atr,nodes,wayback,
Shelburne,2017,https://townofshelburnema.gov/files/2017_Open_Space_annual_report.pdf,atr,nodes,sitemap,
Shelburne,2018,https://townofshelburne.com/files/2018_Open_Space_annual_report.pdf,atr,nodes,wayback,
Shelburne,2018,https://townofshelburnema.gov/files/2018_Open_Space_annual_report.pdf,atr,nodes,sitemap,
Shelburne,2019,https://townofshelburne.com/files/2019_Open_Space_annual_report.pdf,atr,nodes,wayback,
Shelburne,2019,https://townofshelburnema.gov/files/2019_Open_Space_annual_report.pdf,atr,nodes,sitemap,
Shelburne,2020,https://townofshelburne.com/files/2020_Open_Space_annual_report.pdf,atr,nodes,wayback,
Shelburne,2020,https://townofshelburne.com/files/SHA_FY_2020_Annual_Report.pdf,atr,nodes,wayback,
Shelburne,2020,https://townofshelburnema.gov/files/2020_Open_Space_annual_report.pdf,atr,nodes,sitemap,
Shelburne,2020,https://townofshelburnema.gov/files/SHA_FY_2020_Annual_Report.pdf,atr,nodes,sitemap,
Sherborn,2009,http://sherbornma.org/pages/SherbornMA_RecyclingMin/2009/2009Recycling%20Committee%20Annual%20Report%20final.pdf,atr,nodes,wayback,
Sherborn,2013,http://sherbornma.org/Pages/SherbornMA_BComm/Selectmen/2013%20Annual%20Town%20Report.pdf,atr,nodes,wayback,
Sherborn,2018,https://www.sherbornma.org/sites/g/files/vyhlif1201/f/pages/2018_annual_report.pdf,atr,nodes,wayback,
Sherborn,2019,https://www.sherbornma.org/sites/g/files/vyhlif1201/f/pages/2019_annual_report.pdf,atr,nodes,wayback,
Sherborn,2020,https://www.sherbornma.org/sites/g/files/vyhlif1201/f/pages/2020_annual_report.pdf,atr,nodes,wayback,
Shirley,2003,http://www.shirley-ma.gov:80/userfiles/2003_annual_report.pdf,atr,nodes,wayback,
Shirley,2006,https://www.shirley-ma.gov/sites/g/files/vyhlif5001/f/pages/5-9-2006_election_results.pdf,result,catalog,wayback,
Shirley,2006,https://www.shirley-ma.gov/sites/g/files/vyhlif5001/f/pages/9-13-2006_election_results.pdf,result,catalog,wayback,
Shirley,2007,https://www.shirley-ma.gov/sites/g/files/vyhlif5001/f/pages/10-16-2007_election_results.pdf,result,catalog,wayback,
Shirley,2007,https://www.shirley-ma.gov/sites/g/files/vyhlif5001/f/pages/5-8-2007_election_results.pdf,result,catalog,wayback,
Shirley,2008,https://www.shirley-ma.gov/sites/g/files/vyhlif5001/f/pages/11-4-2008_override_election_results.pdf,result,catalog,wayback,
Shirley,2008,https://www.shirley-ma.gov/sites/g/files/vyhlif5001/f/pages/2-5-2008_election_results.pdf,result,catalog,wayback,
Shirley,2008,https://www.shirley-ma.gov/sites/g/files/vyhlif5001/f/pages/5-13-2008_election_results.pdf,result,catalog,wayback,
Shirley,2008,https://www.shirley-ma.gov/sites/g/files/vyhlif5001/f/pages/9-9-2008_town_election_results.pdf,result,catalog,wayback,
Shirley,2009,https://www.shirley-ma.gov/sites/g/files/vyhlif5001/f/pages/5-12-2009_town_election_results.pdf,result,catalog,wayback,
Shirley,2009,https://www.shirley-ma.gov/sites/g/files/vyhlif5001/f/pages/9-15-2009_election_results.pdf,result,catalog,wayback,
Shirley,2010,https://www.shirley-ma.gov/sites/g/files/vyhlif5001/f/pages/1-19-2010_election_results.pdf,result,catalog,wayback,
Shirley,2010,https://www.shirley-ma.gov/sites/g/files/vyhlif5001/f/pages/11-2-2010_shirley_preliminary_election_results.pdf,result,catalog,wayback,
Shirley,2010,https://www.shirley-ma.gov/sites/g/files/vyhlif5001/f/pages/5-11-2010_election_results.pdf,result,catalog,wayback,
Shirley,2011,https://www.shirley-ma.gov/sites/g/files/vyhlif5001/f/pages/2-5-_2011_election_result.pdf,result,catalog,wayback,
Shirley,2011,https://www.shirley-ma.gov/sites/g/files/vyhlif5001/f/pages/5-10-2011_election_results.pdf,result,catalog,wayback,
Shirley,2011,https://www.shirley-ma.gov/sites/g/files/vyhlif5001/f/pages/5-21-2011_election_results.pdf,result,catalog,wayback,
Shirley,2012,https://www.shirley-ma.gov/sites/g/files/vyhlif5001/f/pages/11-17-2012_special_school_election_results.pdf,result,catalog,wayback,
Shirley,2012,https://www.shirley-ma.gov/sites/g/files/vyhlif5001/f/pages/5-15-2012_town_election_results.pdf,result,catalog,wayback,
Shirley,2013,http://www.shirley-ma.gov/pages/shirleyma_clerk/ElectionDocs/2013_0430%20Annual%20Town%20Election%20Results.pdf,result,catalog,wayback,
Shirley,2013,https://www.shirley-ma.gov/sites/g/files/vyhlif5001/f/pages/4-30-2013_annual_town_election_results.pdf,result,catalog,wayback,
Shirley,2013,https://www.shirley-ma.gov/sites/g/files/vyhlif5001/f/pages/6-25-2013_final_results_town_election.pdf,result,catalog,wayback,
Shirley,2014,http://www.shirley-ma.gov/Pages/ShirleyMA_Bcomm/Health/drhhpcc2014annualrpt.pdf,atr,nodes,wayback,
Shirley,2014,https://www.shirley-ma.gov/sites/g/files/vyhlif5001/f/pages/5-13-2014_town_election_results.pdf,result,catalog,wayback,
Shirley,2017,https://www.shirley-ma.gov/DocumentCenter/View/278/2017-05-02-Annual-Town-Election-Results-PDF,result,catalog,wayback,
Shirley,2017,https://www.shirley-ma.gov/DocumentCenter/View/303/2017-09-12-Debt-Exclusion-Election-Results-PDF,result,catalog,wayback,
Shirley,2017,https://www.shirley-ma.gov/sites/g/files/vyhlif5001/f/pages/11-7-2017_election_results.pdf,result,catalog,wayback,
Shirley,2017,https://www.shirley-ma.gov/sites/g/files/vyhlif5001/f/pages/annual_report_2017_final.pdf,atr,nodes,wayback,
Shirley,2018,https://www.shirley-ma.gov/DocumentCenter/View/277/2018-05-01-Annual-Town-Election-Results-PDF,result,catalog,wayback,
Shirley,2018,https://www.shirley-ma.gov/DocumentCenter/View/310/2018-10-06--Regional-School-District-Election-Combined-Results-PDF,result,catalog,wayback,
Shirley,2018,https://www.shirley-ma.gov/DocumentCenter/View/325/2018-12-11-Debt-Exclusion-Election-Results-PDF,result,catalog,wayback,
Shirley,2018,https://www.shirley-ma.gov/sites/g/files/vyhlif5001/f/uploads/annual_town_report_fy2018.pdf,atr,nodes,wayback,
Shirley,2019,https://www.shirley-ma.gov/DocumentCenter/View/283/2019-05-07-Annual-Town-Election-Results-PDF,result,catalog,wayback,
Shirley,2019,https://www.shirley-ma.gov/DocumentCenter/View/309/2019-09-28-Debt-Exclusion-Election-Results-PDF,result,catalog,wayback,
Shirley,2019,https://www.shirley-ma.gov/sites/g/files/vyhlif5001/f/pages/official_results_may_7_2019_annual_town_election.pdf,result,catalog,wayback,
Shirley,2019,https://www.shirley-ma.gov/sites/g/files/vyhlif5001/f/uploads/official_results_may_7_2019_annual_town_election.pdf,result,catalog,wayback,
Shirley,2020,https://www.shirley-ma.gov/DocumentCenter/View/294/2020-06-23-Annual-Town-Election-Results-PDF,result,catalog,wayback,
Shirley,2020,https://www.shirley-ma.gov/DocumentCenter/View/297/2020-09-01-Democratic-Election-Results-PDF,result,catalog,wayback,
Shirley,2020,https://www.shirley-ma.gov/sites/g/files/vyhlif5001/f/pages/06-02-2020_election_results.pdf,result,catalog,wayback,
Shirley,2020,https://www.shirley-ma.gov/sites/g/files/vyhlif5001/f/pages/06-23-2020_election_results.pdf,result,catalog,wayback,
Shirley,2020,https://www.shirley-ma.gov/sites/g/files/vyhlif5001/f/pages/official_results_of_11-3-2020_election_as_of_11-6-2020.pdf,result,catalog,wayback,
Shutesbury,2012,http://www.shutesbury.org/sites/default/files/offices_committees/town_clerk/results/120125%20Recount%20of%20the%20January%2010%2C%202012%20Special%20Debt%20Excluded%20Override%20Election%20Referendum.pdf,result,catalog,wayback,
Shutesbury,2016,https://www.shutesbury.org/sites/default/files/files-and-images/Annual%20Town%20Reports/AnnualTownReport_FY2016_rev.pdf,atr,nodes,wayback,
Shutesbury,2016,https://www.shutesbury.org/sites/default/files/files-and-images/Town%20Meeting/annual%20reports/AnnualReport_FY2016_rev.pdf,atr,nodes,wayback,
Shutesbury,2017,https://www.shutesbury.org/sites/default/files/files-and-images/Annual%20Town%20Reports/AnnualTownReport_FY2017_rev.pdf,atr,nodes,wayback,
Shutesbury,2017,https://www.shutesbury.org/sites/default/files/files-and-images/Town%20Meeting/annual%20reports/AnnualReport_FY2017_rev.pdf,atr,nodes,wayback,
Shutesbury,2018,https://www.shutesbury.org/sites/default/files/files-and-images/Annual%20Town%20Reports/AnnualTownReport_FY2018.pdf,atr,nodes,wayback,
Shutesbury,2018,https://www.shutesbury.org/sites/default/files/files-and-images/Town%20Meeting/annual%20reports/AnnualReport_FY2018.pdf,atr,nodes,wayback,
Shutesbury,2018,https://www.shutesbury.org/sites/default/files/offices_committees/mpwg/MPWG_Annual_Report_2018.pdf,atr,nodes,wayback,
Shutesbury,2019,https://www.shutesbury.org/sites/default/files/files-and-images/Annual%20Town%20Reports/AnnualTownReport_FY2019.pdf,atr,nodes,wayback,
Shutesbury,2019,https://www.shutesbury.org/sites/default/files/files-and-images/Town%20Meeting/annual%20reports/AnnualReport_FY2019.pdf,atr,nodes,wayback,
Shutesbury,2020,https://shutesbury.org/sites/default/files/offices_committees/planning_board/ProjectDocs/2020%20Wheelock%20Special%20Use%20Permit%20Annual%20Report.pdf,atr,nodes,wayback,
Shutesbury,2020,https://www.shutesbury.org/sites/default/files/files-and-images/Annual%20Town%20Reports/AnnualTownReport_FY2020.pdf,atr,nodes,wayback,
Shutesbury,2020,https://www.shutesbury.org/sites/default/files/offices_committees/cemetery/CemeteryCom%20Annual%20Report_FY2020.pdf,atr,nodes,wayback,
Somerset,2014,http://www.townofsomerset.org/sites/somersetma/files/uploads/tally-sheet-nov-4-2014.pdf,result,catalog,wayback,
Somerset,2014,https://www.townofsomerset.org/sites/g/files/vyhlif3821/f/uploads/tally-sheet-nov-4-2014.pdf,result,catalog,wayback,
Somerset,2016,http://www.townofsomerset.org/sites/somersetma/files/uploads/town_elections_2016_results_0.pdf,result,catalog,wayback,
Somerset,2016,https://www.townofsomerset.org/sites/g/files/vyhlif3821/f/uploads/town_elections_2016_results_0.pdf,result,catalog,wayback,
Somerset,2018,https://www.townofsomerset.org/sites/g/files/vyhlif3821/f/uploads/tally_sheet_all_parties_sp_2018.pdf,result,catalog,wayback,
Somerset,2018,https://www.townofsomerset.org/sites/g/files/vyhlif3821/f/uploads/tally_sheet_all_parties_sp_2018_0.pdf,result,catalog,wayback,
Somerset,2020,https://www.townofsomerset.org/sites/g/files/vyhlif3821/f/uploads/tally_sheet_all_parties_sp_2020_with_vi_and_uocava_0.pdf,result,catalog,wayback,
South Hadley,2009,http://www.southhadley.org:80/pages/SouthHadleyMA_WebDocs/FY2009%20Annual%20Report.pdf,atr,nodes,wayback,
South Hadley,2011,https://www.southhadley.org/DocumentCenter/View/93/Election-Results-2011-PDF,result,catalog,wayback,
South Hadley,2015,https://southhadley.org/DocumentCenter/View/1503/Annual-Election-Results-2015-PDF,result,catalog,docsweep,Annual Election Results 2015 (PDF)
South Hadley,2018,https://www.southhadley.org/DocumentCenter/View/3266/Election-Results-April-10-2018?bidId=,result,catalog,wayback,
South Hadley,2018,https://www.southhadley.org/DocumentCenter/View/3778,result,catalog,dc_idsweep,Unofficial Results Spreadsheet November 6 2018 election?bidId=
South Hadley,2018,https://www.southhadley.org/DocumentCenter/View/3779,result,catalog,dc_idsweep,Unofficial Results SpreadsheetNovember 6 2018 election?bidId=
Southborough,2005,http://www.southboroughtown.com/Special_Updates/2005%2005%2009Tally%20Sheet%20UNOfficial%20Results%20ATE.pdf,result,catalog,wayback,
Southborough,2006,http://www.southboroughtown.com:80/Town%20Clerk/2006%2005%2008%20Tally%20Sheet%20UNOfficial%20Results%20ATE.pdf,result,catalog,wayback,
Southborough,2009,http://www.annualreports.com/HostedData/AnnualReports/PDFArchive/csx2009.pdf,atr,nodes,docsweep,http://www.annualreports.com/HostedData/AnnualReports/PDFArchive/csx2009.pdf
Southborough,2009,https://mysouthborough.com/wp-content/uploads/2009/05/tally-sheet-unofficial-results.pdf,result,catalog,wayback,
Southborough,2010,http://southboroughtown.com:80/townclerk/AnnualReport2010/Administration(1-13).pdf,atr,nodes,wayback,
Southborough,2010,http://southboroughtown.com:80/townclerk/AnnualReport2010/Dedication.pdf,atr,nodes,wayback,
Southborough,2010,http://southboroughtown.com:80/townclerk/AnnualReport2010/Education(154-170).pdf,atr,nodes,wayback,
Southborough,2010,http://southboroughtown.com:80/townclerk/AnnualReport2010/Pages%20thru%20xxvi.pdf,atr,nodes,wayback,
Southborough,2010,http://southboroughtown.com:80/townclerk/AnnualReport2010/Planning(49-64).pdf,atr,nodes,wayback,
Southborough,2010,http://southboroughtown.com:80/townclerk/AnnualReport2010/Protection(65-87).pdf,atr,nodes,wayback,
Southborough,2010,http://southboroughtown.com:80/townclerk/AnnualReport2010/Town%20Services(14-48).pdf,atr,nodes,wayback,
Southborough,2010,http://southboroughtown.com:80/townclerk/AnnualReport2010/TownClerk(89-153).pdf,atr,nodes,wayback,
Southborough,2010,http://southboroughtown.com:80/townclerk/AnnualReport2010/WhoDoICall.pdf,atr,nodes,wayback,
Southborough,2010,http://www.southboroughtown.com/townclerk/AnnualReport2010/Administration.pdf,atr,nodes,wayback,
Southborough,2010,http://www.southboroughtown.com/townclerk/AnnualReport2010/BACK%20COVER.pdf,atr,nodes,wayback,
Southborough,2010,http://www.southboroughtown.com/townclerk/AnnualReport2010/Education.pdf,atr,nodes,wayback,
Southborough,2010,http://www.southboroughtown.com/townclerk/AnnualReport2010/Info.pdf,atr,nodes,wayback,
Southborough,2010,http://www.southboroughtown.com/townclerk/AnnualReport2010/Planning.pdf,atr,nodes,wayback,
Southborough,2010,http://www.southboroughtown.com/townclerk/AnnualReport2010/Protection.pdf,atr,nodes,wayback,
Southborough,2010,http://www.southboroughtown.com/townclerk/AnnualReport2010/TownClerk.pdf,atr,nodes,wayback,
Southborough,2011,http://www.southboroughtown.com/townclerk/AnnualReport2011/Administration.pdf,atr,nodes,wayback,
Southborough,2011,http://www.southboroughtown.com/townclerk/AnnualReport2011/Education.pdf,atr,nodes,wayback,
Southborough,2011,http://www.southboroughtown.com/townclerk/AnnualReport2011/Intro.pdf,atr,nodes,wayback,
Southborough,2011,http://www.southboroughtown.com/townclerk/AnnualReport2011/NeedInfo.pdf,atr,nodes,wayback,
Southborough,2011,http://www.southboroughtown.com/townclerk/AnnualReport2011/Planning.pdf,atr,nodes,wayback,
Southborough,2011,http://www.southboroughtown.com/townclerk/AnnualReport2011/Protection.pdf,atr,nodes,wayback,
Southborough,2011,http://www.southboroughtown.com/townclerk/AnnualReport2011/TownClerk.pdf,atr,nodes,wayback,
Southborough,2011,http://www.southboroughtown.com/townclerk/AnnualReport2011/TownInfo.pdf,atr,nodes,wayback,
Southborough,2011,http://www.southboroughtown.com/townclerk/AnnualReport2011/TownServices.pdf,atr,nodes,wayback,
Southborough,2011,https://mysouthborough.com/wp-content/uploads/2011/05/20110509-election-results-unofficial.pdf,result,catalog,docsweep,complete election day returns here
Southborough,2012,http://www.southboroughtown.com/townclerk/AnnualReport2012/Administration.pdf,atr,nodes,wayback,
Southborough,2012,http://www.southboroughtown.com/townclerk/AnnualReport2012/Education.pdf,atr,nodes,wayback,
Southborough,2012,http://www.southboroughtown.com/townclerk/AnnualReport2012/IntroductionDedication.pdf,atr,nodes,wayback,
Southborough,2012,http://www.southboroughtown.com/townclerk/AnnualReport2012/NeedInfo.pdf,atr,nodes,wayback,
Southborough,2012,http://www.southboroughtown.com/townclerk/AnnualReport2012/Planning.pdf,atr,nodes,wayback,
Southborough,2012,http://www.southboroughtown.com/townclerk/AnnualReport2012/Protection%20of%20Persons%20and%20Property.pdf,atr,nodes,wayback,
Southborough,2012,http://www.southboroughtown.com/townclerk/AnnualReport2012/TofCTownInfo.pdf,atr,nodes,wayback,
Southborough,2012,http://www.southboroughtown.com/townclerk/AnnualReport2012/TownClerk.pdf,atr,nodes,wayback,
Southborough,2012,http://www.southboroughtown.com/townclerk/AnnualReport2012/TownServices.pdf,atr,nodes,wayback,
Southborough,2013,http://www.southboroughtown.com/townclerk/Annual%20Report%202013/2013_Southborough_Ann_Rep_DISC.pdf,atr,nodes,wayback,
Southborough,2014,http://www.southboroughtown.com/townclerk/2014%20Election%20Info/Official%20Results110414.pdf,result,catalog,wayback,
Southborough,2014,http://www.southboroughtown.com/townclerk/AnnualReport2014/Administration.pdf,atr,nodes,wayback,
Southborough,2014,http://www.southboroughtown.com/townclerk/AnnualReport2014/Education.pdf,atr,nodes,wayback,
Southborough,2014,http://www.southboroughtown.com/townclerk/AnnualReport2014/IntroductionDedication.pdf,atr,nodes,wayback,
Southborough,2014,http://www.southboroughtown.com/townclerk/AnnualReport2014/NeedInfo.pdf,atr,nodes,wayback,
Southborough,2014,http://www.southboroughtown.com/townclerk/AnnualReport2014/Planning.pdf,atr,nodes,wayback,
Southborough,2014,http://www.southboroughtown.com/townclerk/AnnualReport2014/Protection.pdf,atr,nodes,wayback,
Southborough,2014,http://www.southboroughtown.com/townclerk/AnnualReport2014/Southboro%202014%20Annual%20Report.pdf,atr,nodes,wayback,
Southborough,2014,http://www.southboroughtown.com/townclerk/AnnualReport2014/TownClerk.pdf,atr,nodes,wayback,
Southborough,2014,http://www.southboroughtown.com/townclerk/AnnualReport2014/TownServices.pdf,atr,nodes,wayback,
Southborough,2014,http://www.southboroughtown.com:80/townclerk/AnnualReport2014/TCTownInfo.pdf,atr,nodes,wayback,
Southborough,2019,https://www.southboroughtown.com/sites/g/files/vyhlif7351/f/pages/boroughs_2019_annual_report.pdf,atr,nodes,wayback,
Southborough,2019,https://www.southboroughtown.com/sites/g/files/vyhlif7351/f/uploads/2019_annual_report_final_031020.pdf,atr,nodes,wayback,
Southborough,2020,http://www.mysouthborough.com/wp-content/uploads/2021/08/Board-of-Health-from-2020-Town-Annual-Report.pdf,atr,nodes,wayback,
Southborough,2020,https://www.southboroughtown.com/sites/g/files/vyhlif7351/f/pages/edc_annual_report_2020.pdf,atr,nodes,wayback,
Southborough,2020,https://www.southboroughtown.com/sites/g/files/vyhlif7351/f/uploads/2020_annual_report_final_web_secured.pdf,atr,nodes,wayback,
Southbridge,2016,https://www.ci.southbridge.ma.us/sites/g/files/vyhlif5016/f/file/file/fy_2016_annual_report_summary.pdf,atr,nodes,wayback,
Southwick,2006,https://southwickma.org/DocumentCenter/View/4450,result,catalog,dc_idsweep,Annual Town Elections 2006 Results PDF?bidId=
Southwick,2006,https://www.southwickma.org/sites/g/files/vyhlif1241/f/uploads/annual_town_elections_2006_results.pdf,result,catalog,wayback,
Southwick,2007,http://www.southwickma.org/Public_Documents/SouthwickMA_BBoard/Local%20Election%20OFFICIAL%20RESULTS%20May%208%202007.pdf,result,catalog,wayback,
Southwick,2007,https://www.southwickma.gov/DocumentCenter/View/4454/Town-Election-Official-Results-May-08-2007-PDF,result,catalog,docsweep,"Town Election Official Results May 08, 2007 (PDF)"
Southwick,2008,https://www.southwickma.gov/DocumentCenter/View/4465/Official-Town-Election-Results-May-13-2008-PDF,result,catalog,docsweep,"Official Town Election Results May 13, 2008 (PDF)"
Southwick,2009,https://www.southwickma.gov/DocumentCenter/View/4440/Official-Results-of-the-Town-Elections-May-12-2009-PDF,result,catalog,docsweep,"Official Results of the Town Elections May 12, 2009 (PDF)"
Southwick,2010,https://www.southwickma.gov/DocumentCenter/View/4441/Official-Results-of-the-Town-Elections-May-11-2010-PDF,result,catalog,docsweep,"Official Results of the Town Elections May 11, 2010 (PDF)"
Southwick,2010,https://www.southwickma.gov/DocumentCenter/View/4442/Official-Results-of-the-Town-Election-May-11-2010-PDF,result,catalog,docsweep,"Official Results of the Town Election May 11, 2010 (PDF)"
Southwick,2011,https://www.southwickma.gov/DocumentCenter/View/4453/Town-Elections-May-10-2011-Official-Results-PDF,result,catalog,docsweep,"Town Elections May 10, 2011 Official Results (PDF)"
Southwick,2011,https://www.southwickma.org/sites/g/files/vyhlif1241/f/uploads/2011_annual_town_report.pdf,atr,nodes,wayback,
Southwick,2012,https://www.southwickma.gov/DocumentCenter/View/4467/Official-Results-Town-Election-May-08-2012-PDF,result,catalog,docsweep,"Official Results Town Election May 08, 2012 (PDF)"
Southwick,2013,https://www.southwickma.gov/DocumentCenter/View/4472/Official-Results-of-Town-Election-May-14-2013-PDF,result,catalog,docsweep,"Official Results of Town Election May 14, 2013 (PDF)"
Southwick,2014,https://www.southwickma.gov/DocumentCenter/View/4439/Official-Results-of-Town-Election-May-13-2014-PDF,result,catalog,docsweep,"Official Results of Town Election May 13, 2014 (PDF)"
Southwick,2019,https://www.southwickma.gov/DocumentCenter/View/4444/Official-Results-Annual-Town-Election-May-14-2019-PDF,result,catalog,docsweep,"Official Results Annual Town Election May 14, 2019 (PDF)"
Spencer,2008,http://www.spencerma.gov/pages/spencerMA_ClerkMin/2008/ATM050108forTownReport.pdf,atr,nodes,wayback,
Spencer,2008,http://www.spencerma.gov/pages/spencerMA_ClerkMin/2008/STM10162008forTownReport.pdf,atr,nodes,wayback,
Spencer,2009,http://www.spencerma.gov/pages/spencerMA_ClerkMin/2009/STM12809forTown%20Report.pdf,atr,nodes,wayback,
Spencer,2011,https://spencerma.gov/DocumentCenter/View/1226/December-13-2011-Election-Results,result,catalog,docsweep,"December 13, 2011 Election Results"
Spencer,2012,http://www.spencerma.gov/pages/spencerMA_ClerkMin/2012/ATM532012forTownReport.pdf,atr,nodes,wayback,
Spencer,2012,https://spencerma.gov/DocumentCenter/View/1221/November-6-2012-Election-Results,result,catalog,docsweep,"November 6, 2012 Election Results"
Spencer,2012,https://spencerma.gov/DocumentCenter/View/1225/October-4-2012-Election-Results,result,catalog,docsweep,"October 4, 2012 Election Results"
Spencer,2012,https://spencerma.gov/DocumentCenter/View/1227/March-6-2012-Election-Results,result,catalog,docsweep,"March 6, 2012 Election Results"
Spencer,2012,https://spencerma.gov/DocumentCenter/View/1228/May-8-2012-Election-Results,result,catalog,docsweep,"May 8, 2012 Election Results"
Spencer,2012,https://spencerma.gov/DocumentCenter/View/1229/September-6-2012-Election-Results,result,catalog,docsweep,"September 6, 2012 Election Results"
Spencer,2013,https://spencerma.gov/DocumentCenter/View/1220/June-25-2013-Election-Results,result,catalog,docsweep,"June 25, 2013 Election Results"
Spencer,2013,https://spencerma.gov/DocumentCenter/View/1222/September-10-2013-Election-Results,result,catalog,docsweep,"September 10, 2013 Election Results"
Spencer,2013,https://spencerma.gov/DocumentCenter/View/1223/April-30-2013-Election-Results,result,catalog,docsweep,"April 30, 2013 Election Results"
Spencer,2013,https://spencerma.gov/DocumentCenter/View/1224/May-14-2013-Election-Results,result,catalog,docsweep,"May 14, 2013 Election Results"
Spencer,2014,http://www.spencerma.gov/Pages/SpencerMA_Clerk/FINAL%20Tally%20Sheet%20Sept%209%202014%20Primary%20with%20SQ%20Voters.pdf,result,catalog,wayback,
Spencer,2014,https://spencerma.gov/DocumentCenter/View/1244/May-13-2014-Election-Results,result,catalog,docsweep,"May 13, 2014 Election Results"
Spencer,2014,https://spencerma.gov/DocumentCenter/View/1245/September-9-2014-Election-Results,result,catalog,docsweep,"September 9, 2014 Election Results"
Spencer,2014,https://spencerma.gov/DocumentCenter/View/1248/November-4-2014-Election-Results,result,catalog,docsweep,"November 4, 2014 Election Results"
Spencer,2015,https://spencerma.gov/DocumentCenter/View/1243/May-12-2015-Election-Results,result,catalog,docsweep,"May 12, 2015 Election Results"
Spencer,2016,http://www.spencerma.gov/Pages/SpencerMA_Clerk/FINAL%20Tally%20Sheet%20Sept%208%202016%20Primary%20with%20SQ%20Voters.pdf,result,catalog,wayback,
Spencer,2016,https://spencerma.gov/DocumentCenter/View/1239/May-10-2016-Election-Results,result,catalog,docsweep,"May 10, 2016 Election Results"
Spencer,2016,https://spencerma.gov/DocumentCenter/View/1240/November-8-2016-Election-Results,result,catalog,docsweep,"November 8, 2016 Election Results"
Spencer,2016,https://spencerma.gov/DocumentCenter/View/1241/September-8-2016-Election-Results,result,catalog,docsweep,"September 8, 2016 Election Results"
Spencer,2016,https://spencerma.gov/DocumentCenter/View/1242/March-1-2016-Election-Results,result,catalog,docsweep,"March 1, 2016 Election Results"
Spencer,2017,https://spencerma.gov/DocumentCenter/View/1238/May-9-2017-Election-Results,result,catalog,docsweep,"May 9, 2017 Election Results"
Spencer,2017,https://www.spencerma.gov/sites/g/files/vyhlif1246/f/uploads/2017_annual_town_report.pdf,atr,nodes,wayback,
Spencer,2018,https://spencerma.gov/DocumentCenter/View/1236/November-6-2018-Election-Results,result,catalog,docsweep,"November 6, 2018 Election Results"
Spencer,2018,https://spencerma.gov/DocumentCenter/View/1237/September-4-2018-Election-Results,result,catalog,docsweep,"September 4, 2018 Election Results"
Spencer,2018,https://spencerma.gov/DocumentCenter/View/1247/May-8-2018-Election-Results,result,catalog,docsweep,"May 8, 2018 Election Results"
Spencer,2020,https://www.spencerma.gov/sites/g/files/vyhlif1246/f/news/tally_sheet_sept_1_2020_primary_with_sq_voters_2.pdf,result,catalog,wayback,
Springfield,2003,http://www.springfield-ma.gov/elections/fileadmin/2003_2005_Local_Results/2003_City_Election_11-04_SUM.pdf,result,catalog,wayback,
Springfield,2003,http://www.springfield-ma.gov/elections/fileadmin/2003_2005_Local_Results/2003_City_Preliminary_09-16_PCT.pdf,result,catalog,wayback,
Springfield,2003,http://www.springfield-ma.gov/elections/fileadmin/2003_2005_Local_Results/2005_City_Election_11-08_PCT.pdf,result,catalog,wayback,
Springfield,2003,https://www.springfield-ma.gov/elections/fileadmin/2003_2005_Local_Results/2003_City_Election_11_04_PCT.pdf,result,catalog,wayback,
Springfield,2003,https://www.springfield-ma.gov/elections/fileadmin/2003_2005_Local_Results/2005_City_Election_11-08_SUM.pdf,result,catalog,wayback,
Springfield,2004,http://www.springfield-ma.gov/elections/fileadmin/Past_Election_Results/Past_Election_Results_2004/2004_pres_prim_pct_3_4.pdf,result,catalog,wayback,
Springfield,2004,https://www.springfield-ma.gov/elections/fileadmin/Past_Election_Results/Past_Election_Results_2004/2004_STATE_PRIM_PCT_5_6.pdf,result,catalog,wayback,
Springfield,2004,https://www.springfield-ma.gov/elections/fileadmin/Past_Election_Results/Past_Election_Results_2004/2004_STATE_PRIM_PCT_7_8.pdf,result,catalog,wayback,
Springfield,2004,https://www3.springfield-ma.gov/elections/fileadmin/Past_Election_Results/Past_Election_Results_2004/2004_STATE_PRIM_PCT_3_4.pdf,result,catalog,wayback,
Springfield,2006,http://www.springfield-ma.gov/elections/fileadmin/Past_Election_Results/Past_Election_Results_2006-2008/February_2008_Election_Results_Wd_5_to_6.pdf,result,catalog,wayback,
Springfield,2006,http://www.springfield-ma.gov/elections/fileadmin/Past_Election_Results/Past_Election_Results_2006-2008/November_2006_Election_Results_Wd_5_and_6.pdf,result,catalog,wayback,
Springfield,2006,http://www.springfield-ma.gov/elections/fileadmin/Past_Election_Results/Past_Election_Results_2006-2008/September_2006_Wd_5_or_6.pdf,result,catalog,wayback,
Springfield,2006,http://www.springfield-ma.gov/elections/fileadmin/Past_Election_Results/Past_Election_Results_2006-2008/September_2006_Wd_7_or_8.pdf,result,catalog,wayback,
Springfield,2006,http://www.springfield-ma.gov/elections/fileadmin/Past_Election_Results/Past_Election_Results_2006-2008/September_2007_Election_Results.pdf,result,catalog,wayback,
Springfield,2006,http://www.springfield-ma.gov/elections/fileadmin/Past_Election_Results/Past_Election_Results_2006-2008/September_2008_Election_Results_Wd_1_to_3.pdf,result,catalog,wayback,
Springfield,2006,http://www.springfield-ma.gov/elections/fileadmin/Past_Election_Results/Past_Election_Results_2006-2008/September_2008_Election_Results_Wd_7_to_8.pdf,result,catalog,wayback,
Springfield,2006,https://www.springfield-ma.gov/elections/fileadmin/Past_Election_Results/Past_Election_Results_2006-2008/February_2008_Election_Results_Wd_7_to_8.pdf,result,catalog,wayback,
Springfield,2006,https://www.springfield-ma.gov/elections/fileadmin/Past_Election_Results/Past_Election_Results_2006-2008/November_2006_Election_Results_Wd_1_and_2.pdf,result,catalog,wayback,
Springfield,2006,https://www.springfield-ma.gov/elections/fileadmin/Past_Election_Results/Past_Election_Results_2006-2008/November_2006_Election_Results_Wd_3_and_4.pdf,result,catalog,wayback,
Springfield,2006,https://www.springfield-ma.gov/elections/fileadmin/Past_Election_Results/Past_Election_Results_2006-2008/November_2007_Election_Results.pdf,result,catalog,wayback,
Springfield,2006,https://www.springfield-ma.gov/elections/fileadmin/Past_Election_Results/Past_Election_Results_2006-2008/November_2008_Election_Results.pdf,result,catalog,wayback,
Springfield,2006,https://www.springfield-ma.gov/elections/fileadmin/Past_Election_Results/Past_Election_Results_2006-2008/September_2006_Wd_1_or_2.pdf,result,catalog,wayback,
Springfield,2006,https://www.springfield-ma.gov/elections/fileadmin/Past_Election_Results/Past_Election_Results_2006-2008/September_2006_Wd_3_or_4.pdf,result,catalog,wayback,
Springfield,2007,http://www.springfield-ma.gov/elections/fileadmin/elections-2007_2014/Sept_2014_Election_Summary_Certified.pdf,result,catalog,wayback,
Springfield,2007,https://www.springfield-ma.gov/elections/fileadmin/elections-2007_2014/Sept_2014_Election_Breakdown_Results_Certified.pdf,result,catalog,wayback,
Springfield,2009,http://www.springfield-ma.gov/elections/fileadmin/Past_Election_Results/Election_Results_2009/CITY_ELECTION_NOV3_2009_PCT_1_2.pdf,result,catalog,wayback,
Springfield,2009,http://www.springfield-ma.gov/elections/fileadmin/Past_Election_Results/Election_Results_2009/CITY_ELECTION_NOV3_2009_PCT_3_4.pdf,result,catalog,wayback,
Springfield,2009,http://www.springfield-ma.gov/elections/fileadmin/Past_Election_Results/Election_Results_2009/CITY_ELECTION_NOV3_2009_PCT_5_6.pdf,result,catalog,wayback,
Springfield,2009,http://www.springfield-ma.gov/elections/fileadmin/Past_Election_Results/Election_Results_2009/CITY_ELECTION_NOV3_2009_PCT_7_8.pdf,result,catalog,wayback,
Springfield,2009,http://www.springfield-ma.gov/elections/fileadmin/Past_Election_Results/Election_Results_2009/CITY_ELECTION_NOV3_2009_SUMMARY.pdf,result,catalog,wayback,
Springfield,2009,http://www.springfield-ma.gov/elections/fileadmin/Past_Election_Results/Election_Results_2009/CITY_ELECTION_NOV3_2009_SUMMARY_BY_WARD.pdf,result,catalog,wayback,
Springfield,2009,http://www.springfield-ma.gov/elections/fileadmin/Past_Election_Results/Election_Results_2009/SPECIAL_DEC2009_3_4.pdf,result,catalog,wayback,
Springfield,2009,http://www.springfield-ma.gov/elections/fileadmin/Past_Election_Results/Election_Results_2009/SPECIAL_DEC2009_5_6.pdf,result,catalog,wayback,
Springfield,2009,http://www.springfield-ma.gov/elections/fileadmin/Past_Election_Results/Election_Results_2009/SPECIAL_DEC2009_7_8.pdf,result,catalog,wayback,
Springfield,2009,http://www.springfield-ma.gov/elections/fileadmin/Past_Election_Results/Election_Results_2009/SPECIAL_JAN2010_PRECINCT_REPORT.pdf,result,catalog,wayback,
Springfield,2009,https://www.springfield-ma.gov/elections/fileadmin/Past_Election_Results/Election_Results_2009/CITY_PRELIMINARY_SEPT15_2009.pdf,result,catalog,wayback,
Springfield,2009,https://www.springfield-ma.gov/elections/fileadmin/Past_Election_Results/Election_Results_2009/SPECIAL_DEC2009_1_2.pdf,result,catalog,wayback,
Springfield,2010,http://www.springfield-ma.gov/elections/fileadmin/Past_Election_Results/Election_Results_2010/RESULTS_WARD_1_11022010.pdf,result,catalog,wayback,
Springfield,2010,http://www.springfield-ma.gov/elections/fileadmin/Past_Election_Results/Election_Results_2010/RESULTS_WARD_8_11022010.pdf,result,catalog,wayback,
Springfield,2010,https://springfield-ma.gov/elections/fileadmin/Past_Election_Results/Election_Results_2010/RESULTS_WARD_3_11022010.pdf,result,catalog,wayback,
Springfield,2010,https://www.springfield-ma.gov/elections/fileadmin/Past_Election_Results/Election_Results_2010/RESULTS_SUM_REPORT_11022010.pdf,result,catalog,wayback,
Springfield,2010,https://www.springfield-ma.gov/elections/fileadmin/Past_Election_Results/Election_Results_2010/RESULTS_WARD_2_11022010.pdf,result,catalog,wayback,
Springfield,2010,https://www.springfield-ma.gov/elections/fileadmin/Past_Election_Results/Election_Results_2010/RESULTS_WARD_4_11022010.pdf,result,catalog,wayback,
Springfield,2010,https://www.springfield-ma.gov/elections/fileadmin/Past_Election_Results/Election_Results_2010/RESULTS_WARD_7_11022010.pdf,result,catalog,wayback,
Springfield,2010,https://www3.springfield-ma.gov/elections/fileadmin/Past_Election_Results/Election_Results_2010/RESULTS_WARD_5_11022010.pdf,result,catalog,wayback,
Springfield,2010,https://www3.springfield-ma.gov/elections/fileadmin/Past_Election_Results/Election_Results_2010/RESULTS_WARD_6_11022010.pdf,result,catalog,wayback,
Springfield,2011,https://www.springfield-ma.gov/cos/fileadmin/law/CPHB/CPHB_Annual_Report_for_2011.pdf,atr,nodes,wayback,
Springfield,2011,https://www.springfield-ma.gov/elections/fileadmin/uploads/pics/Election_Results_09142010/City_Prelim_09-20-2011/CITY_PRELIM_09-20-11_PCT.pdf,result,catalog,wayback,
Springfield,2011,https://www.springfield-ma.gov/elections/fileadmin/uploads/pics/Election_Results_09142010/City_Prelim_09-20-2011/CITY_PRELIM_09-20-11_SUMM.pdf,result,catalog,wayback,
Springfield,2011,https://www.springfield-ma.gov/elections/fileadmin/uploads/pics/Election_Results_09142010/City_Prelim_09-20-2011/pct_report_11082011.pdf,result,catalog,wayback,
Springfield,2012,https://www.springfield-ma.gov/cos/fileadmin/clerk/2012/CPHB_Annual_Report_FINAL_5_11_12.pdf,atr,nodes,wayback,
Springfield,2012,https://www.springfield-ma.gov/cos/fileadmin/clerk/2012/CPHB_Annual_Report_March_28_2011.pdf,atr,nodes,wayback,
Springfield,2012,https://www.springfield-ma.gov/cos/fileadmin/clerk/2012/CPHB_Annual_Report_hearings_2010__redacted_.pdf,atr,nodes,wayback,
Springfield,2012,https://www.springfield-ma.gov/cos/fileadmin/clerk/2012/CPHB_Annual_report_with_Appendix_3_20_14.pdf,atr,nodes,wayback,
Springfield,2012,https://www.springfield-ma.gov/cos/fileadmin/clerk/2012/Copy_of_CPHB_Annual_Report_revised_.pdf,atr,nodes,wayback,
Springfield,2012,https://www.springfield-ma.gov/cos/fileadmin/images-news/2012/May/Community_Police_Hearing_Board_Annual_Report__05-2012_.pdf,atr,nodes,wayback,
Springfield,2013,http://www.springfield-ma.gov/elections/fileadmin/2013_Election/Nov_2013_Municipal_Results.pdf,result,catalog,wayback,
Springfield,2013,https://www.springfield-ma.gov/cos/fileadmin/law/CPHB/CPHB_Annual_Reports_2012_and_2013.pdf,atr,nodes,wayback,
Springfield,2016,https://www.springfield-ma.gov/cos/fileadmin/law/CPHB/CPHB_Annual_Report_2016.pdf,atr,nodes,wayback,
Springfield,2017,https://www.springfield-ma.gov/cos/fileadmin/law/CPHB/CPHB_Annual_Report_2017.pdf,atr,nodes,wayback,
Springfield,2018,https://www.springfield-ma.gov/cos/fileadmin/law/CPHB/CPHB_Annual_Report_2018.pdf,atr,nodes,wayback,
Springfield,2018,https://www.springfield-ma.gov/cos/fileadmin/uploads/Duggan_Tour/CPHB_Annual_Report_2018.pdf,atr,nodes,wayback,
Sterling,2004,https://sterling-ma.gov/DocumentCenter/View/652/2004-05-24-Annual-Town-Election-Results-PDF,result,catalog,docsweep,2004 05 24 Annual Town Election Results (PDF)
Sterling,2004,https://sterling-ma.gov/ImageRepository/Document?documentID=190,result,catalog,documentcenter,Town Operations / Departments / Town Clerk / Election Results 2004
Sterling,2005,https://sterling-ma.gov/DocumentCenter/View/656/2005-05-23-Annual-Town-Election-Results-PDF,result,catalog,docsweep,2005 05 23 Annual Town Election Results (PDF)
Sterling,2005,https://sterling-ma.gov/ImageRepository/Document?documentID=189,result,catalog,documentcenter,Town Operations / Departments / Town Clerk / Election Results 2005
Sterling,2007,https://sterling-ma.gov/DocumentCenter/View/634/2007-Annual-Town-Election-Results-PDF,result,catalog,docsweep,2007 Annual Town Election Results (PDF)
Sterling,2007,https://sterling-ma.gov/ImageRepository/Document?documentID=187,result,catalog,documentcenter,Town Operations / Departments / Town Clerk / Election Results 2007
Sterling,2008,https://sterling-ma.gov/DocumentCenter/View/635/2008-05-19-Annual-Town-Election-Results-PDF,result,catalog,docsweep,2008 05 19 Annual Town Election Results (PDF)
Sterling,2008,https://sterling-ma.gov/ImageRepository/Document?documentID=186,result,catalog,documentcenter,Town Operations / Departments / Town Clerk / Election Results 2008
Sterling,2009,https://sterling-ma.gov/DocumentCenter/View/637/2009-05-18-Annual-Town-Election-Results-PDF,result,catalog,docsweep,2009 05 18 Annual Town Election Results (PDF)
Sterling,2009,https://sterling-ma.gov/ImageRepository/Document?documentID=185,result,catalog,documentcenter,Town Operations / Departments / Town Clerk / Election Results 2009
Sterling,2010,http://www.sterling-ma.gov/sites/sterlingma/files/file/file/osicannualreport2010.pdf,atr,nodes,wayback,
Sterling,2010,https://sterling-ma.gov/DocumentCenter/View/644/2010-05-24-Annual-Town-Election-w-Recount-PDF,result,catalog,docsweep,2010 05 24 Annual Town Election w-Recount (PDF)
Sterling,2010,https://sterling-ma.gov/ImageRepository/Document?documentID=183,result,catalog,documentcenter,Town Operations / Departments / Town Clerk / Election Results 2010
Sterling,2010,https://www.sterling-ma.gov/sites/sterlingma/files/file/file/2010_annual_town_election_w-recountl.pdf,result,catalog,wayback,
Sterling,2010,https://www.sterling-ma.gov/sites/sterlingma/files/file/file/2010townreport.pdf,atr,nodes,wayback,
Sterling,2011,https://sterling-ma.gov/DocumentCenter/View/645/2011-05-23-Town-Election-Results-PDF1,result,catalog,docsweep,2011 05 23 Town Election Results (PDF)(1)
Sterling,2011,https://sterling-ma.gov/ImageRepository/Document?documentID=182,result,catalog,documentcenter,Town Operations / Departments / Town Clerk / Election Results 2011
Sterling,2011,https://www.sterling-ma.gov/DocumentCenter/View/1188,result,catalog,dc_idsweep,2011 Town Election Results PDF?bidId=
Sterling,2012,http://www.sterling-ma.gov/sites/sterlingma/files/file/file/2012_annual_town_election_w-recount.pdf,result,catalog,wayback,
Sterling,2012,http://www.sterling-ma.gov:80/Pages/SterlingMA_Clerk/annualrpt/2012TownReport.pdf,atr,nodes,wayback,
Sterling,2012,https://sterling-ma.gov/DocumentCenter/View/649/2012-Town-Election-Results-w-Recount-PDF,result,catalog,docsweep,2012 Town Election Results w-Recount (PDF)
Sterling,2012,https://sterling-ma.gov/ImageRepository/Document?documentID=181,result,catalog,documentcenter,Town Operations / Departments / Town Clerk / Election Results 2012
Sterling,2012,https://www.sterling-ma.gov/DocumentCenter/View/1184,result,catalog,dc_idsweep,2012 Town Election Results w Recount PDF?bidId=
Sterling,2012,https://www.sterling-ma.gov/sites/sterlingma/files/file/file/2012townreport.pdf,atr,nodes,wayback,
Sterling,2013,http://www.sterling-ma.gov/sites/sterlingma/files/file/file/annual_report-2013.pdf,atr,nodes,wayback,
Sterling,2013,https://sterling-ma.gov/DocumentCenter/View/666/2013-05-20-Town-Election-Results-PDF,result,catalog,docsweep,2013 05 20 Town Election Results (PDF)
Sterling,2013,https://sterling-ma.gov/ImageRepository/Document?documentID=180,result,catalog,documentcenter,Town Operations / Departments / Town Clerk / Election Results 2013
Sterling,2013,https://www.sterling-ma.gov/DocumentCenter/View/1186,result,catalog,dc_idsweep,2013 05 20 Town Election Results PDF?bidId=
Sterling,2013,https://www.sterling-ma.gov/sites/sterlingma/files/file/file/2013townreport.pdf,atr,nodes,wayback,
Sterling,2014,https://sterling-ma.gov/DocumentCenter/View/622/2014-05-12-Town-Election-Results-PDF,result,catalog,docsweep,2014 05 12 Town Election Results (PDF)
Sterling,2014,https://sterling-ma.gov/ImageRepository/Document?documentID=179,result,catalog,documentcenter,Town Operations / Departments / Town Clerk / Election Results 2014
Sterling,2014,https://www.sterling-ma.gov/DocumentCenter/View/1181,result,catalog,dc_idsweep,2014 05 12 Town Election Results PDF?bidId=
Sterling,2014,https://www.sterling-ma.gov/sites/sterlingma/files/file/file/2014_annual_report_1.pdf,atr,nodes,wayback,
Sterling,2015,http://www.sterling-ma.gov/sites/sterlingma/files/u106/annual_town_report_2015.pdf,atr,nodes,wayback,
Sterling,2015,https://sterling-ma.gov/DocumentCenter/View/623/2015-05-11-Annual-Town-Election-Results-PDF,result,catalog,docsweep,2015 05 11 Annual Town Election Results (PDF)
Sterling,2015,https://sterling-ma.gov/ImageRepository/Document?documentID=178,result,catalog,documentcenter,Town Operations / Departments / Town Clerk / Election Results 2015
Sterling,2015,https://www.sterling-ma.gov/sites/g/files/vyhlif1266/f/u106/annual_town_report_2015.pdf,atr,nodes,wayback,
Sterling,2016,https://sterling-ma.gov/DocumentCenter/View/625/2016-05-09-Annual-Town-Election-results-PDF,result,catalog,docsweep,2016 05 09 Annual Town Election results (PDF)
Sterling,2016,https://sterling-ma.gov/ImageRepository/Document?documentID=176,result,catalog,documentcenter,Town Operations / Departments / Town Clerk / Election Results 2016
Sterling,2016,https://www.sterling-ma.gov/sites/g/files/vyhlif1266/f/u106/2016_annual_report.pdf,atr,nodes,wayback,
Sterling,2017,https://sterling-ma.gov/DocumentCenter/View/628/2017-05-08-Annual-Town-Election-results-PDF,result,catalog,docsweep,2017 05 08 Annual Town Election results (PDF)
Sterling,2017,https://sterling-ma.gov/ImageRepository/Document?documentID=175,result,catalog,documentcenter,Town Operations / Departments / Town Clerk / Election Results 2017
Sterling,2018,https://sterling-ma.gov/DocumentCenter/View/597/2018-May-14-Annual-Town-Election-Results-PDF,result,catalog,docsweep,2018 May 14 Annual Town Election Results (PDF)
Sterling,2018,https://sterling-ma.gov/ImageRepository/Document?documentID=165,result,catalog,documentcenter,Town Operations / Departments / Town Clerk / Election Results 2018
Sterling,2019,https://sterling-ma.gov/DocumentCenter/View/598/2019-May-13-Annual-Town-Election-Results-PDF,result,catalog,docsweep,2019 May 13 Annual Town Election Results (PDF)
Sterling,2019,https://sterling-ma.gov/ImageRepository/Document?documentID=164,result,catalog,documentcenter,Town Operations / Departments / Town Clerk / Election Results 2019
Sterling,2020,https://sterling-ma.gov/DocumentCenter/View/605/2020-06-29-Annual-Town-Election-Results-PDF,result,catalog,docsweep,2020 06 29 Annual Town Election Results (PDF)
Sterling,2020,https://sterling-ma.gov/ImageRepository/Document?documentID=163,result,catalog,documentcenter,Town Operations / Departments / Town Clerk / Election Results 2020
Sterling,2020,https://www.sterling-ma.gov/sites/g/files/vyhlif1266/f/uploads/official_results_sterling_town_election_29_june_2020_0.pdf,result,catalog,wayback,
Stockbridge,2018,https://stockbridge-ma.gov/wp-content/uploads/2018/01/2016AnnualReport.pdf,atr,nodes,wayback,
Stockbridge,2018,https://stockbridge-ma.gov/wp-content/uploads/2018/05/2017-Annual-Report.pdf,atr,nodes,wayback,
Stockbridge,2019,https://stockbridge-ma.gov/wp-content/uploads/2019/05/2018-Annual-Report.pdf,atr,nodes,wayback,
Stockbridge,2020,https://stockbridge-ma.gov/wp-content/uploads/2020/06/2019-Annual-Report.pdf,atr,nodes,wayback,
Stockbridge,2020,https://stockbridge-ma.gov/wp-content/uploads/2021/04/FINAL-2020-Annual-Report-2.pdf,atr,nodes,wayback,
Stoneham,2012,http://www.stoneham-ma.gov/sites/stonehamma/files/u80/2012_annual_town_election_tally.pdf,result,catalog,wayback,
Stoneham,2012,http://www.stoneham-ma.gov:80/sites/stonehamma/files/file/file/2012_annual_report.pdf,atr,nodes,wayback,
Stoneham,2012,https://stoneham-ma.gov/ImageRepository/Document?documentID=94,result,catalog,documentcenter,Town Clerk / 2012 to Present Election Results Annual Town Elections
Stoneham,2012,https://stoneham-ma.gov/ImageRepository/Document?documentID=97,result,catalog,documentcenter,Town Clerk / 2012 to Present Election Results State Primaries
Stoneham,2013,http://www.stoneham-ma.gov/sites/stonehamma/files/u59/aa_2013_annual_report.pdf,atr,nodes,wayback,
Stoneham,2013,http://www.stoneham-ma.gov:80/sites/stonehamma/files/file/file/aa_2013_annual_report.pdf,atr,nodes,wayback,
Stoneham,2013,https://www.stoneham-ma.gov/sites/stonehamma/files/file/file/2013_annual_town_election_tally.pdf,result,catalog,wayback,
Stoneham,2014,http://www.stoneham-ma.gov/sites/stonehamma/files/file/file/2014_april_1_annual_town_election_results.pdf,result,catalog,wayback,
Stoneham,2014,http://www.stoneham-ma.gov/sites/stonehamma/files/u80/2014_april_1_annual_town_election_results.pdf,result,catalog,wayback,
Stoneham,2014,http://www.stoneham-ma.gov:80/sites/stonehamma/files/file/file/2014_annual_report.pdf,atr,nodes,wayback,
Stoneham,2015,http://www.stoneham-ma.gov:80/sites/stonehamma/files/file/file/0_aa_2015_annual_report.pdf,atr,nodes,wayback,
Stoneham,2015,https://www.stoneham-ma.gov/sites/stonehamma/files/file/file/2015_april_7_annual_election_results.pdf,result,catalog,wayback,
Stoneham,2015,https://www.stoneham-ma.gov/sites/stonehamma/files/u80/0_aa_2015_annual_report.pdf,atr,nodes,wayback,
Stoneham,2016,http://www.stoneham-ma.gov:80/sites/stonehamma/files/file/file/annual_report_-_2016.pdf,atr,nodes,wayback,
Stoneham,2017,http://www.stoneham-ma.gov:80/sites/stonehamma/files/file/file/2017_annual_report_-_town_planner.pdf,atr,nodes,wayback,
Stoneham,2017,http://www.stoneham-ma.gov:80/sites/stonehamma/files/file/file/annual_report_2017_0.pdf,atr,nodes,wayback,
Stoneham,2018,http://www.stoneham-ma.gov:80/sites/stonehamma/files/file/file/2018_annual_report_-_director_of_planning_and_community_development.pdf,atr,nodes,wayback,
Stoughton,2017,http://www.stoughton.org:80/sites/stoughtonma/files/uploads/04-04-2017_election_results-draft.pdf,result,catalog,wayback,
Stoughton,2018,https://stoughton.org/ImageRepository/Document?documentID=213,result,catalog,documentcenter,Departments / Town Clerk / Election Ballots & Results 2018 Elections
Stoughton,2018,https://www.stoughton.org/sites/stoughtonma/files/pages/annual_report_2018.pdf,atr,nodes,wayback,
Stoughton,2019,https://stoughton.org/ImageRepository/Document?documentID=212,result,catalog,documentcenter,Departments / Town Clerk / Election Ballots & Results 2019 Elections
Stoughton,2020,https://stoughton.org/ImageRepository/Document?documentID=211,result,catalog,documentcenter,Departments / Town Clerk / Election Ballots & Results 2020 Elections
Stow,2004,http://www.stow-ma.gov/Pages/StowMA_PlanMin/I005EBC7B.0/2004%20ANNUAL%20REPORT.pdf,atr,nodes,wayback,
Stow,2004,http://www.stow-ma.gov/pages/StowMA_Planning/pdfs/2004%20Annual%20Report.pdf,atr,nodes,wayback,
Stow,2005,http://www.stow-ma.gov/pages/stowma_TownMeeting/Archives/2005%20%20%20Town%20Meeting%20&%20State%20and%20Town%20Elections/ResultsDec12005STM.pdf,result,catalog,wayback,
Stow,2005,http://www.stow-ma.gov/pages/stowma_TownMeeting/Archives/2005%20%20%20Town%20Meeting%20&%20State%20and%20Town%20Elections/ResultsMay16_17_2005ATM.pdf,result,catalog,wayback,
Stow,2005,http://www.stow-ma.gov/pages/stowma_TownMeeting/Archives/2005%20%20%20Town%20Meeting%20&%20State%20and%20Town%20Elections/ResultsOct242005STM.pdf,result,catalog,wayback,
Stow,2006,http://www.stow-ma.gov/Pages/StowMA_Selectmen/StowMA_TownReports/2006%20Annual%20Report.pdf,atr,nodes,wayback,
Stow,2006,http://www.stow-ma.gov/pages/stowma_TownMeeting/Archives/2006%20%20Town%20Meeting%20&%20State%20and%20Town%20Elections/Results5012006ATM.pdf,result,catalog,wayback,
Stow,2007,http://www.stow-ma.gov/Pages/StowMA_Selectmen/StowMA_TownReports/2007%20Annual%20Report/2007%20collector5.21.08.pdf,atr,nodes,wayback,
Stow,2007,http://www.stow-ma.gov/Pages/StowMA_Selectmen/StowMA_TownReports/2007%20Annual%20Report/2007%20depts%20all%20052108.pdf,atr,nodes,wayback,
Stow,2007,http://www.stow-ma.gov/Pages/StowMA_Selectmen/StowMA_TownReports/2007%20Annual%20Report/2007%20offiicers%20052108.pdf,atr,nodes,wayback,
Stow,2007,http://www.stow-ma.gov/Pages/StowMA_Selectmen/StowMA_TownReports/2007%20Annual%20Report/2007%20randall%20relief%20town%20trusts.pdf,atr,nodes,wayback,
Stow,2007,http://www.stow-ma.gov/pages/stowma_selectmen/StowMA_TownReports/2007%20Annual%20Report/2007%20In%20Memoriam.pdf,atr,nodes,wayback,
Stow,2007,http://www.stow-ma.gov/pages/stowma_selectmen/StowMA_TownReports/2007%20Annual%20Report/2007%20Read%20me%20First%20file%20sequence.pdf,atr,nodes,wayback,
Stow,2007,http://www.stow-ma.gov/pages/stowma_selectmen/StowMA_TownReports/2007%20Annual%20Report/2007%20Table%20of%20Contents%20052008.pdf,atr,nodes,wayback,
Stow,2007,http://www.stow-ma.gov/pages/stowma_selectmen/StowMA_TownReports/2007%20Annual%20Report/2007%20Town%20Clerk.pdf,atr,nodes,wayback,
Stow,2007,http://www.stow-ma.gov/pages/stowma_selectmen/StowMA_TownReports/2007%20Annual%20Report/2007%20accountant.pdf,atr,nodes,wayback,
Stow,2007,http://www.stow-ma.gov/pages/stowma_selectmen/StowMA_TownReports/2007%20Annual%20Report/2007%20backmatter.pdf,atr,nodes,wayback,
Stow,2007,http://www.stow-ma.gov/pages/stowma_selectmen/StowMA_TownReports/2007%20Annual%20Report/2007%20changes%20in%20fund%20equity.pdf,atr,nodes,wayback,
Stow,2007,http://www.stow-ma.gov/pages/stowma_selectmen/StowMA_TownReports/2007%20Annual%20Report/2007%20hale%20high%20trust.pdf,atr,nodes,wayback,
Stow,2007,http://www.stow-ma.gov/pages/stowma_selectmen/StowMA_TownReports/2007%20Annual%20Report/2007%20treasurer.pdf,atr,nodes,wayback,
Stow,2007,http://www.stow-ma.gov/pages/stowma_selectmen/StowMA_TownReports/2007%20Annual%20Report/2007%20trust%20funds.pdf,atr,nodes,wayback,
Stow,2008,http://www.stow-ma.gov/Pages/StowMA_PlanMin/I0147F6DC.0/2008%20Annual%20Report.pdf,atr,nodes,wayback,
Stow,2008,http://www.stow-ma.gov/Pages/StowMA_Selectmen/StowMA_TownReports/2008%20Annual%20Report.pdf,atr,nodes,wayback,
Stow,2008,http://www.stow-ma.gov/pages/stowma_townmeeting/Archives/2008%20%20%20Town%20Meeting%20&%20State%20and%20Town%20Elections/2008%20Annual%20Election%20May%2013%20Results.pdf,result,catalog,wayback,
Stow,2008,http://www.stow-ma.gov/pages/stowma_townmeeting/Archives/2008%20%20%20Town%20Meeting%20&%20State%20and%20Town%20Elections/2008%20Annual%20Town%20Meeting%20Details%20and%20Results.PDF,result,catalog,wayback,
Stow,2008,https://www.stow-ma.gov/sites/g/files/vyhlif1286/f/uploads/2008_annual_report.pdf,atr,nodes,wayback,
Stow,2009,http://www.stow-ma.gov/Pages/StowMA_Selectmen/StowMA_TownReports/2009/Calendar.pdf,atr,nodes,wayback,
Stow,2009,http://www.stow-ma.gov/Pages/StowMA_Selectmen/StowMA_TownReports/2009/Federal.pdf,atr,nodes,wayback,
Stow,2009,http://www.stow-ma.gov/Pages/StowMA_Selectmen/StowMA_TownReports/2009_StowAR_final.pdf,atr,nodes,wayback,
Stow,2009,http://www.stow-ma.gov/pages/stowma_TownMeeting/Archives/2009%20%20%20Town%20Meeting%20&%20State%20and%20Town%20Elections/Results%2005042009%20ATM.pdf,result,catalog,wayback,
Stow,2009,http://www.stow-ma.gov/pages/stowma_selectmen/StowMA_TownReports/2009/2009_StowAR_final.pdf,atr,nodes,wayback,
Stow,2009,http://www.stow-ma.gov/pages/stowma_selectmen/StowMA_TownReports/2009/AdminDocs/Selectmen.pdf,atr,nodes,wayback,
Stow,2009,http://www.stow-ma.gov/pages/stowma_selectmen/StowMA_TownReports/2009/AdminDocs/ZBA.pdf,atr,nodes,wayback,
Stow,2009,http://www.stow-ma.gov/pages/stowma_selectmen/StowMA_TownReports/2009/Data.pdf,atr,nodes,wayback,
Stow,2009,http://www.stow-ma.gov/pages/stowma_selectmen/StowMA_TownReports/2009/EducationDocs/Minuteman.pdf,atr,nodes,wayback,
Stow,2009,http://www.stow-ma.gov/pages/stowma_selectmen/StowMA_TownReports/2009/EducationDocs/Nashoba.pdf,atr,nodes,wayback,
Stow,2009,http://www.stow-ma.gov/pages/stowma_selectmen/StowMA_TownReports/2009/PublicDocs/Police.pdf,atr,nodes,wayback,
Stow,2009,http://www.stow-ma.gov/pages/stowma_selectmen/StowMA_TownReports/2009/PublicDocs/Statistics.pdf,atr,nodes,wayback,
Stow,2009,http://www.stow-ma.gov/pages/stowma_selectmen/StowMA_TownReports/2009/TownMeetingDocs/Election.pdf,atr,nodes,wayback,
Stow,2009,http://www.stow-ma.gov/pages/stowma_selectmen/StowMA_TownReports/2009/TownMeetingDocs/Primary.pdf,atr,nodes,wayback,
Stow,2009,http://www.stow-ma.gov/pages/stowma_selectmen/StowMA_TownReports/2009/TownMeetingDocs/Special.pdf,atr,nodes,wayback,
Stow,2009,http://www.stow-ma.gov/pages/stowma_selectmen/StowMA_TownReports/2009/inner.pdf,atr,nodes,wayback,
Stow,2010,http://www.stow-ma.gov/Pages/StowMA_Clerk/Archives/Town%20Election%20Unofficial%20Results%20Nov%202010.pdf,result,catalog,wayback,
Stow,2010,http://www.stow-ma.gov/Pages/StowMA_Selectmen/StowMA_TownReports/2010/2010AnnualReport.pdf,atr,nodes,wayback,
Stow,2010,http://www.stow-ma.gov/Pages/StowMA_Selectmen/StowMA_TownReports/2010/Administration/BOS.pdf,atr,nodes,wayback,
Stow,2010,http://www.stow-ma.gov/Pages/StowMA_Selectmen/StowMA_TownReports/2010/Administration/Conservation.pdf,atr,nodes,wayback,
Stow,2010,http://www.stow-ma.gov/Pages/StowMA_Selectmen/StowMA_TownReports/2010/Administration/PlanningBoard.pdf,atr,nodes,wayback,
Stow,2010,http://www.stow-ma.gov/Pages/StowMA_Selectmen/StowMA_TownReports/2010/Administration/ZBA.pdf,atr,nodes,wayback,
Stow,2010,http://www.stow-ma.gov/Pages/StowMA_Selectmen/StowMA_TownReports/2010/CoverInnerCaptions.pdf,atr,nodes,wayback,
Stow,2010,http://www.stow-ma.gov/Pages/StowMA_Selectmen/StowMA_TownReports/2010/DeptPhoneList.pdf,atr,nodes,wayback,
Stow,2010,http://www.stow-ma.gov/Pages/StowMA_Selectmen/StowMA_TownReports/2010/Education/Nashoba.pdf,atr,nodes,wayback,
Stow,2010,http://www.stow-ma.gov/Pages/StowMA_Selectmen/StowMA_TownReports/2010/Education/NashobaGradList.pdf,atr,nodes,wayback,
Stow,2010,http://www.stow-ma.gov/Pages/StowMA_Selectmen/StowMA_TownReports/2010/Elected.pdf,atr,nodes,wayback,
Stow,2010,http://www.stow-ma.gov/Pages/StowMA_Selectmen/StowMA_TownReports/2010/Federal.pdf,atr,nodes,wayback,
Stow,2010,http://www.stow-ma.gov/Pages/StowMA_Selectmen/StowMA_TownReports/2010/FullSection/FinReports.pdf,atr,nodes,wayback,
Stow,2010,http://www.stow-ma.gov/Pages/StowMA_Selectmen/StowMA_TownReports/2010/FullSection/Officers.pdf,atr,nodes,wayback,
Stow,2010,http://www.stow-ma.gov/Pages/StowMA_Selectmen/StowMA_TownReports/2010/FullSection/OurHeritage.pdf,atr,nodes,wayback,
Stow,2010,http://www.stow-ma.gov/Pages/StowMA_Selectmen/StowMA_TownReports/2010/FullSection/PublicSafety.pdf,atr,nodes,wayback,
Stow,2010,http://www.stow-ma.gov/Pages/StowMA_Selectmen/StowMA_TownReports/2010/FullSection/TownMeetings.pdf,atr,nodes,wayback,
Stow,2010,http://www.stow-ma.gov/Pages/StowMA_Selectmen/StowMA_TownReports/2010/FullSection/TownServices.pdf,atr,nodes,wayback,
Stow,2010,http://www.stow-ma.gov/Pages/StowMA_Selectmen/StowMA_TownReports/2010/MeetingCal.pdf,atr,nodes,wayback,
Stow,2010,http://www.stow-ma.gov/Pages/StowMA_Selectmen/StowMA_TownReports/2010/OurHeritage/Ancient.pdf,atr,nodes,wayback,
Stow,2010,http://www.stow-ma.gov/Pages/StowMA_Selectmen/StowMA_TownReports/2010/OurHeritage/HistoricalCom.pdf,atr,nodes,wayback,
Stow,2010,http://www.stow-ma.gov/Pages/StowMA_Selectmen/StowMA_TownReports/2010/PublicSafety/EmerServ.pdf,atr,nodes,wayback,
Stow,2010,http://www.stow-ma.gov/Pages/StowMA_Selectmen/StowMA_TownReports/2010/PublicSafety/ForesrFireWarden.pdf,atr,nodes,wayback,
Stow,2010,http://www.stow-ma.gov/Pages/StowMA_Selectmen/StowMA_TownReports/2010/PublicSafety/PoliceDept.pdf,atr,nodes,wayback,
Stow,2010,http://www.stow-ma.gov/Pages/StowMA_Selectmen/StowMA_TownReports/2010/SpecialCommittees/Assabet.pdf,atr,nodes,wayback,
Stow,2010,http://www.stow-ma.gov/Pages/StowMA_Selectmen/StowMA_TownReports/2010/SpecialCommittees/MP.pdf,atr,nodes,wayback,
Stow,2010,http://www.stow-ma.gov/Pages/StowMA_Selectmen/StowMA_TownReports/2010/SpecialCommittees/Municipal.pdf,atr,nodes,wayback,
Stow,2010,http://www.stow-ma.gov/Pages/StowMA_Selectmen/StowMA_TownReports/2010/SpecialCommittees/Pompo.pdf,atr,nodes,wayback,
Stow,2010,http://www.stow-ma.gov/Pages/StowMA_Selectmen/StowMA_TownReports/2010/TOC.pdf,atr,nodes,wayback,
Stow,2010,http://www.stow-ma.gov/Pages/StowMA_Selectmen/StowMA_TownReports/2010/TownClerk.pdf,atr,nodes,wayback,
Stow,2010,http://www.stow-ma.gov/Pages/StowMA_Selectmen/StowMA_TownReports/2010/TownMeetings/Special%20State%20Election01-19-10.pdf,atr,nodes,wayback,
Stow,2010,http://www.stow-ma.gov/Pages/StowMA_Selectmen/StowMA_TownReports/2010/TownMeetings/SpecialTownElec11-02-10.pdf,atr,nodes,wayback,
Stow,2010,http://www.stow-ma.gov/Pages/StowMA_Selectmen/StowMA_TownReports/2010/TownServices/Agricultural.pdf,atr,nodes,wayback,
Stow,2010,http://www.stow-ma.gov/Pages/StowMA_Selectmen/StowMA_TownReports/2010/TownServices/Build.pdf,atr,nodes,wayback,
Stow,2010,http://www.stow-ma.gov/Pages/StowMA_Selectmen/StowMA_TownReports/2010/TownServices/COA.pdf,atr,nodes,wayback,
Stow,2010,http://www.stow-ma.gov/Pages/StowMA_Selectmen/StowMA_TownReports/2010/TownServices/CPC.pdf,atr,nodes,wayback,
Stow,2010,http://www.stow-ma.gov/Pages/StowMA_Selectmen/StowMA_TownReports/2010/TownServices/Cemetery.pdf,atr,nodes,wayback,
Stow,2010,http://www.stow-ma.gov/Pages/StowMA_Selectmen/StowMA_TownReports/2010/TownServices/Highway.pdf,atr,nodes,wayback,
Stow,2010,http://www.stow-ma.gov/Pages/StowMA_Selectmen/StowMA_TownReports/2010/TownServices/HousingAuth.pdf,atr,nodes,wayback,
Stow,2010,http://www.stow-ma.gov/Pages/StowMA_Selectmen/StowMA_TownReports/2010/TownServices/IT.pdf,atr,nodes,wayback,
Stow,2010,http://www.stow-ma.gov/Pages/StowMA_Selectmen/StowMA_TownReports/2010/TownServices/OpenSpace.pdf,atr,nodes,wayback,
Stow,2010,http://www.stow-ma.gov/Pages/StowMA_Selectmen/StowMA_TownReports/2010/TownServices/Recreation.pdf,atr,nodes,wayback,
Stow,2010,http://www.stow-ma.gov/Pages/StowMA_Selectmen/StowMA_TownReports/2010/TownServices/TV.pdf,atr,nodes,wayback,
Stow,2010,http://www.stow-ma.gov/Pages/StowMA_Selectmen/StowMA_TownReports/2010/TownServices/TotalPermitsIssued.pdf,atr,nodes,wayback,
Stow,2010,http://www.stow-ma.gov/Pages/StowMA_Selectmen/StowMA_TownReports/2010/TownServices/Veterans.pdf,atr,nodes,wayback,
Stow,2010,http://www.stow-ma.gov/pages//StowMA_Selectmen/StowMA_TownReports/2010/Appointed.pdf,atr,nodes,wayback,
Stow,2010,http://www.stow-ma.gov/pages//StowMA_Selectmen/StowMA_TownReports/2010/FullSection/Education.pdf,atr,nodes,wayback,
Stow,2010,http://www.stow-ma.gov/pages/StowMA_Clerk/Archives/Town%20Election%20Official%20Results%20Nov%202010.pdf,result,catalog,wayback,
Stow,2010,http://www.stow-ma.gov/pages/StowMA_Selectmen/StowMA_TownReports/2010/SpecialCommittees/ElemSchoolBuilCom.pdf,atr,nodes,wayback,
Stow,2010,http://www.stow-ma.gov/pages/StowMA_Selectmen/StowMA_TownReports/2010/TownServices/Springfest.pdf,atr,nodes,wayback,
Stow,2010,http://www.stow-ma.gov/pages/stowma_selectmen/stowma_townreports/2010/Administration/Admin.pdf,atr,nodes,wayback,
Stow,2010,http://www.stow-ma.gov/pages/stowma_selectmen/stowma_townreports/2010/Administration/BOH.pdf,atr,nodes,wayback,
Stow,2010,http://www.stow-ma.gov/pages/stowma_selectmen/stowma_townreports/2010/CoverBACK.pdf,atr,nodes,wayback,
Stow,2010,http://www.stow-ma.gov/pages/stowma_selectmen/stowma_townreports/2010/CoverFRONT.pdf,atr,nodes,wayback,
Stow,2010,http://www.stow-ma.gov/pages/stowma_selectmen/stowma_townreports/2010/Education/Minuteman.pdf,atr,nodes,wayback,
Stow,2010,http://www.stow-ma.gov/pages/stowma_selectmen/stowma_townreports/2010/FullSection/Administration.pdf,atr,nodes,wayback,
Stow,2010,http://www.stow-ma.gov/pages/stowma_selectmen/stowma_townreports/2010/FullSection/SpecialCommittees.pdf,atr,nodes,wayback,
Stow,2010,http://www.stow-ma.gov/pages/stowma_selectmen/stowma_townreports/2010/PublicSafety/Fire-Rescue.pdf,atr,nodes,wayback,
Stow,2010,http://www.stow-ma.gov/pages/stowma_selectmen/stowma_townreports/2010/PublicSafety/FireStats.pdf,atr,nodes,wayback,
Stow,2010,http://www.stow-ma.gov/pages/stowma_selectmen/stowma_townreports/2010/PublicSafety/PoliceStats.pdf,atr,nodes,wayback,
Stow,2010,http://www.stow-ma.gov/pages/stowma_selectmen/stowma_townreports/2010/TownData.pdf,atr,nodes,wayback,
Stow,2010,http://www.stow-ma.gov/pages/stowma_selectmen/stowma_townreports/2010/TownMeetings/Annual%20Town%20Meeting05-03-10.pdf,atr,nodes,wayback,
Stow,2010,http://www.stow-ma.gov/pages/stowma_selectmen/stowma_townreports/2010/TownMeetings/SpecialToenMeet11-08-10.pdf,atr,nodes,wayback,
Stow,2010,http://www.stow-ma.gov/pages/stowma_selectmen/stowma_townreports/2010/TownMeetings/StateElec11-02-10.pdf,atr,nodes,wayback,
Stow,2010,http://www.stow-ma.gov/pages/stowma_selectmen/stowma_townreports/2010/TownMeetings/StatePrim09-14-10.pdf,atr,nodes,wayback,
Stow,2010,http://www.stow-ma.gov/pages/stowma_selectmen/stowma_townreports/2010/TownServices/BuildPermitsIssued.pdf,atr,nodes,wayback,
Stow,2010,http://www.stow-ma.gov/pages/stowma_selectmen/stowma_townreports/2010/TownServices/CPCprojects.pdf,atr,nodes,wayback,
Stow,2010,http://www.stow-ma.gov/pages/stowma_selectmen/stowma_townreports/2010/TownServices/Cable.pdf,atr,nodes,wayback,
Stow,2010,http://www.stow-ma.gov/pages/stowma_selectmen/stowma_townreports/2010/TownServices/Cultural.pdf,atr,nodes,wayback,
Stow,2010,http://www.stow-ma.gov/pages/stowma_selectmen/stowma_townreports/2010/TownServices/LakeBoon.pdf,atr,nodes,wayback,
Stow,2010,https://www.stow-ma.gov/sites/g/files/vyhlif1286/f/uploads/2010annualreport.pdf,atr,nodes,wayback,
Stow,2011,http://www.stow-ma.gov/Pages/StowMA_Selectmen/StowMA_TownReports/2011/2011.pdf,atr,nodes,wayback,
Stow,2011,http://www.stow-ma.gov/Pages/StowMA_Selectmen/StowMA_TownReports/2011/AdminDocs/Conservation.pdf,atr,nodes,wayback,
Stow,2011,http://www.stow-ma.gov/Pages/StowMA_Selectmen/StowMA_TownReports/2011/AdminDocs/Health.pdf,atr,nodes,wayback,
Stow,2011,http://www.stow-ma.gov/Pages/StowMA_Selectmen/StowMA_TownReports/2011/AdminDocs/Selectmen.pdf,atr,nodes,wayback,
Stow,2011,http://www.stow-ma.gov/Pages/StowMA_Selectmen/StowMA_TownReports/2011/AdminDocs/ZBA.pdf,atr,nodes,wayback,
Stow,2011,http://www.stow-ma.gov/Pages/StowMA_Selectmen/StowMA_TownReports/2011/AdminDocs/planning.pdf,atr,nodes,wayback,
Stow,2011,http://www.stow-ma.gov/Pages/StowMA_Selectmen/StowMA_TownReports/2011/AdminDocs/townadmin.pdf,atr,nodes,wayback,
Stow,2011,http://www.stow-ma.gov/Pages/StowMA_Selectmen/StowMA_TownReports/2011/Calendar.pdf,atr,nodes,wayback,
Stow,2011,http://www.stow-ma.gov/Pages/StowMA_Selectmen/StowMA_TownReports/2011/Clerk.pdf,atr,nodes,wayback,
Stow,2011,http://www.stow-ma.gov/Pages/StowMA_Selectmen/StowMA_TownReports/2011/Data.pdf,atr,nodes,wayback,
Stow,2011,http://www.stow-ma.gov/Pages/StowMA_Selectmen/StowMA_TownReports/2011/EducationDocs/2011.pdf,atr,nodes,wayback,
Stow,2011,http://www.stow-ma.gov/Pages/StowMA_Selectmen/StowMA_TownReports/2011/EducationDocs/Minuteman.pdf,atr,nodes,wayback,
Stow,2011,http://www.stow-ma.gov/Pages/StowMA_Selectmen/StowMA_TownReports/2011/EducationDocs/Nashoba.pdf,atr,nodes,wayback,
Stow,2011,http://www.stow-ma.gov/Pages/StowMA_Selectmen/StowMA_TownReports/2011/HeritageDocs/Ancient.pdf,atr,nodes,wayback,
Stow,2011,http://www.stow-ma.gov/Pages/StowMA_Selectmen/StowMA_TownReports/2011/HeritageDocs/Historical.pdf,atr,nodes,wayback,
Stow,2011,http://www.stow-ma.gov/Pages/StowMA_Selectmen/StowMA_TownReports/2011/PublicDocs/Emergency.pdf,atr,nodes,wayback,
Stow,2011,http://www.stow-ma.gov/Pages/StowMA_Selectmen/StowMA_TownReports/2011/PublicDocs/Fire.pdf,atr,nodes,wayback,
Stow,2011,http://www.stow-ma.gov/Pages/StowMA_Selectmen/StowMA_TownReports/2011/PublicDocs/Forest.pdf,atr,nodes,wayback,
Stow,2011,http://www.stow-ma.gov/Pages/StowMA_Selectmen/StowMA_TownReports/2011/PublicDocs/Police.pdf,atr,nodes,wayback,
Stow,2011,http://www.stow-ma.gov/Pages/StowMA_Selectmen/StowMA_TownReports/2011/PublicDocs/Statistics.pdf,atr,nodes,wayback,
Stow,2011,http://www.stow-ma.gov/Pages/StowMA_Selectmen/StowMA_TownReports/2011/SpecialDocs/Community.pdf,atr,nodes,wayback,
Stow,2011,http://www.stow-ma.gov/Pages/StowMA_Selectmen/StowMA_TownReports/2011/SpecialDocs/Elementary.pdf,atr,nodes,wayback,
Stow,2011,http://www.stow-ma.gov/Pages/StowMA_Selectmen/StowMA_TownReports/2011/SpecialDocs/Master.pdf,atr,nodes,wayback,
Stow,2011,http://www.stow-ma.gov/Pages/StowMA_Selectmen/StowMA_TownReports/2011/SpecialDocs/Multi.pdf,atr,nodes,wayback,
Stow,2011,http://www.stow-ma.gov/Pages/StowMA_Selectmen/StowMA_TownReports/2011/SpecialDocs/Pompo.pdf,atr,nodes,wayback,
Stow,2011,http://www.stow-ma.gov/Pages/StowMA_Selectmen/StowMA_TownReports/2011/SpecialDocs/Transportation.pdf,atr,nodes,wayback,
Stow,2011,http://www.stow-ma.gov/Pages/StowMA_Selectmen/StowMA_TownReports/2011/TOC.pdf,atr,nodes,wayback,
Stow,2011,http://www.stow-ma.gov/Pages/StowMA_Selectmen/StowMA_TownReports/2011/Telephones.pdf,atr,nodes,wayback,
Stow,2011,http://www.stow-ma.gov/Pages/StowMA_Selectmen/StowMA_TownReports/2011/TownMeetingDocs/Annual.pdf,atr,nodes,wayback,
Stow,2011,http://www.stow-ma.gov/Pages/StowMA_Selectmen/StowMA_TownReports/2011/TownMeetingDocs/Election.pdf,atr,nodes,wayback,
Stow,2011,http://www.stow-ma.gov/Pages/StowMA_Selectmen/StowMA_TownReports/2011/TownMeetingDocs/Special.pdf,atr,nodes,wayback,
Stow,2011,http://www.stow-ma.gov/Pages/StowMA_Selectmen/StowMA_TownReports/2011/TownServicesDocs/Ag.pdf,atr,nodes,wayback,
Stow,2011,http://www.stow-ma.gov/Pages/StowMA_Selectmen/StowMA_TownReports/2011/TownServicesDocs/Building.pdf,atr,nodes,wayback,
Stow,2011,http://www.stow-ma.gov/Pages/StowMA_Selectmen/StowMA_TownReports/2011/TownServicesDocs/COA.pdf,atr,nodes,wayback,
Stow,2011,http://www.stow-ma.gov/Pages/StowMA_Selectmen/StowMA_TownReports/2011/TownServicesDocs/Cable.pdf,atr,nodes,wayback,
Stow,2011,http://www.stow-ma.gov/Pages/StowMA_Selectmen/StowMA_TownReports/2011/TownServicesDocs/Cemetery.pdf,atr,nodes,wayback,
Stow,2011,http://www.stow-ma.gov/Pages/StowMA_Selectmen/StowMA_TownReports/2011/TownServicesDocs/Community.pdf,atr,nodes,wayback,
Stow,2011,http://www.stow-ma.gov/Pages/StowMA_Selectmen/StowMA_TownReports/2011/TownServicesDocs/Cultural.pdf,atr,nodes,wayback,
Stow,2011,http://www.stow-ma.gov/Pages/StowMA_Selectmen/StowMA_TownReports/2011/TownServicesDocs/Highway.pdf,atr,nodes,wayback,
Stow,2011,http://www.stow-ma.gov/Pages/StowMA_Selectmen/StowMA_TownReports/2011/TownServicesDocs/Housing.pdf,atr,nodes,wayback,
Stow,2011,http://www.stow-ma.gov/Pages/StowMA_Selectmen/StowMA_TownReports/2011/TownServicesDocs/IT.pdf,atr,nodes,wayback,
Stow,2011,http://www.stow-ma.gov/Pages/StowMA_Selectmen/StowMA_TownReports/2011/TownServicesDocs/Lake.pdf,atr,nodes,wayback,
Stow,2011,http://www.stow-ma.gov/Pages/StowMA_Selectmen/StowMA_TownReports/2011/TownServicesDocs/Library.pdf,atr,nodes,wayback,
Stow,2011,http://www.stow-ma.gov/Pages/StowMA_Selectmen/StowMA_TownReports/2011/TownServicesDocs/Open.pdf,atr,nodes,wayback,
Stow,2011,http://www.stow-ma.gov/Pages/StowMA_Selectmen/StowMA_TownReports/2011/TownServicesDocs/Preservation.pdf,atr,nodes,wayback,
Stow,2011,http://www.stow-ma.gov/Pages/StowMA_Selectmen/StowMA_TownReports/2011/TownServicesDocs/Recreation.pdf,atr,nodes,wayback,
Stow,2011,http://www.stow-ma.gov/Pages/StowMA_Selectmen/StowMA_TownReports/2011/TownServicesDocs/Springfest.pdf,atr,nodes,wayback,
Stow,2011,http://www.stow-ma.gov/Pages/StowMA_Selectmen/StowMA_TownReports/2011/TownServicesDocs/TV.pdf,atr,nodes,wayback,
Stow,2011,http://www.stow-ma.gov/Pages/StowMA_Selectmen/StowMA_TownReports/2011/TownServicesDocs/Veterans.pdf,atr,nodes,wayback,
Stow,2011,http://www.stow-ma.gov/Pages/StowMA_Selectmen/StowMA_TownReports/2011/back.pdf,atr,nodes,wayback,
Stow,2011,http://www.stow-ma.gov/Pages/StowMA_Selectmen/StowMA_TownReports/2011/inner.pdf,atr,nodes,wayback,
Stow,2011,http://www.stow-ma.gov/Pages/StowMA_Selectmen/StowMA_TownReports/2011/mem.pdf,atr,nodes,wayback,
Stow,2011,http://www.stow-ma.gov/pages/stowma_selectmen/StowMA_TownReports/2011/Appointedfinal.pdf,atr,nodes,wayback,
Stow,2011,http://www.stow-ma.gov/pages/stowma_selectmen/StowMA_TownReports/2011/PublicDocs/FireStatistics.pdf,atr,nodes,wayback,
Stow,2011,http://www.stow-ma.gov/pages/stowma_selectmen/StowMA_TownReports/2011/SpecialDocs/Housing.pdf,atr,nodes,wayback,
Stow,2011,http://www.stow-ma.gov/pages/stowma_selectmen/StowMA_TownReports/2011/electedfinal.pdf,atr,nodes,wayback,
Stow,2011,http://www.stow-ma.gov/pages/stowma_selectmen/StowMA_TownReports/2011/federal.pdf,atr,nodes,wayback,
Stow,2012,http://www.stow-ma.gov/Pages/StowMA_Clerk/May%202012%20Annual%20Election%20Official%20Results.pdf,result,catalog,wayback,
Stow,2012,http://www.stow-ma.gov/Pages/StowMA_Report/2012/2012TOWNREPORT.pdf,atr,nodes,wayback,
Stow,2013,http://www.stow-ma.gov/pages/StowMA_BComm/StowMA_CPC/2013%20Annual%20Report.pdf,atr,nodes,wayback,
Stow,2014,http://www.stow-ma.gov/pages/StowMA_BComm/StowMA_CPC/2014%20Annual%20Report%20CPC.pdf,atr,nodes,wayback,
Stow,2014,http://www.stow-ma.gov/pages/stowma_TownMeeting/Archives/2014%20Town%20Meeting%20&%20State%20&%20Town%20Elections/ResultsMay05and06ATM2014.pdf,result,catalog,wayback,
Stow,2015,http://www.stow-ma.gov/pages/StowMA_BComm/StowMA_CPC/2015%20Annual%20Report%20CPC.pdf,atr,nodes,wayback,
Stow,2015,https://www.stow-ma.gov/sites/g/files/vyhlif11851/f/uploads/final_2015_stow_town_report.pdf,atr,nodes,wayback,
Stow,2015,https://www.stow-ma.gov/sites/g/files/vyhlif1286/f/uploads/final_2015_stow_town_report.pdf,atr,nodes,wayback,
Stow,2016,https://www.stow-ma.gov/sites/g/files/vyhlif1286/f/uploads/final_stow_2016_town_report_final.pdf,atr,nodes,wayback,
Stow,2018,https://www.stow-ma.gov/DocumentCenter/View/1736/2018-November-Election-State-Results-PDF,result,catalog,wayback,
Stow,2018,https://www.stow-ma.gov/DocumentCenter/View/1737/2018-November-Election-Town-Results-PDF,result,catalog,wayback,
Stow,2018,https://www.stow-ma.gov/DocumentCenter/View/1746/2018-May-Election-Annual-Results-PDF,result,catalog,wayback,
Stow,2018,https://www.stow-ma.gov/sites/g/files/vyhlif1286/f/pages/final_results_nov_6_2018_town_election_with_uocava_and_provisional.pdf,result,catalog,wayback,
Stow,2018,https://www.stow-ma.gov/sites/g/files/vyhlif1286/f/uploads/2018_stow_annual_report_web.pdf,atr,nodes,wayback,
Stow,2019,https://www.stow-ma.gov/DocumentCenter/View/1739/2019-May-Election-Annual-Results-PDF,result,catalog,wayback,
Stow,2019,https://www.stow-ma.gov/sites/g/files/vyhlif1286/f/pages/annual_town_election_may_14_2019_results.pdf,result,catalog,wayback,
Stow,2020,https://www.stow-ma.gov/DocumentCenter/View/1727/2020-June-Annual-Election-Results-PDF,result,catalog,wayback,
Stow,2020,https://www.stow-ma.gov/sites/g/files/vyhlif1286/f/uploads/2020_annual_report.pdf,atr,nodes,wayback,
Stow,2020,https://www.stow-ma.gov/sites/g/files/vyhlif1286/f/uploads/2020_annual_report_cpc.pdf,atr,nodes,wayback,
Stow,2020,https://www.stow-ma.gov/sites/g/files/vyhlif1286/f/uploads/stow_town_report_2020_web.pdf,atr,nodes,wayback,
Sturbridge,2016,https://www.sturbridge.gov/sites/g/files/vyhlif12111/f/uploads/cpa_2016_annual_report_final.pdf,atr,nodes,wayback,
Sturbridge,2018,https://www.sturbridge.gov/sites/g/files/vyhlif12111/f/uploads/2018_annual_town_report_full.pdf,atr,nodes,wayback,
Sturbridge,2018,https://www.sturbridge.gov/sites/g/files/vyhlif3881/f/uploads/2018_annual_town_report_full.pdf,atr,nodes,wayback,
Sturbridge,2019,https://www.sturbridge.gov/sites/g/files/vyhlif12111/f/uploads/cpc_2019_annual_report.pdf,atr,nodes,wayback,
Sturbridge,2020,https://www.sturbridge.gov/sites/g/files/vyhlif12111/f/uploads/cpc_2020_annual_report.pdf,atr,nodes,wayback,
Sudbury,2004,http://sudbury.ma.us/departments/Selectmen/doc1852/TownReport2004.pdf,atr,nodes,wayback,
Sudbury,2004,http://www.sudbury.ma.us:80/documents/dl/1852/TownReport2004.pdf,atr,nodes,wayback,
Sudbury,2005,http://sudbury.ma.us/departments/Selectmen/doc2459/2005TownReport.pdf,atr,nodes,wayback,
Sudbury,2005,http://sudbury.ma.us:80/departments/RailTrail/doc7240/RTCAC_2005_TownReport.pdf,atr,nodes,wayback,
Sudbury,2005,http://www.sudbury.ma.us/documents/dl/2459/2005TownReport.pdf,atr,nodes,wayback,
Sudbury,2006,http://sudbury.ma.us/departments/Selectmen/doc3255/2006TownReport.pdf,atr,nodes,wayback,
Sudbury,2006,http://sudbury.ma.us:80/departments/RailTrail/doc7241/RTCAC_2006_TownReport.pdf,atr,nodes,wayback,
Sudbury,2006,http://www.sudbury.ma.us:80/documents/dl/3255/2006TownReport.pdf,atr,nodes,wayback,
Sudbury,2007,http://sudbury.ma.us:80/departments/RailTrail/doc7242/RTCAC_2007_TownReport.pdf,atr,nodes,wayback,
Sudbury,2007,http://www.sudbury.ma.us:80/documents/dl/4141/2007TownReport.pdf,atr,nodes,wayback,
Sudbury,2008,http://sudbury.ma.us/departments/HousingTrust/doc4684/2008AnnualReport-SudburyHousingTrust.pdf,atr,nodes,wayback,
Sudbury,2008,http://sudbury.ma.us/departments/Selectmen/doc4874/2008TownReport.pdf,atr,nodes,wayback,
Sudbury,2008,http://sudbury.ma.us:80/departments/RailTrail/doc7243/RTCAC_2008_TownReport.pdf,atr,nodes,wayback,
Sudbury,2008,http://www.sudbury.ma.us:80/documents/dl/4874/2008TownReport.pdf,atr,nodes,wayback,
Sudbury,2009,http://sudbury.ma.us:80/departments/HousingTrust/doc5335/2009SudburyHousingTrustannualreportsigned.pdf,atr,nodes,wayback,
Sudbury,2009,http://sudbury.ma.us:80/departments/RailTrail/doc7244/RTCAC_2009_TownReport.pdf,atr,nodes,wayback,
Sudbury,2010,http://sudbury.ma.us:80/departments/HousingTrust/doc6205/2010AnnualReport-SudburyHousingTrust.pdf,atr,nodes,wayback,
Sudbury,2010,http://sudbury.ma.us:80/departments/RailTrail/doc7245/RTCAC_2010_TownReport.pdf,atr,nodes,wayback,
Sudbury,2011,http://sudbury.ma.us:80/departments/HousingTrust/doc7429/2011AnnualReport-SudburyHousingTrust.pdf,atr,nodes,wayback,
Sudbury,2011,http://sudbury.ma.us:80/departments/RailTrail/doc7246/RTCAC_2011_TownReport.pdf,atr,nodes,wayback,
Sudbury,2011,https://sudbury.ma.us/wp-content/uploads/sites/388/2022/04/Annual-Report-2011.pdf,atr,nodes,wayback,
Sudbury,2012,http://sudbury.ma.us:80/departments/HousingTrust/doc8439/2012AnnualReport-SudburyHousingTrust.pdf,atr,nodes,wayback,
Sudbury,2012,https://sudbury.ma.us/wp-content/uploads/sites/388/2022/04/Annual-Report-2012.pdf,atr,nodes,wayback,
Sudbury,2014,https://cdn.sudbury.ma.us/wp-content/uploads/sites/275/2014/08/2002TownReport.pdf,atr,nodes,wayback,
Sudbury,2014,https://cdn.sudbury.ma.us/wp-content/uploads/sites/275/2014/08/2002TownReport.pdf?version=96e239b50697aa2942088d3b0da9da2c,atr,nodes,wayback,
Sudbury,2014,https://cdn.sudbury.ma.us/wp-content/uploads/sites/275/2014/08/2007AnnualReport.pdf,atr,nodes,wayback,
Sudbury,2014,https://cdn.sudbury.ma.us/wp-content/uploads/sites/275/2014/08/2007AnnualReport.pdf?version=1456e5e9e981dc08dbbf3e8fc7ac2d27,atr,nodes,wayback,
Sudbury,2014,https://cdn.sudbury.ma.us/wp-content/uploads/sites/275/2014/08/2008AnnualReport.pdf,atr,nodes,wayback,
Sudbury,2014,https://cdn.sudbury.ma.us/wp-content/uploads/sites/275/2014/08/2008AnnualReport.pdf?version=8ce0ee62a9dec9cfff570605aeff978a,atr,nodes,wayback,
Sudbury,2014,https://cdn.sudbury.ma.us/wp-content/uploads/sites/275/2014/08/2009AnnualReport.pdf,atr,nodes,wayback,
Sudbury,2014,https://cdn.sudbury.ma.us/wp-content/uploads/sites/275/2014/08/2009AnnualReport.pdf?version=ea3f1ed049e6e2d4f2e29d6cb6754af9,atr,nodes,wayback,
Sudbury,2014,https://cdn.sudbury.ma.us/wp-content/uploads/sites/275/2014/08/2010AnnualReport.pdf,atr,nodes,wayback,
Sudbury,2014,https://cdn.sudbury.ma.us/wp-content/uploads/sites/275/2014/08/2010AnnualReport.pdf?version=03d1ee4b28b1cc4b6239322ca16b106c,atr,nodes,wayback,
Sudbury,2014,https://cdn.sudbury.ma.us/wp-content/uploads/sites/275/2014/08/2011AnnualReport.pdf,atr,nodes,wayback,
Sudbury,2014,https://cdn.sudbury.ma.us/wp-content/uploads/sites/275/2014/08/2011AnnualReport.pdf?version=00d23555b181b8c0f25368ced66963da,atr,nodes,wayback,
Sudbury,2014,https://cdn.sudbury.ma.us/wp-content/uploads/sites/275/2014/08/CPCTownreport2006.pdf,atr,nodes,wayback,
Sudbury,2014,https://cdn.sudbury.ma.us/wp-content/uploads/sites/275/2014/08/CPCTownreport2006.pdf?version=96a46ab58b98fcaffe20c9d593f69330,atr,nodes,wayback,
Sudbury,2014,https://cdn.sudbury.ma.us/wp-content/uploads/sites/304/2014/08/2007AnnualReport-SudburyHousingTrust.pdf,atr,nodes,wayback,
Sudbury,2014,https://cdn.sudbury.ma.us/wp-content/uploads/sites/304/2014/08/2007AnnualReport-SudburyHousingTrust.pdf?version=479b0bfd19a04190aa06aa6194fccd8e,atr,nodes,wayback,
Sudbury,2014,https://cdn.sudbury.ma.us/wp-content/uploads/sites/304/2014/08/2008AnnualReport-SudburyHousingTrust.pdf,atr,nodes,wayback,
Sudbury,2014,https://cdn.sudbury.ma.us/wp-content/uploads/sites/304/2014/08/2008AnnualReport-SudburyHousingTrust.pdf?version=8dde203e2f1efc74656747f06bc11b95,atr,nodes,wayback,
Sudbury,2014,https://cdn.sudbury.ma.us/wp-content/uploads/sites/304/2014/08/2009SudburyHousingTrustannualreportsigned.pdf,atr,nodes,wayback,
Sudbury,2014,https://cdn.sudbury.ma.us/wp-content/uploads/sites/304/2014/08/2009SudburyHousingTrustannualreportsigned.pdf?version=b52e4ca2b262f469d3f42bd0eb42833f,atr,nodes,wayback,
Sudbury,2014,https://cdn.sudbury.ma.us/wp-content/uploads/sites/304/2014/08/2010AnnualReport-SudburyHousingTrust.pdf,atr,nodes,wayback,
Sudbury,2014,https://cdn.sudbury.ma.us/wp-content/uploads/sites/304/2014/08/2010AnnualReport-SudburyHousingTrust.pdf?version=ddbc04e90255ec3067c68012e7cae4fa,atr,nodes,wayback,
Sudbury,2014,https://cdn.sudbury.ma.us/wp-content/uploads/sites/304/2014/08/2011AnnualReport-SudburyHousingTrust.pdf,atr,nodes,wayback,
Sudbury,2014,https://cdn.sudbury.ma.us/wp-content/uploads/sites/304/2014/08/2011AnnualReport-SudburyHousingTrust.pdf?version=80794b954a5a9b482c597ce280740b26,atr,nodes,wayback,
Sudbury,2014,https://cdn.sudbury.ma.us/wp-content/uploads/sites/304/2014/08/2012AnnualReport-SudburyHousingTrust.pdf,atr,nodes,wayback,
Sudbury,2014,https://cdn.sudbury.ma.us/wp-content/uploads/sites/304/2014/08/2012AnnualReport-SudburyHousingTrust.pdf?version=ef7732ac6320cbb1f228d656b9f9a7f7,atr,nodes,wayback,
Sudbury,2014,https://cdn.sudbury.ma.us/wp-content/uploads/sites/304/2014/08/2013AnnualReport-SudburyHousingTrust.pdf,atr,nodes,wayback,
Sudbury,2014,https://cdn.sudbury.ma.us/wp-content/uploads/sites/304/2014/08/2013AnnualReport-SudburyHousingTrust.pdf?version=6735c09f187bf940c47632249f277132,atr,nodes,wayback,
Sudbury,2014,https://sudbury.ma.us/housingtrust/wp-content/uploads/sites/304/2014/08/2007AnnualReport-SudburyHousingTrust.pdf?version=03fe532be44ddbcf5108865005dc6437,atr,nodes,wayback,
Sudbury,2014,https://sudbury.ma.us/housingtrust/wp-content/uploads/sites/304/2014/08/2008AnnualReport-SudburyHousingTrust.pdf?version=c220c753e89df61c870a3d1c63912576,atr,nodes,wayback,
Sudbury,2014,https://sudbury.ma.us/housingtrust/wp-content/uploads/sites/304/2014/08/2009SudburyHousingTrustannualreportsigned.pdf?version=698da76c52301e4fd1aaa33a33987b0c,atr,nodes,wayback,
Sudbury,2014,https://sudbury.ma.us/housingtrust/wp-content/uploads/sites/304/2014/08/2010AnnualReport-SudburyHousingTrust.pdf?version=535706a3cab6f15ff42b8e6061a99191,atr,nodes,wayback,
Sudbury,2014,https://sudbury.ma.us/housingtrust/wp-content/uploads/sites/304/2014/08/2011AnnualReport-SudburyHousingTrust.pdf?version=f5dde21ee90b32c55c474afda359406e,atr,nodes,wayback,
Sudbury,2014,https://sudbury.ma.us/housingtrust/wp-content/uploads/sites/304/2014/08/2012AnnualReport-SudburyHousingTrust.pdf?version=032326533bee439b6906edbb5098b531,atr,nodes,wayback,
Sudbury,2014,https://sudbury.ma.us/housingtrust/wp-content/uploads/sites/304/2014/08/2013AnnualReport-SudburyHousingTrust.pdf?version=4a2518b9ae0bd316bf945d3d4caccd22,atr,nodes,wayback,
Sudbury,2014,https://sudbury.ma.us/selectboardsoffice/wp-content/uploads/sites/342/2014/08/1917AnnualReport.pdf,atr,nodes,wayback,
Sudbury,2014,https://sudbury.ma.us/selectboardsoffice/wp-content/uploads/sites/342/2014/08/1950AnnualReport.pdf,atr,nodes,wayback,
Sudbury,2014,https://sudbury.ma.us/selectboardsoffice/wp-content/uploads/sites/342/2014/08/1950AnnualReport.pdf?version=f1c617e02a3f0967fedb33399e05cbb2,atr,nodes,wayback,
Sudbury,2014,https://sudbury.ma.us/selectboardsoffice/wp-content/uploads/sites/342/2014/08/1961AnnualReport.pdf,atr,nodes,wayback,
Sudbury,2014,https://sudbury.ma.us/selectboardsoffice/wp-content/uploads/sites/342/2014/08/1964AnnualReport.pdf,atr,nodes,wayback,
Sudbury,2014,https://sudbury.ma.us/selectboardsoffice/wp-content/uploads/sites/342/2014/08/1966AnnualReport.pdf?utm_source=sudburyweekly-newsletter-6d67a1.beehiiv.com&utm_medium=referral&utm_campaign=back-to-the-future,atr,nodes,wayback,
Sudbury,2014,https://sudbury.ma.us/selectboardsoffice/wp-content/uploads/sites/342/2014/08/1974AnnualReport.pdf,atr,nodes,wayback,
Sudbury,2014,https://sudbury.ma.us/selectboardsoffice/wp-content/uploads/sites/342/2014/08/1982AnnualReport.pdf,atr,nodes,wayback,
Sudbury,2014,https://sudbury.ma.us/selectboardsoffice/wp-content/uploads/sites/342/2014/08/2002AnnualReport.pdf,atr,nodes,wayback,
Sudbury,2014,https://sudbury.ma.us/selectmen/wp-content/uploads/sites/342/2014/08/1950AnnualReport.pdf?version=f1c617e02a3f0967fedb33399e05cbb2,atr,nodes,wayback,
Sudbury,2014,https://sudbury.ma.us/selectmen/wp-content/uploads/sites/342/2014/08/1982AnnualReport.pdf,atr,nodes,wayback,
Sudbury,2014,https://sudbury.ma.us/selectmen/wp-content/uploads/sites/342/2014/08/2002AnnualReport.pdf,atr,nodes,wayback,
Sudbury,2015,https://cdn.sudbury.ma.us/wp-content/uploads/sites/274/2015/02/Annual-Report-2014-1.pdf,atr,nodes,wayback,
Sudbury,2015,https://cdn.sudbury.ma.us/wp-content/uploads/sites/274/2015/02/Annual-Report-2014-1.pdf?version=d01a5aca13927ffea4b1a2cc8aa07355,atr,nodes,wayback,
Sudbury,2015,https://cdn.sudbury.ma.us/wp-content/uploads/sites/304/2015/02/2014-Annual-Report-Sudbury-Housing-Trust-FINAL.pdf,atr,nodes,wayback,
Sudbury,2015,https://sudbury.ma.us/library/wp-content/uploads/sites/380/2015/02/Annual-Report-2011.pdf,atr,nodes,wayback,
Sudbury,2015,https://sudbury.ma.us/library/wp-content/uploads/sites/380/2015/02/Annual-Report-2012.pdf,atr,nodes,wayback,
Sudbury,2015,https://sudbury.ma.us/selectmen/wp-content/uploads/sites/342/2015/04/2014TownReport.pdf?version=a254551d1a5834fe2c003f694f01734e,atr,nodes,wayback,
Sudbury,2017,https://cdn.sudbury.ma.us/wp-content/uploads/sites/265/2017/11/2016CableAdvisorTownReport.pdf,atr,nodes,wayback,
Sudbury,2017,https://cdn.sudbury.ma.us/wp-content/uploads/sites/265/2017/11/2016CableAdvisorTownReport.pdf?version=5925a4a911170ad2d3656c1fdecdb36f,atr,nodes,wayback,
Sudbury,2017,https://sudbury.ma.us/selectboardsoffice/wp-content/uploads/sites/342/2017/04/2016TownReport.pdf,atr,nodes,wayback,
Sudbury,2017,https://sudbury.ma.us/selectboardsoffice/wp-content/uploads/sites/342/2017/04/2016TownReport.pdf?version=39f002ab53a9ea165c8731a8a971edd4,atr,nodes,wayback,
Sudbury,2017,https://sudbury.ma.us/selectmen/wp-content/uploads/sites/342/2017/04/2016TownReport.pdf?version=39f002ab53a9ea165c8731a8a971edd4,atr,nodes,wayback,
Sudbury,2018,https://sudbury.ma.us/selectboardsoffice/wp-content/uploads/sites/342/2018/05/2017TownReport.pdf?version=724445b2b64fdb1a51a9aa43a41fef4c,atr,nodes,wayback,
Sudbury,2019,https://cdn.sudbury.ma.us/wp-content/uploads/sites/342/2019/08/Sudbury-2018-TOWN-REPORT.pdf?version=9a6e240a1e325e54e8f64f03a3cf80e4,atr,nodes,crawl,Download Now
Sudbury,2019,https://cdn.sudbury.ma.us/wp-content/uploads/sites/342/2021/03/Sudbury-2019-Town-Report.pdf?version=7613194b04113666d493d6f30a09a35d,atr,nodes,crawl,Download Now
Sudbury,2020,https://cdn.sudbury.ma.us/wp-content/uploads/sites/293/2021/01/2020-Town-Report-Finance-Committee.pdf,atr,nodes,wayback,
Sudbury,2020,https://cdn.sudbury.ma.us/wp-content/uploads/sites/293/2021/01/2020-Town-Report-Finance-Committee.pdf?version=d3a33949c0293a6f96e7dade29775790,atr,nodes,wayback,
Sudbury,2020,https://cdn.sudbury.ma.us/wp-content/uploads/sites/342/2021/10/Sudbury-2020-Town-Report.pdf?version=dc0f5577c1308cf4ab0fc3c4bea67ed0,atr,nodes,crawl,Download Now
Sudbury,2020,https://sudbury.ma.us/library/wp-content/uploads/sites/380/2020/08/GLF-2019-ANNUAL-REPORT-compressed.pdf,atr,nodes,wayback,
Sudbury,2020,https://sudbury.ma.us/selectboardsoffice/wp-content/uploads/sites/342/2021/10/Sudbury-2020-Town-Report.pdf,atr,nodes,wayback,
Sudbury,2020,https://sudbury.ma.us/selectboardsoffice/wp-content/uploads/sites/342/2021/10/Sudbury-2020-Town-Report.pdf?version=dc0f5577c1308cf4ab0fc3c4bea67ed0,atr,nodes,wayback,
Sunderland,2009,http://www.townofsunderland.us:80/_2009%20SUNDERLAND%20ANNUAL%20REPORT.pdf,atr,nodes,wayback,
Sunderland,2011,https://www.townofsunderland.us/sites/g/files/vyhlif3891/f/uploads/annual_report_2011.pdf,atr,nodes,wayback,
Sunderland,2012,http://www.townofsunderland.us/2012AnnualTownReport.pdf,atr,nodes,wayback,
Sunderland,2012,https://www.townofsunderland.us/sites/g/files/vyhlif3891/f/uploads/annual_report_2012.pdf,atr,nodes,wayback,
Sunderland,2013,https://www.townofsunderland.us/sites/g/files/vyhlif3891/f/uploads/annual_report_2013.pdf,atr,nodes,wayback,
Sunderland,2014,https://www.townofsunderland.us/sites/g/files/vyhlif3891/f/uploads/annual_report_2014.pdf,atr,nodes,wayback,
Sunderland,2015,https://www.townofsunderland.us/sites/g/files/vyhlif3891/f/uploads/2015_annual_report_-_final_.pdf,atr,nodes,wayback,
Sunderland,2016,https://www.townofsunderland.us/sites/g/files/vyhlif3891/f/uploads/annual_report_2016_0.pdf,atr,nodes,wayback,
Sunderland,2017,https://www.townofsunderland.us/DocumentCenter/View/379,result,catalog,docsweep,"May 6, 2017 Election Results"
Sunderland,2017,https://www.townofsunderland.us/sites/g/files/vyhlif3891/f/uploads/may_6_2017_election_results.pdf,result,catalog,wayback,
Sunderland,2018,https://www.townofsunderland.us/DocumentCenter/View/378,result,catalog,docsweep,"MAY 5, 2018 - TOWN ELECTION RESULTS"
Sunderland,2018,https://www.townofsunderland.us/DocumentCenter/View/439,result,catalog,dc_idsweep,2018electionresults_0?bidId=
Sunderland,2018,https://www.townofsunderland.us/sites/g/files/vyhlif3891/f/uploads/2018electionresults_0.pdf,result,catalog,wayback,
Sunderland,2020,https://www.townofsunderland.us/sites/g/files/vyhlif3891/f/pages/2020_annual_report_final.pdf,atr,nodes,wayback,
Sunderland,2020,https://www.townofsunderland.us/sites/g/files/vyhlif3891/f/pages/_2020_annual_report.pdf,atr,nodes,wayback,
Sunderland,2020,https://www.townofsunderland.us/sites/g/files/vyhlif3891/f/pages/annual_tonw_election_results_6.6.2020.pdf,result,catalog,wayback,
Sunderland,2020,https://www.townofsunderland.us/sites/g/files/vyhlif3891/f/uploads/hra_2020_annual_report_0.pdf,atr,nodes,wayback,
Sutton,2013,http://suttonma.org/Pages/SuttonMA_Clerk/2013AnnualReport.pdf,atr,nodes,wayback,
Sutton,2017,https://www.suttonma.org/sites/g/files/vyhlif3901/f/uploads/2017_annual_report.pdf,atr,nodes,wayback,
Sutton,2018,https://www.suttonma.org/sites/g/files/vyhlif3901/f/uploads/2018_annual_town_report.pdf,atr,nodes,wayback,
Sutton,2019,https://www.suttonma.org/sites/g/files/vyhlif3901/f/uploads/2019_annual_town_report.pdf,atr,nodes,wayback,
Sutton,2020,https://www.suttonma.org/sites/g/files/vyhlif3901/f/uploads/annual_report_2020.pdf,atr,nodes,wayback,
Swampscott,2016,https://swampscottma.gov/DocumentCenter/View/2280/2016-04-26-Local-Election-Official-Results,result,catalog,docsweep,2016 04-26 Local Election Official Results
Swampscott,2017,https://swampscottma.gov/DocumentCenter/View/2284/2017-06-29-Special-Local-Election-Official-results,result,catalog,docsweep,2017 06-29 Special Local Election Official results
Swampscott,2018,https://swampscottma.gov/DocumentCenter/View/2287/2018-04-24-Local-Election-Official-results,result,catalog,docsweep,2018 04-24 Local Election Official results
Swampscott,2020,https://swampscottma.gov/DocumentCenter/View/2292/2020-06-30-Town-Election-results,result,catalog,docsweep,2020 06-30 Town Election results
Swansea,2006,https://cms8.revize.com/revize/booneil/Departments/health/annual%20reports/Annual%20Report%20FY2006%20FINAL.pdf,atr,nodes,wayback,
Swansea,2007,https://cms8.revize.com/revize/booneil/Departments/health/annual%20reports/Annual%20Report%20FY2007%20FINAL.pdf,atr,nodes,wayback,
Swansea,2007,https://cms8.revize.com/revize/camdenme/Town%20Reports/2007%20CAMDEN_town_report_final.pdf,atr,nodes,wayback,
Swansea,2008,https://cms8.revize.com/revize/camdenme/Town%20Reports/2008_Camden_Town_Report.pdf,atr,nodes,wayback,
Swansea,2009,https://cms8.revize.com/revize/camdenme/Town%20Reports/2009CAMDEN_town_report_web(1).pdf,atr,nodes,wayback,
Swansea,2009,https://cms8.revize.com/revize/cedarrapids/document_center/Fire/2009%20CRFD%20Annual%20Report.pdf,atr,nodes,wayback,
Swansea,2010,https://cms8.revize.com/revize/camdenme/Town%20Reports/2010_Town_Report.pdf,atr,nodes,wayback,
Swansea,2011,https://cms8.revize.com/revize/booneil/Departments/health/annual%20reports/2011%20Annual%20Report.pdf,atr,nodes,wayback,
Swansea,2011,https://cms8.revize.com/revize/camdenme/Town%20Reports/2011CAMDEN_town_report_2011_web(1).pdf,atr,nodes,wayback,
Swansea,2012,https://cms8.revize.com/revize/ashland/Departments/police/download%20forms/annual%20reports/2012%20Annual%20Report.pdf,atr,nodes,wayback,
Swansea,2012,https://cms8.revize.com/revize/ashland/Departments/police/download%20forms/annual%20reports/2012%20Annual%20Report.pdf?t=202203040940310&t=202203040940310,atr,nodes,wayback,
Swansea,2012,https://cms8.revize.com/revize/booneil/Departments/health/annual%20reports/2012%20Annual%20Report.pdf,atr,nodes,wayback,
Swansea,2012,https://cms8.revize.com/revize/camdenme/Town%20Reports/2012_TOWN_REPORT(1).pdf,atr,nodes,wayback,
Swansea,2013,https://cms8.revize.com/revize/ashland/Departments/police/download%20forms/annual%20reports/2013%20Annual%20Report.pdf,atr,nodes,wayback,
Swansea,2013,https://cms8.revize.com/revize/ashland/Departments/police/download%20forms/annual%20reports/2013%20Annual%20Report.pdf?t=202203040940310&t=202203040940310,atr,nodes,wayback,
Swansea,2013,https://cms8.revize.com/revize/booneil/Departments/health/annual%20reports/2013%20Annual%20Report%20-%20Email%20&%20Website%20version.pdf,atr,nodes,wayback,
Swansea,2013,https://cms8.revize.com/revize/camdenme/Town%20Reports/2013Town_Report_2013_Final_Version(2).pdf,atr,nodes,wayback,
Swansea,2014,https://cms8.revize.com/revize/ashland/Departments/police/download%20forms/annual%20reports/2014%20Annual%20Report.pdf,atr,nodes,wayback,
Swansea,2014,https://cms8.revize.com/revize/camdenme/Town%20Reports/2014_Town_Report_Final(1).pdf,atr,nodes,wayback,
Swansea,2014,https://cms8.revize.com/revize/cedarrapids/document_center/Fire/2014%20Annual%20Report.pdf,atr,nodes,wayback,
Swansea,2015,https://cms8.revize.com/revize/booneil/Departments/health/annual%20reports/2015%20Annual%20Report%20-%20Website%20&%20Email%20version.pdf,atr,nodes,wayback,
Swansea,2015,https://cms8.revize.com/revize/camdenme/Town%20Reports/2015_Town_Report_Final(1).pdf,atr,nodes,wayback,
Swansea,2015,https://cms8.revize.com/revize/cedarrapids/Police%20Documents/2015%20Annual%20Report.pdf,atr,nodes,wayback,
Swansea,2016,https://cms8.revize.com/revize/booneil/Departments/health/annual%20reports/2014%20Annual%20Report%20-%20Updated%2007-13-2016%20-%20Website%20&%20Email%20Version.pdf,atr,nodes,wayback,
Swansea,2016,https://cms8.revize.com/revize/booneil/Departments/health/annual%20reports/2016%20Annual%20Report%20-%20FINAL.pdf,atr,nodes,wayback,
Swansea,2016,https://cms8.revize.com/revize/brownstownmi/document_center/Clerk/Election%20Information/2016AugustElectionResults.pdf,result,catalog,wayback,
Swansea,2016,https://cms8.revize.com/revize/camdenme/Town%20Reports/2016CAMDEN_town_report_web(2).pdf,atr,nodes,wayback,
Swansea,2016,https://cms8.revize.com/revize/carlislepa/water%20resources/Stormwater%20Management/Annual%20Reports/2016%20Annual%20Report%20Form%20(WEBSITE%20POSTING).pdf,atr,nodes,wayback,
Swansea,2016,https://cms8.revize.com/revize/cedarrapids/Police%20Documents/2016%20Annual%20report%20to%20DOT.pdf,atr,nodes,wayback,
Swansea,2017,https://cms8.revize.com/revize/booneil/Departments/health/annual%20reports/2017%20Annual%20Report%20-%20Final.pdf,atr,nodes,wayback,
Swansea,2017,https://cms8.revize.com/revize/camdenme/Town%20Reports/2017_Annual_Town_Report(1).pdf,atr,nodes,wayback,
Swansea,2017,https://cms8.revize.com/revize/carlislepa/water%20resources/Stormwater%20Management/Annual%20Reports/(2017)%20Annual%20Report%20Form%20(WEBSITE%20POSTING).pdf,atr,nodes,wayback,
Swansea,2018,https://cms8.revize.com/revize/brownstownmi//document_center/Clerk/Election%20Information/Unofficial%20Election%20Results%20-%2011.06.2018.pdf,result,catalog,wayback,
Swansea,2018,https://cms8.revize.com/revize/camdenme/Town%20Reports/2018_Town_Report(1).pdf,atr,nodes,wayback,
Swansea,2018,https://cms8.revize.com/revize/carlislepa/water%20resources/Stormwater%20Management/Annual%20Reports/2018%20MS4%20Annual%20Report%20Form%20(WEBSITE%20POSTING).pdf,atr,nodes,wayback,
Swansea,2019,https://cms8.revize.com/revize/adrianmi/Document%20Center/Community/Downtown%20Development%20Authority/DDa%20Finanacial%20Information/Finanacial%20Information/FY-2019-DDA-TIF-Report-Annual-Report.pdf,atr,nodes,wayback,
Swansea,2019,https://cms8.revize.com/revize/booneil/Departments/health/annual%20reports/2019%20BCHD%20Annual%20Report.pdf,atr,nodes,wayback,
Swansea,2019,https://cms8.revize.com/revize/camdenmaine/Election%20Results%20June%202019.pdf,result,catalog,wayback,
Swansea,2019,https://cms8.revize.com/revize/camdenme/Town%20Reports/2019_Town_Report_for_Website(1).pdf,atr,nodes,wayback,
Swansea,2019,https://cms8.revize.com/revize/carlislepa/water%20resources/Stormwater%20Management/Annual%20Reports/2019%20Annual%20Report%20Form%20(WEBSITE%20POSTING).pdf,atr,nodes,wayback,
Swansea,2020,https://cms8.revize.com/revize/avon/2020%20Tax%20Collector's%20Annual%20Report.pdf,atr,nodes,wayback,
Swansea,2020,"https://cms8.revize.com/revize/brownstownmi//document_center/Clerk/Election%20Information/Unofficial%20Election%20Results%20-%20November%203,%202020.pdf",result,catalog,wayback,
Swansea,2020,"https://cms8.revize.com/revize/brownstownmi/document_center/Clerk/Election%20Information/Unofficial%20Election%20Results%20-%20March%2010,%202020.pdf",result,catalog,wayback,
Swansea,2020,https://cms8.revize.com/revize/camdenme/2020%20Annual%20Town%20Report.pdf,atr,nodes,wayback,
Swansea,2020,https://cms8.revize.com/revize/carlislepa/water%20resources/Stormwater%20Management/Annual%20Reports/2020%20Annual%20Report%20Form%20(WEBSITE%20POSTING).pdf,atr,nodes,wayback,
Swansea,2020,https://cms8.revize.com/revize/cedarrapids/2020%20MVP%20Annual%20Report.pdf,atr,nodes,wayback,
Swansea,2020,https://cms8.revize.com/revize/cedarrapids/Police%20Documents/2020%20Annual%20Report%20CRPD%20NEW.pdf,atr,nodes,wayback,
Swansea,2020,"https://cms8.revize.com/revize/chartertownshipofbrownstown/document_center/Clerk/Election%20Information/Unofficial%20Election%20Results%20-%20March%2010,%202020.pdf",result,catalog,wayback,
Taunton,2001,https://taunton-ma.gov/DocumentCenter/View/5673/2001-City-Election-Results,result,catalog,docsweep,2001 City Election Results
Taunton,2003,https://taunton-ma.gov/DocumentCenter/View/5672/2003-City-Election-Results,result,catalog,docsweep,2003 City Election Results
Taunton,2005,https://taunton-ma.gov/DocumentCenter/View/5671/2005-City-Election-Results,result,catalog,docsweep,2005 City Election Results
Taunton,2005,https://www.taunton-ma.gov/DocumentCenter/View/5671/2005-City-Election-Results,result,catalog,wayback,
Taunton,2007,https://taunton-ma.gov/DocumentCenter/View/5670/2007-City-Election-Results,result,catalog,docsweep,2007 City Election Results
Taunton,2009,https://taunton-ma.gov/DocumentCenter/View/5669/2009-City-Election-Results,result,catalog,docsweep,2009 City Election Results
Taunton,2011,https://taunton-ma.gov/DocumentCenter/View/5668/2011-City-Election-Results,result,catalog,docsweep,2011 City Election Results
Taunton,2011,https://www.taunton-ma.gov/DocumentCenter/View/5668/2011-City-Election-Results,result,catalog,wayback,
Taunton,2013,https://taunton-ma.gov/DocumentCenter/View/5667/2013-City-Election-Results,result,catalog,docsweep,2013 City Election Results
Taunton,2013,https://www.taunton-ma.gov/DocumentCenter/View/5667/2013-City-Election-Results,result,catalog,wayback,
Taunton,2015,http://www.taunton-ma.gov/sites/tauntonma/files/uploads/official_city_election_results_by_ward_11-3-2015_0.pdf,result,catalog,wayback,
Taunton,2015,http://www.taunton-ma.gov/sites/tauntonma/files/uploads/officialcity_election_results_total_11-3-2015_0.pdf,result,catalog,wayback,
Taunton,2015,https://taunton-ma.gov/DocumentCenter/View/5666/2015-City-Election-Results,result,catalog,docsweep,2015 City Election Results
Taunton,2015,https://www.taunton-ma.gov/DocumentCenter/View/5666/2015-City-Election-Results,result,catalog,wayback,
Taunton,2017,https://taunton-ma.gov/DocumentCenter/View/5665/2017-City-Election-Results,result,catalog,docsweep,2017 City Election Results
Taunton,2017,https://www.taunton-ma.gov/DocumentCenter/View/5665/2017-City-Election-Results,result,catalog,wayback,
Taunton,2019,https://taunton-ma.gov/DocumentCenter/View/5664/2019-City-Election-Results-,result,catalog,docsweep,2019 City Election Results
Taunton,2019,https://www.taunton-ma.gov/DocumentCenter/View/5664/2019-City-Election-Results-,result,catalog,wayback,
Templeton,2016,https://www.templetonma.gov/DocumentCenter/View/684,result,catalog,docsweep,2016 Question 4 Templeton Election Results (PDF)
Templeton,2017,https://www.templetonma.gov/DocumentCenter/View/2107/May-1-2017-Annual-Town-Election-Results-PDF,result,catalog,docsweep,"May 1, 2017, Annual Town Election Results (PDF)"
Templeton,2018,https://www.templetonma.gov/DocumentCenter/View/2105/May-7-2018-Annual-Town-Election-Results-PDF,result,catalog,docsweep,"May 7, 2018, Annual Town Election Results (PDF)"
Tewksbury,2010,http://www.tewksbury-ma.gov/sites/tewksburyma/files/u166/2010_annual_report.pdf,atr,nodes,wayback,
Tewksbury,2012,http://www.tewksbury-ma.gov/Pages/TewksburyMA_BComm/BOS/Annual_Reports/2012.pdf,atr,nodes,wayback,
Tewksbury,2012,http://www.tewksbury-ma.gov/sites/tewksburyma/files/file/file/annualtownelection2012totaltallyofficial.pdf,result,catalog,wayback,
Tewksbury,2013,http://www.tewksbury-ma.gov/sites/tewksburyma/files/file/file/4.6.2013annualtownelectionresults.pdf,result,catalog,wayback,
Tewksbury,2013,http://www.tewksbury-ma.gov:80/sites/tewksburyma/files/file/file/cpc_2013_annual_report_draft.pdf,atr,nodes,wayback,
Tewksbury,2014,http://www.tewksbury-ma.gov/sites/tewksburyma/files/file/file/4.5.2014_annual_town_election_results.pdf,result,catalog,wayback,
Tewksbury,2014,http://www.tewksbury-ma.gov:80/sites/tewksburyma/files/file/file/cpc_2014_annual_report_a.pdf,atr,nodes,wayback,
Tewksbury,2015,http://www.tewksbury-ma.gov/sites/tewksburyma/files/4.11.2015_annual_town_election_results.pdf,result,catalog,wayback,
Tewksbury,2015,http://www.tewksbury-ma.gov/sites/tewksburyma/files/u156/2015_annual_report.pdf,atr,nodes,wayback,
Tewksbury,2015,http://www.tewksbury-ma.gov/sites/tewksburyma/files/u166/cpc_2015_annual_report_draft.pdf,atr,nodes,wayback,
Tewksbury,2015,http://www.tewksbury-ma.gov/sites/tewksburyma/files/u86/copy_of_copy_of_4.11.2015_annual_town_election_results.pdf,result,catalog,wayback,
Tewksbury,2015,https://www.tewksbury-ma.gov/sites/g/files/vyhlif1316/f/u156/2015_annual_report.pdf,atr,nodes,wayback,
Tewksbury,2016,http://www.tewksbury-ma.gov/sites/tewksburyma/files/file/file/cpc_2016_annual_report_2.pdf,atr,nodes,wayback,
Tewksbury,2016,http://www.tewksbury-ma.gov/sites/tewksburyma/files/u166/cpc_2016_annual_report_2.pdf,atr,nodes,wayback,
Tewksbury,2016,https://www.tewksbury-ma.gov/sites/g/files/vyhlif1316/f/u156/_annual_report_2016.pdf,atr,nodes,wayback,
Tewksbury,2016,https://www.tewksbury-ma.gov/sites/g/files/vyhlif1316/f/u156/_annual_report_2016_0.pdf,atr,nodes,wayback,
Tewksbury,2020,https://www.tewksbury-ma.gov/sites/g/files/vyhlif1316/f/uploads/2020_annual_town_report_-_final.pdf,atr,nodes,wayback,
Tisbury,2020,https://www.tisburyma.gov/sites/g/files/vyhlif1321/f/uploads/town_report_2020_final.pdf,atr,nodes,wayback,
Topsfield,2007,http://topsfield-ma.gov/documents/town_meeting/documents/AnnualReport2007.pdf,atr,nodes,wayback,
Topsfield,2007,https://www.topsfield-ma.gov/sites/topsfieldma/files/uploads/town_of_topsfield_2007_annual_report.pdf,atr,nodes,wayback,
Topsfield,2012,http://www.topsfield-ma.gov/documents/town_meeting/documents/TopsfieldTownReport2012.pdf,atr,nodes,wayback,
Topsfield,2013,http://www.topsfield-ma.gov/documents/plans_reports/documents/2013TopsfieldAnnualReportWeb.pdf,atr,nodes,wayback,
Topsfield,2013,http://www.topsfield-ma.gov/documents/town_meeting/documents/2013TopsfieldAnnualReportWeb.pdf,atr,nodes,wayback,
Topsfield,2013,https://www.topsfield-ma.gov/sites/g/files/vyhlif5086/f/uploads/2013_annual_report.pdf,atr,nodes,wayback,
Topsfield,2014,http://topsfield-ma.gov/documents/town_meeting/documents/Topsfield2014AnnualReportonline.pdf,atr,nodes,wayback,
Topsfield,2014,http://www.topsfield-ma.gov/documents/plans_reports/documents/Topsfield2014AnnualReportonline.pdf,atr,nodes,wayback,
Topsfield,2020,https://www.topsfield-ma.gov/sites/topsfieldma/files/uploads/election_results_local_2020.pdf,result,catalog,wayback,
Townsend,2006,https://townsendma.gov/government/board_of_selectmen/Documents/Boards Committees/Selectboard/Annual Town Reports/2006_report_0.pdf?t=202504291250120,atr,nodes,crawl,2006 Annual Town Report
Townsend,2007,https://townsendma.gov/government/board_of_selectmen/Documents/Boards Committees/Selectboard/Annual Town Reports/2007_townsend_annual_town_report.pdf?t=202504291250220,atr,nodes,crawl,2007 Annual Town Report
Townsend,2008,https://townsendma.gov/government/board_of_selectmen/Documents/Boards Committees/Selectboard/Annual Town Reports/2008townsendannualtownreport_0.pdf?t=202504291250290,atr,nodes,crawl,2008 Annual Town Report
Townsend,2009,https://townsendma.gov/government/board_of_selectmen/Documents/Boards Committees/Selectboard/Annual Town Reports/town_report_2009.pdf?t=202504291257170,atr,nodes,crawl,2009 Annual Town Report
Townsend,2010,https://townsendma.gov/government/board_of_selectmen/Documents/Boards Committees/Selectboard/Annual Town Reports/townsend_annual_report_2010.pdf?t=202504291256400,atr,nodes,crawl,2010 Annual Town Report
Townsend,2011,https://townsendma.gov/government/board_of_selectmen/Documents/Boards Committees/Selectboard/Annual Town Reports/town_report_2011.pdf?t=202504291257230,atr,nodes,crawl,2011 Annual Town Report
Townsend,2012,https://townsendma.gov/government/board_of_selectmen/Documents/Boards Committees/Selectboard/Annual Town Reports/townsend_2012_annual_town_report.pdf?t=202504291256330,atr,nodes,crawl,2012 Annual Town Report
Townsend,2013,https://townsendma.gov/government/board_of_selectmen/Documents/Boards Committees/Selectboard/Annual Town Reports/2013_townsend_annual_report_final.pdf?t=202504291250360,atr,nodes,crawl,2013 Annual Town Report
Townsend,2014,https://townsendma.gov/government/board_of_selectmen/Documents/Boards Committees/Selectboard/Annual Town Reports/2014_annual_town_report.pdf?t=202504291250430,atr,nodes,crawl,2014 Annual Town Report
Townsend,2015,https://townsendma.gov/government/board_of_selectmen/Documents/Boards Committees/Selectboard/Annual Town Reports/2015_annual_town_report_0.pdf?t=202504291250500,atr,nodes,crawl,2015 Annual Town Report
Townsend,2017,https://townsendma.gov/government/Documents/Boards Committees/Housing/2017_tha_annual_report.pdf?t=202602231234190,atr,nodes,crawl,2017 THA Annual Report
Townsend,2017,https://townsendma.gov/government/board_of_selectmen/Documents/Boards Committees/Selectboard/Annual Town Reports/website_town_report.pdf?t=202504291257390,atr,nodes,crawl,2017 Annual Town Report
Townsend,2018,https://townsendma.gov/government/Documents/Boards Committees/Housing/tha_2018_annual_report_final.pdf?t=202602231234350,atr,nodes,crawl,2018 THA Annual Report
Townsend,2018,https://townsendma.gov/government/board_of_selectmen/Documents/Boards Committees/Selectboard/Annual Town Reports/website_town_report_1.pdf?t=202504291257450,atr,nodes,crawl,2018 Annual Town Report
Townsend,2020,https://townsendma.gov/government/board_of_selectmen/Documents/Boards Committees/Selectboard/Annual Town Reports/annual_town_report_2019-2020.pdf?t=202504291251300,atr,nodes,crawl,2019-2020 Annual Town Report
Truro,2013,http://www.truro-ma.gov/sites/truroma/files/mma_award_town_report_2013.pdf,atr,nodes,wayback,
Truro,2015,http://www.truro-ma.gov/sites/truroma/files/file/file/may_12_2015_election_results.pdf,result,catalog,wayback,
Truro,2016,http://www.truro-ma.gov/sites/truroma/files/election_results_november_8_2016.pdf,result,catalog,wayback,
Truro,2016,http://www.truro-ma.gov/sites/truroma/files/file/file/election_results_november_8_2016.pdf,result,catalog,wayback,
Truro,2016,https://www.truro-ma.gov/sites/g/files/vyhlif3936/f/file/file/annual_town_report_2016.pdf,atr,nodes,wayback,
Truro,2016,https://www.truro-ma.gov/sites/g/files/vyhlif9766/f/file/file/annual_town_report_2016.pdf,atr,nodes,wayback,
Truro,2016,https://www.truro-ma.gov/sites/g/files/vyhlif9766/f/pages/annual_town_report_2016.pdf,atr,nodes,wayback,
Truro,2017,https://www.truro-ma.gov/sites/g/files/vyhlif9766/f/pages/annual_town_report_2017.pdf,atr,nodes,wayback,
Truro,2017,https://www.truro-ma.gov/sites/g/files/vyhlif9766/f/uploads/annual_town_report_2017.pdf,atr,nodes,wayback,
Truro,2019,https://www.truro-ma.gov/sites/g/files/vyhlif9766/f/pages/2019_annual_town_report_.pdf,atr,nodes,wayback,
Truro,2019,https://www.truro-ma.gov/sites/g/files/vyhlif9766/f/uploads/2019_annual_town_report_.pdf,atr,nodes,wayback,
Tyngsborough,2011,http://www.tyngsboroughma.gov/download/documents/2011/2009%20Annual%20Town%20Reports.pdf,atr,nodes,wayback,
Tyngsborough,2011,http://www.tyngsboroughma.gov/download/documents/2011/2010%20annual%20report.pdf,atr,nodes,wayback,
Tyngsborough,2011,http://www.tyngsboroughma.gov/download/documents/2011/2011%20Annual%20Town%20Report.pdf,atr,nodes,wayback,
Tyngsborough,2013,http://www.tyngsboroughma.gov/download/documents/2013/2012_AnnualTownReport.pdf,atr,nodes,wayback,
Tyngsborough,2014,http://www.tyngsboroughma.gov/download/documents/2014/2013_AnnualTownReport.pdf,atr,nodes,wayback,
Tyngsborough,2014,http://www.tyngsboroughma.gov:80/download/documents/2014/2014-05-13_TownElection_OfficialResults.pdf,result,catalog,wayback,
Tyngsborough,2015,http://www.tyngsboroughma.gov/download/documents/2015/2014_AnnualTownReport.pdf,atr,nodes,wayback,
Tyngsborough,2015,http://www.tyngsboroughma.gov/download/documents/2015/2015ElectionResults.pdf,result,catalog,wayback,
Tyngsborough,2016,http://www.tyngsboroughma.gov/wpress/wp-content/uploads/2016/03/2016-Annual-Town-Election-Results-Final.pdf,result,catalog,wayback,
Tyngsborough,2016,http://www.tyngsboroughma.gov/wpress/wp-content/uploads/2016/11/2016-11-08-Preliminary-Election-Results.pdf,result,catalog,wayback,
Tyngsborough,2016,https://tyngsboroughma.gov/DocumentCenter/View/757,result,catalog,dc_idsweep,2016 11 08 Final Election Results President PDF?bidId=
Tyngsborough,2016,https://tyngsboroughma.gov/ImageRepository/Document?documentID=178,result,catalog,documentcenter,Government / Departments / Town Clerk / Election Results 2016
Tyngsborough,2017,https://tyngsboroughma.gov/DocumentCenter/View/755,result,catalog,dc_idsweep,2017 05 09 Final Election Results Town PDF?bidId=
Tyngsborough,2017,https://tyngsboroughma.gov/ImageRepository/Document?documentID=179,result,catalog,documentcenter,Government / Departments / Town Clerk / Election Results 2017
Tyngsborough,2018,https://tyngsboroughma.gov/DocumentCenter/View/753,result,catalog,dc_idsweep,2018 05 08 Final Election Results Town PDF?bidId=
Tyngsborough,2018,https://tyngsboroughma.gov/DocumentCenter/View/754,result,catalog,dc_idsweep,2018 11 06 Final Election Results State PDF?bidId=
Tyngsborough,2018,https://tyngsboroughma.gov/ImageRepository/Document?documentID=180,result,catalog,documentcenter,Government / Departments / Town Clerk / Election Results 2018
Tyngsborough,2019,https://tyngsboroughma.gov/DocumentCenter/View/752,result,catalog,dc_idsweep,2019 05 14 Annual Town Election Results   Final PDF?bidId=
Tyngsborough,2019,https://tyngsboroughma.gov/ImageRepository/Document?documentID=181,result,catalog,documentcenter,Government / Departments / Town Clerk / Election Results 2019
Tyngsborough,2020,https://tyngsboroughma.gov/ImageRepository/Document?documentID=182,result,catalog,documentcenter,Government / Departments / Town Clerk / Election Results 2020
Tyringham,2018,https://www.tyringham-ma.gov/DocumentCenter/View/474,result,catalog,dc_idsweep,2018 Annual Town Election Results 05   14   2018?bidId=
Tyringham,2019,https://www.tyringham-ma.gov/DocumentCenter/View/485,result,catalog,dc_idsweep,Annual Town Election Results from May 20 2019 05   20   2019?bidId=
Tyringham,2019,https://www.tyringham-ma.gov/sites/g/files/vyhlif1336/f/news/caucus_results_2019.pdf,result,catalog,wayback,
Upton,2010,http://www.uptonma.gov/sites/uptonma/files/uploads/2010_annual_report_for_cc.pdf,atr,nodes,wayback,
Upton,2010,http://www.uptonma.gov/sites/uptonma/files/uploads/2010_annual_report_for_os.pdf,atr,nodes,wayback,
Upton,2011,http://www.uptonma.gov/sites/uptonma/files/uploads/2011_annual_report_for_cc.pdf,atr,nodes,wayback,
Upton,2011,http://www.uptonma.gov/sites/uptonma/files/uploads/2011_annual_report_for_os.pdf,atr,nodes,wayback,
Upton,2011,http://www.uptonma.gov:80/Pages/UptonMA_Bcomm/bos/reportdocs/2011annualreport.pdf,atr,nodes,wayback,
Upton,2013,http://www.uptonma.gov/sites/uptonma/files/uploads/2013_annual_report_of_the_upton_land_stewardship_committee.pdf,atr,nodes,wayback,
Upton,2014,http://www.uptonma.gov/sites/uptonma/files/uploads/2014_annual_report_of_the_upton_land_stewardship_committee_3.1.pdf,atr,nodes,wayback,
Upton,2015,http://www.uptonma.gov/sites/uptonma/files/uploads/2015_annual_report_of_the_upton_land_stewardship_committee_vbtmpms.pdf,atr,nodes,wayback,
Upton,2015,http://www.uptonma.gov/sites/uptonma/files/uploads/2015_annual_town_report.pdf,atr,nodes,wayback,
Upton,2015,http://www.uptonma.gov/sites/uptonma/files/uploads/2015_ms4_annual_report.pdf,atr,nodes,wayback,
Upton,2015,http://www.uptonma.gov:80/sites/uptonma/files/uploads/2015_annual_town_report_0.pdf,atr,nodes,wayback,
Upton,2015,https://www.uptonma.gov/sites/g/files/vyhlif5121/f/uploads/2015_ms4_annual_report.pdf,atr,nodes,wayback,
Uxbridge,2004,http://www.uxbridge-ma.gov:80/Documents/TownReport2004.pdf,atr,nodes,wayback,
Uxbridge,2005,http://www.uxbridge-ma.gov/Documents/TownReport2005.pdf,atr,nodes,wayback,
Uxbridge,2006,http://www.uxbridge-ma.gov/Documents/HistoricCemetery/AnnualReports/2006.pdf,atr,nodes,wayback,
Uxbridge,2006,http://www.uxbridge-ma.gov/Documents/HistoricCemeteryCommittee/AnnualReport2006.pdf,atr,nodes,wayback,
Uxbridge,2006,http://www.uxbridge-ma.gov/Documents/TownManager/TownReport2006.pdf,atr,nodes,wayback,
Uxbridge,2006,http://www.uxbridge-ma.gov/Documents/TownReport2006.pdf,atr,nodes,wayback,
Uxbridge,2007,http://www.uxbridge-ma.gov/Documents/HistoricCemetery/AnnualReports/2007.pdf,atr,nodes,wayback,
Uxbridge,2007,http://www.uxbridge-ma.gov/Documents/TownManager/TownReport2007.pdf,atr,nodes,wayback,
Uxbridge,2008,http://www.uxbridge-ma.gov:80/Documents/TownManager/TownReport2008.pdf,atr,nodes,wayback,
Uxbridge,2010,http://www.uxbridge-ma.gov/Documents/TownManager/2010%20Annual%20Report.pdf,atr,nodes,wayback,
Wakefield,2016,https://www.wakefield.ma.us/sites/g/files/vyhlif3986/f/uploads/official-election-results-2016-04-26.pdf,result,catalog,wayback,
Wakefield,2016,https://www.wakefield.ma.us/sites/g/files/vyhlif3986/f/uploads/official-election-results-2016-07-19.pdf,result,catalog,wayback,
Wakefield,2016,https://www.wakefield.ma.us/sites/g/files/vyhlif3986/f/uploads/official-election-results-2016-09-08.pdf,result,catalog,wayback,
Wakefield,2016,https://www.wakefield.ma.us/sites/g/files/vyhlif3986/f/uploads/official-election-results-2016-11-08.pdf,result,catalog,wayback,
Wakefield,2017,https://www.wakefield.ma.us/sites/g/files/vyhlif3986/f/uploads/official-election-results-2017-04-25.pdf,result,catalog,wayback,
Wakefield,2018,https://www.wakefield.ma.us/sites/g/files/vyhlif3986/f/uploads/official-election-results-2018-04-24.pdf,result,catalog,wayback,
Wakefield,2018,https://www.wakefield.ma.us/sites/g/files/vyhlif3986/f/uploads/official-election-results-2018-11-06.pdf,result,catalog,wayback,
Wakefield,2019,https://www.wakefield.ma.us/sites/g/files/vyhlif3986/f/uploads/annual-town-report-2019.pdf,atr,nodes,wayback,
Wakefield,2019,https://www.wakefield.ma.us/sites/g/files/vyhlif3986/f/uploads/official-election-results-2019-04-23.pdf,result,catalog,wayback,
Wakefield,2020,https://www.wakefield.ma.us/sites/g/files/vyhlif3986/f/uploads/town-election-official-results-2020-06-23_1.pdf,result,catalog,wayback,
Wales,2002,https://townofwales.net/DocumentCenter/View/3518/05-28-2002-Election-Results,result,catalog,crawl,05-28-2002 Election Results
Wales,2002,https://www.townofwales.net/sites/g/files/vyhlif1371/f/uploads/5-28-2002_election_results.pdf,result,catalog,wayback,
Wales,2003,https://townofwales.net/DocumentCenter/View/3517/05-27-2003-Election-Results,result,catalog,crawl,05-27-2003 Election Results
Wales,2004,https://townofwales.net/DocumentCenter/View/3519/05-25-2004-Election-Results,result,catalog,crawl,05-25-2004 Election Results
Wales,2004,https://www.townofwales.net/sites/g/files/vyhlif1371/f/uploads/5-25-2004_election_results.pdf,result,catalog,wayback,
Wales,2005,https://townofwales.net/DocumentCenter/View/3522/05-31-2005-Election-Results,result,catalog,crawl,05-31-2005 Election Results
Wales,2006,https://townofwales.net/DocumentCenter/View/3521/05-30-2006-Election-Results,result,catalog,crawl,05-30-2006 Election Results
Wales,2007,https://townofwales.net/DocumentCenter/View/3520/05-29-2007-Election-Results,result,catalog,crawl,05-29-2007 Election Results
Wales,2008,https://townofwales.net/DocumentCenter/View/3525/05-27-2008-Election-Results,result,catalog,crawl,05-27-2008 Election Results
Wales,2009,https://townofwales.net/DocumentCenter/View/3524/05-26-2009-Election-Results,result,catalog,crawl,05-26-2009 Election Results
Wales,2010,https://townofwales.net/DocumentCenter/View/3523/05-25-2010-Election-Results,result,catalog,crawl,05-25-2010 Election Results
Wales,2011,https://townofwales.net/DocumentCenter/View/3526/05-31-2011-Election-Results,result,catalog,crawl,05-31-2011 Election Results
Wales,2012,https://townofwales.net/DocumentCenter/View/3529/05-29-2012-Election-Results,result,catalog,crawl,05-29-2012 Election Results
Wales,2013,https://townofwales.net/DocumentCenter/View/3531/06-25-2013-Election-Results,result,catalog,crawl,06-25-2013 Election Results
Wales,2014,https://townofwales.net/DocumentCenter/View/230/2014-Caucus-Results,result,catalog,crawl,2014 Caucus Results
Wales,2014,https://townofwales.net/DocumentCenter/View/3528/05-27-2014-Election-Results,result,catalog,crawl,05-27-2014 Election Results
Wales,2014,https://www.townofwales.net/sites/g/files/vyhlif1371/f/uploads/2014_annual_report.pdf,atr,nodes,wayback,
Wales,2014,https://www.townofwales.net/sites/g/files/vyhlif1371/f/uploads/caucus_results_2014.pdf,result,catalog,wayback,
Wales,2015,https://townofwales.net/DocumentCenter/View/3527/05-26-2015-Election-Results,result,catalog,crawl,05-26-2015 Election Results
Wales,2016,https://townofwales.net/DocumentCenter/View/3530/05-31-2016-Election-Results,result,catalog,crawl,05-31-2016 Election Results
Wales,2016,https://www.townofwales.net/sites/g/files/vyhlif1371/f/uploads/2016_annual_report.pdf,atr,nodes,wayback,
Wales,2017,https://townofwales.net/DocumentCenter/View/3534/05-24-2017-Election-Results,result,catalog,crawl,05-24-2017 Election Results
Wales,2017,https://www.townofwales.net/sites/g/files/vyhlif1371/f/uploads/5-24-2017_election_results.pdf,result,catalog,wayback,
Wales,2018,https://townofwales.net/DocumentCenter/View/3533/05-23-2018-Election-Results,result,catalog,crawl,05-23-2018 Election Results
Wales,2018,https://www.townofwales.net/sites/g/files/vyhlif1371/f/uploads/fy19_fincom_annual_report_4-17-2018.pdf,atr,nodes,wayback,
Wales,2019,https://townofwales.net/DocumentCenter/View/3532/05-22-2019-Election-Results,result,catalog,crawl,05-22-2019 Election Results
Wales,2019,https://townofwales.net/DocumentCenter/View/3538/11-20-2019-Election-Results,result,catalog,crawl,11-20-2019 Election Results
Wales,2020,https://townofwales.net/DocumentCenter/View/3537/05-27-2020-Election-Results,result,catalog,crawl,05-27-2020 Election Results
Wales,2020,https://www.townofwales.net/sites/g/files/vyhlif1371/f/uploads/2020_wales_town_report.pdf,atr,nodes,wayback,
Walpole,2013,http://www.walpole-ma.gov/sites/walpolema/files/file/file/2013_town_election_results.pdf,result,catalog,wayback,
Walpole,2013,http://www.walpole-ma.gov/sites/walpolema/files/file/file/2013_trustees_annual_town_report.pdf,atr,nodes,wayback,
Walpole,2013,http://www.walpole-ma.gov/sites/walpolema/files/file/file/whc_annual_report_2013.pdf,atr,nodes,wayback,
Walpole,2013,https://www.walpole-ma.gov/sites/g/files/vyhlif1381/f/file/file/2013_trustees_annual_town_report.pdf,atr,nodes,wayback,
Walpole,2014,http://www.walpole-ma.gov/sites/walpolema/files/file/file/2014_final_town_report.pdf,atr,nodes,wayback,
Walpole,2014,http://www.walpole-ma.gov/sites/walpolema/files/file/file/2014_trustees_annual_town_report.pdf,atr,nodes,wayback,
Walpole,2014,http://www.walpole-ma.gov/sites/walpolema/files/file/file/september_2014_primary_results_by_precinct_0.pdf,result,catalog,wayback,
Walpole,2014,http://www.walpole-ma.gov/sites/walpolema/files/file/file/town_election_results_june_2014_0.pdf,result,catalog,wayback,
Walpole,2014,https://www.walpole-ma.gov/sites/g/files/vyhlif12086/f/file/file/2014_final_town_report.pdf,atr,nodes,wayback,
Walpole,2014,https://www.walpole-ma.gov/sites/g/files/vyhlif1381/f/file/file/2014_trustees_annual_town_report.pdf,atr,nodes,wayback,
Walpole,2015,http://www.walpole-ma.gov/sites/walpolema/files/file/file/final_town_annual_election_results_june_6_2015.pdf,result,catalog,wayback,
Walpole,2015,http://www.walpole-ma.gov/sites/walpolema/files/file/file/june_2015_town_election_results.pdf,result,catalog,wayback,
Walpole,2015,http://www.walpole-ma.gov:80/sites/walpolema/files/file/file/2015_trustees_annual_town_report.pdf,atr,nodes,wayback,
Walpole,2015,http://www.walpole-ma.gov:80/sites/walpolema/files/file/file/2015walpoletownreport.pdf,atr,nodes,wayback,
Walpole,2015,https://www.walpole-ma.gov/sites/g/files/vyhlif1381/f/file/file/2015_trustees_annual_town_report.pdf,atr,nodes,wayback,
Walpole,2016,http://www.walpole-ma.gov/sites/walpolema/files/file/file/2016.06.04_annual_town_election_results_0.pdf,result,catalog,wayback,
Walpole,2016,http://www.walpole-ma.gov:80/sites/walpolema/files/file/file/2016_trustees_annual_town_report.pdf,atr,nodes,wayback,
Walpole,2016,https://www.walpole-ma.gov/sites/g/files/vyhlif1381/f/file/file/2016_trustees_annual_town_report.pdf,atr,nodes,wayback,
Walpole,2017,http://www.walpole-ma.gov:80/sites/walpolema/files/file/file/annual_town_election_6.3.2017_official_results_8.pdf,result,catalog,wayback,
Walpole,2017,https://www.walpole-ma.gov/sites/g/files/vyhlif12086/f/file/file/2017_annual_town_report.pdf,atr,nodes,wayback,
Walpole,2017,https://www.walpole-ma.gov/sites/g/files/vyhlif1381/f/uploads/2017_trustees_annual_town_report_-_revised.pdf,atr,nodes,wayback,
Walpole,2017,https://www.walpole-ma.gov/sites/walpolema/files/file/file/2017_annual_town_report.pdf,atr,nodes,wayback,
Walpole,2018,https://www.walpole-ma.gov/sites/g/files/vyhlif12086/f/uploads/2018_town_report_-_final.pdf,atr,nodes,wayback,
Walpole,2018,https://www.walpole-ma.gov/sites/g/files/vyhlif1381/f/pages/2018_board_of_library_trustees_annual_town_report.pdf,atr,nodes,wayback,
Walpole,2018,https://www.walpole-ma.gov/sites/g/files/vyhlif1381/f/uploads/2018_town_report_-_final.pdf,atr,nodes,wayback,
Walpole,2019,https://www.walpole-ma.gov/sites/g/files/vyhlif12086/f/uploads/2019_town_report_rev.pdf,atr,nodes,wayback,
Walpole,2019,https://www.walpole-ma.gov/sites/g/files/vyhlif1381/f/pages/2019_board_of_library_trustees_annual_town_report.pdf,atr,nodes,wayback,
Walpole,2019,https://www.walpole-ma.gov/sites/g/files/vyhlif1381/f/pages/town_of_walpole_2019-20_annual_report9-22-20.pdf,atr,nodes,wayback,
Walpole,2019,https://www.walpole-ma.gov/sites/g/files/vyhlif1381/f/uploads/2019_town_report.pdf,atr,nodes,wayback,
Walpole,2019,https://www.walpole-ma.gov/sites/g/files/vyhlif1381/f/uploads/2019_town_report_rev.pdf,atr,nodes,wayback,
Walpole,2020,https://www.walpole-ma.gov/sites/g/files/vyhlif12086/f/uploads/2020_town_report.pdf,atr,nodes,wayback,
Walpole,2020,https://www.walpole-ma.gov/sites/g/files/vyhlif1381/f/pages/2020_board_of_library_trustees_annual_town_report.pdf,atr,nodes,wayback,
Walpole,2020,https://www.walpole-ma.gov/sites/g/files/vyhlif1381/f/uploads/2020_town_report.pdf,atr,nodes,wayback,
Waltham,2014,http://www.city.waltham.ma.us:80/sites/walthamma/files/file/file/waltham_ma_ms4_annual_report_april_2014_0.pdf,atr,nodes,wayback,
Waltham,2015,http://www.city.waltham.ma.us:80/sites/walthamma/files/file/file/annual_report2015_updatefinal.pdf,atr,nodes,wayback,
Waltham,2015,http://www.city.waltham.ma.us:80/sites/walthamma/files/file/file/wpd_annual_report_2015_3.pdf,atr,nodes,wayback,
Waltham,2015,https://www.city.waltham.ma.us/sites/g/files/vyhlif6861/f/file/file/annual_report2015_updatefinal.pdf,atr,nodes,wayback,
Waltham,2016,http://www.city.waltham.ma.us:80/sites/walthamma/files/file/file/waltham_ms4annualreport_permit_april_29_2016_0.pdf,atr,nodes,wayback,
Waltham,2016,http://www.city.waltham.ma.us:80/sites/walthamma/files/tally_sheet_november_election_2016.pdf,result,catalog,wayback,
Waltham,2016,https://www.city.waltham.ma.us/sites/g/files/vyhlif12301/f/pages/tally_sheet_november_election_2016.pdf,result,catalog,wayback,
Waltham,2017,http://www.city.waltham.ma.us:80/sites/walthamma/files/file/file/2017_waltham_preliminary_election_results.pdf,result,catalog,wayback,
Waltham,2017,http://www.city.waltham.ma.us:80/sites/walthamma/files/file/file/signed_final_ms4annualreport_year14_2016-2017_04282017.pdf,atr,nodes,wayback,
Waltham,2017,https://www.city.waltham.ma.us/DocumentCenter/View/2452,result,catalog,dc_idsweep,Election Results 2017?bidId=
Waltham,2017,https://www.city.waltham.ma.us/DocumentCenter/View/2453,result,catalog,dc_idsweep,2017 Preliminary Election Results?bidId=
Waltham,2017,https://www.city.waltham.ma.us/sites/g/files/vyhlif6861/f/uploads/wpd_annual_report_2017_final.pdf,atr,nodes,wayback,
Waltham,2018,https://www.city.waltham.ma.us/sites/g/files/vyhlif6861/f/uploads/final_ms4_annual_report_year_15_2017-2018_0.pdf,atr,nodes,wayback,
Waltham,2019,https://www.city.waltham.ma.us/DocumentCenter/View/2483,result,catalog,dc_idsweep,2019 Municipal Election Results?bidId=
Waltham,2020,https://www.city.waltham.ma.us/DocumentCenter/View/2480,result,catalog,dc_idsweep,2020 Election Official Results?bidId=
Ware,2008,https://cms1files.revize.com/benzie/document_center/Building/2008_Annual_Report.pdf,atr,nodes,wayback,
Ware,2009,https://cms1files.revize.com/benzie/document_center/Building/2009_Annual_Report.pdf,atr,nodes,wayback,
Ware,2010,https://cms1files.revize.com/benzie/document_center/Building/2010_Annual_Report.pdf,atr,nodes,wayback,
Ware,2011,https://cms1files.revize.com/benzie/document_center/Building/2011_Annual_Report.pdf,atr,nodes,wayback,
Ware,2013,https://cms1files.revize.com/benzie/document_center/EmergencyManagement/Annual_Report_for_Emergency_Management_for_2013.pdf,atr,nodes,wayback,
Ware,2014,https://cms1files.revize.com/cityofalbion/document_center/AgendasMinutes/2014%20Annual%20Report.pdf,atr,nodes,wayback,
Ware,2015,https://cms1files.revize.com/athensoh/ACLB%202020%20Annual%20Report_Draft%2015.pdf,atr,nodes,wayback,
Ware,2015,https://cms1files.revize.com/benzie/2015%20Annual%20Report.pdf,atr,nodes,wayback,
Ware,2015,https://cms1files.revize.com/benzie/2015%20BCPC%20Annual%20Report.pdf,atr,nodes,wayback,
Ware,2016,https://cms1files.revize.com/ashlandky/document_center/Engineering%20and%20Utilities/2016%20Ashland.CJ%20Annual%20Report.022516.pdf,atr,nodes,wayback,
Ware,2016,https://cms1files.revize.com/benzie/2016%20Annual%20Report.pdf,atr,nodes,wayback,
Ware,2016,https://cms1files.revize.com/benzienew/Document%20Center/How%20do%20i/Election%20Results/03%2008%202016.pdf,result,catalog,wayback,
Ware,2016,https://cms1files.revize.com/benzienew/Document%20Center/How%20do%20i/Election%20Results/03%2008%202016.pdf?t=202305172220410&t=202305172220410,result,catalog,wayback,
Ware,2016,https://cms1files.revize.com/benzienew/Document%20Center/How%20do%20i/Election%20Results/Aug%202%202016-4.pdf,result,catalog,wayback,
Ware,2016,https://cms1files.revize.com/benzienew/Document%20Center/How%20do%20i/Election%20Results/Aug%202%202016-4.pdf?t=202305172220410&t=202305172220410,result,catalog,wayback,
Ware,2016,https://cms1files.revize.com/benzienew/Document%20Center/How%20do%20i/Election%20Results/May%203%202016%20Honor%20Recall.pdf,result,catalog,wayback,
Ware,2016,https://cms1files.revize.com/benzienew/Document%20Center/How%20do%20i/Election%20Results/May%203%202016%20Honor%20Recall.pdf?t=202305172220410&t=202305172220410,result,catalog,wayback,
Ware,2016,https://cms1files.revize.com/benzienew/Document%20Center/How%20do%20i/Election%20Results/Nov%208%202016%20-%2013%20of%2013.pdf,result,catalog,wayback,
Ware,2016,https://cms1files.revize.com/benzienew/Document%20Center/How%20do%20i/Election%20Results/Nov%208%202016%20-%2013%20of%2013.pdf?t=202305172220410&t=202305172220410,result,catalog,wayback,
Ware,2017,http://www.townofware.com/document_center/BoardSelectment/AnnTownReport2017.pdf,atr,nodes,wayback,
Ware,2017,https://cms1files.revize.com/arlingtontn/Full%20Annual%20Report%20Scanned%202016-2017.pdf,atr,nodes,wayback,
Ware,2017,https://cms1files.revize.com/benzie/2017%20Annual%20Report.pdf,atr,nodes,wayback,
Ware,2017,https://cms1files.revize.com/benzie/May%202%202017%20Spec%20Election%20Results.pdf,result,catalog,wayback,
Ware,2017,https://cms1files.revize.com/benzienew/Document%20Center/How%20do%20i/Election%20Results/Aug%208%202017%20-%20FINAL.pdf,result,catalog,wayback,
Ware,2017,https://cms1files.revize.com/benzienew/Document%20Center/How%20do%20i/Election%20Results/Aug%208%202017%20-%20FINAL.pdf?t=202305172220410&t=202305172220410,result,catalog,wayback,
Ware,2017,https://cms1files.revize.com/benzienew/Document%20Center/How%20do%20i/Election%20Results/May%202%202017%20Spec%20Election%20Results.pdf,result,catalog,wayback,
Ware,2017,https://cms1files.revize.com/benzienew/Document%20Center/How%20do%20i/Election%20Results/Nov%207%202017%20Official%20Results.pdf,result,catalog,wayback,
Ware,2017,https://cms1files.revize.com/benzienew/Document%20Center/How%20do%20i/Election%20Results/Nov%207%202017%20Official%20Results.pdf?t=202305172220410&t=202305172220410,result,catalog,wayback,
Ware,2018,"http://townofware.com/ANNUAL%20TOWN%20ELECTION%20RESULTS%20APRIL%209,%202018.pdf",result,catalog,wayback,
Ware,2018,http://www.townofware.com:80/document_center/BoardSelectment/2018AnnualTownReport.pdf,atr,nodes,wayback,
Ware,2018,https://cms1files.revize.com/benzie/2018%20Annual%20Report%20FINAL.pdf,atr,nodes,wayback,
Ware,2018,https://cms1files.revize.com/benzienew/Document%20Center/Government/County%20Clerk/Elections/8.7.2018%20Prec%20Results.pdf,result,catalog,wayback,
Ware,2018,https://cms1files.revize.com/benzienew/Document%20Center/Government/County%20Clerk/Elections/8.7.2018%20Prec%20Results.pdf?t=202305172220350&t=202305172220350,result,catalog,wayback,
Ware,2018,https://cms1files.revize.com/benzienew/Document%20Center/Government/County%20Clerk/Elections/Official%2011.6.2018%20Results.pdf,result,catalog,wayback,
Ware,2018,https://cms1files.revize.com/benzienew/Document%20Center/Government/County%20Clerk/Elections/Official%2011.6.2018%20Results.pdf?t=202305172220350&t=202305172220350,result,catalog,wayback,
Ware,2019,https://cms1files.revize.com/benzienew/Document%20Center/Government/County%20Clerk/Elections/Benzie%2011.5.2019%20Results.pdf,result,catalog,wayback,
Ware,2019,https://cms1files.revize.com/benzienew/Document%20Center/Government/County%20Clerk/Elections/Benzie%205.7.2019%20Official%20Results.pdf,result,catalog,wayback,
Ware,2019,https://cms1files.revize.com/benzienew/Document%20Center/Government/County%20Clerk/Elections/Benzie%205.7.2019%20Official%20Results.pdf?t=202305172220350&t=202305172220350,result,catalog,wayback,
Ware,2019,https://cms1files.revize.com/benzienew/Document%20Center/Government/County%20Clerk/Elections/Official%20Results%208.6.2019.pdf,result,catalog,wayback,
Ware,2020,https://cms1files.revize.com/arlingtontn/STW%20Annual%20Report%202019-2020.pdf,atr,nodes,wayback,
Ware,2020,https://cms1files.revize.com/benzie/August%204%202020%20Official%20Precinct%20Results.pdf,result,catalog,wayback,
Ware,2020,https://cms1files.revize.com/benzienew/Document%20Center/Government/County%20Clerk/Elections/3.10.2020%20Official%20Prec%20Results.pdf,result,catalog,wayback,
Ware,2020,https://cms1files.revize.com/benzienew/Document%20Center/Government/County%20Clerk/Elections/3.10.2020%20Official%20Prec%20Results.pdf?t=202305172220360&t=202305172220360,result,catalog,wayback,
Ware,2020,https://cms1files.revize.com/benzienew/Document%20Center/Government/County%20Clerk/Elections/August%204%202020%20Official%20Precinct%20Results.pdf,result,catalog,wayback,
Ware,2020,https://cms1files.revize.com/benzienew/Document%20Center/Government/County%20Clerk/Elections/August%204%202020%20Official%20Precinct%20Results.pdf?t=202305172220360&t=202305172220360,result,catalog,wayback,
Wareham,2003,http://www.wareham.ma.us:80/Public_Documents/0000FD1E-80000001/00373ACE-000F8513.-1/Wareham%20Town%20Report%2003.pdf,atr,nodes,wayback,
Wareham,2003,http://www.wareham.ma.us:80/Public_Documents/0000FD1E-80000001/Wareham%20Town%20Report%2003.pdf,atr,nodes,wayback,
Wareham,2003,http://www.wareham.ma.us:80/Public_Documents/WarehamMA_BComm/S00373ACE.-1/Wareham%20Town%20Report%2003.pdf,atr,nodes,wayback,
Wareham,2003,https://www.wareham.ma.us/sites/g/files/vyhlif5146/f/pages/fy2003_town_report.pdf,atr,nodes,wayback,
Wareham,2005,https://www.wareham.ma.us/sites/g/files/vyhlif5146/f/pages/fy2005_town_report.pdf,atr,nodes,wayback,
Wareham,2007,https://www.wareham.ma.us/sites/g/files/vyhlif5146/f/pages/town_report_fy2007.pdf,atr,nodes,wayback,
Wareham,2008,https://www.wareham.ma.us/sites/g/files/vyhlif5146/f/pages/town_report_fy2008.pdf,atr,nodes,wayback,
Wareham,2009,https://www.wareham.ma.us/sites/g/files/vyhlif12101/f/pages/town_report_fy2009.pdf,atr,nodes,wayback,
Wareham,2009,https://www.wareham.ma.us/sites/g/files/vyhlif5146/f/pages/town_report_fy2009.pdf,atr,nodes,wayback,
Wareham,2010,https://wareham.gov/DocumentCenter/View/2827/2010-April-Election-Results-PDF,result,catalog,docsweep,2010 April Election Results (PDF)
Wareham,2010,https://wareham.ma.us/DocumentCenter/View/2824/2010-Nov-Election-Results-PDF,result,catalog,docsweep,2010 Nov Election Results (PDF)
Wareham,2010,https://wareham.ma.us/DocumentCenter/View/2827/2010-April-Election-Results-PDF,result,catalog,docsweep,2010 April Election Results (PDF)
Wareham,2010,https://www.wareham.gov/DocumentCenter/View/2824/2010-Nov-Election-Results-PDF,result,catalog,wayback,
Wareham,2010,https://www.wareham.ma.us/sites/g/files/vyhlif12101/f/uploads/2010_apr_election_results.pdf,result,catalog,wayback,
Wareham,2010,https://www.wareham.ma.us/sites/g/files/vyhlif12101/f/uploads/2010_nov_election_results.pdf,result,catalog,wayback,
Wareham,2010,https://www.wareham.ma.us/sites/g/files/vyhlif5146/f/pages/town_report_fy2010.pdf,atr,nodes,wayback,
Wareham,2011,https://wareham.ma.us/DocumentCenter/View/2830/2011-April-Election-Results-PDF,result,catalog,docsweep,2011 April Election Results (PDF)
Wareham,2011,https://www.wareham.gov/DocumentCenter/View/2830/2011-April-Election-Results-PDF,result,catalog,wayback,
Wareham,2011,https://www.wareham.ma.us/sites/g/files/vyhlif12101/f/uploads/2011_apr_election_results.pdf,result,catalog,wayback,
Wareham,2011,https://www.wareham.ma.us/sites/g/files/vyhlif5146/f/pages/town_report_fy2011.pdf,atr,nodes,wayback,
Wareham,2011,https://www.wareham.ma.us/sites/g/files/vyhlif5146/f/uploads/capital_planning_spring_2011_annual_report.pdf,atr,nodes,wayback,
Wareham,2012,https://wareham.gov/DocumentCenter/View/2825/2012-April-Election-Results-PDF,result,catalog,docsweep,2012 April Election Results (PDF)
Wareham,2012,https://wareham.ma.us/DocumentCenter/View/2825/2012-April-Election-Results-PDF,result,catalog,docsweep,2012 April Election Results (PDF)
Wareham,2012,https://wareham.ma.us/DocumentCenter/View/2826/2012-September-Election-Results-PDF,result,catalog,docsweep,2012 September Election Results (PDF)
Wareham,2012,https://wareham.ma.us/DocumentCenter/View/2831/2012-July-Election-Results-PDF,result,catalog,docsweep,2012 July Election Results (PDF)
Wareham,2012,https://www.wareham.gov/DocumentCenter/View/2826/2012-September-Election-Results-PDF,result,catalog,wayback,
Wareham,2012,https://www.wareham.gov/DocumentCenter/View/2831/2012-July-Election-Results-PDF,result,catalog,wayback,
Wareham,2012,https://www.wareham.ma.us/sites/g/files/vyhlif12101/f/uploads/2012_apr_election_results.pdf,result,catalog,wayback,
Wareham,2012,https://www.wareham.ma.us/sites/g/files/vyhlif12101/f/uploads/2012_jul_election_results.pdf,result,catalog,wayback,
Wareham,2012,https://www.wareham.ma.us/sites/g/files/vyhlif12101/f/uploads/2012_sep_election_results.pdf,result,catalog,wayback,
Wareham,2012,https://www.wareham.ma.us/sites/g/files/vyhlif5146/f/pages/town_report_fy2012.pdf,atr,nodes,wayback,
Wareham,2013,https://www.wareham.ma.us/sites/g/files/vyhlif5146/f/pages/town_report_fy2013.pdf,atr,nodes,wayback,
Wareham,2014,https://wareham.gov/DocumentCenter/View/2832/2014-April-Election-Results-PDF,result,catalog,docsweep,2014 April Election Results (PDF)
Wareham,2014,https://wareham.ma.us/DocumentCenter/View/2829/2014-November-Election-Results-PDF,result,catalog,docsweep,2014 November Election Results (PDF)
Wareham,2014,https://wareham.ma.us/DocumentCenter/View/2832/2014-April-Election-Results-PDF,result,catalog,docsweep,2014 April Election Results (PDF)
Wareham,2014,https://wareham.ma.us/DocumentCenter/View/2833/2014-September-Election-Results-PDF,result,catalog,docsweep,2014 September Election Results (PDF)
Wareham,2014,https://www.wareham.gov/DocumentCenter/View/2829/2014-November-Election-Results-PDF,result,catalog,wayback,
Wareham,2014,https://www.wareham.gov/DocumentCenter/View/2833/2014-September-Election-Results-PDF,result,catalog,wayback,
Wareham,2014,https://www.wareham.ma.us/sites/g/files/vyhlif12101/f/uploads/2014_apr_election_results.pdf,result,catalog,wayback,
Wareham,2014,https://www.wareham.ma.us/sites/g/files/vyhlif12101/f/uploads/2014_nov_election_results.pdf,result,catalog,wayback,
Wareham,2014,https://www.wareham.ma.us/sites/g/files/vyhlif12101/f/uploads/2014_sep_election_results.pdf,result,catalog,wayback,
Wareham,2014,https://www.wareham.ma.us/sites/g/files/vyhlif5146/f/pages/wareham_town_report_2014.pdf,atr,nodes,wayback,
Wareham,2015,https://wareham.ma.us/DocumentCenter/View/2835/2015-April-Election-Results-PDF,result,catalog,docsweep,2015 April Election Results (PDF)
Wareham,2015,https://www.wareham.gov/DocumentCenter/View/2835/2015-April-Election-Results-PDF,result,catalog,wayback,
Wareham,2015,https://www.wareham.ma.us/sites/g/files/vyhlif12101/f/uploads/2015_apr_election_results.pdf,result,catalog,wayback,
Wareham,2016,https://wareham.gov/DocumentCenter/View/2834/2016-April-Election-Results-PDF,result,catalog,docsweep,2016 April Election Results (PDF)
Wareham,2016,https://wareham.ma.us/DocumentCenter/View/2834/2016-April-Election-Results-PDF,result,catalog,docsweep,2016 April Election Results (PDF)
Wareham,2017,http://www.wareham.ma.us:80/system/files/uploads/2017_spring_town_election_results_0.pdf,result,catalog,wayback,
Wareham,2018,http://www.wareham.ma.us:80/sites/warehamma/files/uploads/electionresults2018.pdf,result,catalog,wayback,
Wareham,2018,https://www.wareham.ma.us/sites/g/files/vyhlif5146/f/uploads/year_1_annual_report_ms4_wareham_ma_2018-19.pdf,atr,nodes,wayback,
Wareham,2019,https://www.wareham.ma.us/sites/g/files/vyhlif5146/f/pages/town_report_2019.pdf,atr,nodes,wayback,
Warren,2014,https://www.warrenct.gov/sites/g/files/vyhlif3991/f/uploads/annual_report_2014.pdf,atr,nodes,wayback,
Warren,2015,http://warren-ma.gov/pages/WarrenMA_Health/2015%20annual%20report%20Board%20of%20Health.pdf,atr,nodes,wayback,
Warren,2015,"http://www.warren-ma.gov/Pages/Results%20of%20Annual%20Town%20Election%20-%20May%205,%202015.pdf",result,catalog,wayback,
Warren,2016,https://www.warrenct.gov/sites/g/files/vyhlif3991/f/uploads/fy_2015_2016_annual_report.pdf,atr,nodes,wayback,
Warren,2020,https://www.warren-ma.gov/sites/g/files/vyhlif3996/f/uploads/annual_report_for_2020_published.pdf,atr,nodes,wayback,
Warwick,2007,http://www.warwickma.org/documents/townreport2007/FCSWD.pdf,atr,nodes,wayback,
Warwick,2007,http://www.warwickma.org/documents/townreport2007/acoreport.pdf,atr,nodes,wayback,
Warwick,2007,http://www.warwickma.org/documents/townreport2007/animalinspector.pdf,atr,nodes,wayback,
Warwick,2007,http://www.warwickma.org/documents/townreport2007/artscouncil.pdf,atr,nodes,wayback,
Warwick,2007,http://www.warwickma.org/documents/townreport2007/forestry.pdf,atr,nodes,wayback,
Warwick,2007,http://www.warwickma.org/documents/townreport2007/historic.pdf,atr,nodes,wayback,
Warwick,2007,http://www.warwickma.org/documents/townreport2007/hwaydept2007.pdf,atr,nodes,wayback,
Warwick,2007,http://www.warwickma.org/documents/townreport2007/list.pdf,atr,nodes,wayback,
Warwick,2007,http://www.warwickma.org/documents/townreport2007/parish.pdf,atr,nodes,wayback,
Warwick,2007,http://www.warwickma.org/documents/townreport2007/selectboard2007.pdf,atr,nodes,wayback,
Warwick,2007,http://www.warwickma.org/documents/townreport2007/vetmonument.pdf,atr,nodes,wayback,
Warwick,2007,http://www.warwickma.org/documents/townreport2007/website.pdf,atr,nodes,wayback,
Warwick,2007,http://www.warwickma.org/documents/townreport2007/womens.pdf,atr,nodes,wayback,
Warwick,2007,http://www.warwickma.org/documents/townreport2007/zoningrev.pdf,atr,nodes,wayback,
Warwick,2007,https://old.warwickma.org/documents/townreport2007/FCSWD.pdf,atr,nodes,crawl,Franklin County Solid Waste Management District Report
Warwick,2007,https://old.warwickma.org/documents/townreport2007/acoreport.pdf,atr,nodes,crawl,Animal Control Officer's Report
Warwick,2007,https://old.warwickma.org/documents/townreport2007/animalinspector.pdf,atr,nodes,crawl,Animal Inspector's Report
Warwick,2007,https://old.warwickma.org/documents/townreport2007/artscouncil.pdf,atr,nodes,crawl,The Warwick Arts Council Report
Warwick,2007,https://old.warwickma.org/documents/townreport2007/forestry.pdf,atr,nodes,crawl,Forestry Committee Report
Warwick,2007,https://old.warwickma.org/documents/townreport2007/historic.pdf,atr,nodes,crawl,Warwick Historical Society
Warwick,2007,https://old.warwickma.org/documents/townreport2007/hwaydept2007.pdf,atr,nodes,crawl,Highway Department Report
Warwick,2007,https://old.warwickma.org/documents/townreport2007/list.pdf,atr,nodes,crawl,The L - Warwick's E-mail Discussion Group
Warwick,2007,https://old.warwickma.org/documents/townreport2007/parish.pdf,atr,nodes,crawl,The First Parish and Religious Society of Warwick
Warwick,2007,https://old.warwickma.org/documents/townreport2007/selectboard2007.pdf,atr,nodes,crawl,Selectboard Report
Warwick,2007,https://old.warwickma.org/documents/townreport2007/vetmonument.pdf,atr,nodes,crawl,Veteran's Monument Committee Report
Warwick,2007,https://old.warwickma.org/documents/townreport2007/website.pdf,atr,nodes,crawl,Warwick Official Town Website
Warwick,2007,https://old.warwickma.org/documents/townreport2007/womens.pdf,atr,nodes,crawl,Warwick Women's Guild
Warwick,2007,https://old.warwickma.org/documents/townreport2007/zoningrev.pdf,atr,nodes,crawl,Zoning By-Law Revisions
Warwick,2008,http://www.warwickma.org/documents/townreport2007/atm2008.pdf,atr,nodes,wayback,
Warwick,2008,http://www.warwickma.org/documents/townreport2008/WBECfy08rep.pdf,atr,nodes,wayback,
Warwick,2008,http://www.warwickma.org/documents/townreport2008/annreport2008.pdf,atr,nodes,wayback,
Warwick,2008,http://www.warwickma.org/documents/townreport2008/cemcom.pdf,atr,nodes,wayback,
Warwick,2008,http://www.warwickma.org/documents/townreport2008/concom08.pdf,atr,nodes,wayback,
Warwick,2008,http://www.warwickma.org/documents/townreport2008/firedept08.pdf,atr,nodes,wayback,
Warwick,2008,http://www.warwickma.org/documents/townreport2008/forestry08.pdf,atr,nodes,wayback,
Warwick,2008,http://www.warwickma.org/documents/townreport2008/openspace08.pdf,atr,nodes,wayback,
Warwick,2008,http://www.warwickma.org/documents/townreport2008/planboard08.pdf,atr,nodes,wayback,
Warwick,2008,http://www.warwickma.org/documents/townreport2008/police08.pdf,atr,nodes,wayback,
Warwick,2008,https://old.warwickma.org/documents/townreport2008/annreport2008.pdf,atr,nodes,crawl,"Annual Town Report for2008 (in .pdf format)"
Warwick,2008,https://old.warwickma.org/documents/townreport2008/cemcom.pdf,atr,nodes,crawl,Cemetery Commission
Warwick,2008,https://old.warwickma.org/documents/townreport2008/concom08.pdf,atr,nodes,crawl,Conservation Commission
Warwick,2008,https://old.warwickma.org/documents/townreport2008/firedept08.pdf,atr,nodes,crawl,Fire Department
Warwick,2008,https://old.warwickma.org/documents/townreport2008/forestry08.pdf,atr,nodes,crawl,Forestry Committee
Warwick,2008,https://old.warwickma.org/documents/townreport2008/openspace08.pdf,atr,nodes,crawl,Open Space Committee
Warwick,2008,https://old.warwickma.org/documents/townreport2008/planboard08.pdf,atr,nodes,crawl,Planning Board
Warwick,2008,https://old.warwickma.org/documents/townreport2008/police08.pdf,atr,nodes,crawl,Police Department
Warwick,2009,http://www.warwickma.org/documents/townreport2009/fy2009report.pdf,atr,nodes,wayback,
Warwick,2009,http://www.warwickma.org/documents/townreport2009/library09.pdf,atr,nodes,wayback,
Warwick,2009,https://old.warwickma.org/documents/townreport2009/fy2009report.pdf,atr,nodes,crawl,"Annual Town Report for 2009 (in .pdfformat)"
Warwick,2009,https://old.warwickma.org/documents/townreport2009/library09.pdf,atr,nodes,crawl,Library FY '09
Warwick,2010,http://www.warwickma.org/documents/townreport2010/2010selectappts.pdf,atr,nodes,wayback,
Warwick,2010,http://www.warwickma.org/documents/townreport2010/FY12broadband.pdf,atr,nodes,wayback,
Warwick,2010,http://www.warwickma.org/documents/townreport2010/FY12transfer.pdf,atr,nodes,wayback,
Warwick,2010,http://www.warwickma.org/documents/townreport2010/acofy10report.pdf,atr,nodes,wayback,
Warwick,2010,http://www.warwickma.org/documents/townreport2010/agcomfy10report.pdf,atr,nodes,wayback,
Warwick,2010,http://www.warwickma.org/documents/townreport2010/agingreportfy10.pdf,atr,nodes,wayback,
Warwick,2010,http://www.warwickma.org/documents/townreport2010/aireportfy10.pdf,atr,nodes,wayback,
Warwick,2010,http://www.warwickma.org/documents/townreport2010/annrep2010.pdf,atr,nodes,wayback,
Warwick,2010,http://www.warwickma.org/documents/townreport2010/boafy2010.pdf,atr,nodes,wayback,
Warwick,2010,http://www.warwickma.org/documents/townreport2010/cemcomfy10report.pdf,atr,nodes,wayback,
Warwick,2010,http://www.warwickma.org/documents/townreport2010/fcswmreportFY10.pdf,atr,nodes,wayback,
Warwick,2010,http://www.warwickma.org/documents/townreport2010/hiwayfy10report.pdf,atr,nodes,wayback,
Warwick,2010,http://www.warwickma.org/documents/townreport2010/libraryfy10report.pdf,atr,nodes,wayback,
Warwick,2010,http://www.warwickma.org/documents/townreport2010/planboardfy10report.pdf,atr,nodes,wayback,
Warwick,2010,http://www.warwickma.org/documents/townreport2010/taxcollfy2010.pdf,atr,nodes,wayback,
Warwick,2010,http://www.warwickma.org/documents/townreport2010/townelection2010.pdf,atr,nodes,wayback,
Warwick,2010,http://www.warwickma.org/documents/townreport2010/trustreportfy10.pdf,atr,nodes,wayback,
Warwick,2010,http://www.warwickma.org/documents/townreport2010/vitalstatsfy10.pdf,atr,nodes,wayback,
Warwick,2010,http://www.warwickma.org/documents/townreport2010/vote2010.pdf,atr,nodes,wayback,
Warwick,2010,http://www.warwickma.org/documents/townreport2010/wbecfy10report.pdf,atr,nodes,wayback,
Warwick,2010,http://www.warwickma.org/documents/townreport2010/websitereportfy10.pdf,atr,nodes,wayback,
Warwick,2010,http://www.warwickma.org/documents/townreport2010/whsreportfy10.pdf,atr,nodes,wayback,
Warwick,2010,https://old.warwickma.org/documents/townreport2010/2010selectappts.pdf,atr,nodes,crawl,Selectboard Appointments FY '10
Warwick,2010,https://old.warwickma.org/documents/townreport2010/acofy10report.pdf,atr,nodes,crawl,Animal Control Officer FY '10
Warwick,2010,https://old.warwickma.org/documents/townreport2010/agcomfy10report.pdf,atr,nodes,crawl,Agricultural Commission FY '10
Warwick,2010,https://old.warwickma.org/documents/townreport2010/agingreportfy10.pdf,atr,nodes,crawl,Council on Aging FY '10
Warwick,2010,https://old.warwickma.org/documents/townreport2010/aireportfy10.pdf,atr,nodes,crawl,Animal Inspector FY '10
Warwick,2010,https://old.warwickma.org/documents/townreport2010/annrep2010.pdf,atr,nodes,crawl,"Annual TownReport for 2010 (in .pdf format)"
Warwick,2010,https://old.warwickma.org/documents/townreport2010/bldginspectorreportfy10.pdf,atr,nodes,crawl,Building Inspector FY '10
Warwick,2010,https://old.warwickma.org/documents/townreport2010/boafy2010.pdf,atr,nodes,crawl,Board of Assessors FY '10
Warwick,2010,https://old.warwickma.org/documents/townreport2010/cemcomfy10report.pdf,atr,nodes,crawl,Cemetery Commission FY '10
Warwick,2010,https://old.warwickma.org/documents/townreport2010/fcswmreportFY10.pdf,atr,nodes,crawl,Franklin County Solid Waste Management FY '10
Warwick,2010,https://old.warwickma.org/documents/townreport2010/hiwayfy10report.pdf,atr,nodes,crawl,Highway Department FY '10
Warwick,2010,https://old.warwickma.org/documents/townreport2010/libraryfy10report.pdf,atr,nodes,crawl,Library FY '10
Warwick,2010,https://old.warwickma.org/documents/townreport2010/planboardfy10report.pdf,atr,nodes,crawl,Planning Board FY '10
Warwick,2010,https://old.warwickma.org/documents/townreport2010/taxcollfy2010.pdf,atr,nodes,crawl,Tax Collector's Report FY '10
Warwick,2010,https://old.warwickma.org/documents/townreport2010/townelection2010.pdf,atr,nodes,crawl,"Annual Town Election, May 2010"
Warwick,2010,https://old.warwickma.org/documents/townreport2010/trustreportfy10.pdf,atr,nodes,crawl,Treasurer's Report - Trust Funds FY '10
Warwick,2010,https://old.warwickma.org/documents/townreport2010/vitalstatsfy10.pdf,atr,nodes,crawl,Vital Statistics FY '10
Warwick,2010,https://old.warwickma.org/documents/townreport2010/vote2010.pdf,atr,nodes,crawl,"Record of the State Election, November 2, 2010(in .pdf format)"
Warwick,2010,https://old.warwickma.org/documents/townreport2010/wbecfy10report.pdf,atr,nodes,crawl,"Annual Report of theBuildings and Energy Committee FY '10"
Warwick,2010,https://old.warwickma.org/documents/townreport2010/websitereportfy10.pdf,atr,nodes,crawl,Town Website FY '10
Warwick,2010,https://old.warwickma.org/documents/townreport2010/whsreportfy10.pdf,atr,nodes,crawl,Historical Society FY '10
Warwick,2012,https://old.warwickma.org/documents/election2012.pdf,result,catalog,crawl,"Results of the Annual
Town Election, May 21, 2012"
Warwick,2015,http://www.warwickma.org/documents/atm2015/2014annualreport.pdf,atr,nodes,wayback,
Warwick,2015,https://old.warwickma.org/documents/atm2015/2014annualreport.pdf,atr,nodes,crawl,Annual Town Report for 2014 (in .pdf format)
Washington,2020,https://www.washington-ma.gov/sites/g/files/vyhlif7491/f/uploads/fy2020_annual_report.pdf,atr,nodes,wayback,
Wayland,2004,http://www.wayland.ma.us/Pages/WaylandMA_Selectmen/TownReports/WaylandReports2004.pdf,atr,nodes,wayback,
Wayland,2004,https://www.wayland.ma.us/sites/g/files/vyhlif4016/f/uploads/annual_town_report_2004.pdf,atr,nodes,wayback,
Wayland,2004,https://www.wayland.ma.us/sites/g/files/vyhlif9231/f/uploads/annual_town_report_2004.pdf,atr,nodes,wayback,
Wayland,2005,http://www.wayland.ma.us/Pages/WaylandMA_Selectmen/TownReports/WaylandTownReports2005.pdf,atr,nodes,wayback,
Wayland,2005,http://www.wayland.ma.us/TownReports2005.pdf,atr,nodes,wayback,
Wayland,2005,https://www.wayland.ma.us/sites/g/files/vyhlif4016/f/uploads/annual_town_report_2005.pdf,atr,nodes,wayback,
Wayland,2005,https://www.wayland.ma.us/sites/g/files/vyhlif9231/f/uploads/annual_town_report_2005.pdf,atr,nodes,wayback,
Wayland,2006,http://www.wayland.ma.us/Pages/WaylandMA_Selectmen/TownReports/WaylandTownReports2006.pdf,atr,nodes,wayback,
Wayland,2006,https://www.wayland.ma.us/sites/g/files/vyhlif4016/f/uploads/annual_town_report_2006.pdf,atr,nodes,wayback,
Wayland,2006,https://www.wayland.ma.us/sites/g/files/vyhlif9231/f/uploads/annual_town_report_2006.pdf,atr,nodes,wayback,
Wayland,2007,http://www.wayland.ma.us/Pages/WaylandMA_Housing/S01839500-01E9737D.0/2007%20Annual%20Report%20to%20the%20Town%20of%20Wayland.pdf,atr,nodes,wayback,
Wayland,2007,http://www.wayland.ma.us/Pages/WaylandMA_Selectmen/TownReports/WaylandTownReports2007.pdf,atr,nodes,wayback,
Wayland,2007,http://www.wayland.ma.us:80/townclerk/2007%20Town%20Report.pdf,atr,nodes,wayback,
Wayland,2007,https://www.wayland.ma.us/sites/g/files/vyhlif4016/f/uploads/annual_town_report_2007.pdf,atr,nodes,wayback,
Wayland,2007,https://www.wayland.ma.us/sites/g/files/vyhlif9231/f/uploads/annual_town_report_2007.pdf,atr,nodes,wayback,
Wayland,2008,http://www.wayland.ma.us/Pages/WaylandMA_Housing/S01839500-01E9737D.1/2008%20Annual%20Report%20to%20the%20Town%20of%20Wayland.pdf,atr,nodes,wayback,
Wayland,2008,http://www.wayland.ma.us/Pages/WaylandMA_Selectmen/TownReports/WaylandTownReports2008.pdf,atr,nodes,wayback,
Wayland,2008,https://ma-wayland.civicplus.com/DocumentCenter/View/12762/2010-2008-Past-Elections-and-Town-Meetings-Results-PDF,result,catalog,docsweep,2010 — 2008 Past Elections and Town Meetings Results
Wayland,2008,https://www.wayland.ma.us/sites/g/files/vyhlif4016/f/uploads/annual_town_report_2008.pdf,atr,nodes,wayback,
Wayland,2008,https://www.wayland.ma.us/sites/g/files/vyhlif9231/f/uploads/annual_town_report_2008.pdf,atr,nodes,wayback,
Wayland,2009,http://www.wayland.ma.us/Pages/WaylandMA_Housing/S01839500-01E9737D.2/2009%20Annual%20Report%20to%20the%20Town%20of%20Wayland.pdf,atr,nodes,wayback,
Wayland,2009,http://www.wayland.ma.us/Pages/WaylandMA_Selectmen/TownReports/WaylandTownReports2009.pdf,atr,nodes,wayback,
Wayland,2009,https://www.wayland.ma.us/sites/g/files/vyhlif4016/f/uploads/annual_town_report_2009.pdf,atr,nodes,wayback,
Wayland,2009,https://www.wayland.ma.us/sites/g/files/vyhlif9231/f/uploads/annual_town_report_2009.pdf,atr,nodes,wayback,
Wayland,2010,http://www.wayland.ma.us/Pages/WaylandMA_Housing/S01839500-01E9737D.3/2010%20Annual%20Report%20to%20the%20Town%20of%20Wayland.pdf,atr,nodes,wayback,
Wayland,2010,http://www.wayland.ma.us/Pages/WaylandMA_Selectmen/TownReports/WaylandAnnualReports2010.pdf,atr,nodes,wayback,
Wayland,2010,https://www.wayland.ma.us/sites/g/files/vyhlif4016/f/uploads/annual_town_report_2010.pdf,atr,nodes,wayback,
Wayland,2010,https://www.wayland.ma.us/sites/g/files/vyhlif9231/f/uploads/annual_town_report_2010.pdf,atr,nodes,wayback,
Wayland,2011,http://www.wayland.ma.us/Pages/WaylandMA_Housing/S01839500-01E9737D.4/2011%20Annual%20Report%20to%20the%20Town%20of%20Wayland.pdf,atr,nodes,wayback,
Wayland,2011,http://www.wayland.ma.us/Pages/WaylandMA_Selectmen/TownReports/WaylandAnnualReports2011.pdf,atr,nodes,wayback,
Wayland,2011,https://www.wayland.ma.us/sites/g/files/vyhlif4016/f/uploads/annual_town_report_2011.pdf,atr,nodes,wayback,
Wayland,2011,https://www.wayland.ma.us/sites/g/files/vyhlif9231/f/uploads/annual_town_report_2011.pdf,atr,nodes,wayback,
Wayland,2012,http://www.wayland.ma.us/Pages/WaylandMA_Housing/S01839500-01E9737D.5/2012%20Annual%20Report%20to%20the%20Town%20of%20Wayland.pdf,atr,nodes,wayback,
Wayland,2012,http://www.wayland.ma.us:80/Pages/WaylandMA_Selectmen/TownReports/WaylandAnnualReports2012.pdf,atr,nodes,wayback,
Wayland,2012,https://ma-wayland.civicplus.com/DocumentCenter/View/12764/2012-Past-Elections-and-Town-Meetings-Results-PDF,result,catalog,docsweep,2012 Past Elections and Town Meetings Results
Wayland,2012,https://wayland.ma.us/DocumentCenter/View/2252/reportelecvote2012-2016,annual_report,catalog,docsweep,FY12 to FY17 Annual Report of the Electronic Voting Implementation Subcommittee
Wayland,2012,https://www.wayland.ma.us/sites/g/files/vyhlif4016/f/uploads/annual_town_report_2012.pdf,atr,nodes,wayback,
Wayland,2012,https://www.wayland.ma.us/sites/g/files/vyhlif9231/f/uploads/annual_town_report_2012.pdf,atr,nodes,wayback,
Wayland,2013,http://www.wayland.ma.us/Pages/WaylandMA_Housing/S01839500-01E9737D.6/2013%20Annual%20Report%20to%20the%20Town%20of%20Wayland.pdf,atr,nodes,wayback,
Wayland,2013,http://www.wayland.ma.us:80/Pages/WaylandMA_Selectmen/TownReports/AnnualReport2013.pdf,atr,nodes,wayback,
Wayland,2013,https://ma-wayland.civicplus.com/DocumentCenter/View/12766/2013-Past-Elections-and-Town-Meetings-Results-PDF,result,catalog,docsweep,2013 Past Elections and Town Meetings Results
Wayland,2013,https://ma-wayland.civicplus.com/DocumentCenter/View/641,result,catalog,dc_idsweep,2013 Past Elections and Town Meeting Results?bidId=
Wayland,2013,https://www.wayland.ma.us/DocumentCenter/View/641,result,catalog,dc_idsweep,2013 Past Elections and Town Meeting Results?bidId=
Wayland,2013,https://www.wayland.ma.us/sites/g/files/vyhlif4016/f/uploads/annual_town_report_2013.pdf,atr,nodes,wayback,
Wayland,2013,https://www.wayland.ma.us/sites/g/files/vyhlif9231/f/uploads/annual_town_report_2013.pdf,atr,nodes,wayback,
Wayland,2014,http://www.wayland.ma.us/Pages/WaylandMA_Housing/S01839500-01E9737D.7/2014%20Annual%20Report%20to%20the%20Town%20of%20Wayland.pdf,atr,nodes,wayback,
Wayland,2014,http://www.wayland.ma.us/Pages/WaylandMA_Selectmen/TownReports/AnnualReport2014.pdf,atr,nodes,wayback,
Wayland,2014,https://ma-wayland.civicplus.com/DocumentCenter/View/12768/2014-Past-Elections-and-Town-Meetings-Results-PDF,result,catalog,docsweep,2014 Past Elections and Town Meetings Results
Wayland,2014,https://ma-wayland.civicplus.com/DocumentCenter/View/640,result,catalog,dc_idsweep,2014 Past Elections and Town Metings Results?bidId=
Wayland,2014,https://www.wayland.ma.us/DocumentCenter/View/640,result,catalog,dc_idsweep,2014 Past Elections and Town Metings Results?bidId=
Wayland,2014,https://www.wayland.ma.us/sites/g/files/vyhlif4016/f/uploads/annual_town_report_2014.pdf,atr,nodes,wayback,
Wayland,2014,https://www.wayland.ma.us/sites/g/files/vyhlif9231/f/uploads/annual_town_report_2014.pdf,atr,nodes,wayback,
Wayland,2015,https://ma-wayland.civicplus.com/DocumentCenter/View/12770/2015-Past-Elections-and-Town-Meetings-Results-PDF,result,catalog,docsweep,2015 Past Elections and Town Meetings Results
Wayland,2015,https://www.wayland.ma.us/sites/g/files/vyhlif4016/f/uploads/annual_town_report_2015.pdf,atr,nodes,wayback,
Wayland,2015,https://www.wayland.ma.us/sites/g/files/vyhlif9231/f/uploads/annual_town_report_2015.pdf,atr,nodes,wayback,
Wayland,2016,https://ma-wayland.civicplus.com/DocumentCenter/View/12772/2016-Past-Elections-and-Town-Meetings-Results-PDF,result,catalog,docsweep,2016 Past Elections and Town Meetings Results
Wayland,2016,https://www.wayland.ma.us/sites/g/files/vyhlif4016/f/uploads/annual_town_report_2016.pdf,atr,nodes,wayback,
Wayland,2016,https://www.wayland.ma.us/sites/g/files/vyhlif9231/f/uploads/annual_town_report_2016.pdf,atr,nodes,wayback,
Wayland,2017,https://www.wayland.ma.us/sites/g/files/vyhlif4016/f/uploads/fincom_annual_report_2017_0.pdf,atr,nodes,wayback,
Wayland,2017,https://www.wayland.ma.us/sites/g/files/vyhlif4016/f/uploads/town_report_2017.pdf,atr,nodes,wayback,
Wayland,2017,https://www.wayland.ma.us/sites/g/files/vyhlif9231/f/uploads/town_report_2017.pdf,atr,nodes,wayback,
Wayland,2018,https://www.wayland.ma.us/sites/g/files/vyhlif4016/f/pages/final_wayland_town_report_2018_for_web.pdf,atr,nodes,wayback,
Wayland,2018,https://www.wayland.ma.us/sites/g/files/vyhlif4016/f/uploads/2018_annual_town_report_-_v4.pdf,atr,nodes,wayback,
Wayland,2018,https://www.wayland.ma.us/sites/g/files/vyhlif9231/f/pages/final_wayland_town_report_2018_for_web.pdf,atr,nodes,wayback,
Wayland,2019,https://www.wayland.ma.us/sites/g/files/vyhlif4016/f/pages/2019_assessors_town_report1.pdf,atr,nodes,wayback,
Wayland,2019,https://www.wayland.ma.us/sites/g/files/vyhlif4016/f/uploads/2019_annual_report_-_finance_committee.docx.pdf,atr,nodes,wayback,
Wayland,2019,https://www.wayland.ma.us/sites/g/files/vyhlif9231/f/uploads/final_wayland_town_report_2019_for_web.pdf,atr,nodes,wayback,
Wayland,2020,https://www.wayland.ma.us/sites/g/files/vyhlif4016/f/uploads/2020_annual_report_-_finance_committee.pdf,atr,nodes,wayback,
Webster,2003,http://www.webster-ma.gov:80/documents/report/Town%20Report%201-up%2003-31-14%20(website).pdf,atr,nodes,wayback,
Wellesley,2006,http://www.wellesleyma.gov:80/Pages/WellesleyMA_Clerk/2006%20Town%20Election%20Results.pdf,result,catalog,wayback,
Wellesley,2007,http://www.wellesleyma.gov/Pages/FOV1-0001FDAE/townreport2007/3b07.pdf,atr,nodes,wayback,
Wellesley,2007,http://www.wellesleyma.gov/Pages/FOV1-0001FDAE/townreport2007/tocatm07.pdf,atr,nodes,wayback,
Wellesley,2007,http://www.wellesleyma.gov/pages/FOV1-0001FDAE/townreport2007/3a07.pdf,atr,nodes,wayback,
Wellesley,2007,http://www.wellesleyma.gov/pages/FOV1-0001FDAE/townreport2007/appointedtownofficers07.pdf,atr,nodes,wayback,
Wellesley,2007,http://www.wellesleyma.gov/pages/FOV1-0001FDAE/townreport2007/atmminutes07.pdf,atr,nodes,wayback,
Wellesley,2007,http://www.wellesleyma.gov/pages/FOV1-0001FDAE/townreport2007/celebrations07.pdf,atr,nodes,wayback,
Wellesley,2007,http://www.wellesleyma.gov/pages/FOV1-0001FDAE/townreport2007/coa07.pdf,atr,nodes,wayback,
Wellesley,2007,http://www.wellesleyma.gov/pages/FOV1-0001FDAE/townreport2007/cultural07.pdf,atr,nodes,wayback,
Wellesley,2007,http://www.wellesleyma.gov/pages/FOV1-0001FDAE/townreport2007/dpw07.pdf,atr,nodes,wayback,
Wellesley,2007,http://www.wellesleyma.gov/pages/FOV1-0001FDAE/townreport2007/financial07.pdf,atr,nodes,wayback,
Wellesley,2007,http://www.wellesleyma.gov/pages/FOV1-0001FDAE/townreport2007/firerescue07.pdf,atr,nodes,wayback,
Wellesley,2007,http://www.wellesleyma.gov/pages/FOV1-0001FDAE/townreport2007/historicdistrict07.pdf,atr,nodes,wayback,
Wellesley,2007,http://www.wellesleyma.gov/pages/FOV1-0001FDAE/townreport2007/housing07.pdf,atr,nodes,wayback,
Wellesley,2007,http://www.wellesleyma.gov/pages/FOV1-0001FDAE/townreport2007/hr07.pdf,atr,nodes,wayback,
Wellesley,2007,http://www.wellesleyma.gov/pages/FOV1-0001FDAE/townreport2007/library07.pdf,atr,nodes,wayback,
Wellesley,2007,http://www.wellesleyma.gov/pages/FOV1-0001FDAE/townreport2007/mgmc07.pdf,atr,nodes,wayback,
Wellesley,2007,http://www.wellesleyma.gov/pages/FOV1-0001FDAE/townreport2007/mlp07.pdf,atr,nodes,wayback,
Wellesley,2007,http://www.wellesleyma.gov/pages/FOV1-0001FDAE/townreport2007/nrc07.pdf,atr,nodes,wayback,
Wellesley,2007,http://www.wellesleyma.gov/pages/FOV1-0001FDAE/townreport2007/pbc07.pdf,atr,nodes,wayback,
Wellesley,2007,http://www.wellesleyma.gov/pages/FOV1-0001FDAE/townreport2007/police07.pdf,atr,nodes,wayback,
Wellesley,2007,http://www.wellesleyma.gov/pages/FOV1-0001FDAE/townreport2007/retirement07.pdf,atr,nodes,wayback,
Wellesley,2007,http://www.wellesleyma.gov/pages/FOV1-0001FDAE/townreport2007/school07.pdf,atr,nodes,wayback,
Wellesley,2007,http://www.wellesleyma.gov/pages/FOV1-0001FDAE/townreport2007/specialmay07.pdf,atr,nodes,wayback,
Wellesley,2007,http://www.wellesleyma.gov/pages/FOV1-0001FDAE/townreport2007/townclerk07.pdf,atr,nodes,wayback,
Wellesley,2007,http://www.wellesleyma.gov/pages/FOV1-0001FDAE/townreport2007/townmeetingmember07.pdf,atr,nodes,wayback,
Wellesley,2007,http://www.wellesleyma.gov/pages/FOV1-0001FDAE/townreport2007/veterans07.pdf,atr,nodes,wayback,
Wellesley,2007,http://www.wellesleyma.gov/pages/FOV1-0001FDAE/townreport2007/youth07.pdf,atr,nodes,wayback,
Wellesley,2009,http://wellesleyma.gov/pages/FOV1-0001FDBB/2009%20town%20election%20results.pdf,result,catalog,wayback,
Wellesley,2009,http://www.wellesleyma.gov/Pages/WellesleyMA_Clerk/2009%20town%20election%20results.pdf,result,catalog,wayback,
Wellesley,2010,http://wellesleyma.gov/pages/FOV1-0001FDBB/2010%20Town%20Election%20Results.pdf,result,catalog,wayback,
Wellesley,2010,http://www.wellesleyma.gov/Pages/WellesleyMA_Clerk/2010%20Town%20Election%20Results.pdf,result,catalog,wayback,
Wellfleet,2008,https://www.wellfleet-ma.gov/sites/g/files/vyhlif16026/f/pages/2008_shellfish_advisory_committee_annual_report.pdf,atr,nodes,wayback,
Wellfleet,2013,http://www.wellfleet-ma.gov/sites/wellfleetma/files/file/file/2013_annual_town_report.pdf,atr,nodes,wayback,
Wellfleet,2013,http://www.wellfleet-ma.gov/sites/wellfleetma/files/file/file/annual_report_2013.pdf,atr,nodes,wayback,
Wellfleet,2013,http://www.wellfleet-ma.gov/sites/wellfleetma/files/file/file/library_trustees_annual_report_2013_0.pdf,atr,nodes,wayback,
Wellfleet,2013,https://www.wellfleet-ma.gov/sites/g/files/vyhlif16026/f/uploads/2013_annual_town_report.pdf,atr,nodes,wayback,
Wellfleet,2013,https://www.wellfleet-ma.gov/sites/g/files/vyhlif5166/f/events/sab_2013_annual_report.pdf,atr,nodes,wayback,
Wellfleet,2014,https://www.wellfleet-ma.gov/sites/g/files/vyhlif16026/f/uploads/2014_annual_town_report_final.pdf,atr,nodes,wayback,
Wellfleet,2014,https://www.wellfleet-ma.gov/sites/wellfleetma/files/file/file/2014_annual_town_report_final.pdf,atr,nodes,wayback,
Wellfleet,2015,http://www.wellfleet-ma.gov/sites/wellfleetma/files/file/file/2015_annual_report_final.pdf,atr,nodes,wayback,
Wellfleet,2015,http://www.wellfleet-ma.gov/sites/wellfleetma/files/u311/may_4_2015_town_election_results.pdf,result,catalog,wayback,
Wellfleet,2015,http://www.wellfleet-ma.gov:80/sites/wellfleetma/files/file/file/may_4_2015_town_election_final_results.pdf,result,catalog,wayback,
Wellfleet,2015,http://www.wellfleet-ma.gov:80/sites/wellfleetma/files/may_4_2015_town_election_final_results.pdf,result,catalog,wayback,
Wellfleet,2015,https://www.wellfleet-ma.gov/sites/g/files/vyhlif16026/f/u311/may_4_2015_town_election_results.pdf,result,catalog,wayback,
Wellfleet,2016,http://www.wellfleet-ma.gov/sites/wellfleetma/files/file/file/town_of_wellfleet_november_8_2016_election_results_unofficial_results_0.pdf,result,catalog,wayback,
Wellfleet,2016,http://www.wellfleet-ma.gov/sites/wellfleetma/files/town_of_wellfleet_november_8_2016_election_results_unofficial_results.pdf,result,catalog,wayback,
Wellfleet,2017,https://www.wellfleet-ma.gov/sites/g/files/vyhlif16026/f/pages/2017_annual_report_final.pdf,atr,nodes,wayback,
Wellfleet,2017,https://www.wellfleet-ma.gov/sites/g/files/vyhlif16026/f/uploads/2017_annual_town_report_-_final.pdf,atr,nodes,wayback,
Wellfleet,2017,https://www.wellfleet-ma.gov/sites/g/files/vyhlif5166/f/pages/2017_annual_report_final.pdf,atr,nodes,wayback,
Wellfleet,2017,https://www.wellfleet-ma.gov/sites/g/files/vyhlif5166/f/uploads/2017_annual_town_report_-_final.pdf,atr,nodes,wayback,
Wellfleet,2018,http://www.wellfleet-ma.gov:80/sites/wellfleetma/files/file/file/2018_annual_town_election_certified_candidates_as_of_mar_12_18_1.pdf,result,catalog,wayback,
Wellfleet,2018,http://www.wellfleet-ma.gov:80/sites/wellfleetma/files/file/file/2018_annual_town_election_certified_candidates_as_of_mar_6_18.pdf,result,catalog,wayback,
Wellfleet,2018,http://www.wellfleet-ma.gov:80/sites/wellfleetma/files/file/file/2018_annual_town_election_final_results_0.pdf,result,catalog,wayback,
Wellfleet,2018,https://www.wellfleet-ma.gov/sites/g/files/vyhlif16026/f/pages/2018_annual_report_of_the_ptf_-_final.pdf,atr,nodes,wayback,
Wellfleet,2018,https://www.wellfleet-ma.gov/sites/g/files/vyhlif16026/f/pages/2018_wsd_annual_report_final.pdf,atr,nodes,wayback,
Wellfleet,2018,https://www.wellfleet-ma.gov/sites/g/files/vyhlif16026/f/uploads/2018_annual_town_election_final_results_0.pdf,result,catalog,wayback,
Wellfleet,2018,https://www.wellfleet-ma.gov/sites/g/files/vyhlif5166/f/pages/2018_annual_report_of_the_ptf_-_final.pdf,atr,nodes,wayback,
Wellfleet,2018,https://www.wellfleet-ma.gov/sites/g/files/vyhlif5166/f/pages/2018_wsd_annual_report_final.pdf,atr,nodes,wayback,
Wellfleet,2018,https://www.wellfleet-ma.gov/sites/g/files/vyhlif5166/f/uploads/2018_annual_town_election_final_results_0.pdf,result,catalog,wayback,
Wellfleet,2019,https://www.wellfleet-ma.gov/sites/g/files/vyhlif16026/f/pages/2019_annual_report_of_the_ptf_-_final.pdf,atr,nodes,wayback,
Wellfleet,2019,https://www.wellfleet-ma.gov/sites/g/files/vyhlif16026/f/pages/2019_wsd_annual_report_final.pdf,atr,nodes,wayback,
Wellfleet,2019,https://www.wellfleet-ma.gov/sites/g/files/vyhlif16026/f/uploads/2019_wellfleet_annual_town_report_-_final.pdf,atr,nodes,wayback,
Wellfleet,2019,https://www.wellfleet-ma.gov/sites/g/files/vyhlif5166/f/pages/2019_annual_report_of_the_ptf_-_final.pdf,atr,nodes,wayback,
Wellfleet,2019,https://www.wellfleet-ma.gov/sites/g/files/vyhlif5166/f/pages/2019_wsd_annual_report_final.pdf,atr,nodes,wayback,
Wellfleet,2020,https://www.wellfleet-ma.gov/sites/g/files/vyhlif16026/f/agendas/2020_wsd_annual_report_long_version.pdf,atr,nodes,wayback,
Wellfleet,2020,https://www.wellfleet-ma.gov/sites/g/files/vyhlif16026/f/pages/2020_wsd_annual_report_long_version.pdf,atr,nodes,wayback,
Wellfleet,2020,https://www.wellfleet-ma.gov/sites/g/files/vyhlif16026/f/pages/2020_wsd_annual_report_long_version_1.pdf,atr,nodes,wayback,
Wellfleet,2020,https://www.wellfleet-ma.gov/sites/g/files/vyhlif5166/f/pages/2020_wsd_annual_report_long_version.pdf,atr,nodes,wayback,
Wellfleet,2020,https://www.wellfleet-ma.gov/sites/g/files/vyhlif5166/f/pages/2020_wsd_annual_report_long_version_1.pdf,atr,nodes,wayback,
Wenham,2009,https://cms4files1.revize.com/cumberlandcounty/Departments/executive/Annual%20Report/2009%20Annual%20Report_201403291357214004.pdf,atr,nodes,wayback,
Wenham,2009,https://cms4files1.revize.com/cumberlandcounty/Departments/executive/Annual%20Report/2009%20Annual%20Report_201403291357214004.pdf?t=202306271807160&t=202306271807160,atr,nodes,wayback,
Wenham,2010,https://cms4files1.revize.com/cumberlandcounty/Departments/executive/Annual%20Report/2010%20Annual%20Report_201403291357442432.pdf,atr,nodes,wayback,
Wenham,2010,https://cms4files1.revize.com/cumberlandcounty/Departments/executive/Annual%20Report/2010%20Annual%20Report_201403291357442432.pdf?t=202306271807160&t=202306271807160,atr,nodes,wayback,
Wenham,2010,https://cms4files1.revize.com/cumberlandsheriff/About%20Us/Annual%20Reports/2010%20Annual%20Report.pdf,atr,nodes,wayback,
Wenham,2011,https://cms4files1.revize.com/cumberlandcounty/Departments/executive/Annual%20Report/2011%20Annual%20Report_201403291359121461.pdf,atr,nodes,wayback,
Wenham,2011,https://cms4files1.revize.com/cumberlandsheriff/About%20Us/Annual%20Reports/2011%20Annual%20Report.pdf,atr,nodes,wayback,
Wenham,2012,https://cms4files1.revize.com/cumberlandcounty/Departments/executive/Annual%20Report/2012%20Annual%20Report_201403291359209114.pdf,atr,nodes,wayback,
Wenham,2012,https://cms4files1.revize.com/cumberlandsheriff/About%20Us/Annual%20Reports/2012%20Annual%20Report.pdf,atr,nodes,wayback,
Wenham,2013,http://www.wenhamma.gov/selectmen_meeting_agendas_and_minutes/docs/2013_Annual_Report.pdf,atr,nodes,wayback,
Wenham,2013,http://www.wenhamma.gov/town_reports/docs/2013_7_GovStudyReport_final.pdf,atr,nodes,wayback,
Wenham,2013,https://cms4files1.revize.com/cumberlandcounty/Departments/executive/Annual%20Report/2013_Annual%20Report_201410201356340016.pdf,atr,nodes,wayback,
Wenham,2013,https://cms4files1.revize.com/cumberlandcounty/Departments/executive/Annual%20Report/2013_Annual%20Report_201410201356340016.pdf?t=202306271807160&t=202306271807160,atr,nodes,wayback,
Wenham,2013,https://cms4files1.revize.com/cumberlandsheriff/About%20Us/Annual%20Reports/2013%20Annual%20Report.pdf,atr,nodes,wayback,
Wenham,2014,http://wenhamma.gov/docs/Official_Election_Results_11_4_2014.pdf,result,catalog,wayback,
Wenham,2014,http://www.wenhamma.gov/departments/docs/Official%20Election%20Results%2011.4.2014.pdf,result,catalog,wayback,
Wenham,2014,http://www.wenhamma.gov/docs/PDF_2014_ANNUAL_TOWN_REPORT.pdf,atr,nodes,wayback,
Wenham,2014,http://www.wenhamma.gov/docs/TALLY_ATE_04_10_2014.pdf,result,catalog,wayback,
Wenham,2014,http://www.wenhamma.gov/important_documents/docs/2014%20Annual%20Report%20Combined.pdf,atr,nodes,wayback,
Wenham,2014,https://cms4files1.revize.com/cumberlandcounty/Departments/executive/Annual%20Report/2014_Annual%20Report.pdf,atr,nodes,wayback,
Wenham,2014,https://cms4files1.revize.com/cumberlandcounty/Departments/executive/Annual%20Report/2014_Annual%20Report.pdf?t=202306271807160&t=202306271807160,atr,nodes,wayback,
Wenham,2014,https://cms4files1.revize.com/cumberlandsheriff/About%20Us/Annual%20Reports/2014%20Annual%20Report.pdf,atr,nodes,wayback,
Wenham,2014,https://cms4files1.revize.com/oakland/2014%20Annual%20Report.pdf,atr,nodes,wayback,
Wenham,2015,https://cms4files1.revize.com/buchanancounty/Auditor/Elections/OFFICIAL%20RESULTS-City%202015.pdf,result,catalog,wayback,
Wenham,2015,https://cms4files1.revize.com/buchanancounty/Auditor/Elections/OFFICIAL%20RESULTS-City%202015.pdf?t=201808201226170&t=201808201226170,result,catalog,wayback,
Wenham,2015,https://cms4files1.revize.com/buchanancounty/Auditor/Elections/Official%20Results-School%20Election%202015.pdf,result,catalog,wayback,
Wenham,2015,https://cms4files1.revize.com/buchanancounty/Auditor/Elections/Official%20Results-School%20Election%202015.pdf?t=201902061027100&t=201902061027100,result,catalog,wayback,
Wenham,2015,https://cms4files1.revize.com/buchanannew/Auditor/Elections/OFFICIAL%20RESULTS-City%202015.pdf,result,catalog,wayback,
Wenham,2015,https://cms4files1.revize.com/buchanannew/Auditor/Elections/Official%20Results-School%20Election%202015.pdf,result,catalog,wayback,
Wenham,2015,https://cms4files1.revize.com/cumberlandcounty/Departments/executive/Annual%20Report/2015_Annual%20Report2_201708181119004200.pdf,atr,nodes,wayback,
Wenham,2015,https://cms4files1.revize.com/cumberlandsheriff/About%20Us/Annual%20Reports/2015%20Annual%20Report.pdf,atr,nodes,wayback,
Wenham,2015,https://cms4files1.revize.com/oakland/2015%20HDC%20Annual%20Report.pdf,atr,nodes,wayback,
Wenham,2016,https://cms4files1.revize.com/buchanancounty/Auditor/Elections/Official%20Results%20City%20of%20Indep%20Aug%202016.pdf,result,catalog,wayback,
Wenham,2016,https://cms4files1.revize.com/buchanancounty/Auditor/Elections/Official%20Results%20City%20of%20Indep%20Aug%202016.pdf?t=201902061034140&t=201902061034140,result,catalog,wayback,
Wenham,2016,https://cms4files1.revize.com/buchanannew/Auditor/Elections/Official%20Results%20City%20of%20Indep%20Aug%202016.pdf,result,catalog,wayback,
Wenham,2016,https://cms4files1.revize.com/cumberlandcounty/Departments/executive/Annual%20Report/2016_Annual%20Report.pdf,atr,nodes,wayback,
Wenham,2016,https://cms4files1.revize.com/cumberlandcounty/Departments/executive/Annual%20Report/2016_Annual%20Report.pdf?t=202306271807160&t=202306271807160,atr,nodes,wayback,
Wenham,2016,https://cms4files1.revize.com/cumberlandsheriff/About%20Us/Annual%20Reports/2016%20Annual%20Report.pdf,atr,nodes,wayback,
Wenham,2016,https://cms4files1.revize.com/oakland/2016%20HDC%20Annual%20Report%20Final.pdf,atr,nodes,wayback,
Wenham,2017,https://cms4files1.revize.com/buchanancounty/Auditor/Elections/Official%20Results-City%202017.pdf,result,catalog,wayback,
Wenham,2017,https://cms4files1.revize.com/buchanancounty/Auditor/Elections/Official%20Results-City%202017.pdf?t=201808201226170&t=201808201226170,result,catalog,wayback,
Wenham,2017,https://cms4files1.revize.com/buchanancounty/Auditor/Elections/Precinct%20Official%20Results-School%202017.pdf,result,catalog,wayback,
Wenham,2017,https://cms4files1.revize.com/buchanannew/Auditor/Elections/Official%20Results-City%202017.pdf,result,catalog,wayback,
Wenham,2017,https://cms4files1.revize.com/buchanannew/Auditor/Elections/Precinct%20Official%20Results-School%202017.pdf,result,catalog,wayback,
Wenham,2017,https://cms4files1.revize.com/cumberlandcounty/Departments/executive/Annual%20Report/2017%20annual%20Report%20digital.pdf,atr,nodes,wayback,
Wenham,2017,https://cms4files1.revize.com/cumberlandsheriff/About%20Us/Annual%20Reports/2017%20Annual%20Report.pdf,atr,nodes,wayback,
Wenham,2018,https://cms4files1.revize.com/buchanancounty/Auditor/Elections/General%202018%20Official%20Results.pdf,result,catalog,wayback,
Wenham,2018,https://cms4files1.revize.com/buchanancounty/Auditor/Elections/General%202018%20Official%20Results.pdf?t=201902061017170&t=201902061017170,result,catalog,wayback,
Wenham,2018,https://cms4files1.revize.com/buchanancounty/Auditor/Elections/Primary%202018%20Canvass%20Report.pdf,result,catalog,wayback,
Wenham,2018,https://cms4files1.revize.com/buchanancounty/Auditor/Elections/Primary%202018%20Canvass%20Report.pdf?t=201808201226210&t=201808201226210,result,catalog,wayback,
Wenham,2018,https://cms4files1.revize.com/buchanannew/Auditor/Elections/General%202018%20Official%20Results.pdf,result,catalog,wayback,
Wenham,2018,https://cms4files1.revize.com/buchanannew/Auditor/Elections/Primary%202018%20Canvass%20Report.pdf,result,catalog,wayback,
Wenham,2018,https://cms4files1.revize.com/cumberlandcounty/Departments/executive/Annual%20Report/2018%20Annual%20Report.pdf,atr,nodes,wayback,
Wenham,2018,https://cms4files1.revize.com/cumberlandcounty/Departments/executive/Annual%20Report/2018%20Annual%20Report.pdf?t=202306271807160&t=202306271807160,atr,nodes,wayback,
Wenham,2018,https://cms4files1.revize.com/cumberlandsheriff/About%20Us/Annual%20Reports/2018%20Annual%20Report.pdf,atr,nodes,wayback,
Wenham,2018,https://cms4files1.revize.com/hazelparkmi/dpw/WRC_AnnualReport2018_021419_v2_WEB.pdf,atr,nodes,wayback,
Wenham,2018,https://cms4files1.revize.com/oakland/township_departments/fire_department/docs/2018%20Annual%20Report.pdf,atr,nodes,wayback,
Wenham,2019,https://cms4files1.revize.com/cumberlandcounty/Departments/executive/Annual%20Report/2019%20annual%20Report.pdf,atr,nodes,wayback,
Wenham,2019,https://cms4files1.revize.com/grosseilemi/document_center/2018-2019%20Annual%20Report.pdf,atr,nodes,wayback,
Wenham,2019,https://cms4files1.revize.com/oakland/township_departments/fire_department/docs/2019%20Annual%20Report.pdf,atr,nodes,wayback,
Wenham,2020,https://cms4files1.revize.com/buchanancounty/Auditor/Elections/Primary%20Official%20Results%2006-02-2020.pdf,result,catalog,wayback,
Wenham,2020,https://cms4files1.revize.com/buchanancounty/Auditor/Elections/Primary%20Official%20Results%2006-02-2020.pdf?t=202006101042050&t=202006101042050,result,catalog,wayback,
Wenham,2020,https://cms4files1.revize.com/buchanannew/Auditor/Elections/Primary%20Official%20Results%2006-02-2020.pdf,result,catalog,wayback,
Wenham,2020,https://cms4files1.revize.com/cumberlandcounty/Departments/executive/Annual%20Report/2020%20annual%20Report.pdf,atr,nodes,wayback,
Wenham,2020,https://cms4files1.revize.com/marshfieldwi/Fire%20Department/FD_2020_annualreport.pdf,atr,nodes,wayback,
Wenham,2020,https://cms4files1.revize.com/marshfieldwi/Police/2020%20PD%20Annual%20Report.pdf,atr,nodes,wayback,
West Boylston,2009,http://www.westboylston-ma.gov/sites/westboylstonma/files/uploads/swat-fy2009_annual_report-final.pdf,atr,nodes,wayback,
West Boylston,2010,http://www.westboylston-ma.gov/sites/westboylstonma/files/uploads/swat-fy2010_annualreport-final.pdf,atr,nodes,wayback,
West Boylston,2011,http://www.westboylston-ma.gov/sites/westboylstonma/files/uploads/swat-fy2011_annual_report-final.pdf,atr,nodes,wayback,
West Boylston,2012,http://www.westboylston-ma.gov/sites/westboylstonma/files/uploads/swat-fy2012_annual_report-final.pdf,atr,nodes,wayback,
West Boylston,2013,http://www.westboylston-ma.gov/sites/westboylstonma/files/uploads/swat-fy2013_annual_report-final.pdf,atr,nodes,wayback,
West Boylston,2014,http://www.westboylston-ma.gov/sites/westboylstonma/files/uploads/swat-fy2014_annualreport-final.pdf,atr,nodes,wayback,
West Boylston,2015,http://www.westboylston-ma.gov/sites/westboylstonma/files/uploads/swat-fy2015_annualreport-final.pdf,atr,nodes,wayback,
West Boylston,2016,http://www.westboylston-ma.gov/Pages/WBoylstonMA_Clerk/election%20results/3-1-2016unoffresults.pdf,result,catalog,wayback,
West Boylston,2019,https://www.westboylston-ma.gov/sites/g/files/vyhlif1421/f/pages/west_boylston_ma_-_year_1_ms4_annual_report_2018-2019.pdf,atr,nodes,wayback,
West Boylston,2020,https://www.westboylston-ma.gov/sites/g/files/vyhlif1421/f/pages/west_boylston_ma_-_year_2_ms4_annual_report_-_2019-2020.pdf,atr,nodes,wayback,
West Boylston,2020,https://www.westboylston-ma.gov/sites/g/files/vyhlif1421/f/pages/west_boylston_ma_-_year_3_ms4_annual_report_-_2020-2021.pdf,atr,nodes,wayback,
West Bridgewater,2015,http://www.westbridgewaterma.org/document_center/Water/Annual%20Reports/2015%20CCR.pdf,atr,nodes,wayback,
West Brookfield,2007,https://storage.googleapis.com/juniper-media-library/43/2023/10/2007%20Annual%20Town%20Report.PDF,atr,nodes,docsweep,2007 Annual Town Report
West Brookfield,2008,https://storage.googleapis.com/juniper-media-library/43/2023/10/2008%20Annual%20Town%20Report.PDF,atr,nodes,docsweep,2008 Annual Town Report
West Brookfield,2009,https://storage.googleapis.com/juniper-media-library/43/2023/10/2009%20Annual%20Town%20Report.PDF,atr,nodes,docsweep,2009 Annual Town Report
West Brookfield,2010,https://storage.googleapis.com/juniper-media-library/43/2023/10/2010%20Annual%20Town%20Report.pdf,atr,nodes,docsweep,2010 Annual Town Report
West Brookfield,2011,https://storage.googleapis.com/juniper-media-library/43/2023/10/2011%20Annual%20Town%20Report.pdf,atr,nodes,docsweep,2011 Annual Town Report
West Brookfield,2012,https://storage.googleapis.com/juniper-media-library/43/2023/10/2012%20Annual%20Town%20Report.pdf,atr,nodes,docsweep,2012 Annual Town Report
West Brookfield,2013,https://storage.googleapis.com/juniper-media-library/43/2023/10/2013%20Annual%20Town%20Report.pdf,atr,nodes,docsweep,2013 Annual Town Report
West Brookfield,2014,https://storage.googleapis.com/juniper-media-library/43/2023/10/2014%20Annual%20Town%20Report.pdf,atr,nodes,docsweep,2014 Annual Town Report
West Brookfield,2015,https://storage.googleapis.com/juniper-media-library/43/2023/10/2015%20Annual%20Town%20Report.pdf,atr,nodes,docsweep,2015 Annual Town Report
West Brookfield,2016,https://storage.googleapis.com/juniper-media-library/43/2023/10/2016%20Annual%20Town%20Report.pdf,atr,nodes,docsweep,2016 Annual Town Report
West Brookfield,2017,https://storage.googleapis.com/juniper-media-library/43/2023/10/2017%20Annual%20Town%20Report.pdf,atr,nodes,docsweep,2017 Annual Town Report
West Brookfield,2018,https://storage.googleapis.com/juniper-media-library/43/2024/07/2018 Annual Town Report FINAL 19.05.11.pdf,atr,nodes,docsweep,2018 Annual Town Report
West Newbury,2010,https://www.wnewbury.org/DocumentCenter/View/1648/2010-Election-Results,result,catalog,docsweep,2010 Election Results
West Newbury,2010,https://www.wnewbury.org/sites/g/files/vyhlif1436/f/uploads/2010_election_results.pdf,result,catalog,wayback,
West Newbury,2011,https://www.wnewbury.org/DocumentCenter/View/1649/2011-Election-Results,result,catalog,docsweep,2011 Election Results
West Newbury,2012,http://wnewbury.org/pages/WestNewburyMA_Selectmen/2012%20West%20Newbury%20Town%20Report.pdf,atr,nodes,wayback,
West Newbury,2012,https://www.wnewbury.org/DocumentCenter/View/1650/2012-Election-Results,result,catalog,docsweep,2012 Election Results
West Newbury,2013,http://www.wnewbury.org/pages/WestNewburyMA_Selectmen/2013%20West%20Newbury%20Town%20Report.pdf,atr,nodes,wayback,
West Newbury,2013,https://www.wnewbury.org/DocumentCenter/View/1651/2013-Election-Results,result,catalog,docsweep,2013 Election Results
West Newbury,2013,https://www.wnewbury.org/sites/g/files/vyhlif1436/f/uploads/2013_election_results.pdf,result,catalog,wayback,
West Newbury,2014,http://www.wnewbury.org/pages/WestNewburyMA_Selectmen/2014%20West%20Newbury%20Town%20Report.pdf,atr,nodes,wayback,
West Newbury,2014,https://www.wnewbury.org/DocumentCenter/View/1652/2014-Election-Results,result,catalog,docsweep,2014 Election Results
West Newbury,2014,https://www.wnewbury.org/sites/g/files/vyhlif1436/f/uploads/2014_election_results.pdf,result,catalog,wayback,
West Newbury,2015,http://wnewbury.org:80/pages/WestNewburyMA_News/050C4E06-000F8513.0/May%204%202015%20Town%20Election%20Results%20.pdf,result,catalog,wayback,
West Newbury,2015,https://www.wnewbury.org/DocumentCenter/View/1653/2015-Election-Results,result,catalog,docsweep,2015 Election Results
West Newbury,2015,https://www.wnewbury.org/sites/g/files/vyhlif1436/f/uploads/2015_election_results.pdf,result,catalog,wayback,
West Newbury,2016,https://www.wnewbury.org/DocumentCenter/View/1657/2016-Election-Results,result,catalog,docsweep,2016 Election Results
West Newbury,2016,https://www.wnewbury.org/sites/g/files/vyhlif1436/f/uploads/2016_election_results.pdf,result,catalog,wayback,
West Newbury,2017,https://www.wnewbury.org/DocumentCenter/View/1654/2017-Election-Results,result,catalog,docsweep,2017 Election Results
West Newbury,2017,https://www.wnewbury.org/sites/g/files/vyhlif1436/f/uploads/2017_election_results.pdf,result,catalog,wayback,
West Newbury,2018,https://www.wnewbury.org/DocumentCenter/View/1655/2018-Election-Results,result,catalog,docsweep,2018 Election Results
West Newbury,2018,https://www.wnewbury.org/sites/g/files/vyhlif1436/f/uploads/2018_election_results.pdf,result,catalog,wayback,
West Newbury,2018,https://www.wnewbury.org/sites/g/files/vyhlif1436/f/uploads/fy2018_town_report_final.pdf,atr,nodes,wayback,
West Newbury,2019,https://www.wnewbury.org/DocumentCenter/View/1658/2019-Election-Results,result,catalog,docsweep,2019 Election Results
West Newbury,2019,https://www.wnewbury.org/sites/g/files/vyhlif1436/f/news/may_6_2019_town_election_results_.pdf,result,catalog,wayback,
West Newbury,2020,https://www.wnewbury.org/DocumentCenter/View/1659/2020-Election-Results,result,catalog,docsweep,2020 Election Results
West Newbury,2020,https://www.wnewbury.org/sites/g/files/vyhlif1436/f/uploads/2020_election_results.pdf,result,catalog,wayback,
West Stockbridge,2018,https://www.weststockbridge-ma.gov/sites/weststockbridgema/files/uploads/annual_town_report_fy2018.pdf,atr,nodes,wayback,
West Tisbury,2005,http://www.westtisbury-ma.gov/Documents/Selectmen-docs/Annual%20Report-2005.pdf,atr,nodes,wayback,
West Tisbury,2005,https://westtisbury-ma.gov/government/select_board/Documents/Government/Select Board/Forms And Documents/Annual Town Reports/2005 West Tisbury Annual Town Report (PDF).pdf?t=202603170731530,atr,nodes,crawl,
West Tisbury,2005,https://www.westtisbury-ma.gov/sites/g/files/vyhlif4036/f/uploads/annual_report-2005_0.pdf,atr,nodes,wayback,
West Tisbury,2006,http://www.westtisbury-ma.gov/Documents/Annual-Report-2006.pdf,atr,nodes,wayback,
West Tisbury,2006,http://www.westtisbury-ma.gov/Documents/Selectmen-docs/Annual-Report-2006.pdf,atr,nodes,wayback,
West Tisbury,2006,https://westtisbury-ma.gov/government/select_board/Documents/Government/Select Board/Forms And Documents/Annual Town Reports/2006 West Tisbury Annual Town Report (PDF).pdf?t=202603170735400,atr,nodes,crawl,
West Tisbury,2006,https://www.westtisbury-ma.gov/sites/g/files/vyhlif4036/f/uploads/annual-report-2006.pdf,atr,nodes,wayback,
West Tisbury,2007,http://www.westtisbury-ma.gov/Documents/Selectmen-docs/2007-Town-Election-Ballot-Results.pdf,result,catalog,wayback,
West Tisbury,2007,http://www.westtisbury-ma.gov/Documents/Selectmen-docs/West-Tisbury-Annual-Report-2007.pdf,atr,nodes,wayback,
West Tisbury,2007,http://www.westtisbury-ma.gov/Documents/West-Tisbury-Annual-Report-2007.pdf,atr,nodes,wayback,
West Tisbury,2007,https://westtisbury-ma.gov/government/select_board/Documents/Government/Select Board/Forms And Documents/Annual Town Reports/2007 West Tisbury Annual Town Report (PDF).pdf?t=202603170735400,atr,nodes,crawl,
West Tisbury,2007,https://www.westtisbury-ma.gov/sites/g/files/vyhlif4036/f/uploads/west-tisbury-annual-report-2007_0.pdf,atr,nodes,wayback,
West Tisbury,2008,http://www.westtisbury-ma.gov/Documents/Selectmen-docs/Annual-report-2008-WestTisburyTRFINAL.pdf,atr,nodes,wayback,
West Tisbury,2008,https://westtisbury-ma.gov/government/select_board/Documents/Government/Select Board/Forms And Documents/Annual Town Reports/2008 West Tisbury Annual Town Report (PDF).pdf?t=202603170735380,atr,nodes,crawl,
West Tisbury,2008,https://www.westtisbury-ma.gov/sites/g/files/vyhlif4036/f/uploads/annual-report-2008-westtisburytrfinal.pdf,atr,nodes,wayback,
West Tisbury,2009,http://www.westtisbury-ma.gov/Documents/Selectmen-docs/Annual-Report-2009.pdf,atr,nodes,wayback,
West Tisbury,2010,http://www.westtisbury-ma.gov/Documents/Selectmen-docs/Annual-Report-2010.pdf,atr,nodes,wayback,
West Tisbury,2011,https://westtisbury-ma.gov/government/select_board/Documents/Government/Select Board/Forms And Documents/Annual Town Reports/2011 West Tisbury Annual Town Report (PDF).pdf?t=202603170735030,atr,nodes,crawl,
West Tisbury,2012,https://westtisbury-ma.gov/government/select_board/Documents/Government/Select Board/Forms And Documents/Annual Town Reports/2012 West Tisbury Annual Town Report (PDF) (1).pdf?t=202603170735020,atr,nodes,crawl,
West Tisbury,2012,https://westtisbury-ma.gov/government/select_board/Documents/Government/Select Board/Forms And Documents/Annual Town Reports/2012 West Tisbury Annual Town Report (PDF).pdf?t=202603170734230,atr,nodes,crawl,
West Tisbury,2014,https://westtisbury-ma.gov/government/select_board/Documents/Government/Select Board/Forms And Documents/Annual Town Reports/2014 West Tisbury Annual Town Report (PDF).pdf?t=202603170732220,atr,nodes,crawl,
West Tisbury,2015,http://westtisbury-ma.gov/Documents/Selectmen-docs/2015-WT-Annual-Report.pdf,atr,nodes,wayback,
West Tisbury,2015,https://westtisbury-ma.gov/government/select_board/Documents/Government/Select Board/Forms And Documents/Annual Town Reports/2015 West Tisbury Annual Town Report (PDF).pdf?t=202603170732160,atr,nodes,crawl,
West Tisbury,2015,https://www.westtisbury-ma.gov/sites/g/files/vyhlif4036/f/uploads/2015-wt-annual-report.pdf,atr,nodes,wayback,
West Tisbury,2016,http://www.westtisbury-ma.gov/Documents/Town-Clerk-docs/ATE2016BallotTally.pdf,result,catalog,wayback,
West Tisbury,2016,https://westtisbury-ma.gov/government/select_board/Documents/Government/Select Board/Forms And Documents/Annual Town Reports/2016 West Tisbury Annual Town Report (PDF).pdf?t=202603170732180,atr,nodes,crawl,
West Tisbury,2016,https://www.westtisbury-ma.gov/sites/g/files/vyhlif4036/f/uploads/2016-town-report.pdf,atr,nodes,wayback,
West Tisbury,2017,https://westtisbury-ma.gov/government/select_board/Documents/Government/Select Board/Forms And Documents/Annual Town Reports/2017 West Tisbury Annual Town Report (PDF).pdf?t=202603170732150,atr,nodes,crawl,
West Tisbury,2017,https://www.westtisbury-ma.gov/sites/g/files/vyhlif4036/f/uploads/2017_annual_report.pdf,atr,nodes,wayback,
West Tisbury,2018,https://westtisbury-ma.gov/government/select_board/Documents/Government/Select Board/Forms And Documents/Annual Town Reports/2018 West Tisbury Annual Town Report (PDF).pdf?t=202603170732140,atr,nodes,crawl,
West Tisbury,2018,https://www.westtisbury-ma.gov/sites/g/files/vyhlif4036/f/uploads/2018_west_tisbury_annual_report.pdf,atr,nodes,wayback,
West Tisbury,2019,https://westtisbury-ma.gov/government/select_board/Documents/Government/Select Board/Forms And Documents/Annual Town Reports/2019 West Tisbury Annual Town Report (PDF).pdf?t=202603170732120,atr,nodes,crawl,
West Tisbury,2019,https://www.westtisbury-ma.gov/sites/g/files/vyhlif4036/f/uploads/2019_annual_report.pdf,atr,nodes,wayback,
West Tisbury,2020,https://westtisbury-ma.gov/government/select_board/Documents/Government/Select Board/Forms And Documents/Annual Town Reports/2020 West Tisbury Annual Town Report (PDF).pdf?t=202603170732110,atr,nodes,crawl,
Westborough,2000,https://www.town.westborough.ma.us/sites/westboroughma/files/uploads/2000_youth_annual_report.pdf,atr,nodes,wayback,
Westborough,2001,https://www.town.westborough.ma.us/sites/westboroughma/files/uploads/2001_youth_annual_report.pdf,atr,nodes,wayback,
Westborough,2002,https://www.town.westborough.ma.us/sites/westboroughma/files/uploads/2002_youth_annual_report.pdf,atr,nodes,wayback,
Westborough,2003,https://www.town.westborough.ma.us/sites/westboroughma/files/uploads/2003_youth_annual_report.pdf,atr,nodes,wayback,
Westborough,2004,https://www.town.westborough.ma.us/sites/westboroughma/files/uploads/2004_youth_annual_report.pdf,atr,nodes,wayback,
Westborough,2005,https://www.town.westborough.ma.us/sites/westboroughma/files/uploads/2005_youth_annual_report.pdf,atr,nodes,wayback,
Westborough,2006,https://www.town.westborough.ma.us/sites/westboroughma/files/uploads/2006_youth_annual_report.pdf,atr,nodes,wayback,
Westborough,2007,https://www.town.westborough.ma.us/sites/westboroughma/files/uploads/2007_youth_annual_report.pdf,atr,nodes,wayback,
Westborough,2008,https://www.town.westborough.ma.us/sites/westboroughma/files/uploads/2008_youth_annual_report.pdf,atr,nodes,wayback,
Westborough,2009,https://www.town.westborough.ma.us/sites/westboroughma/files/uploads/2009_youth_annual_report.pdf,atr,nodes,wayback,
Westborough,2010,https://www.town.westborough.ma.us/sites/westboroughma/files/uploads/2010_youth_annual_report.pdf,atr,nodes,wayback,
Westborough,2011,http://town.westborough.ma.us/Public_Documents/WestboroughMA_TownReports/2011%20Annual%20Report.pdf,atr,nodes,wayback,
Westborough,2011,http://www.town.westborough.ma.us/public_documents/FV1-00010A3E/FV1-00045670/2011%20Annual%20Town%20Report.pdf,atr,nodes,wayback,
Westborough,2011,http://www.town.westborough.ma.us:80/public_documents/fv1-00010a3e/2011%20Annual%20Report.pdf,atr,nodes,wayback,
Westborough,2011,https://www.town.westborough.ma.us/sites/westboroughma/files/uploads/2011_annual_report.pdf,atr,nodes,wayback,
Westborough,2011,https://www.town.westborough.ma.us/sites/westboroughma/files/uploads/2011_youth_annual_report.pdf,atr,nodes,wayback,
Westborough,2012,http://town.westborough.ma.us/Public_Documents/WestboroughMA_TownReports/2012%20Annual%20Report.pdf,atr,nodes,wayback,
Westborough,2012,https://www.town.westborough.ma.us/sites/westboroughma/files/uploads/2012_annual_report.pdf,atr,nodes,wayback,
Westborough,2012,https://www.town.westborough.ma.us/sites/westboroughma/files/uploads/2012_youth_annual_report.pdf,atr,nodes,wayback,
Westborough,2013,http://town.westborough.ma.us/Public_Documents/WestboroughMA_TownReports/2013%20Annual%20Town%20Report.pdf,atr,nodes,wayback,
Westborough,2013,https://ma-westborough.civicplus.com/DocumentCenter/View/383/Election-Results-2013-to-2017-PDF,result,catalog,wayback,
Westborough,2013,https://www.town.westborough.ma.us/DocumentCenter/View/383/Election-Results-2013-to-2017-PDF,result,catalog,wayback,
Westborough,2013,https://www.town.westborough.ma.us/sites/westboroughma/files/uploads/2013_annual_town_report.pdf,atr,nodes,wayback,
Westborough,2013,https://www.town.westborough.ma.us/sites/westboroughma/files/uploads/2013_youth_annual_report.pdf,atr,nodes,wayback,
Westborough,2014,http://town.westborough.ma.us/Public_Documents/WestboroughMA_TownReports/2014%20ATR.pdf,atr,nodes,wayback,
Westborough,2014,https://www.town.westborough.ma.us/sites/westboroughma/files/uploads/2014_youth_annual_report.pdf,atr,nodes,wayback,
Westborough,2015,https://www.town.westborough.ma.us/sites/westboroughma/files/uploads/2015_youth_annual_report.pdf,atr,nodes,wayback,
Westborough,2016,https://www.town.westborough.ma.us/sites/westboroughma/files/uploads/2016_youth_annual_report.pdf,atr,nodes,wayback,
Westborough,2017,https://www.town.westborough.ma.us/sites/westboroughma/files/uploads/2017_annual_town_report.pdf,atr,nodes,wayback,
Westborough,2018,https://ma-westborough.civicplus.com/ImageRepository/Document?documentID=109,result,catalog,documentcenter,Departments / Town Clerk / Election Information / Election Results Election Results 2018 to 2020
Westborough,2018,https://town.westborough.ma.us/DocumentCenter/View/513/2018-Annual-Town-Election-Results-PDF,result,catalog,docsweep,2018 Annual Town Election Results (PDF)
Westborough,2018,https://town.westborough.ma.us/ImageRepository/Document?documentID=109,result,catalog,documentcenter,Departments / Town Clerk / Election Information / Election Results Election Results 2018 to 2020
Westborough,2019,https://ma-westborough.civicplus.com/DocumentCenter/View/512/2019-Annual-Town-Election-Results-PDF,result,catalog,wayback,
Westborough,2019,https://www.town.westborough.ma.us/DocumentCenter/View/512/2019-Annual-Town-Election-Results-PDF,result,catalog,wayback,
Westborough,2019,https://www.town.westborough.ma.us/sites/g/files/vyhlif5176/f/uploads/2019_annual_town_report.pdf,atr,nodes,wayback,
Westborough,2019,https://www.town.westborough.ma.us/sites/westboroughma/files/news/2019_town_election_results.pdf,result,catalog,wayback,
Westborough,2019,https://www.town.westborough.ma.us/sites/westboroughma/files/pages/boroughs_2019_annual_report.pdf,atr,nodes,wayback,
Westborough,2019,https://www.town.westborough.ma.us/sites/westboroughma/files/uploads/2019_town_election_results.pdf,result,catalog,wayback,
Westfield,2003,http://www.cityofwestfield.org:80/pdfs/12+FY2003%20ANNUAL%20REPORT.pdf,atr,nodes,wayback,
Westfield,2015,https://www.cityofwestfield.org/DocumentCenter/View/2947,result,catalog,dc_idsweep,2015 11 03 City Election with Recount?bidId=
Westfield,2017,https://www.cityofwestfield.org/DocumentCenter/View/5588,result,catalog,dc_idsweep,2017 11 07 City Election Results?bidId=
Westfield,2019,https://www.cityofwestfield.org/DocumentCenter/View/8633,result,catalog,dc_idsweep,2019 11 5 City Election Results?bidId=
Westford,2002,https://westfordma.gov/ImageRepository/Document?documentID=142,result,catalog,documentcenter,Town Clerk / Voter Information / Elections / Election Results 2002 Election Results
Westford,2002,https://www.westfordma.gov/DocumentCenter/View/1246,result,catalog,dc_idsweep,November 2002 Election Results PDF?bidId=
Westford,2003,https://westfordma.gov/ImageRepository/Document?documentID=141,result,catalog,documentcenter,Town Clerk / Voter Information / Elections / Election Results 2003 Election Results
Westford,2003,https://www.westfordma.gov/DocumentCenter/View/1249,result,catalog,dc_idsweep,Election Results May 2003 PDF?bidId=
Westford,2004,https://westfordma.gov/ImageRepository/Document?documentID=140,result,catalog,documentcenter,Town Clerk / Voter Information / Elections / Election Results 2004 Election Results
Westford,2004,https://www.westfordma.gov/DocumentCenter/View/1240,result,catalog,dc_idsweep,Election Results May 2004 PDF?bidId=
Westford,2004,https://www.westfordma.gov/DocumentCenter/View/1241,result,catalog,dc_idsweep,Election Results November 2004 PDF?bidId=
Westford,2004,https://www.westfordma.gov/DocumentCenter/View/1242,result,catalog,dc_idsweep,Election Results September 2004 PDF?bidId=
Westford,2005,https://westfordma.gov/ImageRepository/Document?documentID=137,result,catalog,documentcenter,Town Clerk / Voter Information / Elections / Election Results 2005 Election Results
Westford,2005,https://www.westfordma.gov/DocumentCenter/View/1244,result,catalog,dc_idsweep,May 2005 Election Results PDF?bidId=
Westford,2006,https://westfordma.gov/ImageRepository/Document?documentID=136,result,catalog,documentcenter,Town Clerk / Voter Information / Elections / Election Results 2006 Election Results
Westford,2007,http://www.westfordma.gov/pages/government/towndepartments/WestfordMA_clerk/documents/TownReport/2007/2007/11_AffordableHousingCommittee_2007.pdf,atr,nodes,wayback,
Westford,2007,http://www.westfordma.gov/pages/government/towndepartments/WestfordMA_clerk/documents/TownReport/2007/2007/13_Assessors_2007.pdf,atr,nodes,wayback,
Westford,2007,http://www.westfordma.gov/pages/government/towndepartments/WestfordMA_clerk/documents/TownReport/2007/2007/14_BFRT_2007.pdf,atr,nodes,wayback,
Westford,2007,http://www.westfordma.gov/pages/government/towndepartments/WestfordMA_clerk/documents/TownReport/2007/2007/15_BuildingDept_2007.pdf,atr,nodes,wayback,
Westford,2007,http://www.westfordma.gov/pages/government/towndepartments/WestfordMA_clerk/documents/TownReport/2007/2007/17_CemeteryCommission_2007.pdf,atr,nodes,wayback,
Westford,2007,http://www.westfordma.gov/pages/government/towndepartments/WestfordMA_clerk/documents/TownReport/2007/2007/19_CPC_2007.pdf,atr,nodes,wayback,
Westford,2007,http://www.westfordma.gov/pages/government/towndepartments/WestfordMA_clerk/documents/TownReport/2007/2007/20_CMPC_2007.pdf,atr,nodes,wayback,
Westford,2007,http://www.westfordma.gov/pages/government/towndepartments/WestfordMA_clerk/documents/TownReport/2007/2007/46_PoliceDept2007.pdf,atr,nodes,wayback,
Westford,2007,http://www.westfordma.gov:80/pages/government/towndepartments/WestfordMA_clerk/documents/TownReport/2007/2007/01_FrontCoverAndIFC.pdf,atr,nodes,wayback,
Westford,2007,http://www.westfordma.gov:80/pages/government/towndepartments/WestfordMA_clerk/documents/TownReport/2007/2007/02_Spine_2007.pdf,atr,nodes,wayback,
Westford,2007,http://www.westfordma.gov:80/pages/government/towndepartments/WestfordMA_clerk/documents/TownReport/2007/2007/03_FrontMatter.pdf,atr,nodes,wayback,
Westford,2007,http://www.westfordma.gov:80/pages/government/towndepartments/WestfordMA_clerk/documents/TownReport/2007/2007/04_TableOfContents_2007.pdf,atr,nodes,wayback,
Westford,2007,http://www.westfordma.gov:80/pages/government/towndepartments/WestfordMA_clerk/documents/TownReport/2007/2007/05_PublicOfficals_2007.pdf,atr,nodes,wayback,
Westford,2007,http://www.westfordma.gov:80/pages/government/towndepartments/WestfordMA_clerk/documents/TownReport/2007/2007/06_GeneralMeetingTimes_2007.pdf,atr,nodes,wayback,
Westford,2007,http://www.westfordma.gov:80/pages/government/towndepartments/WestfordMA_clerk/documents/TownReport/2007/2007/09_BOS_2007.pdf,atr,nodes,wayback,
Westford,2007,http://www.westfordma.gov:80/pages/government/towndepartments/WestfordMA_clerk/documents/TownReport/2007/2007/10_TownManager_2007.pdf,atr,nodes,wayback,
Westford,2007,http://www.westfordma.gov:80/pages/government/towndepartments/WestfordMA_clerk/documents/TownReport/2007/2007/12_AnimalControl_2007.pdf,atr,nodes,wayback,
Westford,2007,http://www.westfordma.gov:80/pages/government/towndepartments/WestfordMA_clerk/documents/TownReport/2007/2007/16_BylawReviewCommittee_2007.pdf,atr,nodes,wayback,
Westford,2007,http://www.westfordma.gov:80/pages/government/towndepartments/WestfordMA_clerk/documents/TownReport/2007/2007/18_CAC_2007.pdf,atr,nodes,wayback,
Westford,2007,http://www.westfordma.gov:80/pages/government/towndepartments/WestfordMA_clerk/documents/TownReport/2007TownReport.pdf,atr,nodes,wayback,
Westford,2007,https://westfordma.gov/ImageRepository/Document?documentID=135,result,catalog,documentcenter,Town Clerk / Voter Information / Elections / Election Results 2007 Election Results
Westford,2007,https://www.westfordma.gov/DocumentCenter/View/1238,result,catalog,dc_idsweep,May 1 2007 Election Official Results PDF?bidId=
Westford,2008,http://www.westfordma.gov/pages/government/towndepartments/WestfordMA_clerk/documents/TownReport/2008townreport.pdf,atr,nodes,wayback,
Westford,2008,https://westfordma.gov/ImageRepository/Document?documentID=134,result,catalog,documentcenter,Town Clerk / Voter Information / Elections / Election Results 2008 Election Results
Westford,2008,https://www.westfordma.gov/DocumentCenter/View/1228,result,catalog,dc_idsweep,May 2008 Official Election Results PDF?bidId=
Westford,2009,https://westfordma.gov/ImageRepository/Document?documentID=133,result,catalog,documentcenter,Town Clerk / Voter Information / Elections / Election Results 2009 Election Results
Westford,2010,http://www.westfordma.gov/pages/government/towndepartments/WestfordMA_clerk/documents/TownReport/2010townreport.pdf,atr,nodes,wayback,
Westford,2010,https://westfordma.gov/ImageRepository/Document?documentID=132,result,catalog,documentcenter,Town Clerk / Voter Information / Elections / Election Results 2010 Election Results
Westford,2010,https://www.westfordma.gov/DocumentCenter/View/1223,result,catalog,dc_idsweep,May 2010 Annual Town Election   Unofficial Results PDF?bidId=
Westford,2011,http://www.westfordma.gov:80/pages/government/towndepartments/WestfordMA_clerk/documents/TownReport/FY2011_Town_Report.pdf,atr,nodes,wayback,
Westford,2011,https://westfordma.gov/ImageRepository/Document?documentID=131,result,catalog,documentcenter,Town Clerk / Voter Information / Elections / Election Results 2011 Election Results
Westford,2011,https://www.westfordma.gov/DocumentCenter/View/1201,result,catalog,dc_idsweep,May 2011 Annual Town Election Results   Unofficial PDF?bidId=
Westford,2012,http://westfordma.gov:80/pages/government/towndepartments/WestfordMA_clerk/documents/TownReport/FY2012_Town_Report.pdf,atr,nodes,wayback,
Westford,2012,https://westfordma.gov/ImageRepository/Document?documentID=130,result,catalog,documentcenter,Town Clerk / Voter Information / Elections / Election Results 2012 Election Results
Westford,2012,https://www.westfordma.gov/DocumentCenter/View/1203,result,catalog,dc_idsweep,May 2012 Annual Town Election Official Results PDF?bidId=
Westford,2012,https://www.westfordma.gov/DocumentCenter/View/1204,result,catalog,dc_idsweep,May 2012 Annual Town Elections Unofficial Results PDF?bidId=
Westford,2013,http://www.westfordma.gov:80/pages/government/towndepartments/WestfordMA_clerk/documents/TownReport/FY2013_Town_Report.pdf,atr,nodes,wayback,
Westford,2013,https://westfordma.gov/ImageRepository/Document?documentID=127,result,catalog,documentcenter,Town Clerk / Voter Information / Elections / Election Results 2013 Election Results
Westford,2013,https://www.westfordma.gov/DocumentCenter/View/1209,result,catalog,dc_idsweep,April 2013 Double Election Results   Unofficial PDF?bidId=
Westford,2014,http://www.westfordma.gov:80/pages/government/towndepartments/WestfordMA_clerk/documents/TownReport/FY2014_Town_Report.pdf,atr,nodes,wayback,
Westford,2014,https://westfordma.gov/ImageRepository/Document?documentID=126,result,catalog,documentcenter,Town Clerk / Voter Information / Elections / Election Results 2014 Election Results
Westford,2014,https://www.westfordma.gov/DocumentCenter/View/1214,result,catalog,dc_idsweep,November 2014 Adjusted Unofficial Election Results PDF?bidId=
Westford,2014,https://www.westfordma.gov/DocumentCenter/View/1215,result,catalog,dc_idsweep,November 2014 Official Election Results PDF?bidId=
Westford,2014,https://www.westfordma.gov/DocumentCenter/View/1216,result,catalog,dc_idsweep,November 2014 Unofficial Election Results PDF?bidId=
Westford,2015,http://westfordma.gov/pages/government/towndepartments/WestfordMA_clerk/documents/TownReport/FY2015_Town_Report.pdf,atr,nodes,wayback,
Westford,2015,https://westfordma.gov/ImageRepository/Document?documentID=125,result,catalog,documentcenter,Town Clerk / Voter Information / Elections / Election Results 2015 Election Results
Westford,2015,https://www.westfordma.gov/DocumentCenter/View/1218,result,catalog,dc_idsweep,May 2015 Election Results   Official PDF?bidId=
Westford,2016,http://westfordma.gov:80/pages/government/towndepartments/WestfordMA_clerk/documents/Elections/WestfordMA_ElectionRes/March%201%202016%20-%20PresPrim%20Official%20Results.pdf,result,catalog,wayback,
Westford,2016,https://westfordma.gov/ImageRepository/Document?documentID=124,result,catalog,documentcenter,Town Clerk / Voter Information / Elections / Election Results 2016 Election Results
Westford,2016,https://www.westfordma.gov/DocumentCenter/View/1185,result,catalog,dc_idsweep,2016 Town Election Results   Unofficial PDF?bidId=
Westford,2017,https://westfordma.gov/ImageRepository/Document?documentID=792,result,catalog,documentcenter,Town Clerk / Voter Information / Elections / Election Results 2017 Election Results
Westford,2018,https://westfordma.gov/ImageRepository/Document?documentID=791,result,catalog,documentcenter,Town Clerk / Voter Information / Elections / Election Results 2018 Election Results
Westford,2018,https://www.westfordma.gov/DocumentCenter/View/7303,result,catalog,dc_idsweep,Official Results   November 6 2018 Election?bidId=
Westford,2019,https://www.westfordma.gov/DocumentCenter/View/7986,result,catalog,dc_idsweep,May 7th 2019 Town Election   Unofficial Results?bidId=
Westford,2019,https://www.westfordma.gov/DocumentCenter/View/7991,result,catalog,dc_idsweep,May 7th 2019 Town Election   Official Results?bidId=
Westford,2020,https://www.westfordma.gov/DocumentCenter/View/9197,result,catalog,dc_idsweep,June 30 2020 Annual Town Election Official Results?bidId=
Westhampton,2000,https://www.westhampton-ma.com/sites/g/files/vyhlif5191/f/pages/2000-2007_town_election_results_westhampton.pdf,result,catalog,wayback,
Westhampton,2008,https://www.westhampton-ma.com/sites/g/files/vyhlif5191/f/pages/2008-2016_town_election_results_westhampton.pdf,result,catalog,wayback,
Westhampton,2013,https://westhamptonma.gov/wp-content/uploads/2013-Annual-Town-Report.pdf,atr,nodes,wayback,
Westhampton,2014,https://westhamptonma.gov/wp-content/uploads/2014-Annual-Town-Report.pdf,atr,nodes,wayback,
Westhampton,2015,https://westhamptonma.gov/wp-content/uploads/2015-Annual-Town-Report.pdf,atr,nodes,wayback,
Westhampton,2015,https://www.westhampton-ma.com/sites/g/files/vyhlif5191/f/pages/townreport_2015_apr15_final.pdf,atr,nodes,wayback,
Westhampton,2016,https://westhamptonma.gov/wp-content/uploads/2016-Annual-Town-Report-CORRECTED.pdf,atr,nodes,wayback,
Westhampton,2016,https://www.westhampton-ma.com/sites/g/files/vyhlif5191/f/uploads/2016_annual_town_report.pdf,atr,nodes,wayback,
Westhampton,2016,https://www.westhampton-ma.com/sites/g/files/vyhlif5191/f/uploads/fire_2016_annual_town_report_0.pdf,atr,nodes,wayback,
Westhampton,2017,https://westhamptonma.gov/wp-content/uploads/2017-Annual-Report-FINAL.pdf,atr,nodes,wayback,
Westhampton,2017,https://www.westhampton-ma.com/sites/g/files/vyhlif5191/f/uploads/annual_report_2017_final_3.pdf,atr,nodes,wayback,
Westhampton,2017,https://www.westhampton-ma.com/sites/g/files/vyhlif5191/f/uploads/elections_results_june_3_2017_0.pdf,result,catalog,wayback,
Westhampton,2017,https://www.westhampton-ma.com/sites/g/files/vyhlif5191/f/uploads/fire_2017_annual_town_report.pdf,atr,nodes,wayback,
Westhampton,2018,https://westhamptonma.gov/wp-content/uploads/2018-Annual-Town-Report.pdf,atr,nodes,wayback,
Westhampton,2018,https://www.westhampton-ma.com/sites/g/files/vyhlif5191/f/uploads/elections_results_june_2_2018.pdf,result,catalog,wayback,
Westhampton,2018,https://www.westhampton-ma.com/sites/g/files/vyhlif5191/f/uploads/fire_dept_2018_annual_town_report.pdf,atr,nodes,wayback,
Westhampton,2019,https://westhamptonma.gov/wp-content/uploads/2019-Annual-Town-Report.pdf,atr,nodes,wayback,
Westhampton,2019,https://www.westhampton-ma.com/sites/g/files/vyhlif5191/f/uploads/2019-06-01_election_results.pdf,result,catalog,wayback,
Westhampton,2020,https://westhamptonma.gov/wp-content/uploads/2020-Westhampton-Annual-Report-for-WWW.pdf,atr,nodes,wayback,
Westhampton,2020,https://www.westhampton-ma.com/sites/g/files/vyhlif5191/f/uploads/elections_results_july_25_2020_1.pdf,result,catalog,wayback,
Westhampton,2020,https://www.westhampton-ma.com/sites/g/files/vyhlif5191/f/uploads/fd_annual_report_2020.pdf,atr,nodes,wayback,
Westminster,2007,http://www.westminster-ma.gov/sites/westminsterma/files/uploads/2007_fd_annual_report.pdf,atr,nodes,wayback,
Westminster,2007,https://www.westminster-ma.gov/sites/g/files/vyhlif1431/f/uploads/2007_fd_annual_report.pdf,atr,nodes,wayback,
Westminster,2008,http://www.westminster-ma.gov/sites/westminsterma/files/uploads/2008_fd_annual_report.pdf,atr,nodes,wayback,
Westminster,2008,https://www.westminster-ma.gov/sites/g/files/vyhlif1431/f/uploads/2008_fd_annual_report.pdf,atr,nodes,wayback,
Westminster,2009,http://www.westminster-ma.gov/documents/WestminsterTownReport2009.pdf,atr,nodes,wayback,
Westminster,2009,http://www.westminster-ma.gov/sites/westminsterma/files/uploads/2009_fd_annual_report.pdf,atr,nodes,wayback,
Westminster,2009,https://www.westminster-ma.gov/sites/g/files/vyhlif1431/f/uploads/2009_fd_annual_report.pdf,atr,nodes,wayback,
Westminster,2010,http://www.westminster-ma.gov/documents/Annual2010TownReport.pdf,atr,nodes,wayback,
Westminster,2010,http://www.westminster-ma.gov/sites/westminsterma/files/uploads/2010_fd_annual_report.pdf,atr,nodes,wayback,
Westminster,2010,https://www.westminster-ma.gov/sites/g/files/vyhlif1431/f/uploads/2010_fd_annual_report.pdf,atr,nodes,wayback,
Westminster,2012,http://www.westminster-ma.gov/sites/westminsterma/files/uploads/2012_annual_town_election_results_0.pdf,result,catalog,wayback,
Westminster,2012,http://www.westminster-ma.gov/sites/westminsterma/files/uploads/2012_annual_town_report_final_with_cover.pdf,atr,nodes,wayback,
Westminster,2012,http://www.westminster-ma.gov:80/sites/westminsterma/files/uploads/2012_annual_town_election_results.pdf,result,catalog,wayback,
Westminster,2012,https://www.westminster-ma.gov/sites/g/files/vyhlif1431/f/uploads/2012_annual_town_election_results_0.pdf,result,catalog,wayback,
Westminster,2012,https://www.westminster-ma.gov/sites/g/files/vyhlif1431/f/uploads/2012_annual_town_report_final_with_cover.pdf,atr,nodes,wayback,
Westminster,2013,http://www.westminster-ma.gov/sites/westminsterma/files/uploads/2013_annual_town_report.pdf,atr,nodes,wayback,
Westminster,2013,https://www.westminster-ma.gov/sites/g/files/vyhlif1431/f/uploads/2013_annual_town_report.pdf,atr,nodes,wayback,
Westminster,2014,https://www.westminster-ma.gov/sites/g/files/vyhlif1431/f/uploads/2014_town_report.pdf,atr,nodes,wayback,
Westminster,2015,http://www.westminster-ma.gov/sites/westminsterma/files/uploads/2015_town_report_website.pdf,atr,nodes,wayback,
Westminster,2015,https://www.westminster-ma.gov/sites/g/files/vyhlif1431/f/uploads/2015_fd_annual_report.pdf,atr,nodes,wayback,
Westminster,2015,https://www.westminster-ma.gov/sites/g/files/vyhlif1431/f/uploads/2015_town_report_website.pdf,atr,nodes,wayback,
Westminster,2016,http://www.westminster-ma.gov/sites/westminsterma/files/uploads/2016_annual_town_election_results.pdf,result,catalog,wayback,
Westminster,2016,https://www.westminster-ma.gov/sites/g/files/vyhlif1431/f/uploads/2016_annual_town_election_results.pdf,result,catalog,wayback,
Westminster,2016,https://www.westminster-ma.gov/sites/g/files/vyhlif1431/f/uploads/2016_fd_annual_report_submitted_updated.pdf,atr,nodes,wayback,
Westminster,2018,https://www.westminster-ma.gov/sites/g/files/vyhlif1431/f/uploads/04-24-2018_annual_town_election_results.pdf,result,catalog,wayback,
Westminster,2018,https://www.westminster-ma.gov/sites/g/files/vyhlif1431/f/uploads/2018_town_report_for_website.pdf,atr,nodes,wayback,
Westminster,2019,https://www.westminster-ma.gov/sites/g/files/vyhlif1431/f/uploads/2019_town_report_website_version.pdf,atr,nodes,wayback,
Westminster,2020,https://www.westminster-ma.gov/sites/g/files/vyhlif1431/f/uploads/06-16-2020_annual_town_election_results.pdf,result,catalog,wayback,
Westminster,2020,https://www.westminster-ma.gov/sites/g/files/vyhlif1431/f/uploads/2020_town_report_website.pdf,atr,nodes,wayback,
Weston,2012,https://www.weston.org/DocumentCenter/View/722/2012-Annual-Town-Election-Results-PDF,result,catalog,wayback,
Weston,2012,https://www.westonma.gov/DocumentCenter/View/722,result,catalog,docsweep,2012 Annual Town Election Results (PDF)
Weston,2019,https://www.weston.org/DocumentCenter/View/3787/2019-Annual-Town-Election-Results--PDF,result,catalog,docsweep,Summary of Votes (PDF)
Weston,2019,https://www.westonma.gov/DocumentCenter/View/3787,result,catalog,dc_idsweep,2019 Annual Town Election Results  PDF?bidId=
Weston,2020,https://weston.org/DocumentCenter/View/30455,result,catalog,dc_idsweep,2020 11 13 Composite Tally of Comments by the 518 South Avenue Neighborhood Group   Hill Law PDF?bidId=
Weston,2020,https://weston.org/DocumentCenter/View/30456,result,catalog,dc_idsweep,2020 11 13 Letter re Notice of Intent for 518 and 540 South Avenue Weston Composite Tally of Open Issues   Hil
Weston,2020,https://www.weston.org/DocumentCenter/View/24505/Sept-10-2020-Town-Election-Results-PDF,result,catalog,wayback,
Weston,2020,https://www.westonma.gov/DocumentCenter/View/30455,result,catalog,dc_idsweep,2020 11 13 Composite Tally of Comments by the 518 South Avenue Neighborhood Group   Hill Law PDF?bidId=
Weston,2020,https://www.westonma.gov/DocumentCenter/View/30456,result,catalog,dc_idsweep,2020 11 13 Letter re Notice of Intent for 518 and 540 South Avenue Weston Composite Tally of Open Issues   Hil
Westport,2000,https://westport-ma.com/government/Documents/Government/Annual Reports/2000_board-of-selectmen.pdf?t=202508080914280,atr,nodes,crawl,2000 Board of Selectmen Opens in new window
Westport,2001,https://westport-ma.com/government/Documents/Government/Annual Reports/2001_board-of-selectmen.pdf?t=202508080914280,atr,nodes,crawl,2001 Board of Selectmen Opens in new window
Westport,2002,https://westport-ma.com/government/Documents/Government/Annual Reports/2002_board-of-selectmen.pdf?t=202508080914280,atr,nodes,crawl,2002 Board of Selectmen Opens in new window
Westport,2003,https://westport-ma.com/government/Documents/Government/Annual Reports/2003_board-of-selectmen.pdf?t=202508080914280,atr,nodes,crawl,2003 Board of Selectmen Opens in new window
Westport,2004,http://www.westport-ma.com/docs/TownReport2004.pdf,atr,nodes,wayback,
Westport,2004,https://westport-ma.com/government/Documents/Government/Annual Reports/westport_annualreport_2004.pdf?t=202508080914420,atr,nodes,crawl,2004 Annual Report Opens in new window
Westport,2004,https://www.westport-ma.com/sites/g/files/vyhlif7356/f/uploads/westport_annualreport_2004.pdf,atr,nodes,wayback,
Westport,2005,http://www.westport-ma.com/news/documents/town_report_for_2005.pdf,atr,nodes,wayback,
Westport,2005,https://westport-ma.com/government/Documents/Government/Annual Reports/westport_annualreport_2005.pdf?t=202508080914420,atr,nodes,crawl,2005 Annual Report Opens in new window
Westport,2005,https://www.westport-ma.com/sites/g/files/vyhlif7356/f/uploads/westport_annualreport_2005.pdf,atr,nodes,wayback,
Westport,2006,http://www.westport-ma.com/news/documents/town_report_for_2006.pdf,atr,nodes,wayback,
Westport,2006,https://westport-ma.com/government/Documents/Government/Annual Reports/westport_annualreport_2006.pdf?t=202508080914420,atr,nodes,crawl,2006 Annual Report Opens in new window
Westport,2006,https://www.westport-ma.com/sites/g/files/vyhlif7356/f/pages/zba_annual_report_2006.pdf,atr,nodes,wayback,
Westport,2006,https://www.westport-ma.com/sites/g/files/vyhlif7356/f/uploads/westport_annualreport_2006.pdf,atr,nodes,wayback,
Westport,2007,http://www.westport-ma.com/news/docs/Town_Report_2007.pdf,atr,nodes,wayback,
Westport,2007,https://westport-ma.com/government/Documents/Government/Annual Reports/westport_annualreport_2007.pdf?t=202508080914420,atr,nodes,crawl,2007 Annual Report Opens in new window
Westport,2007,https://www.westport-ma.com/sites/g/files/vyhlif7356/f/pages/zba_annual_report_2007.pdf,atr,nodes,wayback,
Westport,2007,https://www.westport-ma.com/sites/g/files/vyhlif7356/f/uploads/westport_annualreport_2007.pdf,atr,nodes,wayback,
Westport,2008,https://westport-ma.com/government/Documents/Government/Annual Reports/westport_annualreport_2008.pdf?t=202508080914420,atr,nodes,crawl,2008 Annual Report Opens in new window
Westport,2008,https://www.westport-ma.com/sites/g/files/vyhlif7356/f/pages/zba_annual_report_2008.pdf,atr,nodes,wayback,
Westport,2008,https://www.westport-ma.com/sites/g/files/vyhlif7356/f/uploads/westport_annualreport_2008.pdf,atr,nodes,wayback,
Westport,2009,http://westport-ma.com/news/docs/Town_Report_2009.pdf,atr,nodes,wayback,
Westport,2009,https://westport-ma.com/government/Documents/Government/Annual Reports/westport_annualreport_2009.pdf?t=202508080914420,atr,nodes,crawl,2009 Annual Report Opens in new window
Westport,2009,https://www.westport-ma.com/sites/g/files/vyhlif7356/f/pages/zba_annual_report_2009.pdf,atr,nodes,wayback,
Westport,2009,https://www.westport-ma.com/sites/g/files/vyhlif7356/f/uploads/westport_annualreport_2009.pdf,atr,nodes,wayback,
Westport,2010,http://westport-ma.com/news/docs/TownReport2010.pdf,atr,nodes,wayback,
Westport,2010,https://westport-ma.com/government/Documents/Government/Annual Reports/town_report_2010.pdf?t=202508080914400,atr,nodes,crawl,2010 Town Report Opens in new window
Westport,2010,https://www.westport-ma.com/sites/g/files/vyhlif12811/f/pages/town_report_2010.pdf,atr,nodes,wayback,
Westport,2010,https://www.westport-ma.com/sites/g/files/vyhlif7356/f/pages/town_report_2010.pdf,atr,nodes,wayback,
Westport,2010,https://www.westport-ma.com/sites/g/files/vyhlif7356/f/pages/zba_annual_report_2010.pdf,atr,nodes,wayback,
Westport,2010,https://www.westport-ma.com/sites/g/files/vyhlif7356/f/uploads/town_report_2010.pdf,atr,nodes,wayback,
Westport,2010,https://www.westport-ma.com/sites/westportma/files/pages/town_report_2010.pdf,atr,nodes,wayback,
Westport,2011,https://westport-ma.com/government/Documents/Government/Annual Reports/town_report_2011.pdf?t=202508080914400,atr,nodes,crawl,2011 Town Report Opens in new window
Westport,2011,https://www.westport-ma.com/sites/g/files/vyhlif12811/f/pages/town_report_2011.pdf,atr,nodes,wayback,
Westport,2011,https://www.westport-ma.com/sites/g/files/vyhlif7356/f/pages/town_report_2011.pdf,atr,nodes,wayback,
Westport,2011,https://www.westport-ma.com/sites/g/files/vyhlif7356/f/pages/zba_annual_report_2011.pdf,atr,nodes,wayback,
Westport,2011,https://www.westport-ma.com/sites/g/files/vyhlif7356/f/uploads/town_report_2011.pdf,atr,nodes,wayback,
Westport,2011,https://www.westport-ma.com/sites/westportma/files/pages/town_report_2011.pdf,atr,nodes,wayback,
Westport,2012,https://westport-ma.com/government/Documents/Government/Annual Reports/town_report_2012.pdf?t=202508080914400,atr,nodes,crawl,2012 Town Report Opens in new window
Westport,2012,https://www.westport-ma.com/sites/g/files/vyhlif12811/f/pages/town_report_2012.pdf,atr,nodes,wayback,
Westport,2012,https://www.westport-ma.com/sites/g/files/vyhlif1441/f/pages/town_report_2012.pdf,atr,nodes,wayback,
Westport,2012,https://www.westport-ma.com/sites/g/files/vyhlif7356/f/pages/town_report_2012.pdf,atr,nodes,wayback,
Westport,2012,https://www.westport-ma.com/sites/g/files/vyhlif7356/f/pages/zba_annual_report_2012.pdf,atr,nodes,wayback,
Westport,2012,https://www.westport-ma.com/sites/g/files/vyhlif7356/f/uploads/town_report_2012.pdf,atr,nodes,wayback,
Westport,2012,https://www.westport-ma.com/sites/westportma/files/pages/town_report_2012.pdf,atr,nodes,wayback,
Westport,2013,https://westport-ma.com/government/Documents/Government/Annual Reports/town_report_2013.pdf?t=202508080914400,atr,nodes,crawl,2013 Town Report Opens in new window
Westport,2013,https://www.westport-ma.com/sites/g/files/vyhlif12811/f/pages/town_report_2013.pdf,atr,nodes,wayback,
Westport,2013,https://www.westport-ma.com/sites/g/files/vyhlif1441/f/pages/town_report_2013.pdf,atr,nodes,wayback,
Westport,2013,https://www.westport-ma.com/sites/g/files/vyhlif7356/f/pages/town_report_2013.pdf,atr,nodes,wayback,
Westport,2013,https://www.westport-ma.com/sites/g/files/vyhlif7356/f/pages/zba_annual_report_2013.pdf,atr,nodes,wayback,
Westport,2013,https://www.westport-ma.com/sites/g/files/vyhlif7356/f/uploads/town_report_2013.pdf,atr,nodes,wayback,
Westport,2013,https://www.westport-ma.com/sites/westportma/files/pages/town_report_2013.pdf,atr,nodes,wayback,
Westport,2014,https://westport-ma.com/government/Documents/Government/Annual Reports/town_report_2014.pdf?t=202508080914400,atr,nodes,crawl,2014 Town Report Opens in new window
Westport,2014,https://www.westport-ma.com/sites/g/files/vyhlif12811/f/pages/town_report_2014.pdf,atr,nodes,wayback,
Westport,2014,https://www.westport-ma.com/sites/g/files/vyhlif7356/f/pages/town_report_2014.pdf,atr,nodes,wayback,
Westport,2014,https://www.westport-ma.com/sites/g/files/vyhlif7356/f/pages/zba_annual_report_2014.pdf,atr,nodes,wayback,
Westport,2014,https://www.westport-ma.com/sites/g/files/vyhlif7356/f/uploads/town_report_2014.pdf,atr,nodes,wayback,
Westport,2014,https://www.westport-ma.com/sites/westportma/files/pages/town_report_2014.pdf,atr,nodes,wayback,
Westport,2015,https://westport-ma.com/government/Documents/Government/Annual Reports/2015_town_report.pdf?t=202508080914280,atr,nodes,crawl,2015 Town Report Opens in new window
Westport,2015,https://www.westport-ma.com/sites/g/files/vyhlif12811/f/pages/2015_town_report.pdf,atr,nodes,wayback,
Westport,2015,https://www.westport-ma.com/sites/g/files/vyhlif1441/f/pages/2015_town_report.pdf,atr,nodes,wayback,
Westport,2015,https://www.westport-ma.com/sites/g/files/vyhlif7356/f/pages/2015_town_report.pdf,atr,nodes,wayback,
Westport,2015,https://www.westport-ma.com/sites/g/files/vyhlif7356/f/pages/zba_annual_report_2015.pdf,atr,nodes,wayback,
Westport,2015,https://www.westport-ma.com/sites/g/files/vyhlif7356/f/uploads/2015_town_report.pdf,atr,nodes,wayback,
Westport,2015,https://www.westport-ma.com/sites/westportma/files/pages/2015_town_report.pdf,atr,nodes,wayback,
Westport,2016,https://westport-ma.com/government/Documents/Government/Annual Reports/2016_diman_annual_report.pdf?t=202508080914280,atr,nodes,crawl,2016 Diman Annual Report Opens in new window
Westport,2016,https://westport-ma.com/government/Documents/Government/Annual Reports/town_report_2016.pdf?t=202508080914400,atr,nodes,crawl,2016 Town Report Opens in new window
Westport,2016,https://www.westport-ma.com/sites/g/files/vyhlif12811/f/pages/2016_diman_annual_report.pdf,atr,nodes,wayback,
Westport,2016,https://www.westport-ma.com/sites/g/files/vyhlif12811/f/pages/town_report_2016.pdf,atr,nodes,wayback,
Westport,2016,https://www.westport-ma.com/sites/g/files/vyhlif1441/f/pages/town_report_2016.pdf,atr,nodes,wayback,
Westport,2016,https://www.westport-ma.com/sites/g/files/vyhlif7356/f/pages/2016_diman_annual_report.pdf,atr,nodes,wayback,
Westport,2016,https://www.westport-ma.com/sites/g/files/vyhlif7356/f/pages/annual_report_-zba-_2016.pdf,atr,nodes,wayback,
Westport,2016,https://www.westport-ma.com/sites/g/files/vyhlif7356/f/pages/town_report_2016.pdf,atr,nodes,wayback,
Westport,2016,https://www.westport-ma.com/sites/g/files/vyhlif7356/f/uploads/2016_diman_annual_report.pdf,atr,nodes,wayback,
Westport,2016,https://www.westport-ma.com/sites/g/files/vyhlif7356/f/uploads/town_report_2016.pdf,atr,nodes,wayback,
Westport,2016,https://www.westport-ma.com/sites/westportma/files/pages/2016_diman_annual_report.pdf,atr,nodes,wayback,
Westport,2016,https://www.westport-ma.com/sites/westportma/files/pages/town_report_2016.pdf,atr,nodes,wayback,
Westport,2017,https://westport-ma.com/government/Documents/Government/Annual Reports/town_report_complete_2017.pdf?t=202508080914400,atr,nodes,crawl,2017 Town Report Opens in new window
Westport,2017,https://westport-ma.com/government/Documents/Government/Annual Reports/town_report_complete_2017_0.pdf?t=202508080914400,atr,nodes,crawl,2017 Annual Report Opens in new window
Westport,2017,https://www.westport-ma.com/sites/g/files/vyhlif12811/f/pages/town_report_complete_2017.pdf,atr,nodes,wayback,
Westport,2017,https://www.westport-ma.com/sites/g/files/vyhlif7356/f/pages/annual_report_-zba-_2017.pdf,atr,nodes,wayback,
Westport,2017,https://www.westport-ma.com/sites/g/files/vyhlif7356/f/pages/town_report_complete_2017.pdf,atr,nodes,wayback,
Westport,2017,https://www.westport-ma.com/sites/g/files/vyhlif7356/f/uploads/town_report_complete_2017_0.pdf,atr,nodes,wayback,
Westport,2017,https://www.westport-ma.com/sites/westportma/files/pages/town_report_complete_2017.pdf,atr,nodes,wayback,
Westport,2018,https://westport-ma.com/government/Documents/Government/Annual Reports/2018_diman_annual_report.pdf?t=202508080914280,atr,nodes,crawl,2018 Diman Annual Report Opens in new window
Westport,2018,https://westport-ma.com/government/Documents/Government/Annual Reports/town_report_2018.pdf?t=202508080914400,atr,nodes,crawl,2018 Town Report Opens in new window
Westport,2018,https://www.westport-ma.com/sites/g/files/vyhlif12811/f/pages/2018_diman_annual_report.pdf,atr,nodes,wayback,
Westport,2018,https://www.westport-ma.com/sites/g/files/vyhlif12811/f/pages/town_report_2018.pdf,atr,nodes,wayback,
Westport,2018,https://www.westport-ma.com/sites/g/files/vyhlif1441/f/pages/town_report_2018.pdf,atr,nodes,wayback,
Westport,2018,https://www.westport-ma.com/sites/g/files/vyhlif7356/f/pages/2018_diman_annual_report.pdf,atr,nodes,wayback,
Westport,2018,https://www.westport-ma.com/sites/g/files/vyhlif7356/f/pages/town_report_2018.pdf,atr,nodes,wayback,
Westport,2018,https://www.westport-ma.com/sites/westportma/files/pages/2018_diman_annual_report.pdf,atr,nodes,wayback,
Westport,2018,https://www.westport-ma.com/sites/westportma/files/pages/town_report_2018.pdf,atr,nodes,wayback,
Westport,2019,https://westport-ma.com/government/Documents/Government/Annual Reports/town_report_2019.pdf?t=202508080914400,atr,nodes,crawl,2019 Town Report and DIMAN Annual Report Opens in new window
Westport,2019,https://www.westport-ma.com/sites/g/files/vyhlif12811/f/pages/town_report_2019.pdf,atr,nodes,wayback,
Westport,2019,https://www.westport-ma.com/sites/g/files/vyhlif7356/f/pages/town_report_2019.pdf,atr,nodes,wayback,
Westport,2020,https://westport-ma.com/government/Documents/Government/Annual Reports/town_report_2020_1.pdf?t=202508080914400,atr,nodes,crawl,2020 Town Report Opens in new window
Westport,2020,https://www.westport-ma.com/sites/g/files/vyhlif12811/f/pages/town_report_2020_1.pdf,atr,nodes,wayback,
Westport,2020,https://www.westport-ma.com/sites/g/files/vyhlif7356/f/uploads/2020_ms4_yr_2_annual_rpt.pdf,atr,nodes,wayback,
Westwood,2007,http://www.townhall.westwood.ma.us/westwood/File/election_results_May_15_2007.pdf,result,catalog,wayback,
Westwood,2010,http://www.townhall.westwood.ma.us/westwood/file/ElectedbyVoters2010(1).pdf,result,catalog,wayback,
Westwood,2011,http://www.townhall.westwood.ma.us/westwood/file/April%2026%202011%20Election%20Results.pdf,result,catalog,wayback,
Westwood,2012,"http://www.townhall.westwood.ma.us/townofwestwood/file/APRIL%2024,%202012%20ANNUAL%20TOWN%20ELECTION%20RESULTS.pdf",result,catalog,wayback,
Westwood,2014,"http://www.townhall.westwood.ma.us/townofwestwood/file/2014%20Clerk/April%2029,%202014%20Annual%20Town%20Election%20Results.pdf",result,catalog,wayback,
Westwood,2014,"http://www.townhall.westwood.ma.us/townofwestwood/file/2014%20Clerk/April%2029,%202014%20Annual%20Town%20Election%20Unofficial%20Results.pdf",result,catalog,wayback,
Westwood,2014,http://www.townhall.westwood.ma.us/townofwestwood/file/BOS/2014%20Town%20Report%20ONLINE%201%20of%204.pdf,atr,nodes,wayback,
Westwood,2014,http://www.townhall.westwood.ma.us/townofwestwood/file/BOS/2014%20Town%20Report%20ONLINE%202%20of%204.pdf,atr,nodes,wayback,
Westwood,2014,http://www.townhall.westwood.ma.us/townofwestwood/file/BOS/2014%20Town%20Report%20ONLINE%203%20of%204.pdf,atr,nodes,wayback,
Westwood,2014,http://www.townhall.westwood.ma.us/townofwestwood/file/BOS/2014%20Town%20Report%20ONLINE%204%20of%204.pdf,atr,nodes,wayback,
Westwood,2015,"http://www.townhall.westwood.ma.us/townofwestwood/file/2015%20Town%20Clerk/April%2028,%202015%20Annual%20Town%20Election%20Results.pdf",result,catalog,wayback,
Westwood,2015,"http://www.townhall.westwood.ma.us/townofwestwood/file/2015%20Town%20Clerk/April%2028,%202015%20Annual%20Town%20Election%20Unofficial%20Results%20Posting%20(2).pdf",result,catalog,wayback,
Whately,2009,http://www.whately.org/pdf/2009%20Town%20Report%20Complete%20for%20Web.pdf,atr,nodes,wayback,
Whately,2009,https://www.whately.org/sites/g/files/vyhlif5211/f/uploads/2009townreportcompleteforweb.pdf,atr,nodes,wayback,
Whately,2010,http://www.whately.org/pdf/2010%20Election%20Results%20June%208.pdf,result,catalog,wayback,
Whately,2010,http://www.whately.org/pdf/2010%20Town%20Report%20Complete%20For%20Web.pdf,atr,nodes,wayback,
Whately,2010,https://www.whately.org/sites/g/files/vyhlif5211/f/uploads/2010townreportcompleteforweb.pdf,atr,nodes,wayback,
Whately,2010,https://www.whately.org/sites/whatelyma/files/uploads/2010townreportcompleteforweb.pdf,atr,nodes,wayback,
Whately,2013,https://www.whately.org/sites/g/files/vyhlif5211/f/uploads/2013_town_report-complete.pdf,atr,nodes,wayback,
Whately,2018,https://www.whately.org/sites/g/files/vyhlif5211/f/uploads/2018_annual_report_of_the_capital_improvement_planning_committee_0.pdf,atr,nodes,wayback,
Whately,2018,https://www.whately.org/sites/g/files/vyhlif5211/f/uploads/2018_annual_report_of_the_finance_committee_0.pdf,atr,nodes,wayback,
Whately,2018,https://www.whately.org/sites/g/files/vyhlif5211/f/uploads/2018_annual_report_of_the_personnel_committee_0.pdf,atr,nodes,wayback,
Whately,2020,https://www.whately.org/sites/g/files/vyhlif5211/f/uploads/2020_annual_report_-_final.pdf,atr,nodes,wayback,
Wilbraham,2014,https://www.wilbraham-ma.gov/DocumentCenter/View/1133,result,catalog,dc_idsweep,2014 Annual Town Election Results?bidId=
Wilbraham,2015,https://www.wilbraham-ma.gov/DocumentCenter/View/1513,result,catalog,dc_idsweep,Total Tally Sheet 2015 ATE?bidId=
Wilbraham,2016,https://www.wilbraham-ma.gov/DocumentCenter/View/1648,result,catalog,dc_idsweep,TOTAL TALLY SHEET   2016 PRES PRIMARY DEMOCRATIC PRIMARYCLERK?bidId=
Wilbraham,2016,https://www.wilbraham-ma.gov/DocumentCenter/View/1649,result,catalog,dc_idsweep,TOTAL TALLY SHEET   2016 PRES PRIMARY REPUBLICAN PRIMARYCLERK?bidId=
Wilbraham,2016,https://www.wilbraham-ma.gov/DocumentCenter/View/1709,result,catalog,dc_idsweep,2016 Annual Town Election Results?bidId=
Wilbraham,2017,https://www.wilbraham-ma.gov/DocumentCenter/View/1958,result,catalog,dc_idsweep,TOTAL TALLY SHEET   2017 PRECINCTS CLERKS for ATE?bidId=
Wilbraham,2018,https://wilbraham-ma.gov/DocumentCenter/View/2426,result,catalog,docsweep,2018 Fall Election Results
Wilbraham,2018,https://www.wilbraham-ma.gov/DocumentCenter/View/2186,result,catalog,dc_idsweep,TOTAL TALLY SHEET   2018 PRECINCTS CLERK for ATE 2?bidId=
Wilbraham,2018,https://www.wilbraham-ma.gov/DocumentCenter/View/2187,result,catalog,dc_idsweep,TOTAL TALLY SHEET   2018 PRECINCTS CLERK for ATE ?bidId=
Wilbraham,2018,https://www.wilbraham-ma.gov/DocumentCenter/View/2188,result,catalog,dc_idsweep,TOTAL TALLY SHEET   2018 PRECINCTS CLERK for ATE page 3?bidId=
Wilbraham,2019,https://www.wilbraham-ma.gov/DocumentCenter/View/3103,result,catalog,dc_idsweep,TOTAL TALLY SHEET   2019   ELECTIONS?bidId=
Wilbraham,2020,https://wilbraham-ma.gov/DocumentCenter/View/3508/62020-Election-Totals,result,catalog,docsweep,Annual Town Election Results 06/20/2020
Williamsburg,2006,http://burgy.org/Pages/WilliamsburgMA_Admin/newsletter/2006annualreport/2006annual.pdf,atr,nodes,wayback,
Williamsburg,2006,http://burgy.org/Pages/WilliamsburgMA_Admin/newsletter/2006annualreport/accountant.pdf,atr,nodes,wayback,
Williamsburg,2006,http://burgy.org/Pages/WilliamsburgMA_Admin/newsletter/2006annualreport/apptofficials.pdf,atr,nodes,wayback,
Williamsburg,2006,http://burgy.org/Pages/WilliamsburgMA_Admin/newsletter/2006annualreport/assessor.pdf,atr,nodes,wayback,
Williamsburg,2006,http://burgy.org/Pages/WilliamsburgMA_Admin/newsletter/2006annualreport/brassworks.pdf,atr,nodes,wayback,
Williamsburg,2006,http://burgy.org/Pages/WilliamsburgMA_Admin/newsletter/2006annualreport/buildinspect.pdf,atr,nodes,wayback,
Williamsburg,2006,http://burgy.org/Pages/WilliamsburgMA_Admin/newsletter/2006annualreport/capplan.pdf,atr,nodes,wayback,
Williamsburg,2006,http://burgy.org/Pages/WilliamsburgMA_Admin/newsletter/2006annualreport/clerk.pdf,atr,nodes,wayback,
Williamsburg,2006,http://burgy.org/Pages/WilliamsburgMA_Admin/newsletter/2006annualreport/coa.pdf,atr,nodes,wayback,
Williamsburg,2006,http://burgy.org/Pages/WilliamsburgMA_Admin/newsletter/2006annualreport/collector.pdf,atr,nodes,wayback,
Williamsburg,2006,http://burgy.org/Pages/WilliamsburgMA_Admin/newsletter/2006annualreport/conservation.pdf,atr,nodes,wayback,
Williamsburg,2006,http://burgy.org/Pages/WilliamsburgMA_Admin/newsletter/2006annualreport/cover.pdf,atr,nodes,wayback,
Williamsburg,2006,http://burgy.org/Pages/WilliamsburgMA_Admin/newsletter/2006annualreport/electofficials.pdf,atr,nodes,wayback,
Williamsburg,2006,http://burgy.org/Pages/WilliamsburgMA_Admin/newsletter/2006annualreport/elem.pdf,atr,nodes,wayback,
Williamsburg,2006,http://burgy.org/Pages/WilliamsburgMA_Admin/newsletter/2006annualreport/employee.pdf,atr,nodes,wayback,
Williamsburg,2006,http://burgy.org/Pages/WilliamsburgMA_Admin/newsletter/2006annualreport/finance.pdf,atr,nodes,wayback,
Williamsburg,2006,http://burgy.org/Pages/WilliamsburgMA_Admin/newsletter/2006annualreport/fire.pdf,atr,nodes,wayback,
Williamsburg,2006,http://burgy.org/Pages/WilliamsburgMA_Admin/newsletter/2006annualreport/foothills.pdf,atr,nodes,wayback,
Williamsburg,2006,http://burgy.org/Pages/WilliamsburgMA_Admin/newsletter/2006annualreport/govofficials.pdf,atr,nodes,wayback,
Williamsburg,2006,http://burgy.org/Pages/WilliamsburgMA_Admin/newsletter/2006annualreport/healthboard.pdf,atr,nodes,wayback,
Williamsburg,2016,https://www.burgy.org/sites/g/files/vyhlif1451/f/uploads/annual_report_2016.pdf,atr,nodes,wayback,
Williamsburg,2017,https://www.burgy.org/sites/g/files/vyhlif1451/f/uploads/2017_annual_report.pdf,atr,nodes,wayback,
Wilmington,2008,http://www.wilmingtonma.gov/sites/wilmingtonma/files/uploads/2008_annual_report.pdf,atr,nodes,wayback,
Wilmington,2009,http://www.wilmingtonma.gov/sites/wilmingtonma/files/uploads/2009_annual_report.pdf,atr,nodes,wayback,
Wilmington,2009,http://www.wilmingtonma.gov/sites/wilmingtonma/files/uploads/2009_annual_report_0.pdf,atr,nodes,wayback,
Wilmington,2010,http://www.wilmingtonma.gov/sites/wilmingtonma/files/uploads/2010_annual_report.pdf,atr,nodes,wayback,
Wilmington,2010,http://www.wilmingtonma.gov/sites/wilmingtonma/files/uploads/2010_annual_report_0.pdf,atr,nodes,wayback,
Wilmington,2011,http://www.wilmingtonma.gov/sites/wilmingtonma/files/uploads/2011_annual_report_0.pdf,atr,nodes,wayback,
Wilmington,2011,http://www.wilmingtonma.gov/sites/wilmingtonma/files/uploads/election_results_2011.pdf,result,catalog,wayback,
Wilmington,2011,http://www.wilmingtonma.gov:80/sites/wilmingtonma/files/uploads/2011_annual_report.pdf,atr,nodes,wayback,
Wilmington,2012,http://www.wilmingtonma.gov/sites/wilmingtonma/files/uploads/2012_annual_report.pdf,atr,nodes,wayback,
Wilmington,2012,http://www.wilmingtonma.gov/sites/wilmingtonma/files/uploads/2012_annual_report_0.pdf,atr,nodes,wayback,
Wilmington,2013,http://www.wilmingtonma.gov/sites/wilmingtonma/files/uploads/2013_annual_report.pdf,atr,nodes,wayback,
Wilmington,2013,http://www.wilmingtonma.gov/sites/wilmingtonma/files/uploads/2013_annual_report_0.pdf,atr,nodes,wayback,
Wilmington,2014,http://www.wilmingtonma.gov/sites/wilmingtonma/files/uploads/2014_annual_report.pdf,atr,nodes,wayback,
Wilmington,2014,http://www.wilmingtonma.gov/sites/wilmingtonma/files/uploads/2014_annual_report_0.pdf,atr,nodes,wayback,
Wilmington,2015,http://www.wilmingtonma.gov/sites/wilmingtonma/files/uploads/2015_annual_report.pdf,atr,nodes,wayback,
Winchendon,2016,http://www.townofwinchendon.com:80/sites/winchendonma/files/uploads/2016_complete_annual_report.pdf,atr,nodes,wayback,
Winchendon,2016,http://www.townofwinchendon.com:80/sites/winchendonma/files/uploads/2016_complete_annual_report_0.pdf,atr,nodes,wayback,
Winchendon,2016,https://www.townofwinchendon.com/sites/g/files/vyhlif4051/f/uploads/2016_complete_annual_report.pdf,atr,nodes,wayback,
Winchendon,2016,https://www.townofwinchendon.com/sites/g/files/vyhlif4051/f/uploads/2016_complete_annual_report_0.pdf,atr,nodes,wayback,
Winchendon,2016,https://www.townofwinchendon.com/sites/g/files/vyhlif8401/f/uploads/2016_complete_annual_report.pdf,atr,nodes,wayback,
Winchendon,2017,https://www.townofwinchendon.com/sites/g/files/vyhlif4051/f/uploads/2017-annual-report.pdf,atr,nodes,wayback,
Winchendon,2017,https://www.townofwinchendon.com/sites/g/files/vyhlif4051/f/uploads/2017-annual-report_0.pdf,atr,nodes,wayback,
Winchendon,2017,https://www.townofwinchendon.com/sites/g/files/vyhlif8401/f/uploads/2017-annual-report.pdf,atr,nodes,wayback,
Winchendon,2018,https://www.townofwinchendon.com/sites/g/files/vyhlif4051/f/uploads/annual_report_2018.pdf,atr,nodes,wayback,
Winchendon,2019,https://www.townofwinchendon.com/sites/g/files/vyhlif4051/f/uploads/2019_final_annual_report.website.pdf,atr,nodes,wayback,
Winchendon,2020,https://www.townofwinchendon.com/sites/g/files/vyhlif4051/f/uploads/2020_annual_report_-_final_review_ld.pdf,atr,nodes,wayback,
Winchendon,2020,https://www.townofwinchendon.com/sites/g/files/vyhlif4051/f/uploads/2020_final_annual_report_website.pdf,atr,nodes,wayback,
Winchester,2001,http://www.winchester.us:80/Downloads/Selectmen/2001%20Annual%20Report.pdf,atr,nodes,wayback,
Winchester,2002,http://www.winchester.us:80/Downloads/Selectmen/2002%20Annual%20Report.pdf,atr,nodes,wayback,
Winchester,2003,http://www.winchester.us:80/PublicationsForms/2003%20Annual%20Report.pdf,atr,nodes,wayback,
Winchester,2005,http://www.winchester.us/Downloads/TM/2005%20town%20meeting/Rules%20Annual%20Report%20Nov%2005.pdf,atr,nodes,wayback,
Winchester,2005,https://www.winchester.us/DocumentCenter/View/2005,result,catalog,dc_idsweep,Copy of Town Wide Tally?bidId=
Winchester,2006,http://www.winchester.us:80/Downloads/TownClerk/2006TownwideTally.pdf,result,catalog,wayback,
Winchester,2007,https://winchester.us/DocumentCenter/View/11502/Historical-Files-Certified-Votes-Decennial-Reivew-2007,result,catalog,wayback,
Winchester,2011,https://www.winchester.us/DocumentCenter/View/2011,result,catalog,dc_idsweep,Town Election March 28 2017 Final Results?bidId=
Winchester,2015,https://www.winchester.us/DocumentCenter/View/1203,result,catalog,dc_idsweep,Town Election March 31 2015 Final Results?bidId=
Winchester,2018,https://www.winchester.us/DocumentCenter/View/2739,result,catalog,dc_idsweep,Final Election Results 2018?bidId=
Winchester,2019,https://www.winchester.us/DocumentCenter/View/3650,result,catalog,dc_idsweep,Town Wide Tally Preliminary Results 2019?bidId=
Winchester,2019,https://www.winchester.us/DocumentCenter/View/3652,result,catalog,dc_idsweep,Final Election Results March 26 2019?bidId=
Winchester,2020,https://www.winchester.us/DocumentCenter/View/4784/June-20-2020-Town-Election-results,result,catalog,wayback,
Woburn,2017,https://woburnma.gov/wp-content/uploads/2017/06/Annual-Report-FY2022.pdf,atr,nodes,wayback,
Woburn,2017,https://woburnma.gov/wp-content/uploads/2017/06/Annual-Report-FY2023.pdf,atr,nodes,wayback,
Woburn,2017,https://woburnma.gov/wp-content/uploads/2017/06/Annual-Report-FY2024.pdf,atr,nodes,wayback,
Woburn,2017,https://www.woburnma.gov/wp-content/uploads/2017/06/Annual-Report-FY2017-Part-1-1.pdf,atr,nodes,wayback,
Woburn,2017,https://www.woburnma.gov/wp-content/uploads/2017/06/Annual-Report-FY2017-Part-2.pdf,atr,nodes,wayback,
Woburn,2017,https://www.woburnma.gov/wp-content/uploads/2017/06/Annual-Report-FY2017-Part-3.pdf,atr,nodes,wayback,
Woburn,2017,https://www.woburnma.gov/wp-content/uploads/2017/06/Annual-Report-FY2017-Part-4.pdf,atr,nodes,wayback,
Woburn,2017,https://www.woburnma.gov/wp-content/uploads/2017/06/Annual-Report-FY2017-Part-5.pdf,atr,nodes,wayback,
Woburn,2017,https://www.woburnma.gov/wp-content/uploads/2017/06/Woburn-Annual-Report-FY2015-Part-1.pdf,atr,nodes,wayback,
Woburn,2017,https://www.woburnma.gov/wp-content/uploads/2017/06/Woburn-Annual-Report-FY2015-Part-2.pdf,atr,nodes,wayback,
Woburn,2017,https://www.woburnma.gov/wp-content/uploads/2017/06/Woburn-Annual-Report-FY2015-Part-3.pdf,atr,nodes,wayback,
Woburn,2017,https://www.woburnma.gov/wp-content/uploads/2017/06/Woburn-Annual-Report-FY2015-Part-4-1.pdf,atr,nodes,wayback,
Woburn,2018,https://www.woburnma.gov/wp-content/uploads/2017/06/City-of-Woburn-Annual-Report-FY2018.pdf,atr,nodes,wayback,
Woburn,2019,https://woburnma.gov/wp-content/uploads/2019/11/Municipal-Election-11-5-2019-Unofficial-After-Recanvassing-of-Ward-1-Precinct-2.pdf,result,catalog,wayback,
Worcester,2000,http://www.worcesterma.gov/election-results/2000-2009/20000307.pdf,result,catalog,wayback,
Worcester,2000,http://www.worcesterma.gov/election-results/2000-2009/20000919.pdf,result,catalog,wayback,
Worcester,2000,http://www.worcesterma.gov/election-results/2000-2009/20001107.pdf,result,catalog,wayback,
Worcester,2000,http://www.worcesterma.gov/election-results/2000-2009/20010911.pdf,result,catalog,wayback,
Worcester,2000,http://www.worcesterma.gov/election-results/2000-2009/20011106.pdf,result,catalog,wayback,
Worcester,2000,http://www.worcesterma.gov/election-results/2000-2009/20020917.pdf,result,catalog,wayback,
Worcester,2000,http://www.worcesterma.gov/election-results/2000-2009/20021112.pdf,result,catalog,wayback,
Worcester,2000,http://www.worcesterma.gov/election-results/2000-2009/20031104.pdf,result,catalog,wayback,
Worcester,2000,http://www.worcesterma.gov/election-results/2000-2009/20040302.pdf,result,catalog,wayback,
Worcester,2000,http://www.worcesterma.gov/election-results/2000-2009/20040914.pdf,result,catalog,wayback,
Worcester,2000,http://www.worcesterma.gov/election-results/2000-2009/20041102.pdf,result,catalog,wayback,
Worcester,2000,http://www.worcesterma.gov/election-results/2000-2009/20051108.pdf,result,catalog,wayback,
Worcester,2000,http://www.worcesterma.gov/election-results/2000-2009/20060919.pdf,result,catalog,wayback,
Worcester,2000,http://www.worcesterma.gov/election-results/2000-2009/20061107.pdf,result,catalog,wayback,
Worcester,2000,http://www.worcesterma.gov/election-results/2000-2009/20070320.pdf,result,catalog,wayback,
Worcester,2000,http://www.worcesterma.gov/election-results/2000-2009/20070417.pdf,result,catalog,wayback,
Worcester,2000,http://www.worcesterma.gov/election-results/2000-2009/20070911.pdf,result,catalog,wayback,
Worcester,2000,http://www.worcesterma.gov/election-results/2000-2009/20071106.pdf,result,catalog,wayback,
Worcester,2000,http://www.worcesterma.gov/election-results/2000-2009/20080205.pdf,result,catalog,wayback,
Worcester,2000,http://www.worcesterma.gov/election-results/2000-2009/20080916.pdf,result,catalog,wayback,
Worcester,2000,http://www.worcesterma.gov/election-results/2000-2009/20081104.pdf,result,catalog,wayback,
Worcester,2000,http://www.worcesterma.gov/election-results/2000-2009/20091103.pdf,result,catalog,wayback,
Worcester,2000,http://www.worcesterma.gov/election-results/2000-2009/20091208.pdf,result,catalog,wayback,
Worcester,2007,http://www.worcesterma.gov/uploads/a5/16/a5167007795b7033df63d7519e03a4d0/wpd-annual-report-2007.pdf,atr,nodes,wayback,
Worcester,2007,http://www.worcesterma.gov/uploads/de/28/de281f4628ee3311fabba5af9f1e8b5a/wpd-annual-report-2007.pdf,atr,nodes,wayback,
Worcester,2008,http://www.worcesterma.gov/uploads/4d/c2/4dc235b05ee35f7e6dc31f85210f6d20/wpd-annual-report-2008.pdf,atr,nodes,wayback,
Worcester,2008,http://www.worcesterma.gov/uploads/ad/c7/adc754d9af16e18a2e1d2c7df6c1cca2/wpd-annual-report-2008.pdf,atr,nodes,wayback,
Worcester,2008,http://www.worcesterma.gov/uploads/b3/0e/b30eac8dea833cb2846d712194de45e0/2008-annual-report.pdf,atr,nodes,wayback,
Worcester,2009,http://www.worcesterma.gov/uploads/09/83/098393d3ce576af7cbd36c7f1755bdbf/2009-annual-report.pdf,atr,nodes,wayback,
Worcester,2009,http://www.worcesterma.gov:80/uploads/1d/f6/1df6dc09d66ff334749b4beee0927fdf/2009-annual-report.pdf,atr,nodes,wayback,
Worcester,2010,http://www.worcesterma.gov/election-results/2010-2019/20100119.pdf,result,catalog,wayback,
Worcester,2010,http://www.worcesterma.gov/election-results/2010-2019/20100914.pdf,result,catalog,wayback,
Worcester,2010,http://www.worcesterma.gov/election-results/2010-2019/20101102.pdf,result,catalog,wayback,
Worcester,2010,http://www.worcesterma.gov/election-results/2010-2019/20110920.pdf,result,catalog,wayback,
Worcester,2010,http://www.worcesterma.gov/election-results/2010-2019/20111108.pdf,result,catalog,wayback,
Worcester,2010,http://www.worcesterma.gov/election-results/2010-2019/20120306.pdf,result,catalog,wayback,
Worcester,2010,http://www.worcesterma.gov/election-results/2010-2019/20120906.pdf,result,catalog,wayback,
Worcester,2010,http://www.worcesterma.gov/election-results/2010-2019/20121106.pdf,result,catalog,wayback,
Worcester,2010,http://www.worcesterma.gov/election-results/2010-2019/20130430.pdf,result,catalog,wayback,
Worcester,2010,http://www.worcesterma.gov/election-results/2010-2019/20130625.pdf,result,catalog,wayback,
Worcester,2010,http://www.worcesterma.gov/election-results/2010-2019/20130813.pdf,result,catalog,wayback,
Worcester,2010,http://www.worcesterma.gov/election-results/2010-2019/20130910.pdf,result,catalog,wayback,
Worcester,2010,http://www.worcesterma.gov/election-results/2010-2019/20131105.pdf,result,catalog,wayback,
Worcester,2010,http://www.worcesterma.gov/election-results/2010-2019/20140909.pdf,result,catalog,wayback,
Worcester,2010,http://www.worcesterma.gov/election-results/2010-2019/20141104.pdf,result,catalog,wayback,
Worcester,2010,http://www.worcesterma.gov/election-results/2010-2019/20150908.pdf,result,catalog,wayback,
Worcester,2010,http://www.worcesterma.gov/election-results/2010-2019/20151103.pdf,result,catalog,wayback,
Worcester,2010,http://www.worcesterma.gov/election-results/2010-2019/20160301.pdf,result,catalog,wayback,
Worcester,2010,http://www.worcesterma.gov/election-results/2010-2019/20160908.pdf,result,catalog,wayback,
Worcester,2010,http://www.worcesterma.gov/election-results/2010-2019/20161108.pdf,result,catalog,wayback,
Worcester,2010,http://www.worcesterma.gov/election-results/2010-2019/20170912.pdf,result,catalog,wayback,
Worcester,2010,http://www.worcesterma.gov/election-results/2010-2019/20171107.pdf,result,catalog,wayback,
Worcester,2010,http://www.worcesterma.gov/election-results/2010-2019/20180904.pdf,result,catalog,wayback,
Worcester,2010,http://www.worcesterma.gov/election-results/2010-2019/20181106.pdf,result,catalog,wayback,
Worcester,2010,http://www.worcesterma.gov/election-results/2010-2019/20190910.pdf,result,catalog,wayback,
Worcester,2010,http://www.worcesterma.gov/election-results/2010-2019/20191105.pdf,result,catalog,wayback,
Worcester,2010,http://www.worcesterma.gov/election-results/2010-Present/20100119.pdf,result,catalog,wayback,
Worcester,2010,http://www.worcesterma.gov/election-results/2010-Present/20100914.pdf,result,catalog,wayback,
Worcester,2010,http://www.worcesterma.gov/election-results/2010-Present/20101102.pdf,result,catalog,wayback,
Worcester,2010,http://www.worcesterma.gov/election-results/2010-Present/20110920.pdf,result,catalog,wayback,
Worcester,2010,http://www.worcesterma.gov/election-results/2010-Present/20111108.pdf,result,catalog,wayback,
Worcester,2010,http://www.worcesterma.gov/election-results/2010-Present/20120306.pdf,result,catalog,wayback,
Worcester,2010,http://www.worcesterma.gov/election-results/2010-Present/20120906.pdf,result,catalog,wayback,
Worcester,2010,http://www.worcesterma.gov/election-results/2010-Present/20121106.pdf,result,catalog,wayback,
Worcester,2010,http://www.worcesterma.gov/election-results/2010-Present/20130430.pdf,result,catalog,wayback,
Worcester,2010,http://www.worcesterma.gov/election-results/2010-Present/20130813.pdf,result,catalog,wayback,
Worcester,2010,http://www.worcesterma.gov/election-results/2010-Present/20131105.pdf,result,catalog,wayback,
Worcester,2010,http://www.worcesterma.gov/election-results/2010-Present/20140909.pdf,result,catalog,wayback,
Worcester,2010,http://www.worcesterma.gov/election-results/2010-Present/20141104.pdf,result,catalog,wayback,
Worcester,2010,http://www.worcesterma.gov/election-results/2010-Present/20150908.pdf,result,catalog,wayback,
Worcester,2010,http://www.worcesterma.gov/election-results/2010-Present/20151103.pdf,result,catalog,wayback,
Worcester,2010,http://www.worcesterma.gov/election-results/2010-Present/20160301.pdf,result,catalog,wayback,
Worcester,2010,http://www.worcesterma.gov/election-results/2010-Present/20160908.pdf,result,catalog,wayback,
Worcester,2010,http://www.worcesterma.gov/election-results/2010-Present/20161108.pdf,result,catalog,wayback,
Worcester,2010,http://www.worcesterma.gov/election-results/2010-Present/20170912.pdf,result,catalog,wayback,
Worcester,2010,http://www.worcesterma.gov/election-results/2010-Present/20171107.pdf,result,catalog,wayback,
Worcester,2010,http://www.worcesterma.gov/election-results/2010-Present/20180904.pdf,result,catalog,wayback,
Worcester,2010,http://www.worcesterma.gov/election-results/2010-Present/20181106.pdf,result,catalog,wayback,
Worcester,2010,http://www.worcesterma.gov/election-results/2010-Present/20190910.pdf,result,catalog,wayback,
Worcester,2010,http://www.worcesterma.gov/election-results/2010-Present/20191105.pdf,result,catalog,wayback,
Worcester,2010,http://www.worcesterma.gov:80/election-results/2010-Present/20130625.pdf,result,catalog,wayback,
Worcester,2010,http://www.worcesterma.gov:80/election-results/2010-Present/20130910.pdf,result,catalog,wayback,
Worcester,2010,https://www.worcesterma.gov/election-results/2010-2019/20191105.pdf?eType=EmailBlastContent&eId=094ffe03-a6cf-45ba-b73e-3e380bf5fe09,result,catalog,wayback,
Worcester,2011,http://www.worcesterma.gov:80/uploads/78/80/788007445e6f0a4095c1c15f22571afa/2011-annual-report.pdf,atr,nodes,wayback,
Worcester,2014,http://www.worcesterma.gov/uploads/e6/45/e64501386db30632df84b52c6c681817/chip-annual-report-2014.pdf,atr,nodes,wayback,
Worcester,2017,https://www.worcesterma.gov/building-a-healthy-community/chip-2017-annual-report.pdf,atr,nodes,wayback,
Worcester,2017,https://www.worcesterma.gov/uploads/13/12/131251a63081385551bb80f6ffd1973a/chip-2017-annual-report.pdf,atr,nodes,wayback,
Worcester,2018,https://www.worcesterma.gov/building-a-healthy-community/chip-2018-annual-report.pdf,atr,nodes,wayback,
Worcester,2018,https://www.worcesterma.gov/uploads/7c/75/7c752f178ed3cbeb7966a862c549729d/chip-2018-annual-report.pdf,atr,nodes,wayback,
Worcester,2019,http://www.worcesterma.gov/uploads/ca/20/ca205ade6d196b8f50f7c92ccdfcc3cc/housing-first-coordinating-council-2019-annual-report.pdf,atr,nodes,wayback,
Worcester,2019,https://www.worcesterma.gov/hhs/document-center/housing-first-coordinating-council-2019-annual-report.pdf,atr,nodes,wayback,
Worcester,2019,https://www.worcesterma.gov/uploads/5f/57/5f57eefa99661ff015dccd911c0a1f26/2019-cso-annual-report.pdf,atr,nodes,wayback,
Worcester,2019,https://www.worcesterma.gov/water-sewer/document-center/2019-cso-annual-report.pdf,atr,nodes,wayback,
Worcester,2020,http://www.worcesterma.gov/election-results/2020-Present/20200303.pdf,result,catalog,wayback,
Worcester,2020,http://www.worcesterma.gov/election-results/2020-Present/20200901.pdf,result,catalog,wayback,
Worcester,2020,http://www.worcesterma.gov/election-results/2020-Present/20201103.pdf,result,catalog,wayback,
Worcester,2020,http://www.worcesterma.gov/election-results/2020-Present/20210914.pdf,result,catalog,wayback,
Worcester,2020,http://www.worcesterma.gov/election-results/2020-Present/20211102.pdf,result,catalog,wayback,
Worcester,2020,http://www.worcesterma.gov/uploads/6c/87/6c8755ecb12e46a47dcefeed0e7cda6d/housing-first-coordinating-council-2020-annual-report.pdf,atr,nodes,wayback,
Worcester,2020,https://www.worcesterma.gov/election-results/2020-Present/20220906.pdf,result,catalog,wayback,
Worcester,2020,https://www.worcesterma.gov/election-results/2020-Present/20221108.pdf,result,catalog,wayback,
Worcester,2020,https://www.worcesterma.gov/election-results/2020-Present/20230905.pdf,result,catalog,wayback,
Worcester,2020,https://www.worcesterma.gov/election-results/2020-Present/20231010.pdf,result,catalog,wayback,
Worcester,2020,https://www.worcesterma.gov/election-results/2020-Present/20231107.pdf,result,catalog,wayback,
Worcester,2020,https://www.worcesterma.gov/election-results/2020-Present/20240305.pdf,result,catalog,wayback,
Worcester,2020,https://www.worcesterma.gov/election-results/2020-Present/20240903.pdf,result,catalog,wayback,
Worcester,2020,https://www.worcesterma.gov/election-results/2020-Present/20241105.pdf,result,catalog,wayback,
Worcester,2020,https://www.worcesterma.gov/human-rights/document-center/hrc-annual-report-2020-2024.pdf,atr,nodes,wayback,
Worcester,2020,https://www.worcesterma.gov/uploads/df/74/df742f197320cff2a177cc50e33fb15e/2020-cso-annual-report.pdf,atr,nodes,wayback,
Worcester,2020,https://www.worcesterma.gov/water-sewer/document-center/2020-cso-annual-report.pdf,atr,nodes,wayback,
Worthington,2015,http://worthington-ma.us/Pages/WorthingtonMA_Clerk/2015ElectionResults.pdf,result,catalog,wayback,
Worthington,2018,https://worthington-ma.us/wp-content/uploads/2018/06/TownReportchart13.pdf,atr,nodes,wayback,
Worthington,2018,https://worthington-ma.us/wp-content/uploads/2018/07/FY-2013-Annual-Report.pdf,atr,nodes,wayback,
Worthington,2019,https://worthington-ma.us/wp-content/uploads/2019/04/FY2018-Annual-Report.pdf,atr,nodes,wayback,
Worthington,2020,https://worthington-ma.us/wp-content/uploads/2020/08/FY2019-Annual-Report.pdf,atr,nodes,wayback,
Worthington,2020,https://worthington-ma.us/wp-content/uploads/2021/04/FY2020-Annual-Report.pdf,atr,nodes,wayback,
Wrentham,2012,https://wrentham.gov/ImageRepository/Document?documentID=59,result,catalog,documentcenter,Department / Town Clerk / Election Results 2012 Election Information
Wrentham,2013,https://wrentham.gov/ImageRepository/Document?documentID=58,result,catalog,documentcenter,Department / Town Clerk / Election Results 2013 Election Information
Wrentham,2014,https://wrentham.gov/ImageRepository/Document?documentID=57,result,catalog,documentcenter,Department / Town Clerk / Election Results 2014 Election Information
Wrentham,2015,https://wrentham.gov/ImageRepository/Document?documentID=56,result,catalog,documentcenter,Department / Town Clerk / Election Results 2015 Election Information
Wrentham,2016,https://wrentham.gov/ImageRepository/Document?documentID=52,result,catalog,documentcenter,Department / Town Clerk / Election Results 2016 Election Information
Wrentham,2017,https://wrentham.gov/ImageRepository/Document?documentID=51,result,catalog,documentcenter,Department / Town Clerk / Election Results 2017 Election Information
Wrentham,2018,https://wrentham.gov/ImageRepository/Document?documentID=49,result,catalog,documentcenter,Department / Town Clerk / Election Results 2018 Election Information
Wrentham,2019,https://wrentham.gov/ImageRepository/Document?documentID=47,result,catalog,documentcenter,Department / Town Clerk / Election Results 2019 Election Information
Wrentham,2020,https://wrentham.gov/ImageRepository/Document?documentID=45,result,catalog,documentcenter,Department / Town Clerk / Election Results 2020 Election Information
Yarmouth,2008,https://yarmouth.ma.us/ImageRepository/Document?documentID=163,result,catalog,documentcenter,Town Clerk / Election Results 2008 Elections
Yarmouth,2009,https://yarmouth.ma.us/ImageRepository/Document?documentID=166,result,catalog,documentcenter,Town Clerk / Election Results 2009 Elections
Yarmouth,2010,https://yarmouth.ma.us/ImageRepository/Document?documentID=191,result,catalog,documentcenter,Town Clerk / Election Results 2010 Election Results
Yarmouth,2013,https://yarmouth.ma.us/ImageRepository/Document?documentID=548,result,catalog,documentcenter,Town Clerk / Election Results 2013 Election Results
Yarmouth,2014,https://yarmouth.ma.us/ImageRepository/Document?documentID=573,result,catalog,documentcenter,Town Clerk / Election Results Election Results 2014
Yarmouth,2016,https://yarmouth.ma.us/ImageRepository/Document?documentID=605,result,catalog,documentcenter,Town Clerk / Election Results 2016 Results
Yarmouth,2018,https://www.yarmouth.ma.us/DocumentCenter/View/10045/Nov-2018-Election-Results,result,catalog,wayback,
Yarmouth,2018,https://www.yarmouth.ma.us/DocumentCenter/View/10168,result,catalog,dc_idsweep,District Election Results 12 04 2018?bidId=
Yarmouth,2018,https://yarmouth.ma.us/ImageRepository/Document?documentID=967,result,catalog,documentcenter,Town Clerk / Election Results 2018 Primary Results
Yarmouth,2019,https://www.yarmouth.ma.us/DocumentCenter/View/11737,result,catalog,dc_idsweep,2019 05 21 Local Election Results?bidId=
Yarmouth,2020,https://www.yarmouth.ma.us/DocumentCenter/View/13587,result,catalog,dc_idsweep,Town Election 6 30 2020 results?bidId=
