municipality,year,url,kind,pool,prior_status
Mattapoisett,2010,http://www.mattapoisett.net/sites/mattapoisettma/files/uploads/annualreport.2010.pdf,atr,nodes,ERROR
Mattapoisett,2010,http://www.mattapoisett.net/sites/mattapoisettma/files/uploads/mfdannual_report2010.pdf,atr,nodes,ERROR
Mattapoisett,2010,http://www.mattapoisett.net/sites/mattapoisettma/files/uploads/tcannualreport2010.pdf,atr,nodes,ERROR
Mattapoisett,2010,http://www.mattapoisett.net/sites/mattapoisettma/files/uploads/townreport2010planning.pdf,atr,nodes,ERROR
Mattapoisett,2010,http://www.mattapoisett.net/sites/mattapoisettma/files/uploads/townreportph2010-2-1.pdf,atr,nodes,ERROR
Mattapoisett,2010,http://www.mattapoisett.net/sites/mattapoisettma/files/uploads/w-stownreport2010.pdf,atr,nodes,ERROR
Mattapoisett,2011,http://www.mattapoisett.net/sites/mattapoisettma/files/uploads/townclerk1annualtownelectionballotresults2011.pdf,result,catalog,ERROR
Mattapoisett,2011,http://www.mattapoisett.net/sites/mattapoisettma/files/uploads/townclerk4annualreport2011.pdf,atr,nodes,ERROR
Mattapoisett,2011,http://www.mattapoisett.net/sites/mattapoisettma/files/uploads/veteranstownreport2011.pdf,atr,nodes,ERROR
Mattapoisett,2012,http://www.mattapoisett.net/sites/mattapoisettma/files/uploads/buildingtownreport2012.pdf,atr,nodes,ERROR
Mattapoisett,2012,http://www.mattapoisett.net/sites/mattapoisettma/files/uploads/mfdannualreport2012.pdf,atr,nodes,ERROR
Mattapoisett,2012,http://www.mattapoisett.net/sites/mattapoisettma/files/uploads/naturalresourcetownreport2012.pdf,atr,nodes,ERROR
Mattapoisett,2012,http://www.mattapoisett.net/sites/mattapoisettma/files/uploads/tctown_report_info_2012_3.pdf,atr,nodes,ERROR
Mattapoisett,2013,http://www.mattapoisett.net/Pages/MattapoisettMA_WebDocs/2013TownReport/VeteransTR13.pdf,atr,nodes,ERROR
Mattapoisett,2013,http://www.mattapoisett.net/sites/mattapoisettma/files/uploads/2013animalcontroltownreport.pdf,atr,nodes,ERROR
Mattapoisett,2013,http://www.mattapoisett.net/sites/mattapoisettma/files/uploads/2013annual_reportconcom.pdf,atr,nodes,ERROR
Mattapoisett,2013,http://www.mattapoisett.net/sites/mattapoisettma/files/uploads/2013atelectionresult.pdf,result,catalog,ERROR
Mattapoisett,2013,http://www.mattapoisett.net/sites/mattapoisettma/files/uploads/buildinboatownreport2013.pdf,atr,nodes,ERROR
Mattapoisett,2013,http://www.mattapoisett.net/sites/mattapoisettma/files/uploads/coa2013annualreport.pdf,atr,nodes,ERROR
Mattapoisett,2013,http://www.mattapoisett.net/sites/mattapoisettma/files/uploads/highwaydepartmenttownreport2013.pdf,atr,nodes,ERROR
Mattapoisett,2013,http://www.mattapoisett.net/sites/mattapoisettma/files/uploads/mfdannualreport_2013.pdf,atr,nodes,ERROR
Mattapoisett,2013,http://www.mattapoisett.net/sites/mattapoisettma/files/uploads/phntownreport2013.pdf,atr,nodes,ERROR
Mattapoisett,2014,http://www.mattapoisett.net/sites/mattapoisettma/files/uploads/assessorstownreport2014.pdf,atr,nodes,ERROR
Mattapoisett,2014,http://www.mattapoisett.net/sites/mattapoisettma/files/uploads/highway2014townreport.pdf,atr,nodes,ERROR
Mattapoisett,2014,http://www.mattapoisett.net/sites/mattapoisettma/files/uploads/mfdannualreport2014.pdf,atr,nodes,ERROR
Mattapoisett,2014,http://www.mattapoisett.net/sites/mattapoisettma/files/uploads/srpedd2014annual_report.pdf,atr,nodes,ERROR
Mattapoisett,2014,http://www.mattapoisett.net/sites/mattapoisettma/files/uploads/tctownreportintro2014.pdf,atr,nodes,ERROR
Mattapoisett,2014,http://www.mattapoisett.net/sites/mattapoisettma/files/uploads/town_report_2014treecommittee.pdf,atr,nodes,ERROR
Mattapoisett,2014,http://www.mattapoisett.net/sites/mattapoisettma/files/uploads/veteranstownreport_2014_0.pdf,atr,nodes,ERROR
Mattapoisett,2015,https://www.mattapoisett.net/sites/g/files/vyhlif3436/f/uploads/assessorstown_report_2015.pdf,atr,nodes,ERROR
Mattapoisett,2015,https://www.mattapoisett.net/sites/g/files/vyhlif3436/f/uploads/mfd_annual_report_2015.pdf,atr,nodes,ERROR
Mattapoisett,2015,https://www.mattapoisett.net/sites/g/files/vyhlif3436/f/uploads/town_report_2015.pdf,atr,nodes,ERROR
Mattapoisett,2015,https://www.mattapoisett.net/sites/g/files/vyhlif3436/f/uploads/veteranstownreport_2015.pdf,atr,nodes,ERROR
Mattapoisett,2016,http://www.mattapoisett.net/sites/mattapoisettma/files/uploads/2016_annual_report-rochester_1_0.pdf,atr,nodes,ERROR
Mattapoisett,2018,https://www.mattapoisett.net/sites/g/files/vyhlif3436/f/uploads/2018_mrvwspac_annual_report.pdf,atr,nodes,ERROR
Mattapoisett,2018,https://www.mattapoisett.net/sites/g/files/vyhlif3436/f/uploads/2018townreportdocument.pdf,atr,nodes,ERROR
Mattapoisett,2019,https://www.mattapoisett.net/sites/g/files/vyhlif3436/f/uploads/mattapoisett_river_valley_water_district_commission_2019_annual_report.pdf,atr,nodes,ERROR
Mattapoisett,2019,https://www.mattapoisett.net/sites/g/files/vyhlif3436/f/uploads/mrv_district_2018_annual_report_final_jan_22_2019.pdf,atr,nodes,ERROR
Mattapoisett,2020,https://www.mattapoisett.net/sites/g/files/vyhlif3436/f/uploads/town_election_results_06-16-2020fianal.pdf,result,catalog,ERROR
Princeton,2005,http://town.princeton.ma.us:80/Annual%20Report/2005/Culture%20and%20Recreation.pdf,atr,nodes,ERROR
Princeton,2005,http://town.princeton.ma.us:80/Annual%20Report/2005/Education.pdf,atr,nodes,ERROR
Princeton,2005,http://town.princeton.ma.us:80/Annual%20Report/2005/Facts%20and%20Figures.pdf,atr,nodes,ERROR
Princeton,2005,http://town.princeton.ma.us:80/Annual%20Report/2005/Financial%20Management%20Services%201-7.pdf,atr,nodes,ERROR
Princeton,2005,http://town.princeton.ma.us:80/Annual%20Report/2005/Financial%20Management%20Services%202326.pdf,atr,nodes,ERROR
Princeton,2005,http://town.princeton.ma.us:80/Annual%20Report/2005/Financial%20Management%20Services%202733.pdf,atr,nodes,ERROR
Princeton,2005,http://town.princeton.ma.us:80/Annual%20Report/2005/Financial%20Management%20Services%203436.pdf,atr,nodes,ERROR
Princeton,2005,http://town.princeton.ma.us:80/Annual%20Report/2005/Financial%20Management%20Services%203742.pdf,atr,nodes,ERROR
Princeton,2005,http://town.princeton.ma.us:80/Annual%20Report/2005/Financial%20Management%20Services%204346.pdf,atr,nodes,ERROR
Princeton,2005,http://town.princeton.ma.us:80/Annual%20Report/2005/General%20Government.pdf,atr,nodes,ERROR
Princeton,2005,http://town.princeton.ma.us:80/Annual%20Report/2005/Human%20Services.pdf,atr,nodes,ERROR
Princeton,2005,http://town.princeton.ma.us:80/Annual%20Report/2005/Planning%20and%20Environment.pdf,atr,nodes,ERROR
Princeton,2005,http://town.princeton.ma.us:80/Annual%20Report/2005/Profile.pdf,atr,nodes,ERROR
Princeton,2005,http://town.princeton.ma.us:80/Annual%20Report/2005/Public%20Safety.pdf,atr,nodes,ERROR
Princeton,2005,http://town.princeton.ma.us:80/Annual%20Report/2005/Public%20Works.pdf,atr,nodes,ERROR
Princeton,2005,http://town.princeton.ma.us:80/Annual%20Report/2005/Town%20Clerk.pdf,atr,nodes,ERROR
Princeton,2007,http://town.princeton.ma.us:80/Annual%20Report/2007/EDUCATION.pdf,atr,nodes,ERROR
Princeton,2007,http://town.princeton.ma.us:80/Annual%20Report/2007/FINANCIAL%20MANAGEMENT%20SERVICES.pdf,atr,nodes,ERROR
Princeton,2007,http://town.princeton.ma.us:80/Annual%20Report/2007/GENERAL%20GOVERNMENT.pdf,atr,nodes,ERROR
Princeton,2007,http://town.princeton.ma.us:80/Annual%20Report/2007/HUMAN%20SERVICES.pdf,atr,nodes,ERROR
Princeton,2007,http://town.princeton.ma.us:80/Annual%20Report/2007/PUBLIC%20SAFETY.pdf,atr,nodes,ERROR
Princeton,2007,http://town.princeton.ma.us:80/Annual%20Report/2007/TABLE%20OF%20CONTENTS.pdf,atr,nodes,ERROR
Princeton,2007,http://town.princeton.ma.us:80/Annual%20Report/2007/TOWN%20CLERK.pdf,atr,nodes,ERROR
Princeton,2007,http://town.princeton.ma.us:80/Annual%20Report/2007/TOWN%20PROFILE.pdf,atr,nodes,ERROR
Ludlow,2005,https://ludlow.ma.us/wp-content/uploads/sites/2/2025/05/2005-Annual-Town-Report.pdf,atr,nodes,ERROR
Ludlow,2006,http://www.ludlow.ma.us/selectmen/reports/Town_Report_2006.pdf,atr,nodes,ERROR
Ludlow,2006,https://ludlow.ma.us/wp-content/uploads/sites/2/2025/05/2006-Annual-Town-Report.pdf,atr,nodes,ERROR
Ludlow,2007,https://ludlow.ma.us/wp-content/uploads/sites/2/2025/05/2007-Annual-Town-Report.pdf,atr,nodes,ERROR
Ludlow,2008,https://ludlow.ma.us/wp-content/uploads/sites/2/2025/05/2008-Annual-Town-Report.pdf,atr,nodes,ERROR
Ludlow,2009,https://ludlow.ma.us/wp-content/uploads/sites/2/2025/05/2009-Annual-Town-Report.pdf,atr,nodes,ERROR
Ludlow,2010,https://ludlow.ma.us/wp-content/uploads/sites/2/2025/05/2010-Annual-Town-Report.pdf,atr,nodes,ERROR
Ludlow,2011,https://ludlow.ma.us/wp-content/uploads/sites/2/2025/05/2011-Annual-Town-Report.pdf,atr,nodes,ERROR
Ludlow,2012,https://ludlow.ma.us/wp-content/uploads/sites/2/2025/05/2012-Annual-Town-Report.pdf,atr,nodes,ERROR
Ludlow,2013,https://ludlow.ma.us/wp-content/uploads/sites/2/2025/05/2013-Annual-Town-Report.pdf,atr,nodes,ERROR
Ludlow,2014,https://ludlow.ma.us/wp-content/uploads/sites/2/2025/05/2014-Annual-Town-Report.pdf,atr,nodes,ERROR
Ludlow,2015,https://ludlow.ma.us/wp-content/uploads/sites/2/2025/05/2015-Annual-Town-Report.pdf,atr,nodes,ERROR
Ludlow,2016,https://ludlow.ma.us/wp-content/uploads/sites/2/2025/05/2016-Annual-Town-Report.pdf,atr,nodes,ERROR
Ludlow,2017,https://ludlow.ma.us/wp-content/uploads/sites/2/2025/05/2017-Annual-Town-Report.pdf,atr,nodes,ERROR
Ludlow,2018,https://ludlow.ma.us/wp-content/uploads/sites/2/2025/05/2018-Annual-Town-Report.pdf,atr,nodes,ERROR
Ludlow,2019,https://ludlow.ma.us/wp-content/uploads/sites/2/2025/05/2019-Annual-Town-Report.pdf,atr,nodes,ERROR
Ludlow,2020,https://ludlow.ma.us/wp-content/uploads/sites/2/2025/05/2020-Annual-Town-Report.pdf,atr,nodes,ERROR
Woburn,2017,https://woburnma.gov/wp-content/uploads/2017/06/Annual-Report-FY2022.pdf,atr,nodes,NOT_PDF
Woburn,2017,https://woburnma.gov/wp-content/uploads/2017/06/Annual-Report-FY2023.pdf,atr,nodes,NOT_PDF
Woburn,2017,https://woburnma.gov/wp-content/uploads/2017/06/Annual-Report-FY2024.pdf,atr,nodes,NOT_PDF
Woburn,2017,https://www.woburnma.gov/wp-content/uploads/2017/06/Annual-Report-FY2017-Part-1-1.pdf,atr,nodes,NOT_PDF
Woburn,2017,https://www.woburnma.gov/wp-content/uploads/2017/06/Annual-Report-FY2017-Part-2.pdf,atr,nodes,NOT_PDF
Woburn,2017,https://www.woburnma.gov/wp-content/uploads/2017/06/Annual-Report-FY2017-Part-3.pdf,atr,nodes,NOT_PDF
Woburn,2017,https://www.woburnma.gov/wp-content/uploads/2017/06/Annual-Report-FY2017-Part-4.pdf,atr,nodes,NOT_PDF
Woburn,2017,https://www.woburnma.gov/wp-content/uploads/2017/06/Annual-Report-FY2017-Part-5.pdf,atr,nodes,NOT_PDF
Woburn,2017,https://www.woburnma.gov/wp-content/uploads/2017/06/Woburn-Annual-Report-FY2015-Part-1.pdf,atr,nodes,NOT_PDF
Woburn,2017,https://www.woburnma.gov/wp-content/uploads/2017/06/Woburn-Annual-Report-FY2015-Part-2.pdf,atr,nodes,NOT_PDF
Woburn,2017,https://www.woburnma.gov/wp-content/uploads/2017/06/Woburn-Annual-Report-FY2015-Part-3.pdf,atr,nodes,NOT_PDF
Woburn,2017,https://www.woburnma.gov/wp-content/uploads/2017/06/Woburn-Annual-Report-FY2015-Part-4-1.pdf,atr,nodes,NOT_PDF
Woburn,2018,https://www.woburnma.gov/wp-content/uploads/2017/06/City-of-Woburn-Annual-Report-FY2018.pdf,atr,nodes,NOT_PDF
Woburn,2019,https://woburnma.gov/wp-content/uploads/2019/11/Municipal-Election-11-5-2019-Unofficial-After-Recanvassing-of-Ward-1-Precinct-2.pdf,result,catalog,NOT_PDF
Lynn,2017,http://lynnma.gov/cityhall_documents/clerk_elections/election_results/city_of_lynn_election_results_nov_2017_unofficial.pdf,result,catalog,ERROR
Lynn,2017,http://lynnma.gov/cityhall_documents/clerk_elections/election_results/primary_results_september_12_2017.pdf,result,catalog,ERROR
Lynn,2018,http://www.lynnma.gov/cityhall_documents/clerk_elections/election_results/city_of_lynn_election_results_nov_2018_unofficial.pdf,result,catalog,ERROR
Lynn,2018,http://www.lynnma.gov/cityhall_documents/clerk_elections/election_results/primary_results_sep_04_2018.pdf,result,catalog,ERROR
Lynn,2019,http://lynnma.gov/cityhall_documents/clerk_elections/election_results/city_of_lynn_election_results_sep_03_2019_unofficial.pdf,result,catalog,ERROR
Lynn,2019,http://www.lynnma.gov/cityhall_documents/clerk_elections/election_results/city_of_lynn_election_results_nov_05_2019_official.pdf,result,catalog,ERROR
Lynn,2019,http://www.lynnma.gov/cityhall_documents/clerk_elections/election_results/city_of_lynn_election_results_nov_05_2019_unofficial.pdf,result,catalog,ERROR
Lynn,2020,http://www.lynnma.gov/cityhall_documents/clerk_elections/election_results/city_lynn_election_results_nov_03_2020_official.pdf,result,catalog,ERROR
Lynn,2020,http://www.lynnma.gov/cityhall_documents/clerk_elections/election_results/city_of_lynn_election_results_mar_03_2020_official.pdf.pdf,result,catalog,ERROR
Lynn,2020,http://www.lynnma.gov/cityhall_documents/clerk_elections/election_results/city_of_lynn_election_results_mar_03_2020_unofficial.pdf,result,catalog,ERROR
Waltham,2014,http://www.city.waltham.ma.us:80/sites/walthamma/files/file/file/waltham_ma_ms4_annual_report_april_2014_0.pdf,atr,nodes,ERROR
Waltham,2015,http://www.city.waltham.ma.us:80/sites/walthamma/files/file/file/annual_report2015_updatefinal.pdf,atr,nodes,ERROR
Waltham,2015,http://www.city.waltham.ma.us:80/sites/walthamma/files/file/file/wpd_annual_report_2015_3.pdf,atr,nodes,ERROR
Waltham,2016,http://www.city.waltham.ma.us:80/sites/walthamma/files/file/file/waltham_ms4annualreport_permit_april_29_2016_0.pdf,atr,nodes,ERROR
Waltham,2016,http://www.city.waltham.ma.us:80/sites/walthamma/files/tally_sheet_november_election_2016.pdf,result,catalog,ERROR
Waltham,2017,http://www.city.waltham.ma.us:80/sites/walthamma/files/file/file/2017_waltham_preliminary_election_results.pdf,result,catalog,ERROR
Waltham,2017,http://www.city.waltham.ma.us:80/sites/walthamma/files/file/file/signed_final_ms4annualreport_year14_2016-2017_04282017.pdf,atr,nodes,ERROR
Chesterfield,2013,http://www.townofchesterfieldma.com/attachments/195_2013%20Annual%20Town%20Election%20Results.pdf,result,catalog,ERROR
Chesterfield,2014,http://www.townofchesterfieldma.com/attachments/220_2014%20Annual%20Election%20Results.pdf,result,catalog,ERROR
Chesterfield,2019,https://townofchesterfieldma.com/attachments/article/157/2019%20Annual%20Election%20Results.pdf,result,catalog,ERROR
Chesterfield,2020,https://townofchesterfieldma.com/attachments/article/196/May%204%202020%20Annual%20Election%20Results.pdf,result,catalog,ERROR
Gloucester,2003,http://www.gloucester-ma.gov:80/localpages/mayor/annual-report-2003.pdf?&MMN_position=308:308,atr,nodes,ERROR
Gloucester,2003,http://www.gloucester-ma.gov:80/localpages/mayor/annual-report-2003.pdf?&amp,atr,nodes,ERROR
Gloucester,2003,http://www.gloucester-ma.gov:80/localpages/mayor/annual-report-2003.pdf?&amp;MMN_position=308:308,atr,nodes,ERROR
Monterey,2013,http://montereyma.gov/Public_Documents/MontereyMA_TownClerk/2013townelectionresults.pdf,result,catalog,ERROR
Monterey,2014,http://montereyma.gov/Public_Documents/MontereyMA_TownClerk/electionresultsmay2014.pdf,result,catalog,ERROR
Dedham,2010,http://www.dedham-ma.gov/dedham/file/Environment/Dedham%20Year%2010%20Final%20Annual%20Report.pdf,atr,nodes,ERROR
Westborough,2011,http://www.town.westborough.ma.us:80/public_documents/fv1-00010a3e/2011%20Annual%20Report.pdf,atr,nodes,ERROR
Chelsea,2010,https://cms5.revize.com/revize/adamscounty/document_center/Health/2010%20Adams%20County%20Annual%20Report.pdf,atr,nodes,ERROR
Chelsea,2010,https://cms5.revize.com/revize/barry/2010%20Drain%20Commissioner%20Annual%20Report.pdf,atr,nodes,ERROR
Chelsea,2010,https://cms5.revize.com/revize/barrycounty/2010%20Drain%20Commissioner%20Annual%20Report.pdf,atr,nodes,ERROR
Chelsea,2011,https://cms5.revize.com/revize/adamscounty/document_center/Health/2011%20Adams%20County%20Annual%20Report.pdf,atr,nodes,ERROR
Chelsea,2014,https://cms5.revize.com/revize/barry/Annual-Report-2014.pdf,atr,nodes,ERROR
Chelsea,2014,https://cms5.revize.com/revize/barrycounty/Annual-Report-2014.pdf,atr,nodes,ERROR
Chelsea,2014,https://cms5.revize.com/revize/bridgewater/The%20Current/December%202014%20-%20Election%20Results%20&%20Christmas%20Parade.pdf,result,catalog,ERROR
Chelsea,2015,https://cms5.revize.com/revize/barry/Annual-Report-2015.pdf,atr,nodes,ERROR
Chelsea,2015,https://cms5.revize.com/revize/barrycounty/Annual-Report-2015.pdf,atr,nodes,ERROR
Chelsea,2016,https://cms5.revize.com/revize/barry/2016%20Annual%20report.pdf,atr,nodes,ERROR
Chelsea,2016,https://cms5.revize.com/revize/barry/2016%20Drain%20Commissioner%20Annual%20Report.pdf,atr,nodes,ERROR
Chelsea,2016,https://cms5.revize.com/revize/barrycounty/2016%20Annual%20report.pdf,atr,nodes,ERROR
Chelsea,2016,https://cms5.revize.com/revize/barrycounty/2016%20Drain%20Commissioner%20Annual%20Report.pdf,atr,nodes,ERROR
Chelsea,2016,https://cms5.revize.com/revize/bellflowerca/SR%20Package%20-%20Public%20&%20Park%20Facilities%20Fees%20Annual%20Report%20(2016-17).pdf,atr,nodes,ERROR
Chelsea,2017,https://cms5.revize.com/revize/BOH/2017AnnualReport%20Final.pdf,atr,nodes,ERROR
Chelsea,2017,https://cms5.revize.com/revize/barry/2017%20Annual%20Report.pdf,atr,nodes,ERROR
Chelsea,2017,https://cms5.revize.com/revize/barrycounty/2017%20Annual%20Report.pdf,atr,nodes,ERROR
Chelsea,2017,https://cms5.revize.com/revize/bellflowerca/Staff%20Report%20Package%20-%20DIF%20Annual%20Report%20(2017-18).pdf,atr,nodes,ERROR
Chelsea,2018,https://cms5.revize.com/revize/barry/Annual-Report-2018.pdf,atr,nodes,ERROR
Chelsea,2018,https://cms5.revize.com/revize/barrycounty/Annual-Report-2018.pdf,atr,nodes,ERROR
Chelsea,2018,https://cms5.revize.com/revize/barrycounty/Departments%20&%20Officials/Officials/County%20Clerk/Elections/Election%20Results/2018/StatementOf%20VotesCast%20-%20Nov.%202018%20-%20Amended%20Official%20Results.pdf,result,catalog,ERROR
Chelsea,2018,https://cms5.revize.com/revize/bellflowerca/Agenda%20Item%2014-F%20-%20DIF%20Annual%20Report%20(2018-19).pdf,atr,nodes,ERROR
Chelsea,2019,https://cms5.revize.com/revize/BOH/2019%20BCGHD%20Annual%20Report_FINAL1.pdf,atr,nodes,ERROR
Chelsea,2019,https://cms5.revize.com/revize/bellflowerca/SR%20Package%20-%20DIF%20Annual%20Report%20(2019-20).pdf,atr,nodes,ERROR
Chelsea,2020,https://cms5.revize.com/revize/BOH/2020%20BCGHD%20Annual%20Report%20FINAL.pdf,atr,nodes,ERROR
Westborough,2000,https://www.town.westborough.ma.us/sites/westboroughma/files/uploads/2000_youth_annual_report.pdf,atr,nodes,ERROR
Westborough,2001,https://www.town.westborough.ma.us/sites/westboroughma/files/uploads/2001_youth_annual_report.pdf,atr,nodes,ERROR
Westborough,2002,https://www.town.westborough.ma.us/sites/westboroughma/files/uploads/2002_youth_annual_report.pdf,atr,nodes,ERROR
Westborough,2003,https://www.town.westborough.ma.us/sites/westboroughma/files/uploads/2003_youth_annual_report.pdf,atr,nodes,ERROR
Westborough,2004,https://www.town.westborough.ma.us/sites/westboroughma/files/uploads/2004_youth_annual_report.pdf,atr,nodes,ERROR
Westborough,2005,https://www.town.westborough.ma.us/sites/westboroughma/files/uploads/2005_youth_annual_report.pdf,atr,nodes,ERROR
Westborough,2006,https://www.town.westborough.ma.us/sites/westboroughma/files/uploads/2006_youth_annual_report.pdf,atr,nodes,ERROR
Westborough,2007,https://www.town.westborough.ma.us/sites/westboroughma/files/uploads/2007_youth_annual_report.pdf,atr,nodes,ERROR
Westborough,2008,https://www.town.westborough.ma.us/sites/westboroughma/files/uploads/2008_youth_annual_report.pdf,atr,nodes,ERROR
Westborough,2009,https://www.town.westborough.ma.us/sites/westboroughma/files/uploads/2009_youth_annual_report.pdf,atr,nodes,ERROR
Westborough,2010,https://www.town.westborough.ma.us/sites/westboroughma/files/uploads/2010_youth_annual_report.pdf,atr,nodes,ERROR
Westborough,2011,http://town.westborough.ma.us/Public_Documents/WestboroughMA_TownReports/2011%20Annual%20Report.pdf,atr,nodes,ERROR
Westborough,2011,http://www.town.westborough.ma.us/public_documents/FV1-00010A3E/FV1-00045670/2011%20Annual%20Town%20Report.pdf,atr,nodes,ERROR
Westborough,2011,https://www.town.westborough.ma.us/sites/westboroughma/files/uploads/2011_annual_report.pdf,atr,nodes,ERROR
Westborough,2011,https://www.town.westborough.ma.us/sites/westboroughma/files/uploads/2011_youth_annual_report.pdf,atr,nodes,ERROR
Westborough,2012,http://town.westborough.ma.us/Public_Documents/WestboroughMA_TownReports/2012%20Annual%20Report.pdf,atr,nodes,ERROR
Westborough,2012,https://www.town.westborough.ma.us/sites/westboroughma/files/uploads/2012_annual_report.pdf,atr,nodes,ERROR
Westborough,2012,https://www.town.westborough.ma.us/sites/westboroughma/files/uploads/2012_youth_annual_report.pdf,atr,nodes,ERROR
Westborough,2013,http://town.westborough.ma.us/Public_Documents/WestboroughMA_TownReports/2013%20Annual%20Town%20Report.pdf,atr,nodes,ERROR
Westborough,2013,https://www.town.westborough.ma.us/sites/westboroughma/files/uploads/2013_annual_town_report.pdf,atr,nodes,ERROR
Westborough,2013,https://www.town.westborough.ma.us/sites/westboroughma/files/uploads/2013_youth_annual_report.pdf,atr,nodes,ERROR
Westborough,2014,http://town.westborough.ma.us/Public_Documents/WestboroughMA_TownReports/2014%20ATR.pdf,atr,nodes,ERROR
Westborough,2014,https://www.town.westborough.ma.us/sites/westboroughma/files/uploads/2014_youth_annual_report.pdf,atr,nodes,ERROR
Westborough,2015,https://www.town.westborough.ma.us/sites/westboroughma/files/uploads/2015_youth_annual_report.pdf,atr,nodes,ERROR
Westborough,2016,https://www.town.westborough.ma.us/sites/westboroughma/files/uploads/2016_youth_annual_report.pdf,atr,nodes,ERROR
Westborough,2017,https://www.town.westborough.ma.us/sites/westboroughma/files/uploads/2017_annual_town_report.pdf,atr,nodes,ERROR
Westborough,2018,https://town.westborough.ma.us/ImageRepository/Document?documentID=109,result,catalog,NOT_PDF
Westborough,2019,https://www.town.westborough.ma.us/sites/g/files/vyhlif5176/f/uploads/2019_annual_town_report.pdf,atr,nodes,ERROR
Westborough,2019,https://www.town.westborough.ma.us/sites/westboroughma/files/news/2019_town_election_results.pdf,result,catalog,ERROR
Westborough,2019,https://www.town.westborough.ma.us/sites/westboroughma/files/pages/boroughs_2019_annual_report.pdf,atr,nodes,ERROR
Westborough,2019,https://www.town.westborough.ma.us/sites/westboroughma/files/uploads/2019_town_election_results.pdf,result,catalog,ERROR
Huntington,2006,http://www.huntingtonma.us/AnnualReports/2006_AnnualReport-sm.pdf,atr,nodes,ERROR
Huntington,2006,https://www.huntingtonma.us/Reports/2006_AnnualReport-sm.pdf,atr,nodes,ERROR
Huntington,2007,http://www.huntingtonma.us/AnnualReports/2007_AnnualReport.pdf,atr,nodes,ERROR
Huntington,2007,https://www.huntingtonma.us/Reports/2007_AnnualReport.pdf,atr,nodes,ERROR
Huntington,2008,http://www.huntingtonma.us/AnnualReports/2008_AnnualReport.pdf,atr,nodes,ERROR
Huntington,2008,https://www.huntingtonma.us/Reports/2008_AnnualReport.pdf,atr,nodes,ERROR
Huntington,2009,http://www.huntingtonma.us/Documents/2009AnnualReport.pdf,atr,nodes,ERROR
Huntington,2011,http://www.huntingtonma.us/AnnualReports/2011AnnualReport.pdf,atr,nodes,ERROR
Huntington,2011,https://www.huntingtonma.us/Reports/2011AnnualReport.pdf,atr,nodes,ERROR
Huntington,2013,http://www.huntingtonma.us/AnnualReports/Huntington_Annual_Report_2013.pdf,atr,nodes,ERROR
Huntington,2013,https://www.huntingtonma.us/Reports/Huntington_Annual_Report_2013.pdf,atr,nodes,ERROR
Huntington,2014,http://huntingtonma.us/AnnualReports/2014_Huntington_Annual_Town_Report-web.pdf,atr,nodes,ERROR
Huntington,2014,https://www.huntingtonma.us/Reports/2014_Huntington_Annual_Town_Report-web.pdf,atr,nodes,ERROR
Huntington,2016,http://www.huntingtonma.us/AnnualReports/2016_Huntington_Annual_Town_Report-web.pdf,atr,nodes,ERROR
Huntington,2016,https://www.huntingtonma.us/Reports/2016_Huntington_Annual_Town_Report-web.pdf,atr,nodes,ERROR
Huntington,2017,http://huntingtonma.us/AnnualReports/2017%20Huntington%20Annual%20Report.pdf,atr,nodes,ERROR
Huntington,2017,https://www.huntingtonma.us/Reports/2017%20Huntington%20Annual%20Report.pdf,atr,nodes,ERROR
Huntington,2018,https://www.huntingtonma.us/Reports/2018_Huntington_Annual_Town_Report-web.pdf,atr,nodes,ERROR
Huntington,2019,https://www.huntingtonma.us/Reports/2019_Huntington_Annual_Town_Report-web.pdf,atr,nodes,ERROR
Huntington,2020,https://huntingtonma.us/Reports/2020_Huntington_Annual_Town_Report-web.pdf,atr,nodes,ERROR
Pembroke,2007,http://www.pembroke-ma.gov/sites/pembrokema/files/uploads/2007_annual_report.pdf,atr,nodes,ERROR
Pembroke,2008,http://pembroke-ma.gov/pdfs%20and%20forms/annualreport2008.pdf,atr,nodes,ERROR
Pembroke,2008,http://www.pembroke-ma.gov/sites/pembrokema/files/uploads/2008_annual_report.pdf,atr,nodes,ERROR
Pembroke,2009,http://www.pembroke-ma.gov/sites/pembrokema/files/uploads/2009_annual_report.pdf,atr,nodes,ERROR
Pembroke,2010,http://www.pembroke-ma.gov/sites/pembrokema/files/uploads/2010_annual_report.pdf,atr,nodes,ERROR
Pembroke,2010,http://www.pembroke-ma.gov/sites/pembrokema/files/uploads/town_manager_by-law_article_2010_town_report1.pdf,atr,nodes,ERROR
Pembroke,2011,http://www.pembroke-ma.gov/sites/pembrokema/files/uploads/2011_annual_report.pdf,atr,nodes,ERROR
Pembroke,2012,http://www.pembroke-ma.gov/sites/pembrokema/files/uploads/2012_annual_report.pdf,atr,nodes,ERROR
Pembroke,2013,http://www.pembroke-ma.gov/sites/pembrokema/files/uploads/2013_annual_report.pdf,atr,nodes,ERROR
Pembroke,2014,http://www.pembroke-ma.gov/sites/pembrokema/files/uploads/2014_annual_town_report.pdf,atr,nodes,ERROR
Pembroke,2015,http://www.pembroke-ma.gov/sites/pembrokema/files/uploads/2015_annual_report.pdf,atr,nodes,ERROR
Pembroke,2015,http://www.pembroke-ma.gov/sites/pembrokema/files/uploads/2015_annual_report_updated.pdf,atr,nodes,ERROR
Pembroke,2015,http://www.pembroke-ma.gov/sites/pembrokema/files/uploads/2015_annual_report_updated_may.pdf,atr,nodes,ERROR
Pembroke,2015,http://www.pembroke-ma.gov/sites/pembrokema/files/uploads/pactv_2015_annual_report.pdf,atr,nodes,ERROR
Pembroke,2018,https://www.pembroke-ma.gov/sites/g/files/vyhlif3666/f/uploads/copy_of_tally_sheet_town_election_may_12_2018_0_0.pdf,result,catalog,ERROR
Pembroke,2019,https://www.pembroke-ma.gov/sites/g/files/vyhlif3666/f/uploads/pembroke_annual_report_2019.pdf,atr,nodes,ERROR
Harvard,2008,https://www.harvard-ma.gov/sites/g/files/vyhlif676/f/uploads/2008_town_report.pdf,atr,nodes,ERROR
Harvard,2009,https://www.harvard-ma.gov/sites/g/files/vyhlif676/f/uploads/2009_town_report.pdf,atr,nodes,ERROR
Harvard,2010,https://www.harvard-ma.gov/sites/g/files/vyhlif676/f/uploads/2010_town_report_a.pdf,atr,nodes,ERROR
Harvard,2010,https://www.harvard-ma.gov/sites/g/files/vyhlif676/f/uploads/2010_town_report_b.pdf,atr,nodes,ERROR
Harvard,2011,https://www.harvard-ma.gov/sites/g/files/vyhlif676/f/uploads/2011_town_report.pdf,atr,nodes,ERROR
Harvard,2012,https://www.harvard-ma.gov/sites/g/files/vyhlif676/f/uploads/2012_town_report.pdf,atr,nodes,ERROR
Harvard,2013,https://www.harvard-ma.gov/sites/g/files/vyhlif676/f/uploads/2013_-_town_report.pdf,atr,nodes,ERROR
Harvard,2014,https://www.harvard-ma.gov/sites/g/files/vyhlif676/f/uploads/2014_town_report.pdf,atr,nodes,ERROR
Harvard,2015,https://www.harvard-ma.gov/sites/g/files/vyhlif676/f/uploads/2015_town_report.pdf,atr,nodes,ERROR
Harvard,2016,https://www.harvard-ma.gov/sites/g/files/vyhlif676/f/uploads/2016_-_town_report_-final_with_page_numbers.pdf,atr,nodes,ERROR
Harvard,2017,https://www.harvard-ma.gov/sites/g/files/vyhlif676/f/uploads/2017_submission_letter_with_exhibits_-_annual_report_to_con_com.pdf,atr,nodes,ERROR
Harvard,2017,https://www.harvard-ma.gov/sites/g/files/vyhlif676/f/uploads/annual_town_report_-_2017_final.pdf,atr,nodes,ERROR
Leominster,2005,http://leominster-ma.gov/images/images_comptroller_dept/pdfs/annual-report-2005.pdf,atr,nodes,ERROR
Leominster,2006,http://leominster-ma.gov/images/images_comptroller_dept/pdfs/annual-report-2006.pdf,atr,nodes,ERROR
Leominster,2006,http://www.leominster-ma.gov/images/images_public_works_dept/pdfs/fy2006_annual_report.pdf,atr,nodes,ERROR
Leominster,2007,http://leominster-ma.gov/images/images_comptroller_dept/pdfs/annual-report-2007.pdf,atr,nodes,ERROR
Leominster,2008,http://leominster-ma.gov/images/images_comptroller_dept/pdfs/annual-report-2008.pdf,atr,nodes,ERROR
Leominster,2009,http://leominster-ma.gov/images/images_comptroller_dept/pdfs/annual_report_2009.pdf,atr,nodes,ERROR
Leominster,2010,http://leominster-ma.gov/images/images_comptroller_dept/pdfs/annual_report_2010.pdf,atr,nodes,ERROR
Leominster,2018,https://www.leominster-ma.gov/documents/Clerk/2018%20Nov%20Election%20-%20Tally%20-%20%20For%20Web%20Site.pdf,result,catalog,ERROR
Leominster,2019,https://leominster-ma.gov/DocumentCenter/View/1158/09-05-2019-Municipal-Election-Official-Results-PDF,result,catalog,ERROR
Bernardston,2009,http://townofbernardston.org/images/bpd/pdf/2009_annual_report.pdf,atr,nodes,ERROR
Bernardston,2010,http://townofbernardston.org/images/bpd/pdf/2010_annual_report.pdf,atr,nodes,ERROR
Bernardston,2011,http://townofbernardston.org/images/bpd/pdf/2011_annual_report.pdf,atr,nodes,ERROR
Bernardston,2012,http://townofbernardston.org/images/bpd/pdf/2012_annual_report.pdf,atr,nodes,ERROR
Bernardston,2013,http://townofbernardston.org/images/bpd/pdf/2013_annual_report.pdf,atr,nodes,ERROR
Bernardston,2014,http://townofbernardston.org/images/bpd/pdf/2014_annual_report.pdf,atr,nodes,ERROR
Medway,2015,http://www.townofmedway.org:80/Pages/MedwayMA_Clerk/2015-Annual-Election-Results.pdf,result,catalog,ERROR
Medway,2015,http://www.townofmedway.org:80/sites/medwayma/files/uploads/2015-annual-election-results.pdf,result,catalog,ERROR
Medway,2015,http://www.townofmedway.org:80/sites/medwayma/files/uploads/pedb_2015_annual_town_report_-_final_4-1-16_0.pdf,atr,nodes,ERROR
Winchendon,2016,http://www.townofwinchendon.com:80/sites/winchendonma/files/uploads/2016_complete_annual_report.pdf,atr,nodes,ERROR
Winchendon,2016,http://www.townofwinchendon.com:80/sites/winchendonma/files/uploads/2016_complete_annual_report_0.pdf,atr,nodes,ERROR
Manchester,2010,http://www.manchester.ma.us:80/Pages/ManchesterMA_BOS/2010TownReport.pdf,atr,nodes,ERROR
Tyngsborough,2014,http://www.tyngsboroughma.gov:80/download/documents/2014/2014-05-13_TownElection_OfficialResults.pdf,result,catalog,ERROR
Marshfield,2005,http://cms3.revize.com/revize/bellcounty/county_government/county_clerk/elections/docs/results/Bell_County_2005_Constitutional_Amendment_Election___11_08_05___Official_Res.pdf,result,catalog,ERROR
Marshfield,2005,http://cms3.revize.com/revize/bellcounty/county_government/county_clerk/elections/docs/results_precinct/Bell_County_2005_Constitutional_Amendment_Election___11_08_05___Official_Res.pdf,result,catalog,ERROR
Marshfield,2008,http://cms3.revize.com/revize/bellcounty/county_government/county_clerk/elections/docs/results/2008RepublicanPrimary.PDF,result,catalog,ERROR
Marshfield,2008,https://cms3.revize.com/revize/bellcountytx/county_government/county_clerk/elections/docs/results/2008RepublicanPrimary.PDF,result,catalog,ERROR
Marshfield,2012,http://cms3.revize.com/revize/bellcounty/county_government/county_clerk/elections/docs/results/Democratic_2012_Primary_Pct_by_Pct.pdf,result,catalog,ERROR
Marshfield,2012,http://cms3.revize.com/revize/bellcounty/county_government/county_clerk/elections/docs/results_precinct/Republican_2012_Primary_Pct_by_Pct.pdf,result,catalog,ERROR
Marshfield,2013,http://cms3.revize.com/revize/bellcounty/departments/elections/docs/2013_Constitutional_Election_Precinct_by_Precinct_Results.pdf,result,catalog,ERROR
Marshfield,2013,http://cms3.revize.com/revize/bellcounty/departments/elections/docs/2013_Constitutional_Election_Summary_Results.pdf,result,catalog,ERROR
Marshfield,2013,http://cms3.revize.com/revize/bellcounty/departments/engineer_2/docs/2013_Annual_Report_Engineers_Office.pdf,atr,nodes,ERROR
Marshfield,2014,http://cms3.revize.com/revize/bellcounty/departments/elections/docs/Democrat_2014_Primary_Runoff_Results.pdf,result,catalog,ERROR
Marshfield,2014,http://cms3.revize.com/revize/bellcounty/departments/elections/docs/Republican_2014_Primary_Runoff_Results.pdf,result,catalog,ERROR
Marshfield,2014,http://cms3.revize.com/revize/bellcounty/departments/engineer_2/docs/2014_Annual_Report_Engineers_Office.pdf,atr,nodes,ERROR
Marshfield,2016,http://cms3.revize.com/revize/bellcounty/departments/juvenile_probation/docs/2016%20Annual%20Report.pdf,atr,nodes,ERROR
Marshfield,2017,https://cms3.revize.com/revize/boylstonma/Documents/Community/Government/Board%20of%20Selectman/Reports%20&%20Policies/2017_annual_town_report.pdf,atr,nodes,ERROR
Marshfield,2018,https://cms3.revize.com/revize/boylstonma/Documents/Community/Government/Board%20of%20Selectman/Reports%20&%20Policies/official_town_report_2018_-_final.pdf,atr,nodes,ERROR
Marshfield,2019,https://cms3.revize.com/revize/boylstonma/Documents/Community/Government/Board%20of%20Selectman/Reports%20&%20Policies/offical_annual_town_report_2019.pdf,atr,nodes,ERROR
Marshfield,2020,https://cms3.revize.com/revize/allentx/Documents/Departments/Engineering%20and%20Traffic/Stormwater%20Management/TPDES%20Annual%20Report%20-%20Term%203%20Year%201%20(2020).pdf,atr,nodes,ERROR
Marshfield,2020,https://cms3.revize.com/revize/bellcountytx/elections/Results/07.14.2020_Polling_Site_Summary_DEM.pdf,result,catalog,ERROR
Marshfield,2020,https://cms3.revize.com/revize/bellcountytx/elections/Results/07.14.2020_Polling_Site_Summary_REP.pdf,result,catalog,ERROR
Barnstable,2014,https://barnstable.gov/Departments\TownManager\Annual_Reports\FY2014_AR_Web.pdf?tm=7/26/2026 10:03:34 PM,atr,nodes,ERROR
Barnstable,2014,https://barnstable.gov/Departments\TownManager\Annual_Reports\FY2014_AR_Web.pdf?tm=7/26/2026 10:32:18 PM,atr,nodes,ERROR
Barnstable,2014,https://barnstable.gov/Departments\TownManager\Annual_Reports\FY2014_AR_Web.pdf?tm=7/26/2026 2:52:53 PM,atr,nodes,ERROR
Barnstable,2014,https://barnstable.gov/Departments\TownManager\Annual_Reports\FY2014_AR_Web.pdf?tm=7/27/2026 1:01:14 PM,atr,nodes,ERROR
Barnstable,2014,https://barnstable.gov/Departments\TownManager\Annual_Reports\FY2014_AR_Web.pdf?tm=7/27/2026 1:39:47 PM,atr,nodes,ERROR
Barnstable,2015,https://barnstable.gov/Departments\TownManager\Annual_Reports\Barnstable-Annual-Report-2015.pdf?tm=7/26/2026 10:03:34 PM,atr,nodes,ERROR
Barnstable,2015,https://barnstable.gov/Departments\TownManager\Annual_Reports\Barnstable-Annual-Report-2015.pdf?tm=7/26/2026 10:32:18 PM,atr,nodes,ERROR
Barnstable,2015,https://barnstable.gov/Departments\TownManager\Annual_Reports\Barnstable-Annual-Report-2015.pdf?tm=7/26/2026 2:52:53 PM,atr,nodes,ERROR
Barnstable,2015,https://barnstable.gov/Departments\TownManager\Annual_Reports\Barnstable-Annual-Report-2015.pdf?tm=7/27/2026 1:01:14 PM,atr,nodes,ERROR
Barnstable,2015,https://barnstable.gov/Departments\TownManager\Annual_Reports\Barnstable-Annual-Report-2015.pdf?tm=7/27/2026 1:39:47 PM,atr,nodes,ERROR
Barnstable,2016,https://barnstable.gov/Departments\TownManager\Annual_Reports\AR_2016_for_WEB.pdf?tm=7/26/2026 10:03:34 PM,atr,nodes,ERROR
Barnstable,2016,https://barnstable.gov/Departments\TownManager\Annual_Reports\AR_2016_for_WEB.pdf?tm=7/26/2026 10:32:18 PM,atr,nodes,ERROR
Barnstable,2016,https://barnstable.gov/Departments\TownManager\Annual_Reports\AR_2016_for_WEB.pdf?tm=7/26/2026 2:52:53 PM,atr,nodes,ERROR
Barnstable,2016,https://barnstable.gov/Departments\TownManager\Annual_Reports\AR_2016_for_WEB.pdf?tm=7/27/2026 1:01:14 PM,atr,nodes,ERROR
Barnstable,2016,https://barnstable.gov/Departments\TownManager\Annual_Reports\AR_2016_for_WEB.pdf?tm=7/27/2026 1:39:47 PM,atr,nodes,ERROR
Barnstable,2017,https://barnstable.gov/Departments\TownManager\Annual_Reports\2017.pdf?tm=7/26/2026 10:03:34 PM,atr,nodes,ERROR
Barnstable,2017,https://barnstable.gov/Departments\TownManager\Annual_Reports\2017.pdf?tm=7/26/2026 10:32:18 PM,atr,nodes,ERROR
Barnstable,2017,https://barnstable.gov/Departments\TownManager\Annual_Reports\2017.pdf?tm=7/26/2026 2:52:53 PM,atr,nodes,ERROR
Barnstable,2017,https://barnstable.gov/Departments\TownManager\Annual_Reports\2017.pdf?tm=7/27/2026 1:01:14 PM,atr,nodes,ERROR
Barnstable,2017,https://barnstable.gov/Departments\TownManager\Annual_Reports\2017.pdf?tm=7/27/2026 1:39:47 PM,atr,nodes,ERROR
Barnstable,2018,https://barnstable.gov/Departments\TownManager\Annual_Reports\2018.pdf?tm=7/26/2026 10:03:34 PM,atr,nodes,ERROR
Barnstable,2018,https://barnstable.gov/Departments\TownManager\Annual_Reports\2018.pdf?tm=7/26/2026 10:32:18 PM,atr,nodes,ERROR
Barnstable,2018,https://barnstable.gov/Departments\TownManager\Annual_Reports\2018.pdf?tm=7/26/2026 2:52:53 PM,atr,nodes,ERROR
Barnstable,2018,https://barnstable.gov/Departments\TownManager\Annual_Reports\2018.pdf?tm=7/27/2026 1:01:14 PM,atr,nodes,ERROR
Barnstable,2018,https://barnstable.gov/Departments\TownManager\Annual_Reports\2018.pdf?tm=7/27/2026 1:39:47 PM,atr,nodes,ERROR
Barnstable,2019,https://barnstable.gov/Departments\TownManager\Annual_Reports\2019-.pdf?tm=7/26/2026 10:03:34 PM,atr,nodes,ERROR
Barnstable,2019,https://barnstable.gov/Departments\TownManager\Annual_Reports\2019-.pdf?tm=7/26/2026 10:32:18 PM,atr,nodes,ERROR
Barnstable,2019,https://barnstable.gov/Departments\TownManager\Annual_Reports\2019-.pdf?tm=7/26/2026 2:52:53 PM,atr,nodes,ERROR
Barnstable,2019,https://barnstable.gov/Departments\TownManager\Annual_Reports\2019-.pdf?tm=7/27/2026 1:01:14 PM,atr,nodes,ERROR
Barnstable,2019,https://barnstable.gov/Departments\TownManager\Annual_Reports\2019-.pdf?tm=7/27/2026 1:39:47 PM,atr,nodes,ERROR
Barnstable,2020,https://barnstable.gov/Departments\TownManager\Annual_Reports\2020.pdf?tm=7/26/2026 10:03:34 PM,atr,nodes,ERROR
Barnstable,2020,https://barnstable.gov/Departments\TownManager\Annual_Reports\2020.pdf?tm=7/26/2026 10:32:18 PM,atr,nodes,ERROR
Barnstable,2020,https://barnstable.gov/Departments\TownManager\Annual_Reports\2020.pdf?tm=7/26/2026 2:52:53 PM,atr,nodes,ERROR
Barnstable,2020,https://barnstable.gov/Departments\TownManager\Annual_Reports\2020.pdf?tm=7/27/2026 1:01:14 PM,atr,nodes,ERROR
Barnstable,2020,https://barnstable.gov/Departments\TownManager\Annual_Reports\2020.pdf?tm=7/27/2026 1:39:47 PM,atr,nodes,ERROR
Greenfield,2012,http://greenfield-ma.gov/files/Annual_Report_FY2012_Greenfield_Council_on_Aging.pdf,atr,nodes,ERROR
Greenfield,2013,http://greenfield-ma.gov/files/Annual_Report_FY2013_Greenfield_Council_on_Aging.pdf,atr,nodes,ERROR
Greenfield,2014,http://greenfield-ma.gov/files/Annual_Report_FY2014_Greenfield_Council_on_Aging.pdf,atr,nodes,ERROR
Greenfield,2015,http://greenfield-ma.gov/files/Annual_Report_FY2015_Greenfield_COA.pdf,atr,nodes,ERROR
Greenfield,2015,http://greenfield-ma.gov/files/Town_Election_2015_Results.pdf,result,catalog,ERROR
Greenfield,2015,https://greenfield-ma.gov/files/2015_Local_Election_2015-NOV-3_Final_Results.pdf,result,catalog,ERROR
Greenfield,2017,https://greenfield-ma.gov/departments/police/Document_Center/Department/Police/Reports/Use-Of-Force-Report-2017.pdf?t=202302171053450,atr,nodes,ERROR
Greenfield,2017,https://greenfield-ma.gov/files/2017_Local_Election_2017-NOV-7_Unofficial_Results.pdf,result,catalog,ERROR
Greenfield,2017,https://greenfield-ma.gov/files/2017_Local_Preliminary_Election_2017-SEP-12_Final_Results.pdf,result,catalog,ERROR
Greenfield,2018,https://greenfield-ma.gov/departments/police/Document_Center/Department/Police/Reports/Bias-Based-Policing-Annual-Report-2018.pdf?t=202302171113480,atr,nodes,ERROR
Greenfield,2018,https://greenfield-ma.gov/departments/police/Document_Center/Department/Police/Reports/Use-Of-Force-Report-2018.pdf?t=202302171053070,atr,nodes,ERROR
Greenfield,2018,https://greenfield-ma.gov/files/2018-1102-SGIC_annual_report.pdf,atr,nodes,ERROR
Greenfield,2019,https://greenfield-ma.gov/departments/police/Document_Center/Department/Police/Reports/Bias-Based-Policing-Annual-Report-2019.pdf?t=202302171112580,atr,nodes,ERROR
Greenfield,2019,https://greenfield-ma.gov/departments/police/Document_Center/Department/Police/Reports/Use-Of-Force-Report-2019.pdf?t=202302171051460,atr,nodes,ERROR
Greenfield,2019,https://greenfield-ma.gov/files/2019_Local_Biennial_Election_2019-NOV-5_Official_Results.pdf,result,catalog,ERROR
Greenfield,2019,https://greenfield-ma.gov/files/2019_Local_Biennial_Election_2019-NOV-5_Unofficial_Results.pdf,result,catalog,ERROR
Greenfield,2019,https://greenfield-ma.gov/files/2019_Local_Preliminary_Election-2019-SEP-10_Final_Results.pdf,result,catalog,ERROR
Greenfield,2019,https://greenfield-ma.gov/files/2019_Local_Preliminary_Election-2019-SEP-10_Unofficial_Results.pdf,result,catalog,ERROR
Greenfield,2019,https://greenfield-ma.gov/files/Planning_and_Construction_-_Annual_Report_2018-2019.pdf,atr,nodes,ERROR
Greenfield,2020,https://greenfield-ma.gov/departments/police/Document_Center/Department/Police/Reports/Bias-Based-Policing-Annual-Report-2020.pdf?t=202302171111390,atr,nodes,ERROR
Greenfield,2020,https://greenfield-ma.gov/departments/police/Document_Center/Department/Police/Reports/Use-Of-Force-Report-2020.pdf?t=202302171050230,atr,nodes,ERROR
Ashfield,2010,http://www.ashfield.org/documents/selectboard/2010_Local_Election_Results_5-10-10.pdf,result,catalog,ERROR
Ashfield,2011,http://ashfield.org/documents/SelectBoard/AnnualTownReport2011.pdf,atr,nodes,ERROR
Ashfield,2012,http://ashfield.org/documents/SelectBoard/AshfieldAnnualTownReportfor2012.pdf,atr,nodes,ERROR
Ashfield,2012,http://ashfield.org/documents/selectboard/Ashfield%20Local%20Election%20Results%20May%205%202012.pdf,result,catalog,ERROR
Ashfield,2014,http://ashfield.org/documents/SelectBoard/AshfieldAnnualReport2014.pdf,atr,nodes,ERROR
Burlington,2012,http://burlington.org/burlington/businesstest/uploads/Burlington_2012_Annual_Report.pdf,atr,nodes,ERROR
Burlington,2012,http://www.burlington.org/community_development/docs/VETERANS_SERVICES/2012_Burlington_MA_Annual_Report.pdf,atr,nodes,ERROR
Burlington,2013,http://www.burlington.org/community_development/docs/VETERANS_SERVICES/2013_Burlington_MA_Annual_Report_Revised_for_Website.pdf,atr,nodes,ERROR
Burlington,2013,http://www.burlington.org/residents/docs/Annual_Report_2013_BM_PART_2.pdf,atr,nodes,ERROR
Burlington,2014,http://www.burlington.org/community_development/docs/2_Annual_Report_2014_FULL_2014_159_pgs_amended.pdf,atr,nodes,ERROR
Burlington,2014,http://www.burlington.org/community_development/docs/VETERANS_SERVICES/revised_web_2014_Annual_Report.pdf,atr,nodes,ERROR
Burlington,2014,http://www.burlington.org/document_center/May_2014_Town_Election_Results.pdf,result,catalog,ERROR
Burlington,2014,http://www.burlington.org/residents/docs/2014AnnualReport.pdf,atr,nodes,ERROR
Burlington,2014,http://www.burlington.org/town_government/docs/2014_Burlington_MA_Annual_Report.pdf,atr,nodes,ERROR
Burlington,2015,http://www.burlington.org/town_government/docs/2015%20BURLINGTON%20MA%20ANNUAL%20REPORT.pdf,atr,nodes,ERROR
Burlington,2016,http://www.burlington.org/2016%20Burlington%20Annual%20Report.pdf,atr,nodes,ERROR
Burlington,2018,http://www.burlington.org/BurlingtonAnnualReport2018F.pdf,atr,nodes,ERROR
Abington,2014,http://www.abingtonma.gov/sites/abingtonma/files/file/file/2014_annual_report_of_the_abington_fire_department.pdf,atr,nodes,ERROR
Abington,2014,http://www.abingtonma.gov/sites/abingtonma/files/file/file/2014_town_report.pdf,atr,nodes,ERROR
Abington,2014,https://www.abingtonma.gov/sites/g/files/vyhlif236/f/file/file/2014_town_report.pdf,atr,nodes,ERROR
Abington,2015,http://www.abingtonma.gov/sites/abingtonma/files/file/file/2015_town_annual_report_0.pdf,atr,nodes,ERROR
Abington,2015,https://www.abingtonma.gov/sites/abingtonma/files/file/file/2015_annual_report_of_the_abington_fire_department.docx.pdf,atr,nodes,ERROR
Abington,2015,https://www.abingtonma.gov/sites/abingtonma/files/file/file/2015_town_annual_report.pdf,atr,nodes,ERROR
Abington,2015,https://www.abingtonma.gov/sites/g/files/vyhlif236/f/file/file/2015_town_annual_report_0.pdf,atr,nodes,ERROR
Abington,2017,https://www.abingtonma.gov/sites/g/files/vyhlif236/f/uploads/2017_town_report.pdf,atr,nodes,ERROR
Abington,2019,https://www.abingtonma.gov/sites/g/files/vyhlif236/f/uploads/abington_town_report_2019_web_file.pdf,atr,nodes,ERROR
Clinton,2014,http://www.clintonma.gov:80/2014%20Town%20Election%20Results.pdf,result,catalog,ERROR
Clinton,2015,http://www.clintonma.gov:80/2015%20Town%20Election%20Results.pdf,result,catalog,ERROR
Clinton,2016,http://www.clintonma.gov:80/2016%20Clinton%20Town%20Election%20Results.pdf,result,catalog,ERROR
Clinton,2016,http://www.clintonma.gov:80/2016%20Town%20Election%20Results.pdf,result,catalog,ERROR
Clinton,2017,http://www.clintonma.gov:80/2017%20Clinton%20Town%20Election%20Results.pdf,result,catalog,ERROR
Clinton,2018,http://www.clintonma.gov:80/2018%20Town%20Election%20Results.pdf,result,catalog,ERROR
Lincoln,2006,http://www.lincolntown.org/2006%20TOWN%20REPORT%20020107.pdf,atr,nodes,ERROR
Lincoln,2007,http://www.lincolntown.org/2007%20Election%20Results%20032707.pdf,result,catalog,ERROR
Lincoln,2011,http://www.lincolntown.org/Adobe%20Acrobat%20Files/Town%20Meeting%202011/2011%20OFFICIAL%20ATE%20Tally%20040411.pdf,result,catalog,ERROR
Berkley,2017,https://townofberkleyma.gov/wp-content/uploads/2025/09/May-6-2017-Election-Results.pdf,result,catalog,ERROR
Berkley,2020,https://townofberkleyma.gov/wp-content/uploads/2025/09/May-30-2020-Annual-Town-Election-Results.pdf,result,catalog,ERROR
Norwell,2005,http://www.townofnorwell.net:80/Public_Documents/NorwellMA_BComm/CPC2005AnnualReport.pdf,atr,nodes,ERROR
Ashburnham,2002,http://www.ashburnham-ma.gov/pages/AshburnhamMA_ElectionResults/2002-04-30AnnualTownElectionBallot.pdf,result,catalog,ERROR
Ashburnham,2004,http://www.ashburnham-ma.gov/Pages/AshburnhamMA_ElectionResults/2004-09-09RecallElection.pdf,result,catalog,ERROR
Ashburnham,2005,http://www.ashburnham-ma.gov/Pages/AshburnhamMA_Admin/2005TownAdministratorAnnualReport.pdf,atr,nodes,ERROR
Ashburnham,2006,http://www.ashburnham-ma.gov/pages/AshburnhamMA_ElectionResults/2006Primary.pdf,result,catalog,ERROR
Ashburnham,2007,http://www.ashburnham-ma.gov/Pages/AshburnhamMA_ElectionResults/2007-06-12Election.pdf,result,catalog,ERROR
Ashburnham,2007,http://www.ashburnham-ma.gov/pages/ashburnhamma_admin/annual/2007TownAdministratorAnnualReport.pdf,atr,nodes,ERROR
Ashburnham,2008,http://www.ashburnham-ma.gov/Pages/AshburnhamMA_Admin/annual/2008TownAdministratorAnnualReport.pdf,atr,nodes,ERROR
Ashburnham,2008,http://www.ashburnham-ma.gov/pages/AshburnhamMA_ElectionResults/Ballot%20for%20April%202008%20Election%20(2).pdf,result,catalog,ERROR
Ashburnham,2008,http://www.ashburnham-ma.gov/pages/ashburnhamma_electionresults/2008-02-05PresprimaryResults.pdf,result,catalog,ERROR
Ashburnham,2009,"http://www.ashburnham-ma.gov/Pages/AshburnhamMA_ElectionResults/Proceedings%20June%2016,%202009%20STM.pdf",result,catalog,ERROR
Ashburnham,2009,http://www.ashburnham-ma.gov/pages/ashburnhamma_electionresults/2009-06-16Election.pdf,result,catalog,ERROR
Ashburnham,2010,http://www.ashburnham-ma.gov/Pages/AshburnhamMA_ElectionResults/Election%20Results%2012-16-2010.pdf,result,catalog,ERROR
Ashburnham,2010,"http://www.ashburnham-ma.gov/Pages/AshburnhamMA_ElectionResults/Election%20Results%20for%20April%2027,%202010.PDF",result,catalog,ERROR
Ashburnham,2010,http://www.ashburnham-ma.gov/pages/AshburnhamMA_ElectionResults/Election%20Results%2011-02-2010.pdf,result,catalog,ERROR
Ashburnham,2011,http://www.ashburnham-ma.gov/Pages/AshburnhamMA_Admin/Annual%20Town%20Reports/2011%20ANNUAL%20TOWN%20REPORT.pdf,atr,nodes,ERROR
Ashburnham,2011,http://www.ashburnham-ma.gov/Pages/AshburnhamMA_ElectionResults/ANNUAL%20TOWN%20ELECTION%20APRIL%2026%202011%20RESULTS.pdf,result,catalog,ERROR
Ashburnham,2012,http://www.ashburnham-ma.gov/Pages/AshburnhamMA_Admin/Annual%20Town%20Reports/2012%20ANNUAL%20TOWN%20REPORT.pdf,atr,nodes,ERROR
Ashburnham,2012,http://www.ashburnham-ma.gov/pages/AshburnhamMA_ElectionResults/Annual%20Election%20Results%20April%2024%202012.pdf,result,catalog,ERROR
Ashburnham,2012,http://www.ashburnham-ma.gov/pages/ashburnhamma_admin/annual/2012%20TA%20ANNUAL%20REPORT.pdf,atr,nodes,ERROR
Ashburnham,2013,http://www.ashburnham-ma.gov/Pages/AshburnhamMA_Admin/Annual%20Town%20Reports/2013%20ANNUAL%20TOWN%20REPORT.pdf,atr,nodes,ERROR
Ashburnham,2013,http://www.ashburnham-ma.gov/Pages/AshburnhamMA_Admin/annual/2013%20TA%20ANNUAL%20REPORT.pdf,atr,nodes,ERROR
Ashburnham,2013,"http://www.ashburnham-ma.gov/pages/AshburnhamMA_ElectionResults/PROCEEDINGS%20OF%20TOWN%20ELECTION%20JUNE%2025,%202013.pdf",result,catalog,ERROR
Ashburnham,2013,http://www.ashburnham-ma.gov/pages/AshburnhamMA_ElectionResults/Town%20Election%20June%2025%202013.pdf,result,catalog,ERROR
Ashburnham,2014,http://www.ashburnham-ma.gov/Pages/AshburnhamMA_Admin/Annual%20Town%20Reports/2014%20ANNUAL%20TOWN%20REPORT.pdf,atr,nodes,ERROR
Ashburnham,2014,http://www.ashburnham-ma.gov/pages/AshburnhamMA_ElectionResults/Annual%20Election%20April%202014.pdf,result,catalog,ERROR
Ashburnham,2014,http://www.ashburnham-ma.gov/pages/ashburnhamma_admin/Annual/2014%20TA%20Annual%20Report.pdf,atr,nodes,ERROR
Ashburnham,2015,http://www.ashburnham-ma.gov/Pages/AshburnhamMA_Admin/Annual%20Town%20Reports/2015%20ANNUAL%20TOWN%20REPORT%201.pdf,atr,nodes,ERROR
Ashburnham,2015,http://www.ashburnham-ma.gov/Pages/AshburnhamMA_Admin/annual/2015%20TA%20Annual%20Report.pdf,atr,nodes,ERROR
Ashburnham,2015,http://www.ashburnham-ma.gov/Pages/AshburnhamMA_ElectionResults/Annual%20Election%20April%202015.pdf,result,catalog,ERROR
Ashburnham,2015,http://www.ashburnham-ma.gov/Pages/AshburnhamMA_ElectionResults/October%2027%202015%20Special%20Town%20Meeting.pdf,result,catalog,ERROR
Ashburnham,2015,http://www.ashburnham-ma.gov/Pages/AshburnhamMA_ElectionResults/Proceedings%20of%20October%2027%202015%20Special%20Town%20Meeting.pdf,result,catalog,ERROR
Ashburnham,2016,http://www.ashburnham-ma.gov/Pages/AshburnhamMA_ElectionResults/Proceedings%20of%20May%203%202016%20Annual%20Town%20Meeting.pdf,result,catalog,ERROR
Ashburnham,2016,"http://www.ashburnham-ma.gov/pages/AshburnhamMA_ElectionResults/ELECTION%20RESULTS%20APRIL%2026,%202016.pdf",result,catalog,ERROR
Ashburnham,2017,https://www.ashburnham-ma.gov/sites/g/files/vyhlif266/f/uploads/town_of_ashburnham_annual_report_2017.pdf,atr,nodes,ERROR
Ashburnham,2020,https://www.ashburnham-ma.gov/sites/g/files/vyhlif266/f/news/town_election_results_for_june_23_2020.pdf,result,catalog,ERROR
North Brookfield,2006,http://www.northbrookfield.net/documents/2006-town-report.pdf,atr,nodes,ERROR
North Brookfield,2006,http://www.northbrookfield.net/documents/Town%20Reports/2006-town-report.pdf,atr,nodes,ERROR
North Brookfield,2006,http://www.northbrookfield.net/sites/northbrookfieldma/files/uploads/2006_annual_report.pdf,atr,nodes,ERROR
North Brookfield,2006,https://www.northbrookfield.net/sites/g/files/vyhlif3576/f/uploads/2006_annual_report.pdf,atr,nodes,ERROR
North Brookfield,2007,http://www.northbrookfield.net/documents/Town%20Reports/2007%20Town%20Report.pdf,atr,nodes,ERROR
North Brookfield,2007,http://www.northbrookfield.net/sites/northbrookfieldma/files/uploads/2007_annual_report.pdf,atr,nodes,ERROR
North Brookfield,2007,https://www.northbrookfield.net/sites/g/files/vyhlif3576/f/uploads/2007_annual_report.pdf,atr,nodes,ERROR
North Brookfield,2008,http://www.northbrookfield.net/sites/northbrookfieldma/files/uploads/2008_town_report.pdf,atr,nodes,ERROR
North Brookfield,2008,https://www.northbrookfield.net/sites/g/files/vyhlif3576/f/uploads/2008_town_report.pdf,atr,nodes,ERROR
North Brookfield,2009,http://www.northbrookfield.net/documents/Town%20Reports/2009%20Town%20Report.pdf,atr,nodes,ERROR
North Brookfield,2009,http://www.northbrookfield.net/sites/northbrookfieldma/files/uploads/2009_annual_report.pdf,atr,nodes,ERROR
North Brookfield,2009,https://www.northbrookfield.net/sites/g/files/vyhlif3576/f/uploads/2009_annual_report.pdf,atr,nodes,ERROR
North Brookfield,2010,http://www.northbrookfield.net/documents/Town%20Reports/2010%20Town%20Report.pdf,atr,nodes,ERROR
North Brookfield,2010,http://www.northbrookfield.net/sites/northbrookfieldma/files/uploads/2010_annual_report.pdf,atr,nodes,ERROR
North Brookfield,2010,https://www.northbrookfield.net/sites/g/files/vyhlif3576/f/uploads/2010_annual_report.pdf,atr,nodes,ERROR
North Brookfield,2011,http://www.northbrookfield.net/sites/northbrookfieldma/files/uploads/2011_town_report_compressed.pdf,atr,nodes,ERROR
North Brookfield,2011,https://www.northbrookfield.net/sites/g/files/vyhlif3576/f/uploads/2011_town_report_compressed.pdf,atr,nodes,ERROR
North Brookfield,2012,http://www.northbrookfield.net/sites/northbrookfieldma/files/uploads/2012_annual_report.pdf,atr,nodes,ERROR
North Brookfield,2012,https://www.northbrookfield.net/sites/g/files/vyhlif3576/f/uploads/2012_annual_report.pdf,atr,nodes,ERROR
North Brookfield,2013,http://www.northbrookfield.net/sites/northbrookfieldma/files/uploads/2013_annual_report.pdf,atr,nodes,ERROR
North Brookfield,2013,https://www.northbrookfield.net/sites/g/files/vyhlif3576/f/uploads/2013_annual_report.pdf,atr,nodes,ERROR
North Brookfield,2014,http://northbrookfield.net/wp-content/uploads/2014/07/2011-Town-Report.pdf,atr,nodes,ERROR
North Brookfield,2014,http://www.northbrookfield.net/sites/northbrookfieldma/files/uploads/2014_annual_report_0.pdf,atr,nodes,ERROR
North Brookfield,2014,https://www.northbrookfield.net/sites/g/files/vyhlif3576/f/uploads/2014_annual_report_0.pdf,atr,nodes,ERROR
North Brookfield,2015,http://northbrookfield.net/wp-content/uploads/2015/05/2014-Town-Report.pdf,atr,nodes,ERROR
North Brookfield,2015,http://www.northbrookfield.net/sites/northbrookfieldma/files/uploads/2015_annual_report.pdf,atr,nodes,ERROR
North Brookfield,2015,https://www.northbrookfield.net/sites/g/files/vyhlif3576/f/uploads/2015_annual_report.pdf,atr,nodes,ERROR
North Brookfield,2016,https://www.northbrookfield.net/sites/g/files/vyhlif3576/f/uploads/2016_town_report.pdf,atr,nodes,ERROR
North Brookfield,2017,https://www.northbrookfield.net/sites/g/files/vyhlif3576/f/uploads/2017_town_report.pdf,atr,nodes,ERROR
North Brookfield,2018,https://www.northbrookfield.net/sites/g/files/vyhlif3576/f/uploads/2018_town_report.pdf,atr,nodes,ERROR
North Brookfield,2019,https://www.northbrookfield.net/sites/g/files/vyhlif3576/f/uploads/2019_town_report.pdf,atr,nodes,ERROR
North Brookfield,2020,https://www.northbrookfield.net/sites/g/files/vyhlif3576/f/uploads/2020_town_report.pdf,atr,nodes,ERROR
Middleton,2010,https://www.middletonma.gov/DocumentCenter/View/463,result,catalog,NOT_PDF
Middleton,2010,https://www.middletonma.gov/DocumentCenter/View/466,result,catalog,NOT_PDF
Middleton,2011,https://www.middletonma.gov/DocumentCenter/View/462,result,catalog,NOT_PDF
Middleton,2012,https://www.middletonma.gov/DocumentCenter/View/460,result,catalog,NOT_PDF
Middleton,2014,https://www.middletonma.gov/DocumentCenter/View/459,result,catalog,NOT_PDF
Middleton,2015,https://www.middletonma.gov/DocumentCenter/View/457,result,catalog,NOT_PDF
Orleans,2014,http://www.town.orleans.ma.us/sites/orleansma/files/u331/election_results_final_5-20-2014.pdf,result,catalog,ERROR
Orleans,2017,https://www.town.orleans.ma.us/system/files/uploads/2017_annual_town_report_-_final_approved_web_0.pdf,atr,nodes,ERROR
Orleans,2018,https://www.town.orleans.ma.us/sites/g/files/vyhlif3631/f/uploads/orleans_annual_town_report_2018_final_for_website_0.pdf,atr,nodes,ERROR
Orleans,2019,https://www.town.orleans.ma.us/sites/g/files/vyhlif3631/f/uploads/2019_orleans_annual_town_report_web_final.pdf,atr,nodes,ERROR
Orleans,2019,https://www.town.orleans.ma.us/sites/g/files/vyhlif3631/f/uploads/pbwatershedpermit_2019annual_report.pdf,atr,nodes,ERROR
Orleans,2019,https://www.town.orleans.ma.us/sites/orleansma/files/uploads/pbwatershedpermit_2019annual_report.pdf,atr,nodes,ERROR
Quincy,2004,http://www.quincyma.gov/CityOfQuincy_Content/documents/AnnualReport2004.pdf,atr,nodes,ERROR
Quincy,2005,http://www.quincyma.gov/CityOfQuincy_Content/documents/AnnualReport2005.pdf,atr,nodes,ERROR
Quincy,2006,http://www.quincyma.gov/CityOfQuincy_Content/documents/AnnualReport2006.pdf,atr,nodes,ERROR
Quincy,2007,http://www.quincyma.gov/CityOfQuincy_Content/documents/AnnualReport2007.pdf,atr,nodes,ERROR
Quincy,2008,http://www.quincyma.gov/CityOfQuincy_Content/documents/AnnualReport2008.pdf,atr,nodes,ERROR
Quincy,2009,http://www.quincyma.gov/CityOfQuincy_Content/documents/AnnualReport2009.pdf,atr,nodes,ERROR
Quincy,2010,http://www.quincyma.gov/CityOfQuincy_Content/documents/2010_Nov_Election_Results.pdf,result,catalog,ERROR
Quincy,2010,http://www.quincyma.gov/CityOfQuincy_Content/documents/ANNUAL%20REPORT%2010_20_14.pdf,atr,nodes,ERROR
Quincy,2013,http://www.quincyma.gov/CityOfQuincy_Content/documents/2013%20Annual%20Report.pdf,atr,nodes,ERROR
Quincy,2013,http://www.quincyma.gov/CityOfQuincy_Content/documents/FY2013_PCD_Annual_Report.pdf,atr,nodes,ERROR
Quincy,2016,http://www.quincyma.gov/CityOfQuincy_Content/documents/election%20results%20corrected%202016%20primary.pdf,result,catalog,ERROR
Quincy,2016,http://www.quincyma.gov/CityOfQuincy_Content/documents/election_results_corrected_2016_primary.pdf,result,catalog,ERROR
Natick,2005,http://www.natickma.gov/Public_Documents/NatickMA_EnvComply/AnnualReport2005.pdf,atr,nodes,ERROR
Natick,2006,http://www.natickma.gov/Public_Documents/NatickMA_EnvComply/AnnualReport2006.pdf,atr,nodes,ERROR
Natick,2016,https://natickma.gov/ImageRepository/Document?documentID=464,result,catalog,NOT_PDF
Bourne,2011,http://www.townofbourne.com/sites/bournema/files/file/file/2011townreport.pdf,atr,nodes,ERROR
Bourne,2011,https://www.townofbourne.com/sites/g/files/vyhlif7346/f/file/file/2011townreport.pdf,atr,nodes,ERROR
Bourne,2013,http://www.townofbourne.com/sites/bournema/files/file/file/2013_town_report.pdf,atr,nodes,ERROR
Bourne,2013,https://www.townofbourne.com/sites/g/files/vyhlif7346/f/file/file/2013_town_report.pdf,atr,nodes,ERROR
Bourne,2015,http://www.townofbourne.com/sites/bournema/files/file/file/bourne_2015_town_report_web_copy.pdf,atr,nodes,ERROR
Bourne,2015,https://www.townofbourne.com/sites/g/files/vyhlif7346/f/file/file/bourne_2015_town_report_web_copy.pdf,atr,nodes,ERROR
Sandisfield,2016,http://www.sandisfieldma.gov/sites/sandisfieldma/files/uploads/2016-election-results.pdf,result,catalog,ERROR
Warren,2015,http://warren-ma.gov/pages/WarrenMA_Health/2015%20annual%20report%20Board%20of%20Health.pdf,atr,nodes,ERROR
Warren,2015,"http://www.warren-ma.gov/Pages/Results%20of%20Annual%20Town%20Election%20-%20May%205,%202015.pdf",result,catalog,ERROR
Warren,2020,https://www.warren-ma.gov/sites/g/files/vyhlif3996/f/uploads/annual_report_for_2020_published.pdf,atr,nodes,ERROR
Uxbridge,2004,http://www.uxbridge-ma.gov:80/Documents/TownReport2004.pdf,atr,nodes,ERROR
Uxbridge,2008,http://www.uxbridge-ma.gov:80/Documents/TownManager/TownReport2008.pdf,atr,nodes,ERROR
Webster,2003,http://www.webster-ma.gov:80/documents/report/Town%20Report%201-up%2003-31-14%20(website).pdf,atr,nodes,ERROR
Westport,2000,https://westport-ma.com/government/Documents/Government/Annual Reports/2000_board-of-selectmen.pdf?t=202508080914280,atr,nodes,ERROR
Westport,2001,https://westport-ma.com/government/Documents/Government/Annual Reports/2001_board-of-selectmen.pdf?t=202508080914280,atr,nodes,ERROR
Westport,2002,https://westport-ma.com/government/Documents/Government/Annual Reports/2002_board-of-selectmen.pdf?t=202508080914280,atr,nodes,ERROR
Westport,2003,https://westport-ma.com/government/Documents/Government/Annual Reports/2003_board-of-selectmen.pdf?t=202508080914280,atr,nodes,ERROR
Westport,2004,http://www.westport-ma.com/docs/TownReport2004.pdf,atr,nodes,ERROR
Westport,2004,https://westport-ma.com/government/Documents/Government/Annual Reports/westport_annualreport_2004.pdf?t=202508080914420,atr,nodes,ERROR
Westport,2004,https://www.westport-ma.com/sites/g/files/vyhlif7356/f/uploads/westport_annualreport_2004.pdf,atr,nodes,ERROR
Westport,2005,http://www.westport-ma.com/news/documents/town_report_for_2005.pdf,atr,nodes,ERROR
Westport,2005,https://westport-ma.com/government/Documents/Government/Annual Reports/westport_annualreport_2005.pdf?t=202508080914420,atr,nodes,ERROR
Westport,2005,https://www.westport-ma.com/sites/g/files/vyhlif7356/f/uploads/westport_annualreport_2005.pdf,atr,nodes,ERROR
Westport,2006,http://www.westport-ma.com/news/documents/town_report_for_2006.pdf,atr,nodes,ERROR
Westport,2006,https://westport-ma.com/government/Documents/Government/Annual Reports/westport_annualreport_2006.pdf?t=202508080914420,atr,nodes,ERROR
Westport,2006,https://www.westport-ma.com/sites/g/files/vyhlif7356/f/pages/zba_annual_report_2006.pdf,atr,nodes,ERROR
Westport,2006,https://www.westport-ma.com/sites/g/files/vyhlif7356/f/uploads/westport_annualreport_2006.pdf,atr,nodes,ERROR
Westport,2007,http://www.westport-ma.com/news/docs/Town_Report_2007.pdf,atr,nodes,ERROR
Westport,2007,https://westport-ma.com/government/Documents/Government/Annual Reports/westport_annualreport_2007.pdf?t=202508080914420,atr,nodes,ERROR
Westport,2007,https://www.westport-ma.com/sites/g/files/vyhlif7356/f/pages/zba_annual_report_2007.pdf,atr,nodes,ERROR
Westport,2007,https://www.westport-ma.com/sites/g/files/vyhlif7356/f/uploads/westport_annualreport_2007.pdf,atr,nodes,ERROR
Westport,2008,https://westport-ma.com/government/Documents/Government/Annual Reports/westport_annualreport_2008.pdf?t=202508080914420,atr,nodes,ERROR
Westport,2008,https://www.westport-ma.com/sites/g/files/vyhlif7356/f/pages/zba_annual_report_2008.pdf,atr,nodes,ERROR
Westport,2008,https://www.westport-ma.com/sites/g/files/vyhlif7356/f/uploads/westport_annualreport_2008.pdf,atr,nodes,ERROR
Westport,2009,http://westport-ma.com/news/docs/Town_Report_2009.pdf,atr,nodes,ERROR
Westport,2009,https://westport-ma.com/government/Documents/Government/Annual Reports/westport_annualreport_2009.pdf?t=202508080914420,atr,nodes,ERROR
Westport,2009,https://www.westport-ma.com/sites/g/files/vyhlif7356/f/pages/zba_annual_report_2009.pdf,atr,nodes,ERROR
Westport,2009,https://www.westport-ma.com/sites/g/files/vyhlif7356/f/uploads/westport_annualreport_2009.pdf,atr,nodes,ERROR
Westport,2010,http://westport-ma.com/news/docs/TownReport2010.pdf,atr,nodes,ERROR
Westport,2010,https://westport-ma.com/government/Documents/Government/Annual Reports/town_report_2010.pdf?t=202508080914400,atr,nodes,ERROR
Westport,2010,https://www.westport-ma.com/sites/g/files/vyhlif12811/f/pages/town_report_2010.pdf,atr,nodes,ERROR
Westport,2010,https://www.westport-ma.com/sites/g/files/vyhlif7356/f/pages/town_report_2010.pdf,atr,nodes,ERROR
Westport,2010,https://www.westport-ma.com/sites/g/files/vyhlif7356/f/pages/zba_annual_report_2010.pdf,atr,nodes,ERROR
Westport,2010,https://www.westport-ma.com/sites/g/files/vyhlif7356/f/uploads/town_report_2010.pdf,atr,nodes,ERROR
Westport,2010,https://www.westport-ma.com/sites/westportma/files/pages/town_report_2010.pdf,atr,nodes,ERROR
Westport,2011,https://westport-ma.com/government/Documents/Government/Annual Reports/town_report_2011.pdf?t=202508080914400,atr,nodes,ERROR
Westport,2011,https://www.westport-ma.com/sites/g/files/vyhlif12811/f/pages/town_report_2011.pdf,atr,nodes,ERROR
Westport,2011,https://www.westport-ma.com/sites/g/files/vyhlif7356/f/pages/town_report_2011.pdf,atr,nodes,ERROR
Westport,2011,https://www.westport-ma.com/sites/g/files/vyhlif7356/f/pages/zba_annual_report_2011.pdf,atr,nodes,ERROR
Westport,2011,https://www.westport-ma.com/sites/g/files/vyhlif7356/f/uploads/town_report_2011.pdf,atr,nodes,ERROR
Westport,2011,https://www.westport-ma.com/sites/westportma/files/pages/town_report_2011.pdf,atr,nodes,ERROR
Westport,2012,https://westport-ma.com/government/Documents/Government/Annual Reports/town_report_2012.pdf?t=202508080914400,atr,nodes,ERROR
Westport,2012,https://www.westport-ma.com/sites/g/files/vyhlif12811/f/pages/town_report_2012.pdf,atr,nodes,ERROR
Westport,2012,https://www.westport-ma.com/sites/g/files/vyhlif1441/f/pages/town_report_2012.pdf,atr,nodes,ERROR
Westport,2012,https://www.westport-ma.com/sites/g/files/vyhlif7356/f/pages/town_report_2012.pdf,atr,nodes,ERROR
Westport,2012,https://www.westport-ma.com/sites/g/files/vyhlif7356/f/pages/zba_annual_report_2012.pdf,atr,nodes,ERROR
Westport,2012,https://www.westport-ma.com/sites/g/files/vyhlif7356/f/uploads/town_report_2012.pdf,atr,nodes,ERROR
Westport,2012,https://www.westport-ma.com/sites/westportma/files/pages/town_report_2012.pdf,atr,nodes,ERROR
Westport,2013,https://westport-ma.com/government/Documents/Government/Annual Reports/town_report_2013.pdf?t=202508080914400,atr,nodes,ERROR
Westport,2013,https://www.westport-ma.com/sites/g/files/vyhlif12811/f/pages/town_report_2013.pdf,atr,nodes,ERROR
Westport,2013,https://www.westport-ma.com/sites/g/files/vyhlif1441/f/pages/town_report_2013.pdf,atr,nodes,ERROR
Westport,2013,https://www.westport-ma.com/sites/g/files/vyhlif7356/f/pages/town_report_2013.pdf,atr,nodes,ERROR
Westport,2013,https://www.westport-ma.com/sites/g/files/vyhlif7356/f/pages/zba_annual_report_2013.pdf,atr,nodes,ERROR
Westport,2013,https://www.westport-ma.com/sites/g/files/vyhlif7356/f/uploads/town_report_2013.pdf,atr,nodes,ERROR
Westport,2013,https://www.westport-ma.com/sites/westportma/files/pages/town_report_2013.pdf,atr,nodes,ERROR
Westport,2014,https://westport-ma.com/government/Documents/Government/Annual Reports/town_report_2014.pdf?t=202508080914400,atr,nodes,ERROR
Westport,2014,https://www.westport-ma.com/sites/g/files/vyhlif12811/f/pages/town_report_2014.pdf,atr,nodes,ERROR
Westport,2014,https://www.westport-ma.com/sites/g/files/vyhlif7356/f/pages/town_report_2014.pdf,atr,nodes,ERROR
Westport,2014,https://www.westport-ma.com/sites/g/files/vyhlif7356/f/pages/zba_annual_report_2014.pdf,atr,nodes,ERROR
Westport,2014,https://www.westport-ma.com/sites/g/files/vyhlif7356/f/uploads/town_report_2014.pdf,atr,nodes,ERROR
Westport,2014,https://www.westport-ma.com/sites/westportma/files/pages/town_report_2014.pdf,atr,nodes,ERROR
Westport,2015,https://westport-ma.com/government/Documents/Government/Annual Reports/2015_town_report.pdf?t=202508080914280,atr,nodes,ERROR
Westport,2015,https://www.westport-ma.com/sites/g/files/vyhlif12811/f/pages/2015_town_report.pdf,atr,nodes,ERROR
Westport,2015,https://www.westport-ma.com/sites/g/files/vyhlif1441/f/pages/2015_town_report.pdf,atr,nodes,ERROR
Westport,2015,https://www.westport-ma.com/sites/g/files/vyhlif7356/f/pages/2015_town_report.pdf,atr,nodes,ERROR
Westport,2015,https://www.westport-ma.com/sites/g/files/vyhlif7356/f/pages/zba_annual_report_2015.pdf,atr,nodes,ERROR
Westport,2015,https://www.westport-ma.com/sites/g/files/vyhlif7356/f/uploads/2015_town_report.pdf,atr,nodes,ERROR
Westport,2015,https://www.westport-ma.com/sites/westportma/files/pages/2015_town_report.pdf,atr,nodes,ERROR
Westport,2016,https://westport-ma.com/government/Documents/Government/Annual Reports/2016_diman_annual_report.pdf?t=202508080914280,atr,nodes,ERROR
Westport,2016,https://westport-ma.com/government/Documents/Government/Annual Reports/town_report_2016.pdf?t=202508080914400,atr,nodes,ERROR
Westport,2016,https://www.westport-ma.com/sites/g/files/vyhlif12811/f/pages/2016_diman_annual_report.pdf,atr,nodes,ERROR
Westport,2016,https://www.westport-ma.com/sites/g/files/vyhlif12811/f/pages/town_report_2016.pdf,atr,nodes,ERROR
Westport,2016,https://www.westport-ma.com/sites/g/files/vyhlif1441/f/pages/town_report_2016.pdf,atr,nodes,ERROR
Westport,2016,https://www.westport-ma.com/sites/g/files/vyhlif7356/f/pages/2016_diman_annual_report.pdf,atr,nodes,ERROR
Westport,2016,https://www.westport-ma.com/sites/g/files/vyhlif7356/f/pages/annual_report_-zba-_2016.pdf,atr,nodes,ERROR
Westport,2016,https://www.westport-ma.com/sites/g/files/vyhlif7356/f/pages/town_report_2016.pdf,atr,nodes,ERROR
Westport,2016,https://www.westport-ma.com/sites/g/files/vyhlif7356/f/uploads/2016_diman_annual_report.pdf,atr,nodes,ERROR
Westport,2016,https://www.westport-ma.com/sites/g/files/vyhlif7356/f/uploads/town_report_2016.pdf,atr,nodes,ERROR
Westport,2016,https://www.westport-ma.com/sites/westportma/files/pages/2016_diman_annual_report.pdf,atr,nodes,ERROR
Westport,2016,https://www.westport-ma.com/sites/westportma/files/pages/town_report_2016.pdf,atr,nodes,ERROR
Westport,2017,https://westport-ma.com/government/Documents/Government/Annual Reports/town_report_complete_2017.pdf?t=202508080914400,atr,nodes,ERROR
Westport,2017,https://westport-ma.com/government/Documents/Government/Annual Reports/town_report_complete_2017_0.pdf?t=202508080914400,atr,nodes,ERROR
Westport,2017,https://www.westport-ma.com/sites/g/files/vyhlif12811/f/pages/town_report_complete_2017.pdf,atr,nodes,ERROR
Westport,2017,https://www.westport-ma.com/sites/g/files/vyhlif7356/f/pages/annual_report_-zba-_2017.pdf,atr,nodes,ERROR
Westport,2017,https://www.westport-ma.com/sites/g/files/vyhlif7356/f/pages/town_report_complete_2017.pdf,atr,nodes,ERROR
Westport,2017,https://www.westport-ma.com/sites/g/files/vyhlif7356/f/uploads/town_report_complete_2017_0.pdf,atr,nodes,ERROR
Westport,2017,https://www.westport-ma.com/sites/westportma/files/pages/town_report_complete_2017.pdf,atr,nodes,ERROR
Westport,2018,https://westport-ma.com/government/Documents/Government/Annual Reports/2018_diman_annual_report.pdf?t=202508080914280,atr,nodes,ERROR
Westport,2018,https://westport-ma.com/government/Documents/Government/Annual Reports/town_report_2018.pdf?t=202508080914400,atr,nodes,ERROR
Westport,2018,https://www.westport-ma.com/sites/g/files/vyhlif12811/f/pages/2018_diman_annual_report.pdf,atr,nodes,ERROR
Westport,2018,https://www.westport-ma.com/sites/g/files/vyhlif12811/f/pages/town_report_2018.pdf,atr,nodes,ERROR
Westport,2018,https://www.westport-ma.com/sites/g/files/vyhlif1441/f/pages/town_report_2018.pdf,atr,nodes,ERROR
Westport,2018,https://www.westport-ma.com/sites/g/files/vyhlif7356/f/pages/2018_diman_annual_report.pdf,atr,nodes,ERROR
Westport,2018,https://www.westport-ma.com/sites/g/files/vyhlif7356/f/pages/town_report_2018.pdf,atr,nodes,ERROR
Westport,2018,https://www.westport-ma.com/sites/westportma/files/pages/2018_diman_annual_report.pdf,atr,nodes,ERROR
Westport,2018,https://www.westport-ma.com/sites/westportma/files/pages/town_report_2018.pdf,atr,nodes,ERROR
Westport,2019,https://westport-ma.com/government/Documents/Government/Annual Reports/town_report_2019.pdf?t=202508080914400,atr,nodes,ERROR
Westport,2019,https://www.westport-ma.com/sites/g/files/vyhlif12811/f/pages/town_report_2019.pdf,atr,nodes,ERROR
Westport,2019,https://www.westport-ma.com/sites/g/files/vyhlif7356/f/pages/town_report_2019.pdf,atr,nodes,ERROR
Westport,2020,https://westport-ma.com/government/Documents/Government/Annual Reports/town_report_2020_1.pdf?t=202508080914400,atr,nodes,ERROR
Westport,2020,https://www.westport-ma.com/sites/g/files/vyhlif12811/f/pages/town_report_2020_1.pdf,atr,nodes,ERROR
Westport,2020,https://www.westport-ma.com/sites/g/files/vyhlif7356/f/uploads/2020_ms4_yr_2_annual_rpt.pdf,atr,nodes,ERROR
Fairhaven,2011,http://www.fairhaven-ma.gov/Pages/FOV1-0002BA40/Town%20Reports/2011%20Annual%20Report_FINAL_web.pdf,atr,nodes,ERROR
Fairhaven,2011,http://www.fairhaven-ma.gov/pages/FairhavenMA_BOS/2011%20Annual%20Report.pdf,atr,nodes,ERROR
Fairhaven,2011,http://www.fairhaven-ma.gov/pages/FairhavenMA_BOS/Town%20Reports/2011%20Annual%20Report_FINAL_web.pdf,atr,nodes,ERROR
Fairhaven,2011,https://fairhaven-ma.gov/wp-content/uploads/2025/03/2011-Annual-Report.pdf,atr,nodes,ERROR
Fairhaven,2011,https://www.fairhaven-ma.gov/sites/g/files/vyhlif7541/f/uploads/2011_annual_report_final_web.pdf,atr,nodes,ERROR
Fairhaven,2012,https://fairhaven-ma.gov/wp-content/uploads/2025/03/2012-Annual-Report.pdf,atr,nodes,ERROR
Fairhaven,2013,http://www.fairhaven-ma.gov/Pages/FOV1-0002BA40/Town%20Reports/2013%20Annual%20Report%20for%20web.pdf,atr,nodes,ERROR
Fairhaven,2013,http://www.fairhaven-ma.gov/Pages/FairhavenMA_TownClerk/2013%20TMM%20Tally%20Sheet.pdf,result,catalog,ERROR
Fairhaven,2013,http://www.fairhaven-ma.gov/pages/FOV1-0002BA64/2013%20TMM%20Tally%20Sheet.pdf,result,catalog,ERROR
Fairhaven,2013,http://www.fairhaven-ma.gov/pages/FairhavenMA_BOS/Town%20Reports/2013%20Annual%20Report%20for%20web.pdf,atr,nodes,ERROR
Fairhaven,2013,https://fairhaven-ma.gov/wp-content/uploads/2025/03/2013-Annual-Report.pdf,atr,nodes,ERROR
Fairhaven,2013,https://www.fairhaven-ma.gov/sites/g/files/vyhlif7541/f/uploads/2013_annual_report_for_web.pdf,atr,nodes,ERROR
Fairhaven,2013,https://www.fairhaven-ma.gov/sites/g/files/vyhlif7541/f/uploads/2013_tmm_tally_sheet.pdf,result,catalog,ERROR
Fairhaven,2014,http://www.fairhaven-ma.gov/Pages/FOV1-0002BA40/Town%20Reports/2014%20Town%20Report%20for%20web.pdf,atr,nodes,ERROR
Fairhaven,2014,http://www.fairhaven-ma.gov/Pages/FairhavenMA_TownClerk/2014%20TMM%20Tally%20Sheet.pdf,result,catalog,ERROR
Fairhaven,2014,http://www.fairhaven-ma.gov/Pages/FairhavenMA_TownClerk/April%207%202014%20Townwide%20Election%20Tally%20Sheet.pdf,result,catalog,ERROR
Fairhaven,2014,http://www.fairhaven-ma.gov/pages/FOV1-0002BA64/2014%20TMM%20Tally%20Sheet.pdf,result,catalog,ERROR
Fairhaven,2014,http://www.fairhaven-ma.gov/pages/FOV1-0002BA64/April%207%202014%20Townwide%20Election%20Tally%20Sheet.pdf,result,catalog,ERROR
Fairhaven,2014,http://www.fairhaven-ma.gov/pages/FairhavenMA_BOS/Town%20Reports/2014%20Town%20Report%20for%20web.pdf,atr,nodes,ERROR
Fairhaven,2014,https://fairhaven-ma.gov/wp-content/uploads/2025/03/2014-Annual-Report.pdf,atr,nodes,ERROR
Fairhaven,2014,https://www.fairhaven-ma.gov/sites/g/files/vyhlif7541/f/uploads/2014_tmm_tally_sheet.pdf,result,catalog,ERROR
Fairhaven,2014,https://www.fairhaven-ma.gov/sites/g/files/vyhlif7541/f/uploads/2014_town_report_for_web.pdf,atr,nodes,ERROR
Fairhaven,2015,http://www.fairhaven-ma.gov/Pages/FOV1-0002BA40/Town%20Reports/2015%20Fairhaven%20Annual%20Report%20FINAL.pdf,atr,nodes,ERROR
Fairhaven,2015,http://www.fairhaven-ma.gov/Pages/FairhavenMA_TownClerk/April%206%202015%20Townwide%20Election%20Tally%20Sheet.pdf,result,catalog,ERROR
Fairhaven,2015,http://www.fairhaven-ma.gov/pages/FOV1-0002BA64/April%206%202015%20Townwide%20Election%20Tally%20Sheet.pdf,result,catalog,ERROR
Fairhaven,2015,https://fairhaven-ma.gov/wp-content/uploads/2025/03/2015-Annual-Report.pdf,atr,nodes,ERROR
Fairhaven,2015,https://www.fairhaven-ma.gov/sites/g/files/vyhlif7541/f/uploads/2015_fairhaven_annual_report_final.pdf,atr,nodes,ERROR
Fairhaven,2016,http://www.fairhaven-ma.gov/Pages/FairhavenMA_TownClerk/April%204%202016%20TMM%20Tally%20Sheet.pdf,result,catalog,ERROR
Fairhaven,2016,http://www.fairhaven-ma.gov/Pages/FairhavenMA_TownClerk/April%204%202016%20Townwide%20Election%20Tally%20Sheet.pdf,result,catalog,ERROR
Fairhaven,2016,http://www.fairhaven-ma.gov/pages/FOV1-0002BA64/April%204%202016%20TMM%20Tally%20Sheet.pdf,result,catalog,ERROR
Fairhaven,2016,https://fairhaven-ma.gov/wp-content/uploads/2025/03/2016-Town-Report.pdf,atr,nodes,ERROR
Fairhaven,2016,https://www.fairhaven-ma.gov/sites/g/files/vyhlif7541/f/uploads/2016_town_report_for_web.pdf,atr,nodes,ERROR
Fairhaven,2016,https://www.fairhaven-ma.gov/sites/g/files/vyhlif7541/f/uploads/april_4_2016_tmm_tally_sheet.pdf,result,catalog,ERROR
Fairhaven,2017,https://fairhaven-ma.gov/wp-content/uploads/2025/03/2017-Annual-Report.pdf,atr,nodes,ERROR
Fairhaven,2017,https://www.fairhaven-ma.gov/sites/g/files/vyhlif7541/f/uploads/april_3_2017_tmm_tally_sheet.pdf,result,catalog,ERROR
Fairhaven,2018,https://fairhaven-ma.gov/wp-content/uploads/2025/03/2018-Annual-Report.pdf,atr,nodes,ERROR
Fairhaven,2019,https://fairhaven-ma.gov/wp-content/uploads/2025/03/2019-Annual-Report.pdf,atr,nodes,ERROR
Fairhaven,2020,https://fairhaven-ma.gov/wp-content/uploads/2024/09/2020-Fairhaven-Annual-Report.pdf,atr,nodes,ERROR
Mansfield,2001,http://mansfieldma.com/Clerk/Annual_Report_2001.pdf,atr,nodes,ERROR
Mansfield,2002,http://mansfieldma.com/Clerk/Annual_Report_2002.pdf,atr,nodes,ERROR
Mansfield,2003,http://mansfieldma.com/Clerk/Annual_Report_2003.pdf,atr,nodes,ERROR
Mansfield,2004,http://mansfieldma.com/Clerk/Annual_Report_2004.pdf,atr,nodes,ERROR
Mansfield,2005,http://mansfieldma.com/Clerk/Annual_Report_2005.pdf,atr,nodes,ERROR
Mansfield,2006,http://mansfieldma.com/Clerk/Annual_Report_2006.pdf,atr,nodes,ERROR
Mansfield,2007,http://mansfieldma.com/Clerk/Annual_Report_2007.pdf,atr,nodes,ERROR
Mansfield,2008,http://mansfieldma.com/Clerk/Annual_Report_2008.pdf,atr,nodes,ERROR
Mansfield,2009,http://mansfieldma.com/Annual_Town_Report_2009.pdf,atr,nodes,ERROR
Mansfield,2012,http://www.mansfieldma.com/2012_Annual_Report_-_No_2.pdf,atr,nodes,ERROR
Mansfield,2013,http://www.mansfieldma.com/Mansfield_Final_Annual_Report_2013_For_Website.pdf,atr,nodes,ERROR
Mansfield,2014,http://www.mansfieldma.com/2014_Annual_Town_Report.pdf,atr,nodes,ERROR
Mansfield,2014,http://www.mansfieldma.com/2014_RESULTS-Annual_Town_Election_5.13.14_v2.pdf,result,catalog,ERROR
Mansfield,2014,http://www.mansfieldma.com/Town_of_Mansfield_Annual_Town_Report_2014.pdf,atr,nodes,ERROR
Mansfield,2014,http://www.mansfieldma.com/wp-content/uploads/2015/12/2014_RESULTS-Annual_Town_Election_5.13.14_v2.pdf,result,catalog,ERROR
Mansfield,2015,http://www.mansfieldma.com/wp-content/uploads/2015/12/Annual_Report.pdf,atr,nodes,ERROR
Mansfield,2016,http://www.mansfieldma.com/wp-content/uploads/2016/09/2015_MBC_annual_report.pdf,atr,nodes,ERROR
North Adams,2011,https://northadams-ma.gov/government/city_reports/City Reports/Annual Reports/City of North Adams Annual Report 2010-2011.pdf?t=202007221533180,atr,nodes,ERROR
North Adams,2012,https://northadams-ma.gov/government/city_reports/City Reports/Annual Reports/City of North Adams Annual Report 2011-2012.pdf?t=202007221534160,atr,nodes,ERROR
North Adams,2013,https://northadams-ma.gov/government/city_reports/City Reports/Annual Reports/City of North Adams Annual Report 2012-2013.pdf?t=202007221536550,atr,nodes,ERROR
North Adams,2014,https://northadams-ma.gov/government/city_reports/City Reports/Annual Reports/City of North Adams Annual Report 2013-2014.pdf?t=202007221538010,atr,nodes,ERROR
North Adams,2015,https://northadams-ma.gov/government/city_reports/City Reports/Annual Reports/City of North Adams Annual Report 2014-2015.pdf?t=202007221539320,atr,nodes,ERROR
North Adams,2016,https://northadams-ma.gov/government/city_reports/City Reports/Annual Reports/City of North Adams Annual Report 2015-2016.pdf?t=202007221547170,atr,nodes,ERROR
North Adams,2017,http://northadams-ma.gov/UserFiles/File/CityClerk/City%20of%20North%20Adams%20Annual%20Report%202016-2017.pdf,atr,nodes,ERROR
North Adams,2017,https://northadams-ma.gov/government/city_reports/City Reports/Annual Reports/City of North Adams Annual Report 2016-2017.pdf?t=202003201031200,atr,nodes,ERROR
North Adams,2018,https://northadams-ma.gov/government/city_reports/City Reports/Annual Reports/City of North Adams Annual Report 2017-2018.pdf?t=202007211434560,atr,nodes,ERROR
North Adams,2019,https://northadams-ma.gov/government/city_reports/City Reports/Annual Reports/City of North Adams Annual Report 2018-2019.pdf?t=202007211437410,atr,nodes,ERROR
North Adams,2020,https://northadams-ma.gov/government/city_reports/2020 Annual Report.pdf?t=202206021512520,atr,nodes,ERROR
North Adams,2020,https://northadams-ma.gov/residents/community_information/municipal_aggregation/Municipal Aggregation/DPU 21-MA North Adams 2020 Annual Report.pdf?t=202105110905270,atr,nodes,ERROR
North Adams,2020,https://northadams-ma.gov/residents/community_information/municipal_aggregation/Municipal Aggregation/DPU 21-MA North Adams 2020 Annual Report_excel.pdf?t=202105110906000,atr,nodes,ERROR
North Attleborough,2006,https://www.nattleboro.com/sites/northattleboroughma/files/file/file/2006_annual_report.pdf,atr,nodes,ERROR
North Attleborough,2008,https://www.nattleboro.com/sites/northattleboroughma/files/file/file/2008_annual_report.pdf,atr,nodes,ERROR
North Attleborough,2009,https://www.nattleboro.com/sites/northattleboroughma/files/file/file/2009_annual_report.pdf,atr,nodes,ERROR
North Attleborough,2010,https://www.nattleboro.com/sites/northattleboroughma/files/file/file/2010_annual_report.pdf,atr,nodes,ERROR
North Attleborough,2011,https://www.nattleboro.com/sites/northattleboroughma/files/file/file/2011_addendum_to_town_report.pdf,atr,nodes,ERROR
North Attleborough,2011,https://www.nattleboro.com/sites/northattleboroughma/files/file/file/2011_annual_report.pdf,atr,nodes,ERROR
North Attleborough,2012,http://www.nattleboro.com/sites/nattleboroma/files/file/file/2012_town_report.pdf,atr,nodes,ERROR
North Attleborough,2015,https://www.nattleboro.com/sites/northattleboroughma/files/uploads/annual_town_report_2015.pdf,atr,nodes,ERROR
North Attleborough,2018,https://www.nattleboro.com/sites/northattleboroughma/files/uploads/2018_annual_town_report.pdf,atr,nodes,ERROR
Natick,2010,http://natickma.gov:80/Public_Documents/NatickMA_Clerk/Elections/March%2030%202010%20ATE%20Official%20ResultsWEB.pdf,result,catalog,ERROR
Natick,2011,http://natickma.gov:80/Public_Documents/NatickMA_Clerk/Elections/Town%20Election%20Results%203-29-2011.pdf,result,catalog,ERROR
Natick,2011,http://natickma.gov:80/Public_Documents/NatickMA_Clerk/Elections/Town%20Meeting%20Results%203-29-2011.pdf,result,catalog,ERROR
Natick,2011,http://www.natickma.gov:80/sites/natickma/files/file/file/townreport2011_0.pdf,atr,nodes,ERROR
Natick,2012,http://natickma.gov:80/Public_Documents/NatickMA_Clerk/Elections/March%202012%20election%20results.pdf,result,catalog,ERROR
Kingston,2007,https://www.kingstonma.gov/DocumentCenter/View/3488,result,catalog,NOT_PDF
Oxford,2020,https://www.oxfordma.us/sites/g/files/vyhlif4836/f/uploads/webversion2020townreportfinal.pdf,atr,nodes,ERROR
Foxborough,2009,http://www.foxboroughma.gov:80/pages/foxboroughma_police/departmentinfo/2009AnnualReport.pdf,atr,nodes,ERROR
Sterling,2004,https://sterling-ma.gov/ImageRepository/Document?documentID=190,result,catalog,NOT_PDF
Sterling,2005,https://sterling-ma.gov/ImageRepository/Document?documentID=189,result,catalog,NOT_PDF
Sterling,2007,https://sterling-ma.gov/ImageRepository/Document?documentID=187,result,catalog,NOT_PDF
Sterling,2008,https://sterling-ma.gov/ImageRepository/Document?documentID=186,result,catalog,EMPTY
Sterling,2009,https://sterling-ma.gov/ImageRepository/Document?documentID=185,result,catalog,EMPTY
Sterling,2010,http://www.sterling-ma.gov/sites/sterlingma/files/file/file/osicannualreport2010.pdf,atr,nodes,ERROR
Sterling,2010,https://sterling-ma.gov/ImageRepository/Document?documentID=183,result,catalog,EMPTY
Sterling,2010,https://www.sterling-ma.gov/sites/sterlingma/files/file/file/2010_annual_town_election_w-recountl.pdf,result,catalog,ERROR
Sterling,2010,https://www.sterling-ma.gov/sites/sterlingma/files/file/file/2010townreport.pdf,atr,nodes,ERROR
Sterling,2011,https://sterling-ma.gov/ImageRepository/Document?documentID=182,result,catalog,EMPTY
Sterling,2012,http://www.sterling-ma.gov/sites/sterlingma/files/file/file/2012_annual_town_election_w-recount.pdf,result,catalog,ERROR
Sterling,2012,https://sterling-ma.gov/ImageRepository/Document?documentID=181,result,catalog,EMPTY
Sterling,2012,https://www.sterling-ma.gov/sites/sterlingma/files/file/file/2012townreport.pdf,atr,nodes,ERROR
Sterling,2013,http://www.sterling-ma.gov/sites/sterlingma/files/file/file/annual_report-2013.pdf,atr,nodes,ERROR
Sterling,2013,https://sterling-ma.gov/ImageRepository/Document?documentID=180,result,catalog,EMPTY
Sterling,2013,https://www.sterling-ma.gov/sites/sterlingma/files/file/file/2013townreport.pdf,atr,nodes,ERROR
Sterling,2014,https://sterling-ma.gov/ImageRepository/Document?documentID=179,result,catalog,EMPTY
Sterling,2014,https://www.sterling-ma.gov/sites/sterlingma/files/file/file/2014_annual_report_1.pdf,atr,nodes,ERROR
Sterling,2015,http://www.sterling-ma.gov/sites/sterlingma/files/u106/annual_town_report_2015.pdf,atr,nodes,ERROR
Sterling,2015,https://sterling-ma.gov/ImageRepository/Document?documentID=178,result,catalog,EMPTY
Sterling,2015,https://www.sterling-ma.gov/sites/g/files/vyhlif1266/f/u106/annual_town_report_2015.pdf,atr,nodes,ERROR
Sterling,2016,https://sterling-ma.gov/ImageRepository/Document?documentID=176,result,catalog,EMPTY
Sterling,2016,https://www.sterling-ma.gov/sites/g/files/vyhlif1266/f/u106/2016_annual_report.pdf,atr,nodes,ERROR
Sterling,2017,https://sterling-ma.gov/ImageRepository/Document?documentID=175,result,catalog,EMPTY
Sterling,2018,https://sterling-ma.gov/ImageRepository/Document?documentID=165,result,catalog,EMPTY
Sterling,2019,https://sterling-ma.gov/ImageRepository/Document?documentID=164,result,catalog,EMPTY
Sterling,2020,https://sterling-ma.gov/ImageRepository/Document?documentID=163,result,catalog,EMPTY
Sterling,2020,https://www.sterling-ma.gov/sites/g/files/vyhlif1266/f/uploads/official_results_sterling_town_election_29_june_2020_0.pdf,result,catalog,ERROR
Hingham,2004,http://www.hingham-ma.gov/document/Town_Annual_Report_2004.pdf,atr,nodes,ERROR
Hingham,2005,http://www.hingham-ma.gov/document/Town_Annual_Report_2005.pdf,atr,nodes,ERROR
Hingham,2006,http://www.hingham-ma.gov/document/Town_Annual_Report_2006.pdf,atr,nodes,ERROR
Hingham,2007,http://www.hingham-ma.gov/document/Town_Annual_Report_2007.pdf,atr,nodes,ERROR
Hingham,2008,http://www.hingham-ma.gov/document/Town_Annual_Report_2008.pdf,atr,nodes,ERROR
Hingham,2009,http://www.hingham-ma.gov/document/Town_Annual_Report_2009.pdf,atr,nodes,ERROR
Hingham,2010,http://hingham-ma.gov/document/Town_Annual_Report_2010.pdf,atr,nodes,ERROR
Hingham,2010,http://www.hingham-ma.gov/Committees/Water_Company/documents/A3_2010_DPU_Annual_Report.pdf,atr,nodes,ERROR
Hingham,2011,http://hingham-ma.gov/document/Town_Annual_Report_2011.pdf,atr,nodes,ERROR
Hingham,2012,http://hingham-ma.gov/document/Town_Annual_Report_2012.pdf,atr,nodes,ERROR
Hingham,2013,http://hingham-ma.gov/document/Town_Annual_Report_2013.pdf,atr,nodes,ERROR
Norwood,2002,https://www.norwoodma.gov/document_center/document_center/Town Reports/Town of Norwood Annual Report.pdf?t=201701121047100,atr,nodes,ERROR
Norwood,2003,https://www.norwoodma.gov/document_center/document_center/Town Reports/Norwood_Annual_Report.pdf?t=201701121047100,atr,nodes,ERROR
Norwood,2005,https://www.norwoodma.gov/document_center/document_center/Town Reports/AnnualReportFull2005.pdf?t=201701121047100,atr,nodes,ERROR
Norwood,2007,https://www.norwoodma.gov/document_center/document_center/Town Reports/Town of Norwood Annual Report 2007.pdf?t=201701121047090,atr,nodes,ERROR
Norwood,2009,https://www.norwoodma.gov/document_center/document_center/Town Reports/Town of Norwood Annual Report 2009.pdf?t=201701121047090,atr,nodes,ERROR
Norwood,2013,https://www.norwoodma.gov/document_center/document_center/Town Reports/14-0879_TofNor-Annual Report - 2013.pdf?t=201701121047080,atr,nodes,ERROR
Norwood,2014,https://www.norwoodma.gov/document_center/document_center/Town Reports/Norwood Annual Town Report - 2014.pdf?t=201701121047080,atr,nodes,ERROR
Norwood,2015,https://www.norwoodma.gov/document_center/document_center/Town Reports/Norwood-Annual-Report_2015_Bookmarked.pdf?t=201702171501460,atr,nodes,ERROR
Norwood,2016,https://www.norwoodma.gov/departments/town_clerk_and_accountant/voting_and_elections/TCA/2016-Town-Election-Official.pdf?t=201704100913210,result,catalog,ERROR
Norwood,2016,https://www.norwoodma.gov/document_center/document_center/Town Reports/Town-of-Norwood_AnnualReport_Bookmarked.pdf?t=201705151515280,atr,nodes,ERROR
Norwood,2017,https://www.norwoodma.gov/departments/town_clerk_and_accountant/voting_and_elections/document_center/TCA/2017-04-03AnnualTownElectionResults.pdf?t=201704181553580,result,catalog,ERROR
Norwood,2017,https://www.norwoodma.gov/document_center/document_center/Town Reports/annual_town_report_2017.pdf?t=201806040923560,atr,nodes,ERROR
Norwood,2018,https://www.norwoodma.gov/document_center/document_center/Town Reports/Annual Town Report 2018.pdf?t=201905131423000,atr,nodes,ERROR
Norwood,2019,https://www.norwoodma.gov/departments/town_clerk_and_accountant/voting_and_elections/Clerk/ATE offical Results2.pdf?t=202603061255210,result,catalog,ERROR
Norwood,2019,https://www.norwoodma.gov/departments/town_clerk_and_accountant/voting_and_elections/TCA/Annual Town Election Unofficial Results.pdf?t=201904021026550,result,catalog,ERROR
Norwood,2019,https://www.norwoodma.gov/document_center/document_center/Town Reports/AnnualTownReport2019.pdf?t=202006161536520,atr,nodes,ERROR
Norwood,2020,https://www.norwoodma.gov/departments/town_clerk_and_accountant/voting_and_elections/Clerk/ATE TALLY SHEETS 4 6 20    6 8 2020.xlsx?t=202603061255530,result,catalog,ERROR
Norwood,2020,https://www.norwoodma.gov/document_center/document_center/Town Reports/2020 Annual Report Final.pdf?t=202105101110140,atr,nodes,ERROR
Merrimac,2007,http://www.townofmerrimac.com/DocumentCenter/View/2007/LOCAL-ELECTION-Results-MAY-3,result,catalog,ERROR
Merrimac,2010,https://townofmerrimac.com/wp-content/uploads/2023/05/2010-Annual-Town-Report-of-Merrimac-Massachusetts.pdf,atr,nodes,ERROR
Merrimac,2011,https://townofmerrimac.com/wp-content/uploads/2023/05/2011-Merrimac-Massachusetts-Annual-Report.pdf,atr,nodes,ERROR
Merrimac,2012,https://townofmerrimac.com/wp-content/uploads/2023/05/Merrimac-Annual-Town-Report-2012.pdf,atr,nodes,ERROR
Merrimac,2015,https://townofmerrimac.com/wp-content/uploads/2023/05/Merrimac-Annual-Report-2015.pdf,atr,nodes,ERROR
Merrimac,2017,https://townofmerrimac.com/wp-content/uploads/2023/05/2017-Annual-Town-Report.pdf,atr,nodes,ERROR
Merrimac,2018,https://townofmerrimac.com/wp-content/uploads/2023/05/2018-Annual-Town-Report.pdf,atr,nodes,ERROR
Merrimac,2019,https://townofmerrimac.com/wp-content/uploads/2023/05/2019-Annual-Town-Report.pdf,atr,nodes,ERROR
Merrimac,2019,https://townofmerrimac.com/wp-content/uploads/2023/09/2019-09-20_Annual-Report_Year-1_IFR.pdf,atr,nodes,ERROR
Merrimac,2020,https://townofmerrimac.com/wp-content/uploads/2023/05/2020-Annual-Town-Report.pdf,atr,nodes,ERROR
Merrimac,2020,https://townofmerrimac.com/wp-content/uploads/2023/06/2020-AHBT-Annual-Report.pdf,atr,nodes,ERROR
Hanson,2010,https://www.hanson-ma.gov/sites/g/files/vyhlif3231/f/uploads/hanson_2010_annual_town_report.pdf,atr,nodes,ERROR
Hanson,2014,http://www.hanson-ma.gov/sites/hansonma/files/uploads/election_results_may_17_2014.pdf,result,catalog,ERROR
Hanson,2014,https://www.hanson-ma.gov/sites/g/files/vyhlif3231/f/uploads/election_results_may_17_2014.pdf,result,catalog,ERROR
Hanson,2015,https://www.hanson-ma.gov/sites/g/files/vyhlif3231/f/uploads/hanson_2015_annual_town_report.pdf,atr,nodes,ERROR
Hanson,2016,http://www.hanson-ma.gov/sites/hansonma/files/news/election_results_9-8-2016.pdf,result,catalog,ERROR
Hanson,2016,https://www.hanson-ma.gov/sites/g/files/vyhlif3231/f/uploads/hanson_2016_annual_town_report.pdf,atr,nodes,ERROR
Hanson,2017,https://www.hanson-ma.gov/sites/g/files/vyhlif3231/f/uploads/hanson_2017_annual_town_report.pdf,atr,nodes,ERROR
Hanson,2018,https://www.hanson-ma.gov/sites/g/files/vyhlif3231/f/uploads/annual_town_election_5-19-2018_results.pdf,result,catalog,ERROR
Plainville,2015,https://www.plainville.ma.us/sites/g/files/vyhlif4871/f/uploads/results_tally_apr_6_2015_ate_with_formulas.pdf,result,catalog,ERROR
Plainville,2017,https://www.plainville.ma.us/sites/g/files/vyhlif4871/f/pages/townofplainvilleannualreport2017.pdf,atr,nodes,ERROR
Plainville,2018,https://www.plainville.ma.us/sites/g/files/vyhlif4871/f/uploads/annual_report_for_fy_2018.pdf,atr,nodes,ERROR
Plainville,2020,https://www.plainville.ma.us/sites/g/files/vyhlif4871/f/uploads/tally_results_4-6-2020_ate.pdf,result,catalog,ERROR
East Bridgewater,2013,https://www.eastbridgewaterma.gov/sites/g/files/vyhlif516/f/uploads/2013_annual_town_report.pdf,atr,nodes,ERROR
East Bridgewater,2014,https://www.eastbridgewaterma.gov/sites/g/files/vyhlif516/f/uploads/2014_annual_town_report.pdf,atr,nodes,ERROR
Southbridge,2016,https://www.ci.southbridge.ma.us/sites/g/files/vyhlif5016/f/file/file/fy_2016_annual_report_summary.pdf,atr,nodes,ERROR
Sterling,2012,http://www.sterling-ma.gov:80/Pages/SterlingMA_Clerk/annualrpt/2012TownReport.pdf,atr,nodes,ERROR
Warwick,2007,http://www.warwickma.org/documents/townreport2007/FCSWD.pdf,atr,nodes,ERROR
Warwick,2007,http://www.warwickma.org/documents/townreport2007/acoreport.pdf,atr,nodes,ERROR
Warwick,2007,http://www.warwickma.org/documents/townreport2007/animalinspector.pdf,atr,nodes,ERROR
Warwick,2007,http://www.warwickma.org/documents/townreport2007/artscouncil.pdf,atr,nodes,ERROR
Warwick,2007,http://www.warwickma.org/documents/townreport2007/forestry.pdf,atr,nodes,ERROR
Warwick,2007,http://www.warwickma.org/documents/townreport2007/historic.pdf,atr,nodes,ERROR
Warwick,2007,http://www.warwickma.org/documents/townreport2007/hwaydept2007.pdf,atr,nodes,ERROR
Warwick,2007,http://www.warwickma.org/documents/townreport2007/list.pdf,atr,nodes,ERROR
Warwick,2007,http://www.warwickma.org/documents/townreport2007/parish.pdf,atr,nodes,ERROR
Warwick,2007,http://www.warwickma.org/documents/townreport2007/selectboard2007.pdf,atr,nodes,ERROR
Warwick,2007,http://www.warwickma.org/documents/townreport2007/vetmonument.pdf,atr,nodes,ERROR
Warwick,2007,http://www.warwickma.org/documents/townreport2007/website.pdf,atr,nodes,ERROR
Warwick,2007,http://www.warwickma.org/documents/townreport2007/womens.pdf,atr,nodes,ERROR
Warwick,2007,http://www.warwickma.org/documents/townreport2007/zoningrev.pdf,atr,nodes,ERROR
Warwick,2008,http://www.warwickma.org/documents/townreport2007/atm2008.pdf,atr,nodes,ERROR
Warwick,2008,http://www.warwickma.org/documents/townreport2008/WBECfy08rep.pdf,atr,nodes,ERROR
Warwick,2008,http://www.warwickma.org/documents/townreport2008/annreport2008.pdf,atr,nodes,ERROR
Warwick,2008,http://www.warwickma.org/documents/townreport2008/cemcom.pdf,atr,nodes,ERROR
Warwick,2008,http://www.warwickma.org/documents/townreport2008/concom08.pdf,atr,nodes,ERROR
Warwick,2008,http://www.warwickma.org/documents/townreport2008/firedept08.pdf,atr,nodes,ERROR
Warwick,2008,http://www.warwickma.org/documents/townreport2008/forestry08.pdf,atr,nodes,ERROR
Warwick,2008,http://www.warwickma.org/documents/townreport2008/openspace08.pdf,atr,nodes,ERROR
Warwick,2008,http://www.warwickma.org/documents/townreport2008/planboard08.pdf,atr,nodes,ERROR
Warwick,2008,http://www.warwickma.org/documents/townreport2008/police08.pdf,atr,nodes,ERROR
Warwick,2009,http://www.warwickma.org/documents/townreport2009/fy2009report.pdf,atr,nodes,ERROR
Warwick,2009,http://www.warwickma.org/documents/townreport2009/library09.pdf,atr,nodes,ERROR
Warwick,2010,http://www.warwickma.org/documents/townreport2010/2010selectappts.pdf,atr,nodes,ERROR
Warwick,2010,http://www.warwickma.org/documents/townreport2010/FY12broadband.pdf,atr,nodes,ERROR
Warwick,2010,http://www.warwickma.org/documents/townreport2010/FY12transfer.pdf,atr,nodes,ERROR
Warwick,2010,http://www.warwickma.org/documents/townreport2010/acofy10report.pdf,atr,nodes,ERROR
Warwick,2010,http://www.warwickma.org/documents/townreport2010/agcomfy10report.pdf,atr,nodes,ERROR
Warwick,2010,http://www.warwickma.org/documents/townreport2010/agingreportfy10.pdf,atr,nodes,ERROR
Warwick,2010,http://www.warwickma.org/documents/townreport2010/aireportfy10.pdf,atr,nodes,ERROR
Warwick,2010,http://www.warwickma.org/documents/townreport2010/annrep2010.pdf,atr,nodes,ERROR
Warwick,2010,http://www.warwickma.org/documents/townreport2010/boafy2010.pdf,atr,nodes,ERROR
Warwick,2010,http://www.warwickma.org/documents/townreport2010/cemcomfy10report.pdf,atr,nodes,ERROR
Warwick,2010,http://www.warwickma.org/documents/townreport2010/fcswmreportFY10.pdf,atr,nodes,ERROR
Warwick,2010,http://www.warwickma.org/documents/townreport2010/hiwayfy10report.pdf,atr,nodes,ERROR
Warwick,2010,http://www.warwickma.org/documents/townreport2010/libraryfy10report.pdf,atr,nodes,ERROR
Warwick,2010,http://www.warwickma.org/documents/townreport2010/planboardfy10report.pdf,atr,nodes,ERROR
Warwick,2010,http://www.warwickma.org/documents/townreport2010/taxcollfy2010.pdf,atr,nodes,ERROR
Warwick,2010,http://www.warwickma.org/documents/townreport2010/townelection2010.pdf,atr,nodes,ERROR
Warwick,2010,http://www.warwickma.org/documents/townreport2010/trustreportfy10.pdf,atr,nodes,ERROR
Warwick,2010,http://www.warwickma.org/documents/townreport2010/vitalstatsfy10.pdf,atr,nodes,ERROR
Warwick,2010,http://www.warwickma.org/documents/townreport2010/vote2010.pdf,atr,nodes,ERROR
Warwick,2010,http://www.warwickma.org/documents/townreport2010/wbecfy10report.pdf,atr,nodes,ERROR
Warwick,2010,http://www.warwickma.org/documents/townreport2010/websitereportfy10.pdf,atr,nodes,ERROR
Warwick,2010,http://www.warwickma.org/documents/townreport2010/whsreportfy10.pdf,atr,nodes,ERROR
Warwick,2015,http://www.warwickma.org/documents/atm2015/2014annualreport.pdf,atr,nodes,ERROR
Norfolk,2000,http://www.norfolk.ma.us/assets/files/departments/town-clerk/meeting-minutes/annual-town-reports/annual-town-report-2000.pdf,atr,nodes,ERROR
Norfolk,2001,http://www.norfolk.ma.us/assets/files/departments/town-clerk/meeting-minutes/annual-town-reports/annual-town-report-2001.pdf,atr,nodes,ERROR
Norfolk,2002,http://www.norfolk.ma.us/assets/files/departments/town-clerk/meeting-minutes/annual-town-reports/annual-town-report-2002.pdf,atr,nodes,ERROR
Norfolk,2003,http://www.norfolk.ma.us/assets/files/departments/town-clerk/meeting-minutes/annual-town-reports/annual-town-report-2003.pdf,atr,nodes,ERROR
Norfolk,2004,http://www.norfolk.ma.us/assets/files/departments/town-clerk/meeting-minutes/annual-town-reports/annual-town-report-2004.pdf,atr,nodes,ERROR
Norfolk,2005,http://norfolk.ma.us/assets/files/departments/fire/annual-reports/annual-report-2005.pdf,atr,nodes,ERROR
Norfolk,2005,http://www.norfolk.ma.us/assets/files/departments/town-clerk/meeting-minutes/annual-town-reports/annual-town-report-2005.pdf,atr,nodes,ERROR
Norfolk,2006,http://norfolk.ma.us/assets/files/departments/fire/annual-reports/annual-report-2006.pdf,atr,nodes,ERROR
Norfolk,2006,http://www.norfolk.ma.us/assets/files/departments/town-clerk/meeting-minutes/annual-town-reports/annual-town-report-2006.pdf,atr,nodes,ERROR
Norfolk,2007,http://norfolk.ma.us/assets/files/departments/fire/annual-reports/annual-report-2007.pdf,atr,nodes,ERROR
Norfolk,2007,http://www.norfolk.ma.us/assets/files/departments/town-clerk/meeting-minutes/annual-town-reports/annual-town-report-2007.pdf,atr,nodes,ERROR
Norfolk,2008,http://www.norfolk.ma.us/assets/files/departments/town-clerk/meeting-minutes/annual-town-reports/annual-town-report-2008.pdf,atr,nodes,ERROR
Norfolk,2009,http://norfolk.ma.us/assets/files/departments/fire/annual-reports/annual-report-2009.pdf,atr,nodes,ERROR
Norfolk,2009,http://www.norfolk.ma.us/assets/files/departments/town-clerk/meeting-minutes/annual-town-reports/annual-town-report-2009.pdf,atr,nodes,ERROR
Norfolk,2010,http://norfolk.ma.us/assets/files/departments/fire/annual-reports/annual-report-2010.pdf,atr,nodes,ERROR
Norfolk,2010,http://www.norfolk.ma.us/assets/files/departments/town-clerk/meeting-minutes/annual-town-reports/annual-town-report-2010.pdf,atr,nodes,ERROR
Norfolk,2011,http://norfolk.ma.us/assets/files/departments/fire/annual-reports/annual-report-2011.pdf,atr,nodes,ERROR
Norfolk,2011,http://www.norfolk.ma.us/assets/files/departments/town-clerk/meeting-minutes/annual-town-reports/annual-town-report-2011.pdf,atr,nodes,ERROR
Norfolk,2012,http://www.norfolk.ma.us/assets/files/departments/town-clerk/meeting-minutes/annual-town-reports/annual-town-report-2012.pdf,atr,nodes,ERROR
Norfolk,2013,http://www.norfolk.ma.us/assets/files/departments/town-clerk/meeting-minutes/annual-town-reports/annual-town-report-2013.pdf,atr,nodes,ERROR
Norfolk,2014,http://www.norfolk.ma.us/assets/files/departments/town-clerk/meeting-minutes/annual-town-reports/annual-town-report-2014.pdf,atr,nodes,ERROR
Norfolk,2015,http://www.norfolk.ma.us/assets/files/departments/town-clerk/meeting-minutes/annual-town-reports/annual-town-report-2015.pdf,atr,nodes,ERROR
Norfolk,2016,http://www.norfolk.ma.us/assets/files/departments/town-clerk/meeting-minutes/annual-town-reports/annual-town-report-2016.pdf,atr,nodes,ERROR
Norfolk,2017,http://www.norfolk.ma.us/assets/files/departments/town-clerk/meeting-minutes/annual-town-reports/annual-town-report-2017.pdf,atr,nodes,ERROR
Norfolk,2018,http://www.norfolk.ma.us/assets/files/departments/town-clerk/meeting-minutes/annual-town-reports/annual-town-report-2018.pdf,atr,nodes,ERROR
Norfolk,2019,http://www.norfolk.ma.us/assets/files/departments/town-clerk/meeting-minutes/annual-town-reports/annual-town-report-2019.pdf,atr,nodes,ERROR
Norfolk,2020,http://norfolk.ma.us/assets/files/town-of-norfolk-year-2-annual-report-2020.pdf,atr,nodes,ERROR
Norfolk,2020,http://www.norfolk.ma.us/assets/files/departments/town-clerk/meeting-minutes/annual-town-reports/annual-town-report-2020.pdf,atr,nodes,ERROR
Methuen,2011,https://cityofmethuen.net/ImageRepository/Document?documentID=164,result,catalog,NOT_PDF
Methuen,2012,https://cityofmethuen.net/ImageRepository/Document?documentID=163,result,catalog,NOT_PDF
Methuen,2013,https://cityofmethuen.net/ImageRepository/Document?documentID=162,result,catalog,NOT_PDF
Methuen,2015,https://cityofmethuen.net/ImageRepository/Document?documentID=161,result,catalog,NOT_PDF
Methuen,2016,https://cityofmethuen.net/ImageRepository/Document?documentID=166,result,catalog,NOT_PDF
Methuen,2017,https://cityofmethuen.net/ImageRepository/Document?documentID=160,result,catalog,NOT_PDF
Methuen,2019,https://www.cityofmethuen.net/sites/methuenma/files/uploads/certified_election_results_nov_5_2019.pdf,result,catalog,ERROR
Heath,2009,http://www.townofheath.org/wp-content/uploads/annualreport2009-10docx.pdf,atr,nodes,ERROR
Heath,2010,http://www.townofheath.org/wp-content/uploads/annualreport2010-11docx.pdf,atr,nodes,ERROR
Heath,2013,http://www.townofheath.org/wp-content/uploads/annualreport2013-web.pdf,atr,nodes,ERROR
Heath,2013,http://www.townofheath.org/wp-content/uploads/annualreport2013-web1.pdf,atr,nodes,ERROR
Heath,2014,http://www.townofheath.org/wp-content/uploads/2014heathannualreport-web2.pdf,atr,nodes,ERROR
Heath,2014,http://www.townofheath.org/wp-content/uploads/heath-annual-report-2014-dedication.pdf,atr,nodes,ERROR
Heath,2015,http://www.townofheath.org/wp-content/uploads/2015heathannualreport-final.pdf,atr,nodes,ERROR
Heath,2017,https://townofheath.org/files/Heath_Annual_Report_2017.pdf,atr,nodes,ERROR
Heath,2018,https://townofheath.org/files/Heath_Annual_Report_2018.pdf,atr,nodes,ERROR
Heath,2019,https://townofheath.org/files/2019HeathAnnualReport-webfinal.pdf,atr,nodes,ERROR
Plainfield,2010,https://plainfield-ma.us/files/2010_Annual_Reports_for_the_Town_of_Plainfield_Massachusetts.pdf,atr,nodes,ERROR
Plainfield,2012,https://plainfield-ma.us/files/2012_Annual_Reports_for_the_Town_of_Plainfield_Massachusetts.pdf,atr,nodes,ERROR
Plainfield,2013,https://plainfield-ma.us/files/2013_Annual_Reports_for_the_Town_of_Plainfield_Massachusetts.pdf,atr,nodes,ERROR
Plainfield,2015,https://plainfield-ma.us/files/2015_Annual_Reports_for_the_Town_of_Plainfield_Massachusetts.pdf,atr,nodes,ERROR
Plainfield,2016,https://plainfield-ma.us/files/2016_Annual_Reports_for_the_Town_of_Plainfield_Massachusetts.pdf,atr,nodes,ERROR
Plainfield,2017,https://plainfield-ma.us/files/2017-05-05_Town_Election_Results.pdf,result,catalog,ERROR
Plainfield,2017,https://plainfield-ma.us/files/2017_Annual_Reports_for_the_Town_of_Plainfield_Massachusetts.pdf,atr,nodes,ERROR
Plainfield,2018,https://plainfield-ma.us/files/2018_Annual_Reports_for_the_Town_of_Plainfield_Massachusetts.pdf,atr,nodes,ERROR
Plainfield,2019,https://plainfield-ma.us/files/2019-03-27_Town_Caucus_Results.pdf,result,catalog,ERROR
Plainfield,2020,https://plainfield-ma.us/files/2020-02-12_PEC_Annual_Report_FY2019.pdf,atr,nodes,ERROR
Plainfield,2020,https://plainfield-ma.us/files/2020_Annual_Report_from_MLP_Department.pdf,atr,nodes,ERROR
Hubbardston,2006,http://hubbardstonma.us/pdfs/2006annualreport.pdf,atr,nodes,ERROR
Hubbardston,2007,http://hubbardstonma.us/pdfs/2007annualreport.pdf,atr,nodes,ERROR
Hubbardston,2008,http://hubbardstonma.us/pdfs/2008annualreport.pdf,atr,nodes,ERROR
Hubbardston,2009,http://hubbardstonma.us/pdfs/cpcannualreport-2009.pdf,atr,nodes,ERROR
Hubbardston,2020,https://www.hubbardstonma.us/sites/g/files/vyhlif3276/f/pages/cpc_town_report_2020.pdf,atr,nodes,ERROR
Ayer,2005,http://www.ayer.ma.us:80/Downloads/decannualreport2005.pdf,atr,nodes,ERROR
Ayer,2014,http://www.ayer.ma.us:80/Pages/AyerMA_Webdocs/2014-11-04%20Election%20Results.pdf,result,catalog,ERROR
Ayer,2016,http://www.ayer.ma.us:80/sites/ayerma/files/uploads/election_results_-_9-8-2016.pdf,result,catalog,ERROR
Chilmark,2004,http://www.chilmarkma.gov:80/Pages/ChilmarkMA_Treasurer/LibraryTresTownReport2004.pdf,atr,nodes,ERROR
Chilmark,2004,http://www.chilmarkma.gov:80/Pages/ChilmarkMA_Treasurer/TreasTownReport2004.pdf,atr,nodes,ERROR
Brockton,2013,http://www.brockton.ma.us:80/docs/documents/2013-election-results.pdf?,result,catalog,ERROR
Sandwich,2013,http://sandwichmass.org:80/PublicDocuments/2013%20Annual%20Town%20Report.pdf,atr,nodes,ERROR
Cambridge,2010,https://www.cambridgema.gov/-/media/Files/electioncommission/electionresults/April13_2010_primary_results.pdf,result,catalog,ERROR
Cambridge,2015,https://www.cambridgema.gov/-/media/Files/glbtcommission/glbtcommannualreport2015.pdf,atr,nodes,ERROR
Cambridge,2017,https://www.cambridgema.gov/-/media/Files/CDD/Climate/NetZero/cambridgenetzeroactionplanfy2017annualreportfinalcomplete22218.pdf,atr,nodes,ERROR
Cambridge,2017,https://www.cambridgema.gov/-/media/Files/glbtcommission/2017lgbtqplusannualreport.pdf,atr,nodes,ERROR
Brookfield,2004,http://www.brookfieldma.us/assets/pdfs/2004annualreport.pdf,atr,nodes,NOT_PDF
Brookfield,2004,http://www.brookfieldma.us/pdfs/2004annualreport.pdf,atr,nodes,NOT_PDF
Brookfield,2004,https://www.brookfieldma.us/sites/g/files/vyhlif2871/f/uploads/20041231_annual_report_2004.pdf,atr,nodes,NOT_PDF
Brookfield,2004,https://www.brookfieldma.us/wp-content/uploads/2026/01/20041231_annual_report_2004.pdf,atr,nodes,NOT_PDF
Brookfield,2005,https://www.brookfieldma.us/sites/g/files/vyhlif2871/f/uploads/20051231_annual_report_2005.pdf,atr,nodes,NOT_PDF
Brookfield,2005,https://www.brookfieldma.us/wp-content/uploads/2026/01/20051231_annual_report_2005.pdf,atr,nodes,NOT_PDF
Brookfield,2006,https://www.brookfieldma.us/sites/g/files/vyhlif2871/f/uploads/20061231_annual_report_2006.pdf,atr,nodes,NOT_PDF
Brookfield,2006,https://www.brookfieldma.us/wp-content/uploads/2026/01/20061231_annual_report_2006.pdf,atr,nodes,NOT_PDF
Brookfield,2007,https://www.brookfieldma.us/sites/g/files/vyhlif2871/f/uploads/20071231_annual_report_2007.pdf,atr,nodes,NOT_PDF
Brookfield,2007,https://www.brookfieldma.us/wp-content/uploads/2026/01/20071231_annual_report_2007.pdf,atr,nodes,NOT_PDF
Brookfield,2008,https://www.brookfieldma.us/sites/g/files/vyhlif2871/f/uploads/20081231_annual_report_2008.pdf,atr,nodes,NOT_PDF
Brookfield,2008,https://www.brookfieldma.us/wp-content/uploads/2026/01/20081231_annual_report_2008.pdf,atr,nodes,NOT_PDF
Brookfield,2009,https://www.brookfieldma.us/sites/g/files/vyhlif2871/f/uploads/20091231_annual_report_2009.pdf,atr,nodes,NOT_PDF
Brookfield,2009,https://www.brookfieldma.us/wp-content/uploads/2026/01/20091231_annual_report_2009.pdf,atr,nodes,NOT_PDF
Brookfield,2010,https://www.brookfieldma.us/wp-content/uploads/2026/01/brookfield-2010.pdf,atr,nodes,NOT_PDF
Brookfield,2012,"http://brookfieldma.us/documents/Town%20Meeting/20120306%20Election%20Results%20Report%20-%20Democrat%20-%20March%206,%202012.pdf",result,catalog,NOT_PDF
Brookfield,2012,"http://brookfieldma.us/documents/Town%20Meeting/20120306%20Election%20Results%20Report%20-%20Green%20Rainbow%20-%20March%206,%202012.pdf",result,catalog,NOT_PDF
Brookfield,2012,"http://brookfieldma.us/documents/Town%20Meeting/20120306%20Election%20Results%20Report%20-%20Republican%20-%20March%206,%202012.pdf",result,catalog,NOT_PDF
Brookfield,2013,"http://brookfieldma.us/documents/Town%20Meeting/20130430%20Annual%20Town%20Election%20Results-certified-april%2030,%202013.pdf",result,catalog,NOT_PDF
Brookfield,2014,"http://brookfieldma.us/documents/Town%20Meeting/20140210%20Election%20Results%20Report%20-%20February%2010,%202014.pdf",result,catalog,NOT_PDF
Brookfield,2014,"http://brookfieldma.us/documents/Town%20Meeting/20140505%20Certified%20Election%20Results%20-%20May%205,%202014.pdf",result,catalog,NOT_PDF
Brookfield,2014,"http://brookfieldma.us/documents/Town%20Meeting/20140909%20Election%20Results%20Report%20-%20Democrat%20-%20September%209,%202014.pdf",result,catalog,NOT_PDF
Brookfield,2014,"http://brookfieldma.us/documents/Town%20Meeting/20140909%20Election%20Results%20Report%20-%20Republican%20-%20September%209,%202014.pdf",result,catalog,NOT_PDF
Brookfield,2014,https://www.brookfieldma.us/sites/g/files/vyhlif2871/f/uploads/2014townreport.pdf,atr,nodes,NOT_PDF
Brookfield,2014,https://www.brookfieldma.us/wp-content/uploads/2026/01/2014townreport.pdf,atr,nodes,NOT_PDF
Brookfield,2015,"http://brookfieldma.us/documents/Town%20Meeting/20140505%20Annual%20Town%20Election%20Results-certified-may%205,%202015.pdf",result,catalog,NOT_PDF
Brookfield,2015,https://www.brookfieldma.us/sites/g/files/vyhlif2871/f/uploads/annual_report_2015.pdf,atr,nodes,NOT_PDF
Brookfield,2015,https://www.brookfieldma.us/wp-content/uploads/2026/01/annual_report_2015.pdf,atr,nodes,NOT_PDF
Brookfield,2016,"http://brookfieldma.us/documents/Town%20Meeting/20160301%20Election%20Results%20Report%20-%20Democrat%20-%20March%201,%202016.pdf",result,catalog,NOT_PDF
Brookfield,2016,"http://brookfieldma.us/documents/Town%20Meeting/20160301%20Election%20Results%20Report%20-%20Republican%20-%20March%201,%202016.pdf",result,catalog,NOT_PDF
Brookfield,2017,https://www.brookfieldma.us/wp-content/uploads/2026/01/final_red_draft_atr_2017.pdf,atr,nodes,NOT_PDF
Brookfield,2018,https://www.brookfieldma.us/wp-content/uploads/2026/01/final_red_draft_atr_2018.pdf,atr,nodes,NOT_PDF
Brookfield,2019,https://www.brookfieldma.us/wp-content/uploads/2026/01/final_red_draft_atr_2019.pdf,atr,nodes,NOT_PDF
Brookfield,2020,https://www.brookfieldma.us/wp-content/uploads/2026/01/brookfield_2020_tr-web_copy.pdf,atr,nodes,NOT_PDF
Carver,2000,https://www.carverma.gov/sites/g/files/vyhlif4221/f/pages/2000_town_report.pdf,atr,nodes,ERROR
Carver,2001,https://www.carverma.gov/sites/g/files/vyhlif4221/f/pages/2001_town_report.pdf,atr,nodes,ERROR
Carver,2002,https://www.carverma.gov/sites/g/files/vyhlif4221/f/pages/2002_town_report.pdf,atr,nodes,ERROR
Carver,2003,http://www.carverma.gov/sites/carverma/files/uploads/2003_tax_collector_annual_report.pdf,atr,nodes,ERROR
Carver,2003,https://www.carverma.gov/sites/g/files/vyhlif4221/f/pages/2003_town_report.pdf,atr,nodes,ERROR
Carver,2004,https://www.carverma.gov/sites/g/files/vyhlif4221/f/pages/2004_town_report.pdf,atr,nodes,ERROR
Carver,2005,https://www.carverma.gov/sites/g/files/vyhlif4221/f/pages/2005_town_report.pdf,atr,nodes,ERROR
Carver,2006,http://www.carverma.gov/sites/carverma/files/uploads/2006_town_of_carver_annual_report.pdf,atr,nodes,ERROR
Carver,2006,https://www.carverma.gov/sites/g/files/vyhlif4221/f/pages/2006_town_report.pdf,atr,nodes,ERROR
Carver,2007,https://www.carverma.gov/sites/g/files/vyhlif4221/f/pages/2007_town_report.pdf,atr,nodes,ERROR
Carver,2008,https://www.carverma.gov/sites/g/files/vyhlif4221/f/pages/2008_town_report.pdf,atr,nodes,ERROR
Carver,2009,https://www.carverma.gov/sites/g/files/vyhlif4221/f/pages/2009_town_report.pdf,atr,nodes,ERROR
Carver,2010,https://www.carverma.gov/sites/g/files/vyhlif4221/f/pages/2010_town_report.pdf,atr,nodes,ERROR
Carver,2011,https://www.carverma.gov/sites/g/files/vyhlif4221/f/pages/2011_town_report.pdf,atr,nodes,ERROR
Carver,2012,https://www.carverma.gov/sites/g/files/vyhlif4221/f/pages/2012_town_report.pdf,atr,nodes,ERROR
Carver,2013,https://www.carverma.gov/sites/g/files/vyhlif4221/f/pages/2013_town_report.pdf,atr,nodes,ERROR
Carver,2014,https://www.carverma.gov/sites/g/files/vyhlif4221/f/pages/2014_town_report.pdf,atr,nodes,ERROR
Carver,2018,https://www.carverma.gov/sites/g/files/vyhlif4221/f/uploads/fincom_annual_report_2018.pdf,atr,nodes,ERROR
Carver,2019,https://www.carverma.gov/sites/g/files/vyhlif4221/f/pages/2019_town_report.pdf,atr,nodes,ERROR
Carver,2020,https://www.carverma.gov/sites/g/files/vyhlif4221/f/pages/2020_town_report.pdf,atr,nodes,ERROR
Montague,2012,http://montague-ma.gov/Pages/MontagueMA_News/I0183428F.0/Elected%20Officials%20for%20Re-Election%20May%202012.pdf,result,catalog,ERROR
Granby,2006,http://www.granby-ma.gov/Pages/GranbyMA_Selectmen/2006-Annual%20Report.pdf,atr,nodes,ERROR
Granby,2007,http://www.granby-ma.gov/Pages/GranbyMA_Selectmen/2007-Annual%20Report.pdf,atr,nodes,ERROR
Granby,2008,http://www.granby-ma.gov/Pages/GranbyMA_Selectmen/2008-Annual%20Report.pdf,atr,nodes,ERROR
Granby,2011,http://granby-ma.gov/Pages/GranbyMA_TownMeeting/Annual%20Town%20Reports/2011-ATR-Final.pdf,atr,nodes,ERROR
Granby,2011,https://www.granby-ma.gov/sites/g/files/vyhlif4466/f/uploads/2011-annual_town_report.pdf,atr,nodes,ERROR
Granby,2012,http://granby-ma.gov/Pages/GranbyMA_TownMeeting/Annual%20Town%20Reports/ATR-TOG-2012.pdf,atr,nodes,ERROR
Granby,2013,http://granby-ma.gov/Pages/GranbyMA_TownMeeting/Annual%20Town%20Reports/2013-Final.pdf,atr,nodes,ERROR
Granby,2014,http://granby-ma.gov/Pages/GranbyMA_TownMeeting/Annual%20Town%20Reports/2014-Town%20Report.pdf,atr,nodes,ERROR
Granby,2014,http://www.granby-ma.gov/Pages/GranbyMA_Selectmen/2014-Town%20Report.pdf,atr,nodes,ERROR
Granby,2015,http://www.granby-ma.gov/Pages/GranbyMA_TownMeeting/Annual%20Town%20Reports/2015-ATR-Final.pdf,atr,nodes,ERROR
Granby,2018,https://www.granby-ma.gov/sites/g/files/vyhlif4466/f/uploads/2018_annual_town_report.pdf,atr,nodes,ERROR
Granby,2020,https://www.granby-ma.gov/sites/g/files/vyhlif4466/f/uploads/2020_annual_report.pdf,atr,nodes,ERROR
Colrain,2013,http://colrain-ma.gov/documents/TownReports/Colrain2013AnnualReport.pdf,atr,nodes,ERROR
Colrain,2013,https://colrain-ma.gov/files/Colrain_Annual_Report_2013.pdf,atr,nodes,ERROR
Salisbury,2010,http://www.salisburyma.gov/sites/salisburyma/files/file/file/unofficial_election_results_town_election_may_10_2010.pdf,result,catalog,ERROR
Salisbury,2010,https://www.salisburyma.gov/sites/salisburyma/files/file/file/official_election_results_town_election_may_10_2010.pdf,result,catalog,ERROR
Salisbury,2011,http://www.salisburyma.gov/sites/salisburyma/files/file/file/tcelectionresults2011.pdf,result,catalog,ERROR
Salisbury,2012,http://www.salisburyma.gov/sites/salisburyma/files/file/file/tcelectionresults2012.pdf,result,catalog,ERROR
Salisbury,2013,http://www.salisburyma.gov/sites/salisburyma/files/file/file/fy2013_town_report.pdf,atr,nodes,ERROR
Salisbury,2013,http://www.salisburyma.gov/sites/salisburyma/files/file/file/tcelectionresults2013.pdf,result,catalog,ERROR
Richmond,2011,http://www.richmondma.org/vertical/sites/%7B9DC0A798-F1C3-4B1E-8269-2CF29B5BB3F8%7D/uploads/RICHMOND_2011_TOWN_REPORT_ONLINE.pdf,atr,nodes,ERROR
Richmond,2012,http://www.richmondma.org/vertical/sites/%7B9DC0A798-F1C3-4B1E-8269-2CF29B5BB3F8%7D/uploads/RICHMOND_TOWN_REPORT_2012_WEB.pdf,atr,nodes,ERROR
Richmond,2014,http://www.richmondma.org/vertical/sites/%7B9DC0A798-F1C3-4B1E-8269-2CF29B5BB3F8%7D/uploads/2014_Richmond_Town_Report_online.pdf,atr,nodes,ERROR
Becket,2007,http://www.townofbecket.org/Public_Documents/BecketMA_BBoard/01F74FE1-000F8513.0/BECKET%20TOWN%20REPORT%2007%20WEB.pdf,atr,nodes,ERROR
Ware,2017,http://www.townofware.com/document_center/BoardSelectment/AnnTownReport2017.pdf,atr,nodes,ERROR
Ware,2018,"http://townofware.com/ANNUAL%20TOWN%20ELECTION%20RESULTS%20APRIL%209,%202018.pdf",result,catalog,ERROR
Ware,2018,http://www.townofware.com:80/document_center/BoardSelectment/2018AnnualTownReport.pdf,atr,nodes,ERROR
Wenham,2014,https://cms4files1.revize.com/oakland/2014%20Annual%20Report.pdf,atr,nodes,ERROR
Wenham,2015,https://cms4files1.revize.com/buchanannew/Auditor/Elections/OFFICIAL%20RESULTS-City%202015.pdf,result,catalog,ERROR
Wenham,2015,https://cms4files1.revize.com/buchanannew/Auditor/Elections/Official%20Results-School%20Election%202015.pdf,result,catalog,ERROR
Wenham,2015,https://cms4files1.revize.com/oakland/2015%20HDC%20Annual%20Report.pdf,atr,nodes,ERROR
Wenham,2016,https://cms4files1.revize.com/buchanannew/Auditor/Elections/Official%20Results%20City%20of%20Indep%20Aug%202016.pdf,result,catalog,ERROR
Wenham,2016,https://cms4files1.revize.com/oakland/2016%20HDC%20Annual%20Report%20Final.pdf,atr,nodes,ERROR
Wenham,2017,https://cms4files1.revize.com/buchanannew/Auditor/Elections/Official%20Results-City%202017.pdf,result,catalog,ERROR
Wenham,2017,https://cms4files1.revize.com/buchanannew/Auditor/Elections/Precinct%20Official%20Results-School%202017.pdf,result,catalog,ERROR
Wenham,2018,https://cms4files1.revize.com/buchanannew/Auditor/Elections/General%202018%20Official%20Results.pdf,result,catalog,ERROR
Wenham,2018,https://cms4files1.revize.com/buchanannew/Auditor/Elections/Primary%202018%20Canvass%20Report.pdf,result,catalog,ERROR
Wenham,2018,https://cms4files1.revize.com/oakland/township_departments/fire_department/docs/2018%20Annual%20Report.pdf,atr,nodes,ERROR
Wenham,2019,https://cms4files1.revize.com/oakland/township_departments/fire_department/docs/2019%20Annual%20Report.pdf,atr,nodes,ERROR
Wenham,2020,https://cms4files1.revize.com/buchanannew/Auditor/Elections/Primary%20Official%20Results%2006-02-2020.pdf,result,catalog,ERROR
Wellfleet,2008,https://www.wellfleet-ma.gov/sites/g/files/vyhlif16026/f/pages/2008_shellfish_advisory_committee_annual_report.pdf,atr,nodes,ERROR
Wellfleet,2013,http://www.wellfleet-ma.gov/sites/wellfleetma/files/file/file/2013_annual_town_report.pdf,atr,nodes,ERROR
Wellfleet,2013,http://www.wellfleet-ma.gov/sites/wellfleetma/files/file/file/annual_report_2013.pdf,atr,nodes,ERROR
Wellfleet,2013,http://www.wellfleet-ma.gov/sites/wellfleetma/files/file/file/library_trustees_annual_report_2013_0.pdf,atr,nodes,ERROR
Wellfleet,2013,https://www.wellfleet-ma.gov/sites/g/files/vyhlif16026/f/uploads/2013_annual_town_report.pdf,atr,nodes,ERROR
Wellfleet,2013,https://www.wellfleet-ma.gov/sites/g/files/vyhlif5166/f/events/sab_2013_annual_report.pdf,atr,nodes,ERROR
Wellfleet,2014,https://www.wellfleet-ma.gov/sites/g/files/vyhlif16026/f/uploads/2014_annual_town_report_final.pdf,atr,nodes,ERROR
Wellfleet,2014,https://www.wellfleet-ma.gov/sites/wellfleetma/files/file/file/2014_annual_town_report_final.pdf,atr,nodes,ERROR
Wellfleet,2015,http://www.wellfleet-ma.gov/sites/wellfleetma/files/file/file/2015_annual_report_final.pdf,atr,nodes,ERROR
Wellfleet,2015,http://www.wellfleet-ma.gov/sites/wellfleetma/files/u311/may_4_2015_town_election_results.pdf,result,catalog,ERROR
Wellfleet,2015,https://www.wellfleet-ma.gov/sites/g/files/vyhlif16026/f/u311/may_4_2015_town_election_results.pdf,result,catalog,ERROR
Wellfleet,2016,http://www.wellfleet-ma.gov/sites/wellfleetma/files/file/file/town_of_wellfleet_november_8_2016_election_results_unofficial_results_0.pdf,result,catalog,ERROR
Wellfleet,2016,http://www.wellfleet-ma.gov/sites/wellfleetma/files/town_of_wellfleet_november_8_2016_election_results_unofficial_results.pdf,result,catalog,ERROR
Wellfleet,2017,https://www.wellfleet-ma.gov/sites/g/files/vyhlif16026/f/pages/2017_annual_report_final.pdf,atr,nodes,ERROR
Wellfleet,2017,https://www.wellfleet-ma.gov/sites/g/files/vyhlif16026/f/uploads/2017_annual_town_report_-_final.pdf,atr,nodes,ERROR
Wellfleet,2017,https://www.wellfleet-ma.gov/sites/g/files/vyhlif5166/f/pages/2017_annual_report_final.pdf,atr,nodes,ERROR
Wellfleet,2017,https://www.wellfleet-ma.gov/sites/g/files/vyhlif5166/f/uploads/2017_annual_town_report_-_final.pdf,atr,nodes,ERROR
Wellfleet,2018,https://www.wellfleet-ma.gov/sites/g/files/vyhlif16026/f/pages/2018_annual_report_of_the_ptf_-_final.pdf,atr,nodes,ERROR
Wellfleet,2018,https://www.wellfleet-ma.gov/sites/g/files/vyhlif16026/f/pages/2018_wsd_annual_report_final.pdf,atr,nodes,ERROR
Wellfleet,2018,https://www.wellfleet-ma.gov/sites/g/files/vyhlif16026/f/uploads/2018_annual_town_election_final_results_0.pdf,result,catalog,ERROR
Wellfleet,2018,https://www.wellfleet-ma.gov/sites/g/files/vyhlif5166/f/pages/2018_annual_report_of_the_ptf_-_final.pdf,atr,nodes,ERROR
Wellfleet,2018,https://www.wellfleet-ma.gov/sites/g/files/vyhlif5166/f/pages/2018_wsd_annual_report_final.pdf,atr,nodes,ERROR
Wellfleet,2018,https://www.wellfleet-ma.gov/sites/g/files/vyhlif5166/f/uploads/2018_annual_town_election_final_results_0.pdf,result,catalog,ERROR
Wellfleet,2019,https://www.wellfleet-ma.gov/sites/g/files/vyhlif16026/f/pages/2019_annual_report_of_the_ptf_-_final.pdf,atr,nodes,ERROR
Wellfleet,2019,https://www.wellfleet-ma.gov/sites/g/files/vyhlif16026/f/pages/2019_wsd_annual_report_final.pdf,atr,nodes,ERROR
Wellfleet,2019,https://www.wellfleet-ma.gov/sites/g/files/vyhlif16026/f/uploads/2019_wellfleet_annual_town_report_-_final.pdf,atr,nodes,ERROR
Wellfleet,2019,https://www.wellfleet-ma.gov/sites/g/files/vyhlif5166/f/pages/2019_annual_report_of_the_ptf_-_final.pdf,atr,nodes,ERROR
Wellfleet,2019,https://www.wellfleet-ma.gov/sites/g/files/vyhlif5166/f/pages/2019_wsd_annual_report_final.pdf,atr,nodes,ERROR
Wellfleet,2020,https://www.wellfleet-ma.gov/sites/g/files/vyhlif16026/f/agendas/2020_wsd_annual_report_long_version.pdf,atr,nodes,ERROR
Wellfleet,2020,https://www.wellfleet-ma.gov/sites/g/files/vyhlif16026/f/pages/2020_wsd_annual_report_long_version.pdf,atr,nodes,ERROR
Wellfleet,2020,https://www.wellfleet-ma.gov/sites/g/files/vyhlif16026/f/pages/2020_wsd_annual_report_long_version_1.pdf,atr,nodes,ERROR
Wellfleet,2020,https://www.wellfleet-ma.gov/sites/g/files/vyhlif5166/f/pages/2020_wsd_annual_report_long_version.pdf,atr,nodes,ERROR
Wellfleet,2020,https://www.wellfleet-ma.gov/sites/g/files/vyhlif5166/f/pages/2020_wsd_annual_report_long_version_1.pdf,atr,nodes,ERROR
Boxford,2009,http://www.town.boxford.ma.us/images/annual_report_2009.pdf,atr,nodes,ERROR
Boxford,2014,http://www.town.boxford.ma.us/Pages/AnnualReport2014.pdf,atr,nodes,ERROR
Boxford,2019,https://www.town.boxford.ma.us/sites/g/files/vyhlif321/f/uploads/annual_report_2019_website_0.pdf,atr,nodes,ERROR
Boxford,2020,https://www.town.boxford.ma.us/sites/g/files/vyhlif321/f/news/election_results_6-30-2020.pdf,result,catalog,ERROR
Boxford,2020,https://www.town.boxford.ma.us/sites/g/files/vyhlif321/f/news/june_30_2020_annual_town_election_results.pdf,result,catalog,ERROR
Boxford,2020,https://www.town.boxford.ma.us/sites/g/files/vyhlif321/f/uploads/annual_report_2020_for_website_0.pdf,atr,nodes,ERROR
Northborough,2008,http://www.town.northborough.ma.us:80/Pages/NorthboroughMA_Admin/2008AnnualReport.pdf,atr,nodes,ERROR
Northborough,2008,http://www.town.northborough.ma.us:80/town%20departments/townclerk/Tally%20sheets%20unofficial%20results%2009-16-2008-1.pdf,result,catalog,ERROR
Northborough,2009,http://www.town.northborough.ma.us:80/Pages/NorthboroughMA_Admin/2009AnnualReport.pdf,atr,nodes,ERROR
Northborough,2010,http://www.town.northborough.ma.us:80/Pages/NorthboroughMA_Admin/2010AnnualReport.pdf,atr,nodes,ERROR
Northborough,2011,http://www.town.northborough.ma.us:80/Pages/NorthboroughMA_Admin/2011AnnualReport.pdf,atr,nodes,ERROR
Northborough,2011,http://www.town.northborough.ma.us:80/Pages/NorthboroughMA_Admin/2011budgdocs/2009AnnualReport.pdf,atr,nodes,ERROR
Northborough,2011,"http://www.town.northborough.ma.us:80/Pages/NorthboroughMA_Clerk/Northborough%20Official%20Election%20Results%20May%209,%202011.pdf",result,catalog,ERROR
Northborough,2012,http://www.town.northborough.ma.us:80/Pages/NorthboroughMA_Admin/2012AnnualReport.pdf,atr,nodes,ERROR
Northborough,2013,http://www.town.northborough.ma.us:80/Pages/NorthboroughMA_Admin/2013AnnualReport.pdf,atr,nodes,ERROR
Northborough,2013,http://www.town.northborough.ma.us:80/Pages/NorthboroughMA_Clerk/Northborough%20Unofficial%20Election%20Results%2006-25-2013.pdf,result,catalog,ERROR
Northborough,2015,http://www.town.northborough.ma.us:80/Pages/NorthboroughMA_Admin/2015AnnualReport.pdf,atr,nodes,ERROR
Northborough,2015,http://www.town.northborough.ma.us:80/Pages/NorthboroughMA_WebDocs/2015AnnualTownReport.pdf,atr,nodes,ERROR
North Brookfield,2014,http://northbrookfield.net:80/wp-content/uploads/2014/03/2007-Town-Report.pdf,atr,nodes,ERROR
North Brookfield,2014,http://northbrookfield.net:80/wp-content/uploads/2014/04/2006-town-report.pdf,atr,nodes,ERROR
North Brookfield,2014,http://northbrookfield.net:80/wp-content/uploads/2014/04/2008%20Town%20Report.pdf,atr,nodes,ERROR
North Brookfield,2014,http://northbrookfield.net:80/wp-content/uploads/2014/04/2009%20Town%20Report.pdf,atr,nodes,ERROR
North Brookfield,2014,http://northbrookfield.net:80/wp-content/uploads/2014/04/2010%20Town%20Report.pdf,atr,nodes,ERROR
North Brookfield,2014,http://northbrookfield.net:80/wp-content/uploads/2014/04/2012%20Town%20Report.pdf,atr,nodes,ERROR
North Brookfield,2014,http://northbrookfield.net:80/wp-content/uploads/2014/07/2013-Town-Report.pdf,atr,nodes,ERROR
North Brookfield,2016,http://northbrookfield.net:80/wp-content/uploads/2016/04/2015-Town-Report.pdf,atr,nodes,ERROR
North Brookfield,2016,http://www.northbrookfield.net:80/sites/northbrookfieldma/files/uploads/may-2-2016-annual-town-election-results.pdf,result,catalog,ERROR
Great Barrington,2013,https://www.townofgb.org/sites/g/files/vyhlif636/f/uploads/2013_town_report.pdf,atr,nodes,ERROR
Great Barrington,2014,https://www.townofgb.org/sites/g/files/vyhlif636/f/uploads/2014_town_report.pdf,atr,nodes,ERROR
Great Barrington,2015,https://www.townofgb.org/sites/g/files/vyhlif636/f/uploads/2015_town_report_final.pdf,atr,nodes,ERROR
Great Barrington,2016,https://www.townofgb.org/sites/g/files/vyhlif636/f/uploads/2016_town_of_great_barrington_annual_report.pdf,atr,nodes,ERROR
Great Barrington,2018,https://www.townofgb.org/sites/g/files/vyhlif636/f/uploads/fy17_annual_report_2018.04.18_final.pdf,atr,nodes,ERROR
Great Barrington,2020,https://www.townofgb.org/sites/g/files/vyhlif636/f/uploads/2020_annual_report_working_draft_with_page_numbers.pdf,atr,nodes,ERROR
Southwick,2006,https://www.southwickma.org/sites/g/files/vyhlif1241/f/uploads/annual_town_elections_2006_results.pdf,result,catalog,ERROR
Southwick,2007,http://www.southwickma.org/Public_Documents/SouthwickMA_BBoard/Local%20Election%20OFFICIAL%20RESULTS%20May%208%202007.pdf,result,catalog,ERROR
Southwick,2011,https://www.southwickma.org/sites/g/files/vyhlif1241/f/uploads/2011_annual_town_report.pdf,atr,nodes,ERROR
Wayland,2007,http://www.wayland.ma.us:80/townclerk/2007%20Town%20Report.pdf,atr,nodes,ERROR
Wayland,2012,http://www.wayland.ma.us:80/Pages/WaylandMA_Selectmen/TownReports/WaylandAnnualReports2012.pdf,atr,nodes,ERROR
Wayland,2013,http://www.wayland.ma.us:80/Pages/WaylandMA_Selectmen/TownReports/AnnualReport2013.pdf,atr,nodes,ERROR
Newton,2020,http://www.newtonma.gov/documents/election/2020%20Elections/Official%20Results%20-%20David.pdf,result,catalog,ERROR
Wellesley,2006,http://www.wellesleyma.gov:80/Pages/WellesleyMA_Clerk/2006%20Town%20Election%20Results.pdf,result,catalog,ERROR
Stow,2004,http://www.stow-ma.gov/Pages/StowMA_PlanMin/I005EBC7B.0/2004%20ANNUAL%20REPORT.pdf,atr,nodes,ERROR
Stow,2004,http://www.stow-ma.gov/pages/StowMA_Planning/pdfs/2004%20Annual%20Report.pdf,atr,nodes,ERROR
Stow,2005,http://www.stow-ma.gov/pages/stowma_TownMeeting/Archives/2005%20%20%20Town%20Meeting%20&%20State%20and%20Town%20Elections/ResultsDec12005STM.pdf,result,catalog,ERROR
Stow,2005,http://www.stow-ma.gov/pages/stowma_TownMeeting/Archives/2005%20%20%20Town%20Meeting%20&%20State%20and%20Town%20Elections/ResultsMay16_17_2005ATM.pdf,result,catalog,ERROR
Stow,2005,http://www.stow-ma.gov/pages/stowma_TownMeeting/Archives/2005%20%20%20Town%20Meeting%20&%20State%20and%20Town%20Elections/ResultsOct242005STM.pdf,result,catalog,ERROR
Stow,2006,http://www.stow-ma.gov/Pages/StowMA_Selectmen/StowMA_TownReports/2006%20Annual%20Report.pdf,atr,nodes,ERROR
Stow,2006,http://www.stow-ma.gov/pages/stowma_TownMeeting/Archives/2006%20%20Town%20Meeting%20&%20State%20and%20Town%20Elections/Results5012006ATM.pdf,result,catalog,ERROR
Stow,2007,http://www.stow-ma.gov/Pages/StowMA_Selectmen/StowMA_TownReports/2007%20Annual%20Report/2007%20collector5.21.08.pdf,atr,nodes,ERROR
Stow,2007,http://www.stow-ma.gov/Pages/StowMA_Selectmen/StowMA_TownReports/2007%20Annual%20Report/2007%20depts%20all%20052108.pdf,atr,nodes,ERROR
Stow,2007,http://www.stow-ma.gov/Pages/StowMA_Selectmen/StowMA_TownReports/2007%20Annual%20Report/2007%20offiicers%20052108.pdf,atr,nodes,ERROR
Stow,2007,http://www.stow-ma.gov/Pages/StowMA_Selectmen/StowMA_TownReports/2007%20Annual%20Report/2007%20randall%20relief%20town%20trusts.pdf,atr,nodes,ERROR
Stow,2007,http://www.stow-ma.gov/pages/stowma_selectmen/StowMA_TownReports/2007%20Annual%20Report/2007%20In%20Memoriam.pdf,atr,nodes,ERROR
Stow,2007,http://www.stow-ma.gov/pages/stowma_selectmen/StowMA_TownReports/2007%20Annual%20Report/2007%20Read%20me%20First%20file%20sequence.pdf,atr,nodes,ERROR
Stow,2007,http://www.stow-ma.gov/pages/stowma_selectmen/StowMA_TownReports/2007%20Annual%20Report/2007%20Table%20of%20Contents%20052008.pdf,atr,nodes,ERROR
Stow,2007,http://www.stow-ma.gov/pages/stowma_selectmen/StowMA_TownReports/2007%20Annual%20Report/2007%20Town%20Clerk.pdf,atr,nodes,ERROR
Stow,2007,http://www.stow-ma.gov/pages/stowma_selectmen/StowMA_TownReports/2007%20Annual%20Report/2007%20accountant.pdf,atr,nodes,ERROR
Stow,2007,http://www.stow-ma.gov/pages/stowma_selectmen/StowMA_TownReports/2007%20Annual%20Report/2007%20backmatter.pdf,atr,nodes,ERROR
Stow,2007,http://www.stow-ma.gov/pages/stowma_selectmen/StowMA_TownReports/2007%20Annual%20Report/2007%20changes%20in%20fund%20equity.pdf,atr,nodes,ERROR
Stow,2007,http://www.stow-ma.gov/pages/stowma_selectmen/StowMA_TownReports/2007%20Annual%20Report/2007%20hale%20high%20trust.pdf,atr,nodes,ERROR
Stow,2007,http://www.stow-ma.gov/pages/stowma_selectmen/StowMA_TownReports/2007%20Annual%20Report/2007%20treasurer.pdf,atr,nodes,ERROR
Stow,2007,http://www.stow-ma.gov/pages/stowma_selectmen/StowMA_TownReports/2007%20Annual%20Report/2007%20trust%20funds.pdf,atr,nodes,ERROR
Stow,2008,http://www.stow-ma.gov/Pages/StowMA_PlanMin/I0147F6DC.0/2008%20Annual%20Report.pdf,atr,nodes,ERROR
Stow,2008,http://www.stow-ma.gov/Pages/StowMA_Selectmen/StowMA_TownReports/2008%20Annual%20Report.pdf,atr,nodes,ERROR
Stow,2008,http://www.stow-ma.gov/pages/stowma_townmeeting/Archives/2008%20%20%20Town%20Meeting%20&%20State%20and%20Town%20Elections/2008%20Annual%20Election%20May%2013%20Results.pdf,result,catalog,ERROR
Stow,2008,http://www.stow-ma.gov/pages/stowma_townmeeting/Archives/2008%20%20%20Town%20Meeting%20&%20State%20and%20Town%20Elections/2008%20Annual%20Town%20Meeting%20Details%20and%20Results.PDF,result,catalog,ERROR
Stow,2008,https://www.stow-ma.gov/sites/g/files/vyhlif1286/f/uploads/2008_annual_report.pdf,atr,nodes,ERROR
Stow,2009,http://www.stow-ma.gov/Pages/StowMA_Selectmen/StowMA_TownReports/2009/Calendar.pdf,atr,nodes,ERROR
Stow,2009,http://www.stow-ma.gov/Pages/StowMA_Selectmen/StowMA_TownReports/2009/Federal.pdf,atr,nodes,ERROR
Stow,2009,http://www.stow-ma.gov/Pages/StowMA_Selectmen/StowMA_TownReports/2009_StowAR_final.pdf,atr,nodes,ERROR
Stow,2009,http://www.stow-ma.gov/pages/stowma_TownMeeting/Archives/2009%20%20%20Town%20Meeting%20&%20State%20and%20Town%20Elections/Results%2005042009%20ATM.pdf,result,catalog,ERROR
Stow,2009,http://www.stow-ma.gov/pages/stowma_selectmen/StowMA_TownReports/2009/2009_StowAR_final.pdf,atr,nodes,ERROR
Stow,2009,http://www.stow-ma.gov/pages/stowma_selectmen/StowMA_TownReports/2009/AdminDocs/Selectmen.pdf,atr,nodes,ERROR
Stow,2009,http://www.stow-ma.gov/pages/stowma_selectmen/StowMA_TownReports/2009/AdminDocs/ZBA.pdf,atr,nodes,ERROR
Stow,2009,http://www.stow-ma.gov/pages/stowma_selectmen/StowMA_TownReports/2009/Data.pdf,atr,nodes,ERROR
Stow,2009,http://www.stow-ma.gov/pages/stowma_selectmen/StowMA_TownReports/2009/EducationDocs/Minuteman.pdf,atr,nodes,ERROR
Stow,2009,http://www.stow-ma.gov/pages/stowma_selectmen/StowMA_TownReports/2009/EducationDocs/Nashoba.pdf,atr,nodes,ERROR
Stow,2009,http://www.stow-ma.gov/pages/stowma_selectmen/StowMA_TownReports/2009/PublicDocs/Police.pdf,atr,nodes,ERROR
Stow,2009,http://www.stow-ma.gov/pages/stowma_selectmen/StowMA_TownReports/2009/PublicDocs/Statistics.pdf,atr,nodes,ERROR
Stow,2009,http://www.stow-ma.gov/pages/stowma_selectmen/StowMA_TownReports/2009/TownMeetingDocs/Election.pdf,atr,nodes,ERROR
Stow,2009,http://www.stow-ma.gov/pages/stowma_selectmen/StowMA_TownReports/2009/TownMeetingDocs/Primary.pdf,atr,nodes,ERROR
Stow,2009,http://www.stow-ma.gov/pages/stowma_selectmen/StowMA_TownReports/2009/TownMeetingDocs/Special.pdf,atr,nodes,ERROR
Stow,2009,http://www.stow-ma.gov/pages/stowma_selectmen/StowMA_TownReports/2009/inner.pdf,atr,nodes,ERROR
Stow,2010,http://www.stow-ma.gov/Pages/StowMA_Clerk/Archives/Town%20Election%20Unofficial%20Results%20Nov%202010.pdf,result,catalog,ERROR
Stow,2010,http://www.stow-ma.gov/Pages/StowMA_Selectmen/StowMA_TownReports/2010/2010AnnualReport.pdf,atr,nodes,ERROR
Stow,2010,http://www.stow-ma.gov/Pages/StowMA_Selectmen/StowMA_TownReports/2010/Administration/BOS.pdf,atr,nodes,ERROR
Stow,2010,http://www.stow-ma.gov/Pages/StowMA_Selectmen/StowMA_TownReports/2010/Administration/Conservation.pdf,atr,nodes,ERROR
Stow,2010,http://www.stow-ma.gov/Pages/StowMA_Selectmen/StowMA_TownReports/2010/Administration/PlanningBoard.pdf,atr,nodes,ERROR
Stow,2010,http://www.stow-ma.gov/Pages/StowMA_Selectmen/StowMA_TownReports/2010/Administration/ZBA.pdf,atr,nodes,ERROR
Stow,2010,http://www.stow-ma.gov/Pages/StowMA_Selectmen/StowMA_TownReports/2010/CoverInnerCaptions.pdf,atr,nodes,ERROR
Stow,2010,http://www.stow-ma.gov/Pages/StowMA_Selectmen/StowMA_TownReports/2010/DeptPhoneList.pdf,atr,nodes,ERROR
Stow,2010,http://www.stow-ma.gov/Pages/StowMA_Selectmen/StowMA_TownReports/2010/Education/Nashoba.pdf,atr,nodes,ERROR
Stow,2010,http://www.stow-ma.gov/Pages/StowMA_Selectmen/StowMA_TownReports/2010/Education/NashobaGradList.pdf,atr,nodes,ERROR
Stow,2010,http://www.stow-ma.gov/Pages/StowMA_Selectmen/StowMA_TownReports/2010/Elected.pdf,atr,nodes,ERROR
Stow,2010,http://www.stow-ma.gov/Pages/StowMA_Selectmen/StowMA_TownReports/2010/Federal.pdf,atr,nodes,ERROR
Stow,2010,http://www.stow-ma.gov/Pages/StowMA_Selectmen/StowMA_TownReports/2010/FullSection/FinReports.pdf,atr,nodes,ERROR
Stow,2010,http://www.stow-ma.gov/Pages/StowMA_Selectmen/StowMA_TownReports/2010/FullSection/Officers.pdf,atr,nodes,ERROR
Stow,2010,http://www.stow-ma.gov/Pages/StowMA_Selectmen/StowMA_TownReports/2010/FullSection/OurHeritage.pdf,atr,nodes,ERROR
Stow,2010,http://www.stow-ma.gov/Pages/StowMA_Selectmen/StowMA_TownReports/2010/FullSection/PublicSafety.pdf,atr,nodes,ERROR
Stow,2010,http://www.stow-ma.gov/Pages/StowMA_Selectmen/StowMA_TownReports/2010/FullSection/TownMeetings.pdf,atr,nodes,ERROR
Stow,2010,http://www.stow-ma.gov/Pages/StowMA_Selectmen/StowMA_TownReports/2010/FullSection/TownServices.pdf,atr,nodes,ERROR
Stow,2010,http://www.stow-ma.gov/Pages/StowMA_Selectmen/StowMA_TownReports/2010/MeetingCal.pdf,atr,nodes,ERROR
Stow,2010,http://www.stow-ma.gov/Pages/StowMA_Selectmen/StowMA_TownReports/2010/OurHeritage/Ancient.pdf,atr,nodes,ERROR
Stow,2010,http://www.stow-ma.gov/Pages/StowMA_Selectmen/StowMA_TownReports/2010/OurHeritage/HistoricalCom.pdf,atr,nodes,ERROR
Stow,2010,http://www.stow-ma.gov/Pages/StowMA_Selectmen/StowMA_TownReports/2010/PublicSafety/EmerServ.pdf,atr,nodes,ERROR
Stow,2010,http://www.stow-ma.gov/Pages/StowMA_Selectmen/StowMA_TownReports/2010/PublicSafety/ForesrFireWarden.pdf,atr,nodes,ERROR
Stow,2010,http://www.stow-ma.gov/Pages/StowMA_Selectmen/StowMA_TownReports/2010/PublicSafety/PoliceDept.pdf,atr,nodes,ERROR
Stow,2010,http://www.stow-ma.gov/Pages/StowMA_Selectmen/StowMA_TownReports/2010/SpecialCommittees/Assabet.pdf,atr,nodes,ERROR
Stow,2010,http://www.stow-ma.gov/Pages/StowMA_Selectmen/StowMA_TownReports/2010/SpecialCommittees/MP.pdf,atr,nodes,ERROR
Stow,2010,http://www.stow-ma.gov/Pages/StowMA_Selectmen/StowMA_TownReports/2010/SpecialCommittees/Municipal.pdf,atr,nodes,ERROR
Stow,2010,http://www.stow-ma.gov/Pages/StowMA_Selectmen/StowMA_TownReports/2010/SpecialCommittees/Pompo.pdf,atr,nodes,ERROR
Stow,2010,http://www.stow-ma.gov/Pages/StowMA_Selectmen/StowMA_TownReports/2010/TOC.pdf,atr,nodes,ERROR
Stow,2010,http://www.stow-ma.gov/Pages/StowMA_Selectmen/StowMA_TownReports/2010/TownClerk.pdf,atr,nodes,ERROR
Stow,2010,http://www.stow-ma.gov/Pages/StowMA_Selectmen/StowMA_TownReports/2010/TownMeetings/Special%20State%20Election01-19-10.pdf,atr,nodes,ERROR
Stow,2010,http://www.stow-ma.gov/Pages/StowMA_Selectmen/StowMA_TownReports/2010/TownMeetings/SpecialTownElec11-02-10.pdf,atr,nodes,ERROR
Stow,2010,http://www.stow-ma.gov/Pages/StowMA_Selectmen/StowMA_TownReports/2010/TownServices/Agricultural.pdf,atr,nodes,ERROR
Stow,2010,http://www.stow-ma.gov/Pages/StowMA_Selectmen/StowMA_TownReports/2010/TownServices/Build.pdf,atr,nodes,ERROR
Stow,2010,http://www.stow-ma.gov/Pages/StowMA_Selectmen/StowMA_TownReports/2010/TownServices/COA.pdf,atr,nodes,ERROR
Stow,2010,http://www.stow-ma.gov/Pages/StowMA_Selectmen/StowMA_TownReports/2010/TownServices/CPC.pdf,atr,nodes,ERROR
Stow,2010,http://www.stow-ma.gov/Pages/StowMA_Selectmen/StowMA_TownReports/2010/TownServices/Cemetery.pdf,atr,nodes,ERROR
Stow,2010,http://www.stow-ma.gov/Pages/StowMA_Selectmen/StowMA_TownReports/2010/TownServices/Highway.pdf,atr,nodes,ERROR
Stow,2010,http://www.stow-ma.gov/Pages/StowMA_Selectmen/StowMA_TownReports/2010/TownServices/HousingAuth.pdf,atr,nodes,ERROR
Stow,2010,http://www.stow-ma.gov/Pages/StowMA_Selectmen/StowMA_TownReports/2010/TownServices/IT.pdf,atr,nodes,ERROR
Stow,2010,http://www.stow-ma.gov/Pages/StowMA_Selectmen/StowMA_TownReports/2010/TownServices/OpenSpace.pdf,atr,nodes,ERROR
Stow,2010,http://www.stow-ma.gov/Pages/StowMA_Selectmen/StowMA_TownReports/2010/TownServices/Recreation.pdf,atr,nodes,ERROR
Stow,2010,http://www.stow-ma.gov/Pages/StowMA_Selectmen/StowMA_TownReports/2010/TownServices/TV.pdf,atr,nodes,ERROR
Stow,2010,http://www.stow-ma.gov/Pages/StowMA_Selectmen/StowMA_TownReports/2010/TownServices/TotalPermitsIssued.pdf,atr,nodes,ERROR
Stow,2010,http://www.stow-ma.gov/Pages/StowMA_Selectmen/StowMA_TownReports/2010/TownServices/Veterans.pdf,atr,nodes,ERROR
Stow,2010,http://www.stow-ma.gov/pages//StowMA_Selectmen/StowMA_TownReports/2010/Appointed.pdf,atr,nodes,ERROR
Stow,2010,http://www.stow-ma.gov/pages//StowMA_Selectmen/StowMA_TownReports/2010/FullSection/Education.pdf,atr,nodes,ERROR
Stow,2010,http://www.stow-ma.gov/pages/StowMA_Clerk/Archives/Town%20Election%20Official%20Results%20Nov%202010.pdf,result,catalog,ERROR
Stow,2010,http://www.stow-ma.gov/pages/StowMA_Selectmen/StowMA_TownReports/2010/SpecialCommittees/ElemSchoolBuilCom.pdf,atr,nodes,ERROR
Stow,2010,http://www.stow-ma.gov/pages/StowMA_Selectmen/StowMA_TownReports/2010/TownServices/Springfest.pdf,atr,nodes,ERROR
Stow,2010,http://www.stow-ma.gov/pages/stowma_selectmen/stowma_townreports/2010/Administration/Admin.pdf,atr,nodes,ERROR
Stow,2010,http://www.stow-ma.gov/pages/stowma_selectmen/stowma_townreports/2010/Administration/BOH.pdf,atr,nodes,ERROR
Stow,2010,http://www.stow-ma.gov/pages/stowma_selectmen/stowma_townreports/2010/CoverBACK.pdf,atr,nodes,ERROR
Stow,2010,http://www.stow-ma.gov/pages/stowma_selectmen/stowma_townreports/2010/CoverFRONT.pdf,atr,nodes,ERROR
Stow,2010,http://www.stow-ma.gov/pages/stowma_selectmen/stowma_townreports/2010/Education/Minuteman.pdf,atr,nodes,ERROR
Stow,2010,http://www.stow-ma.gov/pages/stowma_selectmen/stowma_townreports/2010/FullSection/Administration.pdf,atr,nodes,ERROR
Stow,2010,http://www.stow-ma.gov/pages/stowma_selectmen/stowma_townreports/2010/FullSection/SpecialCommittees.pdf,atr,nodes,ERROR
Stow,2010,http://www.stow-ma.gov/pages/stowma_selectmen/stowma_townreports/2010/PublicSafety/Fire-Rescue.pdf,atr,nodes,ERROR
Stow,2010,http://www.stow-ma.gov/pages/stowma_selectmen/stowma_townreports/2010/PublicSafety/FireStats.pdf,atr,nodes,ERROR
Stow,2010,http://www.stow-ma.gov/pages/stowma_selectmen/stowma_townreports/2010/PublicSafety/PoliceStats.pdf,atr,nodes,ERROR
Stow,2010,http://www.stow-ma.gov/pages/stowma_selectmen/stowma_townreports/2010/TownData.pdf,atr,nodes,ERROR
Stow,2010,http://www.stow-ma.gov/pages/stowma_selectmen/stowma_townreports/2010/TownMeetings/Annual%20Town%20Meeting05-03-10.pdf,atr,nodes,ERROR
Stow,2010,http://www.stow-ma.gov/pages/stowma_selectmen/stowma_townreports/2010/TownMeetings/SpecialToenMeet11-08-10.pdf,atr,nodes,ERROR
Stow,2010,http://www.stow-ma.gov/pages/stowma_selectmen/stowma_townreports/2010/TownMeetings/StateElec11-02-10.pdf,atr,nodes,ERROR
Stow,2010,http://www.stow-ma.gov/pages/stowma_selectmen/stowma_townreports/2010/TownMeetings/StatePrim09-14-10.pdf,atr,nodes,ERROR
Stow,2010,http://www.stow-ma.gov/pages/stowma_selectmen/stowma_townreports/2010/TownServices/BuildPermitsIssued.pdf,atr,nodes,ERROR
Stow,2010,http://www.stow-ma.gov/pages/stowma_selectmen/stowma_townreports/2010/TownServices/CPCprojects.pdf,atr,nodes,ERROR
Stow,2010,http://www.stow-ma.gov/pages/stowma_selectmen/stowma_townreports/2010/TownServices/Cable.pdf,atr,nodes,ERROR
Stow,2010,http://www.stow-ma.gov/pages/stowma_selectmen/stowma_townreports/2010/TownServices/Cultural.pdf,atr,nodes,ERROR
Stow,2010,http://www.stow-ma.gov/pages/stowma_selectmen/stowma_townreports/2010/TownServices/LakeBoon.pdf,atr,nodes,ERROR
Stow,2010,https://www.stow-ma.gov/sites/g/files/vyhlif1286/f/uploads/2010annualreport.pdf,atr,nodes,ERROR
Stow,2011,http://www.stow-ma.gov/Pages/StowMA_Selectmen/StowMA_TownReports/2011/2011.pdf,atr,nodes,ERROR
Stow,2011,http://www.stow-ma.gov/Pages/StowMA_Selectmen/StowMA_TownReports/2011/AdminDocs/Conservation.pdf,atr,nodes,ERROR
Stow,2011,http://www.stow-ma.gov/Pages/StowMA_Selectmen/StowMA_TownReports/2011/AdminDocs/Health.pdf,atr,nodes,ERROR
Stow,2011,http://www.stow-ma.gov/Pages/StowMA_Selectmen/StowMA_TownReports/2011/AdminDocs/Selectmen.pdf,atr,nodes,ERROR
Stow,2011,http://www.stow-ma.gov/Pages/StowMA_Selectmen/StowMA_TownReports/2011/AdminDocs/ZBA.pdf,atr,nodes,ERROR
Stow,2011,http://www.stow-ma.gov/Pages/StowMA_Selectmen/StowMA_TownReports/2011/AdminDocs/planning.pdf,atr,nodes,ERROR
Stow,2011,http://www.stow-ma.gov/Pages/StowMA_Selectmen/StowMA_TownReports/2011/AdminDocs/townadmin.pdf,atr,nodes,ERROR
Stow,2011,http://www.stow-ma.gov/Pages/StowMA_Selectmen/StowMA_TownReports/2011/Calendar.pdf,atr,nodes,ERROR
Stow,2011,http://www.stow-ma.gov/Pages/StowMA_Selectmen/StowMA_TownReports/2011/Clerk.pdf,atr,nodes,ERROR
Stow,2011,http://www.stow-ma.gov/Pages/StowMA_Selectmen/StowMA_TownReports/2011/Data.pdf,atr,nodes,ERROR
Stow,2011,http://www.stow-ma.gov/Pages/StowMA_Selectmen/StowMA_TownReports/2011/EducationDocs/2011.pdf,atr,nodes,ERROR
Stow,2011,http://www.stow-ma.gov/Pages/StowMA_Selectmen/StowMA_TownReports/2011/EducationDocs/Minuteman.pdf,atr,nodes,ERROR
Stow,2011,http://www.stow-ma.gov/Pages/StowMA_Selectmen/StowMA_TownReports/2011/EducationDocs/Nashoba.pdf,atr,nodes,ERROR
Stow,2011,http://www.stow-ma.gov/Pages/StowMA_Selectmen/StowMA_TownReports/2011/HeritageDocs/Ancient.pdf,atr,nodes,ERROR
Stow,2011,http://www.stow-ma.gov/Pages/StowMA_Selectmen/StowMA_TownReports/2011/HeritageDocs/Historical.pdf,atr,nodes,ERROR
Stow,2011,http://www.stow-ma.gov/Pages/StowMA_Selectmen/StowMA_TownReports/2011/PublicDocs/Emergency.pdf,atr,nodes,ERROR
Stow,2011,http://www.stow-ma.gov/Pages/StowMA_Selectmen/StowMA_TownReports/2011/PublicDocs/Fire.pdf,atr,nodes,ERROR
Stow,2011,http://www.stow-ma.gov/Pages/StowMA_Selectmen/StowMA_TownReports/2011/PublicDocs/Forest.pdf,atr,nodes,ERROR
Stow,2011,http://www.stow-ma.gov/Pages/StowMA_Selectmen/StowMA_TownReports/2011/PublicDocs/Police.pdf,atr,nodes,ERROR
Stow,2011,http://www.stow-ma.gov/Pages/StowMA_Selectmen/StowMA_TownReports/2011/PublicDocs/Statistics.pdf,atr,nodes,ERROR
Stow,2011,http://www.stow-ma.gov/Pages/StowMA_Selectmen/StowMA_TownReports/2011/SpecialDocs/Community.pdf,atr,nodes,ERROR
Stow,2011,http://www.stow-ma.gov/Pages/StowMA_Selectmen/StowMA_TownReports/2011/SpecialDocs/Elementary.pdf,atr,nodes,ERROR
Stow,2011,http://www.stow-ma.gov/Pages/StowMA_Selectmen/StowMA_TownReports/2011/SpecialDocs/Master.pdf,atr,nodes,ERROR
Stow,2011,http://www.stow-ma.gov/Pages/StowMA_Selectmen/StowMA_TownReports/2011/SpecialDocs/Multi.pdf,atr,nodes,ERROR
Stow,2011,http://www.stow-ma.gov/Pages/StowMA_Selectmen/StowMA_TownReports/2011/SpecialDocs/Pompo.pdf,atr,nodes,ERROR
Stow,2011,http://www.stow-ma.gov/Pages/StowMA_Selectmen/StowMA_TownReports/2011/SpecialDocs/Transportation.pdf,atr,nodes,ERROR
Stow,2011,http://www.stow-ma.gov/Pages/StowMA_Selectmen/StowMA_TownReports/2011/TOC.pdf,atr,nodes,ERROR
Stow,2011,http://www.stow-ma.gov/Pages/StowMA_Selectmen/StowMA_TownReports/2011/Telephones.pdf,atr,nodes,ERROR
Stow,2011,http://www.stow-ma.gov/Pages/StowMA_Selectmen/StowMA_TownReports/2011/TownMeetingDocs/Annual.pdf,atr,nodes,ERROR
Stow,2011,http://www.stow-ma.gov/Pages/StowMA_Selectmen/StowMA_TownReports/2011/TownMeetingDocs/Election.pdf,atr,nodes,ERROR
Stow,2011,http://www.stow-ma.gov/Pages/StowMA_Selectmen/StowMA_TownReports/2011/TownMeetingDocs/Special.pdf,atr,nodes,ERROR
Stow,2011,http://www.stow-ma.gov/Pages/StowMA_Selectmen/StowMA_TownReports/2011/TownServicesDocs/Ag.pdf,atr,nodes,ERROR
Stow,2011,http://www.stow-ma.gov/Pages/StowMA_Selectmen/StowMA_TownReports/2011/TownServicesDocs/Building.pdf,atr,nodes,ERROR
Stow,2011,http://www.stow-ma.gov/Pages/StowMA_Selectmen/StowMA_TownReports/2011/TownServicesDocs/COA.pdf,atr,nodes,ERROR
Stow,2011,http://www.stow-ma.gov/Pages/StowMA_Selectmen/StowMA_TownReports/2011/TownServicesDocs/Cable.pdf,atr,nodes,ERROR
Stow,2011,http://www.stow-ma.gov/Pages/StowMA_Selectmen/StowMA_TownReports/2011/TownServicesDocs/Cemetery.pdf,atr,nodes,ERROR
Stow,2011,http://www.stow-ma.gov/Pages/StowMA_Selectmen/StowMA_TownReports/2011/TownServicesDocs/Community.pdf,atr,nodes,ERROR
Stow,2011,http://www.stow-ma.gov/Pages/StowMA_Selectmen/StowMA_TownReports/2011/TownServicesDocs/Cultural.pdf,atr,nodes,ERROR
Stow,2011,http://www.stow-ma.gov/Pages/StowMA_Selectmen/StowMA_TownReports/2011/TownServicesDocs/Highway.pdf,atr,nodes,ERROR
Stow,2011,http://www.stow-ma.gov/Pages/StowMA_Selectmen/StowMA_TownReports/2011/TownServicesDocs/Housing.pdf,atr,nodes,ERROR
Stow,2011,http://www.stow-ma.gov/Pages/StowMA_Selectmen/StowMA_TownReports/2011/TownServicesDocs/IT.pdf,atr,nodes,ERROR
Stow,2011,http://www.stow-ma.gov/Pages/StowMA_Selectmen/StowMA_TownReports/2011/TownServicesDocs/Lake.pdf,atr,nodes,ERROR
Stow,2011,http://www.stow-ma.gov/Pages/StowMA_Selectmen/StowMA_TownReports/2011/TownServicesDocs/Library.pdf,atr,nodes,ERROR
Stow,2011,http://www.stow-ma.gov/Pages/StowMA_Selectmen/StowMA_TownReports/2011/TownServicesDocs/Open.pdf,atr,nodes,ERROR
Stow,2011,http://www.stow-ma.gov/Pages/StowMA_Selectmen/StowMA_TownReports/2011/TownServicesDocs/Preservation.pdf,atr,nodes,ERROR
Stow,2011,http://www.stow-ma.gov/Pages/StowMA_Selectmen/StowMA_TownReports/2011/TownServicesDocs/Recreation.pdf,atr,nodes,ERROR
Stow,2011,http://www.stow-ma.gov/Pages/StowMA_Selectmen/StowMA_TownReports/2011/TownServicesDocs/Springfest.pdf,atr,nodes,ERROR
Stow,2011,http://www.stow-ma.gov/Pages/StowMA_Selectmen/StowMA_TownReports/2011/TownServicesDocs/TV.pdf,atr,nodes,ERROR
Stow,2011,http://www.stow-ma.gov/Pages/StowMA_Selectmen/StowMA_TownReports/2011/TownServicesDocs/Veterans.pdf,atr,nodes,ERROR
Stow,2011,http://www.stow-ma.gov/Pages/StowMA_Selectmen/StowMA_TownReports/2011/back.pdf,atr,nodes,ERROR
Stow,2011,http://www.stow-ma.gov/Pages/StowMA_Selectmen/StowMA_TownReports/2011/inner.pdf,atr,nodes,ERROR
Stow,2011,http://www.stow-ma.gov/Pages/StowMA_Selectmen/StowMA_TownReports/2011/mem.pdf,atr,nodes,ERROR
Stow,2011,http://www.stow-ma.gov/pages/stowma_selectmen/StowMA_TownReports/2011/Appointedfinal.pdf,atr,nodes,ERROR
Stow,2011,http://www.stow-ma.gov/pages/stowma_selectmen/StowMA_TownReports/2011/PublicDocs/FireStatistics.pdf,atr,nodes,ERROR
Stow,2011,http://www.stow-ma.gov/pages/stowma_selectmen/StowMA_TownReports/2011/SpecialDocs/Housing.pdf,atr,nodes,ERROR
Stow,2011,http://www.stow-ma.gov/pages/stowma_selectmen/StowMA_TownReports/2011/electedfinal.pdf,atr,nodes,ERROR
Stow,2011,http://www.stow-ma.gov/pages/stowma_selectmen/StowMA_TownReports/2011/federal.pdf,atr,nodes,ERROR
Stow,2012,http://www.stow-ma.gov/Pages/StowMA_Clerk/May%202012%20Annual%20Election%20Official%20Results.pdf,result,catalog,ERROR
Stow,2012,http://www.stow-ma.gov/Pages/StowMA_Report/2012/2012TOWNREPORT.pdf,atr,nodes,ERROR
Stow,2013,http://www.stow-ma.gov/pages/StowMA_BComm/StowMA_CPC/2013%20Annual%20Report.pdf,atr,nodes,ERROR
Stow,2014,http://www.stow-ma.gov/pages/StowMA_BComm/StowMA_CPC/2014%20Annual%20Report%20CPC.pdf,atr,nodes,ERROR
Stow,2014,http://www.stow-ma.gov/pages/stowma_TownMeeting/Archives/2014%20Town%20Meeting%20&%20State%20&%20Town%20Elections/ResultsMay05and06ATM2014.pdf,result,catalog,ERROR
Stow,2015,http://www.stow-ma.gov/pages/StowMA_BComm/StowMA_CPC/2015%20Annual%20Report%20CPC.pdf,atr,nodes,ERROR
Stow,2015,https://www.stow-ma.gov/sites/g/files/vyhlif11851/f/uploads/final_2015_stow_town_report.pdf,atr,nodes,ERROR
Stow,2015,https://www.stow-ma.gov/sites/g/files/vyhlif1286/f/uploads/final_2015_stow_town_report.pdf,atr,nodes,ERROR
Stow,2016,https://www.stow-ma.gov/sites/g/files/vyhlif1286/f/uploads/final_stow_2016_town_report_final.pdf,atr,nodes,ERROR
Stow,2018,https://www.stow-ma.gov/sites/g/files/vyhlif1286/f/pages/final_results_nov_6_2018_town_election_with_uocava_and_provisional.pdf,result,catalog,ERROR
Stow,2018,https://www.stow-ma.gov/sites/g/files/vyhlif1286/f/uploads/2018_stow_annual_report_web.pdf,atr,nodes,ERROR
Stow,2019,https://www.stow-ma.gov/sites/g/files/vyhlif1286/f/pages/annual_town_election_may_14_2019_results.pdf,result,catalog,ERROR
Stow,2020,https://www.stow-ma.gov/sites/g/files/vyhlif1286/f/uploads/2020_annual_report.pdf,atr,nodes,ERROR
Stow,2020,https://www.stow-ma.gov/sites/g/files/vyhlif1286/f/uploads/2020_annual_report_cpc.pdf,atr,nodes,ERROR
Stow,2020,https://www.stow-ma.gov/sites/g/files/vyhlif1286/f/uploads/stow_town_report_2020_web.pdf,atr,nodes,ERROR
Otis,2016,https://townofotisma.com/boards_commissions/select_board/Documents/Boards Commissions/Select Board/Other/03.17.71053-book.pdf?t=202509251301500,atr,nodes,ERROR
Otis,2017,https://townofotisma.com/boards_commissions/bor/Documents/Boards Commissions/Elections Board of Registrars/ateresults05232017.pdf?t=202509251301510,result,catalog,ERROR
Otis,2017,https://townofotisma.com/boards_commissions/bor/Documents/Boards Commissions/Elections Board of Registrars/caucusresults2017.pdf?t=202509251301510,result,catalog,ERROR
Otis,2018,https://townofotisma.com/boards_commissions/bor/Documents/Boards Commissions/Elections Board of Registrars/Caucus-Results-2018.pdf?t=202509251301510,result,catalog,ERROR
Otis,2018,https://townofotisma.com/boards_commissions/bor/Documents/Boards Commissions/Elections Board of Registrars/Election-Results-05-22-2018-with-total-voters.pdf?t=202509251301510,result,catalog,ERROR
Otis,2018,https://townofotisma.com/boards_commissions/select_board/Documents/Boards Commissions/Select Board/Other/Town-Report-for-Year-Ending-Dec-31-2018.pdf?t=202509251301530,atr,nodes,ERROR
Otis,2018,https://townofotisma.com/wp-content/uploads/2018/04/Caucus-Results-2018.pdf,result,catalog,ERROR
Otis,2018,https://townofotisma.com/wp-content/uploads/2018/05/Election-Results-05-22-2018-with-total-voters.pdf,result,catalog,ERROR
Otis,2019,https://townofotisma.com/boards_commissions/bor/Documents/Boards Commissions/Elections Board of Registrars/Annual-Town-Election-Results-05-28-2019.pdf?t=202509251301510,result,catalog,ERROR
Otis,2019,https://townofotisma.com/boards_commissions/bor/Documents/Boards Commissions/Elections Board of Registrars/CAUCUS-RESULTS-2019.pdf?t=202509251301510,result,catalog,ERROR
Otis,2019,https://townofotisma.com/boards_commissions/select_board/Documents/Boards Commissions/Select Board/Other/Town-of-Otis-Annual-Report-2019-Final.pdf?t=202509251301530,atr,nodes,ERROR
Otis,2019,https://townofotisma.com/wp-content/uploads/2019/04/CAUCUS-RESULTS-2019.pdf,result,catalog,ERROR
Otis,2019,https://townofotisma.com/wp-content/uploads/2019/05/Annual-Town-Election-Results-05-28-2019.pdf,result,catalog,ERROR
Otis,2019,https://townofotisma.com/wp-content/uploads/2021/01/Town-of-Otis-Annual-Report-2019-Final.pdf,atr,nodes,ERROR
Otis,2020,https://townofotisma.com/boards_commissions/bor/Documents/Boards Commissions/Elections Board of Registrars/Annual-Town-Election-Results-06-30-2020.pdf?t=202509251301510,result,catalog,ERROR
Otis,2020,https://townofotisma.com/boards_commissions/bor/Documents/Boards Commissions/Elections Board of Registrars/CAUCUS-RESULT-2020.pdf?t=202509251301510,result,catalog,ERROR
Otis,2020,https://townofotisma.com/boards_commissions/select_board/Documents/Boards Commissions/Select Board/Other/Annual-Town-Report-2020.pdf?t=202509251301510,atr,nodes,ERROR
Otis,2020,https://townofotisma.com/wp-content/uploads/2020/01/Town-Report-for-Year-Ending-Dec-31-2018.pdf,atr,nodes,ERROR
Otis,2020,https://townofotisma.com/wp-content/uploads/2020/05/CAUCUS-RESULT-2020.pdf,result,catalog,ERROR
Otis,2020,https://townofotisma.com/wp-content/uploads/2020/06/Annual-Town-Election-Results-06-30-2020.pdf,result,catalog,ERROR
Otis,2020,https://townofotisma.com/wp-content/uploads/2021/05/Annual-Town-Report-2020.pdf,atr,nodes,ERROR
Quincy,2018,https://cms7files1.revize.com/chathamny/document_center/Committee%20Info/Climate%20Smart/TOC%20Benchmarking%20Annual%20Report%20Template%2018-21.pdf,atr,nodes,ERROR
Quincy,2018,https://cms7files1.revize.com/cookcountymn/Departments/soil%20&%20water/SWCD%20Document%20Center/2018%20Annual%20Report.pdf,atr,nodes,ERROR
Quincy,2019,https://cms7files1.revize.com/cookcountymn/Departments/soil%20&%20water/SWCD%20Document%20Center/2019%20Annual%20Report.pdf,atr,nodes,ERROR
Lanesborough,2013,http://www.lanesborough-ma.gov/vertical/sites/%7B35069B63-55EF-4033-982E-FE5C4BF36433%7D/uploads/Annual_Town_Report_2013.pdf,atr,nodes,ERROR
Lanesborough,2013,https://www.lanesborough-ma.gov/sites/g/files/vyhlif761/f/uploads/annual_town_report_2013.pdf,atr,nodes,ERROR
Lanesborough,2014,http://www.lanesborough-ma.gov/vertical/sites/%7B35069B63-55EF-4033-982E-FE5C4BF36433%7D/uploads/Annual_Report_2014(1).pdf,atr,nodes,ERROR
Lanesborough,2014,http://www.lanesborough-ma.gov/vertical/sites/%7B35069B63-55EF-4033-982E-FE5C4BF36433%7D/uploads/Annual_Report_2014.pdf,atr,nodes,ERROR
Lanesborough,2014,https://lanesborough-ma.gov/government/Document Center/Government/Town Meeting/2014/annual_town_report_2013.pdf?t=202210051326410,atr,nodes,ERROR
Lanesborough,2015,http://www.lanesborough-ma.gov/vertical/sites/%7B35069B63-55EF-4033-982E-FE5C4BF36433%7D/uploads/Annual_Town_Report_2015(1).pdf,atr,nodes,ERROR
Lanesborough,2015,http://www.lanesborough-ma.gov/vertical/sites/%7B35069B63-55EF-4033-982E-FE5C4BF36433%7D/uploads/Annual_Town_Report_2015.pdf,atr,nodes,ERROR
Lanesborough,2015,https://lanesborough-ma.gov/government/Document Center/Government/Town Meeting/2015/annual_report_20141.pdf?t=202210051326410,atr,nodes,ERROR
Lanesborough,2016,https://lanesborough-ma.gov/government/Document Center/Government/Town Meeting/2016/annual_town_report_20151.pdf?t=202210051326420,atr,nodes,ERROR
Lanesborough,2017,https://lanesborough-ma.gov/government/Document Center/Government/Town Meeting/2017/2017_town_report2.pdf?t=202210051326410,atr,nodes,ERROR
Lanesborough,2017,https://www.lanesborough-ma.gov/sites/g/files/vyhlif761/f/uploads/2017_town_report2.pdf,atr,nodes,ERROR
Lanesborough,2018,https://lanesborough-ma.gov/government/Document Center/Government/Town Meeting/2018/lanesborough_town_report.pdf?t=202210051326420,atr,nodes,ERROR
Lanesborough,2019,https://www.lanesborough-ma.gov/sites/g/files/vyhlif761/f/uploads/2019_full_lanesborough_town_report.pdf,atr,nodes,ERROR
Lanesborough,2020,https://lanesborough-ma.gov/government/Document Center/Government/Town Meeting/2020/2019_full_lanesborough_town_report.pdf?t=202210051326390,atr,nodes,ERROR
Lanesborough,2020,https://lanesborough-ma.gov/government/Document Center/Government/Town Meeting/2021/2020_lanesboro_town_report_for_website.pdf?t=202210051326380,atr,nodes,ERROR
Lanesborough,2020,https://www.lanesborough-ma.gov/sites/g/files/vyhlif761/f/uploads/2020_lanesboro_town_report_for_website.pdf,atr,nodes,ERROR
Lanesborough,2020,https://www.lanesborough-ma.gov/sites/g/files/vyhlif761/f/uploads/pontoosuc_lake_2020_annual_report.pdf,atr,nodes,ERROR
Wilmington,2008,http://www.wilmingtonma.gov/sites/wilmingtonma/files/uploads/2008_annual_report.pdf,atr,nodes,ERROR
Wilmington,2009,http://www.wilmingtonma.gov/sites/wilmingtonma/files/uploads/2009_annual_report.pdf,atr,nodes,ERROR
Wilmington,2009,http://www.wilmingtonma.gov/sites/wilmingtonma/files/uploads/2009_annual_report_0.pdf,atr,nodes,ERROR
Wilmington,2010,http://www.wilmingtonma.gov/sites/wilmingtonma/files/uploads/2010_annual_report.pdf,atr,nodes,ERROR
Wilmington,2010,http://www.wilmingtonma.gov/sites/wilmingtonma/files/uploads/2010_annual_report_0.pdf,atr,nodes,ERROR
Wilmington,2011,http://www.wilmingtonma.gov/sites/wilmingtonma/files/uploads/2011_annual_report_0.pdf,atr,nodes,ERROR
Wilmington,2011,http://www.wilmingtonma.gov/sites/wilmingtonma/files/uploads/election_results_2011.pdf,result,catalog,ERROR
Wilmington,2012,http://www.wilmingtonma.gov/sites/wilmingtonma/files/uploads/2012_annual_report.pdf,atr,nodes,ERROR
Wilmington,2012,http://www.wilmingtonma.gov/sites/wilmingtonma/files/uploads/2012_annual_report_0.pdf,atr,nodes,ERROR
Wilmington,2013,http://www.wilmingtonma.gov/sites/wilmingtonma/files/uploads/2013_annual_report.pdf,atr,nodes,ERROR
Wilmington,2013,http://www.wilmingtonma.gov/sites/wilmingtonma/files/uploads/2013_annual_report_0.pdf,atr,nodes,ERROR
Wilmington,2014,http://www.wilmingtonma.gov/sites/wilmingtonma/files/uploads/2014_annual_report.pdf,atr,nodes,ERROR
Wilmington,2014,http://www.wilmingtonma.gov/sites/wilmingtonma/files/uploads/2014_annual_report_0.pdf,atr,nodes,ERROR
Wilmington,2015,http://www.wilmingtonma.gov/sites/wilmingtonma/files/uploads/2015_annual_report.pdf,atr,nodes,ERROR
Leicester,2009,http://leicesterma.org/townreport2009/TOWN%20REPORT%202009%20-%20FINAL.pdf,atr,nodes,ERROR
Leicester,2013,http://www.leicesterma.org/sites/leicesterma/files/uploads/2013_annual_town_report.pdf,atr,nodes,ERROR
Leicester,2013,https://www.leicesterma.org/sites/g/files/vyhlif781/f/uploads/2013_annual_town_report.pdf,atr,nodes,ERROR
Leicester,2014,http://www.leicesterma.org/sites/leicesterma/files/uploads/2014_annual_town_report_attachment_1.pdf,atr,nodes,ERROR
Leicester,2014,https://www.leicesterma.org/sites/g/files/vyhlif781/f/uploads/2014_annual_town_report.pdf,atr,nodes,ERROR
Leicester,2016,https://www.leicesterma.org/sites/g/files/vyhlif781/f/uploads/2016_annual_town_report_final.pdf,atr,nodes,ERROR
Leicester,2016,https://www.leicesterma.org/sites/g/files/vyhlif781/f/uploads/town_report_2016-salaries_only_calendar_year.pdf,atr,nodes,ERROR
Leicester,2017,https://www.leicesterma.org/sites/g/files/vyhlif781/f/uploads/2017_annual_town_report_final_1.pdf,atr,nodes,ERROR
Leicester,2019,https://www.leicesterma.org/sites/g/files/vyhlif781/f/uploads/2019_annual_town_report_final_05-11-20.pdf,atr,nodes,ERROR
Leicester,2020,https://www.leicesterma.org/sites/g/files/vyhlif781/f/uploads/2020_annual_town_report_final_03-10-21.pdf,atr,nodes,ERROR
Westhampton,2013,https://westhamptonma.gov/wp-content/uploads/2013-Annual-Town-Report.pdf,atr,nodes,ERROR
Westhampton,2014,https://westhamptonma.gov/wp-content/uploads/2014-Annual-Town-Report.pdf,atr,nodes,ERROR
Westhampton,2015,https://westhamptonma.gov/wp-content/uploads/2015-Annual-Town-Report.pdf,atr,nodes,ERROR
Westhampton,2016,https://westhamptonma.gov/wp-content/uploads/2016-Annual-Town-Report-CORRECTED.pdf,atr,nodes,ERROR
Westhampton,2017,https://westhamptonma.gov/wp-content/uploads/2017-Annual-Report-FINAL.pdf,atr,nodes,ERROR
Westhampton,2018,https://westhamptonma.gov/wp-content/uploads/2018-Annual-Town-Report.pdf,atr,nodes,ERROR
Westhampton,2019,https://westhamptonma.gov/wp-content/uploads/2019-Annual-Town-Report.pdf,atr,nodes,ERROR
Westhampton,2020,https://westhamptonma.gov/wp-content/uploads/2020-Westhampton-Annual-Report-for-WWW.pdf,atr,nodes,ERROR
Framingham,2019,https://www.framinghamma.gov/DocumentCenter/View/50926,result,catalog,NOT_PDF
Mendon,2013,http://www.mendonma.gov:80/sites/mendonma/files/file/file/2013_mendon_annual_town_report_0_0.pdf,atr,nodes,ERROR
Mendon,2014,http://www.mendonma.gov:80/sites/mendonma/files/file/file/2014_mendon_town_report_for_cd.pdf,atr,nodes,ERROR
Danvers,2015,http://www.danversma.gov:80/vertical/Sites/%7BCFC0250F-19AB-46E7-B599-146187CB1799%7D/uploads/Town_Report_2015.pdf,atr,nodes,ERROR
Brockton,2006,http://www.brockton.ma.us/Section_Departments/deptdocs/License_Commission_2006_Annual_Report.pdf,atr,nodes,ERROR
Brockton,2007,http://brockton.ma.us/Docs/License_2007_Annual_Report.pdf,atr,nodes,ERROR
Brockton,2008,http://brockton.ma.us/Docs/License_2008_Annual_Report.pdf,atr,nodes,ERROR
Brockton,2009,http://brockton.ma.us/Docs/2009_Nov_3_Election_Results.pdf,result,catalog,ERROR
Brockton,2009,http://brockton.ma.us/Docs/License_2009_Annual_Report.pdf,atr,nodes,ERROR
Brockton,2010,http://brockton.ma.us/Docs/2010_Election_Results.pdf,result,catalog,ERROR
Brockton,2010,http://www.brockton.ma.us/docs/archives/2010_Election_Results.pdf?sfvrsn=2,result,catalog,ERROR
Brockton,2010,http://www.brockton.ma.us/docs/documents/2010_Election_Results.pdf?sfvrsn=0,result,catalog,ERROR
Brockton,2011,http://www.brockton.ma.us/docs/archives/2011_Election_Results.pdf?sfvrsn=0,result,catalog,ERROR
Brockton,2011,http://www.brockton.ma.us/docs/documents/2011_Election_Results.pdf?sfvrsn=0,result,catalog,ERROR
Brockton,2011,http://www.brockton.ma.us/docs/documents/2011_Preliminary_Election_Results.pdf?sfvrsn=0,result,catalog,ERROR
Brockton,2013,http://www.brockton.ma.us/docs/default-source/elections/2013-election-results.pdf?sfvrsn=4,result,catalog,ERROR
Brockton,2013,http://www.brockton.ma.us/docs/documents/2013-election-results.pdf?sfvrsn=4,result,catalog,ERROR
Brockton,2014,http://www.brockton.ma.us/docs/default-source/documents/2014-unofficial-election-results.pdf?sfvrsn=4,result,catalog,ERROR
Brockton,2015,http://brockton.ma.us/docs/default-source/documents/2015-official-election-results.pdf?sfvrsn=2,result,catalog,ERROR
Brockton,2015,http://brockton.ma.us/docs/default-source/documents/2015-unofficial-election-results.pdf?sfvrsn=2,result,catalog,ERROR
Brockton,2015,http://brockton.ma.us/docs/default-source/elections/2015-official-election-results.pdf?sfvrsn=2,result,catalog,ERROR
Sheffield,2007,http://www.sheffieldma.gov/Pages/SheffieldMA_Admin/Sheffield2007TownReport.pdf,atr,nodes,ERROR
Sheffield,2008,http://www.sheffieldma.gov/Pages/SheffieldMA_WebDocs/2008AnnualReport.pdf,atr,nodes,ERROR
Sheffield,2009,http://www.sheffieldma.gov/Pages/SheffieldMA_WebDocs/2009AnnualReport.pdf,atr,nodes,ERROR
Sheffield,2009,http://www.sheffieldma.gov/Pages/SheffieldMA_WebDocs/TownMeeting-Election2009/AnnualTownMeetingResults2009.pdf,result,catalog,ERROR
Sheffield,2009,http://www.sheffieldma.gov/Pages/SheffieldMA_WebDocs/TownMeeting-Election2009/RevisedAnnualTownElectionResults.pdf,result,catalog,ERROR
Sheffield,2009,http://www.sheffieldma.gov/Pages/SheffieldMA_WebDocs/TownMeeting-Election2009/TownElectionResults.pdf,result,catalog,ERROR
Sheffield,2010,http://www.sheffieldma.gov/Pages/SheffieldMA_WebDocs/2010AnnualReport.pdf,atr,nodes,ERROR
Sheffield,2010,http://www.sheffieldma.gov/Pages/SheffieldMA_WebDocs/TownMeeting-Election2010/2010AnnualTownElectionResults.pdf,result,catalog,ERROR
Sheffield,2010,http://www.sheffieldma.gov/Pages/SheffieldMA_WebDocs/TownMeeting-Election2010/AnnualTownMeetingResults2010.pdf,result,catalog,ERROR
Sheffield,2010,http://www.sheffieldma.gov/Pages/SheffieldMA_WebDocs/TownMeeting-Election2010/SpecialTownMeetingJan2010Results.pdf,result,catalog,ERROR
Sheffield,2011,http://www.sheffieldma.gov/Pages/SheffieldMA_WebDocs/2011AnnualReport.pdf,atr,nodes,ERROR
Sheffield,2011,http://www.sheffieldma.gov/Pages/SheffieldMA_WebDocs/TownMeeting-Election2011/062311STMResults.pdf,result,catalog,ERROR
Sheffield,2011,http://www.sheffieldma.gov/Pages/SheffieldMA_WebDocs/TownMeeting-Election2011/2011AnnualTownElectionResults.pdf,result,catalog,ERROR
Sheffield,2011,http://www.sheffieldma.gov/Pages/SheffieldMA_WebDocs/TownMeeting-Election2011/AnnualTownMeetingResults2011.pdf,result,catalog,ERROR
Sheffield,2012,http://www.sheffieldma.gov/Pages/SheffieldMA_WebDocs/2012%20Annual%20Town%20Report.pdf,atr,nodes,ERROR
Sheffield,2012,http://www.sheffieldma.gov/Pages/SheffieldMA_WebDocs/TownMeeting-Election2012/AnnualTownMeetingResults2012.pdf,result,catalog,ERROR
Sheffield,2013,http://www.sheffieldma.gov/Pages/SheffieldMA_WebDocs/2013AnnualElectionResults.pdf,result,catalog,ERROR
Sheffield,2015,http://sheffieldma.gov/Pages/SheffieldMA_WebDocs/2015TownReportWEB.pdf,atr,nodes,ERROR
Franklin,2016,http://www.franklinma.gov/sites/franklinma/files/uploads/2016_annual_report_with_financials.pdf,atr,nodes,ERROR
Franklin,2016,http://www.franklinma.gov/sites/franklinma/files/uploads/cgc_annual_report_2016.pdf,atr,nodes,ERROR
Franklin,2016,http://www.franklinma.gov/sites/franklinma/files/uploads/franklin_2016_town_report_rev_2_web_copy_optimized.pdf,atr,nodes,ERROR
Franklin,2016,https://www.franklinma.gov/sites/g/files/vyhlif6896/f/uploads/cgc_annual_report_2016.pdf,atr,nodes,ERROR
Franklin,2016,https://www.franklinma.gov/sites/g/files/vyhlif6896/f/uploads/franklin_2016_town_report_rev_2_web_copy_optimized.pdf,atr,nodes,ERROR
Franklin,2017,https://www.franklinma.gov/sites/g/files/vyhlif591/f/uploads/2017_annual_election_results.pdf,result,catalog,ERROR
Franklin,2017,https://www.franklinma.gov/sites/g/files/vyhlif6896/f/uploads/2017_annual_election_results.pdf,result,catalog,ERROR
Franklin,2017,https://www.franklinma.gov/sites/g/files/vyhlif6896/f/uploads/town_report_franklin_2017_tr-rev_2_web_copy_1_1.pdf,atr,nodes,ERROR
Franklin,2018,https://www.franklinma.gov/sites/g/files/vyhlif10036/f/uploads/franklin_2018_town_report.pdf,atr,nodes,ERROR
Franklin,2018,https://www.franklinma.gov/sites/g/files/vyhlif6896/f/uploads/franklin_2018_town_report.pdf,atr,nodes,ERROR
Franklin,2020,https://www.franklinma.gov/sites/g/files/vyhlif10036/f/uploads/town_report_2020.pdf,atr,nodes,ERROR
Franklin,2020,https://www.franklinma.gov/sites/g/files/vyhlif591/f/uploads/franklin-medway_2020_annual_report.pdf,atr,nodes,ERROR
Franklin,2020,https://www.franklinma.gov/sites/g/files/vyhlif6896/f/uploads/dpu_21-ma_franklin_2020_annual_report_1.pdf,atr,nodes,ERROR
Franklin,2020,https://www.franklinma.gov/sites/g/files/vyhlif6896/f/uploads/town_report_2020.pdf,atr,nodes,ERROR
Maynard,2011,http://www.townofmaynard-ma.gov/wp-content/uploads/2011/01/2010-Town-Report-Bid-Requests.pdf,atr,nodes,ERROR
Maynard,2014,http://www.townofmaynard-ma.gov/wp-content/uploads/2014/04/maynard-town-report-2014.pdf,atr,nodes,ERROR
Maynard,2015,http://www.townofmaynard-ma.gov/wp-content/uploads/2014/04/maynard-town-report-2015.pdf,atr,nodes,ERROR
Maynard,2016,https://www.townofmaynard-ma.gov/wp-content/uploads/2014/04/maynard-town-report-2016.pdf,atr,nodes,ERROR
Maynard,2016,https://www.townofmaynard-ma.gov/wp-content/uploads/2016/06/fsbc-annual-report-20161231.pdf,atr,nodes,ERROR
Maynard,2018,https://www.townofmaynard-ma.gov/wp-content/uploads/2018/04/maynard-town-report-2017.pdf,atr,nodes,ERROR
Maynard,2018,https://www.townofmaynard-ma.gov/wp-content/uploads/2018/04/maynard-town-report-2017.pdf?v=A,atr,nodes,ERROR
Maynard,2018,https://www.townofmaynard-ma.gov/wp-content/uploads/2018/06/ms4-annual-report-2018.pdf,atr,nodes,ERROR
Maynard,2019,https://www.townofmaynard-ma.gov/wp-content/uploads/2019/05/maynard-town-report-2018.pdf,atr,nodes,ERROR
Maynard,2019,https://www.townofmaynard-ma.gov/wp-content/uploads/2019/05/town-election-results-20190507.pdf,result,catalog,ERROR
Maynard,2019,https://www.townofmaynard-ma.gov/wp-content/uploads/2019/05/town-election-results-20190507.pdf?v=2,result,catalog,ERROR
Maynard,2020,https://www.townofmaynard-ma.gov/wp-content/uploads/2020/05/maynard-town-report-2019.pdf,atr,nodes,ERROR
Maynard,2020,https://www.townofmaynard-ma.gov/wp-content/uploads/2021/05/maynard-town-report-2020.pdf,atr,nodes,ERROR
Southborough,2006,http://www.southboroughtown.com:80/Town%20Clerk/2006%2005%2008%20Tally%20Sheet%20UNOfficial%20Results%20ATE.pdf,result,catalog,ERROR
Southborough,2010,http://southboroughtown.com:80/townclerk/AnnualReport2010/Administration(1-13).pdf,atr,nodes,ERROR
Southborough,2010,http://southboroughtown.com:80/townclerk/AnnualReport2010/Dedication.pdf,atr,nodes,ERROR
Southborough,2010,http://southboroughtown.com:80/townclerk/AnnualReport2010/Education(154-170).pdf,atr,nodes,ERROR
Southborough,2010,http://southboroughtown.com:80/townclerk/AnnualReport2010/Pages%20thru%20xxvi.pdf,atr,nodes,ERROR
Southborough,2010,http://southboroughtown.com:80/townclerk/AnnualReport2010/Planning(49-64).pdf,atr,nodes,ERROR
Southborough,2010,http://southboroughtown.com:80/townclerk/AnnualReport2010/Protection(65-87).pdf,atr,nodes,ERROR
Southborough,2010,http://southboroughtown.com:80/townclerk/AnnualReport2010/Town%20Services(14-48).pdf,atr,nodes,ERROR
Southborough,2010,http://southboroughtown.com:80/townclerk/AnnualReport2010/TownClerk(89-153).pdf,atr,nodes,ERROR
Southborough,2010,http://southboroughtown.com:80/townclerk/AnnualReport2010/WhoDoICall.pdf,atr,nodes,ERROR
Southborough,2014,http://www.southboroughtown.com:80/townclerk/AnnualReport2014/TCTownInfo.pdf,atr,nodes,ERROR
Waltham,2015,https://www.city.waltham.ma.us/sites/g/files/vyhlif6861/f/file/file/annual_report2015_updatefinal.pdf,atr,nodes,ERROR
Waltham,2016,https://www.city.waltham.ma.us/sites/g/files/vyhlif12301/f/pages/tally_sheet_november_election_2016.pdf,result,catalog,ERROR
Waltham,2017,https://www.city.waltham.ma.us/sites/g/files/vyhlif6861/f/uploads/wpd_annual_report_2017_final.pdf,atr,nodes,ERROR
Waltham,2018,https://www.city.waltham.ma.us/sites/g/files/vyhlif6861/f/uploads/final_ms4_annual_report_year_15_2017-2018_0.pdf,atr,nodes,ERROR
Longmeadow,2020,https://www.longmeadowma.gov/DocumentCenter/View/5105,result,catalog,NOT_PDF
Melrose,2007,http://cityofmelrose.org/departments/clerks/Election%2007/2007%20Election%20Results.pdf,result,catalog,ERROR
Melrose,2016,https://www.cityofmelrose.org/sites/g/files/vyhlif3451/f/uploads/2016_human_resource_annual_report.pdf,atr,nodes,ERROR
Brookfield,2014,http://www.brookfieldma.us:80/Documents/Board%20of%20Selectmen/2014townreport.pdf,atr,nodes,ERROR
Saugus,2012,http://www.saugus-ma.gov:80/pages/SaugusMA_Assessor/2012%20ANNUAL%20REPORT.pdf,atr,nodes,ERROR
Plymouth,2001,http://www.plymouth-ma.gov/sites/plymouthma/files/pages/annual_report_-_2001.pdf,atr,nodes,ERROR
Plymouth,2001,https://www.plymouth-ma.gov/sites/g/files/vyhlif3691/f/pages/annual_report_-_2001.pdf,atr,nodes,ERROR
Plymouth,2002,http://www.plymouth-ma.gov/sites/plymouthma/files/pages/annual_report_-_2002.pdf,atr,nodes,ERROR
Plymouth,2002,https://www.plymouth-ma.gov/sites/g/files/vyhlif3691/f/pages/annual_report_-_2002.pdf,atr,nodes,ERROR
Plymouth,2003,http://www.plymouth-ma.gov/sites/plymouthma/files/pages/annual_report_-_2003.pdf,atr,nodes,ERROR
Plymouth,2003,https://www.plymouth-ma.gov/sites/g/files/vyhlif3691/f/pages/annual_report_-_2003.pdf,atr,nodes,ERROR
Plymouth,2004,http://www.plymouth-ma.gov/sites/plymouthma/files/pages/annual_report_-_2004.pdf,atr,nodes,ERROR
Plymouth,2004,http://www.plymouth-ma.gov/sites/plymouthma/files/uploads/may_2004_annual_report.pdf,atr,nodes,ERROR
Plymouth,2005,http://www.plymouth-ma.gov/sites/plymouthma/files/pages/annual_report_-_2005.pdf,atr,nodes,ERROR
Plymouth,2005,http://www.plymouth-ma.gov/sites/plymouthma/files/uploads/may_2005_annual_report.pdf,atr,nodes,ERROR
Plymouth,2005,https://www.plymouth-ma.gov/sites/g/files/vyhlif3691/f/pages/annual_report_-_2005.pdf,atr,nodes,ERROR
Plymouth,2006,http://www.plymouth-ma.gov/sites/plymouthma/files/pages/annual_report_-_2006.pdf,atr,nodes,ERROR
Plymouth,2006,http://www.plymouth-ma.gov/sites/plymouthma/files/uploads/may_2006_annual_report.pdf,atr,nodes,ERROR
Plymouth,2006,https://www.plymouth-ma.gov/sites/g/files/vyhlif3691/f/pages/annual_report_-_2006.pdf,atr,nodes,ERROR
Plymouth,2007,http://www.plymouth-ma.gov/sites/plymouthma/files/pages/annual_report_-_2007.pdf,atr,nodes,ERROR
Plymouth,2007,http://www.plymouth-ma.gov/sites/plymouthma/files/uploads/may_2007_annual_report.pdf,atr,nodes,ERROR
Plymouth,2007,https://www.plymouth-ma.gov/sites/g/files/vyhlif3691/f/pages/annual_report_-_2007.pdf,atr,nodes,ERROR
Plymouth,2008,http://www.plymouth-ma.gov/sites/plymouthma/files/pages/annual_report_-_2008.pdf,atr,nodes,ERROR
Plymouth,2008,http://www.plymouth-ma.gov/sites/plymouthma/files/uploads/may_2008_annual_report_ii.pdf,atr,nodes,ERROR
Plymouth,2008,https://www.plymouth-ma.gov/sites/g/files/vyhlif3691/f/pages/annual_report_-_2008.pdf,atr,nodes,ERROR
Plymouth,2009,http://www.plymouth-ma.gov/Public_Documents/PlymouthMA_TownClerk/Election%20Information/Election%20Results/iiOfficial%20Election%20Results%202009.pdf,result,catalog,ERROR
Plymouth,2009,http://www.plymouth-ma.gov/sites/plymouthma/files/pages/annual_report_-_2009.pdf,atr,nodes,ERROR
Plymouth,2009,http://www.plymouth-ma.gov/sites/plymouthma/files/uploads/may_2009_annual_report_ii.pdf,atr,nodes,ERROR
Plymouth,2009,https://www.plymouth-ma.gov/sites/g/files/vyhlif3691/f/pages/annual_report_-_2009.pdf,atr,nodes,ERROR
Plymouth,2010,http://www.plymouth-ma.gov/sites/plymouthma/files/pages/annual_report_-_2010.pdf,atr,nodes,ERROR
Plymouth,2010,http://www.plymouth-ma.gov/sites/plymouthma/files/uploads/2010_plymouth_town_report.pdf,atr,nodes,ERROR
Plymouth,2010,http://www.plymouth-ma.gov/sites/plymouthma/files/uploads/may_2010_annual_report_ii.pdf,atr,nodes,ERROR
Plymouth,2010,https://www.plymouth-ma.gov/sites/g/files/vyhlif3691/f/pages/annual_report_-_2010.pdf,atr,nodes,ERROR
Plymouth,2010,https://www.plymouth-ma.gov/sites/g/files/vyhlif3691/f/uploads/2010_plymouth_town_report.pdf,atr,nodes,ERROR
Plymouth,2011,http://www.plymouth-ma.gov/sites/plymouthma/files/pages/annual_report_-_2011.pdf,atr,nodes,ERROR
Plymouth,2011,http://www.plymouth-ma.gov/sites/plymouthma/files/uploads/2011_town_report.pdf,atr,nodes,ERROR
Plymouth,2011,https://www.plymouth-ma.gov/sites/g/files/vyhlif3691/f/pages/annual_report_-_2011.pdf,atr,nodes,ERROR
Plymouth,2011,https://www.plymouth-ma.gov/sites/g/files/vyhlif3691/f/uploads/2011_town_report.pdf,atr,nodes,ERROR
Plymouth,2012,http://www.plymouth-ma.gov/sites/plymouthma/files/pages/annual_report_-_2012.pdf,atr,nodes,ERROR
Plymouth,2012,http://www.plymouth-ma.gov/sites/plymouthma/files/uploads/may_2012_annual_report.pdf,atr,nodes,ERROR
Plymouth,2012,https://www.plymouth-ma.gov/sites/g/files/vyhlif3691/f/pages/annual_report_-_2012.pdf,atr,nodes,ERROR
Plymouth,2013,http://www.plymouth-ma.gov/sites/plymouthma/files/pages/annual_report_-_2013.pdf,atr,nodes,ERROR
Plymouth,2013,http://www.plymouth-ma.gov/sites/plymouthma/files/uploads/2013_town_report.pdf,atr,nodes,ERROR
Plymouth,2013,https://www.plymouth-ma.gov/sites/g/files/vyhlif3691/f/pages/annual_report_-_2013.pdf,atr,nodes,ERROR
Plymouth,2013,https://www.plymouth-ma.gov/sites/g/files/vyhlif3691/f/uploads/2013_town_report.pdf,atr,nodes,ERROR
Plymouth,2014,http://www.plymouth-ma.gov/sites/plymouthma/files/pages/annual_report_-_2014.pdf,atr,nodes,ERROR
Plymouth,2014,https://www.plymouth-ma.gov/sites/g/files/vyhlif3691/f/pages/annual_report_-_2014.pdf,atr,nodes,ERROR
Plymouth,2014,https://www.plymouth-ma.gov/sites/g/files/vyhlif3691/f/uploads/2014_annual_report.pdf,atr,nodes,ERROR
Plymouth,2015,http://www.plymouth-ma.gov/sites/plymouthma/files/pages/annual_report_-_2015.pdf,atr,nodes,ERROR
Plymouth,2015,https://www.plymouth-ma.gov/sites/g/files/vyhlif3691/f/pages/annual_report_-_2015.pdf,atr,nodes,ERROR
Plymouth,2016,https://www.plymouth-ma.gov/sites/g/files/vyhlif3691/f/pages/annual_report_-_2016_0.pdf,atr,nodes,ERROR
Plymouth,2017,https://www.plymouth-ma.gov/sites/g/files/vyhlif3691/f/pages/annual_report_-_2017.pdf,atr,nodes,ERROR
Plymouth,2019,https://www.plymouth-ma.gov/sites/g/files/vyhlif3691/f/uploads/2019_annual_report.pdf,atr,nodes,ERROR
Plymouth,2019,https://www.plymouth-ma.gov/sites/g/files/vyhlif3691/f/uploads/2019_annual_report_2_1.pdf,atr,nodes,ERROR
Plymouth,2019,https://www.plymouth-ma.gov/sites/g/files/vyhlif3691/f/uploads/fy2019_annual_report_final.pdf,atr,nodes,ERROR
Plymouth,2019,https://www.plymouth-ma.gov/sites/plymouthma/files/uploads/2019_annual_report_2_1.pdf,atr,nodes,ERROR
Plymouth,2019,https://www.plymouth-ma.gov/sites/plymouthma/files/uploads/fy2019_annual_report_final.pdf,atr,nodes,ERROR
West Tisbury,2005,http://www.westtisbury-ma.gov/Documents/Selectmen-docs/Annual%20Report-2005.pdf,atr,nodes,ERROR
West Tisbury,2005,https://westtisbury-ma.gov/government/select_board/Documents/Government/Select Board/Forms And Documents/Annual Town Reports/2005 West Tisbury Annual Town Report (PDF).pdf?t=202603170731530,atr,nodes,ERROR
West Tisbury,2005,https://www.westtisbury-ma.gov/sites/g/files/vyhlif4036/f/uploads/annual_report-2005_0.pdf,atr,nodes,ERROR
West Tisbury,2006,http://www.westtisbury-ma.gov/Documents/Annual-Report-2006.pdf,atr,nodes,ERROR
West Tisbury,2006,http://www.westtisbury-ma.gov/Documents/Selectmen-docs/Annual-Report-2006.pdf,atr,nodes,ERROR
West Tisbury,2006,https://westtisbury-ma.gov/government/select_board/Documents/Government/Select Board/Forms And Documents/Annual Town Reports/2006 West Tisbury Annual Town Report (PDF).pdf?t=202603170735400,atr,nodes,ERROR
West Tisbury,2006,https://www.westtisbury-ma.gov/sites/g/files/vyhlif4036/f/uploads/annual-report-2006.pdf,atr,nodes,ERROR
West Tisbury,2007,http://www.westtisbury-ma.gov/Documents/Selectmen-docs/2007-Town-Election-Ballot-Results.pdf,result,catalog,ERROR
West Tisbury,2007,http://www.westtisbury-ma.gov/Documents/Selectmen-docs/West-Tisbury-Annual-Report-2007.pdf,atr,nodes,ERROR
West Tisbury,2007,http://www.westtisbury-ma.gov/Documents/West-Tisbury-Annual-Report-2007.pdf,atr,nodes,ERROR
West Tisbury,2007,https://westtisbury-ma.gov/government/select_board/Documents/Government/Select Board/Forms And Documents/Annual Town Reports/2007 West Tisbury Annual Town Report (PDF).pdf?t=202603170735400,atr,nodes,ERROR
West Tisbury,2007,https://www.westtisbury-ma.gov/sites/g/files/vyhlif4036/f/uploads/west-tisbury-annual-report-2007_0.pdf,atr,nodes,ERROR
West Tisbury,2008,http://www.westtisbury-ma.gov/Documents/Selectmen-docs/Annual-report-2008-WestTisburyTRFINAL.pdf,atr,nodes,ERROR
West Tisbury,2008,https://westtisbury-ma.gov/government/select_board/Documents/Government/Select Board/Forms And Documents/Annual Town Reports/2008 West Tisbury Annual Town Report (PDF).pdf?t=202603170735380,atr,nodes,ERROR
West Tisbury,2008,https://www.westtisbury-ma.gov/sites/g/files/vyhlif4036/f/uploads/annual-report-2008-westtisburytrfinal.pdf,atr,nodes,ERROR
West Tisbury,2009,http://www.westtisbury-ma.gov/Documents/Selectmen-docs/Annual-Report-2009.pdf,atr,nodes,ERROR
West Tisbury,2010,http://www.westtisbury-ma.gov/Documents/Selectmen-docs/Annual-Report-2010.pdf,atr,nodes,ERROR
West Tisbury,2011,https://westtisbury-ma.gov/government/select_board/Documents/Government/Select Board/Forms And Documents/Annual Town Reports/2011 West Tisbury Annual Town Report (PDF).pdf?t=202603170735030,atr,nodes,ERROR
West Tisbury,2012,https://westtisbury-ma.gov/government/select_board/Documents/Government/Select Board/Forms And Documents/Annual Town Reports/2012 West Tisbury Annual Town Report (PDF) (1).pdf?t=202603170735020,atr,nodes,ERROR
West Tisbury,2012,https://westtisbury-ma.gov/government/select_board/Documents/Government/Select Board/Forms And Documents/Annual Town Reports/2012 West Tisbury Annual Town Report (PDF).pdf?t=202603170734230,atr,nodes,ERROR
West Tisbury,2014,https://westtisbury-ma.gov/government/select_board/Documents/Government/Select Board/Forms And Documents/Annual Town Reports/2014 West Tisbury Annual Town Report (PDF).pdf?t=202603170732220,atr,nodes,ERROR
West Tisbury,2015,http://westtisbury-ma.gov/Documents/Selectmen-docs/2015-WT-Annual-Report.pdf,atr,nodes,ERROR
West Tisbury,2015,https://westtisbury-ma.gov/government/select_board/Documents/Government/Select Board/Forms And Documents/Annual Town Reports/2015 West Tisbury Annual Town Report (PDF).pdf?t=202603170732160,atr,nodes,ERROR
West Tisbury,2015,https://www.westtisbury-ma.gov/sites/g/files/vyhlif4036/f/uploads/2015-wt-annual-report.pdf,atr,nodes,ERROR
West Tisbury,2016,http://www.westtisbury-ma.gov/Documents/Town-Clerk-docs/ATE2016BallotTally.pdf,result,catalog,ERROR
West Tisbury,2016,https://westtisbury-ma.gov/government/select_board/Documents/Government/Select Board/Forms And Documents/Annual Town Reports/2016 West Tisbury Annual Town Report (PDF).pdf?t=202603170732180,atr,nodes,ERROR
West Tisbury,2016,https://www.westtisbury-ma.gov/sites/g/files/vyhlif4036/f/uploads/2016-town-report.pdf,atr,nodes,ERROR
West Tisbury,2017,https://westtisbury-ma.gov/government/select_board/Documents/Government/Select Board/Forms And Documents/Annual Town Reports/2017 West Tisbury Annual Town Report (PDF).pdf?t=202603170732150,atr,nodes,ERROR
West Tisbury,2017,https://www.westtisbury-ma.gov/sites/g/files/vyhlif4036/f/uploads/2017_annual_report.pdf,atr,nodes,ERROR
West Tisbury,2018,https://westtisbury-ma.gov/government/select_board/Documents/Government/Select Board/Forms And Documents/Annual Town Reports/2018 West Tisbury Annual Town Report (PDF).pdf?t=202603170732140,atr,nodes,ERROR
West Tisbury,2018,https://www.westtisbury-ma.gov/sites/g/files/vyhlif4036/f/uploads/2018_west_tisbury_annual_report.pdf,atr,nodes,ERROR
West Tisbury,2019,https://westtisbury-ma.gov/government/select_board/Documents/Government/Select Board/Forms And Documents/Annual Town Reports/2019 West Tisbury Annual Town Report (PDF).pdf?t=202603170732120,atr,nodes,ERROR
West Tisbury,2019,https://www.westtisbury-ma.gov/sites/g/files/vyhlif4036/f/uploads/2019_annual_report.pdf,atr,nodes,ERROR
West Tisbury,2020,https://westtisbury-ma.gov/government/select_board/Documents/Government/Select Board/Forms And Documents/Annual Town Reports/2020 West Tisbury Annual Town Report (PDF).pdf?t=202603170732110,atr,nodes,ERROR
Lexington,2001,http://lexingtonma.gov/Selectmen/TownReport2001.pdf,atr,nodes,ERROR
Lexington,2006,http://lexingtonma.gov/Selectmen/2006%20Lex%20Annual%20Report_LowRes.pdf,atr,nodes,ERROR
Lexington,2009,http://lexingtonma.gov/2009TownReport-final.pdf,atr,nodes,ERROR
Lexington,2009,http://lexingtonma.gov/Selectmen/2009TownReport-final.pdf,atr,nodes,ERROR
Lexington,2009,http://lexingtonma.gov/Selectmen/2009TownReport-final1.pdf,atr,nodes,ERROR
Lexington,2011,http://lexingtonma.gov/committees/Estabrook%20TF/2011%20Estabrook%20School%20Access%20Ad%20Hoc%20Task%20Forc%20Annual%20Report.pdf,atr,nodes,ERROR
Lexington,2012,http://lexingtonma.gov/townclerk/Election%20Results/2012-01-24%20Official%20Results.pdf,result,catalog,ERROR
Lexington,2012,http://lexingtonma.gov/townclerk/Election%20Results/2012.03.06.%20ATE.OFFICAL%20RESULTS-FINAL1.pdf,result,catalog,ERROR
Lexington,2012,http://lexingtonma.gov/townclerk/Election%20Results/2012.03.06.PP.OFFICAL.RESULTS.FINAL.pdf,result,catalog,ERROR
Lexington,2012,http://lexingtonma.gov/townclerk/Election%20Results/2012_11_06%20Pres-State%20Elec%20OFFICIAL%20RESULTS.pdf,result,catalog,ERROR
Lexington,2013,http://lexingtonma.gov/committee/AhCCACAnnualReport2013.pdf,atr,nodes,ERROR
Lexington,2013,http://lexingtonma.gov/townclerk/Election%20Results/2013-04-30-OFFICAL%20RESULTS.pdf,result,catalog,ERROR
Lexington,2013,http://lexingtonma.gov/townclerk/Election%20Results/2013-06-25-OFFICAL%20RESULTS_WEB.pdf,result,catalog,ERROR
Lexington,2013,http://lexingtonma.gov/townclerk/Election%20Results/2013-06-25-UNOFFICAL%20RESULTS_WEB.pdf,result,catalog,ERROR
Lexington,2013,http://lexingtonma.gov/townclerk/Election%20Results/2013-10-15-Official.pdf,result,catalog,ERROR
Lexington,2013,http://lexingtonma.gov/townclerk/Election%20Results/2013_03_04_%20ATE_FINAL%20RESULTS.pdf,result,catalog,ERROR
Lexington,2013,http://www.lexingtonma.gov/sites/lexingtonma/files/uploads/lexington_gcannualreport_fall2013_final.pdf,atr,nodes,ERROR
Lexington,2014,http://lexingtonma.gov/townclerk/Election%20Results/2014-03-03-ATE-official%20results.pdf,result,catalog,ERROR
Lexington,2014,http://lexingtonma.gov/townclerk/Election%20Results/2014-09-09-DH%20FINAL.pdf,result,catalog,ERROR
Lexington,2014,http://lexingtonma.gov/townclerk/Election%20Results/2014-11-04-SpecTownOFFICIAL-RESULTS-web.pdf,result,catalog,ERROR
Lynnfield,2006,http://www.town.lynnfield.ma.us/Pages/LynnfieldMA_BComm/historical/Annual-Report-2006x.pdf,atr,nodes,NOT_PDF
Lynnfield,2006,http://www.town.lynnfield.ma.us/Pages/LynnfieldMA_DPW/townreports/TownReportDPW2006.pdf,atr,nodes,NOT_PDF
Lynnfield,2007,http://www.town.lynnfield.ma.us/Pages/LynnfieldMA_BComm/historical/Annual-Report-2007x.pdf,atr,nodes,NOT_PDF
Lynnfield,2008,http://www.town.lynnfield.ma.us/Pages/LynnfieldMA_BComm/historical/Annual-Report-2008x.pdf,atr,nodes,NOT_PDF
Lynnfield,2009,http://www.town.lynnfield.ma.us/Pages/LynnfieldMA_BComm/historical/Annual-Report-2009.pdf,atr,nodes,NOT_PDF
Lynnfield,2009,http://www.town.lynnfield.ma.us/Pages/LynnfieldMA_BComm/historical/AnnualReport2009.pdf,atr,nodes,NOT_PDF
Lynnfield,2011,http://www.town.lynnfield.ma.us/Pages/LynnfieldMA_BComm/historical/Annual-Report-2011X.pdf,atr,nodes,NOT_PDF
Lynnfield,2011,http://www.town.lynnfield.ma.us/Pages/LynnfieldMA_DPW/townreports/TOWN%20REPORT2011.pdf,atr,nodes,NOT_PDF
Lynnfield,2012,http://www.town.lynnfield.ma.us/Pages/LynnfieldMA_BComm/historical/Annual-Report-2012.pdf,atr,nodes,NOT_PDF
Lynnfield,2013,http://www.town.lynnfield.ma.us/Pages/LynnfieldMA_BComm/historical/Annual-Report-2013XX.pdf,atr,nodes,NOT_PDF
Lynnfield,2013,http://www.town.lynnfield.ma.us/Pages/LynnfieldMA_DPW/TOWN%20REPORT2013.pdf,atr,nodes,NOT_PDF
Lynnfield,2014,http://www.town.lynnfield.ma.us/Pages/LynnfieldMA_BComm/historical/Annual-Report-2014X.pdf,atr,nodes,NOT_PDF
Lynnfield,2017,https://www.town.lynnfield.ma.us/sites/g/files/vyhlif3391/f/uploads/lynnfield_town_report_2017_final.pdf,atr,nodes,NOT_PDF
Lynnfield,2019,https://www.town.lynnfield.ma.us/sites/g/files/vyhlif3391/f/uploads/annual_town_report_2019_final.pdf,atr,nodes,NOT_PDF
Lynnfield,2020,https://www.town.lynnfield.ma.us/sites/g/files/vyhlif3391/f/news/2020_town_election_-_final_results.pdf,result,catalog,NOT_PDF
Lynnfield,2020,https://www.town.lynnfield.ma.us/sites/g/files/vyhlif3391/f/uploads/2020_town_report_final.pdf,atr,nodes,NOT_PDF
Lakeville,2010,http://www.lakevillema.org/uploads/2010%20Town%20Report.pdf,atr,nodes,ERROR
Lakeville,2010,https://www.lakevillema.org/sites/g/files/vyhlif751/f/uploads/2010_town_report.pdf,atr,nodes,ERROR
Lakeville,2011,"http://www.lakevillema.org/Elections/Results%20April%204,%202011.pdf",result,catalog,ERROR
Lakeville,2011,https://www.lakevillema.org/sites/g/files/vyhlif751/f/uploads/lakeville_2011_town_report.pdf,atr,nodes,ERROR
Lakeville,2012,https://www.lakevillema.org/sites/g/files/vyhlif751/f/uploads/lakeville_2012_town_report-web_copy.pdf,atr,nodes,ERROR
Lakeville,2014,http://lakevillema.org/Elections/Town%20election%20results%202014.pdf,result,catalog,ERROR
Lakeville,2014,http://lakevillema.org/Town%20Report/2014.pdf,atr,nodes,ERROR
Lakeville,2015,http://lakevillema.org/Town%20Report/2015%20Town%20Report.pdf,atr,nodes,ERROR
Lakeville,2015,https://www.lakevillema.org/sites/g/files/vyhlif751/f/uploads/2015_town_report.pdf,atr,nodes,ERROR
Millis,2018,https://www.millisma.gov/sites/g/files/vyhlif901/f/uploads/2018_annual_town_report.pdf,atr,nodes,ERROR
Millis,2018,https://www.millisma.gov/sites/millisma/files/uploads/2018_annual_town_report.pdf,atr,nodes,ERROR
Millis,2019,https://www.millisma.gov/sites/g/files/vyhlif901/f/news/millis_2019_town_report_for_web.pdf,atr,nodes,ERROR
Millis,2019,https://www.millisma.gov/sites/g/files/vyhlif901/f/pages/millis_2019_town_report_6x9_text_proof_4.pdf,atr,nodes,ERROR
Millis,2019,https://www.millisma.gov/sites/g/files/vyhlif901/f/uploads/state_of_the_town_report_04-2019.pdf,atr,nodes,ERROR
Millis,2019,https://www.millisma.gov/sites/millisma/files/uploads/state_of_the_town_report_04-2019.pdf,atr,nodes,ERROR
Millis,2020,https://www.millisma.gov/sites/g/files/vyhlif901/f/news/millis_2020_town_report.pdf,atr,nodes,ERROR
Millis,2020,https://www.millisma.gov/sites/g/files/vyhlif901/f/news/town_election_results_for_june.22.2020.pdf,result,catalog,ERROR
Millis,2020,https://www.millisma.gov/sites/g/files/vyhlif901/f/pages/millis_2020_town_report.pdf,atr,nodes,ERROR
Blandford,2020,https://townofblandford.com/wp-content/uploads/2021/05/annual-town-report-2020-2021.pdf,atr,nodes,ERROR
Cambridge,2001,http://www.rwinters.com:80/ballot2001/school2001wp-recount.pdf,result,catalog,ERROR
Tyringham,2019,https://www.tyringham-ma.gov/sites/g/files/vyhlif1336/f/news/caucus_results_2019.pdf,result,catalog,ERROR
Upton,2011,http://www.uptonma.gov:80/Pages/UptonMA_Bcomm/bos/reportdocs/2011annualreport.pdf,atr,nodes,ERROR
Upton,2015,http://www.uptonma.gov:80/sites/uptonma/files/uploads/2015_annual_town_report_0.pdf,atr,nodes,ERROR
Bolton,2003,http://townofbolton.com/pages/BoltonMA_Conservation/Annual_Reports/2003_Annual_%20Report.pdf,atr,nodes,ERROR
Bolton,2004,http://townofbolton.com/pages/BoltonMA_ZBA/ZBA%20Annual%20Report%20files/ZBAannualreport2004.pdf,atr,nodes,ERROR
Bolton,2004,http://www.townofbolton.com/pages/BoltonMA_Conservation/Annual_Reports/2004_Annual_Report.pdf,atr,nodes,ERROR
Bolton,2005,http://townofbolton.com/pages/BoltonMA_ZBA/ZBA%20Annual%20Report%20files/ZBAannualreport2005.pdf,atr,nodes,ERROR
Bolton,2005,http://www.townofbolton.com/Pages/BoltonMA_Assessors/Annual-report-2005-all.doc.pdf,atr,nodes,ERROR
Bolton,2006,http://townofbolton.com/pages/BoltonMA_ZBA/ZBA%20Annual%20Report%20files/ZBAannualreport2006.pdf,atr,nodes,ERROR
Bolton,2007,http://townofbolton.com/Pages/BoltonMA_WebDocs/2007Reports/2007AnnualTownReport.pdf,atr,nodes,ERROR
Bolton,2007,http://townofbolton.com/pages/BoltonMA_ZBA/ZBA%20Annual%20Report%20files/ZBAannualreport2007.pdf,atr,nodes,ERROR
Bolton,2007,http://www.townofbolton.com/Pages/BoltonMA_WebDocs/2007AnnualTownReport.pdf,atr,nodes,ERROR
Bolton,2008,http://townofbolton.com/Pages/BoltonMA_WebDocs/2008Reports/AnnualReport2008.pdf,atr,nodes,ERROR
Bolton,2008,http://townofbolton.com/pages/BoltonMA_Admin/AnnualReports/2008AnnualReport.pdf,atr,nodes,ERROR
Bolton,2008,http://townofbolton.com/pages/BoltonMA_ZBA/ZBA%20Annual%20Report%20files/ZBAannualreport2008.pdf,atr,nodes,ERROR
Bolton,2009,http://townofbolton.com/Pages/BoltonMA_WebDocs/2009Reports/AnnualReport2009.pdf,atr,nodes,ERROR
Bolton,2009,http://townofbolton.com/pages/BoltonMA_Admin/AnnualReports/2009AnnualReport.pdf,atr,nodes,ERROR
Bolton,2009,http://townofbolton.com/pages/BoltonMA_ZBA/ZBA%20Annual%20Report%20files/ZBAannualreport2009.pdf,atr,nodes,ERROR
Bolton,2010,http://townofbolton.com/pages/BoltonMA_Admin/AnnualReports/2010AnnualReport.pdf,atr,nodes,ERROR
Bolton,2010,http://townofbolton.com/pages/BoltonMA_ZBA/ZBA%20Annual%20Report%20files/ZBAannualreport2010.pdf,atr,nodes,ERROR
Bolton,2011,http://townofbolton.com/pages/BoltonMA_Admin/AnnualReports/2011AnnualReport.pdf,atr,nodes,ERROR
Bolton,2011,http://townofbolton.com/pages/BoltonMA_ZBA/ZBA%20Annual%20Report%20files/2011%20annual%20report.pdf,atr,nodes,ERROR
Bolton,2012,http://townofbolton.com/Pages/BoltonMA_BBoard/ATM%20Vote%20Results%20May%207-8%202012%20.pdf,result,catalog,ERROR
Bolton,2012,http://townofbolton.com/pages/BoltonMA_Admin/AnnualReports/2012AnnualReport.pdf,atr,nodes,ERROR
Bolton,2012,http://townofbolton.com/pages/BoltonMA_ZBA/ZBA%20Annual%20Report%20files/2012%20annual%20report.pdf,atr,nodes,ERROR
Bolton,2016,https://www.townofbolton.com/sites/g/files/vyhlif2836/f/uploads/annual_report_2016_part_1.pdf,atr,nodes,ERROR
Bolton,2016,https://www.townofbolton.com/sites/g/files/vyhlif2836/f/uploads/annual_report_2016_part_2.pdf,atr,nodes,ERROR
Bolton,2016,https://www.townofbolton.com/sites/g/files/vyhlif2836/f/uploads/annual_report_2016_part_3.pdf,atr,nodes,ERROR
Bolton,2016,https://www.townofbolton.com/sites/g/files/vyhlif2836/f/uploads/annual_report_2016_part_4.pdf,atr,nodes,ERROR
Bolton,2017,https://www.townofbolton.com/sites/g/files/vyhlif2836/f/uploads/2017_annual_report_1_of_2.pdf,atr,nodes,ERROR
Bolton,2017,https://www.townofbolton.com/sites/g/files/vyhlif2836/f/uploads/2017_annual_report_2_of_2.pdf,atr,nodes,ERROR
Bolton,2018,https://www.townofbolton.com/system/files/uploads/2018_annual_report_part_1_of_2.pdf,atr,nodes,ERROR
Bolton,2018,https://www.townofbolton.com/system/files/uploads/2018_annual_report_part_2_of_2.pdf,atr,nodes,ERROR
Bolton,2019,https://www.townofbolton.com/system/files/uploads/annual_report_2019_final.pdf,atr,nodes,ERROR
Newburyport,2012,http://www.cityofnewburyport.com/sites/newburyportma/files/cityofnewburyportannualreport2012_4screen.pdf,atr,nodes,ERROR
Newburyport,2012,http://www.cityofnewburyport.com/sites/newburyportma/files/file/file/cityofnewburyportannualreport2012_4screen.pdf,atr,nodes,ERROR
Newburyport,2012,https://www.cityofnewburyport.com/sites/g/files/vyhlif7106/f/pages/cityofnewburyportannualreport2012_4screen.pdf,atr,nodes,ERROR
Newburyport,2013,http://www.cityofnewburyport.com/sites/newburyportma/files/file/file/newburyportannualreport2013forscreen.pdf,atr,nodes,ERROR
Newburyport,2013,http://www.cityofnewburyport.com/sites/newburyportma/files/newburyportannualreport2013forscreen_0.pdf,atr,nodes,ERROR
Newburyport,2013,https://www.cityofnewburyport.com/sites/g/files/vyhlif7106/f/pages/newburyportannualreport2013forscreen_0.pdf,atr,nodes,ERROR
Newburyport,2014,http://www.cityofnewburyport.com/sites/newburyportma/files/2014_annual_report_attachment_iii_-_riverside_parking_relayout.pdf,atr,nodes,ERROR
Newburyport,2014,http://www.cityofnewburyport.com/sites/newburyportma/files/2014_annual_report_to_mayor-_1.1.2013_-_6.30.2014_exec_summary.pdf,atr,nodes,ERROR
Newburyport,2014,http://www.cityofnewburyport.com/sites/newburyportma/files/2014_annual_report_to_mayor_1.1.2013_-_6.30.2014.pdf,atr,nodes,ERROR
Newburyport,2014,https://www.cityofnewburyport.com/sites/g/files/vyhlif7106/f/pages/2014_annual_report_attachment_iii_-_riverside_parking_relayout.pdf,atr,nodes,ERROR
Newburyport,2014,https://www.cityofnewburyport.com/sites/g/files/vyhlif7106/f/pages/2014_annual_report_to_mayor-_1.1.2013_-_6.30.2014_exec_summary.pdf,atr,nodes,ERROR
Newburyport,2014,https://www.cityofnewburyport.com/sites/g/files/vyhlif7106/f/pages/2014_annual_report_to_mayor_1.1.2013_-_6.30.2014.pdf,atr,nodes,ERROR
Newburyport,2015,http://www.cityofnewburyport.com/sites/newburyportma/files/file/file/annual_report_of_activities_july_1_2014-june_30_2015.pdf,atr,nodes,ERROR
Newburyport,2015,https://www.cityofnewburyport.com/sites/g/files/vyhlif7106/f/file/file/2015_annual_report.pdf,atr,nodes,ERROR
Newburyport,2015,https://www.cityofnewburyport.com/sites/g/files/vyhlif7106/f/pages/annual_report_fy_2015.pdf,atr,nodes,ERROR
Newburyport,2016,https://www.cityofnewburyport.com/sites/g/files/vyhlif7106/f/pages/annual_report_fy_2016.pdf,atr,nodes,ERROR
Newburyport,2017,https://www.cityofnewburyport.com/sites/g/files/vyhlif7106/f/pages/annual_report_fy_2017_.pdf,atr,nodes,ERROR
Newburyport,2018,https://www.cityofnewburyport.com/sites/g/files/vyhlif7106/f/pages/annual_report_fy_2018_0.pdf,atr,nodes,ERROR
Newburyport,2019,https://www.cityofnewburyport.com/sites/g/files/vyhlif7106/f/pages/tc_annual_report_fy_2019_final.pdf,atr,nodes,ERROR
Medway,2015,http://www.townofmedway.org/sites/medwayma/files/uploads/annual-town-report_2015.pdf,atr,nodes,ERROR
Medway,2018,https://www.townofmedway.org/sites/g/files/vyhlif8006/f/pages/42k_handling_the_mentally_ill_2018.pdf,result,catalog,ERROR
Medway,2018,https://www.townofmedway.org/sites/g/files/vyhlif866/f/pages/42k_handling_the_mentally_ill_2018.pdf,result,catalog,ERROR
Medway,2019,https://www.townofmedway.org/sites/g/files/vyhlif8006/f/pages/2019_mpd_annual_report.pdf,atr,nodes,ERROR
Medway,2019,https://www.townofmedway.org/sites/g/files/vyhlif8006/f/pages/franklin-medway_2019_annual_report_3.pdf,atr,nodes,ERROR
Medway,2019,https://www.townofmedway.org/sites/g/files/vyhlif866/f/pages/2019_mpd_annual_report.pdf,atr,nodes,ERROR
Medway,2019,https://www.townofmedway.org/sites/g/files/vyhlif866/f/pages/franklin-medway_2019_annual_report_3.pdf,atr,nodes,ERROR
Medway,2019,https://www.townofmedway.org/sites/g/files/vyhlif866/f/uploads/2019_annual_report.pdf,atr,nodes,ERROR
Medway,2020,https://www.townofmedway.org/sites/g/files/vyhlif8006/f/pages/franklin-medway_2020_annual_report.pdf,atr,nodes,ERROR
Medway,2020,https://www.townofmedway.org/sites/g/files/vyhlif8006/f/uploads/2020_annual_town_report_final-for_posting_to_website.pdf,atr,nodes,ERROR
Medway,2020,https://www.townofmedway.org/sites/g/files/vyhlif8006/f/uploads/2020_annual_town_report_final.pdf,atr,nodes,ERROR
Medway,2020,https://www.townofmedway.org/sites/g/files/vyhlif8006/f/uploads/2020_mpd_annual_report.pdf,atr,nodes,ERROR
Medway,2020,https://www.townofmedway.org/sites/g/files/vyhlif866/f/uploads/2020_annual_town_report_final-for_posting_to_website.pdf,atr,nodes,ERROR
Medway,2020,https://www.townofmedway.org/sites/g/files/vyhlif866/f/uploads/2020_mpd_annual_report.pdf,atr,nodes,ERROR
Medway,2020,https://www.townofmedway.org/sites/g/files/vyhlif866/f/uploads/designreviewcommittee_annual_report_2020_final_3-5-21.pdf,atr,nodes,ERROR
Medway,2020,https://www.townofmedway.org/sites/g/files/vyhlif866/f/uploads/medway_cultural_council_annual_report_2020.pdf,atr,nodes,ERROR
Paxton,2001,https://www.townofpaxton.net/sites/g/files/vyhlif4846/f/uploads/annual_report_2001_june_30.pdf,atr,nodes,ERROR
Paxton,2002,http://www.townofpaxton.net/sites/g/files/vyhlif4846/f/uploads/annual_report_2002_june_30.pdf,atr,nodes,ERROR
Paxton,2007,https://www.townofpaxton.net/sites/g/files/vyhlif4846/f/uploads/annual_report_2007_june_30.pdf,atr,nodes,ERROR
Paxton,2009,http://www.townofpaxton.net/sites/g/files/vyhlif4846/f/uploads/annual_report_2009_june_30.pdf,atr,nodes,ERROR
Paxton,2011,http://www.townofpaxton.net/sites/g/files/vyhlif4846/f/uploads/annual_report_2011_june_30.pdf,atr,nodes,ERROR
Paxton,2015,http://www.townofpaxton.net/sites/g/files/vyhlif4846/f/uploads/annual_report_2015_june_30.pdf,atr,nodes,ERROR
Paxton,2016,http://www.townofpaxton.net/sites/g/files/vyhlif4846/f/uploads/ms4annualreport_year_13_to_march_31_2016.pdf,atr,nodes,ERROR
Paxton,2017,http://www.townofpaxton.net/sites/g/files/vyhlif4846/f/uploads/ms4annualreport_year_14_to_march_31_2017.pdf,atr,nodes,ERROR
Paxton,2018,https://www.townofpaxton.net/sites/g/files/vyhlif4846/f/uploads/official_results_of_the_may_14_2018_annual_town_election.pdf,result,catalog,ERROR
Paxton,2019,http://www.townofpaxton.net/sites/g/files/vyhlif4846/f/uploads/annual_town_report_2019.pdf,atr,nodes,ERROR
Paxton,2020,https://www.townofpaxton.net/sites/g/files/vyhlif4846/f/uploads/2020_caucus_results.pdf,result,catalog,ERROR
Paxton,2020,https://www.townofpaxton.net/sites/g/files/vyhlif4846/f/uploads/official_results_annual_town_election_6.29.2020.pdf,result,catalog,ERROR
Stoneham,2012,http://www.stoneham-ma.gov/sites/stonehamma/files/u80/2012_annual_town_election_tally.pdf,result,catalog,ERROR
Stoneham,2012,https://stoneham-ma.gov/ImageRepository/Document?documentID=94,result,catalog,NOT_PDF
Stoneham,2012,https://stoneham-ma.gov/ImageRepository/Document?documentID=97,result,catalog,NOT_PDF
Stoneham,2013,http://www.stoneham-ma.gov/sites/stonehamma/files/u59/aa_2013_annual_report.pdf,atr,nodes,ERROR
Stoneham,2013,https://www.stoneham-ma.gov/sites/stonehamma/files/file/file/2013_annual_town_election_tally.pdf,result,catalog,ERROR
Stoneham,2014,http://www.stoneham-ma.gov/sites/stonehamma/files/file/file/2014_april_1_annual_town_election_results.pdf,result,catalog,ERROR
Stoneham,2014,http://www.stoneham-ma.gov/sites/stonehamma/files/u80/2014_april_1_annual_town_election_results.pdf,result,catalog,ERROR
Stoneham,2015,https://www.stoneham-ma.gov/sites/stonehamma/files/file/file/2015_april_7_annual_election_results.pdf,result,catalog,ERROR
Stoneham,2015,https://www.stoneham-ma.gov/sites/stonehamma/files/u80/0_aa_2015_annual_report.pdf,atr,nodes,ERROR
Sharon,2010,http://www.townofsharon.net:80/sites/sharonma/files/file/file/2010_annual_town_report.pdf,atr,nodes,ERROR
Sharon,2013,http://www.townofsharon.net:80/sites/sharonma/files/file/file/2013_annual_report.pdf,atr,nodes,ERROR
Sharon,2013,http://www.townofsharon.net:80/sites/sharonma/files/file/file/2013_town_report_-_for_website.pdf,atr,nodes,ERROR
Sharon,2014,http://www.townofsharon.net:80/sites/sharonma/files/file/file/2014_sharon_annual_town_reportbw.pdf,atr,nodes,ERROR
Sharon,2014,http://www.townofsharon.net:80/sites/sharonma/files/file/file/2014_sharon_annual_town_reportbw_0.pdf,atr,nodes,ERROR
Sharon,2015,http://www.townofsharon.net:80/sites/sharonma/files/file/file/2015_sharon_annual_town_report_-_final_from_printer.pdf,atr,nodes,ERROR
Swampscott,2020,https://swampscottma.gov/DocumentCenter/View/2292/2020-06-30-Town-Election-results,result,catalog,NOT_PDF
Andover,2012,http://andoverma.gov/publish/townreport2012.pdf,atr,nodes,ERROR
Acushnet,2018,https://www.acushnet.ma.us/sites/g/files/vyhlif2721/f/uploads/town_report_2018_v3.pdf,atr,nodes,ERROR
North Reading,2005,http://www.northreadingma.gov:80/Pages/NReadingMA_TownReport/2005townreport.pdf,atr,nodes,ERROR
Westminster,2012,http://www.westminster-ma.gov:80/sites/westminsterma/files/uploads/2012_annual_town_election_results.pdf,result,catalog,ERROR
Worcester,2000,http://www.worcesterma.gov/election-results/2000-2009/20000307.pdf,result,catalog,ERROR
Worcester,2000,http://www.worcesterma.gov/election-results/2000-2009/20000919.pdf,result,catalog,ERROR
Worcester,2000,http://www.worcesterma.gov/election-results/2000-2009/20001107.pdf,result,catalog,ERROR
Worcester,2000,http://www.worcesterma.gov/election-results/2000-2009/20010911.pdf,result,catalog,ERROR
Worcester,2000,http://www.worcesterma.gov/election-results/2000-2009/20011106.pdf,result,catalog,ERROR
Worcester,2000,http://www.worcesterma.gov/election-results/2000-2009/20020917.pdf,result,catalog,ERROR
Worcester,2000,http://www.worcesterma.gov/election-results/2000-2009/20021112.pdf,result,catalog,ERROR
Worcester,2000,http://www.worcesterma.gov/election-results/2000-2009/20031104.pdf,result,catalog,ERROR
Worcester,2000,http://www.worcesterma.gov/election-results/2000-2009/20040302.pdf,result,catalog,ERROR
Worcester,2000,http://www.worcesterma.gov/election-results/2000-2009/20040914.pdf,result,catalog,ERROR
Worcester,2000,http://www.worcesterma.gov/election-results/2000-2009/20041102.pdf,result,catalog,ERROR
Worcester,2000,http://www.worcesterma.gov/election-results/2000-2009/20051108.pdf,result,catalog,ERROR
Worcester,2000,http://www.worcesterma.gov/election-results/2000-2009/20060919.pdf,result,catalog,ERROR
Worcester,2000,http://www.worcesterma.gov/election-results/2000-2009/20061107.pdf,result,catalog,ERROR
Worcester,2000,http://www.worcesterma.gov/election-results/2000-2009/20070320.pdf,result,catalog,ERROR
Worcester,2000,http://www.worcesterma.gov/election-results/2000-2009/20070417.pdf,result,catalog,ERROR
Worcester,2000,http://www.worcesterma.gov/election-results/2000-2009/20070911.pdf,result,catalog,ERROR
Worcester,2000,http://www.worcesterma.gov/election-results/2000-2009/20071106.pdf,result,catalog,ERROR
Worcester,2000,http://www.worcesterma.gov/election-results/2000-2009/20080205.pdf,result,catalog,ERROR
Worcester,2000,http://www.worcesterma.gov/election-results/2000-2009/20080916.pdf,result,catalog,ERROR
Worcester,2000,http://www.worcesterma.gov/election-results/2000-2009/20081104.pdf,result,catalog,ERROR
Worcester,2000,http://www.worcesterma.gov/election-results/2000-2009/20091103.pdf,result,catalog,ERROR
Worcester,2000,http://www.worcesterma.gov/election-results/2000-2009/20091208.pdf,result,catalog,ERROR
Worcester,2007,http://www.worcesterma.gov/uploads/a5/16/a5167007795b7033df63d7519e03a4d0/wpd-annual-report-2007.pdf,atr,nodes,ERROR
Worcester,2007,http://www.worcesterma.gov/uploads/de/28/de281f4628ee3311fabba5af9f1e8b5a/wpd-annual-report-2007.pdf,atr,nodes,ERROR
Worcester,2008,http://www.worcesterma.gov/uploads/4d/c2/4dc235b05ee35f7e6dc31f85210f6d20/wpd-annual-report-2008.pdf,atr,nodes,ERROR
Worcester,2008,http://www.worcesterma.gov/uploads/ad/c7/adc754d9af16e18a2e1d2c7df6c1cca2/wpd-annual-report-2008.pdf,atr,nodes,ERROR
Worcester,2008,http://www.worcesterma.gov/uploads/b3/0e/b30eac8dea833cb2846d712194de45e0/2008-annual-report.pdf,atr,nodes,ERROR
Worcester,2009,http://www.worcesterma.gov/uploads/09/83/098393d3ce576af7cbd36c7f1755bdbf/2009-annual-report.pdf,atr,nodes,ERROR
Worcester,2010,http://www.worcesterma.gov/election-results/2010-2019/20100119.pdf,result,catalog,ERROR
Worcester,2010,http://www.worcesterma.gov/election-results/2010-2019/20100914.pdf,result,catalog,ERROR
Worcester,2010,http://www.worcesterma.gov/election-results/2010-2019/20101102.pdf,result,catalog,ERROR
Worcester,2010,http://www.worcesterma.gov/election-results/2010-2019/20110920.pdf,result,catalog,ERROR
Worcester,2010,http://www.worcesterma.gov/election-results/2010-2019/20111108.pdf,result,catalog,ERROR
Worcester,2010,http://www.worcesterma.gov/election-results/2010-2019/20120306.pdf,result,catalog,ERROR
Worcester,2010,http://www.worcesterma.gov/election-results/2010-2019/20120906.pdf,result,catalog,ERROR
Worcester,2010,http://www.worcesterma.gov/election-results/2010-2019/20121106.pdf,result,catalog,ERROR
Worcester,2010,http://www.worcesterma.gov/election-results/2010-2019/20130430.pdf,result,catalog,ERROR
Worcester,2010,http://www.worcesterma.gov/election-results/2010-2019/20130625.pdf,result,catalog,ERROR
Worcester,2010,http://www.worcesterma.gov/election-results/2010-2019/20130813.pdf,result,catalog,ERROR
Worcester,2010,http://www.worcesterma.gov/election-results/2010-2019/20130910.pdf,result,catalog,ERROR
Worcester,2010,http://www.worcesterma.gov/election-results/2010-2019/20131105.pdf,result,catalog,ERROR
Worcester,2010,http://www.worcesterma.gov/election-results/2010-2019/20140909.pdf,result,catalog,ERROR
Worcester,2010,http://www.worcesterma.gov/election-results/2010-2019/20141104.pdf,result,catalog,ERROR
Worcester,2010,http://www.worcesterma.gov/election-results/2010-2019/20150908.pdf,result,catalog,ERROR
Worcester,2010,http://www.worcesterma.gov/election-results/2010-2019/20151103.pdf,result,catalog,ERROR
Worcester,2010,http://www.worcesterma.gov/election-results/2010-2019/20160301.pdf,result,catalog,ERROR
Worcester,2010,http://www.worcesterma.gov/election-results/2010-2019/20160908.pdf,result,catalog,ERROR
Worcester,2010,http://www.worcesterma.gov/election-results/2010-2019/20161108.pdf,result,catalog,ERROR
Worcester,2010,http://www.worcesterma.gov/election-results/2010-2019/20170912.pdf,result,catalog,ERROR
Worcester,2010,http://www.worcesterma.gov/election-results/2010-2019/20171107.pdf,result,catalog,ERROR
Worcester,2010,http://www.worcesterma.gov/election-results/2010-2019/20180904.pdf,result,catalog,ERROR
Worcester,2010,http://www.worcesterma.gov/election-results/2010-2019/20181106.pdf,result,catalog,ERROR
Worcester,2010,http://www.worcesterma.gov/election-results/2010-2019/20190910.pdf,result,catalog,ERROR
Worcester,2010,http://www.worcesterma.gov/election-results/2010-2019/20191105.pdf,result,catalog,ERROR
Worcester,2010,http://www.worcesterma.gov/election-results/2010-Present/20100119.pdf,result,catalog,ERROR
Worcester,2010,http://www.worcesterma.gov/election-results/2010-Present/20100914.pdf,result,catalog,ERROR
Worcester,2010,http://www.worcesterma.gov/election-results/2010-Present/20101102.pdf,result,catalog,ERROR
Worcester,2010,http://www.worcesterma.gov/election-results/2010-Present/20110920.pdf,result,catalog,ERROR
Worcester,2010,http://www.worcesterma.gov/election-results/2010-Present/20111108.pdf,result,catalog,ERROR
Worcester,2010,http://www.worcesterma.gov/election-results/2010-Present/20120306.pdf,result,catalog,ERROR
Worcester,2010,http://www.worcesterma.gov/election-results/2010-Present/20120906.pdf,result,catalog,ERROR
Worcester,2010,http://www.worcesterma.gov/election-results/2010-Present/20121106.pdf,result,catalog,ERROR
Worcester,2010,http://www.worcesterma.gov/election-results/2010-Present/20130430.pdf,result,catalog,ERROR
Worcester,2010,http://www.worcesterma.gov/election-results/2010-Present/20130813.pdf,result,catalog,ERROR
Worcester,2010,http://www.worcesterma.gov/election-results/2010-Present/20131105.pdf,result,catalog,ERROR
Worcester,2010,http://www.worcesterma.gov/election-results/2010-Present/20140909.pdf,result,catalog,ERROR
Worcester,2010,http://www.worcesterma.gov/election-results/2010-Present/20141104.pdf,result,catalog,ERROR
Worcester,2010,http://www.worcesterma.gov/election-results/2010-Present/20150908.pdf,result,catalog,ERROR
Worcester,2010,http://www.worcesterma.gov/election-results/2010-Present/20151103.pdf,result,catalog,ERROR
Worcester,2010,http://www.worcesterma.gov/election-results/2010-Present/20160301.pdf,result,catalog,ERROR
Worcester,2010,http://www.worcesterma.gov/election-results/2010-Present/20160908.pdf,result,catalog,ERROR
Worcester,2010,http://www.worcesterma.gov/election-results/2010-Present/20161108.pdf,result,catalog,ERROR
Worcester,2010,http://www.worcesterma.gov/election-results/2010-Present/20170912.pdf,result,catalog,ERROR
Worcester,2010,http://www.worcesterma.gov/election-results/2010-Present/20171107.pdf,result,catalog,ERROR
Worcester,2010,http://www.worcesterma.gov/election-results/2010-Present/20180904.pdf,result,catalog,ERROR
Worcester,2010,http://www.worcesterma.gov/election-results/2010-Present/20181106.pdf,result,catalog,ERROR
Worcester,2010,http://www.worcesterma.gov/election-results/2010-Present/20190910.pdf,result,catalog,ERROR
Worcester,2010,http://www.worcesterma.gov/election-results/2010-Present/20191105.pdf,result,catalog,ERROR
Worcester,2010,https://www.worcesterma.gov/election-results/2010-2019/20191105.pdf?eType=EmailBlastContent&eId=094ffe03-a6cf-45ba-b73e-3e380bf5fe09,result,catalog,ERROR
Worcester,2014,http://www.worcesterma.gov/uploads/e6/45/e64501386db30632df84b52c6c681817/chip-annual-report-2014.pdf,atr,nodes,ERROR
Worcester,2017,https://www.worcesterma.gov/uploads/13/12/131251a63081385551bb80f6ffd1973a/chip-2017-annual-report.pdf,atr,nodes,ERROR
Worcester,2018,https://www.worcesterma.gov/uploads/7c/75/7c752f178ed3cbeb7966a862c549729d/chip-2018-annual-report.pdf,atr,nodes,ERROR
Worcester,2019,http://www.worcesterma.gov/uploads/ca/20/ca205ade6d196b8f50f7c92ccdfcc3cc/housing-first-coordinating-council-2019-annual-report.pdf,atr,nodes,ERROR
Worcester,2019,https://www.worcesterma.gov/uploads/5f/57/5f57eefa99661ff015dccd911c0a1f26/2019-cso-annual-report.pdf,atr,nodes,ERROR
Worcester,2020,http://www.worcesterma.gov/election-results/2020-Present/20200303.pdf,result,catalog,ERROR
Worcester,2020,http://www.worcesterma.gov/election-results/2020-Present/20200901.pdf,result,catalog,ERROR
Worcester,2020,http://www.worcesterma.gov/election-results/2020-Present/20201103.pdf,result,catalog,ERROR
Worcester,2020,http://www.worcesterma.gov/election-results/2020-Present/20210914.pdf,result,catalog,ERROR
Worcester,2020,http://www.worcesterma.gov/election-results/2020-Present/20211102.pdf,result,catalog,ERROR
Worcester,2020,http://www.worcesterma.gov/uploads/6c/87/6c8755ecb12e46a47dcefeed0e7cda6d/housing-first-coordinating-council-2020-annual-report.pdf,atr,nodes,ERROR
Worcester,2020,https://www.worcesterma.gov/election-results/2020-Present/20220906.pdf,result,catalog,ERROR
Worcester,2020,https://www.worcesterma.gov/election-results/2020-Present/20221108.pdf,result,catalog,ERROR
Worcester,2020,https://www.worcesterma.gov/election-results/2020-Present/20230905.pdf,result,catalog,ERROR
Worcester,2020,https://www.worcesterma.gov/election-results/2020-Present/20231010.pdf,result,catalog,ERROR
Worcester,2020,https://www.worcesterma.gov/election-results/2020-Present/20231107.pdf,result,catalog,ERROR
Worcester,2020,https://www.worcesterma.gov/election-results/2020-Present/20240305.pdf,result,catalog,ERROR
Worcester,2020,https://www.worcesterma.gov/election-results/2020-Present/20240903.pdf,result,catalog,ERROR
Worcester,2020,https://www.worcesterma.gov/election-results/2020-Present/20241105.pdf,result,catalog,ERROR
Worcester,2020,https://www.worcesterma.gov/uploads/df/74/df742f197320cff2a177cc50e33fb15e/2020-cso-annual-report.pdf,atr,nodes,ERROR
Shirley,2006,https://www.shirley-ma.gov/sites/g/files/vyhlif5001/f/pages/5-9-2006_election_results.pdf,result,catalog,ERROR
Shirley,2006,https://www.shirley-ma.gov/sites/g/files/vyhlif5001/f/pages/9-13-2006_election_results.pdf,result,catalog,ERROR
Shirley,2007,https://www.shirley-ma.gov/sites/g/files/vyhlif5001/f/pages/10-16-2007_election_results.pdf,result,catalog,ERROR
Shirley,2007,https://www.shirley-ma.gov/sites/g/files/vyhlif5001/f/pages/5-8-2007_election_results.pdf,result,catalog,ERROR
Shirley,2008,https://www.shirley-ma.gov/sites/g/files/vyhlif5001/f/pages/11-4-2008_override_election_results.pdf,result,catalog,ERROR
Shirley,2008,https://www.shirley-ma.gov/sites/g/files/vyhlif5001/f/pages/2-5-2008_election_results.pdf,result,catalog,ERROR
Shirley,2008,https://www.shirley-ma.gov/sites/g/files/vyhlif5001/f/pages/5-13-2008_election_results.pdf,result,catalog,ERROR
Shirley,2008,https://www.shirley-ma.gov/sites/g/files/vyhlif5001/f/pages/9-9-2008_town_election_results.pdf,result,catalog,ERROR
Shirley,2009,https://www.shirley-ma.gov/sites/g/files/vyhlif5001/f/pages/5-12-2009_town_election_results.pdf,result,catalog,ERROR
Shirley,2009,https://www.shirley-ma.gov/sites/g/files/vyhlif5001/f/pages/9-15-2009_election_results.pdf,result,catalog,ERROR
Shirley,2010,https://www.shirley-ma.gov/sites/g/files/vyhlif5001/f/pages/1-19-2010_election_results.pdf,result,catalog,ERROR
Shirley,2010,https://www.shirley-ma.gov/sites/g/files/vyhlif5001/f/pages/11-2-2010_shirley_preliminary_election_results.pdf,result,catalog,ERROR
Shirley,2010,https://www.shirley-ma.gov/sites/g/files/vyhlif5001/f/pages/5-11-2010_election_results.pdf,result,catalog,ERROR
Shirley,2011,https://www.shirley-ma.gov/sites/g/files/vyhlif5001/f/pages/2-5-_2011_election_result.pdf,result,catalog,ERROR
Shirley,2011,https://www.shirley-ma.gov/sites/g/files/vyhlif5001/f/pages/5-10-2011_election_results.pdf,result,catalog,ERROR
Shirley,2011,https://www.shirley-ma.gov/sites/g/files/vyhlif5001/f/pages/5-21-2011_election_results.pdf,result,catalog,ERROR
Shirley,2012,https://www.shirley-ma.gov/sites/g/files/vyhlif5001/f/pages/11-17-2012_special_school_election_results.pdf,result,catalog,ERROR
Shirley,2012,https://www.shirley-ma.gov/sites/g/files/vyhlif5001/f/pages/5-15-2012_town_election_results.pdf,result,catalog,ERROR
Shirley,2013,http://www.shirley-ma.gov/pages/shirleyma_clerk/ElectionDocs/2013_0430%20Annual%20Town%20Election%20Results.pdf,result,catalog,ERROR
Shirley,2013,https://www.shirley-ma.gov/sites/g/files/vyhlif5001/f/pages/4-30-2013_annual_town_election_results.pdf,result,catalog,ERROR
Shirley,2013,https://www.shirley-ma.gov/sites/g/files/vyhlif5001/f/pages/6-25-2013_final_results_town_election.pdf,result,catalog,ERROR
Shirley,2014,http://www.shirley-ma.gov/Pages/ShirleyMA_Bcomm/Health/drhhpcc2014annualrpt.pdf,atr,nodes,ERROR
Shirley,2014,https://www.shirley-ma.gov/sites/g/files/vyhlif5001/f/pages/5-13-2014_town_election_results.pdf,result,catalog,ERROR
Shirley,2017,https://www.shirley-ma.gov/sites/g/files/vyhlif5001/f/pages/11-7-2017_election_results.pdf,result,catalog,ERROR
Shirley,2017,https://www.shirley-ma.gov/sites/g/files/vyhlif5001/f/pages/annual_report_2017_final.pdf,atr,nodes,ERROR
Shirley,2018,https://www.shirley-ma.gov/sites/g/files/vyhlif5001/f/uploads/annual_town_report_fy2018.pdf,atr,nodes,ERROR
Shirley,2019,https://www.shirley-ma.gov/sites/g/files/vyhlif5001/f/pages/official_results_may_7_2019_annual_town_election.pdf,result,catalog,ERROR
Shirley,2019,https://www.shirley-ma.gov/sites/g/files/vyhlif5001/f/uploads/official_results_may_7_2019_annual_town_election.pdf,result,catalog,ERROR
Shirley,2020,https://www.shirley-ma.gov/sites/g/files/vyhlif5001/f/pages/06-02-2020_election_results.pdf,result,catalog,ERROR
Shirley,2020,https://www.shirley-ma.gov/sites/g/files/vyhlif5001/f/pages/06-23-2020_election_results.pdf,result,catalog,ERROR
Shirley,2020,https://www.shirley-ma.gov/sites/g/files/vyhlif5001/f/pages/official_results_of_11-3-2020_election_as_of_11-6-2020.pdf,result,catalog,ERROR
Petersham,2002,https://townofpetersham.gov/wp-content/uploads/2025/12/FY02-Town-report-2001-2002.pdf,atr,nodes,ERROR
Petersham,2003,https://townofpetersham.gov/wp-content/uploads/2025/12/FY03-Town-report-2002-2003.pdf,atr,nodes,ERROR
Petersham,2004,https://townofpetersham.gov/wp-content/uploads/2025/12/FY04-Town-report-2003-2004.pdf,atr,nodes,ERROR
Petersham,2005,https://townofpetersham.gov/wp-content/uploads/2025/12/FY05-Town-report-2004-2005.pdf,atr,nodes,ERROR
Petersham,2006,https://townofpetersham.gov/wp-content/uploads/2025/12/FY06-Town-report-2005-2006.pdf,atr,nodes,ERROR
Petersham,2007,https://townofpetersham.gov/wp-content/uploads/2025/12/FY07-Town-report-2006-2007.pdf,atr,nodes,ERROR
Petersham,2008,https://townofpetersham.gov/wp-content/uploads/2025/12/FY08-Town-report-2007-2008.pdf,atr,nodes,ERROR
Petersham,2009,https://townofpetersham.gov/wp-content/uploads/2025/12/FY09-Town-report-2008-2009.pdf,atr,nodes,ERROR
Petersham,2010,https://townofpetersham.gov/wp-content/uploads/2025/12/FY10-Town-report-2009-2010.pdf,atr,nodes,ERROR
Petersham,2011,https://townofpetersham.gov/wp-content/uploads/2025/12/FY11-Town-report-2010-2011.pdf,atr,nodes,ERROR
Petersham,2012,https://townofpetersham.gov/wp-content/uploads/2025/12/FY12-Town-report-2011-2012.pdf,atr,nodes,ERROR
Petersham,2013,https://townofpetersham.gov/wp-content/uploads/2025/12/FY13-Town-report-2012-2013.pdf,atr,nodes,ERROR
Petersham,2013,https://townofpetersham.gov/wp-content/uploads/2025/12/election-results-2013-03-04_1.pdf,result,catalog,ERROR
Petersham,2014,https://townofpetersham.gov/wp-content/uploads/2025/12/FY14-Town-report-2013-2014.pdf,atr,nodes,ERROR
Petersham,2014,https://townofpetersham.gov/wp-content/uploads/2025/12/election-results-2014-03-03_1.pdf,result,catalog,ERROR
Petersham,2015,https://townofpetersham.gov/wp-content/uploads/2025/12/FY15-Town-report-2014-2015.pdf,atr,nodes,ERROR
Petersham,2016,https://townofpetersham.gov/wp-content/uploads/2025/12/2016-03-07_results_2.pdf,result,catalog,ERROR
Petersham,2016,https://townofpetersham.gov/wp-content/uploads/2025/12/FY16-Town-report-2015-2016.pdf,atr,nodes,ERROR
Petersham,2017,https://townofpetersham.gov/wp-content/uploads/2025/12/FY17-Town-report-2016-2017.pdf,atr,nodes,ERROR
Petersham,2017,https://townofpetersham.gov/wp-content/uploads/2025/12/result_2017-03-06_2.pdf,result,catalog,ERROR
Petersham,2018,https://townofpetersham.gov/wp-content/uploads/2025/12/FY18-Town-report-2017-2018.pdf,atr,nodes,ERROR
Petersham,2019,https://townofpetersham.gov/wp-content/uploads/2025/12/FY19-Town-report-2018-2019.pdf,atr,nodes,ERROR
Petersham,2020,https://townofpetersham.gov/wp-content/uploads/2025/12/FY20-Town-report-2019-2020.pdf,atr,nodes,ERROR
Petersham,2020,https://townofpetersham.gov/wp-content/uploads/2025/12/FY21-Town-report-2020-2021.pdf,atr,nodes,ERROR
Ludlow,2002,http://ludlow.ma.us:80/building/reports/annual_report_2002.pdf,atr,nodes,ERROR
Ludlow,2003,http://ludlow.ma.us:80/building/reports/annual_report_2003.pdf,atr,nodes,ERROR
Ludlow,2005,http://www.ludlow.ma.us:80/building/reports/annual_report_2005.pdf,atr,nodes,ERROR
Ludlow,2005,http://www.ludlow.ma.us:80/reports/selectmen/reports/2005_town_report.pdf,atr,nodes,ERROR
Ludlow,2005,http://www.ludlow.ma.us:80/selectmen/reports/2005_town_report.pdf,atr,nodes,ERROR
Ludlow,2005,http://www.ludlow.ma.us:80/selectmen/reports/town_report_2005.pdf,atr,nodes,ERROR
Ludlow,2006,http://www.ludlow.ma.us:80/building/reports/annual_report_2006.pdf,atr,nodes,ERROR
Ludlow,2006,http://www.ludlow.ma.us:80/selectmen/reports/2006_town_report.pdf,atr,nodes,ERROR
Ludlow,2007,http://www.ludlow.ma.us:80/building/reports/annual_report_2007.pdf,atr,nodes,ERROR
Ludlow,2007,http://www.ludlow.ma.us:80/selectmen/reports/2007_town_report.pdf,atr,nodes,ERROR
Ludlow,2008,http://www.ludlow.ma.us:80/building/reports/annual_report_2008.pdf,atr,nodes,ERROR
Ludlow,2008,http://www.ludlow.ma.us:80/reports/selectmen/reports/2008_town_report.pdf,atr,nodes,ERROR
Ludlow,2008,http://www.ludlow.ma.us:80/selectmen/reports/2008_town_report.pdf,atr,nodes,ERROR
Ludlow,2009,http://www.ludlow.ma.us:80/building/reports/annual_report_2009.pdf,atr,nodes,ERROR
Ludlow,2009,http://www.ludlow.ma.us:80/selectmen/reports/2009_town_report.pdf,atr,nodes,ERROR
Ludlow,2010,http://www.ludlow.ma.us:80/building/reports/annual_report_2010.pdf,atr,nodes,ERROR
Ludlow,2010,http://www.ludlow.ma.us:80/selectmen/reports/2010_Town_Report.pdf,atr,nodes,ERROR
Erving,2013,https://www.erving-ma.gov/sites/g/files/vyhlif4401/f/uploads/2013_annual_town_report.pdf,atr,nodes,ERROR
Erving,2014,https://www.erving-ma.gov/sites/g/files/vyhlif4401/f/uploads/2014_annual_town_report.pdf,atr,nodes,ERROR
Erving,2015,https://www.erving-ma.gov/sites/g/files/vyhlif4401/f/uploads/2015_annual_report_-_final_2.pdf,atr,nodes,ERROR
Erving,2016,https://www.erving-ma.gov/sites/g/files/vyhlif4401/f/pages/2016_annual_report.pdf,atr,nodes,ERROR
Erving,2016,https://www.erving-ma.gov/sites/g/files/vyhlif4401/f/uploads/2016_annual_report_-_final.pdf,atr,nodes,ERROR
Erving,2017,https://www.erving-ma.gov/sites/g/files/vyhlif4401/f/pages/2017_annual_report.pdf.pdf,atr,nodes,ERROR
Erving,2017,https://www.erving-ma.gov/sites/g/files/vyhlif4401/f/uploads/2017_annual_report.pdf.pdf,atr,nodes,ERROR
Erving,2017,https://www.erving-ma.gov/sites/g/files/vyhlif4401/f/uploads/2017_annual_town_report_final.pdf,atr,nodes,ERROR
Erving,2018,https://www.erving-ma.gov/sites/g/files/vyhlif4401/f/pages/2018_annual_report__0.pdf,atr,nodes,ERROR
Erving,2019,https://www.erving-ma.gov/sites/g/files/vyhlif4401/f/pages/2019_annual_report.pdf,atr,nodes,ERROR
Erving,2020,https://www.erving-ma.gov/sites/g/files/vyhlif4401/f/pages/2020_annual_report.pdf,atr,nodes,ERROR
Erving,2020,https://www.erving-ma.gov/sites/g/files/vyhlif4401/f/uploads/2019_annual_town_report_final_7-3-2020.pdf,atr,nodes,ERROR
Erving,2020,https://www.erving-ma.gov/sites/g/files/vyhlif4401/f/uploads/2020_annual_town_report_final.pdf,atr,nodes,ERROR
Gill,2007,http://gillmass.org/pdfs/Annual%20Reports/2007%20Annual%20Town%20Report.pdf,atr,nodes,ERROR
Gill,2008,http://gillmass.org/pdfs/Annual%20Reports/AnnualReport2008.pdf,atr,nodes,ERROR
Gill,2009,http://gillmass.org/pdfs/Annual%20Reports/AnnualReport2009.pdf,atr,nodes,ERROR
Wareham,2003,http://www.wareham.ma.us:80/Public_Documents/0000FD1E-80000001/00373ACE-000F8513.-1/Wareham%20Town%20Report%2003.pdf,atr,nodes,ERROR
Wareham,2003,http://www.wareham.ma.us:80/Public_Documents/0000FD1E-80000001/Wareham%20Town%20Report%2003.pdf,atr,nodes,ERROR
Wareham,2003,http://www.wareham.ma.us:80/Public_Documents/WarehamMA_BComm/S00373ACE.-1/Wareham%20Town%20Report%2003.pdf,atr,nodes,ERROR
Wareham,2017,http://www.wareham.ma.us:80/system/files/uploads/2017_spring_town_election_results_0.pdf,result,catalog,ERROR
Wareham,2018,http://www.wareham.ma.us:80/sites/warehamma/files/uploads/electionresults2018.pdf,result,catalog,ERROR
Haverhill,2016,http://www.haverhillma.gov:80/government/board_of_registrars_of_voters_-_elections/elections/official_results/docs/official%20final%20result%20nov%202016.pdf,result,catalog,ERROR
Haverhill,2017,http://www.haverhillma.gov:80/government/board_of_registrars_of_voters_-_elections/elections/official_results/docs/Oct%2010%202017%20OFFICIAL.pdf,result,catalog,ERROR
Haverhill,2017,http://www.haverhillma.gov:80/government/board_of_registrars_of_voters_-_elections/elections/official_results/docs/nov%207%202017%20offical%20municipal.pdf,result,catalog,ERROR
Northbridge,2008,http://www.northbridgemass.org:80/pdf/2008_annual_report.pdf,atr,nodes,ERROR
Northbridge,2009,http://www.northbridgemass.org:80/pdf/2009_annual_report.pdf,atr,nodes,ERROR
Deerfield,2015,http://www.deerfieldma.us:80/sites/deerfieldma/files/uploads/annual_report_2015.pdf,atr,nodes,ERROR
Arlington,2002,http://www.arlingtonma.gov/Public_Documents/ArlingtonMA_Clerk/elections/2002/2002_AnnualElection_Results.pdf,result,catalog,ERROR
Arlington,2003,http://www.arlingtonma.gov/Public_Documents/ArlingtonMA_HServe/COA/AnnualReport/Annual_Report_2003.pdf,atr,nodes,ERROR
Arlington,2004,http://www.arlingtonma.gov/Public_Documents/ArlingtonMA_Fire/annualreports/2004fire.pdf,atr,nodes,ERROR
Arlington,2004,http://www.arlingtonma.gov/Public_Documents/ArlingtonMA_HServe/COA/AnnualReport/Annual_Report_2004.pdf,atr,nodes,ERROR
Arlington,2004,http://www.arlingtonma.gov/Public_Documents/ArlingtonMA_Inspections/annualreports/2004inspections.pdf,atr,nodes,ERROR
Arlington,2004,http://www.arlingtonma.gov/Public_Documents/ArlingtonMA_PLanning/annualreports/2004planning.pdf,atr,nodes,ERROR
Arlington,2004,http://www.arlingtonma.gov/Public_Documents/ArlingtonMA_Personnel/AnnualReports/personnel2004.pdf,atr,nodes,ERROR
Arlington,2004,http://www.arlingtonma.gov/Public_Documents/ArlingtonMA_Recreation/annualreports/2004recreation.pdf,atr,nodes,ERROR
Arlington,2005,http://www.arlingtonma.gov/Public_Documents/ArlingtonMA_Clerk/elections/2005/2005electionresults.pdf,result,catalog,ERROR
Arlington,2005,http://www.arlingtonma.gov/Public_Documents/ArlingtonMA_WebDocs/AnnualReport/AnnualReport2005final.pdf,atr,nodes,ERROR
Arlington,2005,http://www.arlingtonma.gov/Public_documents/ArlingtonMA_TownMeet/2005ATM/2005electionresults.pdf,result,catalog,ERROR
Arlington,2005,http://www.arlingtonma.gov/Public_documents/ArlingtonMA_TownMeet/2005ATM/electionresults061105.pdf,result,catalog,ERROR
Arlington,2006,http://www.arlingtonma.gov/Public_Documents/ArlingtonMA_WebDocs/AnnualReport/2006/2006AR.pdf,atr,nodes,ERROR
Arlington,2006,http://www.arlingtonma.gov/Public_Documents/ArlingtonMA_WebDocs/AnnualReport/2006/CentralManagement.pdf,atr,nodes,ERROR
Arlington,2006,http://www.arlingtonma.gov/Public_Documents/ArlingtonMA_WebDocs/AnnualReport/2006/ClerkElections.pdf,atr,nodes,ERROR
Arlington,2006,http://www.arlingtonma.gov/Public_Documents/ArlingtonMA_WebDocs/AnnualReport/2006/CommunityDev.pdf,atr,nodes,ERROR
Arlington,2006,http://www.arlingtonma.gov/Public_Documents/ArlingtonMA_WebDocs/AnnualReport/2006/CulturalHistory.pdf,atr,nodes,ERROR
Arlington,2006,http://www.arlingtonma.gov/Public_Documents/ArlingtonMA_WebDocs/AnnualReport/2006/Directory.pdf,atr,nodes,ERROR
Arlington,2006,http://www.arlingtonma.gov/Public_Documents/ArlingtonMA_WebDocs/AnnualReport/2006/EducationLibraries.pdf,atr,nodes,ERROR
Arlington,2006,http://www.arlingtonma.gov/Public_Documents/ArlingtonMA_WebDocs/AnnualReport/2006/Legislative.pdf,atr,nodes,ERROR
Arlington,2006,http://www.arlingtonma.gov/Public_Documents/ArlingtonMA_WebDocs/AnnualReport/2006/dept/AYCC.pdf,atr,nodes,ERROR
Arlington,2006,http://www.arlingtonma.gov/Public_Documents/ArlingtonMA_WebDocs/AnnualReport/2006/dept/AffAct.pdf,atr,nodes,ERROR
Arlington,2006,http://www.arlingtonma.gov/Public_Documents/ArlingtonMA_WebDocs/AnnualReport/2006/dept/Assessor.pdf,atr,nodes,ERROR
Arlington,2006,http://www.arlingtonma.gov/Public_Documents/ArlingtonMA_WebDocs/AnnualReport/2006/dept/BoS.pdf,atr,nodes,ERROR
Arlington,2006,http://www.arlingtonma.gov/Public_Documents/ArlingtonMA_WebDocs/AnnualReport/2006/dept/CoA.pdf,atr,nodes,ERROR
Arlington,2006,http://www.arlingtonma.gov/Public_Documents/ArlingtonMA_WebDocs/AnnualReport/2006/dept/CommDis.pdf,atr,nodes,ERROR
Arlington,2006,http://www.arlingtonma.gov/Public_Documents/ArlingtonMA_WebDocs/AnnualReport/2006/dept/Comptroller.pdf,atr,nodes,ERROR
Arlington,2006,http://www.arlingtonma.gov/Public_Documents/ArlingtonMA_WebDocs/AnnualReport/2006/dept/FHAC.pdf,atr,nodes,ERROR
Arlington,2006,http://www.arlingtonma.gov/Public_Documents/ArlingtonMA_WebDocs/AnnualReport/2006/dept/Fire.pdf,atr,nodes,ERROR
Arlington,2006,http://www.arlingtonma.gov/Public_Documents/ArlingtonMA_WebDocs/AnnualReport/2006/dept/Inspectional.pdf,atr,nodes,ERROR
Arlington,2006,http://www.arlingtonma.gov/Public_Documents/ArlingtonMA_WebDocs/AnnualReport/2006/dept/Legal.pdf,atr,nodes,ERROR
Arlington,2006,http://www.arlingtonma.gov/Public_Documents/ArlingtonMA_WebDocs/AnnualReport/2006/dept/Libraries.pdf,atr,nodes,ERROR
Arlington,2006,http://www.arlingtonma.gov/Public_Documents/ArlingtonMA_WebDocs/AnnualReport/2006/dept/Personnel.pdf,atr,nodes,ERROR
Arlington,2006,http://www.arlingtonma.gov/Public_Documents/ArlingtonMA_WebDocs/AnnualReport/2006/dept/Planning.pdf,atr,nodes,ERROR
Arlington,2006,http://www.arlingtonma.gov/Public_Documents/ArlingtonMA_WebDocs/AnnualReport/2006/dept/Police.pdf,atr,nodes,ERROR
Arlington,2006,http://www.arlingtonma.gov/Public_Documents/ArlingtonMA_WebDocs/AnnualReport/2006/dept/TManager.pdf,atr,nodes,ERROR
Arlington,2006,http://www.arlingtonma.gov/Public_Documents/ArlingtonMA_WebDocs/AnnualReport/2006/dept/Treasurer.pdf,atr,nodes,ERROR
Arlington,2006,http://www.arlingtonma.gov/Public_Documents/ArlingtonMA_WebDocs/AnnualReport/2006/dept/VetServ.pdf,atr,nodes,ERROR
Arlington,2006,http://www.arlingtonma.gov/Public_Documents/ArlingtonMA_WebDocs/AnnualReport/2006/dept/ZBA.pdf,atr,nodes,ERROR
Arlington,2006,http://www.arlingtonma.gov/Public_documents/ArlingtonMA_WebDocs/AnnualReport/2006/CommunitySafety.pdf,atr,nodes,ERROR
Arlington,2006,http://www.arlingtonma.gov/Public_documents/ArlingtonMA_WebDocs/AnnualReport/2006/ExecutiveServices.pdf,atr,nodes,ERROR
Arlington,2006,http://www.arlingtonma.gov/Public_documents/ArlingtonMA_WebDocs/AnnualReport/2006/FinancialManagement.pdf,atr,nodes,ERROR
Arlington,2006,http://www.arlingtonma.gov/Public_documents/ArlingtonMA_WebDocs/AnnualReport/2006/HumanServices.pdf,atr,nodes,ERROR
Arlington,2006,http://www.arlingtonma.gov/Public_documents/ArlingtonMA_WebDocs/AnnualReport/2006/PublicWorks.pdf,atr,nodes,ERROR
Arlington,2006,http://www.arlingtonma.gov/Public_documents/ArlingtonMA_WebDocs/AnnualReport/2006/Recreation.pdf,atr,nodes,ERROR
Arlington,2007,http://www.arlingtonma.gov/Public_Documents/ArlingtonMA_Clerk/elections/2007/2007Results.pdf,result,catalog,ERROR
Arlington,2007,http://www.arlingtonma.gov/Public_Documents/ArlingtonMA_WebDocs/AnnualReport/2007/2007AR.pdf,atr,nodes,ERROR
Arlington,2007,http://www.arlingtonma.gov/Public_Documents/ArlingtonMA_WebDocs/AnnualReport/2007/2007_CentralServices.pdf,atr,nodes,ERROR
Arlington,2007,http://www.arlingtonma.gov/Public_Documents/ArlingtonMA_WebDocs/AnnualReport/2007/2007_Clerk.pdf,atr,nodes,ERROR
Arlington,2007,http://www.arlingtonma.gov/Public_Documents/ArlingtonMA_WebDocs/AnnualReport/2007/2007_CommunityDev.pdf,atr,nodes,ERROR
Arlington,2007,http://www.arlingtonma.gov/Public_Documents/ArlingtonMA_WebDocs/AnnualReport/2007/2007_CommunitySafety.pdf,atr,nodes,ERROR
Arlington,2007,http://www.arlingtonma.gov/Public_Documents/ArlingtonMA_WebDocs/AnnualReport/2007/2007_CulturalHistoric.pdf,atr,nodes,ERROR
Arlington,2007,http://www.arlingtonma.gov/Public_Documents/ArlingtonMA_WebDocs/AnnualReport/2007/2007_Directory.pdf,atr,nodes,ERROR
Arlington,2007,http://www.arlingtonma.gov/Public_Documents/ArlingtonMA_WebDocs/AnnualReport/2007/2007_EducationLibraries.pdf,atr,nodes,ERROR
Arlington,2007,http://www.arlingtonma.gov/Public_Documents/ArlingtonMA_WebDocs/AnnualReport/2007/2007_ExecServices.pdf,atr,nodes,ERROR
Arlington,2007,http://www.arlingtonma.gov/Public_Documents/ArlingtonMA_WebDocs/AnnualReport/2007/2007_Financial.pdf,atr,nodes,ERROR
Arlington,2007,http://www.arlingtonma.gov/Public_Documents/ArlingtonMA_WebDocs/AnnualReport/2007/2007_HServe.pdf,atr,nodes,ERROR
Arlington,2007,http://www.arlingtonma.gov/Public_Documents/ArlingtonMA_WebDocs/AnnualReport/2007/2007_Legislative.pdf,atr,nodes,ERROR
Arlington,2007,http://www.arlingtonma.gov/Public_Documents/ArlingtonMA_WebDocs/AnnualReport/2007/2007_PublicWorks.pdf,atr,nodes,ERROR
Arlington,2007,http://www.arlingtonma.gov/Public_Documents/ArlingtonMA_WebDocs/AnnualReport/2007/2007_Recreation.pdf,atr,nodes,ERROR
Arlington,2007,http://www.arlingtonma.gov/Public_Documents/ArlingtonMA_WebDocs/AnnualReport/2007/dept/2007_AffirmativeAction.pdf,atr,nodes,ERROR
Arlington,2007,http://www.arlingtonma.gov/Public_Documents/ArlingtonMA_WebDocs/AnnualReport/2007/dept/2007_HumanServices.pdf,atr,nodes,ERROR
Arlington,2007,http://www.arlingtonma.gov/Public_Documents/ArlingtonMA_WebDocs/AnnualReport/2007/dept/2007_Inspectional.pdf,atr,nodes,ERROR
Arlington,2007,http://www.arlingtonma.gov/Public_Documents/ArlingtonMA_WebDocs/AnnualReport/2007/dept/2007_Legal.pdf,atr,nodes,ERROR
Arlington,2007,http://www.arlingtonma.gov/Public_Documents/ArlingtonMA_WebDocs/AnnualReport/2007/dept/2007_Police.pdf,atr,nodes,ERROR
Arlington,2007,http://www.arlingtonma.gov/Public_Documents/ArlingtonMA_WebDocs/AnnualReport/2007/dept/2007_PublicWorks.pdf,atr,nodes,ERROR
Arlington,2007,http://www.arlingtonma.gov/Public_Documents/ArlingtonMA_WebDocs/AnnualReport/2007/dept/2007_Recreation.pdf,atr,nodes,ERROR
Arlington,2007,http://www.arlingtonma.gov/Public_Documents/ArlingtonMA_WebDocs/AnnualReport/2007/dept/2007_TownManager.pdf,atr,nodes,ERROR
Arlington,2008,http://www.arlingtonma.gov/Public_Documents/ArlingtonMA_WebDocs/AnnualReport/2008/AnnualReport_2008.pdf,atr,nodes,ERROR
Arlington,2008,http://www.arlingtonma.gov/Public_Documents/ArlingtonMA_WebDocs/AnnualReport/2008/CentralManagement_2008.pdf,atr,nodes,ERROR
Arlington,2008,http://www.arlingtonma.gov/Public_Documents/ArlingtonMA_WebDocs/AnnualReport/2008/ClerkElections_2008.pdf,atr,nodes,ERROR
Arlington,2008,http://www.arlingtonma.gov/Public_Documents/ArlingtonMA_WebDocs/AnnualReport/2008/CommunityDevelopment_2008.pdf,atr,nodes,ERROR
Arlington,2008,http://www.arlingtonma.gov/Public_Documents/ArlingtonMA_WebDocs/AnnualReport/2008/CommunitySafety_2008.pdf,atr,nodes,ERROR
Arlington,2008,http://www.arlingtonma.gov/Public_Documents/ArlingtonMA_WebDocs/AnnualReport/2008/CulturalHistorical_2008.pdf,atr,nodes,ERROR
Arlington,2008,http://www.arlingtonma.gov/Public_Documents/ArlingtonMA_WebDocs/AnnualReport/2008/Directory_2008.pdf,atr,nodes,ERROR
Arlington,2008,http://www.arlingtonma.gov/Public_Documents/ArlingtonMA_WebDocs/AnnualReport/2008/EducationLibraries_2008.pdf,atr,nodes,ERROR
Arlington,2008,http://www.arlingtonma.gov/Public_Documents/ArlingtonMA_WebDocs/AnnualReport/2008/ExecutiveServices_2008.pdf,atr,nodes,ERROR
Arlington,2008,http://www.arlingtonma.gov/Public_Documents/ArlingtonMA_WebDocs/AnnualReport/2008/FinancialManagement_2008.pdf,atr,nodes,ERROR
Arlington,2008,http://www.arlingtonma.gov/Public_Documents/ArlingtonMA_WebDocs/AnnualReport/2008/HealthHumanServices_2008.pdf,atr,nodes,ERROR
Arlington,2008,http://www.arlingtonma.gov/Public_Documents/ArlingtonMA_WebDocs/AnnualReport/2008/Legislative_2008.pdf,atr,nodes,ERROR
Arlington,2008,http://www.arlingtonma.gov/Public_Documents/ArlingtonMA_WebDocs/AnnualReport/2008/PublicWorks_2008.pdf,atr,nodes,ERROR
Arlington,2008,http://www.arlingtonma.gov/Public_Documents/ArlingtonMA_WebDocs/AnnualReport/2008/Recreation_2008.pdf,atr,nodes,ERROR
Arlington,2013,http://www.arlingtonma.gov/Public_Documents/ArlingtonMA_Clerk/elections/2013/04062013_UnofficialResults.pdf,result,catalog,ERROR
Reading,2011,http://www.readingma.gov/sites/readingma/files/u227/2011_annual_report_part_1.pdf,atr,nodes,ERROR
Reading,2011,http://www.readingma.gov/sites/readingma/files/u227/2011_annual_report_part_2.pdf,atr,nodes,ERROR
Reading,2011,http://www.readingma.gov/sites/readingma/files/u227/2011_annual_report_part_3.pdf,atr,nodes,ERROR
Reading,2012,http://www.readingma.gov/sites/readingma/files/file/file/2012_annual_report_-_part_1.pdf,atr,nodes,ERROR
Reading,2012,http://www.readingma.gov/sites/readingma/files/file/file/2012_annual_report_-_part_2.pdf,atr,nodes,ERROR
Reading,2012,http://www.readingma.gov/sites/readingma/files/file/file/2012_annual_report_-_part_3.pdf,atr,nodes,ERROR
Reading,2013,http://www.readingma.gov/sites/readingma/files/file/file/2013-06-25_election_results_0.pdf,result,catalog,ERROR
Reading,2013,http://www.readingma.gov/sites/readingma/files/u176/reading_pd_2013_annual_report.pdf,atr,nodes,ERROR
Reading,2013,http://www.readingma.gov/sites/readingma/files/u227/2013_annual_report_part_1.pdf,atr,nodes,ERROR
Reading,2013,http://www.readingma.gov/sites/readingma/files/u227/2013_annual_report_part_2.pdf,atr,nodes,ERROR
Reading,2013,http://www.readingma.gov/sites/readingma/files/u227/2013_annual_report_part_3.pdf,atr,nodes,ERROR
Reading,2013,http://www.readingma.gov/sites/readingma/files/u227/2013_annual_report_part_4.pdf,atr,nodes,ERROR
Reading,2014,http://www.readingma.gov/sites/readingma/files/file/file/2014-04-01_local_election_results.pdf,result,catalog,ERROR
Reading,2014,http://www.readingma.gov/sites/readingma/files/u176/2014_annual_report_-_rpd.pdf,atr,nodes,ERROR
Reading,2014,http://www.readingma.gov/sites/readingma/files/u227/2014_annual_report_part_1.pdf,atr,nodes,ERROR
Reading,2014,http://www.readingma.gov/sites/readingma/files/u227/2014_annual_report_part_2.pdf,atr,nodes,ERROR
Reading,2014,http://www.readingma.gov/sites/readingma/files/u227/2014_annual_report_part_3.pdf,atr,nodes,ERROR
Reading,2014,http://www.readingma.gov/sites/readingma/files/u227/2014_annual_report_part_4.pdf,atr,nodes,ERROR
Reading,2014,http://www.readingma.gov/sites/readingma/files/u227/2014_annual_report_part_5.pdf,atr,nodes,ERROR
Reading,2015,http://www.readingma.gov/sites/readingma/files/file/file/2015-04-07_local_election_results.pdf,result,catalog,ERROR
Reading,2016,http://www.readingma.gov/sites/readingma/files/uploads/2016-03-01_local_election_results.pdf,result,catalog,ERROR
Reading,2016,http://www.readingma.gov/sites/readingma/files/uploads/2016-10-18_local_election_results.pdf,result,catalog,ERROR
Reading,2016,http://www.readingma.gov/sites/readingma/files/uploads/2016-11-08_election_results_0.pdf,result,catalog,ERROR
Sharon,2009,http://www.townofsharon.net/sites/sharonma/files/file/file/2009_annual_town_report.pdf,atr,nodes,ERROR
Sharon,2009,https://www.townofsharon.net/sites/g/files/vyhlif3801/f/file/file/2009_annual_town_report.pdf,atr,nodes,ERROR
Sharon,2010,https://www.townofsharon.net/sites/g/files/vyhlif3801/f/file/file/2010_annual_town_report.pdf,atr,nodes,ERROR
Sharon,2011,http://www.townofsharon.net/sites/sharonma/files/file/file/2011_annual_town_report.pdf,atr,nodes,ERROR
Sharon,2011,https://www.townofsharon.net/sites/g/files/vyhlif3801/f/file/file/2011_annual_town_report.pdf,atr,nodes,ERROR
Sharon,2012,http://www.townofsharon.net/sites/sharonma/files/file/file/2012_annual_town_report.pdf,atr,nodes,ERROR
Sharon,2012,https://www.townofsharon.net/sites/g/files/vyhlif3801/f/file/file/2012_annual_town_report.pdf,atr,nodes,ERROR
Sharon,2013,http://www.townofsharon.net/sites/sharonma/files/file/file/2013_town_report_-_for_website_0.pdf,atr,nodes,ERROR
Sharon,2013,https://www.townofsharon.net/sites/g/files/vyhlif3801/f/file/file/2013_town_report_-_for_website_0.pdf,atr,nodes,ERROR
Sharon,2014,https://www.townofsharon.net/sites/g/files/vyhlif3801/f/file/file/2014_sharon_annual_town_reportbw.pdf,atr,nodes,ERROR
Sharon,2015,http://www.townofsharon.net/sites/sharonma/files/uploads/annual_report_of_the_sharon_police_department_2015.pdf,atr,nodes,ERROR
Sharon,2015,https://www.townofsharon.net/sites/g/files/vyhlif3801/f/file/file/2015_sharon_annual_town_report_-_final_from_printer.pdf,atr,nodes,ERROR
Sharon,2015,https://www.townofsharon.net/sites/g/files/vyhlif3801/f/uploads/2015_disabilities_commission_town_report.pdf,atr,nodes,ERROR
Sharon,2016,https://www.townofsharon.net/sites/g/files/vyhlif3801/f/uploads/2016_disabilities_commission_town_report.pdf,atr,nodes,ERROR
Sharon,2016,https://www.townofsharon.net/sites/g/files/vyhlif3801/f/uploads/2016_sharon_annual_town_report_final.pdf,atr,nodes,ERROR
Sharon,2017,https://www.townofsharon.net/sites/g/files/vyhlif3801/f/uploads/2017_annual_report_of_the_commission_on_disabilities.pdf,atr,nodes,ERROR
Sharon,2017,https://www.townofsharon.net/sites/g/files/vyhlif3801/f/uploads/2017_sharon_annual_town_report_-_paginated.pdf,atr,nodes,ERROR
Sharon,2018,https://www.townofsharon.net/sites/g/files/vyhlif3801/f/pages/2018_annual_report_0_0.pdf,atr,nodes,ERROR
Sharon,2018,https://www.townofsharon.net/sites/g/files/vyhlif3801/f/uploads/2018_annual_report_of_the_commission_on_disabilities.pdf,atr,nodes,ERROR
Sharon,2018,https://www.townofsharon.net/sites/g/files/vyhlif3801/f/uploads/2018_town_report_final.pdf,atr,nodes,ERROR
Sharon,2018,https://www.townofsharon.net/sites/sharonma/files/uploads/2018_town_report_final.pdf,atr,nodes,ERROR
Sharon,2019,https://www.townofsharon.net/sites/g/files/vyhlif3801/f/uploads/2019_annual_report_of_the_commission_on_disabilities.pdf,atr,nodes,ERROR
Sharon,2020,https://www.townofsharon.net/sites/g/files/vyhlif3801/f/uploads/2020_annual_report_of_the_commission_on_disabilities.pdf,atr,nodes,ERROR
Hull,2008,https://www.town.hull.ma.us/sites/g/files/vyhlif3286/f/uploads/2008annualreport_2.pdf,atr,nodes,ERROR
Hull,2009,https://www.town.hull.ma.us/sites/g/files/vyhlif3286/f/uploads/2009_annual_report.pdf,atr,nodes,ERROR
Hull,2012,https://www.town.hull.ma.us/sites/g/files/vyhlif3286/f/uploads/2012_annual_report.pdf,atr,nodes,ERROR
Hull,2014,http://www.town.hull.ma.us/Public_Documents/HullMA_Select/2014%20Annual%20Report.pdf,atr,nodes,ERROR
Hull,2014,https://www.town.hull.ma.us/sites/g/files/vyhlif3286/f/uploads/2014_annual_report.pdf,atr,nodes,ERROR
Hull,2016,https://www.town.hull.ma.us/sites/g/files/vyhlif3286/f/uploads/annual_report_2016.pdf,atr,nodes,ERROR
Hull,2020,https://www.town.hull.ma.us/sites/g/files/vyhlif3286/f/uploads/june_23_2020_town_of_hull_annual_town_election_official_results_1_with_write-in_info_updated_6282020.pdf,result,catalog,ERROR
Sandwich,2007,http://sandwichmass.org/PublicDocuments/2007%20Annual%20Town%20Report.pdf,atr,nodes,ERROR
Sandwich,2008,http://sandwichmass.org/PublicDocuments/2008%20Annual%20Town%20Report.pdf,atr,nodes,ERROR
Sandwich,2008,"http://sandwichmass.org/PublicDocuments/Election%20Results%20May%208,%202008.pdf",result,catalog,ERROR
Sandwich,2009,http://sandwichmass.org/PublicDocuments/2009%20Annual%20Town%20Report.pdf,atr,nodes,ERROR
Sandwich,2009,"http://sandwichmass.org/PublicDocuments/Election%20Results%20May%207,%202009.pdf",result,catalog,ERROR
Sandwich,2010,"http://sandwichmass.org/PublicDocuments/Election%20Results%20September%2014,%202010.pdf",result,catalog,ERROR
Sandwich,2010,"http://sandwichmass.org/PublicDocuments/May%206,%202010%20Election%20Results.pdf",result,catalog,ERROR
Sandwich,2011,"http://www.sandwichmass.org/PublicDocuments/Election%20Results%20May%205,%202011.pdf",result,catalog,ERROR
Sandwich,2012,http://www.sandwichmass.org/PublicDocuments/2012%20Annual%20Town%20Report.pdf,atr,nodes,ERROR
Sandwich,2014,http://sandwichmass.org/PublicDocuments/2014%20Annual%20Town%20Report_reduced%20size.pdf,atr,nodes,ERROR
Sandwich,2015,http://sandwichmass.org/PublicDocuments/2015%20Annual%20Town%20Report.pdf,atr,nodes,ERROR
Sandwich,2015,"http://sandwichmass.org/PublicDocuments/May%207,%202015%20Election%20Results.pdf",result,catalog,ERROR
Sandwich,2017,"http://www.sandwichmass.org/PublicDocuments/May%204,%202017%20Election%20Results.pdf",result,catalog,ERROR
Scituate,2012,https://www.scituatema.gov/sites/g/files/vyhlif3781/f/pages/scituate-2012-town-report_0.pdf,atr,nodes,ERROR
Scituate,2012,https://www.scituatema.gov/sites/scituatema/files/pages/scituate-2012-town-report_0.pdf,atr,nodes,ERROR
Scituate,2012,https://www.scituatema.gov/sites/scituatema/files/scituate-2012-town-report.pdf,atr,nodes,ERROR
Scituate,2015,http://www.scituatema.gov/sites/scituatema/files/2015_annual_town_report.pdf,atr,nodes,ERROR
Scituate,2015,https://www.scituatema.gov/sites/g/files/vyhlif3781/f/pages/scituate_2015_town_report_0.pdf,atr,nodes,ERROR
Scituate,2016,http://www.scituatema.gov/sites/scituatema/files/uploads/2016_annual_report_boards_and_committees.pdf,atr,nodes,ERROR
Scituate,2017,https://www.scituatema.gov/sites/g/files/vyhlif3781/f/pages/2017_annual_town_report.pdf,atr,nodes,ERROR
Scituate,2018,https://www.scituatema.gov/sites/g/files/vyhlif3781/f/pages/2018_annual_town_report.pdf,atr,nodes,ERROR
Scituate,2020,https://www.scituatema.gov/sites/g/files/vyhlif3781/f/alerts/revised_republican_unoffical_tally_9-1-2020.pdf,result,catalog,ERROR
Lancaster,2003,http://www.ci.lancaster.ma.us:80/town_report/2003_annual_town_report_part1.pdf,atr,nodes,ERROR
Lancaster,2003,http://www.ci.lancaster.ma.us:80/town_report/2003_annual_town_report_part2.pdf,atr,nodes,ERROR
Lancaster,2004,http://www.ci.lancaster.ma.us:80/town_report/2004/2004_ar_sec1.pdf,atr,nodes,ERROR
Lancaster,2005,http://www.ci.lancaster.ma.us:80/clerk/elections/results/2005/09may05_townelectionresults.pdf,result,catalog,ERROR
Billerica,2001,http://www.town.billerica.ma.us/cities/billericama/docs/UploadedPages/2001%20billerica%20annual%20report.pdf,atr,nodes,ERROR
Billerica,2019,https://www.town.billerica.ma.us/DocumentCenter/View/9512/Annual-town-election-results-2019,result,catalog,ERROR
Halifax,2020,https://www.halifaxma.gov/DocumentCenter/View/294/Election-Results---September-1-2020---Democratic-Primary-XLS,result,catalog,NOT_PDF
Hawley,2018,http://www.townofhawley.com:80/wp-content/uploads/docs/AnnTwnMtg/2018%20Annual%20Report%20FINAL.pdf,atr,nodes,ERROR
Hampden,2000,https://www.hampdenma.gov/sites/g/files/vyhlif656/f/uploads/2000_annual_town_report.pdf,atr,nodes,ERROR
Hampden,2000,https://www.hampdenma.gov/sites/g/files/vyhlif656/f/uploads/2000_annual_town_reportparta.pdf,atr,nodes,ERROR
Hampden,2000,https://www.hampdenma.gov/sites/g/files/vyhlif656/f/uploads/2000_annual_town_reportpartb.pdf,atr,nodes,ERROR
Hampden,2000,https://www.hampdenma.gov/sites/g/files/vyhlif656/f/uploads/2000_annual_town_reportpartc.pdf,atr,nodes,ERROR
Hampden,2000,https://www.hampdenma.gov/sites/g/files/vyhlif656/f/uploads/2000_annual_town_reportpartd.pdf,atr,nodes,ERROR
Hampden,2001,https://www.hampdenma.gov/sites/g/files/vyhlif656/f/uploads/annual_town_report_2001_-_small.pdf,atr,nodes,ERROR
Hampden,2002,https://www.hampdenma.gov/sites/g/files/vyhlif656/f/uploads/2002_annual_town_report.pdf,atr,nodes,ERROR
Hampden,2002,https://www.hampdenma.gov/sites/hampdenma/files/uploads/2002_annual_town_report.pdf,atr,nodes,ERROR
Hampden,2004,https://www.hampdenma.gov/sites/g/files/vyhlif656/f/uploads/2004_annual_town_report.pdf,atr,nodes,ERROR
Hampden,2004,https://www.hampdenma.gov/sites/hampdenma/files/uploads/2004_annual_town_report.pdf,atr,nodes,ERROR
Hampden,2005,https://www.hampdenma.gov/sites/g/files/vyhlif656/f/uploads/2005_annual_town_report.pdf,atr,nodes,ERROR
Hampden,2005,https://www.hampdenma.gov/sites/hampdenma/files/uploads/2005_annual_town_report.pdf,atr,nodes,ERROR
Hampden,2006,https://www.hampdenma.gov/sites/g/files/vyhlif656/f/uploads/2006_annual_town_report.pdf,atr,nodes,ERROR
Hampden,2007,https://www.hampdenma.gov/sites/g/files/vyhlif656/f/uploads/2007_town_report_full.pdf,atr,nodes,ERROR
Hampden,2009,https://www.hampdenma.gov/sites/g/files/vyhlif656/f/uploads/2009_annual_town_report_part_a.pdf,atr,nodes,ERROR
Hampden,2009,https://www.hampdenma.gov/sites/g/files/vyhlif656/f/uploads/2009_annual_town_report_part_b.pdf,atr,nodes,ERROR
Hampden,2009,https://www.hampdenma.gov/sites/g/files/vyhlif656/f/uploads/2009_annual_town_report_part_c.pdf,atr,nodes,ERROR
Hampden,2009,https://www.hampdenma.gov/sites/g/files/vyhlif656/f/uploads/2009_annual_town_report_part_d.pdf,atr,nodes,ERROR
Hampden,2010,https://www.hampdenma.gov/sites/g/files/vyhlif656/f/uploads/2010_town_report.pdf,atr,nodes,ERROR
Hampden,2011,https://www.hampdenma.gov/sites/g/files/vyhlif656/f/uploads/2011_town_report.pdf,atr,nodes,ERROR
Hampden,2012,https://www.hampdenma.gov/sites/g/files/vyhlif656/f/uploads/2012_annual_town_report_part_a.pdf,atr,nodes,ERROR
Hampden,2012,https://www.hampdenma.gov/sites/g/files/vyhlif656/f/uploads/2012_annual_town_report_part_b.pdf,atr,nodes,ERROR
Hampden,2012,https://www.hampdenma.gov/sites/g/files/vyhlif656/f/uploads/2012_annual_town_report_part_c.pdf,atr,nodes,ERROR
Hampden,2012,https://www.hampdenma.gov/sites/g/files/vyhlif656/f/uploads/2012_annual_town_report_part_d.pdf,atr,nodes,ERROR
Hampden,2012,https://www.hampdenma.gov/sites/hampdenma/files/uploads/2012_annual_town_report_part_b.pdf,atr,nodes,ERROR
Hampden,2013,https://www.hampdenma.gov/sites/g/files/vyhlif656/f/uploads/2013_annual_town_report_part_a.pdf,atr,nodes,ERROR
Hampden,2013,https://www.hampdenma.gov/sites/g/files/vyhlif656/f/uploads/2013_annual_town_report_part_b.pdf,atr,nodes,ERROR
Hampden,2013,https://www.hampdenma.gov/sites/g/files/vyhlif656/f/uploads/2013_annual_town_report_part_c.pdf,atr,nodes,ERROR
Hampden,2013,https://www.hampdenma.gov/sites/g/files/vyhlif656/f/uploads/2013_annual_town_report_part_d.pdf,atr,nodes,ERROR
Hampden,2013,https://www.hampdenma.gov/sites/hampdenma/files/uploads/2013_annual_town_report_part_a.pdf,atr,nodes,ERROR
Hampden,2014,https://www.hampdenma.gov/sites/g/files/vyhlif656/f/uploads/2014_annual_town_report_part_a.pdf,atr,nodes,ERROR
Hampden,2014,https://www.hampdenma.gov/sites/g/files/vyhlif656/f/uploads/2014_annual_town_report_part_b.pdf,atr,nodes,ERROR
Hampden,2014,https://www.hampdenma.gov/sites/g/files/vyhlif656/f/uploads/2014_annual_town_report_part_c.pdf,atr,nodes,ERROR
Hampden,2014,https://www.hampdenma.gov/sites/g/files/vyhlif656/f/uploads/2014_annual_town_report_part_d.pdf,atr,nodes,ERROR
Hampden,2014,https://www.hampdenma.gov/sites/hampdenma/files/uploads/2014_annual_town_report_part_a.pdf,atr,nodes,ERROR
Hampden,2014,https://www.hampdenma.gov/sites/hampdenma/files/uploads/2014_annual_town_report_part_d.pdf,atr,nodes,ERROR
Hampden,2015,https://www.hampdenma.gov/sites/g/files/vyhlif656/f/uploads/2015_annual_town_report_part_a.pdf,atr,nodes,ERROR
Hampden,2015,https://www.hampdenma.gov/sites/g/files/vyhlif656/f/uploads/2015_annual_town_report_part_b.pdf,atr,nodes,ERROR
Hampden,2015,https://www.hampdenma.gov/sites/g/files/vyhlif656/f/uploads/2015_annual_town_report_part_c.pdf,atr,nodes,ERROR
Hampden,2015,https://www.hampdenma.gov/sites/g/files/vyhlif656/f/uploads/2015_annual_town_report_part_d.pdf,atr,nodes,ERROR
Hampden,2016,https://www.hampdenma.gov/sites/g/files/vyhlif656/f/uploads/2016_annual_town_report.pdf,atr,nodes,ERROR
Hampden,2017,https://www.hampdenma.gov/sites/g/files/vyhlif656/f/uploads/2017_annual_town_report.pdf,atr,nodes,ERROR
Hampden,2017,https://www.hampdenma.gov/sites/hampdenma/files/uploads/2017_annual_town_report.pdf,atr,nodes,ERROR
Hampden,2018,https://www.hampdenma.gov/sites/g/files/vyhlif656/f/uploads/annual_report_hampden_2018_-_1-41.pdf,atr,nodes,ERROR
Hampden,2018,https://www.hampdenma.gov/sites/g/files/vyhlif656/f/uploads/annual_report_hampden_2018_-_42-83_0.pdf,atr,nodes,ERROR
Hampden,2018,https://www.hampdenma.gov/sites/g/files/vyhlif656/f/uploads/annual_report_hampden_2018_-_84-124.pdf,atr,nodes,ERROR
Hampden,2019,https://www.hampdenma.gov/sites/g/files/vyhlif656/f/uploads/annual_report_hampden_2019_0.pdf,atr,nodes,ERROR
Hampden,2020,https://www.hampdenma.gov/sites/g/files/vyhlif656/f/uploads/annual_report_hampden_2020.pdf,atr,nodes,ERROR
Methuen,2011,https://methuen.gov/ImageRepository/Document?documentID=164,result,catalog,NOT_PDF
Methuen,2012,https://methuen.gov/ImageRepository/Document?documentID=163,result,catalog,NOT_PDF
Methuen,2013,https://methuen.gov/ImageRepository/Document?documentID=162,result,catalog,NOT_PDF
Methuen,2015,https://methuen.gov/ImageRepository/Document?documentID=161,result,catalog,NOT_PDF
Methuen,2016,https://methuen.gov/ImageRepository/Document?documentID=166,result,catalog,NOT_PDF
Methuen,2017,https://methuen.gov/ImageRepository/Document?documentID=160,result,catalog,NOT_PDF
Townsend,2006,https://townsendma.gov/government/board_of_selectmen/Documents/Boards Committees/Selectboard/Annual Town Reports/2006_report_0.pdf?t=202504291250120,atr,nodes,ERROR
Townsend,2007,https://townsendma.gov/government/board_of_selectmen/Documents/Boards Committees/Selectboard/Annual Town Reports/2007_townsend_annual_town_report.pdf?t=202504291250220,atr,nodes,ERROR
Townsend,2008,https://townsendma.gov/government/board_of_selectmen/Documents/Boards Committees/Selectboard/Annual Town Reports/2008townsendannualtownreport_0.pdf?t=202504291250290,atr,nodes,ERROR
Townsend,2009,https://townsendma.gov/government/board_of_selectmen/Documents/Boards Committees/Selectboard/Annual Town Reports/town_report_2009.pdf?t=202504291257170,atr,nodes,ERROR
Townsend,2010,https://townsendma.gov/government/board_of_selectmen/Documents/Boards Committees/Selectboard/Annual Town Reports/townsend_annual_report_2010.pdf?t=202504291256400,atr,nodes,ERROR
Townsend,2011,https://townsendma.gov/government/board_of_selectmen/Documents/Boards Committees/Selectboard/Annual Town Reports/town_report_2011.pdf?t=202504291257230,atr,nodes,ERROR
Townsend,2012,https://townsendma.gov/government/board_of_selectmen/Documents/Boards Committees/Selectboard/Annual Town Reports/townsend_2012_annual_town_report.pdf?t=202504291256330,atr,nodes,ERROR
Townsend,2013,https://townsendma.gov/government/board_of_selectmen/Documents/Boards Committees/Selectboard/Annual Town Reports/2013_townsend_annual_report_final.pdf?t=202504291250360,atr,nodes,ERROR
Townsend,2014,https://townsendma.gov/government/board_of_selectmen/Documents/Boards Committees/Selectboard/Annual Town Reports/2014_annual_town_report.pdf?t=202504291250430,atr,nodes,ERROR
Townsend,2015,https://townsendma.gov/government/board_of_selectmen/Documents/Boards Committees/Selectboard/Annual Town Reports/2015_annual_town_report_0.pdf?t=202504291250500,atr,nodes,ERROR
Townsend,2017,https://townsendma.gov/government/Documents/Boards Committees/Housing/2017_tha_annual_report.pdf?t=202602231234190,atr,nodes,ERROR
Townsend,2017,https://townsendma.gov/government/board_of_selectmen/Documents/Boards Committees/Selectboard/Annual Town Reports/website_town_report.pdf?t=202504291257390,atr,nodes,ERROR
Townsend,2018,https://townsendma.gov/government/Documents/Boards Committees/Housing/tha_2018_annual_report_final.pdf?t=202602231234350,atr,nodes,ERROR
Townsend,2018,https://townsendma.gov/government/board_of_selectmen/Documents/Boards Committees/Selectboard/Annual Town Reports/website_town_report_1.pdf?t=202504291257450,atr,nodes,ERROR
Townsend,2020,https://townsendma.gov/government/board_of_selectmen/Documents/Boards Committees/Selectboard/Annual Town Reports/annual_town_report_2019-2020.pdf?t=202504291251300,atr,nodes,ERROR
Berlin,2008,http://townofberlin.com/Conservation%20Commission/2008_Annual_Report_Berlin_Conservation_Commission.pdf,atr,nodes,ERROR
Berlin,2009,http://www.townofberlin.com/town-original/fire/2009%20Town%20Report.pdf,atr,nodes,ERROR
Berlin,2013,http://www.townofberlin.com/wp-content/uploads/2013/12/Election-Results-Local-Town-Election-2013.pdf,result,catalog,ERROR
Berlin,2014,http://www.townofberlin.com/wp-content/uploads/2014/05/2014_LocalElectionResults.pdf,result,catalog,ERROR
Berlin,2016,https://www.townofberlin.com/sites/g/files/vyhlif4156/f/uploads/annual-report-2016-scan-searchable-1.pdf,atr,nodes,ERROR
Berlin,2017,https://www.townofberlin.com/sites/g/files/vyhlif4156/f/uploads/annual_town_reports_2017_lores.pdf,atr,nodes,ERROR
Berlin,2017,https://www.townofberlin.com/sites/g/files/vyhlif4156/f/uploads/annual_town_reports_2017_recreation.pdf,atr,nodes,ERROR
Berlin,2019,https://www.townofberlin.com/sites/g/files/vyhlif4156/f/pages/2018_town_reports_online_as_edited_and_reposted_4-25-2019_by_atr_committee.pdf,atr,nodes,ERROR
Berlin,2019,https://www.townofberlin.com/sites/g/files/vyhlif4156/f/pages/2019_town_reports_-_corrected_to_include_omitted_ta_report.pdf,atr,nodes,ERROR
Berlin,2019,https://www.townofberlin.com/sites/g/files/vyhlif4156/f/uploads/2019-5-13_annual_town_election_results_-_berlin_ma_2c_0.pdf,result,catalog,ERROR
Berlin,2020,https://www.townofberlin.com/sites/g/files/vyhlif4156/f/pages/town_reports_2020_online_-_final_4-20-2021.pdf,atr,nodes,ERROR
Freetown,2008,http://freetownma.gov/elections/2008town/results.pdf,result,catalog,ERROR
Freetown,2011,http://www.freetownma.gov/sites/freetownma/files/fy2011_annual_report_of_the_town_accountant.pdf,atr,nodes,ERROR
Freetown,2012,http://www.freetownma.gov/sites/freetownma/files/fy2012_annual_report_of_the_town_accountant.pdf,atr,nodes,ERROR
Freetown,2013,http://www.freetownma.gov/sites/freetownma/files/fy2013_annual_report_of_the_town_accountant.pdf,atr,nodes,ERROR
Freetown,2014,http://www.freetownma.gov/sites/freetownma/files/fy2014_annual_town_report.pdf,atr,nodes,ERROR
Freetown,2018,https://www.freetownma.gov/sites/freetownma/files/pages/freetown_2017-2018_annual_town_report_for_online.pdf,atr,nodes,ERROR
Freetown,2018,https://www.freetownma.gov/sites/g/files/vyhlif4441/f/pages/freetown_2017-2018_annual_town_report_for_online.pdf,atr,nodes,ERROR
Freetown,2020,https://www.freetownma.gov/sites/g/files/vyhlif4441/f/pages/2020-2021_annual_town_report_-_final.pdf,atr,nodes,ERROR
New Marlborough,2014,https://www.newmarlboroughma.gov/sites/g/files/vyhlif4771/f/uploads/annual_town_report_2014.pdf,atr,nodes,ERROR
New Marlborough,2015,https://www.newmarlboroughma.gov/sites/g/files/vyhlif4771/f/uploads/new_marlborough_annual_report_2015.pdf,atr,nodes,ERROR
New Marlborough,2018,https://www.newmarlboroughma.gov/sites/g/files/vyhlif4771/f/uploads/2018_town_report.pdf,atr,nodes,ERROR
New Marlborough,2018,https://www.newmarlboroughma.gov/sites/newmarlboroughma/files/uploads/2018_town_report.pdf,atr,nodes,ERROR
New Marlborough,2020,https://www.newmarlboroughma.gov/sites/g/files/vyhlif4771/f/uploads/2020_town_report_for_web_2.pdf,atr,nodes,ERROR
Brimfield,2017,http://www.brimfieldma.org/Pages/2017electionresults.pdf,result,catalog,ERROR
Dracut,2016,http://www.dracutma.gov:80/sites/dracutma/files/uploads/copy_of_dwsd_election_results_may_2_2016.pdf,result,catalog,ERROR
Dracut,2016,http://www.dracutma.gov:80/sites/dracutma/files/uploads/town_election_2016_official_results.pdf,result,catalog,ERROR
South Hadley,2009,http://www.southhadley.org:80/pages/SouthHadleyMA_WebDocs/FY2009%20Annual%20Report.pdf,atr,nodes,ERROR
Wareham,2003,https://www.wareham.ma.us/sites/g/files/vyhlif5146/f/pages/fy2003_town_report.pdf,atr,nodes,ERROR
Wareham,2005,https://www.wareham.ma.us/sites/g/files/vyhlif5146/f/pages/fy2005_town_report.pdf,atr,nodes,ERROR
Wareham,2007,https://www.wareham.ma.us/sites/g/files/vyhlif5146/f/pages/town_report_fy2007.pdf,atr,nodes,ERROR
Wareham,2008,https://www.wareham.ma.us/sites/g/files/vyhlif5146/f/pages/town_report_fy2008.pdf,atr,nodes,ERROR
Wareham,2009,https://www.wareham.ma.us/sites/g/files/vyhlif12101/f/pages/town_report_fy2009.pdf,atr,nodes,ERROR
Wareham,2009,https://www.wareham.ma.us/sites/g/files/vyhlif5146/f/pages/town_report_fy2009.pdf,atr,nodes,ERROR
Wareham,2010,https://www.wareham.ma.us/sites/g/files/vyhlif12101/f/uploads/2010_apr_election_results.pdf,result,catalog,ERROR
Wareham,2010,https://www.wareham.ma.us/sites/g/files/vyhlif12101/f/uploads/2010_nov_election_results.pdf,result,catalog,ERROR
Wareham,2010,https://www.wareham.ma.us/sites/g/files/vyhlif5146/f/pages/town_report_fy2010.pdf,atr,nodes,ERROR
Wareham,2011,https://www.wareham.ma.us/sites/g/files/vyhlif12101/f/uploads/2011_apr_election_results.pdf,result,catalog,ERROR
Wareham,2011,https://www.wareham.ma.us/sites/g/files/vyhlif5146/f/pages/town_report_fy2011.pdf,atr,nodes,ERROR
Wareham,2011,https://www.wareham.ma.us/sites/g/files/vyhlif5146/f/uploads/capital_planning_spring_2011_annual_report.pdf,atr,nodes,ERROR
Wareham,2012,https://www.wareham.ma.us/sites/g/files/vyhlif12101/f/uploads/2012_apr_election_results.pdf,result,catalog,ERROR
Wareham,2012,https://www.wareham.ma.us/sites/g/files/vyhlif12101/f/uploads/2012_jul_election_results.pdf,result,catalog,ERROR
Wareham,2012,https://www.wareham.ma.us/sites/g/files/vyhlif12101/f/uploads/2012_sep_election_results.pdf,result,catalog,ERROR
Wareham,2012,https://www.wareham.ma.us/sites/g/files/vyhlif5146/f/pages/town_report_fy2012.pdf,atr,nodes,ERROR
Wareham,2013,https://www.wareham.ma.us/sites/g/files/vyhlif5146/f/pages/town_report_fy2013.pdf,atr,nodes,ERROR
Wareham,2014,https://www.wareham.ma.us/sites/g/files/vyhlif12101/f/uploads/2014_apr_election_results.pdf,result,catalog,ERROR
Wareham,2014,https://www.wareham.ma.us/sites/g/files/vyhlif12101/f/uploads/2014_nov_election_results.pdf,result,catalog,ERROR
Wareham,2014,https://www.wareham.ma.us/sites/g/files/vyhlif12101/f/uploads/2014_sep_election_results.pdf,result,catalog,ERROR
Wareham,2014,https://www.wareham.ma.us/sites/g/files/vyhlif5146/f/pages/wareham_town_report_2014.pdf,atr,nodes,ERROR
Wareham,2015,https://www.wareham.ma.us/sites/g/files/vyhlif12101/f/uploads/2015_apr_election_results.pdf,result,catalog,ERROR
Wareham,2016,https://wareham.ma.us/DocumentCenter/View/2834/2016-April-Election-Results-PDF,result,catalog,NOT_PDF
Wareham,2018,https://www.wareham.ma.us/sites/g/files/vyhlif5146/f/uploads/year_1_annual_report_ms4_wareham_ma_2018-19.pdf,atr,nodes,ERROR
Wareham,2019,https://www.wareham.ma.us/sites/g/files/vyhlif5146/f/pages/town_report_2019.pdf,atr,nodes,ERROR
Norwell,2012,https://www.townofnorwell.net/sites/g/files/vyhlif1011/f/pages/2012_town_report.pdf,atr,nodes,ERROR
Norwell,2013,https://www.townofnorwell.net/sites/g/files/vyhlif1011/f/pages/2013_town_report.pdf,atr,nodes,ERROR
Norwell,2014,http://www.townofnorwell.net/Public_Documents/2014TownReport-web.pdf,atr,nodes,ERROR
Norwell,2014,https://www.townofnorwell.net/sites/g/files/vyhlif1011/f/pages/2014_town_report.pdf,atr,nodes,ERROR
Norwell,2014,https://www.townofnorwell.net/sites/g/files/vyhlif1011/f/pages/annual_report_2014.pdf,atr,nodes,ERROR
Norwell,2015,https://townofnorwell.net/departments/town_administrator/Documents/Departments/Town Administrator/Town Reports/2015_town_report.pdf?t=202512171956110,atr,nodes,ERROR
Norwell,2015,https://www.townofnorwell.net/sites/g/files/vyhlif1011/f/pages/2015_town_report.pdf,atr,nodes,ERROR
Norwell,2015,https://www.townofnorwell.net/sites/g/files/vyhlif1011/f/pages/annual_report_2015.pdf,atr,nodes,ERROR
Norwell,2016,https://townofnorwell.net/departments/town_administrator/Documents/Departments/Town Administrator/Town Reports/2016_town_report.pdf?t=202512171956460,atr,nodes,ERROR
Norwell,2016,https://www.townofnorwell.net/sites/g/files/vyhlif1011/f/pages/2016_annual_town_report_ncc.pdf,atr,nodes,ERROR
Norwell,2016,https://www.townofnorwell.net/sites/g/files/vyhlif1011/f/pages/2016_town_report.pdf,atr,nodes,ERROR
Norwell,2017,https://townofnorwell.net/departments/town_administrator/Documents/Departments/Town Administrator/Town Reports/2017_town_report.pdf?t=202512171957200,atr,nodes,ERROR
Norwell,2017,https://www.townofnorwell.net/sites/g/files/vyhlif1011/f/pages/2017_final_annual_town_report_ncc.pdf,atr,nodes,ERROR
Norwell,2017,https://www.townofnorwell.net/sites/g/files/vyhlif1011/f/pages/2017_town_report.pdf,atr,nodes,ERROR
Norwell,2018,https://townofnorwell.net/departments/town_administrator/Documents/Departments/Town Administrator/Town Reports/2018_town_report.pdf?t=202512171957490,atr,nodes,ERROR
Norwell,2018,https://www.townofnorwell.net/sites/g/files/vyhlif1011/f/pages/2018_town_report.pdf,atr,nodes,ERROR
Norwell,2019,https://townofnorwell.net/departments/town_administrator/Documents/Departments/Town Administrator/Town Reports/2019_town_report.pdf?t=202512171958190,atr,nodes,ERROR
Norwell,2019,https://www.townofnorwell.net/sites/g/files/vyhlif1011/f/pages/2019_town_report-final.pdf,atr,nodes,ERROR
Norwell,2020,https://townofnorwell.net/departments/town_administrator/Documents/Departments/Town Administrator/Town Reports/2020_town_report.pdf?t=202512171958530,atr,nodes,ERROR
Norwell,2020,https://www.townofnorwell.net/sites/g/files/vyhlif1011/f/news/fy2020_cht_annual_report_-_final_draft_updated.pdf,atr,nodes,ERROR
Norwell,2020,https://www.townofnorwell.net/sites/g/files/vyhlif1011/f/pages/2020_town_report-final.pdf,atr,nodes,ERROR
Manchester,2006,http://www.manchester.ma.us/Pages/ManchesterMA_BOS/2006_townreport.pdf,atr,nodes,ERROR
Manchester,2007,http://www.manchester.ma.us/Pages/ManchesterMA_BOS/2007TownReport.pdf,atr,nodes,ERROR
Manchester,2008,http://www.manchester.ma.us/Pages/ManchesterMA_BOS/2008TownReport.pdf,atr,nodes,ERROR
Manchester,2009,http://www.manchester.ma.us/Pages/ManchesterMA_BComm/2009AnnualTownReport.pdf,atr,nodes,ERROR
Manchester,2009,http://www.manchester.ma.us/Pages/ManchesterMA_BOS/2009TownReport.pdf,atr,nodes,ERROR
Manchester,2011,http://www.manchester.ma.us/Pages/ManchesterMA_BOS/2011TownReport.pdf,atr,nodes,ERROR
Hopkinton,2013,https://ehop.org/wp/wp-content/uploads/2013/05/Hopkinton-Annual-Town-Report-2012.pdf,atr,nodes,NOT_PDF
Hopkinton,2014,https://ehop.org/wp/wp-content/uploads/2014/05/Article-01-2013-Annual-Town-Report.pdf,atr,nodes,NOT_PDF
Cohasset,2006,http://www.cohassetma.org:80/uploads/forms/townreportcombinedfinal_2006.pdf,atr,nodes,ERROR
Cohasset,2007,http://www.cohassetma.org:80/uploads/forms/townreportcombinedfinal_2007.pdf,atr,nodes,ERROR
Cohasset,2008,http://www.cohassetma.org:80/uploads/forms/townreportcombinedfinal_2008.pdf,atr,nodes,ERROR
Cohasset,2009,http://www.cohassetma.org:80/uploads/forms/townreportcombinedfinal_2009.pdf,atr,nodes,ERROR
Cohasset,2010,http://www.cohassetma.org:80/uploads/forms/townreportcombinedfinal_2010.pdf,atr,nodes,ERROR
Cohasset,2011,http://www.cohassetma.org:80/uploads/forms/townreportcombinedfinal_2011.pdf,atr,nodes,ERROR
Cohasset,2012,http://www.cohassetma.org:80/uploads/forms/townreportcombinedfinal_2012.pdf,atr,nodes,ERROR
Cohasset,2013,http://www.cohassetma.org:80/uploads/forms/2013_annual_report.pdf,atr,nodes,ERROR
Cohasset,2013,http://www.cohassetma.org:80/uploads/forms/townreportcombinedfinal_2013.pdf,atr,nodes,ERROR
Halifax,2012,https://www.halifax-ma.org/sites/g/files/vyhlif4496/f/uploads/townreport2012.pdf,atr,nodes,ERROR
Halifax,2014,https://www.halifax-ma.org/sites/g/files/vyhlif4496/f/uploads/townreport2014.pdf,atr,nodes,ERROR
Halifax,2015,https://www.halifax-ma.org/sites/g/files/vyhlif4496/f/uploads/townreport2015.pdf,atr,nodes,ERROR
Halifax,2016,https://www.halifax-ma.org/sites/g/files/vyhlif4496/f/uploads/townreport2016.pdf,atr,nodes,ERROR
Halifax,2018,https://www.halifax-ma.org/sites/g/files/vyhlif4496/f/uploads/townreport2018.pdf,atr,nodes,ERROR
Halifax,2020,https://www.halifax-ma.org/sites/g/files/vyhlif4496/f/uploads/halifaxma_annual_town_report_2020_-_website.pdf,atr,nodes,ERROR
Nantucket,2005,http://www.nantucket-ma.gov/departments/marine/2005/MadaketHarbor&LongPondAnnualReport%202005.pdf,atr,nodes,ERROR
Nantucket,2005,http://www.nantucket-ma.gov/departments/marine/2005/MiacometPondAnnualReport2005.pdf,atr,nodes,ERROR
Nantucket,2005,http://www.nantucket-ma.gov/departments/marine/2005/NantucketHarborWaterQuality-2005AnnualReport.pdf,atr,nodes,ERROR
Nantucket,2005,http://www.nantucket-ma.gov/departments/marine/2005/SesachachaPondAnnualReport_2005.pdf,atr,nodes,ERROR
Lenox,2016,https://www.townoflenox.com/sites/g/files/vyhlif3341/f/uploads/annual_town_report_2016.pdf,atr,nodes,ERROR
Lenox,2017,https://www.townoflenox.com/sites/g/files/vyhlif3341/f/uploads/annual_town_report_fy2017.pdf,atr,nodes,ERROR
Sunderland,2009,http://www.townofsunderland.us:80/_2009%20SUNDERLAND%20ANNUAL%20REPORT.pdf,atr,nodes,ERROR
Wayland,2004,http://www.wayland.ma.us/Pages/WaylandMA_Selectmen/TownReports/WaylandReports2004.pdf,atr,nodes,ERROR
Wayland,2004,https://www.wayland.ma.us/sites/g/files/vyhlif4016/f/uploads/annual_town_report_2004.pdf,atr,nodes,ERROR
Wayland,2004,https://www.wayland.ma.us/sites/g/files/vyhlif9231/f/uploads/annual_town_report_2004.pdf,atr,nodes,ERROR
Wayland,2005,http://www.wayland.ma.us/Pages/WaylandMA_Selectmen/TownReports/WaylandTownReports2005.pdf,atr,nodes,ERROR
Wayland,2005,http://www.wayland.ma.us/TownReports2005.pdf,atr,nodes,ERROR
Wayland,2005,https://www.wayland.ma.us/sites/g/files/vyhlif4016/f/uploads/annual_town_report_2005.pdf,atr,nodes,ERROR
Wayland,2005,https://www.wayland.ma.us/sites/g/files/vyhlif9231/f/uploads/annual_town_report_2005.pdf,atr,nodes,ERROR
Wayland,2006,http://www.wayland.ma.us/Pages/WaylandMA_Selectmen/TownReports/WaylandTownReports2006.pdf,atr,nodes,ERROR
Wayland,2006,https://www.wayland.ma.us/sites/g/files/vyhlif4016/f/uploads/annual_town_report_2006.pdf,atr,nodes,ERROR
Wayland,2006,https://www.wayland.ma.us/sites/g/files/vyhlif9231/f/uploads/annual_town_report_2006.pdf,atr,nodes,ERROR
Wayland,2007,http://www.wayland.ma.us/Pages/WaylandMA_Housing/S01839500-01E9737D.0/2007%20Annual%20Report%20to%20the%20Town%20of%20Wayland.pdf,atr,nodes,ERROR
Wayland,2007,http://www.wayland.ma.us/Pages/WaylandMA_Selectmen/TownReports/WaylandTownReports2007.pdf,atr,nodes,ERROR
Wayland,2007,https://www.wayland.ma.us/sites/g/files/vyhlif4016/f/uploads/annual_town_report_2007.pdf,atr,nodes,ERROR
Wayland,2007,https://www.wayland.ma.us/sites/g/files/vyhlif9231/f/uploads/annual_town_report_2007.pdf,atr,nodes,ERROR
Wayland,2008,http://www.wayland.ma.us/Pages/WaylandMA_Housing/S01839500-01E9737D.1/2008%20Annual%20Report%20to%20the%20Town%20of%20Wayland.pdf,atr,nodes,ERROR
Wayland,2008,http://www.wayland.ma.us/Pages/WaylandMA_Selectmen/TownReports/WaylandTownReports2008.pdf,atr,nodes,ERROR
Wayland,2008,https://www.wayland.ma.us/sites/g/files/vyhlif4016/f/uploads/annual_town_report_2008.pdf,atr,nodes,ERROR
Wayland,2008,https://www.wayland.ma.us/sites/g/files/vyhlif9231/f/uploads/annual_town_report_2008.pdf,atr,nodes,ERROR
Wayland,2009,http://www.wayland.ma.us/Pages/WaylandMA_Housing/S01839500-01E9737D.2/2009%20Annual%20Report%20to%20the%20Town%20of%20Wayland.pdf,atr,nodes,ERROR
Wayland,2009,http://www.wayland.ma.us/Pages/WaylandMA_Selectmen/TownReports/WaylandTownReports2009.pdf,atr,nodes,ERROR
Wayland,2009,https://www.wayland.ma.us/sites/g/files/vyhlif4016/f/uploads/annual_town_report_2009.pdf,atr,nodes,ERROR
Wayland,2009,https://www.wayland.ma.us/sites/g/files/vyhlif9231/f/uploads/annual_town_report_2009.pdf,atr,nodes,ERROR
Wayland,2010,http://www.wayland.ma.us/Pages/WaylandMA_Housing/S01839500-01E9737D.3/2010%20Annual%20Report%20to%20the%20Town%20of%20Wayland.pdf,atr,nodes,ERROR
Wayland,2010,http://www.wayland.ma.us/Pages/WaylandMA_Selectmen/TownReports/WaylandAnnualReports2010.pdf,atr,nodes,ERROR
Wayland,2010,https://www.wayland.ma.us/sites/g/files/vyhlif4016/f/uploads/annual_town_report_2010.pdf,atr,nodes,ERROR
Wayland,2010,https://www.wayland.ma.us/sites/g/files/vyhlif9231/f/uploads/annual_town_report_2010.pdf,atr,nodes,ERROR
Wayland,2011,http://www.wayland.ma.us/Pages/WaylandMA_Housing/S01839500-01E9737D.4/2011%20Annual%20Report%20to%20the%20Town%20of%20Wayland.pdf,atr,nodes,ERROR
Wayland,2011,http://www.wayland.ma.us/Pages/WaylandMA_Selectmen/TownReports/WaylandAnnualReports2011.pdf,atr,nodes,ERROR
Wayland,2011,https://www.wayland.ma.us/sites/g/files/vyhlif4016/f/uploads/annual_town_report_2011.pdf,atr,nodes,ERROR
Wayland,2011,https://www.wayland.ma.us/sites/g/files/vyhlif9231/f/uploads/annual_town_report_2011.pdf,atr,nodes,ERROR
Wayland,2012,http://www.wayland.ma.us/Pages/WaylandMA_Housing/S01839500-01E9737D.5/2012%20Annual%20Report%20to%20the%20Town%20of%20Wayland.pdf,atr,nodes,ERROR
Wayland,2012,https://www.wayland.ma.us/sites/g/files/vyhlif4016/f/uploads/annual_town_report_2012.pdf,atr,nodes,ERROR
Wayland,2012,https://www.wayland.ma.us/sites/g/files/vyhlif9231/f/uploads/annual_town_report_2012.pdf,atr,nodes,ERROR
Wayland,2013,http://www.wayland.ma.us/Pages/WaylandMA_Housing/S01839500-01E9737D.6/2013%20Annual%20Report%20to%20the%20Town%20of%20Wayland.pdf,atr,nodes,ERROR
Wayland,2013,https://www.wayland.ma.us/sites/g/files/vyhlif4016/f/uploads/annual_town_report_2013.pdf,atr,nodes,ERROR
Wayland,2013,https://www.wayland.ma.us/sites/g/files/vyhlif9231/f/uploads/annual_town_report_2013.pdf,atr,nodes,ERROR
Wayland,2014,http://www.wayland.ma.us/Pages/WaylandMA_Housing/S01839500-01E9737D.7/2014%20Annual%20Report%20to%20the%20Town%20of%20Wayland.pdf,atr,nodes,ERROR
Wayland,2014,http://www.wayland.ma.us/Pages/WaylandMA_Selectmen/TownReports/AnnualReport2014.pdf,atr,nodes,ERROR
Wayland,2014,https://www.wayland.ma.us/sites/g/files/vyhlif4016/f/uploads/annual_town_report_2014.pdf,atr,nodes,ERROR
Wayland,2014,https://www.wayland.ma.us/sites/g/files/vyhlif9231/f/uploads/annual_town_report_2014.pdf,atr,nodes,ERROR
Wayland,2015,https://www.wayland.ma.us/sites/g/files/vyhlif4016/f/uploads/annual_town_report_2015.pdf,atr,nodes,ERROR
Wayland,2015,https://www.wayland.ma.us/sites/g/files/vyhlif9231/f/uploads/annual_town_report_2015.pdf,atr,nodes,ERROR
Wayland,2016,https://www.wayland.ma.us/sites/g/files/vyhlif4016/f/uploads/annual_town_report_2016.pdf,atr,nodes,ERROR
Wayland,2016,https://www.wayland.ma.us/sites/g/files/vyhlif9231/f/uploads/annual_town_report_2016.pdf,atr,nodes,ERROR
Wayland,2017,https://www.wayland.ma.us/sites/g/files/vyhlif4016/f/uploads/fincom_annual_report_2017_0.pdf,atr,nodes,ERROR
Wayland,2017,https://www.wayland.ma.us/sites/g/files/vyhlif4016/f/uploads/town_report_2017.pdf,atr,nodes,ERROR
Wayland,2017,https://www.wayland.ma.us/sites/g/files/vyhlif9231/f/uploads/town_report_2017.pdf,atr,nodes,ERROR
Wayland,2018,https://www.wayland.ma.us/sites/g/files/vyhlif4016/f/pages/final_wayland_town_report_2018_for_web.pdf,atr,nodes,ERROR
Wayland,2018,https://www.wayland.ma.us/sites/g/files/vyhlif4016/f/uploads/2018_annual_town_report_-_v4.pdf,atr,nodes,ERROR
Wayland,2018,https://www.wayland.ma.us/sites/g/files/vyhlif9231/f/pages/final_wayland_town_report_2018_for_web.pdf,atr,nodes,ERROR
Wayland,2019,https://www.wayland.ma.us/sites/g/files/vyhlif4016/f/pages/2019_assessors_town_report1.pdf,atr,nodes,ERROR
Wayland,2019,https://www.wayland.ma.us/sites/g/files/vyhlif4016/f/uploads/2019_annual_report_-_finance_committee.docx.pdf,atr,nodes,ERROR
Wayland,2019,https://www.wayland.ma.us/sites/g/files/vyhlif9231/f/uploads/final_wayland_town_report_2019_for_web.pdf,atr,nodes,ERROR
Wayland,2020,https://www.wayland.ma.us/sites/g/files/vyhlif4016/f/uploads/2020_annual_report_-_finance_committee.pdf,atr,nodes,ERROR
Spencer,2008,http://www.spencerma.gov/pages/spencerMA_ClerkMin/2008/ATM050108forTownReport.pdf,atr,nodes,ERROR
Spencer,2008,http://www.spencerma.gov/pages/spencerMA_ClerkMin/2008/STM10162008forTownReport.pdf,atr,nodes,ERROR
Spencer,2009,http://www.spencerma.gov/pages/spencerMA_ClerkMin/2009/STM12809forTown%20Report.pdf,atr,nodes,ERROR
Spencer,2012,http://www.spencerma.gov/pages/spencerMA_ClerkMin/2012/ATM532012forTownReport.pdf,atr,nodes,ERROR
Spencer,2014,http://www.spencerma.gov/Pages/SpencerMA_Clerk/FINAL%20Tally%20Sheet%20Sept%209%202014%20Primary%20with%20SQ%20Voters.pdf,result,catalog,ERROR
Spencer,2016,http://www.spencerma.gov/Pages/SpencerMA_Clerk/FINAL%20Tally%20Sheet%20Sept%208%202016%20Primary%20with%20SQ%20Voters.pdf,result,catalog,ERROR
Spencer,2017,https://www.spencerma.gov/sites/g/files/vyhlif1246/f/uploads/2017_annual_town_report.pdf,atr,nodes,ERROR
Spencer,2020,https://www.spencerma.gov/sites/g/files/vyhlif1246/f/news/tally_sheet_sept_1_2020_primary_with_sq_voters_2.pdf,result,catalog,ERROR
Marion,2000,http://marionma.gov/Pages/MarionMA_ConsComm/AnnualReports/AnnualReport2000.pdf,atr,nodes,ERROR
Marion,2001,http://marionma.gov/Pages/MarionMA_ConsComm/AnnualReports/AnnualReport2001.pdf,atr,nodes,ERROR
Marion,2002,http://www.marionma.gov/pages/marionma_conscomm/annualreports/AnnualReport2002.pdf,atr,nodes,ERROR
Marion,2003,http://marionma.gov/Pages/MarionMA_ConsComm/AnnualReports/AnnualReport2003.pdf,atr,nodes,ERROR
Marion,2004,http://marionma.gov/Pages/MarionMA_ConsComm/AnnualReports/AnnualReport2004.pdf,atr,nodes,ERROR
Marion,2005,http://www.marionma.gov/pages/marionma_conscomm/annualreports/AnnualReport2005.pdf,atr,nodes,ERROR
Marion,2006,http://marionma.gov/Pages/MarionMA_ConsComm/AnnualReports/AnnualReport2006.pdf,atr,nodes,ERROR
Marion,2007,http://www.marionma.gov/pages/marionma_conscomm/annualreports/AnnualReport2007.pdf,atr,nodes,ERROR
Marion,2008,http://www.marionma.gov/pages/MarionMA_ConsComm/AnnualReports/AnnualReport2008.pdf,atr,nodes,ERROR
Marion,2009,http://marionma.gov/Pages/MarionMA_ConsComm/AnnualReports/AnnualReport2009.pdf,atr,nodes,ERROR
Marion,2010,http://marionma.gov/Pages/MarionMA_ConsComm/AnnualReports/AnnualReport2010.pdf,atr,nodes,ERROR
Marion,2011,http://www.marionma.gov/Pages/MarionMA_ConsComm/AnnualReports/AnnualReport2011.pdf,atr,nodes,ERROR
Marion,2012,http://marionma.gov/Pages/MarionMA_ConsComm/AnnualReports/AnnualReport2012.pdf,atr,nodes,ERROR
Marion,2013,http://marionma.gov/Pages/MarionMA_ConsComm/AnnualReports/AnnualReport2013.pdf,atr,nodes,ERROR
Marion,2014,http://marionma.gov/Pages/MarionMA_ConsComm/AnnualReports/Annual%20Report2014.pdf,atr,nodes,ERROR
Marion,2016,http://www.marionma.gov/pages/MarionMA_Clerk/2016%20ATE%20ballot%20results.pdf,result,catalog,ERROR
Marion,2016,https://www.marionma.gov/sites/g/files/vyhlif3406/f/uploads/2016_annual_town_report.pdf,atr,nodes,ERROR
Marion,2018,https://www.marionma.gov/sites/g/files/vyhlif3406/f/uploads/2018_mrvwspac_annual_report.pdf,atr,nodes,ERROR
Marion,2019,https://www.marionma.gov/sites/g/files/vyhlif3406/f/uploads/mattapoisett_river_valley_water_district_commission_2019_annual_report.pdf,atr,nodes,ERROR
Sunderland,2011,https://www.townofsunderland.us/sites/g/files/vyhlif3891/f/uploads/annual_report_2011.pdf,atr,nodes,ERROR
Sunderland,2012,http://www.townofsunderland.us/2012AnnualTownReport.pdf,atr,nodes,ERROR
Sunderland,2012,https://www.townofsunderland.us/sites/g/files/vyhlif3891/f/uploads/annual_report_2012.pdf,atr,nodes,ERROR
Sunderland,2013,https://www.townofsunderland.us/sites/g/files/vyhlif3891/f/uploads/annual_report_2013.pdf,atr,nodes,ERROR
Sunderland,2014,https://www.townofsunderland.us/sites/g/files/vyhlif3891/f/uploads/annual_report_2014.pdf,atr,nodes,ERROR
Sunderland,2015,https://www.townofsunderland.us/sites/g/files/vyhlif3891/f/uploads/2015_annual_report_-_final_.pdf,atr,nodes,ERROR
Sunderland,2016,https://www.townofsunderland.us/sites/g/files/vyhlif3891/f/uploads/annual_report_2016_0.pdf,atr,nodes,ERROR
Sunderland,2017,https://www.townofsunderland.us/sites/g/files/vyhlif3891/f/uploads/may_6_2017_election_results.pdf,result,catalog,ERROR
Sunderland,2018,https://www.townofsunderland.us/sites/g/files/vyhlif3891/f/uploads/2018electionresults_0.pdf,result,catalog,ERROR
Sunderland,2020,https://www.townofsunderland.us/sites/g/files/vyhlif3891/f/pages/2020_annual_report_final.pdf,atr,nodes,ERROR
Sunderland,2020,https://www.townofsunderland.us/sites/g/files/vyhlif3891/f/pages/_2020_annual_report.pdf,atr,nodes,ERROR
Sunderland,2020,https://www.townofsunderland.us/sites/g/files/vyhlif3891/f/pages/annual_tonw_election_results_6.6.2020.pdf,result,catalog,ERROR
Sunderland,2020,https://www.townofsunderland.us/sites/g/files/vyhlif3891/f/uploads/hra_2020_annual_report_0.pdf,atr,nodes,ERROR
Ashland,2005,http://ashlandmass.com/town_clerk/public_documents/2005_official_election_results.pdf,result,catalog,ERROR
Ashland,2006,http://ashlandmass.com/board_of_selectmen/public_documents/AnnualReport2006-Ashland.pdf,atr,nodes,ERROR
Ashland,2012,https://ashlandmass.com/ImageRepository/Document?documentID=379,result,catalog,EMPTY
Ashland,2013,https://ashlandmass.com/ImageRepository/Document?documentID=380,result,catalog,EMPTY
Ashland,2014,https://ashlandmass.com/ImageRepository/Document?documentID=381,result,catalog,EMPTY
Ashland,2015,https://ashlandmass.com/ImageRepository/Document?documentID=376,result,catalog,EMPTY
Canton,2005,http://www.town.canton.ma.us:80/PDF_files/Annual_Report-2005.pdf,atr,nodes,ERROR
Canton,2008,http://www.town.canton.ma.us:80/Clerks/Annual%20Report/2008_Annual_Report%20.pdf,atr,nodes,ERROR
Canton,2009,http://www.town.canton.ma.us:80/Clerks/2009/2009_Annual_Report.pdf,atr,nodes,ERROR
Canton,2010,http://www.town.canton.ma.us:80/Clerks/2010_Annual_Report.pdf,atr,nodes,ERROR
Belchertown,2005,http://www.belchertown.org/departments/dpw/downloads/AnnualReport2005.pdf,atr,nodes,ERROR
Belchertown,2011,http://www.belchertown.org/belchertown/home/docs/Town_Report_2011.pdf,atr,nodes,ERROR
Southborough,2009,http://www.annualreports.com/HostedData/AnnualReports/PDFArchive/csx2009.pdf,atr,nodes,ERROR
Pembroke,2010,http://www.pembroke-ma.gov:80/pdfs%20and%20forms/2010%20Town%20report.pdf,atr,nodes,ERROR
Wilmington,2011,http://www.wilmingtonma.gov:80/sites/wilmingtonma/files/uploads/2011_annual_report.pdf,atr,nodes,ERROR
Springfield,2010,https://springfield-ma.gov/elections/fileadmin/Past_Election_Results/Election_Results_2010/RESULTS_WARD_3_11022010.pdf,result,catalog,ERROR
Rowe,2013,http://rowe-ma.gov/pages/rowema_news/015A23EE-000F8513.9/Rowe%20Annual%20Town%20Election%20results%205-18-2013.pdf,result,catalog,ERROR
Rowe,2013,http://rowe-ma.gov/pages/rowema_news/I015A258B.9/Rowe%20Annual%20Town%20Election%20results%205-18-2013.pdf,result,catalog,ERROR
Rowe,2013,"https://rowe-ma.gov/files/CON,_2013_Annual_Report.pdf",atr,nodes,ERROR
Rowe,2016,http://rowe-ma.gov/pages/rowema_news/Election%20Results%2005-14-2016.pdf,result,catalog,ERROR
Rowe,2019,https://rowe-ma.gov/files/Rowe_Election_Results_5-18-2019.doc,result,catalog,NOT_PDF
Amesbury,2008,http://www.amesburyma.gov/sites/amesburyma/files/file/file/annual_report_2008_0.pdf,atr,nodes,ERROR
Amesbury,2009,http://www.amesburyma.gov/sites/amesburyma/files/file/file/annual_report_2009.pdf,atr,nodes,ERROR
Amesbury,2010,http://www.amesburyma.gov/sites/amesburyma/files/file/file/annual_report_2010.pdf,atr,nodes,ERROR
Amesbury,2010,https://www.amesburyma.gov/sites/g/files/vyhlif6891/f/file/file/annual_report_2010.pdf,atr,nodes,ERROR
Amesbury,2011,http://www.amesburyma.gov/sites/amesburyma/files/file/file/annual_report_2011.pdf,atr,nodes,ERROR
Amesbury,2011,https://www.amesburyma.gov/sites/g/files/vyhlif6891/f/file/file/annual_report_2011.pdf,atr,nodes,ERROR
Amesbury,2012,http://www.amesburyma.gov/sites/amesburyma/files/file/file/annual_report_2012.pdf,atr,nodes,ERROR
Amesbury,2012,https://www.amesburyma.gov/sites/g/files/vyhlif6891/f/file/file/annual_report_2012.pdf,atr,nodes,ERROR
Amesbury,2013,http://www.amesburyma.gov/sites/amesburyma/files/file/file/annual_report_2013.pdf,atr,nodes,ERROR
Amesbury,2013,https://www.amesburyma.gov/sites/g/files/vyhlif6891/f/file/file/annual_report_2013.pdf,atr,nodes,ERROR
Amesbury,2015,http://www.amesburyma.gov/sites/amesburyma/files/11-3-2015_unofficial_final_tally.pdf,result,catalog,ERROR
Amesbury,2016,https://www.amesburyma.gov/sites/amesburyma/files/file/file/2016_annual_report.pdf,atr,nodes,ERROR
Amesbury,2016,https://www.amesburyma.gov/sites/g/files/vyhlif6891/f/file/file/2016_annual_report.pdf,atr,nodes,ERROR
Amesbury,2018,https://www.amesburyma.gov/sites/amesburyma/files/uploads/amesbury_annual_report_fy2018.pdf,atr,nodes,ERROR
Amesbury,2019,https://www.amesburyma.gov/sites/g/files/vyhlif6891/f/uploads/2019_annual_report_final.pdf,atr,nodes,ERROR
Amesbury,2020,https://www.amesburyma.gov/sites/g/files/vyhlif6891/f/news/november_3_2020_unofficial_election_results.pdf,result,catalog,ERROR
Amesbury,2020,https://www.amesburyma.gov/sites/g/files/vyhlif6891/f/uploads/2020_edip_annual_report_-_archgrove_hospitality.pdf,atr,nodes,ERROR
Amesbury,2020,https://www.amesburyma.gov/sites/g/files/vyhlif6891/f/uploads/2020_edip_annual_report_-_designwerkes.pdf,atr,nodes,ERROR
Amesbury,2020,https://www.amesburyma.gov/sites/g/files/vyhlif6891/f/uploads/2020_edip_annual_report_-_global.pdf,atr,nodes,ERROR
Holliston,2003,http://www.townofholliston.us/CPC/CPC_Annual_Report_2003.pdf,atr,nodes,ERROR
Holliston,2004,http://www.townofholliston.us/CPC/CPC_Annual_Report_2004.pdf,atr,nodes,ERROR
Holliston,2005,http://www.townofholliston.us/CPC/CPC_Annual_Report_2005.pdf,atr,nodes,ERROR
Holliston,2009,https://www.townofholliston.us/sites/g/files/vyhlif706/f/file/file/finance_committee_annual_report_2009.pdf,atr,nodes,ERROR
Holliston,2012,http://www.townofholliston.us/sites/hollistonma/files/file/file/annual_town_report_2012.pdf,atr,nodes,ERROR
Holliston,2012,http://www.townofholliston.us/sites/hollistonma/files/file/file/finance_committee_2012_annual_report.pdf,atr,nodes,ERROR
Holliston,2012,https://www.townofholliston.us/sites/g/files/vyhlif706/f/file/file/finance_committee_2012_annual_report.pdf,atr,nodes,ERROR
Holliston,2013,http://www.townofholliston.us/sites/hollistonma/files/file/file/2013_official_annual_town_election_results-1.pdf,result,catalog,ERROR
Holliston,2013,http://www.townofholliston.us/sites/hollistonma/files/file/file/finance_committee_annual_report_2013.pdf,atr,nodes,ERROR
Holliston,2013,https://www.townofholliston.us/sites/g/files/vyhlif706/f/file/file/finance_committee_annual_report_2013.pdf,atr,nodes,ERROR
Holliston,2014,http://www.townofholliston.us/sites/hollistonma/files/file/file/finance_committe_annual_report_may_2014.pdf,atr,nodes,ERROR
Holliston,2014,https://www.townofholliston.us/sites/g/files/vyhlif706/f/file/file/2014_annual_town_report_for_website.pdf,atr,nodes,ERROR
Holliston,2014,https://www.townofholliston.us/sites/g/files/vyhlif706/f/file/file/finance_committe_annual_report_may_2014.pdf,atr,nodes,ERROR
Holliston,2015,https://www.townofholliston.us/sites/g/files/vyhlif706/f/file/file/finance_committee_annual_report_2015.pdf,atr,nodes,ERROR
Holliston,2016,https://www.townofholliston.us/sites/g/files/vyhlif706/f/file/file/annual_town_report_2016.pdf,atr,nodes,ERROR
Holliston,2020,https://www.townofholliston.us/sites/g/files/vyhlif706/f/uploads/gc_town_report_for_2020_a.pdf,atr,nodes,ERROR
Westwood,2007,http://www.townhall.westwood.ma.us/westwood/File/election_results_May_15_2007.pdf,result,catalog,ERROR
Westwood,2010,http://www.townhall.westwood.ma.us/westwood/file/ElectedbyVoters2010(1).pdf,result,catalog,ERROR
Westwood,2011,http://www.townhall.westwood.ma.us/westwood/file/April%2026%202011%20Election%20Results.pdf,result,catalog,ERROR
Westwood,2012,"http://www.townhall.westwood.ma.us/townofwestwood/file/APRIL%2024,%202012%20ANNUAL%20TOWN%20ELECTION%20RESULTS.pdf",result,catalog,ERROR
Westwood,2014,"http://www.townhall.westwood.ma.us/townofwestwood/file/2014%20Clerk/April%2029,%202014%20Annual%20Town%20Election%20Results.pdf",result,catalog,ERROR
Westwood,2014,"http://www.townhall.westwood.ma.us/townofwestwood/file/2014%20Clerk/April%2029,%202014%20Annual%20Town%20Election%20Unofficial%20Results.pdf",result,catalog,ERROR
Westwood,2014,http://www.townhall.westwood.ma.us/townofwestwood/file/BOS/2014%20Town%20Report%20ONLINE%201%20of%204.pdf,atr,nodes,ERROR
Westwood,2014,http://www.townhall.westwood.ma.us/townofwestwood/file/BOS/2014%20Town%20Report%20ONLINE%202%20of%204.pdf,atr,nodes,ERROR
Westwood,2014,http://www.townhall.westwood.ma.us/townofwestwood/file/BOS/2014%20Town%20Report%20ONLINE%203%20of%204.pdf,atr,nodes,ERROR
Westwood,2014,http://www.townhall.westwood.ma.us/townofwestwood/file/BOS/2014%20Town%20Report%20ONLINE%204%20of%204.pdf,atr,nodes,ERROR
Westwood,2015,"http://www.townhall.westwood.ma.us/townofwestwood/file/2015%20Town%20Clerk/April%2028,%202015%20Annual%20Town%20Election%20Results.pdf",result,catalog,ERROR
Westwood,2015,"http://www.townhall.westwood.ma.us/townofwestwood/file/2015%20Town%20Clerk/April%2028,%202015%20Annual%20Town%20Election%20Unofficial%20Results%20Posting%20(2).pdf",result,catalog,ERROR
Chilmark,2016,https://www.sec.state.ma.us/divisions/public-records/download/SOC-Annual-Report-FY-2016.pdf,atr,nodes,ERROR
Chilmark,2016,https://www.sec.state.ma.us/pre/prepra/annual-reports/SOC-Annual-Report-FY-2016.pdf,atr,nodes,NOT_PDF
Chilmark,2017,https://www.sec.state.ma.us/divisions/public-records/download/SOC-Annual-Report-FY-2017.pdf,atr,nodes,ERROR
Chilmark,2017,https://www.sec.state.ma.us/pre/prepra/annual-reports/SOC-Annual-Report-FY-2017.pdf,atr,nodes,NOT_PDF
Chilmark,2018,https://www.sec.state.ma.us/divisions/public-records/download/SOC-Annual-Report-FY-2018.pdf,atr,nodes,ERROR
Chilmark,2018,https://www.sec.state.ma.us/pre/prepra/annual-reports/SOC-Annual-Report-FY-2018.pdf,atr,nodes,NOT_PDF
Chilmark,2019,https://www.sec.state.ma.us/pre/prepra/annual-reports/SOC-Annual-Report-FY-2019.pdf,atr,nodes,NOT_PDF
Chilmark,2020,https://www.sec.state.ma.us/divisions/public-records/download/SOC-Annual-Report-FY-2020.pdf,atr,nodes,ERROR
Chilmark,2020,https://www.sec.state.ma.us/pre/prepra/annual-reports/SOC-Annual-Report-FY-2020.pdf,atr,nodes,NOT_PDF
Hatfield,2012,http://www.townofhatfield.org/Pages/HatfieldMA_Bcomm/BOS/2012TownReport.pdf,atr,nodes,ERROR
Hatfield,2012,https://www.townofhatfield.org/sites/g/files/vyhlif3246/f/uploads/2012townreport.pdf,atr,nodes,ERROR
Hatfield,2014,http://www.townofhatfield.org/Pages/HatfieldMA_WebDocs/2014TownReport.pdf,atr,nodes,ERROR
Hatfield,2014,https://www.townofhatfield.org/sites/g/files/vyhlif3246/f/uploads/2014townreport.pdf,atr,nodes,ERROR
Hatfield,2017,https://www.townofhatfield.org/sites/g/files/vyhlif3246/f/uploads/townreport2017.pdf,atr,nodes,ERROR
Hatfield,2018,https://www.townofhatfield.org/sites/g/files/vyhlif3246/f/uploads/2018_annual_town_report_0.pdf,atr,nodes,ERROR
Stoughton,2018,https://www.stoughton.org/sites/stoughtonma/files/pages/annual_report_2018.pdf,atr,nodes,ERROR
Abington,2016,http://www.abingtonma.gov:80/sites/abingtonma/files/unofficial_election_results_4-30-2016.pdf,result,catalog,ERROR
Northfield,2010,http://www.northfieldma.gov:80/sites/northfieldma/files/uploads/pb_annual_report_2010.pdf,atr,nodes,ERROR
West Bridgewater,2015,http://www.westbridgewaterma.org/document_center/Water/Annual%20Reports/2015%20CCR.pdf,atr,nodes,ERROR
Westford,2004,https://westfordma.gov/ImageRepository/Document?documentID=140,result,catalog,EMPTY
Westford,2007,http://www.westfordma.gov/pages/government/towndepartments/WestfordMA_clerk/documents/TownReport/2007/2007/11_AffordableHousingCommittee_2007.pdf,atr,nodes,ERROR
Westford,2007,http://www.westfordma.gov/pages/government/towndepartments/WestfordMA_clerk/documents/TownReport/2007/2007/13_Assessors_2007.pdf,atr,nodes,ERROR
Westford,2007,http://www.westfordma.gov/pages/government/towndepartments/WestfordMA_clerk/documents/TownReport/2007/2007/14_BFRT_2007.pdf,atr,nodes,ERROR
Westford,2007,http://www.westfordma.gov/pages/government/towndepartments/WestfordMA_clerk/documents/TownReport/2007/2007/15_BuildingDept_2007.pdf,atr,nodes,ERROR
Westford,2007,http://www.westfordma.gov/pages/government/towndepartments/WestfordMA_clerk/documents/TownReport/2007/2007/17_CemeteryCommission_2007.pdf,atr,nodes,ERROR
Westford,2007,http://www.westfordma.gov/pages/government/towndepartments/WestfordMA_clerk/documents/TownReport/2007/2007/19_CPC_2007.pdf,atr,nodes,ERROR
Westford,2007,http://www.westfordma.gov/pages/government/towndepartments/WestfordMA_clerk/documents/TownReport/2007/2007/20_CMPC_2007.pdf,atr,nodes,ERROR
Westford,2007,http://www.westfordma.gov/pages/government/towndepartments/WestfordMA_clerk/documents/TownReport/2007/2007/46_PoliceDept2007.pdf,atr,nodes,ERROR
Westford,2008,http://www.westfordma.gov/pages/government/towndepartments/WestfordMA_clerk/documents/TownReport/2008townreport.pdf,atr,nodes,ERROR
Westford,2010,http://www.westfordma.gov/pages/government/towndepartments/WestfordMA_clerk/documents/TownReport/2010townreport.pdf,atr,nodes,ERROR
Westford,2015,http://westfordma.gov/pages/government/towndepartments/WestfordMA_clerk/documents/TownReport/FY2015_Town_Report.pdf,atr,nodes,ERROR
Georgetown,2006,http://www.georgetownma.gov/public_documents/georgetownma_bcomm/townreports/gtown%20annual%20reportsmll2002-2006.pdf,atr,nodes,ERROR
Georgetown,2006,https://www.georgetownma.gov/sites/g/files/vyhlif616/f/uploads/gtown_annual_reportsmll2002-2006.pdf,atr,nodes,ERROR
Georgetown,2007,http://www.georgetownma.gov/Public_documents/georgetownma_RecComDocs/FY2007%20Town%20Report.pdf,atr,nodes,ERROR
Georgetown,2007,http://www.georgetownma.gov/public_documents/georgetownma_bcomm/townreports/Town%20Report%20FY2007.pdf,atr,nodes,ERROR
Georgetown,2007,https://www.georgetownma.gov/sites/g/files/vyhlif616/f/uploads/town_report_fy2007.pdf,atr,nodes,ERROR
Georgetown,2008,http://georgetownma.gov/public_documents/georgetownma_bcomm/townreports/Town%20Report%20FY2008.pdf,atr,nodes,ERROR
Georgetown,2008,https://www.georgetownma.gov/sites/g/files/vyhlif616/f/uploads/town_report_fy2008.pdf,atr,nodes,ERROR
Georgetown,2009,http://www.georgetownma.gov/public_documents/georgetownma_bcomm/townreports/Town%20Report%20FY2009.pdf,atr,nodes,ERROR
Georgetown,2009,https://www.georgetownma.gov/sites/g/files/vyhlif616/f/uploads/town_report_fy2009.pdf,atr,nodes,ERROR
Georgetown,2010,http://georgetownma.gov/public_documents/georgetownma_bcomm/townreports/Town%20Report%20FY2010.pdf,atr,nodes,ERROR
Georgetown,2010,https://www.georgetownma.gov/sites/g/files/vyhlif616/f/uploads/town_report_fy2010.pdf,atr,nodes,ERROR
Georgetown,2011,http://georgetownma.gov/public_documents/georgetownma_bcomm/townreports/Town%20Report%20FY2011.pdf,atr,nodes,ERROR
Georgetown,2011,https://www.georgetownma.gov/sites/g/files/vyhlif616/f/uploads/town_report_fy2011.pdf,atr,nodes,ERROR
Georgetown,2012,http://www.georgetownma.gov/public_documents/georgetownma_bcomm/townreports/Town%20Report%20FY2012.pdf,atr,nodes,ERROR
Georgetown,2012,https://www.georgetownma.gov/sites/g/files/vyhlif616/f/uploads/town_report_fy2012.pdf,atr,nodes,ERROR
Georgetown,2013,http://georgetownma.gov/public_documents/georgetownma_bcomm/townreports/Town%20Report%20FY2013.pdf,atr,nodes,ERROR
Georgetown,2013,https://www.georgetownma.gov/sites/g/files/vyhlif616/f/uploads/town_report_fy2013.pdf,atr,nodes,ERROR
Georgetown,2014,http://georgetownma.gov/public_documents/georgetownma_bcomm/townreports/Town%20Report%20FY2014.pdf,atr,nodes,ERROR
Georgetown,2014,http://www.georgetownma.gov/Public_Documents/GeorgetownMA_Clerk/Election%20Results/Election%20results%20May%2012%202014.pdf,result,catalog,ERROR
Georgetown,2014,https://www.georgetownma.gov/sites/g/files/vyhlif616/f/uploads/town_report_fy2014.pdf,atr,nodes,ERROR
Georgetown,2017,https://www.georgetownma.gov/sites/g/files/vyhlif616/f/uploads/annual_town_report_fy_ending_6.30.2017.pdf,atr,nodes,ERROR
Georgetown,2018,https://www.georgetownma.gov/sites/g/files/vyhlif616/f/uploads/annual_town_report_2018.pdf,atr,nodes,ERROR
Georgetown,2018,https://www.georgetownma.gov/sites/georgetownma/files/uploads/glannualreport2018.pdf,atr,nodes,ERROR
Georgetown,2018,https://www.georgetownma.gov/sites/georgetownma/files/uploads/november_6_2018-final_election_results.pdf,result,catalog,ERROR
Georgetown,2019,https://www.georgetownma.gov/sites/g/files/vyhlif616/f/uploads/2019_annual_report_0.pdf,atr,nodes,ERROR
Georgetown,2019,https://www.georgetownma.gov/sites/g/files/vyhlif616/f/uploads/annual_town_report_fy_2019_0.pdf,atr,nodes,ERROR
Georgetown,2020,https://georgetownma.gov/government/boards___commissions/recreational_path_committee/Document Center/Government/Boards & Commissions/Recreational Path Committee/fy_2020_recpath.pdf?t=202306300850370,atr,nodes,ERROR
Georgetown,2020,https://www.georgetownma.gov/sites/g/files/vyhlif616/f/uploads/annual_town_report_2020.pdf,atr,nodes,ERROR
Princeton,2004,http://town.princeton.ma.us/Annual%20Report/2004/2004TownReport.pdf,atr,nodes,ERROR
Princeton,2004,http://town.princeton.ma.us/Annual%20Report/2004/CultureRecreation.pdf,atr,nodes,ERROR
Princeton,2004,http://town.princeton.ma.us/Annual%20Report/2004/Dedication.pdf,atr,nodes,ERROR
Princeton,2004,http://town.princeton.ma.us/Annual%20Report/2004/EducationK8.pdf,atr,nodes,ERROR
Princeton,2004,http://town.princeton.ma.us/Annual%20Report/2004/FactsFigures.pdf,atr,nodes,ERROR
Princeton,2004,http://town.princeton.ma.us/Annual%20Report/2004/FinancialMgmt.pdf,atr,nodes,ERROR
Princeton,2004,http://town.princeton.ma.us/Annual%20Report/2004/GeneralGovt.pdf,atr,nodes,ERROR
Princeton,2004,http://town.princeton.ma.us/Annual%20Report/2004/HumanServices.pdf,atr,nodes,ERROR
Princeton,2004,http://town.princeton.ma.us/Annual%20Report/2004/Memoriam.pdf,atr,nodes,ERROR
Princeton,2004,http://town.princeton.ma.us/Annual%20Report/2004/PlanningEnvironment.pdf,atr,nodes,ERROR
Princeton,2004,http://town.princeton.ma.us/Annual%20Report/2004/Profile.pdf,atr,nodes,ERROR
Princeton,2004,http://town.princeton.ma.us/Annual%20Report/2004/PublicSafety.pdf,atr,nodes,ERROR
Princeton,2004,http://town.princeton.ma.us/Annual%20Report/2004/PublicWorks.pdf,atr,nodes,ERROR
Princeton,2004,http://town.princeton.ma.us/Annual%20Report/2004/TownClerk.pdf,atr,nodes,ERROR
Princeton,2004,http://town.princeton.ma.us/Annual%20Report/2004/TownClerkElectionsMeetings.pdf,atr,nodes,ERROR
Boylston,2004,http://www.boylston-ma.gov/Pages/BoylstonMA_BComm/Annual-Report-fiscal-year-2004.pdf,atr,nodes,ERROR
Boylston,2005,http://www.boylston-ma.gov/Pages/BoylstonMA_BComm/Annual-Report-fiscal-year-2005.pdf,atr,nodes,ERROR
Boylston,2006,http://www.boylston-ma.gov/Pages/BoylstonMA_BComm/Annual-Report-fiscal-year-2006.pdf,atr,nodes,ERROR
Boylston,2016,http://www.boylston-ma.gov/sites/boylstonma/files/uploads/election_results_2016.pdf,result,catalog,ERROR
Boylston,2016,https://www.boylston-ma.gov/sites/g/files/vyhlif4171/f/uploads/2016_annual_report.pdf,atr,nodes,ERROR
Boylston,2017,https://www.boylston-ma.gov/sites/g/files/vyhlif4171/f/uploads/2017_annual_town_report.pdf,atr,nodes,ERROR
Boylston,2018,https://www.boylston-ma.gov/sites/g/files/vyhlif4171/f/uploads/official_town_report_2018_-_final.pdf,atr,nodes,ERROR
Boylston,2019,https://www.boylston-ma.gov/sites/g/files/vyhlif4171/f/uploads/offical_annual_town_report_2019.pdf,atr,nodes,ERROR
Hadley,2011,http://www.hadleyma.org/pages/HadleyMA_BComm/Select/2011TownReport.pdf,atr,nodes,ERROR
Hadley,2012,http://www.hadleyma.org/pages/HadleyMA_BComm/Select/2012TownReport.pdf,atr,nodes,ERROR
Hadley,2013,http://www.hadleyma.org/pages/HadleyMA_BComm/Select/2013TownReport.pdf,atr,nodes,ERROR
Hadley,2014,http://www.hadleyma.org/pages/HadleyMA_BComm/Select/2014TownReport.pdf,atr,nodes,ERROR
Worcester,2009,http://www.worcesterma.gov:80/uploads/1d/f6/1df6dc09d66ff334749b4beee0927fdf/2009-annual-report.pdf,atr,nodes,ERROR
Worcester,2010,http://www.worcesterma.gov:80/election-results/2010-Present/20130625.pdf,result,catalog,ERROR
Worcester,2010,http://www.worcesterma.gov:80/election-results/2010-Present/20130910.pdf,result,catalog,ERROR
Worcester,2011,http://www.worcesterma.gov:80/uploads/78/80/788007445e6f0a4095c1c15f22571afa/2011-annual-report.pdf,atr,nodes,ERROR
Brimfield,2018,http://brimfieldma.org:80/Pages/BrimfieldMA_Clerk/Brimfield%20MA%2011.6.2018%20Election%20Results.pdf,result,catalog,ERROR
Rockport,2015,http://www.rockportma.gov:80/sites/rockportma/files/uploads/hac_2015_annual_report.pdf,atr,nodes,ERROR
Marlborough,2001,http://marlborough-ma.gov/Gen/MarlboroughMA_CityClerks/Municipal%20Election%20Results/2001-11-06%20-%20Municipal%20Election%20Results.pdf,result,catalog,ERROR
Marlborough,2001,http://marlborough-ma.gov/Gen/MarlboroughMA_CityClerks/Municipal%20Election%20Results/2001-11-27%20-%20RECOUNT%20of%20%20Municipal%20Election%20Results.pdf,result,catalog,ERROR
Marlborough,2001,https://marlborough-ma.gov/ImageRepository/Document?documentID=44,result,catalog,NOT_PDF
Marlborough,2003,http://marlborough-ma.gov/Gen/MarlboroughMA_CityClerks/Municipal%20Election%20Results/2003-10-07%20-%20PRELIMINARY%20Municipal%20Election%20Results.pdf,result,catalog,ERROR
Marlborough,2003,http://marlborough-ma.gov/Gen/MarlboroughMA_CityClerks/Municipal%20Election%20Results/2003-11-04%20-%20Municipal%20Election%20Results.pdf,result,catalog,ERROR
Marlborough,2005,http://marlborough-ma.gov/Gen/MarlboroughMA_CityClerks/Municipal%20Election%20Results/2005-10-04%20-%20PRELIMINARY%20Municipal%20Election%20Results.pdf,result,catalog,ERROR
Marlborough,2005,http://marlborough-ma.gov/Gen/MarlboroughMA_CityClerks/Municipal%20Election%20Results/2005-11-01%20-%20Municipal%20Election%20Results.pdf,result,catalog,ERROR
Marlborough,2005,https://www.marlborough-ma.gov/sites/g/files/vyhlif7576/f/uploads/2005-11-01_-_municipal_election_results.pdf,result,catalog,ERROR
Marlborough,2007,http://marlborough-ma.gov/Gen/MarlboroughMA_CityClerks/Municipal%20Election%20Results/2007-11-06%20-%20Municipal%20Election%20Results.pdf,result,catalog,ERROR
Marlborough,2007,https://www.marlborough-ma.gov/sites/g/files/vyhlif7576/f/uploads/2007-11-06_-_municipal_election_results.pdf,result,catalog,ERROR
Marlborough,2008,http://marlborough-ma.gov/Gen/MarlboroughMA_CityClerks/Municipal%20Election%20Results/2008-05-06%20-%20Special%20Municipal%20Ward%205%20Election%20Results.pdf,result,catalog,ERROR
Marlborough,2009,http://marlborough-ma.gov/Gen/MarlboroughMA_CityClerks/Municipal%20Election%20Results/2009-10-06%20-%20PRELIMINARY%20Municipal%20Election%20Results.pdf,result,catalog,ERROR
Marlborough,2009,http://marlborough-ma.gov/Gen/MarlboroughMA_CityClerks/Municipal%20Election%20Results/2009-11-03%20-%20Municipal%20Election%20Results.pdf,result,catalog,ERROR
Marlborough,2009,http://www.marlborough-ma.gov/Gen/MarlboroughMA_PubLibrary/flyers/2009AnnualReport.pdf,atr,nodes,ERROR
Marlborough,2009,"http://www.marlborough-ma.gov/gen/MarlboroughMA_Announcemt/October%206,%202009%20Preliminary%20Municipal%20Election%20Results.pdf",result,catalog,ERROR
Marlborough,2009,"http://www.marlborough-ma.gov/gen/MarlboroughMA_Announcemt/Official%20November%203,%202009%20Municipal%20Election%20Results.pdf",result,catalog,ERROR
Marlborough,2009,"http://www.marlborough-ma.gov/gen/MarlboroughMA_Announcemt/Unofficial%20November%203,%202009%20Municipal%20Election%20Results.pdf",result,catalog,ERROR
Marlborough,2010,http://marlborough-ma.gov/Gen/MarlboroughMA_CityClerks/Municipal%20Election%20Results/2010-06-15%20-%20%20Special%20PRELIMINARY%20Municipal%20Ward%204%20Election.pdf,result,catalog,ERROR
Marlborough,2010,http://marlborough-ma.gov/Gen/MarlboroughMA_CityClerks/Municipal%20Election%20Results/2010-07-13%20Special%20Municipal%20Ward%204%20Election%20Results.pdf,result,catalog,ERROR
Marlborough,2010,http://www.marlborough-ma.gov/Res/hlthissues/MarlboroughMA_PubLibrary/flyers/2010AnnualReport.pdf,atr,nodes,ERROR
Marlborough,2010,http://www.marlborough-ma.gov/gen/MarlboroughMA_Announcemt/OFFICIAL%202010%20%20Municipal%20Ward%204%20Prel.%20Election%20Results.pdf,result,catalog,ERROR
Marlborough,2010,http://www.marlborough-ma.gov/gen/marlboroughma_publibrary/flyers/2010AnnualReport.pdf,atr,nodes,ERROR
Marlborough,2011,http://marlborough-ma.gov/Gen/MarlboroughMA_CityClerks/Municipal%20Election%20Results/2011-10-04%20-%20PRELIMINARY%20Municipal%20Election%20Results.pdf,result,catalog,ERROR
Marlborough,2011,http://marlborough-ma.gov/Gen/MarlboroughMA_CityClerks/Municipal%20Election%20Results/2011-11-01%20-%20Municipal%20Election%20Results.pdf,result,catalog,ERROR
Marlborough,2011,"http://www.marlborough-ma.gov/gen/MarlboroughMA_Announcemt/Official%20Municipal%20Election%20Results,%20November%201,%202011.pdf",result,catalog,ERROR
Marlborough,2011,https://www.marlborough-ma.gov/sites/g/files/vyhlif7576/f/uploads/2011-11-01_-_municipal_election_results.pdf,result,catalog,ERROR
Marlborough,2013,http://marlborough-ma.gov/Gen/MarlboroughMA_CityClerks/Municipal%20Election%20Results/2013-11-05%20-%20Municipal%20Election%20Results.pdf,result,catalog,ERROR
Marlborough,2013,https://www.marlborough-ma.gov/sites/g/files/vyhlif3411/f/uploads/official_november_5_2013_biennial_municipal_election_results.pdf,result,catalog,ERROR
Marlborough,2015,http://marlborough-ma.gov/Gen/MarlboroughMA_CityClerks/Municipal%20Election%20Results/2015-10-06%20-%20PRELIMINARY%20Municipal%20Election%20Results.pdf,result,catalog,ERROR
Marlborough,2015,http://marlborough-ma.gov/Gen/MarlboroughMA_CityClerks/Municipal%20Election%20Results/2015-11-03%20-%20Municipal%20Election%20Results.pdf,result,catalog,ERROR
Walpole,2013,http://www.walpole-ma.gov/sites/walpolema/files/file/file/2013_town_election_results.pdf,result,catalog,ERROR
Walpole,2013,http://www.walpole-ma.gov/sites/walpolema/files/file/file/2013_trustees_annual_town_report.pdf,atr,nodes,ERROR
Walpole,2013,http://www.walpole-ma.gov/sites/walpolema/files/file/file/whc_annual_report_2013.pdf,atr,nodes,ERROR
Walpole,2013,https://www.walpole-ma.gov/sites/g/files/vyhlif1381/f/file/file/2013_trustees_annual_town_report.pdf,atr,nodes,ERROR
Walpole,2014,http://www.walpole-ma.gov/sites/walpolema/files/file/file/2014_final_town_report.pdf,atr,nodes,ERROR
Walpole,2014,http://www.walpole-ma.gov/sites/walpolema/files/file/file/2014_trustees_annual_town_report.pdf,atr,nodes,ERROR
Walpole,2014,http://www.walpole-ma.gov/sites/walpolema/files/file/file/september_2014_primary_results_by_precinct_0.pdf,result,catalog,ERROR
Walpole,2014,http://www.walpole-ma.gov/sites/walpolema/files/file/file/town_election_results_june_2014_0.pdf,result,catalog,ERROR
Walpole,2014,https://www.walpole-ma.gov/sites/g/files/vyhlif12086/f/file/file/2014_final_town_report.pdf,atr,nodes,ERROR
Walpole,2014,https://www.walpole-ma.gov/sites/g/files/vyhlif1381/f/file/file/2014_trustees_annual_town_report.pdf,atr,nodes,ERROR
Walpole,2015,http://www.walpole-ma.gov/sites/walpolema/files/file/file/final_town_annual_election_results_june_6_2015.pdf,result,catalog,ERROR
Walpole,2015,http://www.walpole-ma.gov/sites/walpolema/files/file/file/june_2015_town_election_results.pdf,result,catalog,ERROR
Walpole,2015,https://www.walpole-ma.gov/sites/g/files/vyhlif1381/f/file/file/2015_trustees_annual_town_report.pdf,atr,nodes,ERROR
Walpole,2016,http://www.walpole-ma.gov/sites/walpolema/files/file/file/2016.06.04_annual_town_election_results_0.pdf,result,catalog,ERROR
Walpole,2016,https://www.walpole-ma.gov/sites/g/files/vyhlif1381/f/file/file/2016_trustees_annual_town_report.pdf,atr,nodes,ERROR
Walpole,2017,https://www.walpole-ma.gov/sites/g/files/vyhlif12086/f/file/file/2017_annual_town_report.pdf,atr,nodes,ERROR
Walpole,2017,https://www.walpole-ma.gov/sites/g/files/vyhlif1381/f/uploads/2017_trustees_annual_town_report_-_revised.pdf,atr,nodes,ERROR
Walpole,2017,https://www.walpole-ma.gov/sites/walpolema/files/file/file/2017_annual_town_report.pdf,atr,nodes,ERROR
Walpole,2018,https://www.walpole-ma.gov/sites/g/files/vyhlif12086/f/uploads/2018_town_report_-_final.pdf,atr,nodes,ERROR
Walpole,2018,https://www.walpole-ma.gov/sites/g/files/vyhlif1381/f/pages/2018_board_of_library_trustees_annual_town_report.pdf,atr,nodes,ERROR
Walpole,2018,https://www.walpole-ma.gov/sites/g/files/vyhlif1381/f/uploads/2018_town_report_-_final.pdf,atr,nodes,ERROR
Walpole,2019,https://www.walpole-ma.gov/sites/g/files/vyhlif12086/f/uploads/2019_town_report_rev.pdf,atr,nodes,ERROR
Walpole,2019,https://www.walpole-ma.gov/sites/g/files/vyhlif1381/f/pages/2019_board_of_library_trustees_annual_town_report.pdf,atr,nodes,ERROR
Walpole,2019,https://www.walpole-ma.gov/sites/g/files/vyhlif1381/f/pages/town_of_walpole_2019-20_annual_report9-22-20.pdf,atr,nodes,ERROR
Walpole,2019,https://www.walpole-ma.gov/sites/g/files/vyhlif1381/f/uploads/2019_town_report.pdf,atr,nodes,ERROR
Walpole,2019,https://www.walpole-ma.gov/sites/g/files/vyhlif1381/f/uploads/2019_town_report_rev.pdf,atr,nodes,ERROR
Walpole,2020,https://www.walpole-ma.gov/sites/g/files/vyhlif12086/f/uploads/2020_town_report.pdf,atr,nodes,ERROR
Walpole,2020,https://www.walpole-ma.gov/sites/g/files/vyhlif1381/f/pages/2020_board_of_library_trustees_annual_town_report.pdf,atr,nodes,ERROR
Walpole,2020,https://www.walpole-ma.gov/sites/g/files/vyhlif1381/f/uploads/2020_town_report.pdf,atr,nodes,ERROR
Tyngsborough,2011,http://www.tyngsboroughma.gov/download/documents/2011/2009%20Annual%20Town%20Reports.pdf,atr,nodes,ERROR
Tyngsborough,2011,http://www.tyngsboroughma.gov/download/documents/2011/2010%20annual%20report.pdf,atr,nodes,ERROR
Tyngsborough,2011,http://www.tyngsboroughma.gov/download/documents/2011/2011%20Annual%20Town%20Report.pdf,atr,nodes,ERROR
Tyngsborough,2013,http://www.tyngsboroughma.gov/download/documents/2013/2012_AnnualTownReport.pdf,atr,nodes,ERROR
Tyngsborough,2014,http://www.tyngsboroughma.gov/download/documents/2014/2013_AnnualTownReport.pdf,atr,nodes,ERROR
Tyngsborough,2015,http://www.tyngsboroughma.gov/download/documents/2015/2014_AnnualTownReport.pdf,atr,nodes,ERROR
Tyngsborough,2015,http://www.tyngsboroughma.gov/download/documents/2015/2015ElectionResults.pdf,result,catalog,ERROR
Tyngsborough,2016,http://www.tyngsboroughma.gov/wpress/wp-content/uploads/2016/03/2016-Annual-Town-Election-Results-Final.pdf,result,catalog,ERROR
Tyngsborough,2016,http://www.tyngsboroughma.gov/wpress/wp-content/uploads/2016/11/2016-11-08-Preliminary-Election-Results.pdf,result,catalog,ERROR
Tewksbury,2010,http://www.tewksbury-ma.gov/sites/tewksburyma/files/u166/2010_annual_report.pdf,atr,nodes,ERROR
Tewksbury,2012,http://www.tewksbury-ma.gov/Pages/TewksburyMA_BComm/BOS/Annual_Reports/2012.pdf,atr,nodes,ERROR
Tewksbury,2012,http://www.tewksbury-ma.gov/sites/tewksburyma/files/file/file/annualtownelection2012totaltallyofficial.pdf,result,catalog,ERROR
Tewksbury,2013,http://www.tewksbury-ma.gov/sites/tewksburyma/files/file/file/4.6.2013annualtownelectionresults.pdf,result,catalog,ERROR
Tewksbury,2014,http://www.tewksbury-ma.gov/sites/tewksburyma/files/file/file/4.5.2014_annual_town_election_results.pdf,result,catalog,ERROR
Tewksbury,2015,http://www.tewksbury-ma.gov/sites/tewksburyma/files/4.11.2015_annual_town_election_results.pdf,result,catalog,ERROR
Tewksbury,2015,http://www.tewksbury-ma.gov/sites/tewksburyma/files/u156/2015_annual_report.pdf,atr,nodes,ERROR
Tewksbury,2015,http://www.tewksbury-ma.gov/sites/tewksburyma/files/u166/cpc_2015_annual_report_draft.pdf,atr,nodes,ERROR
Tewksbury,2015,http://www.tewksbury-ma.gov/sites/tewksburyma/files/u86/copy_of_copy_of_4.11.2015_annual_town_election_results.pdf,result,catalog,ERROR
Tewksbury,2015,https://www.tewksbury-ma.gov/sites/g/files/vyhlif1316/f/u156/2015_annual_report.pdf,atr,nodes,ERROR
Tewksbury,2016,http://www.tewksbury-ma.gov/sites/tewksburyma/files/file/file/cpc_2016_annual_report_2.pdf,atr,nodes,ERROR
Tewksbury,2016,http://www.tewksbury-ma.gov/sites/tewksburyma/files/u166/cpc_2016_annual_report_2.pdf,atr,nodes,ERROR
Tewksbury,2016,https://www.tewksbury-ma.gov/sites/g/files/vyhlif1316/f/u156/_annual_report_2016.pdf,atr,nodes,ERROR
Tewksbury,2016,https://www.tewksbury-ma.gov/sites/g/files/vyhlif1316/f/u156/_annual_report_2016_0.pdf,atr,nodes,ERROR
Tewksbury,2020,https://www.tewksbury-ma.gov/sites/g/files/vyhlif1316/f/uploads/2020_annual_town_report_-_final.pdf,atr,nodes,ERROR
Mansfield,2000,http://www.mansfieldma.com:80/ha/images/2000%20Annual%20Report.pdf,atr,nodes,ERROR
Mansfield,2001,http://www.mansfieldma.com:80/ha/images/2001%20Annual%20Report.pdf,atr,nodes,ERROR
Mansfield,2002,http://www.mansfieldma.com:80/clerk/downloads/Annual_Report_2002.pdf,atr,nodes,ERROR
Mansfield,2002,http://www.mansfieldma.com:80/ha/images/2002%20Annual%20Report.pdf,atr,nodes,ERROR
Mansfield,2003,http://www.mansfieldma.com:80/clerk/downloads/Annual_Report_2003.pdf,atr,nodes,ERROR
Mansfield,2003,http://www.mansfieldma.com:80/ha/images/2003%20Annual%20Report.pdf,atr,nodes,ERROR
Mansfield,2004,http://www.mansfieldma.com:80/clerk/downloads/Annual_Report_2004.pdf,atr,nodes,ERROR
Mansfield,2004,http://www.mansfieldma.com:80/ha/images/2004%20Annual%20Report.pdf,atr,nodes,ERROR
Mansfield,2005,http://www.mansfieldma.com:80/clerk/downloads/Annual_Report_2005.pdf,atr,nodes,ERROR
Mansfield,2005,http://www.mansfieldma.com:80/ha/images/2005%20Annual%20Report.pdf,atr,nodes,ERROR
Mansfield,2005,http://www.mansfieldma.com:80/town%20clerk/downloads/Annual_Report_2005.pdf,atr,nodes,ERROR
Beverly,2010,http://www.beverlyma.gov/docs/news/FY-2010-Annual-Report.pdf,atr,nodes,ERROR
Beverly,2013,http://www.beverlyma.gov/wp-content/uploads/2013/12/Annual-Report-FY09.pdf,atr,nodes,ERROR
Beverly,2014,http://www.beverlyma.gov/wp-content/uploads/2014/10/License-Board-Annual-Report-2012-2.14.13.pdf,atr,nodes,ERROR
Beverly,2014,http://www.beverlyma.gov/wp-content/uploads/2014/11/Unofficial-Results-November-4-2014-Election.pdf,result,catalog,ERROR
Grafton,2009,http://www.grafton-ma.gov:80/Public_Documents/GraftonMA_Admin/Annual%20Town%20Report/Annual_Town_Report_2009.pdf,atr,nodes,ERROR
Grafton,2011,http://www.grafton-ma.gov:80/Public_Documents/GraftonMA_Admin/Annual%20Town%20Report/TownReport2011.pdf,atr,nodes,ERROR
Grafton,2012,"http://www.grafton-ma.gov:80/Public_Documents/GraftonMA_Clerk/Official%20Results%20For%20May%2015,%202012%20Town%20Election.PDF",result,catalog,ERROR
Grafton,2012,http://www.grafton-ma.gov:80/sites/graftonma/files/uploads/together_we_can_annual_report_2012.pdf,atr,nodes,ERROR
Grafton,2014,http://www.grafton-ma.gov:80/sites/graftonma/files/uploads/bos_town_report_2014.pdf,atr,nodes,ERROR
Winchester,2001,http://www.winchester.us:80/Downloads/Selectmen/2001%20Annual%20Report.pdf,atr,nodes,ERROR
Winchester,2002,http://www.winchester.us:80/Downloads/Selectmen/2002%20Annual%20Report.pdf,atr,nodes,ERROR
Winchester,2003,http://www.winchester.us:80/PublicationsForms/2003%20Annual%20Report.pdf,atr,nodes,ERROR
Winchester,2006,http://www.winchester.us:80/Downloads/TownClerk/2006TownwideTally.pdf,result,catalog,ERROR
Bridgewater,2001,http://www.bridgewaterma.org:80/Government/TransportationManagement/AnnualReportTMA2001.pdf,atr,nodes,ERROR
Bridgewater,2006,http://www.bridgewaterma.org:80/Government/TownElection/2006/042206Results.pdf,result,catalog,ERROR
Billerica,2018,https://billerica.gov/wp-content/uploads/2018/10/Spring-2018-Town-Meeting-2018-Annual-Report-Final.pdf,atr,nodes,ERROR
Richmond,2016,http://www.richmondma.org:80/vertical/sites/%7B9DC0A798-F1C3-4B1E-8269-2CF29B5BB3F8%7D/uploads/Richmond_Town_Report_2016_web.pdf,atr,nodes,ERROR
Belmont,2005,http://www.belmont-ma.gov/sites/belmontma/files/file/file/2005aprilelectionresults.pdf,result,catalog,ERROR
Belmont,2005,https://www.belmont-ma.gov/sites/belmontma/files/file/file/2005novemberelectionresults.pdf,result,catalog,ERROR
Belmont,2006,https://www.belmont-ma.gov/sites/belmontma/files/file/file/2006novemberelectionresults.pdf,result,catalog,ERROR
Belmont,2007,http://www.belmont-ma.gov/sites/belmontma/files/file/file/2007aprilelectionresults.pdf,result,catalog,ERROR
Belmont,2007,http://www.belmont-ma.gov/sites/belmontma/files/file/file/epa_annual_report_2007_0.pdf,atr,nodes,ERROR
Belmont,2007,https://www.belmont-ma.gov/sites/belmontma/files/file/file/epa_annual_report_2007.pdf,atr,nodes,ERROR
Belmont,2008,http://www.belmont-ma.gov/sites/belmontma/files/file/file/2008aprilelectionresults.pdf,result,catalog,ERROR
Belmont,2008,http://www.belmont-ma.gov/sites/belmontma/files/file/file/2008novemberelectionresults.pdf,result,catalog,ERROR
Belmont,2009,http://www.belmont-ma.gov/sites/belmontma/files/file/file/2009aprilelectionresults.pdf,result,catalog,ERROR
Belmont,2009,http://www.belmont-ma.gov/sites/belmontma/files/file/file/npdes_annual_report_2009.pdf,atr,nodes,ERROR
Belmont,2009,https://www.belmont-ma.gov/sites/belmontma/files/file/file/2009annualreport.pdf,atr,nodes,ERROR
Belmont,2009,https://www.belmont-ma.gov/sites/belmontma/files/file/file/2009decemberprimaryresultsprecincts.pdf,result,catalog,ERROR
Belmont,2009,https://www.belmont-ma.gov/sites/belmontma/files/file/file/2009junewellingtonelectionresults.pdf,result,catalog,ERROR
Belmont,2010,http://www.belmont-ma.gov/sites/belmontma/files/file/file/2010aprilunofficialelectionresultsbyprecinct.pdf,result,catalog,ERROR
Belmont,2010,http://www.belmont-ma.gov/sites/belmontma/files/file/file/2010novemberofficialresultsbyprecincts.pdf,result,catalog,ERROR
Belmont,2010,http://www.belmont-ma.gov/sites/belmontma/files/file/file/npdes_annual_report_2010.pdf,atr,nodes,ERROR
Belmont,2010,http://www.belmont-ma.gov/sites/belmontma/files/file/file/npdes_annual_report_2010_0.pdf,atr,nodes,ERROR
Belmont,2010,https://www.belmont-ma.gov/sites/belmontma/files/file/file/2010annualreport.pdf,atr,nodes,ERROR
Belmont,2011,http://www.belmont-ma.gov/sites/belmontma/files/file/file/2011annualreport.pdf,atr,nodes,ERROR
Belmont,2011,https://www.belmont-ma.gov/sites/belmontma/files/file/file/2011aprilelectionresultsbyprecinct.pdf,result,catalog,ERROR
Belmont,2012,http://www.belmont-ma.gov/sites/belmontma/files/file/file/2012aprilelectionresultsbyprecinct.pdf,result,catalog,ERROR
Belmont,2012,http://www.belmont-ma.gov/sites/belmontma/files/file/file/annual_report_fy2012.pdf,atr,nodes,ERROR
Belmont,2012,http://www.belmont-ma.gov/sites/belmontma/files/file/file/npdes_2012_annual_report.pdf,atr,nodes,ERROR
Belmont,2012,http://www.belmont-ma.gov/sites/belmontma/files/file/file/npdes_annual_report_2012_0.pdf,atr,nodes,ERROR
Belmont,2012,https://www.belmont-ma.gov/sites/belmontma/files/file/file/2012-3-6_official_results_by_precinct.pdf,result,catalog,ERROR
Belmont,2012,https://www.belmont-ma.gov/sites/belmontma/files/file/file/2012annualreport.pdf,atr,nodes,ERROR
Belmont,2012,https://www.belmont-ma.gov/sites/belmontma/files/file/file/npdes_annual_report_2012.pdf,atr,nodes,ERROR
Belmont,2013,http://www.belmont-ma.gov/sites/belmontma/files/file/file/2013annualreport.pdf,atr,nodes,ERROR
Belmont,2013,http://www.belmont-ma.gov/sites/belmontma/files/file/file/2013aprilofficialtownelectionresultsbyprecinct.pdf,result,catalog,ERROR
Belmont,2013,https://www.belmont-ma.gov/sites/g/files/vyhlif6831/f/file/file/2013annualreport.pdf,atr,nodes,ERROR
Belmont,2014,http://www.belmont-ma.gov/sites/belmontma/files/file/file/2014aprilofficialelectionresultsbyprecinct.pdf,result,catalog,ERROR
Belmont,2015,https://www.belmont-ma.gov/sites/belmontma/files/file/file/2015-04-07_local_election_official_results_1.pdf,result,catalog,ERROR
Belmont,2016,https://www.belmont-ma.gov/sites/belmontma/files/file/file/2016-03-01_pres_primary_official_results_by_precinct_0.pdf,result,catalog,ERROR
Belmont,2016,https://www.belmont-ma.gov/sites/belmontma/files/file/file/2016-09-20_minuteman_election_official_results_0.pdf,result,catalog,ERROR
Belmont,2017,https://www.belmont-ma.gov/sites/g/files/vyhlif12826/f/u736/final_-_town_of_belmont_annual_report_-_4-28-2017-_with_treasurer.pdf,atr,nodes,ERROR
Belmont,2018,https://www.belmont-ma.gov/sites/g/files/vyhlif12826/f/uploads/2018_annual_report_-_with_covers.pdf,atr,nodes,ERROR
Belmont,2020,https://www.belmont-ma.gov/sites/g/files/vyhlif12826/f/uploads/annual_report_2020_for_web_viewing.pdf,atr,nodes,ERROR
Belmont,2020,https://www.belmont-ma.gov/sites/g/files/vyhlif2801/f/uploads/2020-06-23_town_election_official_results.pdf,result,catalog,ERROR
Belmont,2020,https://www.belmont-ma.gov/sites/g/files/vyhlif6831/f/uploads/2020-11-03_belmont_official_results_by_precinct_0.pdf,result,catalog,ERROR
Bedford,2007,http://www.bedfordma.gov/sites/bedfordma/files/file/file/2007_annual_report.pdf,atr,nodes,ERROR
Bedford,2007,https://www.bedfordma.gov/sites/g/files/vyhlif6866/f/file/file/2007_annual_report.pdf,atr,nodes,ERROR
Bedford,2008,http://bedfordma.gov/dmdocuments/2008%20Trails%20Committee%20Annual%20Report.pdf,atr,nodes,ERROR
Bedford,2008,http://www.bedfordma.gov/sites/bedfordma/files/file/file/2008_annual_report.pdf,atr,nodes,ERROR
Bedford,2008,https://www.bedfordma.gov/sites/g/files/vyhlif6866/f/file/file/2008_annual_report.pdf,atr,nodes,ERROR
Bedford,2009,http://bedfordma.gov/dmdocuments/2009%20Trails%20Committee%20Annual%20Report.pdf,atr,nodes,ERROR
Bedford,2009,https://www.bedfordma.gov/sites/g/files/vyhlif6866/f/file/file/annual_report_2009_final-updated_2-26-10.pdf,atr,nodes,ERROR
Bedford,2010,http://bedfordma.gov/dmdocuments/2010%20Trails%20Committee%20Annual%20Report.pdf,atr,nodes,ERROR
Bedford,2010,http://www.bedfordma.gov/sites/bedfordma/files/file/file/annual_report_2010_-_website.pdf,atr,nodes,ERROR
Bedford,2011,http://www.bedfordma.gov/sites/bedfordma/files/file/file/annual_report_2011_final.pdf,atr,nodes,ERROR
Bedford,2012,http://www.bedfordma.gov/sites/bedfordma/files/file/file/annual_report_2012_final.pdf,atr,nodes,ERROR
Bedford,2012,http://www.bedfordma.gov/sites/bedfordma/files/file/file/annual_report_2012_final2.pdf,atr,nodes,ERROR
Bedford,2013,http://www.bedfordma.gov/sites/bedfordma/files/file/file/annual_town_report_2013.pdf,atr,nodes,ERROR
Bedford,2013,http://www.bedfordma.gov/sites/bedfordma/files/file/file/annual_town_report_2013_0.pdf,atr,nodes,ERROR
Bedford,2014,http://www.bedfordma.gov/sites/bedfordma/files/file/file/2014_town_of_bedford_annual_report_web_version.pdf,atr,nodes,ERROR
Bedford,2014,http://www.bedfordma.gov/sites/bedfordma/files/file/file/2014_town_of_bedford_annual_report_web_version_0.pdf,atr,nodes,ERROR
Bedford,2015,http://www.bedfordma.gov/sites/bedfordma/files/file/file/2015_annual_report.pdf,atr,nodes,ERROR
Bedford,2015,http://www.bedfordma.gov/sites/bedfordma/files/file/file/2015_town_of_bedford_annual_report_final.pdf,atr,nodes,ERROR
Bedford,2015,http://www.bedfordma.gov/sites/bedfordma/files/file/file/2015_town_of_bedford_annual_report_final_0.pdf,atr,nodes,ERROR
Bedford,2018,https://www.bedfordma.gov/sites/g/files/vyhlif2781/f/uploads/2018annual_report.pdf,atr,nodes,ERROR
Bedford,2019,https://www.bedfordma.gov/sites/g/files/vyhlif6866/f/pages/annualreport_2019_complete_ocrmissing.pdf,atr,nodes,ERROR
Bedford,2020,https://www.bedfordma.gov/sites/g/files/vyhlif2781/f/news/2020.11.03_tally_sheet_0.pdf,result,catalog,ERROR
Medfield,2017,https://town.medfield.net/DocumentCenter/View/1453,result,catalog,NOT_PDF
Saugus,2012,http://www.saugus-ma.gov/sites/saugusma/files/uploads/fy_2012_annual_report_-_board_of_assessors.pdf,atr,nodes,ERROR
Saugus,2012,https://www.saugus-ma.gov/sites/g/files/vyhlif1181/f/uploads/fy_2012_annual_report_-_board_of_assessors.pdf,atr,nodes,ERROR
Saugus,2015,http://www.saugus-ma.gov/sites/saugusma/files/uploads/official_election_results_11-3-2015.pdf,result,catalog,ERROR
Saugus,2015,http://www.saugus-ma.gov/sites/saugusma/files/uploads/recall_election_results_3-17-2015.pdf,result,catalog,ERROR
Saugus,2016,http://www.saugus-ma.gov/sites/saugusma/files/uploads/election_results_11-8-2016.pdf,result,catalog,ERROR
Saugus,2016,http://www.saugus-ma.gov/sites/saugusma/files/uploads/precinct_1_results_summary_3-1-2016.pdf,result,catalog,ERROR
Saugus,2016,http://www.saugus-ma.gov/sites/saugusma/files/uploads/precincts_2-10_results_summary_3-1-2016.pdf,result,catalog,ERROR
Somerset,2014,http://www.townofsomerset.org/sites/somersetma/files/uploads/tally-sheet-nov-4-2014.pdf,result,catalog,ERROR
Somerset,2014,https://www.townofsomerset.org/sites/g/files/vyhlif3821/f/uploads/tally-sheet-nov-4-2014.pdf,result,catalog,ERROR
Somerset,2016,http://www.townofsomerset.org/sites/somersetma/files/uploads/town_elections_2016_results_0.pdf,result,catalog,ERROR
Somerset,2016,https://www.townofsomerset.org/sites/g/files/vyhlif3821/f/uploads/town_elections_2016_results_0.pdf,result,catalog,ERROR
Somerset,2018,https://www.townofsomerset.org/sites/g/files/vyhlif3821/f/uploads/tally_sheet_all_parties_sp_2018.pdf,result,catalog,ERROR
Somerset,2018,https://www.townofsomerset.org/sites/g/files/vyhlif3821/f/uploads/tally_sheet_all_parties_sp_2018_0.pdf,result,catalog,ERROR
Somerset,2020,https://www.townofsomerset.org/sites/g/files/vyhlif3821/f/uploads/tally_sheet_all_parties_sp_2020_with_vi_and_uocava_0.pdf,result,catalog,ERROR
Dighton,2012,http://www.dighton-ma.gov/public_documents/dightonma_bcomm/2012%20Annual%20Report.pdf,atr,nodes,ERROR
Hanover,2009,http://www.hanover-ma.gov:80/pdf/forms/town/Hanover-Annual-Report-FY-2009.pdf,atr,nodes,ERROR
Holliston,2014,http://www.townofholliston.us:80/sites/hollistonma/files/file/file/2014_annual_town_report_for_website.pdf,atr,nodes,ERROR
Northfield,2006,http://www.northfieldma.gov/sites/northfieldma/files/uploads/2006_annual_report.pdf,atr,nodes,ERROR
Northfield,2006,https://www.northfieldma.gov/sites/g/files/vyhlif991/f/uploads/2006_annual_report.pdf,atr,nodes,ERROR
Northfield,2007,http://www.northfieldma.gov/sites/northfieldma/files/uploads/2007_annual_report.pdf,atr,nodes,ERROR
Northfield,2007,https://www.northfieldma.gov/sites/g/files/vyhlif991/f/uploads/2007_annual_report.pdf,atr,nodes,ERROR
Northfield,2008,http://www.northfieldma.gov/sites/northfieldma/files/uploads/2008_annual_report.pdf,atr,nodes,ERROR
Northfield,2008,http://www.northfieldma.gov/sites/northfieldma/files/uploads/2008_annual_town_report_0.pdf,atr,nodes,ERROR
Northfield,2008,https://www.northfieldma.gov/sites/g/files/vyhlif991/f/uploads/2008_annual_report.pdf,atr,nodes,ERROR
Northfield,2008,https://www.northfieldma.gov/sites/g/files/vyhlif991/f/uploads/2008_annual_town_report_0.pdf,atr,nodes,ERROR
Northfield,2009,http://www.northfieldma.gov/sites/northfieldma/files/uploads/2009_annual_report.pdf,atr,nodes,ERROR
Northfield,2009,http://www.northfieldma.gov/sites/northfieldma/files/uploads/2009_annual_town_report_0.pdf,atr,nodes,ERROR
Northfield,2009,https://www.northfieldma.gov/sites/g/files/vyhlif991/f/uploads/2009_annual_report.pdf,atr,nodes,ERROR
Northfield,2009,https://www.northfieldma.gov/sites/g/files/vyhlif991/f/uploads/2009_annual_town_report_0.pdf,atr,nodes,ERROR
Northfield,2010,http://www.northfieldma.gov/sites/northfieldma/files/uploads/2010_annual_report.pdf,atr,nodes,ERROR
Northfield,2010,http://www.northfieldma.gov/sites/northfieldma/files/uploads/annual_report_2010.pdf,atr,nodes,ERROR
Northfield,2010,https://www.northfieldma.gov/sites/g/files/vyhlif991/f/uploads/2010_annual_report.pdf,atr,nodes,ERROR
Northfield,2010,https://www.northfieldma.gov/sites/g/files/vyhlif991/f/uploads/annual_report_2010.pdf,atr,nodes,ERROR
Northfield,2011,http://www.northfieldma.gov/sites/northfieldma/files/uploads/2011_annual_report.pdf,atr,nodes,ERROR
Northfield,2011,http://www.northfieldma.gov/sites/northfieldma/files/uploads/2011_annual_report_0.pdf,atr,nodes,ERROR
Northfield,2011,https://www.northfieldma.gov/sites/g/files/vyhlif991/f/uploads/2011_annual_report.pdf,atr,nodes,ERROR
Northfield,2011,https://www.northfieldma.gov/sites/g/files/vyhlif991/f/uploads/2011_annual_report_0.pdf,atr,nodes,ERROR
Northfield,2012,http://www.northfieldma.gov/sites/northfieldma/files/uploads/2012_annual_report.pdf,atr,nodes,ERROR
Northfield,2012,http://www.northfieldma.gov/sites/northfieldma/files/uploads/annual_town_report_2012.pdf,atr,nodes,ERROR
Northfield,2012,http://www.northfieldma.gov/sites/northfieldma/files/uploads/may_8_2012_annual_town_election_results.pdf,result,catalog,ERROR
Northfield,2012,http://www.northfieldma.gov/sites/northfieldma/files/uploads/november_6_2012_election_results.pdf,result,catalog,ERROR
Northfield,2012,https://www.northfieldma.gov/sites/g/files/vyhlif991/f/uploads/2012_annual_report.pdf,atr,nodes,ERROR
Northfield,2012,https://www.northfieldma.gov/sites/g/files/vyhlif991/f/uploads/annual_town_report_2012.pdf,atr,nodes,ERROR
Northfield,2013,http://www.northfieldma.gov/sites/northfieldma/files/uploads/2013_annual_report.pdf,atr,nodes,ERROR
Northfield,2013,http://www.northfieldma.gov/sites/northfieldma/files/uploads/2013_annual_report_0.pdf,atr,nodes,ERROR
Northfield,2013,http://www.northfieldma.gov/sites/northfieldma/files/uploads/results_from_may_7_2013_annual_election.pdf,result,catalog,ERROR
Northfield,2013,https://www.northfieldma.gov/sites/g/files/vyhlif991/f/uploads/2013_annual_report.pdf,atr,nodes,ERROR
Northfield,2013,https://www.northfieldma.gov/sites/g/files/vyhlif991/f/uploads/2013_annual_report_0.pdf,atr,nodes,ERROR
Northfield,2013,https://www.northfieldma.gov/sites/g/files/vyhlif991/f/uploads/results_from_may_7_2013_annual_election.pdf,result,catalog,ERROR
Northfield,2014,http://www.northfieldma.gov/sites/northfieldma/files/uploads/2014_annual_report.pdf,atr,nodes,ERROR
Northfield,2014,http://www.northfieldma.gov/sites/northfieldma/files/uploads/2014_annual_report_0.pdf,atr,nodes,ERROR
Northfield,2014,https://www.northfieldma.gov/sites/g/files/vyhlif991/f/uploads/2014_annual_report.pdf,atr,nodes,ERROR
Northfield,2014,https://www.northfieldma.gov/sites/g/files/vyhlif991/f/uploads/2014_annual_report_0.pdf,atr,nodes,ERROR
Northfield,2015,http://www.northfieldma.gov/sites/northfieldma/files/uploads/2015_annual_report_0.pdf,atr,nodes,ERROR
Northfield,2015,http://www.northfieldma.gov/sites/northfieldma/files/uploads/may_5_2015_election_results.pdf,result,catalog,ERROR
Northfield,2016,http://www.northfieldma.gov/sites/northfieldma/files/uploads/annual_town_election_may_3_2016_results.pdf,result,catalog,ERROR
Northfield,2016,https://www.northfieldma.gov/sites/g/files/vyhlif991/f/uploads/2016_annual_report.pdf,atr,nodes,ERROR
Northfield,2016,https://www.northfieldma.gov/sites/g/files/vyhlif991/f/uploads/5b_annual_town_election_5-3-2016_results.pdf,result,catalog,ERROR
Northfield,2017,https://www.northfieldma.gov/sites/g/files/vyhlif991/f/uploads/2017_annual_town_report_final.pdf,atr,nodes,ERROR
Northfield,2017,https://www.northfieldma.gov/sites/g/files/vyhlif991/f/uploads/4_annual_town_election_may_2_2017_results.pdf,result,catalog,ERROR
Northfield,2018,https://www.northfieldma.gov/sites/g/files/vyhlif991/f/uploads/2018_northfield_annual_town_report.pdf,atr,nodes,ERROR
Northfield,2018,https://www.northfieldma.gov/sites/g/files/vyhlif991/f/uploads/2a_annual_town_election_may_8_2018_results.pdf,result,catalog,ERROR
Northfield,2018,https://www.northfieldma.gov/sites/g/files/vyhlif991/f/uploads/annual_town_election_may_8_2018_results.pdf,result,catalog,ERROR
Northfield,2019,https://www.northfieldma.gov/sites/g/files/vyhlif991/f/uploads/02annual_town_election_may_7_2019_results.pdf,result,catalog,ERROR
Northfield,2019,https://www.northfieldma.gov/sites/g/files/vyhlif991/f/uploads/2019_annual_report_0.pdf,atr,nodes,ERROR
Northfield,2020,https://www.northfieldma.gov/sites/g/files/vyhlif991/f/uploads/2020_annual_report.pdf,atr,nodes,ERROR
Northfield,2020,https://www.northfieldma.gov/sites/g/files/vyhlif991/f/uploads/2020_annual_town_election_results.pdf,result,catalog,ERROR
Lunenburg,2007,http://www.lunenburgma.gov/filestorage/204/216/277/2007_TOWN_REPORT.pdf,atr,nodes,ERROR
Lunenburg,2008,http://lunenburgma.gov/filestorage/188/1176/2008_TOWN_REPORT.pdf,atr,nodes,ERROR
Lunenburg,2009,http://lunenburgma.gov/filestorage/188/1176/2009_Town_Report.pdf,atr,nodes,ERROR
Lunenburg,2009,http://lunenburgma.gov/filestorage/204/216/277/2009_Town_Report.pdf,atr,nodes,ERROR
Lunenburg,2009,http://www.lunenburgma.gov/filestorage/204/840/3327/LPC_Town_Report_2009.pdf,atr,nodes,ERROR
Lunenburg,2010,http://www.lunenburgma.gov/filestorage/204/840/3327/LPC_Town_Report_2010.pdf,atr,nodes,ERROR
Lunenburg,2011,http://lunenburgma.gov/filestorage/188/1176/2011_Annual_Report.pdf,atr,nodes,ERROR
Lunenburg,2011,http://lunenburgma.gov/filestorage/202/240/2011_Town_Report.pdf,atr,nodes,ERROR
Lunenburg,2011,http://www.lunenburgma.gov/filestorage/204/216/Town_Report_2011.pdf,atr,nodes,ERROR
Lunenburg,2012,http://lunenburgma.gov/filestorage/188/1176/2012_Annual_Report.pdf,atr,nodes,ERROR
Lunenburg,2012,http://lunenburgma.gov/filestorage/204/216/Town_Report_2012.pdf,atr,nodes,ERROR
Lunenburg,2012,http://www.lunenburgma.gov/filestorage/77/1234/2012_Lunenburg_Town_Report.pdf,atr,nodes,ERROR
Lunenburg,2013,http://lunenburgma.gov/filestorage/188/1176/2013_Annual_Report.pdf,atr,nodes,ERROR
Lunenburg,2013,http://lunenburgma.gov/filestorage/202/240/6164/Election_Results_April_30%2C_2013_Annual_Town_Election.pdf,result,catalog,ERROR
Lunenburg,2013,http://lunenburgma.gov/filestorage/202/240/6164/Election_Results_June_25%2C_2013_Special_State.pdf,result,catalog,ERROR
Lunenburg,2013,http://www.lunenburgma.gov/filestorage/204/216/Town_Report_2013.pdf,atr,nodes,ERROR
Lunenburg,2013,https://www.lunenburgma.gov/sites/default/files/field/files-docs/election_results_april_30_2013_annual_town_election.pdf,result,catalog,ERROR
Lunenburg,2013,https://www.lunenburgma.gov/sites/default/files/field/files-docs/election_results_june_25_2013_special_state.pdf,result,catalog,ERROR
Lunenburg,2014,http://lunenburgma.gov/filestorage/188/1176/2014_Annual_Report.pdf,atr,nodes,ERROR
Lunenburg,2014,http://lunenburgma.gov/filestorage/202/240/7564/2014_Annual_Town_Election_Official_Vote_Tally_May_17.pdf,result,catalog,ERROR
Lunenburg,2014,http://www.lunenburgma.gov/filestorage/77/1234/2014_Annual_Report.pdf,atr,nodes,ERROR
Lunenburg,2014,https://www.lunenburgma.gov/sites/default/files/field/files-docs/2014_annual_town_election_official_vote_tally_may_17.pdf,result,catalog,ERROR
Lunenburg,2015,http://lunenburgma.gov/filestorage/202/240/9746/2015_Annual_Town_Election_Results.pdf,result,catalog,ERROR
Lunenburg,2015,http://lunenburgma.gov/filestorage/77/1234/2015_ANNUAL_TOWN_REPORT.pdf,atr,nodes,ERROR
Lunenburg,2015,https://www.lunenburgma.gov/sites/default/files/field/files-docs/2015_annual_town_election_results.pdf,result,catalog,ERROR
Lunenburg,2016,https://www.lunenburgma.gov/sites/default/files/field/files-docs/2016_annual_report.pdf,atr,nodes,ERROR
Lunenburg,2017,http://lunenburgma.gov/filestorage/77/1234/2017_ANNUAL_REPORT.pdf,atr,nodes,ERROR
Lunenburg,2018,https://www.lunenburgma.gov/sites/default/files/field/files-docs/nov_6_2018_tally_sheet.pdf,result,catalog,ERROR
Lunenburg,2019,https://www.lunenburgma.gov/sites/default/files/field/files-docs/2019_caucus_results_2.pdf,result,catalog,ERROR
Norton,2012,http://www.nortonma.org/Pages/NortonMA_Clerk/EL%20RESULTS/2012.04.24%20Election%20Results.pdf,result,catalog,ERROR
Norton,2012,http://www.nortonma.org/Pages/NortonMA_Clerk/EL%20RESULTS/2012.04.24%20Results%20voter%20info.pdf,result,catalog,ERROR
Norton,2012,http://www.nortonma.org/Pages/NortonMA_Clerk/EL%20RESULTS/2012.09.06%20voter%20info.pdf,result,catalog,ERROR
Norton,2012,http://www.nortonma.org/Pages/NortonMA_Clerk/EL%20RESULTS/2012.11.06%20voter%20info.pdf,result,catalog,ERROR
Norton,2012,http://www.nortonma.org/sites/nortonma/files/uploads/2012.04.24_election_results.pdf,result,catalog,ERROR
Norton,2012,http://www.nortonma.org/sites/nortonma/files/uploads/2012.04.24_results_voter_info.pdf,result,catalog,ERROR
Norton,2013,http://www.nortonma.org/Pages/NortonMA_Clerk/EL%20RESULTS/2013.04.30%20ATE%20voter%20info.pdf,result,catalog,ERROR
Norton,2013,http://www.nortonma.org/Pages/NortonMA_Clerk/EL%20RESULTS/2013.04.30%20SpStPr%20Voter%20Info.pdf,result,catalog,ERROR
Norton,2013,http://www.nortonma.org/Pages/NortonMA_Clerk/EL%20RESULTS/2013.06.25%20Sp%20St%20voter%20info.pdf,result,catalog,ERROR
Norton,2013,http://www.nortonma.org/sites/nortonma/files/uploads/norton_town_report_2013.pdf,atr,nodes,ERROR
Norton,2013,https://www.nortonma.org/sites/g/files/vyhlif3606/f/uploads/norton_town_report_2013.pdf,atr,nodes,ERROR
Norton,2014,http://www.nortonma.org/Pages/NortonMA_Clerk/EL%20RESULTS/2014.04.29%20ATEvoter%20info.pdf,result,catalog,ERROR
Norton,2014,http://www.nortonma.org/Pages/NortonMA_Clerk/EL%20RESULTS/2014.09.09%20PrimVoterInfo.pdf,result,catalog,ERROR
Norton,2015,http://www.nortonma.org/Pages/NortonMA_Clerk/EL%20RESULTS/2015.04.28%20ATE%20Voter%20Info.pdf,result,catalog,ERROR
Norton,2016,https://www.nortonma.org/sites/nortonma/files/uploads/norton_2016_town_report-web_copy.pdf,atr,nodes,ERROR
Norton,2017,https://www.nortonma.org/sites/nortonma/files/uploads/annual_town_report_norton_2017.pdf,atr,nodes,ERROR
Norton,2020,https://www.nortonma.org/sites/g/files/vyhlif3606/f/pages/2020_lakes_and_ponds_annual_report.pdf,atr,nodes,ERROR
Norton,2020,https://www.nortonma.org/sites/g/files/vyhlif3606/f/uploads/2020_lakes_and_ponds_annual_report.pdf,atr,nodes,ERROR
Norton,2020,https://www.nortonma.org/sites/g/files/vyhlif3606/f/uploads/annual_report_309th_norton_2020_tr-final_final_web_copy.pdf,atr,nodes,ERROR
Chatham,2008,http://chatham-ma.gov/Public_Documents/ChathamMA_Selectmen/2008%20Town%20Report2.pdf,atr,nodes,ERROR
Chatham,2008,http://www.chatham-ma.gov/public_documents/ChathamMA_Manager/2008%20Town%20Report2.pdf,atr,nodes,ERROR
Chatham,2009,http://chatham-ma.gov/Public_Documents/ChathamMA_Selectmen/2009%20Annual%20Town%20Report2.pdf,atr,nodes,ERROR
Chatham,2010,http://chatham-ma.gov/Public_Documents/ChathamMA_Selectmen/2010%20Annual%20Town%20Report2.pdf,atr,nodes,ERROR
Chatham,2012,http://chatham-ma.gov/Public_Documents/ChathamMA_Selectmen/2012%20Annual%20Town%20Report.pdf,atr,nodes,ERROR
Chatham,2012,http://www.chatham-ma.gov/public_documents/ChathamMA_Manager/2012%20Annual%20Town%20Report.pdf,atr,nodes,ERROR
Chatham,2013,http://chatham-ma.gov/Public_Documents/ChathamMA_Selectmen/2013%20Annual%20Town%20Report%20Final.pdf,atr,nodes,ERROR
Chatham,2013,http://www.chatham-ma.gov/public_documents/ChathamMA_Manager/2013%20Annual%20Town%20Report%20Final.pdf,atr,nodes,ERROR
Chatham,2014,http://chatham-ma.gov/Public_Documents/ChathamMA_Selectmen/2014%20Annual%20Report.pdf,atr,nodes,ERROR
Chatham,2014,http://www.chatham-ma.gov/public_documents/ChathamMA_Manager/2014%20Annual%20Report.pdf,atr,nodes,ERROR
Chatham,2017,https://www.chatham-ma.gov/sites/chathamma/files/uploads/edc_-_2017_annual_report_final_-_1-18-18.pdf,atr,nodes,ERROR
Milton,2010,https://www.townofmilton.org/sites/g/files/vyhlif911/f/uploads/2010_annual_report.pdf,atr,nodes,ERROR
Milton,2011,https://www.townofmilton.org/sites/g/files/vyhlif911/f/pages/npdes_pii_small_ms4_annual_report_2011_py8.pdf,atr,nodes,ERROR
Milton,2012,https://www.townofmilton.org/sites/g/files/vyhlif911/f/pages/2012_year_9_annual_report.pdf,atr,nodes,ERROR
Milton,2013,https://www.townofmilton.org/sites/g/files/vyhlif911/f/pages/2013_annual_report_10_submital_final.pdf,atr,nodes,ERROR
Milton,2014,https://www.townofmilton.org/sites/g/files/vyhlif911/f/pages/2014_annual_report_11_submital_final.pdf,atr,nodes,ERROR
Milton,2015,https://www.townofmilton.org/sites/g/files/vyhlif911/f/pages/2015_annual_report_12_submital_final.pdf,atr,nodes,ERROR
Milton,2016,https://www.townofmilton.org/sites/g/files/vyhlif911/f/pages/2016_annual_report_13_submital_final.pdf,atr,nodes,ERROR
Milton,2017,https://www.townofmilton.org/sites/g/files/vyhlif911/f/pages/2017_annual_report_14_submital_final.pdf,atr,nodes,ERROR
Milton,2019,https://www.townofmilton.org/sites/g/files/vyhlif911/f/uploads/milton_annual_report_2019_final.pdf,atr,nodes,ERROR
Chesterfield,2012,http://chesterfieldma.civiccms.acsitefactory.com/sites/g/files/vyhlif7606/f/uploads/townreport2012_final_4-11-131.pdf,atr,nodes,ERROR
Chesterfield,2013,http://chesterfieldma.civiccms.acsitefactory.com/sites/g/files/vyhlif7606/f/uploads/chesterfield_2013_town_report_4-14-14.pdf,atr,nodes,ERROR
Chesterfield,2014,http://chesterfieldma.civiccms.acsitefactory.com/sites/g/files/vyhlif7606/f/uploads/chesterfieldtownreport2014_4-16-15.pdf,atr,nodes,ERROR
Chesterfield,2015,http://chesterfieldma.civiccms.acsitefactory.com/sites/g/files/vyhlif7606/f/uploads/chesterfieldtownreport_2015_draft_4-11-16.pdf,atr,nodes,ERROR
Chesterfield,2016,http://chesterfieldma.civiccms.acsitefactory.com/sites/g/files/vyhlif7606/f/uploads/chesterfieldtownreport2016_final_4-11-17.pdf,atr,nodes,ERROR
Plympton,2002,http://town.plympton.ma.us:80/pdf/report/town_report_2002.pdf,atr,nodes,ERROR
Plympton,2003,http://town.plympton.ma.us:80/pdf/report/2003_town_report.pdf,atr,nodes,ERROR
Plympton,2003,http://www.town.plympton.ma.us:80/pdf/town/election_results_2003_05_17.pdf,result,catalog,ERROR
Plympton,2013,http://www.town.plympton.ma.us:80/sites/plymptonma/files/file/file/plympton_2013_final_town_report.pdf,atr,nodes,ERROR
Beverly,2012,http://www.beverlyma.gov:80/docs/news/2012-Annual-Report.pdf,atr,nodes,ERROR
Beverly,2014,http://www.beverlyma.gov:80/wp-content/uploads/2014/10/Annual-Report-2013-Licence-Board.pdf,atr,nodes,ERROR
Arlington,2012,http://www.arlingtonma.gov:80/Public_Documents/ArlingtonMA_WebDocs/AnnualReport/2012/Libraries.pdf,atr,nodes,ERROR
Plainville,2015,http://www.plainville.ma.us:80/sites/plainvillema/files/uploads/results_tally_apr_6_2015_ate_with_formulas.pdf,result,catalog,ERROR
West Newbury,2015,http://wnewbury.org:80/pages/WestNewburyMA_News/050C4E06-000F8513.0/May%204%202015%20Town%20Election%20Results%20.pdf,result,catalog,ERROR
Northbridge,2005,http://www.northbridgemass.org/sites/northbridgema/files/file/file/2005_annual_report.pdf,atr,nodes,ERROR
Northbridge,2005,https://www.northbridgemass.org/sites/g/files/vyhlif981/f/file/file/2005_annual_report.pdf,atr,nodes,ERROR
Northbridge,2006,http://www.northbridgemass.org/pdf/2006_annual_report.pdf,atr,nodes,ERROR
Northbridge,2006,http://www.northbridgemass.org/sites/northbridgema/files/file/file/2006_annual_report.pdf,atr,nodes,ERROR
Northbridge,2006,https://www.northbridgemass.org/sites/g/files/vyhlif981/f/file/file/2006_annual_report.pdf,atr,nodes,ERROR
Northbridge,2007,http://www.northbridgemass.org/pdf/2007_annual_report.pdf,atr,nodes,ERROR
Northbridge,2007,http://www.northbridgemass.org/sites/northbridgema/files/file/file/2007_annual_report.pdf,atr,nodes,ERROR
Northbridge,2007,https://www.northbridgemass.org/sites/g/files/vyhlif981/f/file/file/2007_annual_report.pdf,atr,nodes,ERROR
Northbridge,2008,http://www.northbridgemass.org/sites/northbridgema/files/file/file/2008_annual_report.pdf,atr,nodes,ERROR
Northbridge,2008,https://www.northbridgemass.org/sites/g/files/vyhlif981/f/file/file/2008_annual_report.pdf,atr,nodes,ERROR
Northbridge,2009,http://www.northbridgemass.org/sites/northbridgema/files/file/file/2009_annual_report.pdf,atr,nodes,ERROR
Northbridge,2010,http://www.northbridgemass.org/sites/northbridgema/files/file/file/2010_annual_report.pdf,atr,nodes,ERROR
Northbridge,2010,https://www.northbridgemass.org/sites/g/files/vyhlif981/f/file/file/2010_annual_report.pdf,atr,nodes,ERROR
Northbridge,2011,http://www.northbridgemass.org/sites/northbridgema/files/file/file/2011_annual_report.pdf,atr,nodes,ERROR
Northbridge,2011,https://www.northbridgemass.org/sites/g/files/vyhlif981/f/file/file/2011_annual_report.pdf,atr,nodes,ERROR
Northbridge,2012,https://www.northbridgemass.org/sites/g/files/vyhlif981/f/file/file/northbridge_43d_-local_expedited_permitting_2012_annual_report.pdf,atr,nodes,ERROR
Northbridge,2014,http://www.northbridgemass.org/sites/northbridgema/files/file/file/annual_report_2014.pdf,atr,nodes,ERROR
Northbridge,2014,http://www.northbridgemass.org/sites/northbridgema/files/file/file/elected_officials_5.20.2014_town_election.pdf,result,catalog,ERROR
Northbridge,2014,http://www.northbridgemass.org/sites/northbridgema/files/u2345/2014_annual_town_report.pdf,atr,nodes,ERROR
Northbridge,2014,http://www.northbridgemass.org/sites/northbridgema/files/u67/election_results_11.4.2014.pdf,result,catalog,ERROR
Northbridge,2014,http://www.northbridgemass.org/sites/northbridgema/files/u67/may_20_2014_annual_town_election_results.pdf,result,catalog,ERROR
Northbridge,2014,https://www.northbridgemass.org/sites/g/files/vyhlif981/f/file/file/elected_officials_5.20.2014_town_election.pdf,result,catalog,ERROR
Northbridge,2014,https://www.northbridgemass.org/sites/g/files/vyhlif981/f/u2345/2014_annual_town_report.pdf,atr,nodes,ERROR
Northbridge,2014,https://www.northbridgemass.org/sites/g/files/vyhlif981/f/u67/election_results_11.4.2014.pdf,result,catalog,ERROR
Northbridge,2014,https://www.northbridgemass.org/sites/g/files/vyhlif981/f/u67/may_20_2014_annual_town_election_results.pdf,result,catalog,ERROR
Northbridge,2015,http://www.northbridgemass.org/sites/northbridgema/files/file/file/annual_report_2015.pdf,atr,nodes,ERROR
Northbridge,2015,http://www.northbridgemass.org/sites/northbridgema/files/file/file/annual_report_2015_0.pdf,atr,nodes,ERROR
Northbridge,2015,http://www.northbridgemass.org/sites/northbridgema/files/u2345/2015_town_report.pdf,atr,nodes,ERROR
Northbridge,2015,https://www.northbridgemass.org/sites/g/files/vyhlif981/f/u2345/2015_town_report.pdf,atr,nodes,ERROR
Northbridge,2016,http://www.northbridgemass.org/sites/northbridgema/files/u67/northbridge_elected_town_officials_as_of_5.17.2016_annual_town_election.pdf,result,catalog,ERROR
Northbridge,2016,http://www.northbridgemass.org/sites/northbridgema/files/u67/results_may_17_2016_annual_town_election.pdf,result,catalog,ERROR
Northbridge,2016,https://www.northbridgemass.org/sites/g/files/vyhlif981/f/u2391/2016_annual_town_report.pdf,atr,nodes,ERROR
Northbridge,2016,https://www.northbridgemass.org/sites/g/files/vyhlif981/f/u67/results_may_17_2016_annual_town_election.pdf,result,catalog,ERROR
Northbridge,2017,https://www.northbridgemass.org/sites/g/files/vyhlif981/f/u2391/2017_annual_report_-_online_0.pdf,atr,nodes,ERROR
Northbridge,2018,https://www.northbridgemass.org/sites/g/files/vyhlif981/f/u67/results_annual_town_election_5.15.2018_0.pdf,result,catalog,ERROR
Northbridge,2018,https://www.northbridgemass.org/sites/g/files/vyhlif981/f/uploads/2018_annual_report_web_0.pdf,atr,nodes,ERROR
Northbridge,2019,https://www.northbridgemass.org/sites/g/files/vyhlif981/f/uploads/annual_town_report_2019.pdf,atr,nodes,ERROR
Northbridge,2020,https://www.northbridgemass.org/sites/g/files/vyhlif981/f/uploads/2020_annual_town_report.pdf,atr,nodes,ERROR
Carlisle,2008,http://www.carlislema.gov/Pages/CarlisleMA_Clerk/Elections/2008/13%20May%202008%20Annual%20Town%20Election%20Results.pdf,result,catalog,ERROR
Carlisle,2012,http://www.carlislema.gov/Pages/CarlisleMA_Clerk/Elections/2012/ref/3-6-12%20Election%20Results.pdf,result,catalog,ERROR
Carlisle,2012,http://www.carlislema.gov/Pages/CarlisleMA_Clerk/Elections/Historical/2012%20Annual%20Town%20Report.pdf,atr,nodes,ERROR
Carlisle,2012,http://www.carlislema.gov/Pages/CarlisleMA_Clerk/Elections/Historical/2012%20Elected%20Town%20Officials%20(from%20Town%20Report).pdf,atr,nodes,ERROR
Carlisle,2012,http://www.carlislema.gov/Pages/CarlisleMA_Clerk/Town%20Records/save/2012%20Annual%20Town%20Report.pdf,atr,nodes,ERROR
Carlisle,2012,http://www.carlislema.gov/Pages/CarlisleMA_Clerk/Town%20Records/save/2012%20Annual%20Town%20Report_pages4-4.pdf,atr,nodes,ERROR
Carlisle,2012,http://www.carlislema.gov/Pages/CarlisleMA_Clerk/Town%20Records/save/2012%20Annual%20Town%20Report_removed233-233.pdf,atr,nodes,ERROR
Carlisle,2012,http://www.carlislema.gov/Pages/CarlisleMA_Clerk/Town%20Records/save/2012%20Elected%20Town%20Officials%20(from%20Town%20Report).pdf,atr,nodes,ERROR
Carlisle,2013,http://www.carlislema.gov/Pages/CarlisleMA_Clerk/Town%20Records/save/2013%20carlisle%20annual%20report%20-%20cover%20page.pdf,atr,nodes,ERROR
Carlisle,2014,http://www.carlislema.gov/Pages/CarlisleMA_Clerk/ZBAExhibits/BREM%20013%2007-28-2014%20Lifetime%20Green%20Homes%20Annual%20Report.pdf,atr,nodes,ERROR
Carlisle,2014,http://www.carlislema.gov/pages/carlislema_clerk/Elections/2014/04Nov2014ElectionResults.pdf,result,catalog,ERROR
Carlisle,2015,http://www.carlislema.gov/Pages/CarlisleMA_Clerk/town%20records/2015%20Town%20Report%20Document.pdf,atr,nodes,ERROR
Carlisle,2015,http://www.carlislema.gov/pages/carlisleMA_BOS/2015%20Town%20Report%20Document.pdf,atr,nodes,ERROR
Carlisle,2015,http://www.carlislema.gov/pages/carlislema_clerk/Elections/2015/2015%20Annual%20Town%20Election%20Results.pdf,result,catalog,ERROR
Carlisle,2016,http://www.carlislema.gov/pages/carlislema_clerk/elections/2016/3-17-16%20ANNUAL%20ELECTION%20TALLY%20SHEET.pdf,result,catalog,ERROR
Carlisle,2020,https://www.carlislema.gov/DocumentCenter/View/2744/Certified-Vote---Board-of-Selectmen-22-SEPT-2020,result,catalog,ERROR
Carlisle,2020,https://www.carlislema.gov/DocumentCenter/View/2744/Certified-Vote---Board-of-Selectmen-22-SEPT-2020?bidId=,result,catalog,ERROR
Ayer,2010,http://www.ayer.ma.us/pages/AyerMA_About/2010-town_report.pdf,atr,nodes,ERROR
Ayer,2010,https://www.ayer.ma.us/sites/g/files/vyhlif2756/f/uploads/2010_annual_town_report.pdf,atr,nodes,ERROR
Ayer,2011,https://www.ayer.ma.us/sites/g/files/vyhlif2756/f/uploads/2011_annual_town_report.pdf,atr,nodes,ERROR
Ayer,2012,https://www.ayer.ma.us/sites/g/files/vyhlif2756/f/uploads/2012_annual_town_report.pdf,atr,nodes,ERROR
Ayer,2013,http://www.ayer.ma.us/pages/AyerMA_About/2013-town_report.pdf,atr,nodes,ERROR
Ayer,2013,https://www.ayer.ma.us/sites/g/files/vyhlif2756/f/uploads/2013_annual_town_report.pdf,atr,nodes,ERROR
Ayer,2014,https://www.ayer.ma.us/sites/g/files/vyhlif2756/f/uploads/2014-town_report.pdf,atr,nodes,ERROR
Ayer,2014,https://www.ayer.ma.us/sites/g/files/vyhlif2756/f/uploads/town_of_ayer_ma_-_2014_election_results.pdf,result,catalog,ERROR
Ayer,2015,https://www.ayer.ma.us/sites/g/files/vyhlif2756/f/uploads/2015_annual_town_report_1.pdf,atr,nodes,ERROR
Ayer,2015,https://www.ayer.ma.us/sites/g/files/vyhlif2756/f/uploads/town_of_ayer_ma_-_2015_election_results.pdf,result,catalog,ERROR
Ayer,2016,https://www.ayer.ma.us/sites/g/files/vyhlif2756/f/uploads/2016_town_of_ayer_annual_report.pdf,atr,nodes,ERROR
Ayer,2017,https://www.ayer.ma.us/sites/g/files/vyhlif2756/f/uploads/2017_town_report_digital_copy.pdf,atr,nodes,ERROR
Ayer,2018,https://www.ayer.ma.us/sites/ayerma/files/uploads/election_results_september_4_2018.pdf,result,catalog,ERROR
Ayer,2018,https://www.ayer.ma.us/sites/ayerma/files/uploads/unofficial_election_results_11-6-2018.pdf,result,catalog,ERROR
Ayer,2018,https://www.ayer.ma.us/sites/g/files/vyhlif2756/f/uploads/2018_town_of_ayer_annual_report.pdf,atr,nodes,ERROR
Ayer,2019,https://www.ayer.ma.us/sites/g/files/vyhlif2756/f/uploads/2019_town_of_ayer_annual_report.pdf,atr,nodes,ERROR
Ayer,2020,https://www.ayer.ma.us/sites/g/files/vyhlif2756/f/uploads/2020_annual_report.pdf,atr,nodes,ERROR
Millville,2014,http://www.millvillema.org/wp-content/uploads/2014/11/2014-Annual-Report.pdf,atr,nodes,ERROR
Millville,2014,http://www.millvillema.org/wp-content/uploads/2014/11/March-1-2016-Election-Results.pdf,result,catalog,ERROR
West Boylston,2009,http://www.westboylston-ma.gov/sites/westboylstonma/files/uploads/swat-fy2009_annual_report-final.pdf,atr,nodes,ERROR
West Boylston,2010,http://www.westboylston-ma.gov/sites/westboylstonma/files/uploads/swat-fy2010_annualreport-final.pdf,atr,nodes,ERROR
West Boylston,2011,http://www.westboylston-ma.gov/sites/westboylstonma/files/uploads/swat-fy2011_annual_report-final.pdf,atr,nodes,ERROR
West Boylston,2012,http://www.westboylston-ma.gov/sites/westboylstonma/files/uploads/swat-fy2012_annual_report-final.pdf,atr,nodes,ERROR
West Boylston,2013,http://www.westboylston-ma.gov/sites/westboylstonma/files/uploads/swat-fy2013_annual_report-final.pdf,atr,nodes,ERROR
West Boylston,2014,http://www.westboylston-ma.gov/sites/westboylstonma/files/uploads/swat-fy2014_annualreport-final.pdf,atr,nodes,ERROR
West Boylston,2015,http://www.westboylston-ma.gov/sites/westboylstonma/files/uploads/swat-fy2015_annualreport-final.pdf,atr,nodes,ERROR
West Boylston,2016,http://www.westboylston-ma.gov/Pages/WBoylstonMA_Clerk/election%20results/3-1-2016unoffresults.pdf,result,catalog,ERROR
North Reading,2006,http://www.northreadingma.gov/Pages/NReadingMA_TownReport/2006.ATR.pdf,atr,nodes,ERROR
North Reading,2009,http://www.northreadingma.gov/sites/northreadingma/files/uploads/reading_2009_town_report-3.31.10-kodak_resized.pdf,atr,nodes,ERROR
North Reading,2009,https://www.northreadingma.gov/sites/g/files/vyhlif3591/f/uploads/reading_2009_town_report-3.31.10-kodak_resized.pdf,atr,nodes,ERROR
North Reading,2011,http://www.northreadingma.gov/sites/northreadingma/files/uploads/north_reading_2011_town_report-4th_pass_proof.pdf,atr,nodes,ERROR
North Reading,2011,https://www.northreadingma.gov/sites/g/files/vyhlif3591/f/uploads/north_reading_2011_town_report-4th_pass_proof.pdf,atr,nodes,ERROR
North Reading,2015,http://www.northreadingma.gov/sites/northreadingma/files/uploads/2015_annual_report.pdf,atr,nodes,ERROR
North Reading,2015,https://www.northreadingma.gov/sites/g/files/vyhlif3591/f/uploads/2015_annual_report.pdf,atr,nodes,ERROR
North Reading,2018,https://www.northreadingma.gov/sites/g/files/vyhlif3591/f/uploads/north_reading_2018_annual_report.pdf,atr,nodes,ERROR
South Hadley,2018,https://www.southhadley.org/DocumentCenter/View/3778,result,catalog,NOT_PDF
Holden,2013,http://www.holdenma.gov:80/sites/holden/files/file/file/april_30_2013_annual_town_election_results.pdf,result,catalog,ERROR
Holden,2014,http://www.holdenma.gov:80/sites/holden/files/file/file/may_2014_town_election_results.pdf,result,catalog,ERROR
Methuen,2013,http://www.cityofmethuen.net:80/sites/methuenma/files/file/file/electionresults2013.pdf,result,catalog,ERROR
Dartmouth,2008,http://www.town.dartmouth.ma.us:80/sites/dartmouthma/files/uploads/2008_town_report.pdf,atr,nodes,ERROR
Amherst,2002,http://www.amherstma.gov:80/annual_reports/2002/Accountant_report.pdf,atr,nodes,ERROR
Amherst,2002,http://www.amherstma.gov:80/annual_reports/2002/Boards_and_Committees%20.pdf,atr,nodes,ERROR
Amherst,2002,http://www.amherstma.gov:80/annual_reports/2002/Children's_Services.pdf,atr,nodes,ERROR
Amherst,2002,http://www.amherstma.gov:80/annual_reports/2002/Cultural_Council%20.pdf,atr,nodes,ERROR
Amherst,2002,http://www.amherstma.gov:80/annual_reports/2002/Design_Review_Board.pdf,atr,nodes,ERROR
Amherst,2002,http://www.amherstma.gov:80/annual_reports/2002/Finance_Committee.pdf,atr,nodes,ERROR
Amherst,2002,http://www.amherstma.gov:80/annual_reports/2002/Health_Department.pdf,atr,nodes,ERROR
Amherst,2002,http://www.amherstma.gov:80/annual_reports/2002/Historical_Commission.pdf,atr,nodes,ERROR
Amherst,2002,http://www.amherstma.gov:80/annual_reports/2002/Housing_Partnership.pdf,atr,nodes,ERROR
Amherst,2002,http://www.amherstma.gov:80/annual_reports/2002/Information_Systems.pdf,atr,nodes,ERROR
Amherst,2002,http://www.amherstma.gov:80/annual_reports/2002/Inspection_services.pdf,atr,nodes,ERROR
Amherst,2002,http://www.amherstma.gov:80/annual_reports/2002/Kanegasaki_report.pdf,atr,nodes,ERROR
Amherst,2002,http://www.amherstma.gov:80/annual_reports/2002/Municipal_Employees%20.pdf,atr,nodes,ERROR
Amherst,2002,http://www.amherstma.gov:80/annual_reports/2002/Parking_Commission.pdf,atr,nodes,ERROR
Amherst,2002,http://www.amherstma.gov:80/annual_reports/2002/Public_Works.pdf,atr,nodes,ERROR
Amherst,2003,http://www.amherstma.gov:80/annual_reports/2003/Jones_Library.pdf,atr,nodes,ERROR
Amherst,2004,http://www.amherstma.gov:80/annual_reports/2004/amherst_historical_commission.pdf,atr,nodes,ERROR
Amherst,2004,http://www.amherstma.gov:80/annual_reports/2004/dpw.pdf,atr,nodes,ERROR
Amherst,2004,http://www.amherstma.gov:80/annual_reports/2004/information_technology.pdf,atr,nodes,ERROR
Amherst,2004,http://www.amherstma.gov:80/annual_reports/2004/public_art_commission.pdf,atr,nodes,ERROR
Amherst,2005,http://www.amherstma.gov:80/annual_reports/2005/2005_accounting.pdf,atr,nodes,ERROR
Amherst,2005,http://www.amherstma.gov:80/annual_reports/2005/2005_amherst_facts.pdf,atr,nodes,ERROR
Amherst,2005,http://www.amherstma.gov:80/annual_reports/2005/2005_annual_report.pdf,atr,nodes,ERROR
Amherst,2005,http://www.amherstma.gov:80/annual_reports/2005/2005_appointed_municipal_employees.pdf,atr,nodes,ERROR
Amherst,2005,http://www.amherstma.gov:80/annual_reports/2005/2005_art_commission.pdf,atr,nodes,ERROR
Amherst,2005,http://www.amherstma.gov:80/annual_reports/2005/2005_assessors_office.pdf,atr,nodes,ERROR
Amherst,2005,http://www.amherstma.gov:80/annual_reports/2005/2005_buildings_and_maintenance.pdf,atr,nodes,ERROR
Amherst,2005,http://www.amherstma.gov:80/annual_reports/2005/2005_cable_advisoy_committee.pdf,atr,nodes,ERROR
Amherst,2005,http://www.amherstma.gov:80/annual_reports/2005/2005_clerk_registras.pdf,atr,nodes,ERROR
Amherst,2005,http://www.amherstma.gov:80/annual_reports/2005/2005_committees_and_boards.pdf,atr,nodes,ERROR
Amherst,2005,http://www.amherstma.gov:80/annual_reports/2005/2005_committees_recognition.pdf,atr,nodes,ERROR
Amherst,2005,http://www.amherstma.gov:80/annual_reports/2005/2005_community_preservation_act_committee.pdf,atr,nodes,ERROR
Amherst,2005,http://www.amherstma.gov:80/annual_reports/2005/2005_community_services.pdf,atr,nodes,ERROR
Amherst,2005,http://www.amherstma.gov:80/annual_reports/2005/2005_comprehensive_planning.pdf,atr,nodes,ERROR
Amherst,2005,http://www.amherstma.gov:80/annual_reports/2005/2005_conservation_commission.pdf,atr,nodes,ERROR
Amherst,2005,http://www.amherstma.gov:80/annual_reports/2005/2005_cultural_council.pdf,atr,nodes,ERROR
Amherst,2005,http://www.amherstma.gov:80/annual_reports/2005/2005_departmental_email.pdf,atr,nodes,ERROR
Amherst,2005,http://www.amherstma.gov:80/annual_reports/2005/2005_departments_and_services.pdf,atr,nodes,ERROR
Amherst,2005,http://www.amherstma.gov:80/annual_reports/2005/2005_design_review_board.pdf,atr,nodes,ERROR
Amherst,2005,http://www.amherstma.gov:80/annual_reports/2005/2005_disability_access_advisory_committee.pdf,atr,nodes,ERROR
Amherst,2005,http://www.amherstma.gov:80/annual_reports/2005/2005_dpw.pdf,atr,nodes,ERROR
Amherst,2005,http://www.amherstma.gov:80/annual_reports/2005/2005_elementary_schools.pdf,atr,nodes,ERROR
Amherst,2005,http://www.amherstma.gov:80/annual_reports/2005/2005_finance_committee.pdf,atr,nodes,ERROR
Amherst,2005,http://www.amherstma.gov:80/annual_reports/2005/2005_finance_treasurer.pdf,atr,nodes,ERROR
Amherst,2005,http://www.amherstma.gov:80/annual_reports/2005/2005_fire.pdf,atr,nodes,ERROR
Amherst,2005,http://www.amherstma.gov:80/annual_reports/2005/2005_health.pdf,atr,nodes,ERROR
Amherst,2005,http://www.amherstma.gov:80/annual_reports/2005/2005_historical_commission.pdf,atr,nodes,ERROR
Amherst,2005,http://www.amherstma.gov:80/annual_reports/2005/2005_housing_authority.pdf,atr,nodes,ERROR
Amherst,2005,http://www.amherstma.gov:80/annual_reports/2005/2005_human_rights.pdf,atr,nodes,ERROR
Amherst,2005,http://www.amherstma.gov:80/annual_reports/2005/2005_information_technologies.pdf,atr,nodes,ERROR
Amherst,2005,http://www.amherstma.gov:80/annual_reports/2005/2005_inspection_services.pdf,atr,nodes,ERROR
Amherst,2005,http://www.amherstma.gov:80/annual_reports/2005/2005_kanegaski_committee.pdf,atr,nodes,ERROR
Amherst,2005,http://www.amherstma.gov:80/annual_reports/2005/2005_la_paz.pdf,atr,nodes,ERROR
Amherst,2005,http://www.amherstma.gov:80/annual_reports/2005/2005_libraries.pdf,atr,nodes,ERROR
Amherst,2005,http://www.amherstma.gov:80/annual_reports/2005/2005_lsse.pdf,atr,nodes,ERROR
Amherst,2005,http://www.amherstma.gov:80/annual_reports/2005/2005_munson.pdf,atr,nodes,ERROR
Amherst,2005,http://www.amherstma.gov:80/annual_reports/2005/2005_office_of_the_collector.pdf,atr,nodes,ERROR
Amherst,2005,http://www.amherstma.gov:80/annual_reports/2005/2005_organizational_chart.pdf,atr,nodes,ERROR
Amherst,2005,http://www.amherstma.gov:80/annual_reports/2005/2005_planning.pdf,atr,nodes,ERROR
Amherst,2005,http://www.amherstma.gov:80/annual_reports/2005/2005_police.pdf,atr,nodes,ERROR
Amherst,2005,http://www.amherstma.gov:80/annual_reports/2005/2005_regional_schools.pdf,atr,nodes,ERROR
Amherst,2005,http://www.amherstma.gov:80/annual_reports/2005/2005_select_board.pdf,atr,nodes,ERROR
Amherst,2005,http://www.amherstma.gov:80/annual_reports/2005/2005_senior_center.pdf,atr,nodes,ERROR
Amherst,2005,http://www.amherstma.gov:80/annual_reports/2005/2005_shade_tree.pdf,atr,nodes,ERROR
Amherst,2005,http://www.amherstma.gov:80/annual_reports/2005/2005_solid_waste_committee.pdf,atr,nodes,ERROR
Amherst,2005,http://www.amherstma.gov:80/annual_reports/2005/2005_tmcc.pdf,atr,nodes,ERROR
Amherst,2005,http://www.amherstma.gov:80/annual_reports/2005/2005_town_manager.pdf,atr,nodes,ERROR
Amherst,2005,http://www.amherstma.gov:80/annual_reports/2005/2005_town_meeting.pdf,atr,nodes,ERROR
Amherst,2005,http://www.amherstma.gov:80/annual_reports/2005/2005_transportation.pdf,atr,nodes,ERROR
Amherst,2005,http://www.amherstma.gov:80/annual_reports/2005/2005_veterans_services.pdf,atr,nodes,ERROR
Amherst,2005,http://www.amherstma.gov:80/annual_reports/2005/2005_zoning.pdf,atr,nodes,ERROR
Amherst,2005,http://www.amherstma.gov:80/departments/Town_Clerk/Elections/Referendum_9_27_2005_Election_Results.pdf,result,catalog,ERROR
Essex,2000,https://www.essexma.org/sites/g/files/vyhlif4406/f/uploads/2000_annual_report.pdf,atr,nodes,ERROR
Essex,2002,https://www.essexma.org/sites/g/files/vyhlif4406/f/uploads/2002_annual_report.pdf,atr,nodes,ERROR
Essex,2003,https://www.essexma.org/sites/g/files/vyhlif4406/f/uploads/2003_annual_report.pdf,atr,nodes,ERROR
Essex,2004,https://www.essexma.org/sites/g/files/vyhlif4406/f/uploads/2004_annual_report.pdf,atr,nodes,ERROR
Essex,2005,https://www.essexma.org/sites/g/files/vyhlif4406/f/uploads/2005_annual_report.pdf,atr,nodes,ERROR
Essex,2006,https://www.essexma.org/sites/g/files/vyhlif4406/f/uploads/2006_annual_report.pdf,atr,nodes,ERROR
Essex,2007,https://www.essexma.org/sites/g/files/vyhlif4406/f/uploads/2007_annual_report.pdf,atr,nodes,ERROR
Essex,2008,https://www.essexma.org/sites/g/files/vyhlif4406/f/uploads/2008_annual_report.pdf,atr,nodes,ERROR
Essex,2009,https://www.essexma.org/sites/g/files/vyhlif4406/f/uploads/2009_annual_report.pdf,atr,nodes,ERROR
Essex,2010,https://www.essexma.org/sites/g/files/vyhlif4406/f/uploads/2010_annual_report.pdf,atr,nodes,ERROR
Essex,2012,https://www.essexma.org/sites/g/files/vyhlif4406/f/uploads/2012_annual_report.pdf,atr,nodes,ERROR
Essex,2013,https://www.essexma.org/sites/g/files/vyhlif4406/f/uploads/2013_annual_report.pdf,atr,nodes,ERROR
Essex,2016,https://www.essexma.org/sites/g/files/vyhlif4406/f/uploads/2016_annual_report.pdf,atr,nodes,ERROR
Essex,2017,https://www.essexma.org/sites/g/files/vyhlif4406/f/uploads/2017_annual_report.pdf,atr,nodes,ERROR
Essex,2019,https://www.essexma.org/sites/g/files/vyhlif4406/f/uploads/annual_report_2019_essex.pdf,atr,nodes,ERROR
Essex,2020,https://essexma.org/ImageRepository/Document?documentID=204,result,catalog,NOT_PDF
Boxborough,2002,http://www.boxborough-ma.gov/sites/boxboroughma/files/file/file/town_report_2002.pdf,atr,nodes,ERROR
Boxborough,2002,http://www.boxborough-ma.gov/sites/boxboroughma/files/file/file/town_report_2002_0.pdf,atr,nodes,ERROR
Boxborough,2004,http://www.boxborough-ma.gov/sites/boxboroughma/files/file/file/2004townreport.pdf,atr,nodes,ERROR
Boxborough,2004,http://www.boxborough-ma.gov/sites/boxboroughma/files/file/file/2004townreport_0.pdf,atr,nodes,ERROR
Boxborough,2008,http://www.boxborough-ma.gov/sites/boxboroughma/files/file/file/annualtownreport2008.pdf,atr,nodes,ERROR
Boxborough,2008,http://www.boxborough-ma.gov/sites/boxboroughma/files/file/file/annualtownreport2008_0.pdf,atr,nodes,ERROR
Boxborough,2009,http://www.boxborough-ma.gov/sites/boxboroughma/files/file/file/2009townreport.pdf,atr,nodes,ERROR
Boxborough,2009,http://www.boxborough-ma.gov/sites/boxboroughma/files/file/file/2009townreport_0.pdf,atr,nodes,ERROR
Boxborough,2010,http://www.boxborough-ma.gov/sites/boxboroughma/files/file/file/2010townreport.pdf,atr,nodes,ERROR
Boxborough,2010,http://www.boxborough-ma.gov/sites/boxboroughma/files/file/file/2010townreport_0.pdf,atr,nodes,ERROR
Boxborough,2012,http://www.boxborough-ma.gov/sites/boxboroughma/files/bpd_2012_annual_report_for_web.pdf,atr,nodes,ERROR
Boxborough,2012,http://www.boxborough-ma.gov/sites/boxboroughma/files/file/file/2012townreport.pdf,atr,nodes,ERROR
Boxborough,2012,http://www.boxborough-ma.gov/sites/boxboroughma/files/file/file/2012townreport_0.pdf,atr,nodes,ERROR
Boxborough,2012,http://www.boxborough-ma.gov/sites/boxboroughma/files/file/file/2012townreport_1.pdf,atr,nodes,ERROR
Boxborough,2013,http://www.boxborough-ma.gov/sites/boxboroughma/files/bpd_2013_annual_report_for_web.pdf,atr,nodes,ERROR
Boxborough,2013,http://www.boxborough-ma.gov/sites/boxboroughma/files/file/file/town_report_2013_web_0.pdf,atr,nodes,ERROR
Boxborough,2013,http://www.boxborough-ma.gov/sites/boxboroughma/files/file/file/town_report_2013_web_1.pdf,atr,nodes,ERROR
Boxborough,2014,http://www.boxborough-ma.gov/sites/boxboroughma/files/file/file/annual_town_report_2014_.pdf,atr,nodes,ERROR
Boxborough,2014,http://www.boxborough-ma.gov/sites/boxboroughma/files/file/file/annual_town_report_2014_web.pdf,atr,nodes,ERROR
Boxborough,2014,http://www.boxborough-ma.gov/sites/boxboroughma/files/file/file/annual_town_report_2014_web_2.pdf,atr,nodes,ERROR
Boxborough,2015,http://www.boxborough-ma.gov/sites/boxboroughma/files/file/file/annual_town_report_2015-web.pdf,atr,nodes,ERROR
Boxborough,2015,http://www.boxborough-ma.gov/sites/boxboroughma/files/file/file/annual_town_report_2015_web.pdf,atr,nodes,ERROR
Blackstone,2010,https://www.townofblackstone.org/sites/g/files/vyhlif166/f/uploads/2010_annual_town_report.pdf,atr,nodes,ERROR
Blackstone,2011,https://www.townofblackstone.org/sites/g/files/vyhlif166/f/uploads/2011_annual_town_report.pdf,atr,nodes,ERROR
Blackstone,2012,https://www.townofblackstone.org/sites/g/files/vyhlif166/f/uploads/2012_annual_town_report.pdf,atr,nodes,ERROR
Blackstone,2013,https://www.townofblackstone.org/sites/g/files/vyhlif166/f/uploads/2013_annual_town_report.pdf,atr,nodes,ERROR
Blackstone,2014,https://www.townofblackstone.org/sites/g/files/vyhlif166/f/uploads/2014_annual_town_report.pdf,atr,nodes,ERROR
Blackstone,2015,https://www.townofblackstone.org/sites/g/files/vyhlif166/f/uploads/2015_annual_town_report.pdf,atr,nodes,ERROR
Blackstone,2017,https://www.townofblackstone.org/sites/g/files/vyhlif166/f/uploads/2017_whole_annual_report.pdf,atr,nodes,ERROR
Blackstone,2017,https://www.townofblackstone.org/sites/g/files/vyhlif166/f/uploads/2017cover_annual_report.pdf,atr,nodes,ERROR
Blackstone,2018,https://www.townofblackstone.org/sites/g/files/vyhlif166/f/uploads/2018annual_report_book_2018.pdf,atr,nodes,ERROR
Blackstone,2019,https://www.townofblackstone.org/sites/g/files/vyhlif166/f/uploads/2019_blackstone_annual_report.pdf,atr,nodes,ERROR
Blackstone,2020,https://www.townofblackstone.org/sites/g/files/vyhlif166/f/uploads/2020_annual_town_report.pdf,atr,nodes,ERROR
Shutesbury,2016,https://www.shutesbury.org/sites/default/files/files-and-images/Town%20Meeting/annual%20reports/AnnualReport_FY2016_rev.pdf,atr,nodes,ERROR
Shutesbury,2017,https://www.shutesbury.org/sites/default/files/files-and-images/Town%20Meeting/annual%20reports/AnnualReport_FY2017_rev.pdf,atr,nodes,ERROR
Shutesbury,2018,https://www.shutesbury.org/sites/default/files/files-and-images/Town%20Meeting/annual%20reports/AnnualReport_FY2018.pdf,atr,nodes,ERROR
Shutesbury,2019,https://www.shutesbury.org/sites/default/files/files-and-images/Town%20Meeting/annual%20reports/AnnualReport_FY2019.pdf,atr,nodes,ERROR
Winchendon,2016,https://www.townofwinchendon.com/sites/g/files/vyhlif4051/f/uploads/2016_complete_annual_report.pdf,atr,nodes,ERROR
Winchendon,2016,https://www.townofwinchendon.com/sites/g/files/vyhlif4051/f/uploads/2016_complete_annual_report_0.pdf,atr,nodes,ERROR
Winchendon,2016,https://www.townofwinchendon.com/sites/g/files/vyhlif8401/f/uploads/2016_complete_annual_report.pdf,atr,nodes,ERROR
Winchendon,2017,https://www.townofwinchendon.com/sites/g/files/vyhlif4051/f/uploads/2017-annual-report.pdf,atr,nodes,ERROR
Winchendon,2017,https://www.townofwinchendon.com/sites/g/files/vyhlif4051/f/uploads/2017-annual-report_0.pdf,atr,nodes,ERROR
Winchendon,2017,https://www.townofwinchendon.com/sites/g/files/vyhlif8401/f/uploads/2017-annual-report.pdf,atr,nodes,ERROR
Winchendon,2018,https://www.townofwinchendon.com/sites/g/files/vyhlif4051/f/uploads/annual_report_2018.pdf,atr,nodes,ERROR
Winchendon,2019,https://www.townofwinchendon.com/sites/g/files/vyhlif4051/f/uploads/2019_final_annual_report.website.pdf,atr,nodes,ERROR
Winchendon,2020,https://www.townofwinchendon.com/sites/g/files/vyhlif4051/f/uploads/2020_annual_report_-_final_review_ld.pdf,atr,nodes,ERROR
Winchendon,2020,https://www.townofwinchendon.com/sites/g/files/vyhlif4051/f/uploads/2020_final_annual_report_website.pdf,atr,nodes,ERROR
Wenham,2013,http://www.wenhamma.gov/selectmen_meeting_agendas_and_minutes/docs/2013_Annual_Report.pdf,atr,nodes,ERROR
Wenham,2013,http://www.wenhamma.gov/town_reports/docs/2013_7_GovStudyReport_final.pdf,atr,nodes,ERROR
Wenham,2014,http://wenhamma.gov/docs/Official_Election_Results_11_4_2014.pdf,result,catalog,ERROR
Wenham,2014,http://www.wenhamma.gov/departments/docs/Official%20Election%20Results%2011.4.2014.pdf,result,catalog,ERROR
Wenham,2014,http://www.wenhamma.gov/docs/PDF_2014_ANNUAL_TOWN_REPORT.pdf,atr,nodes,ERROR
Wenham,2014,http://www.wenhamma.gov/docs/TALLY_ATE_04_10_2014.pdf,result,catalog,ERROR
Wenham,2014,http://www.wenhamma.gov/important_documents/docs/2014%20Annual%20Report%20Combined.pdf,atr,nodes,ERROR
Easton,2016,https://eastontownma.documents-on-demand.com/Document/5a7c1524-d834-e711-80be-001fbc00ed85/2016%20Annual%20Report.pdf,atr,nodes,ERROR
Easton,2018,https://eastontownma.documents-on-demand.com/Document/71892971-4749-e811-80c0-001fbc00ed85/Annual%20Town%20Election%204.24.2018%20Results.pdf,result,catalog,ERROR
Easton,2019,https://eastontownma.documents-on-demand.com/Document/9198037f-b066-e911-a2cd-000c29a59557/Annual%20Town%20Election%204.23.2019%20Results.pdf,result,catalog,ERROR
Easton,2020,https://eastontownma.documents-on-demand.com/Document/032025e9-b85d-ea11-a2ea-000c29a59557/Unofficial%20election%20results%203.3.2020.pdf,result,catalog,ERROR
Northampton,2008,http://www.northamptonma.gov/cityclerk/uploads/listWidget/8599/November%202008%20election%20results.pdf,result,catalog,ERROR
Dennis,2018,https://www.town.dennis.ma.us/sites/g/files/vyhlif3016/f/uploads/2018-townreport.pdf,atr,nodes,ERROR
Dennis,2019,https://www.town.dennis.ma.us/sites/g/files/vyhlif3016/f/uploads/2019-townreport-web.pdf,atr,nodes,ERROR
Hubbardston,2004,http://www.hubbardstonma.us:80/pdfs/2004_annual_report.pdf,atr,nodes,ERROR
Lenox,2008,http://www.townoflenox.com:80/public_documents/LenoxMA_Bylaws/LENOX%20Annual%20Town%20Report%2008.pdf,atr,nodes,ERROR
Littleton,2000,http://www.littletonma.org/filestorage/19479/28346/20201/20348/20357/AnnualReport2000.pdf,atr,nodes,ERROR
Littleton,2000,http://www.littletonma.org/filestorage/19479/28346/21479/21206/AnnualReport2000_(1).pdf,atr,nodes,ERROR
Littleton,2000,http://www.littletonma.org/filestorage/533/AnnualReport2000.pdf,atr,nodes,ERROR
Littleton,2000,https://www.littletonma.org/sites/g/files/vyhlif8011/f/uploads/annualreport_2000.pdf,atr,nodes,ERROR
Littleton,2000,https://www.littletonma.org/sites/littletonma/files/uploads/annualreport_2000.pdf,atr,nodes,ERROR
Littleton,2001,http://www.littletonma.org/filestorage/19479/28346/20201/20348/20357/AnnualReport2001.pdf,atr,nodes,ERROR
Littleton,2001,http://www.littletonma.org/filestorage/19479/28346/21479/21206/AnnualReport2001_(1).pdf,atr,nodes,ERROR
Littleton,2001,http://www.littletonma.org/filestorage/533/AnnualReport2001.pdf,atr,nodes,ERROR
Littleton,2001,https://www.littletonma.org/sites/g/files/vyhlif8011/f/uploads/annualreport_2001.pdf,atr,nodes,ERROR
Littleton,2001,https://www.littletonma.org/sites/littletonma/files/uploads/annualreport_2001.pdf,atr,nodes,ERROR
Littleton,2002,http://www.littletonma.org/filestorage/19479/28346/20201/20348/20357/AnnualReport2002.pdf,atr,nodes,ERROR
Littleton,2002,http://www.littletonma.org/filestorage/19479/28346/21479/21206/AnnualReport2002_(1).pdf,atr,nodes,ERROR
Littleton,2002,http://www.littletonma.org/filestorage/533/AnnualReport2002.pdf,atr,nodes,ERROR
Littleton,2002,https://www.littletonma.org/sites/g/files/vyhlif8011/f/uploads/annualreport_2002.pdf,atr,nodes,ERROR
Littleton,2002,https://www.littletonma.org/sites/littletonma/files/uploads/annualreport_2002.pdf,atr,nodes,ERROR
Littleton,2003,http://www.littletonma.org/filestorage/19479/28346/20201/20348/20357/AnnualReport2003.pdf,atr,nodes,ERROR
Littleton,2003,http://www.littletonma.org/filestorage/19479/28346/21479/21206/AnnualReport2003_(1).pdf,atr,nodes,ERROR
Littleton,2003,http://www.littletonma.org/filestorage/533/AnnualReport2003.pdf,atr,nodes,ERROR
Littleton,2004,http://www.littletonma.org/filestorage/19479/28346/20201/20348/20357/AnnualReport2004.pdf,atr,nodes,ERROR
Littleton,2004,http://www.littletonma.org/filestorage/19479/28346/21479/21206/AnnualReport2004_(1).pdf,atr,nodes,ERROR
Littleton,2004,http://www.littletonma.org/filestorage/533/AnnualReport2004.pdf,atr,nodes,ERROR
Littleton,2004,https://www.littletonma.org/sites/g/files/vyhlif8011/f/uploads/annualreport_2004.pdf,atr,nodes,ERROR
Littleton,2004,https://www.littletonma.org/sites/littletonma/files/uploads/annualreport_2004.pdf,atr,nodes,ERROR
Littleton,2005,http://www.littletonma.org/filestorage/19479/28346/20201/20348/20357/AnnualReport2005.pdf,atr,nodes,ERROR
Littleton,2005,http://www.littletonma.org/filestorage/19479/28346/20972/20990/May_7_2005_Election_Results.pdf,result,catalog,ERROR
Littleton,2005,http://www.littletonma.org/filestorage/19479/28346/21479/21206/AnnualReport2005_(1).pdf,atr,nodes,ERROR
Littleton,2005,http://www.littletonma.org/filestorage/533/AnnualReport2005.pdf,atr,nodes,ERROR
Littleton,2005,https://www.littletonma.org/sites/g/files/vyhlif8011/f/uploads/annualreport_2005.pdf,atr,nodes,ERROR
Littleton,2005,https://www.littletonma.org/sites/littletonma/files/uploads/annualreport_2005.pdf,atr,nodes,ERROR
Littleton,2006,http://www.littletonma.org/filestorage/19479/28346/20201/20348/20357/Annual_Report_2006.pdf,atr,nodes,ERROR
Littleton,2006,http://www.littletonma.org/filestorage/19479/28346/21479/21206/Annual_Report_2006_(1).pdf,atr,nodes,ERROR
Littleton,2006,http://www.littletonma.org/filestorage/533/Annual_Report_2006.pdf,atr,nodes,ERROR
Littleton,2006,https://www.littletonma.org/sites/g/files/vyhlif8011/f/uploads/annualreport_2006.pdf,atr,nodes,ERROR
Littleton,2006,https://www.littletonma.org/sites/littletonma/files/uploads/annualreport_2006.pdf,atr,nodes,ERROR
Littleton,2007,http://www.littletonma.org/filestorage/19455/533/Annual_Report_2007.pdf,atr,nodes,ERROR
Littleton,2007,http://www.littletonma.org/filestorage/19479/28346/20201/20348/20357/Annual_Report_2007.pdf,atr,nodes,ERROR
Littleton,2007,http://www.littletonma.org/filestorage/19479/28346/21173/21185/Annual_Report_2007.pdf,atr,nodes,ERROR
Littleton,2007,http://www.littletonma.org/filestorage/19479/28346/21479/21206/Annual_Report_2007_(1).pdf,atr,nodes,ERROR
Littleton,2007,http://www.littletonma.org/filestorage/533/Annual_Report_2007.pdf,atr,nodes,ERROR
Littleton,2007,https://www.littletonma.org/sites/g/files/vyhlif8011/f/uploads/annualreport_2007.pdf,atr,nodes,ERROR
Littleton,2007,https://www.littletonma.org/sites/littletonma/files/uploads/annualreport_2007.pdf,atr,nodes,ERROR
Littleton,2008,http://www.littletonma.org/filestorage/19479/28346/20201/20348/20357/Microsoft_Word_-_Annual_Report_Final_2008.pdf,atr,nodes,ERROR
Littleton,2008,http://www.littletonma.org/filestorage/19479/28346/21479/21206/Microsoft_Word_-_Annual_Report_Final_2008_(1).pdf,atr,nodes,ERROR
Littleton,2008,http://www.littletonma.org/filestorage/533/Microsoft_Word_-_Annual_Report_Final_2008.pdf,atr,nodes,ERROR
Littleton,2008,https://www.littletonma.org/sites/g/files/vyhlif8011/f/uploads/annualreport_2008.pdf,atr,nodes,ERROR
Littleton,2008,https://www.littletonma.org/sites/littletonma/files/uploads/annualreport_2008.pdf,atr,nodes,ERROR
Littleton,2009,http://www.littletonma.org/filestorage/19455/533/6789/Microsoft_Word_-_2009_TOWN_REPORT.pdf,atr,nodes,ERROR
Littleton,2009,http://www.littletonma.org/filestorage/19479/28346/20201/20348/20357/Microsoft_Word_-_2009_TOWN_REPORT.pdf,atr,nodes,ERROR
Littleton,2009,http://www.littletonma.org/filestorage/19479/28346/21173/21181/Microsoft_Word_-_2009_TOWN_REPORT.pdf,atr,nodes,ERROR
Littleton,2009,http://www.littletonma.org/filestorage/19479/28346/21479/21206/Microsoft_Word_-_2009_TOWN_REPORT_(1).pdf,atr,nodes,ERROR
Littleton,2009,http://www.littletonma.org/filestorage/533/6789/Microsoft_Word_-_2009_TOWN_REPORT.pdf,atr,nodes,ERROR
Littleton,2009,http://www.littletonma.org/filestorage/533/6789/Microsoft_Word_-_2009_TOWN_REPORT_rev_4-23-10.pdf,atr,nodes,ERROR
Littleton,2009,https://www.littletonma.org/sites/g/files/vyhlif8011/f/uploads/annualreport_2009.pdf,atr,nodes,ERROR
Littleton,2009,https://www.littletonma.org/sites/littletonma/files/uploads/annualreport_2009.pdf,atr,nodes,ERROR
Littleton,2010,http://www.littletonma.org/filestorage/19455/533/6789/Microsoft_Word_-_2010_ANNUAL_TOWN_REPORT__doc__2_.pdf,atr,nodes,ERROR
Littleton,2010,http://www.littletonma.org/filestorage/19479/28346/20201/20348/20357/Microsoft_Word_-_2010_ANNUAL_TOWN_REPORT__doc__2_.pdf,atr,nodes,ERROR
Littleton,2010,http://www.littletonma.org/filestorage/19479/28346/21173/21179/Microsoft_Word_-_2010_ANNUAL_TOWN_REPORT__doc__2_.pdf,atr,nodes,ERROR
Littleton,2010,http://www.littletonma.org/filestorage/19479/28346/21479/21206/Microsoft_Word_-_2010_ANNUAL_TOWN_REPORT__doc__2__(1).pdf,atr,nodes,ERROR
Littleton,2010,https://www.littletonma.org/sites/g/files/vyhlif8011/f/uploads/annualreport_2010.pdf,atr,nodes,ERROR
Littleton,2010,https://www.littletonma.org/sites/littletonma/files/uploads/annualreport_2010.pdf,atr,nodes,ERROR
Littleton,2011,http://www.littletonma.org/filestorage/19455/53/125/Copy_of_ELECTION_RESULTS__2011_May.pdf,result,catalog,ERROR
Littleton,2011,http://www.littletonma.org/filestorage/19459/19477/19485/19495/Copy_of_ELECTION_RESULTS__2011_May.pdf,result,catalog,ERROR
Littleton,2011,http://www.littletonma.org/filestorage/19479/28346/20972/20978/Copy_of_ELECTION_RESULTS__2011_May_(1).pdf,result,catalog,ERROR
Littleton,2011,http://www.littletonma.org/filestorage/53/125/Copy_of_ELECTION_RESULTS__2011_May.pdf,result,catalog,ERROR
Littleton,2011,https://www.littletonma.org/sites/g/files/vyhlif8011/f/uploads/annualreport_2011.pdf,atr,nodes,ERROR
Littleton,2011,https://www.littletonma.org/sites/littletonma/files/uploads/annualreport_2011.pdf,atr,nodes,ERROR
Littleton,2012,http://www.littletonma.org/filestorage/19479/28346/20201/20348/20357/2011_TOWN_REPORT_Revised_5-9-2012.pdf,atr,nodes,ERROR
Littleton,2012,http://www.littletonma.org/filestorage/19479/28346/20201/20348/20357/2012_TOWN_REPORT_-_Updated_5-8-13.pdf,atr,nodes,ERROR
Littleton,2012,http://www.littletonma.org/filestorage/19479/28346/21479/21206/2011_TOWN_REPORT_Revised_5-9-2012_(1).pdf,atr,nodes,ERROR
Littleton,2012,http://www.littletonma.org/filestorage/19479/28346/21479/21206/2012_TOWN_REPORT_-_Updated_5-8-13_(1).pdf,atr,nodes,ERROR
Littleton,2012,https://www.littletonma.org/sites/g/files/vyhlif8011/f/uploads/annualreport_2012.pdf,atr,nodes,ERROR
Littleton,2012,https://www.littletonma.org/sites/littletonma/files/uploads/annualreport_2012.pdf,atr,nodes,ERROR
Littleton,2013,http://www.littletonma.org/filestorage/19455/53/125/Election_Results_2013_May.pdf,result,catalog,ERROR
Littleton,2013,http://www.littletonma.org/filestorage/19459/19477/19485/19491/27460/Election_Results_2013_May.pdf,result,catalog,ERROR
Littleton,2013,http://www.littletonma.org/filestorage/19479/19481/19588/http___www.littletonma.org_filestorage_53_1044_127_Trust_Fund_Town_Report_2012_-_May_2013.pdf,atr,nodes,ERROR
Littleton,2013,http://www.littletonma.org/filestorage/19479/19481/28341/http___www.littletonma.org_filestorage_53_1044_127_Trust_Fund_Town_Report_2012_-_May_2013.pdf,atr,nodes,ERROR
Littleton,2013,http://www.littletonma.org/filestorage/19479/28346/20972/20974/Election_Results_2013_May_(1).pdf,result,catalog,ERROR
Littleton,2013,http://www.littletonma.org/filestorage/19479/28346/21479/21206/Microsoft_Word_-_2013_Annual_Town_Report-WEBSITE_Version.pdf,atr,nodes,ERROR
Littleton,2013,https://www.littletonma.org/sites/g/files/vyhlif8011/f/uploads/annualreport_2013.pdf,atr,nodes,ERROR
Littleton,2013,https://www.littletonma.org/sites/littletonma/files/uploads/annualreport_2013.pdf,atr,nodes,ERROR
Littleton,2014,http://www.littletonma.org/filestorage/19459/19477/19485/30116/30120/Certified_Vote_2014_May.pdf,result,catalog,ERROR
Littleton,2014,http://www.littletonma.org/filestorage/19479/28346/21479/21206/2014_Annual_Town_Report.pdf,atr,nodes,ERROR
Littleton,2014,https://www.littletonma.org/sites/g/files/vyhlif8011/f/uploads/annualreport_2014.pdf,atr,nodes,ERROR
Littleton,2014,https://www.littletonma.org/sites/littletonma/files/uploads/annualreport_2014.pdf,atr,nodes,ERROR
Littleton,2015,http://www.littletonma.org/filestorage/19459/19477/19485/33105/33107/Election_Tally_2015_May_(1).pdf,result,catalog,ERROR
Littleton,2015,https://www.littletonma.org/sites/g/files/vyhlif8011/f/uploads/annualreport_2015.pdf,atr,nodes,ERROR
Littleton,2015,https://www.littletonma.org/sites/littletonma/files/uploads/annualreport_2015.pdf,atr,nodes,ERROR
Littleton,2016,https://www.littletonma.org/sites/g/files/vyhlif8011/f/uploads/annualreport_2016.pdf,atr,nodes,ERROR
Littleton,2016,https://www.littletonma.org/sites/littletonma/files/uploads/annualreport_2016.pdf,atr,nodes,ERROR
Littleton,2017,https://www.littletonma.org/sites/g/files/vyhlif8011/f/uploads/annual_town_report_2017_0.pdf,atr,nodes,ERROR
Littleton,2017,https://www.littletonma.org/sites/littletonma/files/uploads/annual_town_report_2017_0.pdf,atr,nodes,ERROR
Littleton,2018,https://www.littletonma.org/sites/g/files/vyhlif8011/f/uploads/town_report_2018.pdf,atr,nodes,ERROR
Littleton,2020,https://www.littletonma.org/sites/g/files/vyhlif8011/f/uploads/copy_of_trust_fund_town_report_2020_0.pdf,atr,nodes,ERROR
Groveland,2004,http://www.grovelandma.com/Pages/GrovelandMA_Water/2004TownReport.pdf,atr,nodes,ERROR
Groveland,2006,http://www.grovelandma.com/Pages/GrovelandMA_Water/2006_Town_Report1.pdf,atr,nodes,ERROR
Groveland,2009,https://www.grovelandma.com/sites/g/files/vyhlif3191/f/uploads/2009_annual_town_report.pdf,atr,nodes,ERROR
Groveland,2009,https://www.grovelandma.com/sites/g/files/vyhlif3191/f/uploads/2009_annual_town_report_0.pdf,atr,nodes,ERROR
Groveland,2010,https://www.grovelandma.com/sites/g/files/vyhlif3191/f/uploads/2010_town_report.pdf,atr,nodes,ERROR
Groveland,2010,https://www.grovelandma.com/sites/g/files/vyhlif3191/f/uploads/2010_town_report_0.pdf,atr,nodes,ERROR
Groveland,2011,https://www.grovelandma.com/sites/g/files/vyhlif3191/f/uploads/2011_annual_town_report.pdf,atr,nodes,ERROR
Groveland,2011,https://www.grovelandma.com/sites/g/files/vyhlif3191/f/uploads/2011_annual_town_report_0.pdf,atr,nodes,ERROR
Groveland,2012,https://www.grovelandma.com/sites/g/files/vyhlif3191/f/uploads/2012_town_report.pdf,atr,nodes,ERROR
Groveland,2013,https://grovelandma.com/wp-content/uploads/2022/04/2013_town_election_results.pdf,result,catalog,ERROR
Groveland,2013,https://www.grovelandma.com/sites/g/files/vyhlif3191/f/uploads/2013_annual_town_report1.pdf,atr,nodes,ERROR
Groveland,2013,https://www.grovelandma.com/sites/g/files/vyhlif3191/f/uploads/2013_town_election_results.pdf,result,catalog,ERROR
Groveland,2014,https://www.grovelandma.com/sites/g/files/vyhlif3191/f/uploads/2014_annual_town_report.pdf,atr,nodes,ERROR
Groveland,2014,https://www.grovelandma.com/sites/g/files/vyhlif3191/f/uploads/2014_annual_town_report1.pdf,atr,nodes,ERROR
Groveland,2015,https://grovelandma.com/wp-content/uploads/2022/03/annual_report_2015.pdf,atr,nodes,ERROR
Groveland,2015,https://grovelandma.com/wp-content/uploads/2022/04/2015_election_results.pdf,result,catalog,ERROR
Groveland,2015,https://www.grovelandma.com/sites/g/files/vyhlif3191/f/uploads/2015_election_results.pdf,result,catalog,ERROR
Groveland,2015,https://www.grovelandma.com/sites/g/files/vyhlif3191/f/uploads/annual_report_2015.pdf,atr,nodes,ERROR
Groveland,2015,https://www.grovelandma.com/sites/grovelandma/files/uploads/annual_report_2015.pdf,atr,nodes,ERROR
Groveland,2016,https://grovelandma.com/wp-content/uploads/2022/04/2016_november_election_results.pdf,result,catalog,ERROR
Groveland,2016,https://grovelandma.com/wp-content/uploads/2022/05/2016_annual_town_report.pdf,atr,nodes,ERROR
Groveland,2016,https://www.grovelandma.com/sites/g/files/vyhlif3191/f/uploads/2016_annual_town_report.pdf,atr,nodes,ERROR
Groveland,2016,https://www.grovelandma.com/sites/g/files/vyhlif3191/f/uploads/2016_november_election_results.pdf,result,catalog,ERROR
Groveland,2016,https://www.grovelandma.com/sites/g/files/vyhlif3191/f/uploads/2016_town_election_results.pdf,result,catalog,ERROR
Groveland,2017,https://grovelandma.com/wp-content/uploads/2022/04/2017_town_election_results.pdf,result,catalog,ERROR
Groveland,2017,https://grovelandma.com/wp-content/uploads/2022/05/2017_annual_town_report.pdf,atr,nodes,ERROR
Groveland,2017,https://www.grovelandma.com/sites/g/files/vyhlif3191/f/uploads/2017_annual_town_report.pdf,atr,nodes,ERROR
Groveland,2017,https://www.grovelandma.com/sites/g/files/vyhlif3191/f/uploads/2017_town_election_results.pdf,result,catalog,ERROR
Groveland,2018,https://grovelandma.com/wp-content/uploads/2022/05/fy2018_annual_town_report.pdf,atr,nodes,ERROR
Groveland,2018,https://www.grovelandma.com/sites/g/files/vyhlif3191/f/uploads/fy2018_annual_town_report.pdf,atr,nodes,ERROR
Groveland,2019,https://grovelandma.com/wp-content/uploads/2022/04/may_2019_election_results_form.pdf,result,catalog,ERROR
Groveland,2019,https://grovelandma.com/wp-content/uploads/2022/05/fy2019_annual_report_0.pdf,atr,nodes,ERROR
Groveland,2019,https://www.grovelandma.com/sites/g/files/vyhlif3191/f/uploads/fy2019_annual_report_0.pdf,atr,nodes,ERROR
Groveland,2019,https://www.grovelandma.com/sites/g/files/vyhlif3191/f/uploads/may_2019_election_results_form.pdf,result,catalog,ERROR
Groveland,2020,https://grovelandma.com/wp-content/uploads/2022/04/final_certified_election_results_town_of_groveland_november_3_2020_election_0.pdf,result,catalog,ERROR
Groveland,2020,https://grovelandma.com/wp-content/uploads/2022/04/town_clerk_election_official_notice_of_post-election_tabulation_november_10_2020.pdf,result,catalog,ERROR
Groveland,2020,https://grovelandma.com/wp-content/uploads/2022/11/2020-Annual-Town-Report.pdf,atr,nodes,ERROR
Groveland,2020,https://www.grovelandma.com/sites/g/files/vyhlif3191/f/news/final_certified_election_results_town_of_groveland_november_3_2020_election_0.pdf,result,catalog,ERROR
Rockland,2003,http://www.rockland-ma.gov/sites/rocklandma/files/uploads/2003_rockland_town_report.pdf,atr,nodes,ERROR
Rockland,2004,http://www.rockland-ma.gov/pdf/townrpt2004/2004%20Town%20Report.pdf,atr,nodes,ERROR
Rockland,2004,http://www.rockland-ma.gov/sites/rocklandma/files/uploads/2004_town_report.pdf,atr,nodes,ERROR
Rockland,2005,http://www.rockland-ma.gov/sites/rocklandma/files/uploads/2005_town_report.pdf,atr,nodes,ERROR
Rockland,2006,http://www.rockland-ma.gov/pdf/townrpt2006/2006_Town_Report.pdf,atr,nodes,ERROR
Rockland,2006,http://www.rockland-ma.gov/sites/rocklandma/files/uploads/2006_town_report.pdf,atr,nodes,ERROR
Rockland,2007,http://rockland-ma.gov/download/town-reports/2007_Town_Report.pdf,atr,nodes,ERROR
Rockland,2007,http://www.rockland-ma.gov/sites/rocklandma/files/uploads/2007_town_report.pdf,atr,nodes,ERROR
Rockland,2008,http://www.rockland-ma.gov/sites/rocklandma/files/uploads/2008_town_report.pdf,atr,nodes,ERROR
Rockland,2009,http://www.rockland-ma.gov/pdf/townrpt2009/Rockland-2009-Town-Report.pdf,atr,nodes,ERROR
Rockland,2009,http://www.rockland-ma.gov/sites/rocklandma/files/uploads/rockland-2009-town-report.pdf,atr,nodes,ERROR
Rockland,2010,http://rockland-ma.gov/download/town-reports/Rockland-2010-Town-Report.pdf,atr,nodes,ERROR
Rockland,2010,http://www.rockland-ma.gov/sites/rocklandma/files/uploads/rec2010townreport.pdf,atr,nodes,ERROR
Rockland,2010,http://www.rockland-ma.gov/sites/rocklandma/files/uploads/rockland-2010-town-report.pdf,atr,nodes,ERROR
Rockland,2011,http://www.rockland-ma.gov/sites/rocklandma/files/uploads/rockland_2011_town_report_web_report.pdf,atr,nodes,ERROR
Rockland,2012,http://www.rockland-ma.gov/sites/rocklandma/files/uploads/rockland_2012_annual_town_report.pdf,atr,nodes,ERROR
Rockland,2013,http://rockland-ma.gov/download/selectmen-forms/2013%20Annual%20Town%20Report%20Notice%20PDF.pdf,atr,nodes,ERROR
Rockland,2013,http://www.rockland-ma.gov/sites/rocklandma/files/uploads/2013annualtownreport_rocklandma.pdf,atr,nodes,ERROR
Rockland,2014,http://www.rockland-ma.gov/sites/rocklandma/files/uploads/2014_rockland_annual_town_report.pdf,atr,nodes,ERROR
Rockland,2015,http://www.rockland-ma.gov/sites/rocklandma/files/uploads/sra_2015_annual_report.pdf,atr,nodes,ERROR
Reading,2009,http://www.readingma.gov:80/sites/readingma/files/file/file/2009-04-07_election_results.pdf,result,catalog,ERROR
Reading,2010,http://www.readingma.gov:80/sites/readingma/files/file/file/2010-04-06_election_results.pdf,result,catalog,ERROR
Reading,2010,http://www.readingma.gov:80/sites/readingma/files/file/file/2010-06-23_election_results.pdf,result,catalog,ERROR
Reading,2010,http://www.readingma.gov:80/sites/readingma/files/file/file/2010-09-14_election_results.pdf,result,catalog,ERROR
Reading,2010,http://www.readingma.gov:80/sites/readingma/files/file/file/2010-11-02_election_results.pdf,result,catalog,ERROR
Reading,2011,http://www.readingma.gov:80/sites/readingma/files/file/file/2011-05-04_election_results.pdf,result,catalog,ERROR
Reading,2012,http://www.readingma.gov:80/sites/readingma/files/file/file/2012-03-06_election_results.pdf,result,catalog,ERROR
Reading,2012,http://www.readingma.gov:80/sites/readingma/files/file/file/2012-11-06_election_results.pdf,result,catalog,ERROR
Reading,2013,http://www.readingma.gov:80/sites/readingma/files/file/file/2013-04-02_election_results.pdf,result,catalog,ERROR
Reading,2013,http://www.readingma.gov:80/sites/readingma/files/file/file/2013-06-25_election_results_1.pdf,result,catalog,ERROR
Reading,2014,http://www.readingma.gov:80/sites/readingma/files/file/file/2014-04-01_local_election_results_0.pdf,result,catalog,ERROR
Reading,2015,http://www.readingma.gov:80/sites/readingma/files/file/file/2015-04-07_local_election_results_4.pdf,result,catalog,ERROR
Reading,2016,http://www.readingma.gov:80/sites/readingma/files/file/file/2016-03-01_local_election_results_2.pdf,result,catalog,ERROR
Salem,2000,https://www.salemma.gov/DocumentCenter/View/1670/2000-to-2009-Election-Results-PDF,result,catalog,ERROR
Salem,2000,https://www.salemma.gov/sites/g/files/vyhlif12836/f/pages/2000_-_2009_election_results_0.pdf,result,catalog,ERROR
Salem,2010,https://www.salemma.gov/DocumentCenter/View/1671/2010-to-September-2019-Election-Results-PDF,result,catalog,ERROR
Salem,2010,https://www.salemma.gov/sites/g/files/vyhlif12836/f/pages/2010_-_sep-2019_election_results_0.pdf,result,catalog,ERROR
Salem,2019,https://www.salemma.gov/DocumentCenter/View/1673/November-2019-to-November-2020-Election-Results-PDF,result,catalog,ERROR
Salem,2019,https://www.salemma.gov/sites/g/files/vyhlif12836/f/pages/nov-2019_-_nov_2020_election_results_0.pdf,result,catalog,ERROR
Salem,2019,https://www.salemma.gov/sites/g/files/vyhlif7986/f/pages/nov-2019_-_nov_2020_election_results_0.pdf,result,catalog,ERROR
Charlemont,2006,http://www.charlemont-ma.us/Town/Minutes/Finance/FinComAnnualReport2006.pdf,atr,nodes,ERROR
Lunenburg,2016,http://lunenburgma.gov:80/filestorage/77/1234/2016_Annual_Report.pdf,atr,nodes,ERROR
Lunenburg,2016,http://lunenburgma.gov:80/filestorage/77/1234/2016_Annual_Report_Addendum.pdf,atr,nodes,ERROR
Lunenburg,2016,"http://www.lunenburgma.gov:80/filestorage/202/240/637/Election_Results_May_21,_2016.pdf",result,catalog,ERROR
Royalston,2014,http://www.royalston-ma.gov/Wordpress/wp-content/uploads/2014/01/FY2014-Annual-Report-pdf.pdf,atr,nodes,ERROR
Royalston,2020,https://www.royalston-ma.gov/sites/g/files/vyhlif1151/f/uploads/11-3-2020_presidental_election_results.pdf,result,catalog,ERROR
Georgetown,2006,http://www.georgetownma.gov:80/Public_Documents/GeorgetownMA_BBoard/Election%20results%2011-7-2006.pdf?FCItemID=S00B67E16,result,catalog,ERROR
Chesterfield,2018,http://www.townofchesterfieldma.com:80/attachments/article/129/2018%20Annual%20Election%20Results.pdf,result,catalog,ERROR
Monson,2002,http://www.monson-ma.gov/sites/monsonma/files/uploads/town_report_2002.pdf,atr,nodes,ERROR
Monson,2003,http://www.monson-ma.gov/sites/monsonma/files/uploads/town_report_2003.pdf,atr,nodes,ERROR
Monson,2004,http://www.monson-ma.gov/sites/monsonma/files/uploads/town_report_2004.pdf,atr,nodes,ERROR
Monson,2005,http://www.monson-ma.gov/sites/monsonma/files/uploads/town_report_2005.pdf,atr,nodes,ERROR
Monson,2006,http://www.monson-ma.gov/Public_Documents/MonsonMA_Collector/Annual_Report_2006.pdf,atr,nodes,ERROR
Monson,2006,http://www.monson-ma.gov/sites/monsonma/files/uploads/town_report_2006.pdf,atr,nodes,ERROR
Monson,2007,http://www.monson-ma.gov/Public_Documents/MonsonMA_Assessor/town_report_2007.Pdf,atr,nodes,ERROR
Monson,2007,http://www.monson-ma.gov/Public_Documents/MonsonMA_Collector/Annual_Report_2007.pdf,atr,nodes,ERROR
Monson,2007,http://www.monson-ma.gov/sites/monsonma/files/uploads/town_report_2007.pdf,atr,nodes,ERROR
Monson,2008,http://www.monson-ma.gov/sites/monsonma/files/uploads/town_report_2008.pdf,atr,nodes,ERROR
Monson,2009,http://www.monson-ma.gov/sites/monsonma/files/uploads/town_report_2009.pdf,atr,nodes,ERROR
Monson,2010,http://www.monson-ma.gov/sites/monsonma/files/uploads/town_report_2010.pdf,atr,nodes,ERROR
Monson,2012,http://www.monson-ma.gov/sites/monsonma/files/uploads/town_report_2012.pdf,atr,nodes,ERROR
Monson,2013,http://www.monson-ma.gov/sites/monsonma/files/uploads/2013_town_collectors_annual_report.pdf,atr,nodes,ERROR
Monson,2013,http://www.monson-ma.gov/sites/monsonma/files/uploads/town_report_2013.pdf,atr,nodes,ERROR
Monson,2014,http://www.monson-ma.gov/sites/monsonma/files/uploads/2014_collectors_annual_report.pdf,atr,nodes,ERROR
Monson,2014,http://www.monson-ma.gov/sites/monsonma/files/uploads/board_of_assessors_2014_town_report.pdf,atr,nodes,ERROR
Monson,2014,http://www.monson-ma.gov/sites/monsonma/files/uploads/town_report_2014.pdf,atr,nodes,ERROR
Monson,2015,http://www.monson-ma.gov/sites/monsonma/files/uploads/2015_town_report_of_the_monson_board_of_health.pdf,atr,nodes,ERROR
Monson,2015,http://www.monson-ma.gov/sites/monsonma/files/uploads/assessors_2015_town_report.pdf,atr,nodes,ERROR
Monson,2015,http://www.monson-ma.gov/sites/monsonma/files/uploads/board_of_health_2015_town_report.pdf,atr,nodes,ERROR
Monson,2015,http://www.monson-ma.gov/sites/monsonma/files/uploads/cemetery_dept._2015_annual_town_report.pdf,atr,nodes,ERROR
Monson,2015,http://www.monson-ma.gov/sites/monsonma/files/uploads/council_on_aging_town_report_2015.pdf,atr,nodes,ERROR
Monson,2015,http://www.monson-ma.gov/sites/monsonma/files/uploads/highway_department_2015_town_report.pdf,atr,nodes,ERROR
Monson,2015,http://www.monson-ma.gov/sites/monsonma/files/uploads/keep_homestead_2015_town_report.pdf,atr,nodes,ERROR
Monson,2015,http://www.monson-ma.gov/sites/monsonma/files/uploads/library_2015_town_report.pdf,atr,nodes,ERROR
Monson,2015,http://www.monson-ma.gov/sites/monsonma/files/uploads/monson_housing_authority_2015_town_report.pdf,atr,nodes,ERROR
Monson,2015,http://www.monson-ma.gov/sites/monsonma/files/uploads/monson_schools_2015_town_report.pdf,atr,nodes,ERROR
Monson,2015,http://www.monson-ma.gov/sites/monsonma/files/uploads/pathfinder_2015_town_report.pdf,atr,nodes,ERROR
Monson,2015,http://www.monson-ma.gov/sites/monsonma/files/uploads/scholarship_committee_2015_town_report.pdf,atr,nodes,ERROR
Monson,2015,http://www.monson-ma.gov/sites/monsonma/files/uploads/town_collectors_2015_annual_town_report.pdf,atr,nodes,ERROR
Monson,2015,http://www.monson-ma.gov/sites/monsonma/files/uploads/town_collectors_2015_annual_town_report_0.pdf,atr,nodes,ERROR
Monson,2015,http://www.monson-ma.gov/sites/monsonma/files/uploads/town_report_2015.pdf,atr,nodes,ERROR
Monson,2015,http://www.monson-ma.gov/sites/monsonma/files/uploads/tree_warden_2015_town_report.pdf,atr,nodes,ERROR
Monson,2015,http://www.monson-ma.gov/sites/monsonma/files/uploads/water_and_sewer_2015_town_report.pdf,atr,nodes,ERROR
Monson,2019,https://www.monson-ma.gov/sites/g/files/vyhlif926/f/uploads/2019_collectors_annual_report_0.pdf,atr,nodes,ERROR
Monson,2020,https://www.monson-ma.gov/sites/g/files/vyhlif926/f/uploads/collectors_2020_annual_town_report_0.pdf,atr,nodes,ERROR
Williamsburg,2006,http://burgy.org/Pages/WilliamsburgMA_Admin/newsletter/2006annualreport/2006annual.pdf,atr,nodes,ERROR
Williamsburg,2006,http://burgy.org/Pages/WilliamsburgMA_Admin/newsletter/2006annualreport/accountant.pdf,atr,nodes,ERROR
Williamsburg,2006,http://burgy.org/Pages/WilliamsburgMA_Admin/newsletter/2006annualreport/apptofficials.pdf,atr,nodes,ERROR
Williamsburg,2006,http://burgy.org/Pages/WilliamsburgMA_Admin/newsletter/2006annualreport/assessor.pdf,atr,nodes,ERROR
Williamsburg,2006,http://burgy.org/Pages/WilliamsburgMA_Admin/newsletter/2006annualreport/brassworks.pdf,atr,nodes,ERROR
Williamsburg,2006,http://burgy.org/Pages/WilliamsburgMA_Admin/newsletter/2006annualreport/buildinspect.pdf,atr,nodes,ERROR
Williamsburg,2006,http://burgy.org/Pages/WilliamsburgMA_Admin/newsletter/2006annualreport/capplan.pdf,atr,nodes,ERROR
Williamsburg,2006,http://burgy.org/Pages/WilliamsburgMA_Admin/newsletter/2006annualreport/clerk.pdf,atr,nodes,ERROR
Williamsburg,2006,http://burgy.org/Pages/WilliamsburgMA_Admin/newsletter/2006annualreport/coa.pdf,atr,nodes,ERROR
Williamsburg,2006,http://burgy.org/Pages/WilliamsburgMA_Admin/newsletter/2006annualreport/collector.pdf,atr,nodes,ERROR
Williamsburg,2006,http://burgy.org/Pages/WilliamsburgMA_Admin/newsletter/2006annualreport/conservation.pdf,atr,nodes,ERROR
Williamsburg,2006,http://burgy.org/Pages/WilliamsburgMA_Admin/newsletter/2006annualreport/cover.pdf,atr,nodes,ERROR
Williamsburg,2006,http://burgy.org/Pages/WilliamsburgMA_Admin/newsletter/2006annualreport/electofficials.pdf,atr,nodes,ERROR
Williamsburg,2006,http://burgy.org/Pages/WilliamsburgMA_Admin/newsletter/2006annualreport/elem.pdf,atr,nodes,ERROR
Williamsburg,2006,http://burgy.org/Pages/WilliamsburgMA_Admin/newsletter/2006annualreport/employee.pdf,atr,nodes,ERROR
Williamsburg,2006,http://burgy.org/Pages/WilliamsburgMA_Admin/newsletter/2006annualreport/finance.pdf,atr,nodes,ERROR
Williamsburg,2006,http://burgy.org/Pages/WilliamsburgMA_Admin/newsletter/2006annualreport/fire.pdf,atr,nodes,ERROR
Williamsburg,2006,http://burgy.org/Pages/WilliamsburgMA_Admin/newsletter/2006annualreport/foothills.pdf,atr,nodes,ERROR
Williamsburg,2006,http://burgy.org/Pages/WilliamsburgMA_Admin/newsletter/2006annualreport/govofficials.pdf,atr,nodes,ERROR
Williamsburg,2006,http://burgy.org/Pages/WilliamsburgMA_Admin/newsletter/2006annualreport/healthboard.pdf,atr,nodes,ERROR
Williamsburg,2016,https://www.burgy.org/sites/g/files/vyhlif1451/f/uploads/annual_report_2016.pdf,atr,nodes,ERROR
Williamsburg,2017,https://www.burgy.org/sites/g/files/vyhlif1451/f/uploads/2017_annual_report.pdf,atr,nodes,ERROR
Hawley,2012,http://www.townofhawley.com/wp-content/uploads/docs/AnnTwnMtg/Hawley-Annual-Town-Report-2012.pdf,atr,nodes,ERROR
Hawley,2013,http://www.townofhawley.com/wp-content/uploads/docs/AnnTwnMtg/Hawley-Annual-Town-Report-2013.pdf,atr,nodes,ERROR
Hawley,2015,http://www.townofhawley.com/wp-content/uploads/docs/AnnTwnMtg/2015-Town-Report-Final.pdf,atr,nodes,ERROR
Hawley,2016,http://www.townofhawley.com/wp-content/uploads/docs/AnnTwnMtg/2016-ANNUAL-HAWLEY-TOWN-REPORT-Final.pdf,atr,nodes,ERROR
Hawley,2017,http://www.townofhawley.com/wp-content/uploads/docs/AnnTwnMtg/2017%20ANNUAL%20TOWN%20REPORT.comp.pdf,atr,nodes,ERROR
Hawley,2019,http://www.townofhawley.com/wp-content/uploads/docs/AnnTwnMtg/2019%20Hawley%20Town%20Report%205.8.20%20FINAL.pdf,atr,nodes,ERROR
Hawley,2020,http://www.townofhawley.com/wp-content/uploads/docs/AnnTwnMtg/2020-Hawley-Town-Report-FINAL-Rev.pdf,atr,nodes,ERROR
Shelburne,2006,https://townofshelburne.com/files/2006_Open_Space_annual_report.pdf,atr,nodes,ERROR
Shelburne,2007,http://townofshelburne.com/documents/OpenSpaceCommittee/2007_open_space_annual_report.pdf,atr,nodes,ERROR
Shelburne,2011,https://townofshelburne.com/files/2011_Open_Space_annual_report.pdf,atr,nodes,ERROR
Shelburne,2012,https://townofshelburne.com/files/2012_Open_Space_annual_report.pdf,atr,nodes,ERROR
Shelburne,2013,https://townofshelburne.com/files/2013_Open_Space_annual_report.pdf,atr,nodes,ERROR
Shelburne,2014,https://townofshelburne.com/files/2014_Open_Space_annual_report.pdf,atr,nodes,ERROR
Upton,2010,http://www.uptonma.gov/sites/uptonma/files/uploads/2010_annual_report_for_cc.pdf,atr,nodes,ERROR
Upton,2010,http://www.uptonma.gov/sites/uptonma/files/uploads/2010_annual_report_for_os.pdf,atr,nodes,ERROR
Upton,2011,http://www.uptonma.gov/sites/uptonma/files/uploads/2011_annual_report_for_cc.pdf,atr,nodes,ERROR
Upton,2011,http://www.uptonma.gov/sites/uptonma/files/uploads/2011_annual_report_for_os.pdf,atr,nodes,ERROR
Upton,2013,http://www.uptonma.gov/sites/uptonma/files/uploads/2013_annual_report_of_the_upton_land_stewardship_committee.pdf,atr,nodes,ERROR
Upton,2014,http://www.uptonma.gov/sites/uptonma/files/uploads/2014_annual_report_of_the_upton_land_stewardship_committee_3.1.pdf,atr,nodes,ERROR
Upton,2015,http://www.uptonma.gov/sites/uptonma/files/uploads/2015_annual_report_of_the_upton_land_stewardship_committee_vbtmpms.pdf,atr,nodes,ERROR
Upton,2015,http://www.uptonma.gov/sites/uptonma/files/uploads/2015_annual_town_report.pdf,atr,nodes,ERROR
Upton,2015,http://www.uptonma.gov/sites/uptonma/files/uploads/2015_ms4_annual_report.pdf,atr,nodes,ERROR
Upton,2015,https://www.uptonma.gov/sites/g/files/vyhlif5121/f/uploads/2015_ms4_annual_report.pdf,atr,nodes,ERROR
Bedford,2005,http://www.bedfordnh.org:80/dept/townmanager/townreport2005.pdf,atr,nodes,ERROR
Bedford,2007,http://www.bedfordnh.org:80/dept/finance/2007finance/2007%20Bedford%20Annual%20Report.pdf,atr,nodes,ERROR
Bedford,2008,http://www.bedfordnh.org:80/dept/finance/2008finance/2008%20Bedford%20Annual%20Report.pdf,atr,nodes,ERROR
Bedford,2009,http://bedfordnh.org:80/dept/clerk/2009clerk/2009%20Town%20and%20School%20Election%20Results%201.pdf,result,catalog,ERROR
Bedford,2009,http://www.bedfordnh.org:80/pages/BedfordNH_Clerk/2009annualreport.pdf,atr,nodes,NOT_PDF
Bedford,2011,http://www.bedfordnh.org:80/pages/BedfordNH_Clerk/2011annualreport.pdf,atr,nodes,NOT_PDF
Fitchburg,2011,"http://www.fitchburgma.gov/news/November%208,%202011%20Election%20Results.pdf",result,catalog,ERROR
Fitchburg,2013,http://www.fitchburgma.gov/government/city_clerk/elections-voting/ElectionResults/2013-November-5-FinalResults.pdf,result,catalog,ERROR
Fitchburg,2014,http://www.fitchburgma.gov/government/city_clerk/elections-voting/2014-11-04-Results-Official.pdf,result,catalog,ERROR
Fitchburg,2014,http://www.fitchburgma.gov/government/city_clerk/elections-voting/ElectionResults/2014-09-09-primary-official-09122014145055.pdf,result,catalog,ERROR
Dennis,2008,http://www.town.dennis.ma.us:80/pdffiles/2008%20Annual%20Report.pdf,atr,nodes,ERROR
Dennis,2009,http://www.town.dennis.ma.us:80/Pages/DennisMA_Accounting/2009TownReport.pdf,atr,nodes,ERROR
Leicester,2014,http://www.leicesterma.org:80/sites/leicesterma/files/uploads/2014_annual_town_report.pdf,atr,nodes,ERROR
Maynard,2014,http://www.townofmaynard-ma.gov:80/wp-content/uploads/2014/04/maynard-town-report-2013.pdf,atr,nodes,ERROR
Swansea,2016,https://cms8.revize.com/revize/brownstownmi/document_center/Clerk/Election%20Information/2016AugustElectionResults.pdf,result,catalog,ERROR
Swansea,2018,https://cms8.revize.com/revize/brownstownmi//document_center/Clerk/Election%20Information/Unofficial%20Election%20Results%20-%2011.06.2018.pdf,result,catalog,ERROR
Swansea,2019,https://cms8.revize.com/revize/adrianmi/Document%20Center/Community/Downtown%20Development%20Authority/DDa%20Finanacial%20Information/Finanacial%20Information/FY-2019-DDA-TIF-Report-Annual-Report.pdf,atr,nodes,ERROR
Swansea,2020,"https://cms8.revize.com/revize/brownstownmi//document_center/Clerk/Election%20Information/Unofficial%20Election%20Results%20-%20November%203,%202020.pdf",result,catalog,ERROR
Swansea,2020,"https://cms8.revize.com/revize/brownstownmi/document_center/Clerk/Election%20Information/Unofficial%20Election%20Results%20-%20March%2010,%202020.pdf",result,catalog,ERROR
Swansea,2020,https://cms8.revize.com/revize/cedarrapids/2020%20MVP%20Annual%20Report.pdf,atr,nodes,ERROR
Westminster,2007,http://www.westminster-ma.gov/sites/westminsterma/files/uploads/2007_fd_annual_report.pdf,atr,nodes,ERROR
Westminster,2007,https://www.westminster-ma.gov/sites/g/files/vyhlif1431/f/uploads/2007_fd_annual_report.pdf,atr,nodes,ERROR
Westminster,2008,http://www.westminster-ma.gov/sites/westminsterma/files/uploads/2008_fd_annual_report.pdf,atr,nodes,ERROR
Westminster,2008,https://www.westminster-ma.gov/sites/g/files/vyhlif1431/f/uploads/2008_fd_annual_report.pdf,atr,nodes,ERROR
Westminster,2009,http://www.westminster-ma.gov/documents/WestminsterTownReport2009.pdf,atr,nodes,ERROR
Westminster,2009,http://www.westminster-ma.gov/sites/westminsterma/files/uploads/2009_fd_annual_report.pdf,atr,nodes,ERROR
Westminster,2009,https://www.westminster-ma.gov/sites/g/files/vyhlif1431/f/uploads/2009_fd_annual_report.pdf,atr,nodes,ERROR
Westminster,2010,http://www.westminster-ma.gov/documents/Annual2010TownReport.pdf,atr,nodes,ERROR
Westminster,2010,http://www.westminster-ma.gov/sites/westminsterma/files/uploads/2010_fd_annual_report.pdf,atr,nodes,ERROR
Westminster,2010,https://www.westminster-ma.gov/sites/g/files/vyhlif1431/f/uploads/2010_fd_annual_report.pdf,atr,nodes,ERROR
Westminster,2012,http://www.westminster-ma.gov/sites/westminsterma/files/uploads/2012_annual_town_election_results_0.pdf,result,catalog,ERROR
Westminster,2012,http://www.westminster-ma.gov/sites/westminsterma/files/uploads/2012_annual_town_report_final_with_cover.pdf,atr,nodes,ERROR
Westminster,2012,https://www.westminster-ma.gov/sites/g/files/vyhlif1431/f/uploads/2012_annual_town_election_results_0.pdf,result,catalog,ERROR
Westminster,2012,https://www.westminster-ma.gov/sites/g/files/vyhlif1431/f/uploads/2012_annual_town_report_final_with_cover.pdf,atr,nodes,ERROR
Westminster,2013,http://www.westminster-ma.gov/sites/westminsterma/files/uploads/2013_annual_town_report.pdf,atr,nodes,ERROR
Westminster,2013,https://www.westminster-ma.gov/sites/g/files/vyhlif1431/f/uploads/2013_annual_town_report.pdf,atr,nodes,ERROR
Westminster,2014,https://www.westminster-ma.gov/sites/g/files/vyhlif1431/f/uploads/2014_town_report.pdf,atr,nodes,ERROR
Westminster,2015,http://www.westminster-ma.gov/sites/westminsterma/files/uploads/2015_town_report_website.pdf,atr,nodes,ERROR
Westminster,2015,https://www.westminster-ma.gov/sites/g/files/vyhlif1431/f/uploads/2015_fd_annual_report.pdf,atr,nodes,ERROR
Westminster,2015,https://www.westminster-ma.gov/sites/g/files/vyhlif1431/f/uploads/2015_town_report_website.pdf,atr,nodes,ERROR
Westminster,2016,http://www.westminster-ma.gov/sites/westminsterma/files/uploads/2016_annual_town_election_results.pdf,result,catalog,ERROR
Westminster,2016,https://www.westminster-ma.gov/sites/g/files/vyhlif1431/f/uploads/2016_annual_town_election_results.pdf,result,catalog,ERROR
Westminster,2016,https://www.westminster-ma.gov/sites/g/files/vyhlif1431/f/uploads/2016_fd_annual_report_submitted_updated.pdf,atr,nodes,ERROR
Westminster,2018,https://www.westminster-ma.gov/sites/g/files/vyhlif1431/f/uploads/04-24-2018_annual_town_election_results.pdf,result,catalog,ERROR
Westminster,2018,https://www.westminster-ma.gov/sites/g/files/vyhlif1431/f/uploads/2018_town_report_for_website.pdf,atr,nodes,ERROR
Westminster,2019,https://www.westminster-ma.gov/sites/g/files/vyhlif1431/f/uploads/2019_town_report_website_version.pdf,atr,nodes,ERROR
Westminster,2020,https://www.westminster-ma.gov/sites/g/files/vyhlif1431/f/uploads/06-16-2020_annual_town_election_results.pdf,result,catalog,ERROR
Westminster,2020,https://www.westminster-ma.gov/sites/g/files/vyhlif1431/f/uploads/2020_town_report_website.pdf,atr,nodes,ERROR
Lee,2000,http://www.lee.ma.us/sites/g/files/vyhlif771/f/uploads/town_report_cy_2000.pdf,atr,nodes,ERROR
Lee,2001,http://www.lee.ma.us/sites/g/files/vyhlif771/f/uploads/town_report_fy_2001.pdf,atr,nodes,ERROR
Lee,2002,http://www.lee.ma.us/sites/g/files/vyhlif771/f/uploads/town_report_fy_2002.pdf,atr,nodes,ERROR
Lee,2002,https://www.lee.ma.us/sites/leema/files/uploads/town_report_fy_2002.pdf,atr,nodes,ERROR
Lee,2003,http://www.lee.ma.us/sites/g/files/vyhlif771/f/uploads/town_report_fy_2003.pdf,atr,nodes,ERROR
Lee,2004,http://www.lee.ma.us/sites/g/files/vyhlif771/f/uploads/town_report_fy_2004.pdf,atr,nodes,ERROR
Lee,2005,http://www.lee.ma.us/Town_Reports/FY%2005%20Town_Report.pdf,atr,nodes,ERROR
Lee,2006,http://www.lee.ma.us/Town_Reports/FY%2006%20Town%20Report.pdf,atr,nodes,ERROR
Lee,2007,http://www.lee.ma.us/Town_Reports/FY%2007%20Town%20Report.pdf,atr,nodes,ERROR
Lee,2008,http://www.lee.ma.us/Town_Reports/FY%2008%20Town%20Report.pdf,atr,nodes,ERROR
Lee,2010,http://www.lee.ma.us/Town_Reports/Fy%2010%20Town%20Report.pdf,atr,nodes,ERROR
Lee,2011,http://www.lee.ma.us/Town_Reports/Fy%2011%20Town%20Report.pdf,atr,nodes,ERROR
Lee,2012,http://www.lee.ma.us/Town_Reports/FY%2012%20Town%20Report.pdf,atr,nodes,ERROR
Lee,2013,http://www.lee.ma.us/Town_Reports/FY%2013%20Town%20Report.pdf,atr,nodes,ERROR
Lee,2016,http://www.lee.ma.us/sites/g/files/vyhlif771/f/uploads/town_report_fy_2016.pdf,atr,nodes,ERROR
Lee,2016,https://www.lee.ma.us/sites/leema/files/uploads/town_report_fy_2016.pdf,atr,nodes,ERROR
Lee,2017,http://www.lee.ma.us/sites/g/files/vyhlif771/f/uploads/town_report_fy_2017.pdf,atr,nodes,ERROR
Lee,2018,http://www.lee.ma.us/sites/g/files/vyhlif771/f/uploads/town_report_fy_2018.pdf,atr,nodes,ERROR
Palmer,2004,http://www.townofpalmer.com/Forms/2004TownReport.pdf,atr,nodes,ERROR
Palmer,2005,http://www.townofpalmer.com/Pages/PalmerMA_Fire/2005ANNUALREPORT.pdf,atr,nodes,ERROR
Palmer,2010,http://www.townofpalmer.com/vertical/sites/%7B034F9CAE-5196-4551-90C2-FBFD76374BDB%7D/uploads/POLICE_DEPARMENT_ANNUAL_REPORT-FY2010.pdf,atr,nodes,ERROR
Palmer,2012,http://www.townofpalmer.com/vertical/sites/%7B034F9CAE-5196-4551-90C2-FBFD76374BDB%7D/uploads/POLICE_DEPARMENT_ANNUAL_REPORT-FY2012.pdf,atr,nodes,ERROR
Palmer,2013,http://www.townofpalmer.com/vertical/sites/%7B034F9CAE-5196-4551-90C2-FBFD76374BDB%7D/uploads/POLICE_DEPARMENT_ANNUAL_REPORT-FY2013.pdf,atr,nodes,ERROR
Palmer,2013,https://www.townofpalmer.com/vertical/sites/%7B034F9CAE-5196-4551-90C2-FBFD76374BDB%7D/uploads/FY_2013_Annual_Report(1).pdf,atr,nodes,ERROR
Palmer,2014,https://www.townofpalmer.com/vertical/sites/%7B034F9CAE-5196-4551-90C2-FBFD76374BDB%7D/uploads/FY_2014_Annual_Report(1).pdf,atr,nodes,ERROR
Palmer,2015,http://www.townofpalmer.com/vertical/sites/%7B034F9CAE-5196-4551-90C2-FBFD76374BDB%7D/uploads/FY_2015_Annual_Report.pdf,atr,nodes,ERROR
Palmer,2015,https://www.townofpalmer.com/vertical/sites/%7B034F9CAE-5196-4551-90C2-FBFD76374BDB%7D/uploads/FY_2015_Annual_Report(1).pdf,atr,nodes,ERROR
Palmer,2016,https://www.townofpalmer.com/vertical/sites/%7B034F9CAE-5196-4551-90C2-FBFD76374BDB%7D/uploads/FY_2016_Annual_Report(1).pdf,atr,nodes,ERROR
Palmer,2017,https://www.townofpalmer.com/vertical/sites/%7B034F9CAE-5196-4551-90C2-FBFD76374BDB%7D/uploads/FY_2017_Annual_Report(1).pdf,atr,nodes,ERROR
Palmer,2018,https://www.townofpalmer.com/vertical/sites/%7B034F9CAE-5196-4551-90C2-FBFD76374BDB%7D/uploads/FY_2018_Annual_Report(1).pdf,atr,nodes,ERROR
Palmer,2019,https://www.townofpalmer.com/vertical/sites/%7B034F9CAE-5196-4551-90C2-FBFD76374BDB%7D/uploads/FY_2019_Annual_Report.pdf,atr,nodes,ERROR
Palmer,2020,https://www.townofpalmer.com/vertical/sites/%7B034F9CAE-5196-4551-90C2-FBFD76374BDB%7D/uploads/DEPARTMENT_OF_PUBLIC_SAFETY_annual_report_FY_2020.pdf,atr,nodes,ERROR
Palmer,2020,https://www.townofpalmer.com/vertical/sites/%7B034F9CAE-5196-4551-90C2-FBFD76374BDB%7D/uploads/FY_2020_Annual_Report.pdf,atr,nodes,ERROR
Barnstable,2008,http://town.barnstable.ma.us/AnnualReports/annualreport2008.pdf,atr,nodes,NOT_PDF
Barnstable,2009,http://town.barnstable.ma.us/AnnualReports/2009annualreport.pdf,atr,nodes,NOT_PDF
Barnstable,2010,http://www.town.barnstable.ma.us/AnnualReports/AR2010webfinal.pdf,atr,nodes,NOT_PDF
Barnstable,2012,http://www.town.barnstable.ma.us/AnnualReports/2012ARforweb.pdf,atr,nodes,NOT_PDF
Barnstable,2012,http://www.town.barnstable.ma.us/AnnualReports/AR_WEB_2012_2.pdf,atr,nodes,NOT_PDF
Mount Washington,2012,https://mountwashington-ma.gov/download/town_clerk/election_results/2012-Election-Results.pdf,result,catalog,ERROR
Mount Washington,2012,https://mountwashington-ma.gov/wp-content/uploads/wpfd/preview_files/2012-05-08-Election-Results(a7fd9fd835f54f0f28003c679fd44b39).pdf,result,catalog,ERROR
Mount Washington,2014,https://mountwashington-ma.gov/wp-content/uploads/wpfd/preview_files/2014-05-13-Election-Results(48abd1b3f5452995d995eb78a77013c8).pdf,result,catalog,ERROR
Mount Washington,2018,https://mountwashington-ma.gov/download/town_clerk/election_results/2018-05-08-Election-Results.pdf,result,catalog,ERROR
Mount Washington,2019,https://mountwashington-ma.gov/download/town_clerk/election_results/2019-Town-Election-Results.pdf,result,catalog,ERROR
Brewster,2018,https://www.brewster-ma.gov/files/2018townreport.pdf,atr,nodes,ERROR
Brewster,2020,https://brewster-ma.gov/files/2020falltally.pdf,result,catalog,ERROR
Brewster,2020,https://www.brewster-ma.gov/files/2020townreport.pdf,atr,nodes,ERROR
Dracut,2014,http://www.dracutma.gov/sites/dracutma/files/copy_of_town_election_results_2014.pdf,result,catalog,ERROR
Dracut,2016,http://www.dracutma.gov/sites/dracutma/files/uploads/town_election_2016_unofficial_results.pdf,result,catalog,ERROR
Burlington,2017,http://www.burlington.org:80/2017ANNUALREPORT.pdf,atr,nodes,ERROR
Shirley,2003,http://www.shirley-ma.gov:80/userfiles/2003_annual_report.pdf,atr,nodes,ERROR
Southborough,2005,http://www.southboroughtown.com/Special_Updates/2005%2005%2009Tally%20Sheet%20UNOfficial%20Results%20ATE.pdf,result,catalog,ERROR
Southborough,2010,http://www.southboroughtown.com/townclerk/AnnualReport2010/Administration.pdf,atr,nodes,ERROR
Southborough,2010,http://www.southboroughtown.com/townclerk/AnnualReport2010/BACK%20COVER.pdf,atr,nodes,ERROR
Southborough,2010,http://www.southboroughtown.com/townclerk/AnnualReport2010/Education.pdf,atr,nodes,ERROR
Southborough,2010,http://www.southboroughtown.com/townclerk/AnnualReport2010/Info.pdf,atr,nodes,ERROR
Southborough,2010,http://www.southboroughtown.com/townclerk/AnnualReport2010/Planning.pdf,atr,nodes,ERROR
Southborough,2010,http://www.southboroughtown.com/townclerk/AnnualReport2010/Protection.pdf,atr,nodes,ERROR
Southborough,2010,http://www.southboroughtown.com/townclerk/AnnualReport2010/TownClerk.pdf,atr,nodes,ERROR
Southborough,2011,http://www.southboroughtown.com/townclerk/AnnualReport2011/Administration.pdf,atr,nodes,ERROR
Southborough,2011,http://www.southboroughtown.com/townclerk/AnnualReport2011/Education.pdf,atr,nodes,ERROR
Southborough,2011,http://www.southboroughtown.com/townclerk/AnnualReport2011/Intro.pdf,atr,nodes,ERROR
Southborough,2011,http://www.southboroughtown.com/townclerk/AnnualReport2011/NeedInfo.pdf,atr,nodes,ERROR
Southborough,2011,http://www.southboroughtown.com/townclerk/AnnualReport2011/Planning.pdf,atr,nodes,ERROR
Southborough,2011,http://www.southboroughtown.com/townclerk/AnnualReport2011/Protection.pdf,atr,nodes,ERROR
Southborough,2011,http://www.southboroughtown.com/townclerk/AnnualReport2011/TownClerk.pdf,atr,nodes,ERROR
Southborough,2011,http://www.southboroughtown.com/townclerk/AnnualReport2011/TownInfo.pdf,atr,nodes,ERROR
Southborough,2011,http://www.southboroughtown.com/townclerk/AnnualReport2011/TownServices.pdf,atr,nodes,ERROR
Southborough,2012,http://www.southboroughtown.com/townclerk/AnnualReport2012/Administration.pdf,atr,nodes,ERROR
Southborough,2012,http://www.southboroughtown.com/townclerk/AnnualReport2012/Education.pdf,atr,nodes,ERROR
Southborough,2012,http://www.southboroughtown.com/townclerk/AnnualReport2012/IntroductionDedication.pdf,atr,nodes,ERROR
Southborough,2012,http://www.southboroughtown.com/townclerk/AnnualReport2012/NeedInfo.pdf,atr,nodes,ERROR
Southborough,2012,http://www.southboroughtown.com/townclerk/AnnualReport2012/Planning.pdf,atr,nodes,ERROR
Southborough,2012,http://www.southboroughtown.com/townclerk/AnnualReport2012/Protection%20of%20Persons%20and%20Property.pdf,atr,nodes,ERROR
Southborough,2012,http://www.southboroughtown.com/townclerk/AnnualReport2012/TofCTownInfo.pdf,atr,nodes,ERROR
Southborough,2012,http://www.southboroughtown.com/townclerk/AnnualReport2012/TownClerk.pdf,atr,nodes,ERROR
Southborough,2012,http://www.southboroughtown.com/townclerk/AnnualReport2012/TownServices.pdf,atr,nodes,ERROR
Southborough,2013,http://www.southboroughtown.com/townclerk/Annual%20Report%202013/2013_Southborough_Ann_Rep_DISC.pdf,atr,nodes,ERROR
Southborough,2014,http://www.southboroughtown.com/townclerk/2014%20Election%20Info/Official%20Results110414.pdf,result,catalog,ERROR
Southborough,2014,http://www.southboroughtown.com/townclerk/AnnualReport2014/Administration.pdf,atr,nodes,ERROR
Southborough,2014,http://www.southboroughtown.com/townclerk/AnnualReport2014/Education.pdf,atr,nodes,ERROR
Southborough,2014,http://www.southboroughtown.com/townclerk/AnnualReport2014/IntroductionDedication.pdf,atr,nodes,ERROR
Southborough,2014,http://www.southboroughtown.com/townclerk/AnnualReport2014/NeedInfo.pdf,atr,nodes,ERROR
Southborough,2014,http://www.southboroughtown.com/townclerk/AnnualReport2014/Planning.pdf,atr,nodes,ERROR
Southborough,2014,http://www.southboroughtown.com/townclerk/AnnualReport2014/Protection.pdf,atr,nodes,ERROR
Southborough,2014,http://www.southboroughtown.com/townclerk/AnnualReport2014/Southboro%202014%20Annual%20Report.pdf,atr,nodes,ERROR
Southborough,2014,http://www.southboroughtown.com/townclerk/AnnualReport2014/TownClerk.pdf,atr,nodes,ERROR
Southborough,2014,http://www.southboroughtown.com/townclerk/AnnualReport2014/TownServices.pdf,atr,nodes,ERROR
Southborough,2019,https://www.southboroughtown.com/sites/g/files/vyhlif7351/f/pages/boroughs_2019_annual_report.pdf,atr,nodes,ERROR
Southborough,2019,https://www.southboroughtown.com/sites/g/files/vyhlif7351/f/uploads/2019_annual_report_final_031020.pdf,atr,nodes,ERROR
Southborough,2020,https://www.southboroughtown.com/sites/g/files/vyhlif7351/f/pages/edc_annual_report_2020.pdf,atr,nodes,ERROR
Southborough,2020,https://www.southboroughtown.com/sites/g/files/vyhlif7351/f/uploads/2020_annual_report_final_web_secured.pdf,atr,nodes,ERROR
Seekonk,2009,http://www.seekonk-ma.gov/pages/SeekonkMA_Administration/Annual%20Reports/2009.pdf,atr,nodes,ERROR
Seekonk,2009,https://www.seekonk-ma.gov/sites/g/files/vyhlif1191/f/pages/annual_report_fy_2009.pdf,atr,nodes,ERROR
Seekonk,2010,http://www.seekonk-ma.gov/pages/SeekonkMA_Administration/Annual%20Reports/2010.pdf,atr,nodes,ERROR
Seekonk,2010,https://www.seekonk-ma.gov/sites/g/files/vyhlif1191/f/pages/annual_report_fy_2010.pdf,atr,nodes,ERROR
Seekonk,2011,http://www.seekonk-ma.gov/pages/SeekonkMA_Administration/Annual%20Reports/2011.pdf,atr,nodes,ERROR
Seekonk,2011,https://www.seekonk-ma.gov/sites/g/files/vyhlif1191/f/pages/annual_report_fy_2011.pdf,atr,nodes,ERROR
Seekonk,2012,http://www.seekonk-ma.gov/pages/SeekonkMA_Administration/Annual%20Reports/2012.pdf,atr,nodes,ERROR
Seekonk,2012,https://www.seekonk-ma.gov/sites/g/files/vyhlif1191/f/pages/annual_report_fy_2012.pdf,atr,nodes,ERROR
Seekonk,2013,http://www.seekonk-ma.gov/pages/SeekonkMA_Administration/Annual%20Reports/2013.pdf,atr,nodes,ERROR
Seekonk,2013,https://www.seekonk-ma.gov/sites/g/files/vyhlif1191/f/pages/annual_report_fy_2013.pdf,atr,nodes,ERROR
Seekonk,2014,http://www.seekonk-ma.gov/pages/SeekonkMA_Administration/Annual%20Reports/2014.pdf,atr,nodes,ERROR
Seekonk,2015,http://www.seekonk-ma.gov/pages/SeekonkMA_Administration/Annual%20Reports/2015.pdf,atr,nodes,ERROR
Seekonk,2016,http://seekonk-ma.gov/pages/SeekonkMA_Clerk/TOTAL%20TALLY%20SHEET%20NOV%208%202016%20PRES%20ELECTION.pdf,result,catalog,ERROR
Seekonk,2016,http://www.seekonk-ma.gov/pages/SeekonkMA_Administration/Annual%20Reports/2016.pdf,atr,nodes,ERROR
Seekonk,2016,https://www.seekonk-ma.gov/sites/g/files/vyhlif1191/f/pages/annual_report_2016.docx.pdf,atr,nodes,ERROR
Seekonk,2017,https://www.seekonk-ma.gov/sites/g/files/vyhlif1191/f/pages/annual_report_2017.pdf,atr,nodes,ERROR
Seekonk,2018,https://www.seekonk-ma.gov/sites/g/files/vyhlif1191/f/pages/annual_report_fy2018.pdf,atr,nodes,ERROR
Seekonk,2018,https://www.seekonk-ma.gov/sites/g/files/vyhlif1191/f/pages/election_results_11-6-2018_official.pdf,result,catalog,ERROR
Seekonk,2018,https://www.seekonk-ma.gov/sites/g/files/vyhlif1191/f/pages/seekonk_public_schools-annual_report_2018.pdf,atr,nodes,ERROR
Seekonk,2019,https://www.seekonk-ma.gov/sites/g/files/vyhlif1191/f/pages/election_results_4-1-2019_0.pdf,result,catalog,ERROR
Seekonk,2020,https://www.seekonk-ma.gov/sites/g/files/vyhlif1191/f/pages/2019-2020_town_report_for_town_hall.pdf,atr,nodes,ERROR
Seekonk,2020,https://www.seekonk-ma.gov/sites/g/files/vyhlif1191/f/pages/fy_2020_annual_report_1.pdf,atr,nodes,ERROR
Seekonk,2020,https://www.seekonk-ma.gov/sites/g/files/vyhlif1191/f/pages/town_election-june_30_2020_tally_sheet.pdf,result,catalog,ERROR
Grafton,2009,https://www.grafton-ma.gov/sites/g/files/vyhlif4461/f/pages/local_election_results_5-4-2009.pdf,result,catalog,ERROR
Grafton,2010,https://www.grafton-ma.gov/sites/g/files/vyhlif4461/f/pages/local_election_results_5-3-2010.pdf,result,catalog,ERROR
Grafton,2011,https://www.grafton-ma.gov/sites/g/files/vyhlif4461/f/pages/local_election_results_5-2-2011.pdf,result,catalog,ERROR
Grafton,2012,https://www.grafton-ma.gov/sites/g/files/vyhlif4461/f/pages/local_election_results_05-15-2012.pdf,result,catalog,ERROR
Grafton,2013,http://www.grafton-ma.gov/sites/graftonma/files/uploads/2013_annual_town_report_tr_web_copy_final.pdf,atr,nodes,ERROR
Grafton,2013,https://www.grafton-ma.gov/sites/g/files/vyhlif4461/f/uploads/2013_annual_town_report_tr_web_copy_final.pdf,atr,nodes,ERROR
Grafton,2014,http://www.grafton-ma.gov/sites/graftonma/files/uploads/townreport2014.pdf,atr,nodes,ERROR
Grafton,2014,https://www.grafton-ma.gov/sites/g/files/vyhlif4461/f/uploads/townreport2014.pdf,atr,nodes,ERROR
Grafton,2015,https://www.grafton-ma.gov/sites/g/files/vyhlif4461/f/uploads/2015_annual_town_report_final.pdf,atr,nodes,ERROR
Grafton,2016,https://www.grafton-ma.gov/sites/g/files/vyhlif4461/f/pages/local_election_results_5-17-2016.pdf,result,catalog,ERROR
Grafton,2017,https://www.grafton-ma.gov/sites/g/files/vyhlif4461/f/pages/local_election_results_5-16-2017.pdf,result,catalog,ERROR
Grafton,2018,https://www.grafton-ma.gov/sites/g/files/vyhlif4461/f/pages/official_local_election_results_5-15-2018.pdf,result,catalog,ERROR
Grafton,2018,https://www.grafton-ma.gov/sites/g/files/vyhlif4461/f/uploads/grafton_annual_town_report_2018_tr-web_copy.pdf,atr,nodes,ERROR
Grafton,2019,https://www.grafton-ma.gov/sites/g/files/vyhlif4461/f/pages/offical_special_local_election_results_10-29-2019_0.pdf,result,catalog,ERROR
Grafton,2019,https://www.grafton-ma.gov/sites/g/files/vyhlif4461/f/pages/official_local_election_results_5-21-2019.pdf,result,catalog,ERROR
Grafton,2020,https://www.grafton-ma.gov/sites/g/files/vyhlif4461/f/pages/amended_local_election_results_6-23-2020.pdf,result,catalog,ERROR
Grafton,2020,https://www.grafton-ma.gov/sites/g/files/vyhlif4461/f/pages/official_local_election_results_6-23-2020.pdf,result,catalog,ERROR
Granville,2011,http://www.townofgranville.net/Documents/2011%20Town%20Report%20pages%2047-80.pdf,atr,nodes,ERROR
Granville,2011,http://www.townofgranville.net/Documents/2011%20Town%20Report%20pages%2081-98.pdf,atr,nodes,ERROR
Granville,2011,http://www.townofgranville.net/Documents/2011%20Town%20Report%20pages%2099%20to%20end.pdf,atr,nodes,ERROR
Granville,2013,http://www.townofgranville.net/Documents/Town%20Report%202010%20thru%20page%2013.pdf,atr,nodes,ERROR
Granville,2014,http://www.townofgranville.net/Documents/Town%20Report%202010%20pages%2014%20thru%2027.pdf,atr,nodes,ERROR
Granville,2016,http://www.townofgranville.net/Documents/2011%20Town%20Report%20to%20page%2016.pdf,atr,nodes,ERROR
Granville,2017,http://www.townofgranville.net/Documents/2011%20Town%20Report%20pages%2017-46.pdf,atr,nodes,ERROR
Uxbridge,2005,http://www.uxbridge-ma.gov/Documents/TownReport2005.pdf,atr,nodes,ERROR
Uxbridge,2006,http://www.uxbridge-ma.gov/Documents/HistoricCemetery/AnnualReports/2006.pdf,atr,nodes,ERROR
Uxbridge,2006,http://www.uxbridge-ma.gov/Documents/HistoricCemeteryCommittee/AnnualReport2006.pdf,atr,nodes,ERROR
Uxbridge,2006,http://www.uxbridge-ma.gov/Documents/TownManager/TownReport2006.pdf,atr,nodes,ERROR
Uxbridge,2006,http://www.uxbridge-ma.gov/Documents/TownReport2006.pdf,atr,nodes,ERROR
Uxbridge,2007,http://www.uxbridge-ma.gov/Documents/HistoricCemetery/AnnualReports/2007.pdf,atr,nodes,ERROR
Uxbridge,2007,http://www.uxbridge-ma.gov/Documents/TownManager/TownReport2007.pdf,atr,nodes,ERROR
Uxbridge,2010,http://www.uxbridge-ma.gov/Documents/TownManager/2010%20Annual%20Report.pdf,atr,nodes,ERROR
Sutton,2013,http://suttonma.org/Pages/SuttonMA_Clerk/2013AnnualReport.pdf,atr,nodes,ERROR
Sutton,2017,https://www.suttonma.org/sites/g/files/vyhlif3901/f/uploads/2017_annual_report.pdf,atr,nodes,ERROR
Sutton,2018,https://www.suttonma.org/sites/g/files/vyhlif3901/f/uploads/2018_annual_town_report.pdf,atr,nodes,ERROR
Sutton,2019,https://www.suttonma.org/sites/g/files/vyhlif3901/f/uploads/2019_annual_town_report.pdf,atr,nodes,ERROR
Sutton,2020,https://www.suttonma.org/sites/g/files/vyhlif3901/f/uploads/annual_report_2020.pdf,atr,nodes,ERROR
Pepperell,2008,http://www.town.pepperell.ma.us:80/TownReport/2008/May%202008%20ATM%20Article%204.pdf,atr,nodes,ERROR
Cheshire,2015,https://storage.googleapis.com/juniper-media-library/56/2024/01/2015 Annual Town Report.pdf,atr,nodes,ERROR
Cheshire,2016,https://storage.googleapis.com/juniper-media-library/56/2024/01/2016 Annual Town Report.pdf,atr,nodes,ERROR
Cheshire,2017,https://storage.googleapis.com/juniper-media-library/56/2024/01/2017 Annual Town Report.pdf,atr,nodes,ERROR
Cheshire,2018,https://storage.googleapis.com/juniper-media-library/56/2024/01/2018 Annual Town Report.pdf,atr,nodes,ERROR
Cheshire,2019,https://storage.googleapis.com/juniper-media-library/56/2024/01/2019 Annual Town Report.pdf,atr,nodes,ERROR
Cheshire,2020,https://storage.googleapis.com/juniper-media-library/56/2024/01/2020 Annual Town Report.pdf,atr,nodes,ERROR
Medway,2019,https://storage.googleapis.com/juniper-media-library/117/2024/08/2019 Annual Report.pdf,atr,nodes,ERROR
Medway,2020,https://storage.googleapis.com/juniper-media-library/117/2024/08/2020 Annual Report.pdf,atr,nodes,ERROR
Medway,2020,https://storage.googleapis.com/juniper-media-library/117/2024/10/2020_town_election_results.xlsx,result,catalog,NOT_PDF
West Brookfield,2018,https://storage.googleapis.com/juniper-media-library/43/2024/07/2018 Annual Town Report FINAL 19.05.11.pdf,atr,nodes,ERROR
Wales,2002,https://www.townofwales.net/sites/g/files/vyhlif1371/f/uploads/5-28-2002_election_results.pdf,result,catalog,ERROR
Wales,2004,https://www.townofwales.net/sites/g/files/vyhlif1371/f/uploads/5-25-2004_election_results.pdf,result,catalog,ERROR
Wales,2014,https://www.townofwales.net/sites/g/files/vyhlif1371/f/uploads/2014_annual_report.pdf,atr,nodes,ERROR
Wales,2014,https://www.townofwales.net/sites/g/files/vyhlif1371/f/uploads/caucus_results_2014.pdf,result,catalog,ERROR
Wales,2016,https://www.townofwales.net/sites/g/files/vyhlif1371/f/uploads/2016_annual_report.pdf,atr,nodes,ERROR
Wales,2017,https://www.townofwales.net/sites/g/files/vyhlif1371/f/uploads/5-24-2017_election_results.pdf,result,catalog,ERROR
Wales,2018,https://www.townofwales.net/sites/g/files/vyhlif1371/f/uploads/fy19_fincom_annual_report_4-17-2018.pdf,atr,nodes,ERROR
Wales,2020,https://www.townofwales.net/sites/g/files/vyhlif1371/f/uploads/2020_wales_town_report.pdf,atr,nodes,ERROR
Plympton,2002,https://www.town.plympton.ma.us/sites/g/files/vyhlif1091/f/file/file/town_report_2002.pdf,atr,nodes,ERROR
Plympton,2003,http://town.plympton.ma.us/pdf/town/meet_elect/2003/election_results_2003_05_17.pdf,result,catalog,ERROR
Plympton,2003,https://www.town.plympton.ma.us/sites/g/files/vyhlif1091/f/file/file/2003_town_report.pdf,atr,nodes,ERROR
Plympton,2004,http://town.plympton.ma.us/pdf/report/2004_town_report.pdf,atr,nodes,ERROR
Plympton,2004,https://www.town.plympton.ma.us/sites/g/files/vyhlif1091/f/file/file/2004_town_report.pdf,atr,nodes,ERROR
Plympton,2005,http://town.plympton.ma.us/pdf/report/2005_town_report.pdf,atr,nodes,ERROR
Plympton,2005,http://www.town.plympton.ma.us/sites/plymptonma/files/file/file/2005_town_report.pdf,atr,nodes,ERROR
Plympton,2005,https://www.town.plympton.ma.us/sites/g/files/vyhlif1091/f/file/file/2005_town_report.pdf,atr,nodes,ERROR
Plympton,2006,https://www.town.plympton.ma.us/sites/g/files/vyhlif1091/f/file/file/2006_town_report.pdf,atr,nodes,ERROR
Plympton,2007,http://www.town.plympton.ma.us/sites/plymptonma/files/file/file/2007_town_report.pdf,atr,nodes,ERROR
Plympton,2007,https://www.town.plympton.ma.us/sites/g/files/vyhlif1091/f/file/file/2007_town_report.pdf,atr,nodes,ERROR
Plympton,2008,https://www.town.plympton.ma.us/sites/g/files/vyhlif1091/f/file/file/2008_town_report.pdf,atr,nodes,ERROR
Plympton,2009,http://www.town.plympton.ma.us/sites/plymptonma/files/file/file/2009_town_report.pdf,atr,nodes,ERROR
Plympton,2010,https://www.town.plympton.ma.us/sites/g/files/vyhlif1091/f/file/file/2010_town_report.pdf,atr,nodes,ERROR
Plympton,2011,https://www.town.plympton.ma.us/sites/g/files/vyhlif1091/f/file/file/2011_town_report.pdf,atr,nodes,ERROR
Plympton,2012,http://www.town.plympton.ma.us/sites/plymptonma/files/file/file/annual_town_report_2012.pdf,atr,nodes,ERROR
Plympton,2012,https://www.town.plympton.ma.us/sites/g/files/vyhlif1091/f/file/file/annual_town_report_2012.pdf,atr,nodes,ERROR
Plympton,2018,https://www.town.plympton.ma.us/sites/g/files/vyhlif1091/f/uploads/plympton_2018_annual_report.pdf,atr,nodes,ERROR
Plympton,2019,https://www.town.plympton.ma.us/sites/g/files/vyhlif1091/f/uploads/plympton_2019_annual_report_web_copy.pdf,atr,nodes,ERROR
Sudbury,2004,http://www.sudbury.ma.us:80/documents/dl/1852/TownReport2004.pdf,atr,nodes,NOT_PDF
Sudbury,2005,http://sudbury.ma.us:80/departments/RailTrail/doc7240/RTCAC_2005_TownReport.pdf,atr,nodes,NOT_PDF
Sudbury,2006,http://sudbury.ma.us:80/departments/RailTrail/doc7241/RTCAC_2006_TownReport.pdf,atr,nodes,NOT_PDF
Sudbury,2006,http://www.sudbury.ma.us:80/documents/dl/3255/2006TownReport.pdf,atr,nodes,NOT_PDF
Sudbury,2007,http://sudbury.ma.us:80/departments/RailTrail/doc7242/RTCAC_2007_TownReport.pdf,atr,nodes,NOT_PDF
Sudbury,2007,http://www.sudbury.ma.us:80/documents/dl/4141/2007TownReport.pdf,atr,nodes,NOT_PDF
Sudbury,2008,http://sudbury.ma.us:80/departments/RailTrail/doc7243/RTCAC_2008_TownReport.pdf,atr,nodes,NOT_PDF
Sudbury,2008,http://www.sudbury.ma.us:80/documents/dl/4874/2008TownReport.pdf,atr,nodes,NOT_PDF
Sudbury,2009,http://sudbury.ma.us:80/departments/HousingTrust/doc5335/2009SudburyHousingTrustannualreportsigned.pdf,atr,nodes,NOT_PDF
Sudbury,2009,http://sudbury.ma.us:80/departments/RailTrail/doc7244/RTCAC_2009_TownReport.pdf,atr,nodes,NOT_PDF
Sudbury,2010,http://sudbury.ma.us:80/departments/HousingTrust/doc6205/2010AnnualReport-SudburyHousingTrust.pdf,atr,nodes,NOT_PDF
Sudbury,2010,http://sudbury.ma.us:80/departments/RailTrail/doc7245/RTCAC_2010_TownReport.pdf,atr,nodes,NOT_PDF
Sudbury,2011,http://sudbury.ma.us:80/departments/HousingTrust/doc7429/2011AnnualReport-SudburyHousingTrust.pdf,atr,nodes,NOT_PDF
Sudbury,2011,http://sudbury.ma.us:80/departments/RailTrail/doc7246/RTCAC_2011_TownReport.pdf,atr,nodes,NOT_PDF
Sudbury,2012,http://sudbury.ma.us:80/departments/HousingTrust/doc8439/2012AnnualReport-SudburyHousingTrust.pdf,atr,nodes,NOT_PDF
Dunstable,2004,http://www.dunstable-ma.gov:80/govt/TownReports/2004-10-25-STM-Minutes.pdf,atr,nodes,ERROR
Dunstable,2004,http://www.dunstable-ma.gov:80/govt/TownReports/2004-10-25-STM.pdf,atr,nodes,ERROR
Dunstable,2004,http://www.dunstable-ma.gov:80/govt/TownReports/2004-Town-Report.pdf,atr,nodes,ERROR
Dunstable,2004,http://www.dunstable-ma.gov:80/govt/TownReports/2004-Treasurer's-Report-FY04.pdf,atr,nodes,ERROR
Dunstable,2005,http://www.dunstable-ma.gov:80/govt/TownReports/2005-05-09-ATM.pdf,atr,nodes,ERROR
Dunstable,2005,http://www.dunstable-ma.gov:80/govt/TownReports/2005-05-09-STM.pdf,atr,nodes,ERROR
Dunstable,2005,http://www.dunstable-ma.gov:80/govt/TownReports/2005-11-07-STM.pdf,atr,nodes,ERROR
Dunstable,2005,http://www.dunstable-ma.gov:80/govt/TownReports/2005-ATM-Affordable-Housing-Presentation.pdf,atr,nodes,ERROR
Dunstable,2005,http://www.dunstable-ma.gov:80/govt/TownReports/2005-ATM-FINCOMoverview.pdf,atr,nodes,ERROR
Dunstable,2005,http://www.dunstable-ma.gov:80/govt/TownReports/2005-Town-Clerk-Report.pdf,atr,nodes,ERROR
Dunstable,2005,http://www.dunstable-ma.gov:80/govt/TownReports/2005/2005-Water-Department-Report.pdf,atr,nodes,ERROR
Wrentham,2012,https://wrentham.gov/ImageRepository/Document?documentID=59,result,catalog,NOT_PDF
Wrentham,2013,https://wrentham.gov/ImageRepository/Document?documentID=58,result,catalog,NOT_PDF
Wrentham,2014,https://wrentham.gov/ImageRepository/Document?documentID=57,result,catalog,NOT_PDF
Wrentham,2015,https://wrentham.gov/ImageRepository/Document?documentID=56,result,catalog,NOT_PDF
Wrentham,2016,https://wrentham.gov/ImageRepository/Document?documentID=52,result,catalog,NOT_PDF
Wrentham,2017,https://wrentham.gov/ImageRepository/Document?documentID=51,result,catalog,NOT_PDF
Wrentham,2018,https://wrentham.gov/ImageRepository/Document?documentID=49,result,catalog,NOT_PDF
Wrentham,2019,https://wrentham.gov/ImageRepository/Document?documentID=47,result,catalog,NOT_PDF
Wrentham,2020,https://wrentham.gov/ImageRepository/Document?documentID=45,result,catalog,NOT_PDF
Peru,2020,"https://files.heygov.com/townofperuma.com/Annual Town Election June 27, 2020 Results.pdf",result,catalog,ERROR
Bridgewater,2015,http://www.bridgewaterma.org/Uploads/Town%20Clerk/Election%20Results/ATE4-25-2015.pdf,result,catalog,ERROR
Bridgewater,2020,https://www.bridgewaterma.org/DocumentCenter/View/3600/CERTIFIED-Order-O-FY20-051---Emergency-Order---Change-2020-Election-Poll-Hours---042120,result,catalog,ERROR
Belchertown,2005,http://www.belchertown.org:80/departments/computing/files/Annual_Report_2005.pdf,atr,nodes,ERROR
Provincetown,2011,"http://www.provincetown-ma.gov:80/archives/110/May%203,%202011%20Annual%20Town%20Election%20Results2.pdf",result,catalog,ERROR
Fall River,2013,"https://cms2.revize.com/revize/algercounty/document_center/Departments/Clerk_RoD/Elections/2013/May%207,%202013%20Election%20Results.pdf.PDF",result,catalog,ERROR
Fall River,2015,https://cms2.revize.com/revize/berwick/document_center/City%20Clerk/2014-2015%20Town%20Report.pdf,atr,nodes,ERROR
Mashpee,2000,http://www.mashpeema.gov/sites/mashpeema/files/uploads/may_06_2000_town_election_results.pdf,result,catalog,ERROR
Mashpee,2001,http://www.mashpeema.gov/sites/mashpeema/files/uploads/may_12_2001_town_election_results.pdf,result,catalog,ERROR
Mashpee,2002,http://www.mashpeema.gov/sites/mashpeema/files/uploads/may_11_2002_town_election_results.pdf,result,catalog,ERROR
Mashpee,2003,http://www.mashpeema.gov/sites/mashpeema/files/uploads/may_10_2003_town_election_results.pdf,result,catalog,ERROR
Mashpee,2004,http://www.mashpeema.gov/sites/mashpeema/files/uploads/may_08_2004_town_election_results.pdf,result,catalog,ERROR
Mashpee,2005,http://www.mashpeema.gov/sites/mashpeema/files/uploads/may_07_2005_town_election_results.pdf,result,catalog,ERROR
Mashpee,2006,http://www.mashpeema.gov/sites/mashpeema/files/uploads/2006_annual_report.pdf,atr,nodes,ERROR
Mashpee,2006,http://www.mashpeema.gov/sites/mashpeema/files/uploads/may_06_2006_town_election_results.pdf,result,catalog,ERROR
Mashpee,2006,https://www.mashpeema.gov/sites/g/files/vyhlif3426/f/uploads/2006_annual_report.pdf,atr,nodes,ERROR
Mashpee,2007,http://www.mashpeema.gov/sites/mashpeema/files/uploads/2007_annual_report.pdf,atr,nodes,ERROR
Mashpee,2007,http://www.mashpeema.gov/sites/mashpeema/files/uploads/may_12_2007_town_election_results.pdf,result,catalog,ERROR
Mashpee,2007,https://www.mashpeema.gov/sites/g/files/vyhlif3426/f/uploads/2007_annual_report.pdf,atr,nodes,ERROR
Mashpee,2008,http://www.mashpeema.gov/sites/mashpeema/files/uploads/2008_annual_report.pdf,atr,nodes,ERROR
Mashpee,2008,http://www.mashpeema.gov/sites/mashpeema/files/uploads/may_10_2008_town_election_result.pdf,result,catalog,ERROR
Mashpee,2008,https://www.mashpeema.gov/sites/g/files/vyhlif3426/f/uploads/2008_annual_report.pdf,atr,nodes,ERROR
Mashpee,2009,http://www.mashpeema.gov/sites/mashpeema/files/uploads/may_09_2009_town_election_results.pdf,result,catalog,ERROR
Mashpee,2009,https://www.mashpeema.gov/sites/g/files/vyhlif3426/f/uploads/2009-annual_town_report.pdf,atr,nodes,ERROR
Mashpee,2010,http://www.mashpeema.gov/sites/mashpeema/files/uploads/2010_-_may_8_town_election_results.pdf,result,catalog,ERROR
Mashpee,2010,http://www.mashpeema.gov/sites/mashpeema/files/uploads/2010_annual_report.pdf,atr,nodes,ERROR
Mashpee,2010,http://www.mashpeema.gov/sites/mashpeema/files/uploads/november_2_2010_gubernatorial_election_results.pdf,result,catalog,ERROR
Mashpee,2010,https://www.mashpeema.gov/sites/g/files/vyhlif3426/f/uploads/2010_annual_report.pdf,atr,nodes,ERROR
Mashpee,2011,http://www.mashpeema.gov/sites/mashpeema/files/uploads/2011_-_may_7_town_election_results.pdf,result,catalog,ERROR
Mashpee,2011,http://www.mashpeema.gov/sites/mashpeema/files/uploads/2011_annual_report.pdf,atr,nodes,ERROR
Mashpee,2011,https://www.mashpeema.gov/sites/g/files/vyhlif3426/f/uploads/2011_annual_report.pdf,atr,nodes,ERROR
Mashpee,2012,http://www.mashpeema.gov/sites/mashpeema/files/uploads/2012_annual_report.pdf,atr,nodes,ERROR
Mashpee,2012,https://www.mashpeema.gov/sites/g/files/vyhlif3426/f/uploads/2012_annual_report.pdf,atr,nodes,ERROR
Mashpee,2013,http://www.mashpeema.gov/sites/mashpeema/files/uploads/2013_-_april_30_town_election_results.pdf,result,catalog,ERROR
Mashpee,2013,https://www.mashpeema.gov/sites/g/files/vyhlif3426/f/uploads/2013-annual_town_report.pdf,atr,nodes,ERROR
Mashpee,2014,http://www.mashpeema.gov/sites/mashpeema/files/uploads/2014_annual_report.pdf,atr,nodes,ERROR
Mashpee,2014,https://www.mashpeema.gov/sites/g/files/vyhlif3426/f/uploads/2014_annual_report.pdf,atr,nodes,ERROR
Mashpee,2015,http://www.mashpeema.gov/sites/mashpeema/files/uploads/2015_-_may_16_town_election_question_results.pdf,result,catalog,ERROR
Mashpee,2015,http://www.mashpeema.gov/sites/mashpeema/files/uploads/2015_-_may_16_town_election_results.pdf,result,catalog,ERROR
Mashpee,2015,http://www.mashpeema.gov/sites/mashpeema/files/uploads/2015_final_annual_report.pdf,atr,nodes,ERROR
Mashpee,2015,https://www.mashpeema.gov/sites/g/files/vyhlif3426/f/uploads/2015_final_annual_report.pdf,atr,nodes,ERROR
Mashpee,2016,https://www.mashpeema.gov/sites/g/files/vyhlif3426/f/uploads/2016_annual_report.pdf,atr,nodes,ERROR
Mashpee,2017,https://www.mashpeema.gov/sites/g/files/vyhlif3426/f/uploads/2017_annual_report.pdf,atr,nodes,ERROR
Mashpee,2018,https://www.mashpeema.gov/sites/g/files/vyhlif3426/f/pages/2018annualtownreportfinaldraft.pdf,atr,nodes,ERROR
Mashpee,2020,https://www.mashpeema.gov/sites/g/files/vyhlif3426/f/uploads/11-3-2020_presedential_election_results.pdf,result,catalog,ERROR
Northborough,2006,https://www.town.northborough.ma.us/sites/g/files/vyhlif3571/f/uploads/2006_annual_report_0.pdf,atr,nodes,ERROR
Northborough,2007,https://www.town.northborough.ma.us/sites/g/files/vyhlif3571/f/uploads/2007_annual_report_0.pdf,atr,nodes,ERROR
Northborough,2008,https://www.town.northborough.ma.us/sites/g/files/vyhlif3571/f/uploads/2008_annual_report_0.pdf,atr,nodes,ERROR
Northborough,2009,https://www.town.northborough.ma.us/sites/g/files/vyhlif3571/f/uploads/2009_annual_report_0.pdf,atr,nodes,ERROR
Northborough,2010,https://www.town.northborough.ma.us/sites/g/files/vyhlif3571/f/uploads/2010_annual_report_0.pdf,atr,nodes,ERROR
Northborough,2011,https://www.town.northborough.ma.us/sites/g/files/vyhlif3571/f/uploads/2011_annual_report.pdf,atr,nodes,ERROR
Northborough,2012,https://www.town.northborough.ma.us/sites/g/files/vyhlif3571/f/pages/northborough_official_election_results_05-14-2012.pdf,result,catalog,ERROR
Northborough,2012,https://www.town.northborough.ma.us/sites/g/files/vyhlif3571/f/uploads/2012_annual_report.pdf,atr,nodes,ERROR
Northborough,2013,https://www.town.northborough.ma.us/sites/g/files/vyhlif3571/f/uploads/2013_annual_report.pdf,atr,nodes,ERROR
Northborough,2013,https://www.town.northborough.ma.us/sites/g/files/vyhlif3571/f/uploads/northborough_official_election_results_05-13-2013.pdf,result,catalog,ERROR
Northborough,2014,http://www.town.northborough.ma.us/Pages/NorthboroughMA_Admin/2014AnnualReport.pdf,atr,nodes,ERROR
Northborough,2014,https://www.town.northborough.ma.us/sites/g/files/vyhlif3571/f/uploads/2014_annual_report.pdf,atr,nodes,ERROR
Northborough,2014,https://www.town.northborough.ma.us/sites/g/files/vyhlif3571/f/uploads/northborough_official_election_results_05-12-2014.pdf,result,catalog,ERROR
Northborough,2015,https://www.town.northborough.ma.us/sites/g/files/vyhlif3571/f/uploads/2015_annual_report.pdf,atr,nodes,ERROR
Northborough,2015,https://www.town.northborough.ma.us/sites/g/files/vyhlif3571/f/uploads/northborough_official_election_results_05-11-2015.pdf,result,catalog,ERROR
Northborough,2016,https://www.town.northborough.ma.us/sites/g/files/vyhlif3571/f/uploads/2016_annual_report.pdf,atr,nodes,ERROR
Northborough,2016,https://www.town.northborough.ma.us/sites/g/files/vyhlif3571/f/uploads/northborough_official_election_results_05-09-2016.pdf,result,catalog,ERROR
Northborough,2017,https://www.town.northborough.ma.us/sites/g/files/vyhlif3571/f/uploads/2017_annual_report.pdf,atr,nodes,ERROR
Northborough,2017,https://www.town.northborough.ma.us/sites/g/files/vyhlif3571/f/uploads/northborough_official_election_results_05-09-2017.pdf,result,catalog,ERROR
Northborough,2018,https://www.town.northborough.ma.us/sites/g/files/vyhlif3571/f/uploads/2018_annual_report.pdf,atr,nodes,ERROR
Northborough,2018,https://www.town.northborough.ma.us/sites/g/files/vyhlif3571/f/uploads/northborough_official_town_election_results_5-08-2018.pdf,result,catalog,ERROR
Northborough,2019,https://www.town.northborough.ma.us/sites/g/files/vyhlif3571/f/pages/boroughs_2019_annual_report.pdf,atr,nodes,ERROR
Northborough,2020,https://www.town.northborough.ma.us/sites/g/files/vyhlif3571/f/uploads/northborough_official_election_results_06-30-2020.pdf,result,catalog,ERROR
Dartmouth,2008,http://www.town.dartmouth.ma.us/Pages/DartmouthMA_Animal/2008ACAnnualTownReport.pdf,atr,nodes,ERROR
Dartmouth,2008,https://www.town.dartmouth.ma.us/sites/g/files/vyhlif466/f/uploads/2008_town_report.pdf,atr,nodes,ERROR
Dartmouth,2009,https://www.town.dartmouth.ma.us/sites/g/files/vyhlif466/f/uploads/2009_town_report.pdf,atr,nodes,ERROR
Dartmouth,2010,https://www.town.dartmouth.ma.us/sites/g/files/vyhlif466/f/uploads/2010_town_report.pdf,atr,nodes,ERROR
Dartmouth,2011,https://www.town.dartmouth.ma.us/sites/g/files/vyhlif466/f/uploads/2011_town_report.pdf,atr,nodes,ERROR
Dartmouth,2012,https://www.town.dartmouth.ma.us/sites/g/files/vyhlif466/f/uploads/2012_town_report.pdf,atr,nodes,ERROR
Dartmouth,2013,https://www.town.dartmouth.ma.us/sites/g/files/vyhlif466/f/uploads/2013_town_report.pdf,atr,nodes,ERROR
Dartmouth,2014,https://www.town.dartmouth.ma.us/sites/g/files/vyhlif466/f/uploads/2014_town_report.pdf,atr,nodes,ERROR
Dartmouth,2015,https://www.town.dartmouth.ma.us/sites/g/files/vyhlif466/f/uploads/annual_report_2015final2.pdf,atr,nodes,ERROR
Dartmouth,2016,https://www.town.dartmouth.ma.us/sites/g/files/vyhlif466/f/uploads/annual_report_2016_final.pdf,atr,nodes,ERROR
Dartmouth,2017,https://www.town.dartmouth.ma.us/sites/g/files/vyhlif466/f/uploads/annual_report_2017.pdf,atr,nodes,ERROR
Dartmouth,2018,https://www.town.dartmouth.ma.us/sites/g/files/vyhlif466/f/uploads/annual_town_report_2018_final_4.26.19.pdf,atr,nodes,ERROR
Dartmouth,2019,https://www.town.dartmouth.ma.us/sites/g/files/vyhlif466/f/uploads/2019_annual_town_report.pdf,atr,nodes,ERROR
Dartmouth,2020,https://www.town.dartmouth.ma.us/sites/g/files/vyhlif466/f/uploads/2020_town_report-_final.pdf,atr,nodes,ERROR
Rockland,2003,http://www.rockland-ma.gov:80/pdf/townrpt2003/2003%20Rockland%20Town%20Report.pdf,atr,nodes,ERROR
Rockland,2004,http://www.rockland-ma.gov:80/pdf/townrpt2004/2004%20Town%20Report%20Contents%20Aid.pdf,atr,nodes,ERROR
Rockland,2004,http://www.rockland-ma.gov:80/pdf/townrpt2004/2004%20Town%20Report_part1.pdf,atr,nodes,ERROR
Rockland,2004,http://www.rockland-ma.gov:80/pdf/townrpt2004/2004%20Town%20Report_part2.pdf,atr,nodes,ERROR
Rockland,2004,http://www.rockland-ma.gov:80/pdf/townrpt2004/2004%20Town%20Report_part3.pdf,atr,nodes,ERROR
Rockland,2004,http://www.rockland-ma.gov:80/pdf/townrpt2004/2004%20Town%20Report_part4.pdf,atr,nodes,ERROR
Rockland,2004,http://www.rockland-ma.gov:80/pdf/townrpt2004/2004%20Town%20Report_part5.pdf,atr,nodes,ERROR
Rockland,2004,http://www.rockland-ma.gov:80/pdf/townrpt2004/2004%20Town%20Report_part6.pdf,atr,nodes,ERROR
Rockland,2004,http://www.rockland-ma.gov:80/pdf/townrpt2004/2004%20Town%20Report_part7.pdf,atr,nodes,ERROR
Rockland,2004,http://www.rockland-ma.gov:80/pdf/townrpt2004/2004%20Town%20Report_part8.pdf,atr,nodes,ERROR
Rockland,2005,http://www.rockland-ma.gov:80/pdf/townrpt2005/2005%20Town%20Report.pdf,atr,nodes,ERROR
Rockland,2007,http://www.rockland-ma.gov:80/pdf/townrpt2007/2007_Town_Report.pdf,atr,nodes,ERROR
Rockland,2008,http://www.rockland-ma.gov:80/pdf/townrpt2008/2008_Town_Report.pdf,atr,nodes,ERROR
Provincetown,2009,http://provincetown-ma.gov/archives/111/2009%20Town%20Report.pdf,atr,nodes,ERROR
Provincetown,2010,"http://provincetown-ma.gov/archives/110/May%204,%202010%20Annual%20Town%20Election%20results.pdf",result,catalog,ERROR
Charlton,2009,http://townofcharlton.net/forms/AnnualReport2009.pdf,atr,nodes,ERROR
Charlton,2010,http://www.townofcharlton.net/forms/AnnualReport2010.pdf,atr,nodes,ERROR
Charlton,2012,http://townofcharlton.net/forms/AnnualReport2012.pdf,atr,nodes,ERROR
Charlton,2013,http://www.townofcharlton.net/forms/AnnualReport2013.pdf,atr,nodes,ERROR
Charlton,2014,http://www.townofcharlton.net/forms/AnnualReport2014.pdf,atr,nodes,ERROR
Charlton,2015,http://townofcharlton.net/forms/AnnualReport2015.pdf,atr,nodes,ERROR
Charlton,2016,http://townofcharlton.net/forms/electionresults_pres2016.pdf,result,catalog,ERROR
Chesterfield,2017,http://chesterfieldma.test-civiccms.acsitefactory.com/sites/g/files/vyhlif7606/f/uploads/2017_chesterfield_annual_town_report.pdf,atr,nodes,ERROR
Chesterfield,2018,http://chesterfieldma.test-civiccms.acsitefactory.com/sites/g/files/vyhlif7606/f/uploads/2018_chesterfield_annual_town_report.pdf,atr,nodes,ERROR
Chesterfield,2019,http://chesterfieldma.test-civiccms.acsitefactory.com/sites/g/files/vyhlif7606/f/uploads/2019_annual_town_report.pdf,atr,nodes,ERROR
Chesterfield,2020,http://chesterfieldma.test-civiccms.acsitefactory.com/sites/g/files/vyhlif7606/f/uploads/chesterfield_town_report_fy2020.pdf,atr,nodes,ERROR
Westborough,2018,https://ma-westborough.civicplus.com/ImageRepository/Document?documentID=109,result,catalog,NOT_PDF
Tewksbury,2013,http://www.tewksbury-ma.gov:80/sites/tewksburyma/files/file/file/cpc_2013_annual_report_draft.pdf,atr,nodes,ERROR
Tewksbury,2014,http://www.tewksbury-ma.gov:80/sites/tewksburyma/files/file/file/cpc_2014_annual_report_a.pdf,atr,nodes,ERROR
Groveland,2016,http://www.grovelandma.com:80/pages/GrovelandMA_News/055276FA-000F8513.0/2016%20Town%20Election%20Results.pdf,result,catalog,ERROR
Great Barrington,2014,http://www.townofgb.org:80/pages/GBarringtonMA_Clerk/Election%20Results%20ATE%202014.pdf,result,catalog,ERROR
Nahant,2005,http://www.nahant.org/documents/boards_committees/military_housing/2005_BOS%20Annual_Report_Excerpt.pdf,atr,nodes,ERROR
Nahant,2005,http://www.nahant.org/documents/military_housing/2005_BOS%20Annual_Report_Excerpt.pdf,atr,nodes,ERROR
Nahant,2005,http://www.nahant.org/documents/town_meeting/annual_town_reports/Town%20of%20Nahant_Annual%20Report_2005.pdf,atr,nodes,ERROR
Nahant,2005,http://www.nahant.org/documents/townhall/annual_town_reports/Town%20of%20Nahant_Annual%20Report_2005.pdf,atr,nodes,ERROR
Nahant,2005,http://www.nahant.org/documents/townhall/military_housing/2005_BOS%20Annual_Report_Excerpt.pdf,atr,nodes,ERROR
Nahant,2005,https://nahant.org/wp-content/uploads/2021/02/Town-of-Nahant_Annual-Report_2005.pdf,atr,nodes,ERROR
Nahant,2005,https://nahant.org/wp-content/uploads/2021/03/2005_BOS-Annual_Report_Excerpt.pdf,atr,nodes,ERROR
Nahant,2005,https://nahant.org/wp-content/uploads/2022/11/Town-of-Nahant_Annual-Report_2005.pdf,atr,nodes,ERROR
Nahant,2007,http://www.nahant.org/documents/annual_town_reports/Town%20of%20Nahant_Annual%20Report_2007.pdf,atr,nodes,ERROR
Nahant,2007,http://www.nahant.org/documents/town_meeting/annual_town_reports/Town%20of%20Nahant_Annual%20Report_2007.pdf,atr,nodes,ERROR
Nahant,2007,http://www.nahant.org/documents/townhall/annual_town_reports/Town%20of%20Nahant_Annual%20Report_2007.pdf,atr,nodes,ERROR
Nahant,2007,https://nahant.org/wp-content/uploads/2021/02/Town-of-Nahant_Annual-Report_2007.pdf,atr,nodes,ERROR
Nahant,2007,https://nahant.org/wp-content/uploads/2022/11/Town-of-Nahant_Annual-Report_2007.pdf,atr,nodes,ERROR
Nahant,2008,http://www.nahant.org/documents/town_meeting/annual_town_reports/Town%20of%20Nahant_Annual%20Report_2008.pdf,atr,nodes,ERROR
Nahant,2008,http://www.nahant.org/documents/townhall/annual_town_reports/Town%20of%20Nahant_Annual%20Report_2008.pdf,atr,nodes,ERROR
Nahant,2008,https://nahant.org/wp-content/uploads/2021/02/Town-of-Nahant_Annual-Report_2008.pdf,atr,nodes,ERROR
Nahant,2008,https://nahant.org/wp-content/uploads/2022/11/Town-of-Nahant_Annual-Report_2008.pdf,atr,nodes,ERROR
Nahant,2009,http://www.nahant.org/documents/town_meeting/annual_town_reports/Town%20of%20Nahant_Annual%20Report_2009.pdf,atr,nodes,ERROR
Nahant,2009,http://www.nahant.org/documents/townhall/annual_town_reports/Town%20of%20Nahant_Annual%20Report_2009.pdf,atr,nodes,ERROR
Nahant,2009,https://nahant.org/wp-content/uploads/2021/02/Town-of-Nahant_Annual-Report_2009.pdf,atr,nodes,ERROR
Nahant,2009,https://nahant.org/wp-content/uploads/2022/11/Town-of-Nahant_Annual-Report_2009.pdf,atr,nodes,ERROR
Nahant,2010,http://www.nahant.org/documents/town_meeting/annual_town_reports/Town%20of%20Nahant_Annual%20Report_2010.pdf,atr,nodes,ERROR
Nahant,2010,http://www.nahant.org/documents/townhall/annual_town_reports/Town%20of%20Nahant_Annual%20Report_2010.pdf,atr,nodes,ERROR
Nahant,2010,https://nahant.org/wp-content/uploads/2021/02/Town-of-Nahant_Annual-Report_2010.pdf,atr,nodes,ERROR
Nahant,2010,https://nahant.org/wp-content/uploads/2022/11/Town-of-Nahant_Annual-Report_2010.pdf,atr,nodes,ERROR
Nahant,2011,http://www.nahant.org/documents/town_meeting/annual_town_reports/Town%20of%20Nahant_Annual%20Report_2011.pdf,atr,nodes,ERROR
Nahant,2011,http://www.nahant.org/documents/townhall/annual_town_reports/Town%20of%20Nahant_Annual%20Report_2011.pdf,atr,nodes,ERROR
Nahant,2011,https://nahant.org/wp-content/uploads/2021/02/Town-of-Nahant_Annual-Report_2011.pdf,atr,nodes,ERROR
Nahant,2011,https://nahant.org/wp-content/uploads/2022/11/Town-of-Nahant_Annual-Report_2011.pdf,atr,nodes,ERROR
Nahant,2012,http://www.nahant.org/documents/town_meeting/annual_town_reports/Town%20of%20Nahant_Annual%20Report_2012.pdf,atr,nodes,ERROR
Nahant,2012,http://www.nahant.org/documents/townhall/annual_town_reports/Town%20of%20Nahant_Annual%20Report_2012.pdf,atr,nodes,ERROR
Nahant,2012,https://nahant.org/wp-content/uploads/2021/02/Town-of-Nahant_Annual-Report_2012.pdf,atr,nodes,ERROR
Nahant,2012,https://nahant.org/wp-content/uploads/2022/11/Town-of-Nahant_Annual-Report_2012.pdf,atr,nodes,ERROR
Nahant,2013,http://www.nahant.org/documents/annual_town_reports/Town%20of%20Nahant_Annual%20Report_2013.pdf,atr,nodes,ERROR
Nahant,2013,http://www.nahant.org/documents/town_meeting/annual_town_reports/Town%20of%20Nahant_Annual%20Report_2013.pdf,atr,nodes,ERROR
Nahant,2013,http://www.nahant.org/documents/townhall/annual_town_reports/Town%20of%20Nahant_Annual%20Report_2013.pdf,atr,nodes,ERROR
Nahant,2013,https://nahant.org/wp-content/uploads/2021/02/Town-of-Nahant_Annual-Report_2013.pdf,atr,nodes,ERROR
Nahant,2013,https://nahant.org/wp-content/uploads/2022/11/Town-of-Nahant_Annual-Report_2013.pdf,atr,nodes,ERROR
Nahant,2014,http://www.nahant.org/documents/town_meeting/annual_town_reports/Town%20of%20Nahant_Annual%20Report_2014.pdf,atr,nodes,ERROR
Nahant,2014,http://www.nahant.org/documents/townhall/annual_town_reports/Town%20of%20Nahant_Annual%20Report_2014.pdf,atr,nodes,ERROR
Nahant,2014,https://nahant.org/wp-content/uploads/2021/02/Town-of-Nahant_Annual-Report_2014.pdf,atr,nodes,ERROR
Nahant,2014,https://nahant.org/wp-content/uploads/2022/11/Town-of-Nahant_Annual-Report_2014.pdf,atr,nodes,ERROR
Nahant,2015,http://www.nahant.org/documents/accountant/2015/town_accountant_annual_report_2014.pdf,atr,nodes,ERROR
Nahant,2015,http://www.nahant.org/documents/annual_town_reports/Town%20of%20Nahant_Annual%20Report_2015.pdf,atr,nodes,ERROR
Nahant,2015,http://www.nahant.org/documents/town_meeting/annual_town_reports/Town%20of%20Nahant_Annual%20Report_2015.pdf,atr,nodes,ERROR
Nahant,2015,https://nahant.org/wp-content/uploads/2021/02/Town-of-Nahant_Annual-Report_2015.pdf,atr,nodes,ERROR
Nahant,2015,https://nahant.org/wp-content/uploads/2022/11/Town-of-Nahant_Annual-Report_2015.pdf,atr,nodes,ERROR
Nahant,2016,http://nahant.org/documents/accountant/2016/annualreport15.pdf,atr,nodes,ERROR
Nahant,2016,http://www.nahant.org/documents/accountant/2016/town_accountant_annual_report_2015.pdf,atr,nodes,ERROR
Nahant,2016,http://www.nahant.org/documents/town_meeting/annual_town_reports/Town%20of%20Nahant_Annual%20Report_2016.pdf,atr,nodes,ERROR
Nahant,2016,https://nahant.org/wp-content/uploads/2021/02/Town-of-Nahant_Annual-Report_2016.pdf,atr,nodes,ERROR
Nahant,2016,https://nahant.org/wp-content/uploads/2022/11/Town-of-Nahant_Annual-Report_2016.pdf,atr,nodes,ERROR
Nahant,2017,http://www.nahant.org/documents/accountant/2017/town_accountant_annual_report_2016.pdf,atr,nodes,ERROR
Nahant,2017,http://www.nahant.org/documents/town_meeting/annual_town_reports/Town%20of%20Nahant_Annual%20Report_2017.pdf,atr,nodes,ERROR
Nahant,2017,https://nahant.org/wp-content/uploads/2021/02/Town-of-Nahant_Annual-Report_2017.pdf,atr,nodes,ERROR
Nahant,2017,https://nahant.org/wp-content/uploads/2022/11/Town-of-Nahant_Annual-Report_2017.pdf,atr,nodes,ERROR
Nahant,2018,http://www.nahant.org/documents/accountant/2018/town_accountant_annual_report_2017.pdf,atr,nodes,ERROR
Nahant,2018,http://www.nahant.org/documents/town_meeting/annual_town_reports/Town%20of%20Nahant_Annual%20Report_2018.pdf,atr,nodes,ERROR
Nahant,2018,https://nahant.org/wp-content/uploads/2021/02/Town-of-Nahant_Annual-Report_2018.pdf,atr,nodes,ERROR
Nahant,2018,https://nahant.org/wp-content/uploads/2022/11/Town-of-Nahant_Annual-Report_2018.pdf,atr,nodes,ERROR
Nahant,2019,http://www.nahant.org/documents/accountant/2019/town_accountant_annual_report_2018.pdf,atr,nodes,ERROR
Nahant,2019,http://www.nahant.org/documents/town_meeting/annual_town_reports/Town%20of%20Nahant_Annual%20Report_2019.pdf,atr,nodes,ERROR
Nahant,2019,https://nahant.org/wp-content/uploads/2021/02/Town-of-Nahant_Annual-Report_2019.pdf,atr,nodes,ERROR
Nahant,2019,https://nahant.org/wp-content/uploads/2022/11/Town-of-Nahant_Annual-Report_2019.pdf,atr,nodes,ERROR
Nahant,2020,http://www.nahant.org/documents/accountant/2020/town_accountant_annual_report_2019.pdf,atr,nodes,ERROR
Nahant,2020,https://nahant.org/wp-content/uploads/2021/07/Town-of-Nahant_Annual-Report_2020.pdf,atr,nodes,ERROR
Nahant,2020,https://nahant.org/wp-content/uploads/2022/03/Nahant-2020-Annual-Report-Final-PROOF-1-1.pdf,atr,nodes,ERROR
Nahant,2020,https://nahant.org/wp-content/uploads/2022/11/Town-of-Nahant_Annual-Report_2020.pdf,atr,nodes,ERROR
Nahant,2020,https://nahant.org/wp-content/uploads/2022/11/town_accountant_annual_report_2020.pdf,atr,nodes,ERROR
Nahant,2020,https://www.nahant.org/documents/departments/accountant/2021/town_accountant_annual_report_2020.pdf,atr,nodes,ERROR
Sudbury,2004,http://sudbury.ma.us/departments/Selectmen/doc1852/TownReport2004.pdf,atr,nodes,NOT_PDF
Sudbury,2005,http://sudbury.ma.us/departments/Selectmen/doc2459/2005TownReport.pdf,atr,nodes,NOT_PDF
Sudbury,2005,http://www.sudbury.ma.us/documents/dl/2459/2005TownReport.pdf,atr,nodes,NOT_PDF
Sudbury,2006,http://sudbury.ma.us/departments/Selectmen/doc3255/2006TownReport.pdf,atr,nodes,NOT_PDF
Sudbury,2008,http://sudbury.ma.us/departments/HousingTrust/doc4684/2008AnnualReport-SudburyHousingTrust.pdf,atr,nodes,NOT_PDF
Sudbury,2008,http://sudbury.ma.us/departments/Selectmen/doc4874/2008TownReport.pdf,atr,nodes,NOT_PDF
Randolph,2015,http://www.randolph-ma.gov/sites/randolphma/files/pages/2015_town_council_annual_report.pdf,atr,nodes,ERROR
Randolph,2017,https://www.randolph-ma.gov/sites/g/files/vyhlif4906/f/uploads/nov._7_2017_town_election_results.pdf,result,catalog,ERROR
Randolph,2018,https://www.randolph-ma.gov/sites/g/files/vyhlif4906/f/uploads/randolph_2018_town_report_0.pdf,atr,nodes,ERROR
Randolph,2018,https://www.randolph-ma.gov/sites/randolphma/files/uploads/randolph_2018_town_report.pdf,atr,nodes,ERROR
Randolph,2018,https://www.randolph-ma.gov/sites/randolphma/files/uploads/randolph_2018_town_report_0.pdf,atr,nodes,ERROR
Randolph,2018,https://www.randolph-ma.gov/sites/randolphma/files/uploads/randolph_2018_town_report_1.pdf,atr,nodes,ERROR
Randolph,2020,https://www.randolph-ma.gov/sites/g/files/vyhlif4906/f/uploads/annualtownreport2020.pdf,atr,nodes,ERROR
Westford,2007,http://www.westfordma.gov:80/pages/government/towndepartments/WestfordMA_clerk/documents/TownReport/2007/2007/01_FrontCoverAndIFC.pdf,atr,nodes,ERROR
Westford,2007,http://www.westfordma.gov:80/pages/government/towndepartments/WestfordMA_clerk/documents/TownReport/2007/2007/02_Spine_2007.pdf,atr,nodes,ERROR
Westford,2007,http://www.westfordma.gov:80/pages/government/towndepartments/WestfordMA_clerk/documents/TownReport/2007/2007/03_FrontMatter.pdf,atr,nodes,ERROR
Westford,2007,http://www.westfordma.gov:80/pages/government/towndepartments/WestfordMA_clerk/documents/TownReport/2007/2007/04_TableOfContents_2007.pdf,atr,nodes,ERROR
Westford,2007,http://www.westfordma.gov:80/pages/government/towndepartments/WestfordMA_clerk/documents/TownReport/2007/2007/05_PublicOfficals_2007.pdf,atr,nodes,ERROR
Westford,2007,http://www.westfordma.gov:80/pages/government/towndepartments/WestfordMA_clerk/documents/TownReport/2007/2007/06_GeneralMeetingTimes_2007.pdf,atr,nodes,ERROR
Westford,2007,http://www.westfordma.gov:80/pages/government/towndepartments/WestfordMA_clerk/documents/TownReport/2007/2007/09_BOS_2007.pdf,atr,nodes,ERROR
Westford,2007,http://www.westfordma.gov:80/pages/government/towndepartments/WestfordMA_clerk/documents/TownReport/2007/2007/10_TownManager_2007.pdf,atr,nodes,ERROR
Westford,2007,http://www.westfordma.gov:80/pages/government/towndepartments/WestfordMA_clerk/documents/TownReport/2007/2007/12_AnimalControl_2007.pdf,atr,nodes,ERROR
Westford,2007,http://www.westfordma.gov:80/pages/government/towndepartments/WestfordMA_clerk/documents/TownReport/2007/2007/16_BylawReviewCommittee_2007.pdf,atr,nodes,ERROR
Westford,2007,http://www.westfordma.gov:80/pages/government/towndepartments/WestfordMA_clerk/documents/TownReport/2007/2007/18_CAC_2007.pdf,atr,nodes,ERROR
Westford,2007,http://www.westfordma.gov:80/pages/government/towndepartments/WestfordMA_clerk/documents/TownReport/2007TownReport.pdf,atr,nodes,ERROR
Westford,2011,http://www.westfordma.gov:80/pages/government/towndepartments/WestfordMA_clerk/documents/TownReport/FY2011_Town_Report.pdf,atr,nodes,ERROR
Westford,2012,http://westfordma.gov:80/pages/government/towndepartments/WestfordMA_clerk/documents/TownReport/FY2012_Town_Report.pdf,atr,nodes,ERROR
Westford,2013,http://www.westfordma.gov:80/pages/government/towndepartments/WestfordMA_clerk/documents/TownReport/FY2013_Town_Report.pdf,atr,nodes,ERROR
Westford,2014,http://www.westfordma.gov:80/pages/government/towndepartments/WestfordMA_clerk/documents/TownReport/FY2014_Town_Report.pdf,atr,nodes,ERROR
Westford,2016,http://westfordma.gov:80/pages/government/towndepartments/WestfordMA_clerk/documents/Elections/WestfordMA_ElectionRes/March%201%202016%20-%20PresPrim%20Official%20Results.pdf,result,catalog,ERROR
Westhampton,2000,https://www.westhampton-ma.com/sites/g/files/vyhlif5191/f/pages/2000-2007_town_election_results_westhampton.pdf,result,catalog,ERROR
Westhampton,2008,https://www.westhampton-ma.com/sites/g/files/vyhlif5191/f/pages/2008-2016_town_election_results_westhampton.pdf,result,catalog,ERROR
Westhampton,2015,https://www.westhampton-ma.com/sites/g/files/vyhlif5191/f/pages/townreport_2015_apr15_final.pdf,atr,nodes,ERROR
Westhampton,2016,https://www.westhampton-ma.com/sites/g/files/vyhlif5191/f/uploads/2016_annual_town_report.pdf,atr,nodes,ERROR
Westhampton,2016,https://www.westhampton-ma.com/sites/g/files/vyhlif5191/f/uploads/fire_2016_annual_town_report_0.pdf,atr,nodes,ERROR
Westhampton,2017,https://www.westhampton-ma.com/sites/g/files/vyhlif5191/f/uploads/annual_report_2017_final_3.pdf,atr,nodes,ERROR
Westhampton,2017,https://www.westhampton-ma.com/sites/g/files/vyhlif5191/f/uploads/elections_results_june_3_2017_0.pdf,result,catalog,ERROR
Westhampton,2017,https://www.westhampton-ma.com/sites/g/files/vyhlif5191/f/uploads/fire_2017_annual_town_report.pdf,atr,nodes,ERROR
Westhampton,2018,https://www.westhampton-ma.com/sites/g/files/vyhlif5191/f/uploads/elections_results_june_2_2018.pdf,result,catalog,ERROR
Westhampton,2018,https://www.westhampton-ma.com/sites/g/files/vyhlif5191/f/uploads/fire_dept_2018_annual_town_report.pdf,atr,nodes,ERROR
Westhampton,2019,https://www.westhampton-ma.com/sites/g/files/vyhlif5191/f/uploads/2019-06-01_election_results.pdf,result,catalog,ERROR
Westhampton,2020,https://www.westhampton-ma.com/sites/g/files/vyhlif5191/f/uploads/elections_results_july_25_2020_1.pdf,result,catalog,ERROR
Westhampton,2020,https://www.westhampton-ma.com/sites/g/files/vyhlif5191/f/uploads/fd_annual_report_2020.pdf,atr,nodes,ERROR
Wakefield,2016,https://www.wakefield.ma.us/sites/g/files/vyhlif3986/f/uploads/official-election-results-2016-04-26.pdf,result,catalog,ERROR
Wakefield,2016,https://www.wakefield.ma.us/sites/g/files/vyhlif3986/f/uploads/official-election-results-2016-07-19.pdf,result,catalog,ERROR
Wakefield,2016,https://www.wakefield.ma.us/sites/g/files/vyhlif3986/f/uploads/official-election-results-2016-09-08.pdf,result,catalog,ERROR
Wakefield,2016,https://www.wakefield.ma.us/sites/g/files/vyhlif3986/f/uploads/official-election-results-2016-11-08.pdf,result,catalog,ERROR
Wakefield,2017,https://www.wakefield.ma.us/sites/g/files/vyhlif3986/f/uploads/official-election-results-2017-04-25.pdf,result,catalog,ERROR
Wakefield,2018,https://www.wakefield.ma.us/sites/g/files/vyhlif3986/f/uploads/official-election-results-2018-04-24.pdf,result,catalog,ERROR
Wakefield,2018,https://www.wakefield.ma.us/sites/g/files/vyhlif3986/f/uploads/official-election-results-2018-11-06.pdf,result,catalog,ERROR
Wakefield,2019,https://www.wakefield.ma.us/sites/g/files/vyhlif3986/f/uploads/annual-town-report-2019.pdf,atr,nodes,ERROR
Wakefield,2019,https://www.wakefield.ma.us/sites/g/files/vyhlif3986/f/uploads/official-election-results-2019-04-23.pdf,result,catalog,ERROR
Wakefield,2020,https://www.wakefield.ma.us/sites/g/files/vyhlif3986/f/uploads/town-election-official-results-2020-06-23_1.pdf,result,catalog,ERROR
Bridgewater,2016,https://www.bridgewaterma.gov/government/town_clerk/Documents/Government/Town Clerk/Annual Town Reports/Town-Report_Compiled_2016_final.pdf?t=202512260928370,atr,nodes,ERROR
Bridgewater,2017,https://www.bridgewaterma.gov/government/town_clerk/Documents/Government/Town Clerk/Annual Town Reports/2017_Town-Report_final_with-financials_no-cover_202108101420598503.pdf?t=202512260928310,atr,nodes,ERROR
Bridgewater,2018,https://www.bridgewaterma.gov/government/town_clerk/Documents/Government/Town Clerk/Annual Town Reports/2015_Town-Report_2018-final.pdf?t=202512260928310,atr,nodes,ERROR
Bridgewater,2018,https://www.bridgewaterma.gov/government/town_clerk/Documents/Government/Town Clerk/Annual Town Reports/Bridgewater_2018_Town-Report_Final_rev_online-copy.pdf?t=202512260928320,atr,nodes,ERROR
Bridgewater,2019,https://www.bridgewaterma.gov/government/town_clerk/Documents/Government/Town Clerk/Annual Town Reports/Bridgewater_2019_Town-Report_final.pdf?t=202512260928320,atr,nodes,ERROR
Bridgewater,2020,https://www.bridgewaterma.gov/government/town_clerk/Documents/Government/Town Clerk/Annual Town Reports/Bridgewater_2020_Town-Report.pdf?t=202512260928320,atr,nodes,ERROR
Scituate,2012,http://www.scituatema.gov:80/sites/scituatema/files/file/file/wwc_2012_annual_report.pdf,atr,nodes,ERROR
Scituate,2014,http://www.scituatema.gov:80/sites/scituatema/files/file/file/2014_annual_report_boards_and_committees.pdf,atr,nodes,ERROR
Scituate,2015,http://www.scituatema.gov:80/sites/scituatema/files/file/file/2015_annual_report_boards_and_committees.pdf,atr,nodes,ERROR
Leominster,2003,http://www.leominster-ma.gov:80/images/images_public_works_dept/pdfs/fy2003_annual_report.pdf,atr,nodes,ERROR
Newbury,2020,https://www.townofnewbury.org/sites/g/files/vyhlif951/f/news/final_tally_of_votes_-_nov._3_2020_0.pdf,result,catalog,ERROR
Haverhill,2003,http://www.haverhillma.gov/departments/public_works_department/water_wastewater/wastewater/wastewater_collection_system/docs/CSO_Annual_Report_2003.pdf,atr,nodes,ERROR
Haverhill,2004,http://www.haverhillma.gov/departments/public_works_department/water_wastewater/wastewater/wastewater_collection_system/docs/CSO_Annual_Report_2004.pdf,atr,nodes,ERROR
Haverhill,2006,http://www.haverhillma.gov/departments/public_works_department/water_wastewater/wastewater/wastewater_collection_system/docs/CSO_Annual_Report_2006.pdf,atr,nodes,ERROR
Haverhill,2007,http://www.haverhillma.gov/departments/public_works_department/water_wastewater/wastewater/wastewater_collection_system/docs/CSO_Annual_Report_2007.pdf,atr,nodes,ERROR
Haverhill,2007,http://www.haverhillma.gov/departments/public_works_department/water_wastewater/wastewater/wastewater_collection_system/docs/Infiltration_Inflow_Annual_Report_2007.pdf,atr,nodes,ERROR
Haverhill,2008,http://www.haverhillma.gov/departments/public_works_department/water_wastewater/wastewater/wastewater_collection_system/docs/CSO_Annual_Report_2008.pdf,atr,nodes,ERROR
Haverhill,2008,http://www.haverhillma.gov/departments/public_works_department/water_wastewater/wastewater/wastewater_collection_system/docs/Infiltration_Inflow_Annual_Report_2008.pdf,atr,nodes,ERROR
Haverhill,2009,http://www.haverhillma.gov/departments/public_works_department/water_wastewater/wastewater/wastewater_collection_system/docs/CSO_Annual_Report_2009.pdf,atr,nodes,ERROR
Haverhill,2009,http://www.haverhillma.gov/departments/public_works_department/water_wastewater/wastewater/wastewater_collection_system/docs/Infiltration_Inflow_Annual_Report_2009.pdf,atr,nodes,ERROR
Haverhill,2010,http://www.haverhillma.gov/departments/public_works_department/water_wastewater/wastewater/wastewater_collection_system/docs/CSO_Annual_Report_2010.pdf,atr,nodes,ERROR
Haverhill,2010,http://www.haverhillma.gov/departments/public_works_department/water_wastewater/wastewater/wastewater_collection_system/docs/Infiltration_Inflow_Annual_Report_2010.pdf,atr,nodes,ERROR
Haverhill,2011,http://www.haverhillma.gov/departments/public_works_department/water_wastewater/wastewater/wastewater_collection_system/docs/CSO_Annual_Report_2011.pdf,atr,nodes,ERROR
Haverhill,2011,http://www.haverhillma.gov/departments/public_works_department/water_wastewater/wastewater/wastewater_collection_system/docs/Infiltration_Inflow_Annual_Report_2011.pdf,atr,nodes,ERROR
Haverhill,2012,http://www.haverhillma.gov/departments/public_works_department/water_wastewater/wastewater/wastewater_collection_system/docs/CSO_Annual_Report_2012.pdf,atr,nodes,ERROR
Haverhill,2012,http://www.haverhillma.gov/departments/public_works_department/water_wastewater/wastewater/wastewater_collection_system/docs/Infiltration_Inflow_Annual_Report_2012.pdf,atr,nodes,ERROR
Haverhill,2013,http://www.haverhillma.gov/government/board_of_registrars_of_voters_-_elections/elections/official_results/docs/fnal_results_11_2013.pdf,result,catalog,ERROR
Haverhill,2014,http://www.haverhillma.gov/government/board_of_registrars_of_voters_-_elections/docs/official_results_Sept_2014.pdf,result,catalog,ERROR
Haverhill,2014,http://www.haverhillma.gov/government/board_of_registrars_of_voters_-_elections/elections/official_results/docs/june_10_office_tally_sheet___final_tally_6_19_2014.pdf,result,catalog,ERROR
Haverhill,2014,http://www.haverhillma.gov/government/board_of_registrars_of_voters_-_elections/elections/official_results/docs/nov_2014_cert_09082015102632.pdf,result,catalog,ERROR
Haverhill,2015,http://www.haverhillma.gov/government/board_of_registrars_of_voters_-_elections/elections/official_results/docs/End_of_election_Nov_2015___official_results.pdf,result,catalog,ERROR
Haverhill,2016,http://www.haverhillma.gov/government/board_of_registrars_of_voters_-_elections/docs/OFFICIAL%20FINAL%20SEPT8%202016%20RESULTS.pdf,result,catalog,ERROR
Haverhill,2016,http://www.haverhillma.gov/government/board_of_registrars_of_voters_-_elections/docs/march%202016%20official%20resulta.pdf,result,catalog,ERROR
Haverhill,2016,http://www.haverhillma.gov/government/board_of_registrars_of_voters_-_elections/docs/official%20final%20result%20nov%202016.pdf,result,catalog,ERROR
Haverhill,2016,http://www.haverhillma.gov/government/board_of_registrars_of_voters_-_elections/elections/official_results/docs/OFFICIAL%20FINAL%20SEPT8%202016%20RESULTS.pdf,result,catalog,ERROR
Haverhill,2016,http://www.haverhillma.gov/government/board_of_registrars_of_voters_-_elections/elections/official_results/docs/march%202016%20official%20resulta.pdf,result,catalog,ERROR
Lawrence,2007,https://cityoflawrence.com/ImageRepository/Document?documentID=69,result,catalog,EMPTY
Lawrence,2019,https://cityoflawrence.com/ImageRepository/Document?documentID=1435,result,catalog,NOT_PDF
Lawrence,2020,https://cityoflawrence.com/ImageRepository/Document?documentID=1939,result,catalog,EMPTY
Gardner,2020,https://gardner-ma.gov/DocumentCenter/View/6444/2020-459-Electronic-Scanners-for-Vote-Tabulation-Proposals-Response,result,catalog,NOT_PDF
Canton,2011,http://www.town.canton.ma.us/Clerks/2011-Annual-Report.pdf,atr,nodes,ERROR
Canton,2012,http://www.town.canton.ma.us/Clerks/2012%20Annual%20Report.pdf,atr,nodes,ERROR
Canton,2013,http://www.town.canton.ma.us/Clerks/Annual%20Report/2013-Annual_Report.pdf,atr,nodes,ERROR
Yarmouth,2008,https://yarmouth.ma.us/ImageRepository/Document?documentID=163,result,catalog,EMPTY
Yarmouth,2009,https://yarmouth.ma.us/ImageRepository/Document?documentID=166,result,catalog,EMPTY
Yarmouth,2010,https://yarmouth.ma.us/ImageRepository/Document?documentID=191,result,catalog,EMPTY
Yarmouth,2013,https://yarmouth.ma.us/ImageRepository/Document?documentID=548,result,catalog,EMPTY
Yarmouth,2014,https://yarmouth.ma.us/ImageRepository/Document?documentID=573,result,catalog,EMPTY
Yarmouth,2016,https://yarmouth.ma.us/ImageRepository/Document?documentID=605,result,catalog,EMPTY
Sturbridge,2018,https://www.sturbridge.gov/sites/g/files/vyhlif3881/f/uploads/2018_annual_town_report_full.pdf,atr,nodes,ERROR
Littleton,2003,http://www.littletonma.org:80/clerk/2003%20ANNUAL%20ELECTION%20RESULTS.pdf,result,catalog,ERROR
Littleton,2015,http://www.littletonma.org:80/filestorage/19733/19781/33127/36059/Election_Tally_2015_May_(1).pdf,result,catalog,ERROR
Westfield,2003,http://www.cityofwestfield.org:80/pdfs/12+FY2003%20ANNUAL%20REPORT.pdf,atr,nodes,ERROR
Chilmark,2004,http://www.chilmarkma.gov/pages/ChilmarkMA_Treasurer/CemeteryTreasTownReport2004.pdf,atr,nodes,ERROR
Chilmark,2005,http://chilmarkma.gov/Pages/ChilmarkMA_Annual/2005%20annual%20reports/CONSERVATION%20COMMISSION%20200.pdf,atr,nodes,ERROR
Chilmark,2005,http://chilmarkma.gov/Pages/ChilmarkMA_Annual/2005%20annual%20reports/FIRE%20DEPARTMENT%202005%20ANNUAL.pdf,atr,nodes,ERROR
Chilmark,2005,http://chilmarkma.gov/Pages/ChilmarkMA_Annual/2005%20annual%20reports/HARBORMASTER%202005%20REPORT.pdf,atr,nodes,ERROR
Chilmark,2005,http://chilmarkma.gov/Pages/ChilmarkMA_Annual/2005%20annual%20reports/HOUSING%20COMMITTEE%202005%20ANNU.pdf,atr,nodes,ERROR
Chilmark,2005,http://chilmarkma.gov/Pages/ChilmarkMA_Annual/2005%20annual%20reports/MV%20SHELLFISH%20GROUP%202005%20ANN.pdf,atr,nodes,ERROR
Chilmark,2005,http://chilmarkma.gov/Pages/ChilmarkMA_Annual/2005%20annual%20reports/SHELLFISH%20WARDEN%202005%20ANNUA.pdf,atr,nodes,ERROR
Chilmark,2005,http://chilmarkma.gov/Pages/ChilmarkMA_Annual/2005%20annual%20reports/TRI-TOWN%20AMBULANCE%202005%20ANN.pdf,atr,nodes,ERROR
Chilmark,2005,http://chilmarkma.gov/Pages/ChilmarkMA_Treasurer/CemeteryTreasTown%20Report2005.pdf,atr,nodes,ERROR
Chilmark,2005,http://chilmarkma.gov/Pages/ChilmarkMA_Treasurer/LibraryTresTownReport2005.pdf,atr,nodes,ERROR
Chilmark,2005,http://www.chilmarkma.gov/Pages/ChilmarkMA_Annual/2005%20annual%20reports/2005BoardofHealthAnnualRepo.pdf,atr,nodes,ERROR
Chilmark,2005,http://www.chilmarkma.gov/Pages/ChilmarkMA_Annual/2005%20annual%20reports/BEACH%20COMMITTEE%202005%20ANNUAL.pdf,atr,nodes,ERROR
Chilmark,2005,http://www.chilmarkma.gov/Pages/ChilmarkMA_Annual/2005%20annual%20reports/BOARD%20OF%20SELECTMEN%202005%20ANN.pdf,atr,nodes,ERROR
Chilmark,2005,http://www.chilmarkma.gov/Pages/ChilmarkMA_Annual/2005%20annual%20reports/BUILDING%20INSPECTOR%202005%20ANN.pdf,atr,nodes,ERROR
Chilmark,2005,http://www.chilmarkma.gov/Pages/ChilmarkMA_Annual/2005%20annual%20reports/CHILMARK%202005%20BALANCE%20SHEET.pdf,atr,nodes,ERROR
Chilmark,2005,http://www.chilmarkma.gov/Pages/ChilmarkMA_Annual/2005%20annual%20reports/CHILMARK%202005%20REVENUE%20AND%20E.pdf,atr,nodes,ERROR
Chilmark,2005,http://www.chilmarkma.gov/Pages/ChilmarkMA_Annual/2005%20annual%20reports/DUKES%20COUNTY%20REGIONAL%20HOUSI.pdf,atr,nodes,ERROR
Chilmark,2005,http://www.chilmarkma.gov/Pages/ChilmarkMA_Annual/2005%20annual%20reports/PERSONNEL%20BOARD%202005%20ANNUAL.pdf,atr,nodes,ERROR
Chilmark,2005,http://www.chilmarkma.gov/Pages/ChilmarkMA_Annual/2005%20annual%20reports/SITE%20REVIEW%20COMMITTEE%202005%20.pdf,atr,nodes,ERROR
Chilmark,2005,http://www.chilmarkma.gov/Pages/ChilmarkMA_Annual/2005%20annual%20reports/SUPERINTENDENT%20OF%20STREETS%202.pdf,atr,nodes,ERROR
Chilmark,2005,http://www.chilmarkma.gov/Pages/ChilmarkMA_Annual/2005%20annual%20reports/UP-ISLAND%20REGIONAL%20SCHOOL%20D.pdf,atr,nodes,ERROR
Chilmark,2005,http://www.chilmarkma.gov/Pages/ChilmarkMA_Annual/2005%20annual%20reports/ZONING%20BOARD%20OF%20APPEALS%20200.pdf,atr,nodes,ERROR
Chilmark,2005,"http://www.chilmarkma.gov/Pages/ChilmarkMA_BBoard/Archived%20News/ElectionResultsApril27,2005.pdf",result,catalog,ERROR
Chilmark,2006,http://chilmarkma.gov/Pages/ChilmarkMA_Annual/2006%20annual%20reports/shellfish%20report.pdf,atr,nodes,ERROR
Chilmark,2006,http://www.chilmarkma.gov/Pages/ChilmarkMA_Annual/2006%20annual%20reports/Chilmark-W%20Tisbury_scope_cvrltr2.pdf,atr,nodes,ERROR
Chilmark,2006,http://www.chilmarkma.gov/Pages/ChilmarkMA_Annual/2006%20annual%20reports/exp%20atm%202007.pdf,atr,nodes,ERROR
Chilmark,2007,http://www.chilmarkma.gov/Pages/ChilmarkMA_Annual/2006%20annual%20reports/2007_03_21_10_50_39.pdf,atr,nodes,ERROR
Chilmark,2008,"http://chilmarkma.gov/Pages/ChilmarkMA_BBoard/Archived%20News/Ch.ElectionResultsApril30,2008.pdf",result,catalog,ERROR
Chilmark,2008,"http://www.chilmarkma.gov/Pages/ChilmarkMA_BBoard/Archived%20News/February5,2008ElectionResults.pdf",result,catalog,ERROR
Chilmark,2008,"http://www.chilmarkma.gov/Pages/ChilmarkMA_BBoard/Archived%20News/November4,2008ElectionResults.pdf",result,catalog,ERROR
Chilmark,2009,http://chilmarkma.gov/Pages/ChilmarkMA_TownMeeting/April2009ElectionResults.pdf,result,catalog,ERROR
Chilmark,2011,http://www.chilmarkma.gov/Pages/ChilmarkMA_SelectAgenda/2011Archives/04052011/MMA%202010%20Annual%20Report.pdf,atr,nodes,ERROR
Chilmark,2012,http://www.chilmarkma.gov/Pages/ChilmarkMA_Annual/2012%20Annual%20Reports/pub%20off%202012.pdf,atr,nodes,ERROR
Chilmark,2012,http://www.chilmarkma.gov/Pages/ChilmarkMA_BBoard/Archived%20News/2012%20Annual%20Report%20Press%20Release%20-%20FINAL.pdf,atr,nodes,ERROR
Chilmark,2013,http://chilmarkma.gov/Pages/ChilmarkMA_Annual/2013%20Annual%20Reports/1939%20DPW%20Menemsha%20Creek%20Lots.pdf,atr,nodes,ERROR
Chilmark,2013,http://chilmarkma.gov/Pages/ChilmarkMA_Annual/2013%20Annual%20Reports/5086931447_20140320_110555.pdf,atr,nodes,ERROR
Chilmark,2013,http://chilmarkma.gov/Pages/ChilmarkMA_Annual/2013%20Annual%20Reports/corrections%20to%20Chilmark%20Town%20Report%20pages%209-18%202013.pdf,atr,nodes,ERROR
Chilmark,2013,http://chilmarkma.gov/Pages/ChilmarkMA_Annual/2013%20Annual%20Reports/info@chilmarkma%20gov_20140407_101446.pdf,atr,nodes,ERROR
Chilmark,2013,http://chilmarkma.gov/Pages/ChilmarkMA_SelectAgenda/2013/04162013/IHT-AnnualReport2012-web.pdf,atr,nodes,ERROR
Chilmark,2013,http://www.chilmarkma.gov/Pages/ChilmarkMA_Annual/2013%20Annual%20Reports/TC%20FINAL%20Town%20Report%20Submission%202013.pdf,atr,nodes,ERROR
Chilmark,2013,http://www.chilmarkma.gov/Pages/ChilmarkMA_SelectAgenda/2013/08272013/2012%20Annual%20Report%20Press%20Release%20-%20FINAL.pdf,atr,nodes,ERROR
Chilmark,2014,http://chilmarkma.gov/Pages/ChilmarkMA_Annual/2013%20Annual%20Reports/2014ATM%20Exp2.pdf,atr,nodes,ERROR
Chilmark,2014,http://www.chilmarkma.gov/Pages/ChilmarkMA_Annual/2013%20Annual%20Reports/2014-04-25%20Town%20Line%20proposal.pdf,atr,nodes,ERROR
Chilmark,2015,http://chilmarkma.gov/Pages/ChilmarkMA_SelectAgenda/2015/10062015/landfill%20solar%20array%202015%20Annual%20Report.pdf,atr,nodes,ERROR
Chilmark,2015,http://chilmarkma.gov/Pages/ChilmarkMA_SelectAgenda/2015/10062015/monthly%20solar%202015%20Annual%20Report%20(2).pdf,atr,nodes,ERROR
Chilmark,2016,http://www.chilmarkma.gov/Pages/ChilmarkMA_SelectAgenda/2016/10042016/CVEC%20Annual%20Report%20FY16.pdf,atr,nodes,ERROR
Chilmark,2016,"http://www.chilmarkma.gov/pages/ChilmarkMA_Clerk/April27,2016TownElectionResults.pdf",result,catalog,ERROR
Marshfield,2008,http://marshfield-ma.gov/Collateral/Documents/English-US/accounting/TA-Town-Report-2008.pdf,atr,nodes,ERROR
Marshfield,2009,http://marshfield-ma.gov/Collateral/Documents/English-US/accounting/TA-Town-Report-2009.pdf,atr,nodes,ERROR
Marshfield,2009,http://marshfield-ma.gov/Collateral/Documents/English-US/administration/2009annualreport.pdf,atr,nodes,ERROR
Marshfield,2009,http://marshfield-ma.gov/Collateral/Documents/English-US/administration/townreport-2009-sectionI.pdf,atr,nodes,ERROR
Marshfield,2009,http://marshfield-ma.gov/Collateral/Documents/English-US/administration/townreport-2009-sectionII.pdf,atr,nodes,ERROR
Marshfield,2009,http://marshfield-ma.gov/Collateral/Documents/English-US/administration/townreport-2009-sectionIII.pdf,atr,nodes,ERROR
Marshfield,2009,http://marshfield-ma.gov/Collateral/Documents/English-US/administration/townreport-2009-sectionIV.pdf,atr,nodes,ERROR
Marshfield,2009,http://marshfield-ma.gov/Collateral/Documents/English-US/administration/townreport-2009-sectionV-1.pdf,atr,nodes,ERROR
Marshfield,2009,http://marshfield-ma.gov/Collateral/Documents/English-US/administration/townreport-2009-sectionV-2.pdf,atr,nodes,ERROR
Marshfield,2009,http://marshfield-ma.gov/Collateral/Documents/English-US/administration/townreport-2009-tableofcontents.pdf,atr,nodes,ERROR
Marshfield,2009,https://marshfield-ma.gov/government/select_board/Binder2.pdf?t=202602021719210,atr,nodes,ERROR
Marshfield,2010,http://marshfield-ma.gov/Collateral/Documents/English-US/accounting/TA-Town-Report-2010.pdf,atr,nodes,ERROR
Marshfield,2010,http://marshfield-ma.gov/Collateral/Documents/English-US/administration/MARSHFIELD2010TOWNREPORT.pdf,atr,nodes,ERROR
Marshfield,2010,https://marshfield-ma.gov/government/select_board/2010_annual_report_-_pdf.pdf?t=202503281418370,atr,nodes,ERROR
Marshfield,2011,http://marshfield-ma.gov/Collateral/Documents/English-US/administration/MARSHFIELD2011TOWNREPORT-WEBCOPY.pdf,atr,nodes,ERROR
Marshfield,2011,https://marshfield-ma.gov/government/select_board/2011_annual_report_-_pdf.pdf?t=202503281417340,atr,nodes,ERROR
Marshfield,2012,http://marshfield-ma.gov/Collateral/Documents/English-US/townclerk/OFFICIAL%20ELECTION%20RESULTS-11%2006%202012.pdf,result,catalog,ERROR
Marshfield,2012,https://marshfield-ma.gov/government/select_board/2012_annual_report_-_pdf.pdf?t=202503281416150,atr,nodes,ERROR
Marshfield,2013,https://marshfield-ma.gov/government/select_board/2013_annual_report_-_pdf.pdf?t=202503281415310,atr,nodes,ERROR
Marshfield,2014,http://marshfield-ma.gov/Collateral/Documents/English-US/administration/townreport2014.pdf,atr,nodes,ERROR
Marshfield,2014,https://marshfield-ma.gov/government/select_board/2014_annual_report_-pdf.pdf?t=202503281414440,atr,nodes,ERROR
Marshfield,2015,https://marshfield-ma.gov/government/select_board/2015_annual_report_-_pdf.pdf?t=202503281413280,atr,nodes,ERROR
Marshfield,2016,https://marshfield-ma.gov/government/select_board/marshfield_2016_tr-web_copy.pdf?t=202503281412160,atr,nodes,ERROR
Marshfield,2017,https://marshfield-ma.gov/government/select_board/marshfield_2017_tr-web_copy.pdf?t=202503281411280,atr,nodes,ERROR
Marshfield,2018,https://marshfield-ma.gov/government/select_board/marshfield_2018_tr-web_copy.pdf?t=202503281410320,atr,nodes,ERROR
Marshfield,2019,https://marshfield-ma.gov/government/select_board/marshfield_2019_tr-web_copy.pdf?t=202503281234300,atr,nodes,ERROR
Marshfield,2020,https://marshfield-ma.gov/government/select_board/marshfield_2020_tr_web.pdf?t=202503281233530,atr,nodes,ERROR
Taunton,2015,http://www.taunton-ma.gov/sites/tauntonma/files/uploads/official_city_election_results_by_ward_11-3-2015_0.pdf,result,catalog,ERROR
Taunton,2015,http://www.taunton-ma.gov/sites/tauntonma/files/uploads/officialcity_election_results_total_11-3-2015_0.pdf,result,catalog,ERROR
Eastham,2012,http://www.eastham-ma.gov/Public_Documents/EasthamMA_Clerk/Election%20Results/2012%20Annual%20Town%20Election%20Results.pdf,result,catalog,ERROR
Eastham,2013,http://www.eastham-ma.gov/Public_Documents/EasthamMA_Clerk/Election%20Results/2013%20Annual%20Town%20Election%20Results.pdf,result,catalog,ERROR
Eastham,2014,http://www.eastham-ma.gov/Public_Documents/EasthamMA_Clerk/Election%20Results/2014%20Annual%20Town%20Election%20Results.pdf,result,catalog,ERROR
Eastham,2014,https://www.eastham-ma.gov/sites/g/files/vyhlif4371/f/pages/annual_town_report_2014.pdf,atr,nodes,ERROR
Eastham,2015,http://www.eastham-ma.gov/Public_Documents/EasthamMA_Clerk/Election%20Results/2015%20Annual%20Town%20Election%20Results.pdf,result,catalog,ERROR
Eastham,2015,https://www.eastham-ma.gov/sites/g/files/vyhlif4371/f/pages/annual_report_2015.pdf,atr,nodes,ERROR
Eastham,2016,http://www.eastham-ma.gov/Public_Documents/EasthamMA_Clerk/2016%20Annual%20Town%20Election%20Results.pdf,result,catalog,ERROR
Eastham,2016,http://www.eastham-ma.gov/Public_Documents/EasthamMA_Clerk/Election%20Results/2016%20Annual%20Town%20Election%20Results.pdf,result,catalog,ERROR
Eastham,2016,https://www.eastham-ma.gov/sites/g/files/vyhlif4371/f/pages/annual_report_from_cd-2016.pdf,atr,nodes,ERROR
Eastham,2017,https://www.eastham-ma.gov/sites/g/files/vyhlif4371/f/pages/2017_eastham_annual_report.pdf,atr,nodes,ERROR
Eastham,2018,https://www.eastham-ma.gov/sites/g/files/vyhlif4371/f/pages/eastham_annual_report_2018_0.pdf,atr,nodes,ERROR
Eastham,2018,https://www.eastham-ma.gov/sites/g/files/vyhlif4371/f/uploads/annualreport_2018_layeredsystems.pdf,atr,nodes,ERROR
Eastham,2019,https://www.eastham-ma.gov/sites/g/files/vyhlif4371/f/pages/2019_eastham_annual_report.pdf,atr,nodes,ERROR
Eastham,2020,https://www.eastham-ma.gov/sites/g/files/vyhlif4371/f/pages/2020_eastham_annual_report.pdf,atr,nodes,ERROR
Truro,2013,http://www.truro-ma.gov/sites/truroma/files/mma_award_town_report_2013.pdf,atr,nodes,ERROR
Truro,2015,http://www.truro-ma.gov/sites/truroma/files/file/file/may_12_2015_election_results.pdf,result,catalog,ERROR
Truro,2016,http://www.truro-ma.gov/sites/truroma/files/election_results_november_8_2016.pdf,result,catalog,ERROR
Truro,2016,http://www.truro-ma.gov/sites/truroma/files/file/file/election_results_november_8_2016.pdf,result,catalog,ERROR
Truro,2016,https://www.truro-ma.gov/sites/g/files/vyhlif3936/f/file/file/annual_town_report_2016.pdf,atr,nodes,ERROR
Truro,2016,https://www.truro-ma.gov/sites/g/files/vyhlif9766/f/file/file/annual_town_report_2016.pdf,atr,nodes,ERROR
Truro,2016,https://www.truro-ma.gov/sites/g/files/vyhlif9766/f/pages/annual_town_report_2016.pdf,atr,nodes,ERROR
Truro,2017,https://www.truro-ma.gov/sites/g/files/vyhlif9766/f/pages/annual_town_report_2017.pdf,atr,nodes,ERROR
Truro,2017,https://www.truro-ma.gov/sites/g/files/vyhlif9766/f/uploads/annual_town_report_2017.pdf,atr,nodes,ERROR
Truro,2019,https://www.truro-ma.gov/sites/g/files/vyhlif9766/f/pages/2019_annual_town_report_.pdf,atr,nodes,ERROR
Truro,2019,https://www.truro-ma.gov/sites/g/files/vyhlif9766/f/uploads/2019_annual_town_report_.pdf,atr,nodes,ERROR
Lowell,2019,https://www.lowellma.gov/DocumentCenter/View/9579,result,catalog,NOT_PDF
Foxborough,2012,http://www.foxboroughma.gov/Pages/FoxboroughMA_Clerk/elections/S019C7E6C.0/11-6-2012%20unofficial%20elec%20results.pdf,result,catalog,ERROR
Foxborough,2014,http://www.foxboroughma.gov/Pages/FoxboroughMA_Clerk/elections/S01D58E43.0/5-5-2014%20ATE%20Election%20Results.pdf,result,catalog,ERROR
Stoughton,2017,http://www.stoughton.org:80/sites/stoughtonma/files/uploads/04-04-2017_election_results-draft.pdf,result,catalog,ERROR
Groton,2002,https://portal.grotonma.gov/storage/Election_Information/Election%20Results/2002_Municipal_Election_Results.pdf,result,catalog,ERROR
Groton,2003,https://portal.grotonma.gov/storage/Election_Information/Election%20Results/2003_Municipal_Election_Results.pdf,result,catalog,ERROR
Groton,2004,https://portal.grotonma.gov/storage/Election_Information/Election%20Results/2004_Municipal_Election_Results.pdf,result,catalog,ERROR
Groton,2005,https://portal.grotonma.gov/storage/Election_Information/Election%20Results/2005_Annual_Town_Election_Results.pdf,result,catalog,ERROR
Groton,2005,https://portal.grotonma.gov/storage/Election_Information/Election%20Results/2005_Municipal_Election_Results.pdf,result,catalog,ERROR
Groton,2006,https://portal.grotonma.gov/storage/Election_Information/Election%20Results/2006_Democratic_Unofficial_Results.pdf,result,catalog,ERROR
Groton,2006,https://portal.grotonma.gov/storage/Election_Information/Election%20Results/2006_Municipal_Election_Results.pdf,result,catalog,ERROR
Groton,2006,https://portal.grotonma.gov/storage/Election_Information/Election%20Results/2006_Town_Election_Results.pdf,result,catalog,ERROR
Groton,2007,https://portal.grotonma.gov/storage/Election_Information/Election%20Results/2007_Municipal_Election_Results.pdf,result,catalog,ERROR
Groton,2008,https://portal.grotonma.gov/storage/Election_Information/Election%20Results/2008-05-20_Official_Results.pdf,result,catalog,ERROR
Groton,2008,https://portal.grotonma.gov/storage/Election_Information/Election%20Results/2008-09-16_Official_Results.pdf,result,catalog,ERROR
Groton,2008,https://portal.grotonma.gov/storage/Election_Information/Election%20Results/2008-10-07_Official_Results.pdf,result,catalog,ERROR
Groton,2008,https://portal.grotonma.gov/storage/Election_Information/Election%20Results/2008-11-04_Official_Results.pdf,result,catalog,ERROR
Groton,2008,https://portal.grotonma.gov/storage/Election_Information/Election%20Results/2008_Annual_Town_Election.pdf,result,catalog,ERROR
Groton,2009,https://portal.grotonma.gov/storage/Election_Information/Election%20Results/2009_Annual_Town_Election_Results.pdf,result,catalog,ERROR
Groton,2010,https://portal.grotonma.gov/storage/Election_Information/Election%20Results/2010_Annual_Town_Election.pdf,result,catalog,ERROR
Groton,2010,https://portal.grotonma.gov/storage/Election_Information/Election%20Results/2010_Annual_Town_Election_Results.pdf,result,catalog,ERROR
Groton,2010,https://portal.grotonma.gov/storage/Election_Information/Election%20Results/2010_January_Senate_Vacancy_Results.pdf,result,catalog,ERROR
Groton,2010,https://portal.grotonma.gov/storage/Election_Information/Election%20Results/2010_Primary_Results.pdf,result,catalog,ERROR
Groton,2011,https://portal.grotonma.gov/storage/Election_Information/Election%20Results/2011_Annual_Town_Election_Results.pdf,result,catalog,ERROR
Groton,2012,https://portal.grotonma.gov/storage/Election_Information/Election%20Results/2012_Annual_Town_Election_Final_Results.pdf,result,catalog,ERROR
Groton,2013,https://portal.grotonma.gov/storage/Election_Information/Election%20Results/2013_Annual_Town_Election_Final_Results.pdf,result,catalog,ERROR
Groton,2014,https://portal.grotonma.gov/storage/Election_Information/Election%20Results/2014_Annual_Town_Election_Final_Results.pdf,result,catalog,ERROR
Groton,2015,https://portal.grotonma.gov/storage/Election_Information/Election%20Results/2015_Annual_Town_Election_Final_Results.pdf,result,catalog,ERROR
Groton,2016,https://portal.grotonma.gov/storage/Election_Information/Election%20Results/2016_Annual_Town_Election_Final_Results.pdf,result,catalog,ERROR
Groton,2017,https://portal.grotonma.gov/storage/Election_Information/Election%20Results/2017_Annual_Town_election_Final_Results.pdf,result,catalog,ERROR
Groton,2018,https://portal.grotonma.gov/storage/Election_Information/Election%20Results/2018_Annual_Town_Election_Final_Results.pdf,result,catalog,ERROR
Groton,2019,https://portal.grotonma.gov/storage/Election_Information/Election%20Results/2019_Annual_Town_Election_Final_Results.pdf,result,catalog,ERROR
Groton,2020,https://portal.grotonma.gov/storage/Election_Information/Election%20Results/2020_ATE_Final_Results.pdf,result,catalog,ERROR
Concord,2007,http://www.concordma.gov/pages/ConcordMA_TownManager/townreport07/MRHS%20Concord%2007.pdf,atr,nodes,ERROR
Concord,2008,http://www.concordma.gov/pages/ConcordMA_TownManager/town-reports/town-report-2008/Part-I-Officials.pdf,atr,nodes,ERROR
Concord,2008,http://www.concordma.gov/pages/ConcordMA_TownManager/town-reports/town-report-2008/Part-II-Selectmen.pdf,atr,nodes,ERROR
Concord,2008,http://www.concordma.gov/pages/ConcordMA_TownManager/town-reports/town-report-2008/Part-III-Town-Meeting.pdf,atr,nodes,ERROR
Concord,2008,http://www.concordma.gov/pages/ConcordMA_TownManager/town-reports/town-report-2008/Part-IV-General-Government.pdf,atr,nodes,ERROR
Concord,2008,http://www.concordma.gov/pages/ConcordMA_TownManager/town-reports/town-report-2008/Part-IX-Human-Services.pdf,atr,nodes,ERROR
Concord,2008,http://www.concordma.gov/pages/ConcordMA_TownManager/town-reports/town-report-2008/Part-V-Public-Safety.pdf,atr,nodes,ERROR
Concord,2008,http://www.concordma.gov/pages/ConcordMA_TownManager/town-reports/town-report-2008/Part-VI-Municipal-Light-Plant-and-Public-Works.pdf,atr,nodes,ERROR
Concord,2008,http://www.concordma.gov/pages/ConcordMA_TownManager/town-reports/town-report-2008/Part-VII-Community-Development.pdf,atr,nodes,ERROR
Concord,2008,http://www.concordma.gov/pages/ConcordMA_TownManager/town-reports/town-report-2008/Part-VIII-Schools.pdf,atr,nodes,ERROR
Concord,2008,http://www.concordma.gov/pages/ConcordMA_TownManager/town-reports/town-report-2008/Part-X-Finance.pdf,atr,nodes,ERROR
Concord,2010,"http://www.concordma.gov/pages/ConcordMA_TownManager/townreport07/11%20Finance,%20Table%2010,%20Chapter%20land.pdf",atr,nodes,ERROR
Concord,2011,http://www.concordma.gov/pages/ConcordMA_TownClerk/voteinfo/Town%20Election%20Official%20Tally%20March%202011.pdf,result,catalog,ERROR
Concord,2012,"http://concordma.gov/pages/ConcordMA_TownClerk/voteinfo/Town%20Election%20March%206,%202012%20Official%20Tally.pdf",result,catalog,ERROR
Concord,2013,http://www.concordma.gov/Pages/ConcordMA_BComm/2013%20Town%20Report.pdf,atr,nodes,ERROR
Concord,2013,http://www.concordma.gov/pages/ConcordMA_TownClerk/voteinfo/Official%20Tally%20April%2030%202013%20Final.pdf,result,catalog,ERROR
Concord,2013,http://www.concordma.gov/pages/ConcordMA_TownClerk/voteinfo/Town%20Election%20March%2019%202013%20Official%20Tally.pdf,result,catalog,ERROR
Concord,2014,"http://www.concordma.gov/pages/ConcordMA_TownClerk/voteinfo/Town%20Election%20March%2025,%202014%20Official%20Tally.pdf",result,catalog,ERROR
Concord,2014,"http://www.concordma.gov/pages/ConcordMA_TownManager/townreport07/11%20Finance,%20Table%2014,%20PAYROLL%20table.pdf",atr,nodes,ERROR
Concord,2014,http://www.concordma.gov/pages/ConcordMA_TownManager/townreport07/Special%20State%20Election%20November%2014.pdf,atr,nodes,ERROR
Concord,2015,http://www.concordma.gov/pages/ConcordMA_TownClerk/voteinfo/Town%20Election%20Official%20Tally%20March%2031%202015.pdf,result,catalog,ERROR
Concord,2015,"http://www.concordma.gov/pages/ConcordMA_TownManager/townreport07/11%20Finance,%20Table%2015,%20Minuteman-Nashoba%20statement.pdf",atr,nodes,ERROR
Concord,2016,"http://concordma.gov/pages/ConcordMA_TownClerk/voteinfo/Town%20Election%20March%201,%202016%20Official%20Tally.pdf",result,catalog,ERROR
Concord,2016,"http://www.concordma.gov/pages/ConcordMA_TownManager/townreport07/11%20Finance,%20Table%2016,%20Interest%20earned.pdf",atr,nodes,ERROR
Concord,2018,"http://www.concordma.gov/pages/ConcordMA_TownManager/townreport07/11%20Finance,%20Table%2018,%20BANs%20and%20Bonds.pdf",atr,nodes,ERROR
Concord,2019,https://concordma.gov/DocumentCenter/View/19918/June-4-2019--UNOFFICIAL-ELECTION-RESULTS,result,catalog,ERROR
Hamilton,2009,http://www.hamiltonma.gov/Pages/HamiltonMA_BComm/BOS/AnnualReportFolder/2008-2009AnnualReportFolder/2008-2009%20Report.pdf,atr,nodes,NOT_PDF
Hamilton,2009,http://www.hamiltonma.gov/Pages/HamiltonMA_BComm/BOS/annualreportfolder/2008-2009AnnualReportFolder/2009%20Financials.pdf,atr,nodes,NOT_PDF
Hamilton,2009,http://www.hamiltonma.gov/Pages/HamiltonMA_Conservation/2009Townreport.pdf,atr,nodes,NOT_PDF
Hamilton,2010,http://www.hamiltonma.gov/pages/hamiltonma_bcomm/bos/annualreportfolder/Hamilton%20AR2010.pdf,atr,nodes,NOT_PDF
Hamilton,2011,http://www.hamiltonma.gov/Pages/HamiltonMA_BComm/BOS/annualreportfolder/2011%20Hamilton%20Annual%20Report.pdf,atr,nodes,NOT_PDF
Hamilton,2013,http://hamiltonma.gov/Pages//HamiltonMA_Clerk/AnnualTownElectionResults2013.pdf,result,catalog,NOT_PDF
Hamilton,2013,http://www.hamiltonma.gov/pages/hamiltonma_bcomm/bos/annualreportfolder/2013%20Hamilton%20Annual%20Report%20(2).pdf,atr,nodes,NOT_PDF
Hamilton,2014,http://www.hamiltonma.gov/pages/hamiltonma_bcomm/bos/annualreportfolder/2014%20Annual%20Report.pdf,atr,nodes,NOT_PDF
Hamilton,2017,https://www.hamiltonma.gov/wp-content/uploads/2017/03/2011-Hamilton-Annual-Report.pdf,atr,nodes,NOT_PDF
Hamilton,2017,https://www.hamiltonma.gov/wp-content/uploads/2017/03/2012-Annual-Report.pdf,atr,nodes,NOT_PDF
Hamilton,2017,https://www.hamiltonma.gov/wp-content/uploads/2017/03/2013-Hamilton-Annual-Report-2.pdf,atr,nodes,NOT_PDF
Hamilton,2017,https://www.hamiltonma.gov/wp-content/uploads/2017/03/2014-Annual-Report.pdf,atr,nodes,NOT_PDF
Hamilton,2017,https://www.hamiltonma.gov/wp-content/uploads/2017/03/CERTIFIED-TM-VOTE-1-31-05.pdf,result,catalog,NOT_PDF
Hamilton,2017,https://www.hamiltonma.gov/wp-content/uploads/2017/05/Annual-Report-2016-Final.pdf,atr,nodes,NOT_PDF
Hamilton,2018,https://www.hamiltonma.gov/wp-content/uploads/2018/03/Town-Report-03-21-18-v.2.pdf,atr,nodes,NOT_PDF
Hamilton,2019,https://www.hamiltonma.gov/wp-content/uploads/2017/03/2019-Annual-Report.pdf,atr,nodes,NOT_PDF
Hamilton,2019,https://www.hamiltonma.gov/wp-content/uploads/2019/04/20190411_Annual-Town-Election-April-11-2019-Official-Results.pdf,result,catalog,NOT_PDF
Hamilton,2019,https://www.hamiltonma.gov/wp-content/uploads/2019/04/Town-Report-2018-1.pdf,atr,nodes,NOT_PDF
Hamilton,2020,https://www.hamiltonma.gov/wp-content/uploads/2017/03/2020-Annual-Report.pdf,atr,nodes,NOT_PDF
Hamilton,2020,https://www.hamiltonma.gov/wp-content/uploads/2021/04/Annual-Town-Election-June-25-2020-Official-Results.pdf,result,catalog,NOT_PDF
Cohasset,2006,http://www.cohassetma.org//uploads/Town%20Reports/TownReportCombinedFinal_2006.pdf,atr,nodes,ERROR
Cohasset,2007,http://www.cohassetma.org//uploads/Town%20Reports/TownReportCombinedFinal_2007.pdf,atr,nodes,ERROR
Cohasset,2008,http://www.cohassetma.org//uploads/Town%20Reports/TownReportCombinedFinal_2008.pdf,atr,nodes,ERROR
Cohasset,2009,http://www.cohassetma.org//uploads/Town%20Reports/TownReportCombinedFinal_2009.pdf,atr,nodes,ERROR
Cohasset,2010,http://www.cohassetma.org//uploads/Town%20Reports/TownReportCombinedFinal_2010.pdf,atr,nodes,ERROR
Cohasset,2011,http://www.cohassetma.org//uploads/Town%20Reports/TownReportCombinedFinal_2011.pdf,atr,nodes,ERROR
Cohasset,2012,http://www.cohassetma.org//uploads/Town%20Reports/TownReportCombinedFinal_2012.pdf,atr,nodes,ERROR
Cohasset,2013,http://www.cohassetma.org//uploads/Town%20Reports/TownReportCombinedFinal_2013.pdf,atr,nodes,ERROR
Cohasset,2014,http://www.cohassetma.org//uploads/ATM/Combined2014TownReport.pdf,atr,nodes,ERROR
Cohasset,2015,http://www.cohassetma.org//uploads/2015TownReportCombinedFINAL.pdf,atr,nodes,ERROR
Cohasset,2016,http://www.cohassetma.org//uploads/Pres_Prim_2016_03_01_Website_TownReport.pdf,atr,nodes,ERROR
Clinton,2010,http://www.clintonma.gov/FY2010%20Clinton%20Town%20Report%20Draft.pdf,atr,nodes,ERROR
Clinton,2011,http://www.clintonma.gov/FY2011%20Annual%20Town%20Report.pdf,atr,nodes,ERROR
Clinton,2013,http://clintonma.gov/2013%20Town%20Election%20Results.pdf,result,catalog,ERROR
Clinton,2013,http://www.clintonma.gov/FY2013%20Annual%20Town%20Report.pdf,atr,nodes,ERROR
Clinton,2015,http://clintonma.gov/2015%20Clinton%20Town%20Election%20Results.pdf,result,catalog,ERROR
Danvers,2014,http://www.danversma.gov/vertical/sites/%7BCFC0250F-19AB-46E7-B599-146187CB1799%7D/uploads/Town_Report_2014.pdf,atr,nodes,ERROR
Danvers,2016,http://www.danversma.gov/vertical/sites/%7BCFC0250F-19AB-46E7-B599-146187CB1799%7D/uploads/2016_Annual_Town_Election_Final_Results.pdf,result,catalog,ERROR
Marblehead,2007,https://www.marblehead.org/sites/g/files/vyhlif4661/f/uploads/2007_annual_town_report.pdf,atr,nodes,ERROR
Marblehead,2018,https://www.marblehead.org/sites/g/files/vyhlif4661/f/uploads/2018_annual_town_report.pdf,atr,nodes,ERROR
Marblehead,2019,https://www.marblehead.org/sites/g/files/vyhlif4661/f/uploads/marblehead_town_report_2019.pdf,atr,nodes,ERROR
Marblehead,2020,https://www.marblehead.org/sites/g/files/vyhlif4661/f/news/2020_annual_town_report.pdf,atr,nodes,ERROR
Barnstable,2001,http://www.town.barnstable.ma.us:80/AnnualReports/2001%20ANNUAL%20REPORT%20FINAL.pdf,atr,nodes,ERROR
Barnstable,2002,http://www.town.barnstable.ma.us:80/AnnualReports/2002AnnualRpt.pdf,atr,nodes,ERROR
Barnstable,2003,http://www.town.barnstable.ma.us:80/AnnualReports/2003AnnualReport.pdf,atr,nodes,ERROR
Berlin,2001,http://www.townofberlin.com:80/TownClerk/election%20results%205-9-2001.pdf,result,catalog,ERROR
Berlin,2008,http://www.townofberlin.com:80/town/Conservation%20Commission/2008_Annual_Report_Berlin_Conservation_Commission.pdf,atr,nodes,ERROR
Lowell,2005,http://www.lowellma.gov:80/depts/electioncensus/2005-results.pdf,result,catalog,ERROR
Orange,2005,http://www.townoforange.org/Reports/2005TownReport.pdf,atr,nodes,ERROR
Lancaster,2000,https://www.ci.lancaster.ma.us/sites/g/files/vyhlif4586/f/uploads/2000_annual_report.pdf,atr,nodes,ERROR
Lancaster,2001,https://www.ci.lancaster.ma.us/sites/g/files/vyhlif4586/f/uploads/2001_annual_report.pdf,atr,nodes,ERROR
Lancaster,2004,https://www.ci.lancaster.ma.us/sites/g/files/vyhlif4586/f/uploads/2004_annual_town_report_-_section_1.pdf,atr,nodes,ERROR
Lancaster,2004,https://www.ci.lancaster.ma.us/sites/g/files/vyhlif4586/f/uploads/2004_annual_town_report_-_section_2.pdf,atr,nodes,ERROR
Lancaster,2004,https://www.ci.lancaster.ma.us/sites/g/files/vyhlif4586/f/uploads/nov_2_2004_election_results.pdf,result,catalog,ERROR
Lancaster,2005,http://www.ci.lancaster.ma.us/filestorage/52/78/204/Annual_Report_2005_final.pdf,atr,nodes,ERROR
Lancaster,2005,https://www.ci.lancaster.ma.us/sites/g/files/vyhlif4586/f/uploads/2005_annual_town_report.pdf,atr,nodes,ERROR
Lancaster,2006,https://www.ci.lancaster.ma.us/sites/g/files/vyhlif4586/f/uploads/2006_annual_town_report.pdf,atr,nodes,ERROR
Lancaster,2007,https://www.ci.lancaster.ma.us/sites/g/files/vyhlif4586/f/uploads/2007_annual_town_report.pdf,atr,nodes,ERROR
Lancaster,2008,https://www.ci.lancaster.ma.us/sites/g/files/vyhlif4586/f/uploads/2008_annual_town_report.pdf,atr,nodes,ERROR
Lancaster,2009,https://www.ci.lancaster.ma.us/sites/g/files/vyhlif4586/f/uploads/2009_annual_town_report.pdf,atr,nodes,ERROR
Lancaster,2010,https://www.ci.lancaster.ma.us/sites/g/files/vyhlif4586/f/uploads/2010_annual_town_report.pdf,atr,nodes,ERROR
Lancaster,2011,https://www.ci.lancaster.ma.us/sites/g/files/vyhlif4586/f/uploads/2011_annual_town_report.pdf,atr,nodes,ERROR
Lancaster,2012,https://www.ci.lancaster.ma.us/sites/g/files/vyhlif4586/f/uploads/2012_annual_town_report.pdf,atr,nodes,ERROR
Lancaster,2013,https://www.ci.lancaster.ma.us/sites/g/files/vyhlif4586/f/uploads/2013_annual_town_report.pdf,atr,nodes,ERROR
Lancaster,2014,http://www.ci.lancaster.ma.us/Pages/LancasterMA_BComm/2014%20LHC%20Annual%20Report.pdf,atr,nodes,ERROR
Lancaster,2014,https://www.ci.lancaster.ma.us/sites/g/files/vyhlif4586/f/uploads/2014_annual_town_report.pdf,atr,nodes,ERROR
Lancaster,2015,https://www.ci.lancaster.ma.us/sites/g/files/vyhlif4586/f/uploads/2015_annual_town_report.pdf,atr,nodes,ERROR
Lancaster,2015,https://www.ci.lancaster.ma.us/sites/g/files/vyhlif4586/f/uploads/may_11_2015_final_results_town_election.pdf,result,catalog,ERROR
Lancaster,2016,https://www.ci.lancaster.ma.us/sites/g/files/vyhlif4586/f/uploads/2016_annual_town_report.pdf,atr,nodes,ERROR
Lancaster,2016,https://www.ci.lancaster.ma.us/sites/g/files/vyhlif4586/f/uploads/may_9_2016_final_results_town_election-2.pdf,result,catalog,ERROR
Lancaster,2017,https://www.ci.lancaster.ma.us/sites/g/files/vyhlif4586/f/uploads/may_9_2017_final_results_town_election-2.pdf,result,catalog,ERROR
Lancaster,2018,https://www.ci.lancaster.ma.us/sites/g/files/vyhlif4586/f/uploads/annual_town_report_2018-web.pdf,atr,nodes,ERROR
Lancaster,2018,https://www.ci.lancaster.ma.us/sites/g/files/vyhlif4586/f/uploads/may_14_2018_final_results_town_election.pdf,result,catalog,ERROR
Lancaster,2019,https://www.ci.lancaster.ma.us/sites/g/files/vyhlif4586/f/uploads/annual_town_report_2019.pdf,atr,nodes,ERROR
Lancaster,2019,https://www.ci.lancaster.ma.us/sites/g/files/vyhlif4586/f/uploads/devens_hhw_annual_rpt_2019.pdf,atr,nodes,ERROR
Lancaster,2019,https://www.ci.lancaster.ma.us/sites/g/files/vyhlif4586/f/uploads/may_13_2019_local_election_results_final.pdf,result,catalog,ERROR
Lancaster,2020,https://www.ci.lancaster.ma.us/sites/g/files/vyhlif4586/f/uploads/2020_annual_town_report_1_0_1_1.pdf,atr,nodes,ERROR
Lancaster,2020,https://www.ci.lancaster.ma.us/sites/g/files/vyhlif4586/f/uploads/june_29_2020_final_results_town_election.pdf,result,catalog,ERROR
Rockport,2007,http://www.rockportma.gov/sites/rockportma/files/uploads/town_of_rockport_harbor_advisory_committee_annual_report_for_2007.pdf,atr,nodes,ERROR
Rockport,2009,http://www.rockportma.gov/sites/rockportma/files/uploads/millbrook_meadow_annual_report_2009.pdf,atr,nodes,ERROR
Rockport,2010,http://www.rockportma.gov/sites/rockportma/files/uploads/millbrook_meadow_annual_report_2010.pdf,atr,nodes,ERROR
Rockport,2011,http://www.rockportma.gov/sites/rockportma/files/uploads/millbrook_meadow_annual_report_2011.pdf,atr,nodes,ERROR
Rockport,2012,http://www.rockportma.gov/sites/rockportma/files/uploads/millbrook_meadow_annual_report_2012.pdf,atr,nodes,ERROR
Rockport,2013,http://www.rockportma.gov/sites/rockportma/files/uploads/hac_annual_report_2013.pdf,atr,nodes,ERROR
Rockport,2013,http://www.rockportma.gov/sites/rockportma/files/uploads/millbrook_meadow_annual_report_2013.pdf,atr,nodes,ERROR
Rockport,2014,http://www.rockportma.gov/sites/rockportma/files/uploads/millbrook_meadow_annual_report_2014.pdf,atr,nodes,ERROR
Rockport,2015,http://www.rockportma.gov/sites/rockportma/files/pages/2015_annual_report.pdf,atr,nodes,ERROR
Rockport,2015,http://www.rockportma.gov/sites/rockportma/files/uploads/2015_annual_report_0.pdf,atr,nodes,ERROR
Rockport,2015,http://www.rockportma.gov/sites/rockportma/files/uploads/millbrook_meadow_annual_report_2015.pdf,atr,nodes,ERROR
Rockport,2015,https://www.rockportma.gov/sites/g/files/vyhlif1141/f/pages/2015_annual_report_0.pdf,atr,nodes,ERROR
Rockport,2015,https://www.rockportma.gov/sites/g/files/vyhlif1141/f/uploads/hac_2015_annual_report.pdf,atr,nodes,ERROR
Rockport,2016,https://www.rockportma.gov/sites/g/files/vyhlif1141/f/uploads/millbrook_meadow_annual_report_2016_1_0.pdf,atr,nodes,ERROR
Rockport,2017,https://www.rockportma.gov/sites/g/files/vyhlif1141/f/uploads/millbrook_meadow_annual_report_2017.pdf,atr,nodes,ERROR
Rockport,2017,https://www.rockportma.gov/sites/g/files/vyhlif1141/f/uploads/rights_of_way_item_for_2017_town_report.pdf,atr,nodes,ERROR
Rockport,2017,https://www.rockportma.gov/sites/rockportma/files/uploads/millbrook_meadow_annual_report_2017.pdf,atr,nodes,ERROR
Rockport,2017,https://www.rockportma.gov/sites/rockportma/files/uploads/rights_of_way_item_for_2017_town_report.pdf,atr,nodes,ERROR
Rockport,2018,https://www.rockportma.gov/sites/g/files/vyhlif1141/f/pages/ahwc_town_report_2018.pdf,atr,nodes,ERROR
Rockport,2018,https://www.rockportma.gov/sites/g/files/vyhlif1141/f/uploads/millbrook_meadow_annual_report_2018_rev_01-14-19.pdf,atr,nodes,ERROR
Rockport,2018,https://www.rockportma.gov/sites/g/files/vyhlif1141/f/uploads/rights_of_way_item_for_2018_town_report.pdf,atr,nodes,ERROR
Rockport,2018,https://www.rockportma.gov/sites/rockportma/files/uploads/2018_town_report_0.pdf,atr,nodes,ERROR
Rockport,2018,https://www.rockportma.gov/sites/rockportma/files/uploads/millbrook_meadow_annual_report_2018_rev_01-14-19.pdf,atr,nodes,ERROR
Rockport,2018,https://www.rockportma.gov/sites/rockportma/files/uploads/rights_of_way_item_for_2018_town_report.pdf,atr,nodes,ERROR
Rockport,2019,https://www.rockportma.gov/sites/g/files/vyhlif1141/f/uploads/millbrook_meadow_annual_report_2019_rev_01-03-20.pdf,atr,nodes,ERROR
Rockport,2019,https://www.rockportma.gov/sites/g/files/vyhlif1141/f/uploads/rights_of_way_2019_annual_report.pdf,atr,nodes,ERROR
Rockport,2020,https://www.rockportma.gov/sites/g/files/vyhlif1141/f/pages/millbrook_meadow_annual_report_2020_rev_02-11-21b.pdf,atr,nodes,ERROR
Rockport,2020,https://www.rockportma.gov/sites/g/files/vyhlif1141/f/uploads/2020_town_report.pdf,atr,nodes,ERROR
Rockport,2020,https://www.rockportma.gov/sites/g/files/vyhlif1141/f/uploads/rights_of_way_annual_report_2020_final.pdf,atr,nodes,ERROR
Duxbury,2004,http://www.town.duxbury.ma.us/Public_Documents/DuxburyMA_Clerk/Election_Results/2004/AT%20Election%203-27-04.pdf,result,catalog,ERROR
Duxbury,2004,http://www.town.duxbury.ma.us/Public_Documents/DuxburyMA_Clerk/Election_Results/2004/Pres%20Primary%203-2-04.pdf,result,catalog,ERROR
Duxbury,2004,https://www.town.duxbury.ma.us/sites/g/files/vyhlif3056/f/uploads/annual_town_report_2004.pdf,atr,nodes,ERROR
Duxbury,2005,https://www.town.duxbury.ma.us/sites/g/files/vyhlif3056/f/uploads/annual_town_report_2005.pdf,atr,nodes,ERROR
Duxbury,2006,http://www.town.duxbury.ma.us/Public_Documents/DuxburyMA_Clerk/Election_Results/2006/06%20ATE.pdf,result,catalog,ERROR
Duxbury,2006,https://www.town.duxbury.ma.us/sites/g/files/vyhlif3056/f/uploads/annual_town_report_2006.pdf,atr,nodes,ERROR
Duxbury,2007,https://www.town.duxbury.ma.us/sites/g/files/vyhlif3056/f/uploads/annual_town_report_2007.pdf,atr,nodes,ERROR
Duxbury,2007,https://www.town.duxbury.ma.us/sites/g/files/vyhlif3056/f/uploads/annual_town_report_2007_supplement.pdf,atr,nodes,ERROR
Duxbury,2008,https://www.town.duxbury.ma.us/sites/g/files/vyhlif3056/f/uploads/annual_town_report_2008.pdf,atr,nodes,ERROR
Duxbury,2010,https://www.town.duxbury.ma.us/sites/g/files/vyhlif3056/f/uploads/annual_town_report_2010.pdf,atr,nodes,ERROR
Duxbury,2011,https://www.town.duxbury.ma.us/sites/g/files/vyhlif3056/f/uploads/annual_town_report_2011.pdf,atr,nodes,ERROR
Duxbury,2012,https://www.town.duxbury.ma.us/sites/g/files/vyhlif3056/f/uploads/annual_town_report_2012_0.pdf,atr,nodes,ERROR
Duxbury,2012,https://www.town.duxbury.ma.us/sites/g/files/vyhlif3056/f/uploads/annual_town_report_2012_supplement.pdf,atr,nodes,ERROR
Duxbury,2013,https://www.town.duxbury.ma.us/sites/g/files/vyhlif3056/f/uploads/annual_town_report_2013.pdf,atr,nodes,ERROR
Duxbury,2014,https://www.town.duxbury.ma.us/sites/g/files/vyhlif3056/f/uploads/annual_town_report_2014.pdf,atr,nodes,ERROR
Duxbury,2015,https://www.town.duxbury.ma.us/sites/g/files/vyhlif3056/f/uploads/annual_town_report_2015.pdf,atr,nodes,ERROR
Duxbury,2016,https://www.town.duxbury.ma.us/sites/g/files/vyhlif3056/f/uploads/annual_town_report_2016.pdf,atr,nodes,ERROR
Duxbury,2018,https://www.town.duxbury.ma.us/sites/g/files/vyhlif3056/f/uploads/duxbury_town_report_2018_w-financials.pdf,atr,nodes,ERROR
Holden,2008,https://holdenma.gov/ImageRepository/Document?documentID=200,result,catalog,EMPTY
Holden,2009,https://holdenma.gov/ImageRepository/Document?documentID=198,result,catalog,NOT_PDF
Holden,2010,https://holdenma.gov/ImageRepository/Document?documentID=197,result,catalog,NOT_PDF
Holden,2020,https://www.holdenma.gov/sites/g/files/vyhlif4526/f/uploads/holden_2020_annual_town_report_for_web.pdf,atr,nodes,ERROR
Deerfield,2012,http://deerfieldma.us/Pages/DeerfieldMA_BOS/ATR/2012%20Annual%20Town%20Report.pdf,atr,nodes,ERROR
Deerfield,2013,http://www.deerfieldma.us/Pages/2013%20Town%20Report%20-%20Final.pdf,atr,nodes,ERROR
Deerfield,2014,http://www.deerfieldma.us/Pages/2014%20Annual%20Town%20Report.pdf,atr,nodes,ERROR
Deerfield,2015,https://www.deerfieldma.us/sites/g/files/vyhlif3001/f/uploads/2015_annual_report_-_master_document.pdf,atr,nodes,ERROR
Deerfield,2015,https://www.deerfieldma.us/sites/g/files/vyhlif3001/f/uploads/fcts_election_results_2015.pdf,result,catalog,ERROR
Deerfield,2016,https://www.deerfieldma.us/sites/deerfieldma/files/uploads/2016_annual_report_-_master_document.pdf,atr,nodes,ERROR
Deerfield,2016,https://www.deerfieldma.us/sites/g/files/vyhlif3001/f/uploads/2016_annual_report_-_master_document.pdf,atr,nodes,ERROR
Deerfield,2018,https://www.deerfieldma.us/sites/deerfieldma/files/uploads/dpd_annual_report_2018_-_final.pdf,atr,nodes,ERROR
Deerfield,2019,https://www.deerfieldma.us/sites/g/files/vyhlif3001/f/uploads/town_election_results_-_may_2019_0.pdf,result,catalog,ERROR
Deerfield,2020,https://www.deerfieldma.us/sites/g/files/vyhlif3001/f/uploads/2020_deerfield_annual_town_report.pdf,atr,nodes,ERROR
Deerfield,2020,https://www.deerfieldma.us/sites/g/files/vyhlif3001/f/uploads/local_election_results_6-8-2020_0.pdf,result,catalog,ERROR
Winchester,2005,http://www.winchester.us/Downloads/TM/2005%20town%20meeting/Rules%20Annual%20Report%20Nov%2005.pdf,atr,nodes,ERROR
Dudley,2014,http://www.dudleyma.gov/March%2018_2014_election_results.pdf,result,catalog,ERROR
Dudley,2015,http://www.dudleyma.gov/DUDLEY_Annual_Report_2015_compressed.pdf,atr,nodes,ERROR
Dudley,2017,http://dudleyma.gov/wp-content/uploads/ANNUAL-TOWN-ELECTION-RESULTS-6-12-2017-1.pdf,result,catalog,ERROR
Dudley,2018,https://dudleyma.gov/wp-content/uploads/TOWNREPORT2018.pdf,atr,nodes,ERROR
Dudley,2020,http://dudleyma.gov/wp-content/uploads/DUDLEY-PresPrimary-Official-Tally-Sheet-2020.pdf,result,catalog,ERROR
Walpole,2015,http://www.walpole-ma.gov:80/sites/walpolema/files/file/file/2015_trustees_annual_town_report.pdf,atr,nodes,ERROR
Walpole,2015,http://www.walpole-ma.gov:80/sites/walpolema/files/file/file/2015walpoletownreport.pdf,atr,nodes,ERROR
Walpole,2016,http://www.walpole-ma.gov:80/sites/walpolema/files/file/file/2016_trustees_annual_town_report.pdf,atr,nodes,ERROR
Walpole,2017,http://www.walpole-ma.gov:80/sites/walpolema/files/file/file/annual_town_election_6.3.2017_official_results_8.pdf,result,catalog,ERROR
Boxborough,2010,http://www.boxborough-ma.gov:80/sites/boxboroughma/files/file/file/2010townreport_1.pdf,atr,nodes,ERROR
Boxborough,2013,http://www.boxborough-ma.gov:80/sites/boxboroughma/files/file/file/town_report_2013_web.pdf,atr,nodes,ERROR
Bedford,2012,http://www.bedfordma.gov:80/sites/bedfordma/files/file/file/yfs-2012_annual_report_0.pdf,atr,nodes,ERROR
Plymouth,2010,http://www.plymouth-ma.gov:80/sites/plymouthma/files/uploads/fire_town_report_2010.pdf,atr,nodes,ERROR
West Newbury,2010,https://www.wnewbury.org/sites/g/files/vyhlif1436/f/uploads/2010_election_results.pdf,result,catalog,ERROR
West Newbury,2012,http://wnewbury.org/pages/WestNewburyMA_Selectmen/2012%20West%20Newbury%20Town%20Report.pdf,atr,nodes,ERROR
West Newbury,2013,http://www.wnewbury.org/pages/WestNewburyMA_Selectmen/2013%20West%20Newbury%20Town%20Report.pdf,atr,nodes,ERROR
West Newbury,2013,https://www.wnewbury.org/sites/g/files/vyhlif1436/f/uploads/2013_election_results.pdf,result,catalog,ERROR
West Newbury,2014,http://www.wnewbury.org/pages/WestNewburyMA_Selectmen/2014%20West%20Newbury%20Town%20Report.pdf,atr,nodes,ERROR
West Newbury,2014,https://www.wnewbury.org/sites/g/files/vyhlif1436/f/uploads/2014_election_results.pdf,result,catalog,ERROR
West Newbury,2015,https://www.wnewbury.org/sites/g/files/vyhlif1436/f/uploads/2015_election_results.pdf,result,catalog,ERROR
West Newbury,2016,https://www.wnewbury.org/sites/g/files/vyhlif1436/f/uploads/2016_election_results.pdf,result,catalog,ERROR
West Newbury,2017,https://www.wnewbury.org/sites/g/files/vyhlif1436/f/uploads/2017_election_results.pdf,result,catalog,ERROR
West Newbury,2018,https://www.wnewbury.org/sites/g/files/vyhlif1436/f/uploads/2018_election_results.pdf,result,catalog,ERROR
West Newbury,2018,https://www.wnewbury.org/sites/g/files/vyhlif1436/f/uploads/fy2018_town_report_final.pdf,atr,nodes,ERROR
West Newbury,2019,https://www.wnewbury.org/sites/g/files/vyhlif1436/f/news/may_6_2019_town_election_results_.pdf,result,catalog,ERROR
West Newbury,2020,https://www.wnewbury.org/sites/g/files/vyhlif1436/f/uploads/2020_election_results.pdf,result,catalog,ERROR
Lynnfield,2012,https://www.lynnfieldma.gov/DocumentCenter/View/1270,result,catalog,NOT_PDF
Lynnfield,2012,https://www.lynnfieldma.gov/DocumentCenter/View/741/March-6-2012-Election-Final-Tally-Results-PDF,result,catalog,NOT_PDF
Lynnfield,2016,https://www.lynnfieldma.gov/DocumentCenter/View/2494/April-11-2016-Town-Election-Official-Results-EXCEL,result,catalog,NOT_PDF
Lynnfield,2017,https://www.lynnfieldma.gov/DocumentCenter/View/2496/April-10-2017-Town-Election-Official-Results-PDF,result,catalog,NOT_PDF
Nahant,2002,http://www.nahant.org:80/townhall/documents/Annual_Election_Results_2002.pdf,result,catalog,ERROR
Nahant,2004,http://www.nahant.org:80/townhall/documents/Nahant_Annual%20Report_2004.pdf,atr,nodes,ERROR
Nahant,2005,http://www.nahant.org:80/documents/annual_town_reports/Town%20of%20Nahant_Annual%20Report_2005.pdf,atr,nodes,ERROR
Nahant,2008,http://www.nahant.org:80/documents/annual_town_reports/Town%20of%20Nahant_Annual%20Report_2008.pdf,atr,nodes,ERROR
Nahant,2009,http://www.nahant.org:80/documents/annual_town_reports/Town%20of%20Nahant_Annual%20Report_2009.pdf,atr,nodes,ERROR
Nahant,2010,http://www.nahant.org:80/documents/annual_town_reports/Town%20of%20Nahant_Annual%20Report_2010.pdf,atr,nodes,ERROR
Nahant,2011,http://www.nahant.org:80/documents/annual_town_reports/Town%20of%20Nahant_Annual%20Report_2011.pdf,atr,nodes,ERROR
Nahant,2012,http://www.nahant.org:80/documents/annual_town_reports/Town%20of%20Nahant_Annual%20Report_2012.pdf,atr,nodes,ERROR
Nahant,2014,http://www.nahant.org:80/documents/annual_town_reports/Town%20of%20Nahant_Annual%20Report_2014.pdf,atr,nodes,ERROR
Nahant,2016,http://www.nahant.org:80/documents/clerk/2016_election/nht_mar_01_2016_primary_results.pdf,result,catalog,ERROR
Wellfleet,2015,http://www.wellfleet-ma.gov:80/sites/wellfleetma/files/file/file/may_4_2015_town_election_final_results.pdf,result,catalog,ERROR
Wellfleet,2015,http://www.wellfleet-ma.gov:80/sites/wellfleetma/files/may_4_2015_town_election_final_results.pdf,result,catalog,ERROR
Wellfleet,2018,http://www.wellfleet-ma.gov:80/sites/wellfleetma/files/file/file/2018_annual_town_election_certified_candidates_as_of_mar_12_18_1.pdf,result,catalog,ERROR
Wellfleet,2018,http://www.wellfleet-ma.gov:80/sites/wellfleetma/files/file/file/2018_annual_town_election_certified_candidates_as_of_mar_6_18.pdf,result,catalog,ERROR
Wellfleet,2018,http://www.wellfleet-ma.gov:80/sites/wellfleetma/files/file/file/2018_annual_town_election_final_results_0.pdf,result,catalog,ERROR
Hopedale,2018,https://www.hopedale-ma.gov/sites/hopedalema/files/uploads/2017_annual_report_march_28_2018.pdf,atr,nodes,ERROR
Hopedale,2020,https://www.hopedale-ma.gov/sites/g/files/vyhlif711/f/uploads/fy_2020_annual_report_final.pdf,atr,nodes,ERROR
Oakham,2020,https://www.oakham-ma.gov/sites/g/files/vyhlif6136/f/news/oakham_2020_town_report_6-7-21_proof_0.pdf,atr,nodes,ERROR
Oakham,2020,https://www.oakham-ma.gov/sites/g/files/vyhlif6136/f/news/oakham_2020_town_report_6-7-21_proof_1.pdf,atr,nodes,ERROR
Fairhaven,2015,http://www.fairhaven-ma.gov:80/pages/FairhavenMA_BOS/Town%20Reports/2015%20Fairhaven%20Annual%20Report%20FINAL.pdf,atr,nodes,ERROR
Blackstone,2014,http://www.townofblackstone.org:80/Pages/BlackstoneMA_BOS/AnnualReports/2014.pdf,atr,nodes,ERROR
Hanover,2000,https://www.hanover-ma.gov/sites/g/files/vyhlif666/f/uploads/fy2000_-_annual_town_report.pdf,atr,nodes,ERROR
Hanover,2000,https://www.hanover-ma.gov/sites/hanoverma/files/uploads/fy2000_-_annual_town_report.pdf,atr,nodes,ERROR
Hanover,2001,https://www.hanover-ma.gov/sites/g/files/vyhlif666/f/uploads/fy2001_-_annual_town_report.pdf,atr,nodes,ERROR
Hanover,2002,https://www.hanover-ma.gov/sites/g/files/vyhlif666/f/uploads/fy2002_-_annual_town_report.pdf,atr,nodes,ERROR
Hanover,2002,https://www.hanover-ma.gov/sites/hanoverma/files/uploads/fy2002_-_annual_town_report.pdf,atr,nodes,ERROR
Hanover,2003,https://www.hanover-ma.gov/sites/g/files/vyhlif666/f/uploads/fy2003_-_annual_town_report.pdf,atr,nodes,ERROR
Hanover,2004,https://www.hanover-ma.gov/sites/g/files/vyhlif666/f/uploads/fy2004_-_annual_town_report.pdf,atr,nodes,ERROR
Hanover,2004,https://www.hanover-ma.gov/sites/hanoverma/files/uploads/fy2004_-_annual_town_report.pdf,atr,nodes,ERROR
Hanover,2005,https://www.hanover-ma.gov/sites/g/files/vyhlif666/f/uploads/fy2005_-_annual_town_report.pdf,atr,nodes,ERROR
Hanover,2005,https://www.hanover-ma.gov/sites/hanoverma/files/uploads/fy2005_-_annual_town_report.pdf,atr,nodes,ERROR
Hanover,2006,https://www.hanover-ma.gov/sites/g/files/vyhlif666/f/uploads/fy2006_-_annual_town_report.pdf,atr,nodes,ERROR
Hanover,2006,https://www.hanover-ma.gov/sites/hanoverma/files/uploads/fy2006_-_annual_town_report.pdf,atr,nodes,ERROR
Hanover,2007,https://www.hanover-ma.gov/sites/g/files/vyhlif666/f/uploads/fy2007_-_annual_town_report.pdf,atr,nodes,ERROR
Hanover,2008,http://www.hanover-ma.gov/sites/hanoverma/files/file/file/2008-election-results-9-16-08.pdf,result,catalog,ERROR
Hanover,2008,http://www.hanover-ma.gov/sites/hanoverma/files/file/file/town-elections-results-2008.pdf,result,catalog,ERROR
Hanover,2008,https://www.hanover-ma.gov/sites/g/files/vyhlif666/f/uploads/fy2008_-_annual_town_report.pdf,atr,nodes,ERROR
Hanover,2009,http://www.hanover-ma.gov/sites/hanoverma/files/file/file/hanover-annual-report-fy-2009.pdf,atr,nodes,ERROR
Hanover,2009,http://www.hanover-ma.gov/sites/hanoverma/files/file/file/hanover_annual_report_fy_2009.pdf,atr,nodes,ERROR
Hanover,2009,https://www.hanover-ma.gov/sites/g/files/vyhlif666/f/file/file/hanover-annual-report-fy-2009.pdf,atr,nodes,ERROR
Hanover,2010,https://www.hanover-ma.gov/sites/g/files/vyhlif666/f/file/file/hanover_2010_town_report_web_copy.pdf,atr,nodes,ERROR
Hanover,2010,https://www.hanover-ma.gov/sites/hanoverma/files/file/file/hanover_2010_town_report_web_copy.pdf,atr,nodes,ERROR
Hanover,2011,http://www.hanover-ma.gov/pdf/forms/selectmen/Election-results-may-2011.pdf,result,catalog,ERROR
Hanover,2011,http://www.hanover-ma.gov/sites/hanoverma/files/file/file/annualreport2011.pdf,atr,nodes,ERROR
Hanover,2011,http://www.hanover-ma.gov/sites/hanoverma/files/file/file/annualreport2011_0.pdf,atr,nodes,ERROR
Hanover,2011,https://www.hanover-ma.gov/sites/g/files/vyhlif666/f/file/file/annualreport2011_0.pdf,atr,nodes,ERROR
Hanover,2012,http://www.hanover-ma.gov/sites/hanoverma/files/file/file/fy2012hanoverannualtownreport.pdf,atr,nodes,ERROR
Hanover,2012,http://www.hanover-ma.gov/sites/hanoverma/files/file/file/nov-2012-election-results.pdf,result,catalog,ERROR
Hanover,2012,https://www.hanover-ma.gov/sites/g/files/vyhlif666/f/file/file/fy2012hanoverannualtownreport.pdf,atr,nodes,ERROR
Hanover,2013,http://www.hanover-ma.gov/sites/hanoverma/files/file/file/april-30-2013-election-results.pdf,result,catalog,ERROR
Hanover,2014,http://www.hanover-ma.gov/sites/hanoverma/files/file/file/hanover_annual_town_election_2014_-_unofficial_results.pdf,result,catalog,ERROR
Hanover,2014,https://www.hanover-ma.gov/sites/g/files/vyhlif666/f/file/file/annual_town_election_2014_-_official_results.pdf,result,catalog,ERROR
Hanover,2014,https://www.hanover-ma.gov/sites/hanoverma/files/file/file/annual_town_election_2014_-_official_results.pdf,result,catalog,ERROR
Hanover,2015,http://www.hanover-ma.gov/sites/hanoverma/files/file/file/2015_-_annual_town_report_-_with_index.pdf,atr,nodes,ERROR
Hanover,2015,https://www.hanover-ma.gov/sites/g/files/vyhlif666/f/file/file/2015_-_annual_town_report_-_with_index.pdf,atr,nodes,ERROR
Hanover,2015,https://www.hanover-ma.gov/sites/g/files/vyhlif666/f/file/file/town_of_hanover_2015_annual_election_results.pdf,result,catalog,ERROR
Hanover,2015,https://www.hanover-ma.gov/sites/hanoverma/files/file/file/town_of_hanover_2015_annual_election_results.pdf,result,catalog,ERROR
Hanover,2016,http://www.hanover-ma.gov/sites/hanoverma/files/file/file/town_of_hanover_2016_annual_election_official_results.pdf,result,catalog,ERROR
Hanover,2016,https://www.hanover-ma.gov/sites/g/files/vyhlif666/f/file/file/town_of_hanover_2016_annual_election_official_results.pdf,result,catalog,ERROR
Hanover,2020,https://www.hanover-ma.gov/sites/g/files/vyhlif666/f/uploads/hanover_annual_report_fy2020.pdf,atr,nodes,ERROR
Hanover,2020,https://www.hanover-ma.gov/sites/g/files/vyhlif666/f/uploads/town_of_hanover_official_election_results_-_november_2020.pdf,result,catalog,ERROR
Wellesley,2007,http://www.wellesleyma.gov/Pages/FOV1-0001FDAE/townreport2007/3b07.pdf,atr,nodes,ERROR
Wellesley,2007,http://www.wellesleyma.gov/Pages/FOV1-0001FDAE/townreport2007/tocatm07.pdf,atr,nodes,ERROR
Wellesley,2007,http://www.wellesleyma.gov/pages/FOV1-0001FDAE/townreport2007/3a07.pdf,atr,nodes,ERROR
Wellesley,2007,http://www.wellesleyma.gov/pages/FOV1-0001FDAE/townreport2007/appointedtownofficers07.pdf,atr,nodes,ERROR
Wellesley,2007,http://www.wellesleyma.gov/pages/FOV1-0001FDAE/townreport2007/atmminutes07.pdf,atr,nodes,ERROR
Wellesley,2007,http://www.wellesleyma.gov/pages/FOV1-0001FDAE/townreport2007/celebrations07.pdf,atr,nodes,ERROR
Wellesley,2007,http://www.wellesleyma.gov/pages/FOV1-0001FDAE/townreport2007/coa07.pdf,atr,nodes,ERROR
Wellesley,2007,http://www.wellesleyma.gov/pages/FOV1-0001FDAE/townreport2007/cultural07.pdf,atr,nodes,ERROR
Wellesley,2007,http://www.wellesleyma.gov/pages/FOV1-0001FDAE/townreport2007/dpw07.pdf,atr,nodes,ERROR
Wellesley,2007,http://www.wellesleyma.gov/pages/FOV1-0001FDAE/townreport2007/financial07.pdf,atr,nodes,ERROR
Wellesley,2007,http://www.wellesleyma.gov/pages/FOV1-0001FDAE/townreport2007/firerescue07.pdf,atr,nodes,ERROR
Wellesley,2007,http://www.wellesleyma.gov/pages/FOV1-0001FDAE/townreport2007/historicdistrict07.pdf,atr,nodes,ERROR
Wellesley,2007,http://www.wellesleyma.gov/pages/FOV1-0001FDAE/townreport2007/housing07.pdf,atr,nodes,ERROR
Wellesley,2007,http://www.wellesleyma.gov/pages/FOV1-0001FDAE/townreport2007/hr07.pdf,atr,nodes,ERROR
Wellesley,2007,http://www.wellesleyma.gov/pages/FOV1-0001FDAE/townreport2007/library07.pdf,atr,nodes,ERROR
Wellesley,2007,http://www.wellesleyma.gov/pages/FOV1-0001FDAE/townreport2007/mgmc07.pdf,atr,nodes,ERROR
Wellesley,2007,http://www.wellesleyma.gov/pages/FOV1-0001FDAE/townreport2007/mlp07.pdf,atr,nodes,ERROR
Wellesley,2007,http://www.wellesleyma.gov/pages/FOV1-0001FDAE/townreport2007/nrc07.pdf,atr,nodes,ERROR
Wellesley,2007,http://www.wellesleyma.gov/pages/FOV1-0001FDAE/townreport2007/pbc07.pdf,atr,nodes,ERROR
Wellesley,2007,http://www.wellesleyma.gov/pages/FOV1-0001FDAE/townreport2007/police07.pdf,atr,nodes,ERROR
Wellesley,2007,http://www.wellesleyma.gov/pages/FOV1-0001FDAE/townreport2007/retirement07.pdf,atr,nodes,ERROR
Wellesley,2007,http://www.wellesleyma.gov/pages/FOV1-0001FDAE/townreport2007/school07.pdf,atr,nodes,ERROR
Wellesley,2007,http://www.wellesleyma.gov/pages/FOV1-0001FDAE/townreport2007/specialmay07.pdf,atr,nodes,ERROR
Wellesley,2007,http://www.wellesleyma.gov/pages/FOV1-0001FDAE/townreport2007/townclerk07.pdf,atr,nodes,ERROR
Wellesley,2007,http://www.wellesleyma.gov/pages/FOV1-0001FDAE/townreport2007/townmeetingmember07.pdf,atr,nodes,ERROR
Wellesley,2007,http://www.wellesleyma.gov/pages/FOV1-0001FDAE/townreport2007/veterans07.pdf,atr,nodes,ERROR
Wellesley,2007,http://www.wellesleyma.gov/pages/FOV1-0001FDAE/townreport2007/youth07.pdf,atr,nodes,ERROR
Wellesley,2009,http://wellesleyma.gov/pages/FOV1-0001FDBB/2009%20town%20election%20results.pdf,result,catalog,ERROR
Wellesley,2009,http://www.wellesleyma.gov/Pages/WellesleyMA_Clerk/2009%20town%20election%20results.pdf,result,catalog,ERROR
Wellesley,2010,http://wellesleyma.gov/pages/FOV1-0001FDBB/2010%20Town%20Election%20Results.pdf,result,catalog,ERROR
Wellesley,2010,http://www.wellesleyma.gov/Pages/WellesleyMA_Clerk/2010%20Town%20Election%20Results.pdf,result,catalog,ERROR
Marblehead,2006,https://marbleheadma.gov/wp-content/uploads/2025/04/Annual-Report-2006.pdf,atr,nodes,ERROR
Marblehead,2007,https://marbleheadma.gov/wp-content/uploads/2025/04/Annual-Report-2007.pdf,atr,nodes,ERROR
Marblehead,2008,https://marbleheadma.gov/wp-content/uploads/2025/04/Annual-Report-2008.pdf,atr,nodes,ERROR
Marblehead,2009,https://marbleheadma.gov/wp-content/uploads/2025/04/Annual-Report-2009.pdf,atr,nodes,ERROR
Marblehead,2010,https://marbleheadma.gov/wp-content/uploads/2025/04/Annual-Report-2010.pdf,atr,nodes,ERROR
Marblehead,2011,https://marbleheadma.gov/wp-content/uploads/2025/04/Annual-Report-2011.pdf,atr,nodes,ERROR
Marblehead,2012,https://marbleheadma.gov/wp-content/uploads/2025/04/Annual-Report-2012.pdf,atr,nodes,ERROR
Marblehead,2013,https://marbleheadma.gov/wp-content/uploads/2025/04/Annual-Report-2013.pdf,atr,nodes,ERROR
Marblehead,2014,https://marbleheadma.gov/wp-content/uploads/2025/04/Annual-Report-2014.pdf,atr,nodes,ERROR
Marblehead,2015,https://marbleheadma.gov/wp-content/uploads/2025/04/Annual-Report-2015.pdf,atr,nodes,ERROR
Marblehead,2015,https://www.marbleheadma.gov/sites/g/files/vyhlif4661/f/uploads/2015_annual_town_report.pdf,atr,nodes,ERROR
Marblehead,2016,https://marbleheadma.gov/wp-content/uploads/2025/04/Annual-Report-2016.pdf,atr,nodes,ERROR
Marblehead,2017,https://marbleheadma.gov/wp-content/uploads/2025/04/Annual-Report-2017.pdf,atr,nodes,ERROR
Marblehead,2018,https://marbleheadma.gov/wp-content/uploads/2025/03/2018_town_election_results_-_may_15_2018master_3.pdf,result,catalog,ERROR
Marblehead,2018,https://marbleheadma.gov/wp-content/uploads/2025/04/Annual-Report-2018.pdf,atr,nodes,ERROR
Marblehead,2019,https://marbleheadma.gov/wp-content/uploads/2025/03/2019_town_election_results_-_updated_0.pdf,result,catalog,ERROR
Marblehead,2019,https://marbleheadma.gov/wp-content/uploads/2025/04/Annual-Report-2019.pdf,atr,nodes,ERROR
Marblehead,2020,https://marbleheadma.gov/wp-content/uploads/2025/03/2020_town_election_results_-_june_16_2020_master_1_0.pdf,result,catalog,ERROR
Marblehead,2020,https://marbleheadma.gov/wp-content/uploads/2025/04/Annual-Report-2020.pdf,atr,nodes,ERROR
Rowley,2010,http://www.townofrowley.net/pdf/2010_TOWN_REPORT.pdf,atr,nodes,ERROR
Rowley,2014,http://www.townofrowley.net/pdf/150428_Annual_Report_2014.pdf,atr,nodes,ERROR
Topsfield,2007,http://topsfield-ma.gov/documents/town_meeting/documents/AnnualReport2007.pdf,atr,nodes,ERROR
Topsfield,2007,https://www.topsfield-ma.gov/sites/topsfieldma/files/uploads/town_of_topsfield_2007_annual_report.pdf,atr,nodes,ERROR
Topsfield,2012,http://www.topsfield-ma.gov/documents/town_meeting/documents/TopsfieldTownReport2012.pdf,atr,nodes,ERROR
Topsfield,2013,http://www.topsfield-ma.gov/documents/plans_reports/documents/2013TopsfieldAnnualReportWeb.pdf,atr,nodes,ERROR
Topsfield,2013,http://www.topsfield-ma.gov/documents/town_meeting/documents/2013TopsfieldAnnualReportWeb.pdf,atr,nodes,ERROR
Topsfield,2013,https://www.topsfield-ma.gov/sites/g/files/vyhlif5086/f/uploads/2013_annual_report.pdf,atr,nodes,ERROR
Topsfield,2014,http://topsfield-ma.gov/documents/town_meeting/documents/Topsfield2014AnnualReportonline.pdf,atr,nodes,ERROR
Topsfield,2014,http://www.topsfield-ma.gov/documents/plans_reports/documents/Topsfield2014AnnualReportonline.pdf,atr,nodes,ERROR
Topsfield,2020,https://www.topsfield-ma.gov/sites/topsfieldma/files/uploads/election_results_local_2020.pdf,result,catalog,ERROR
Worthington,2015,http://worthington-ma.us/Pages/WorthingtonMA_Clerk/2015ElectionResults.pdf,result,catalog,ERROR
Bedford,2015,https://www.thebedfordcitizen.org/wp-content/uploads/2015/05/Town-Report-2014.pdf,atr,nodes,ERROR
Bedford,2016,https://www.thebedfordcitizen.org/wp-content/uploads/2016/03/2015_town_of_bedford_annual_report_final-03152016.pdf,atr,nodes,ERROR
Bedford,2020,https://www.thebedfordcitizen.org/wp-content/uploads/2020/10/TBC-2019-Annual-Report.pdf,atr,nodes,ERROR
Bedford,2020,https://www.thebedfordcitizen.org/wp-content/uploads/2021/06/AnnualReport2020-TO-POST-06242021.pdf,atr,nodes,ERROR
Agawam,2014,http://www.agawam.ma.us/filestorage/2862/2882/2979/2014_NPDES_Annual_Report.pdf,atr,nodes,ERROR
West Stockbridge,2018,https://www.weststockbridge-ma.gov/sites/weststockbridgema/files/uploads/annual_town_report_fy2018.pdf,atr,nodes,ERROR
Ware,2008,https://cms1files.revize.com/benzie/document_center/Building/2008_Annual_Report.pdf,atr,nodes,ERROR
Ware,2009,https://cms1files.revize.com/benzie/document_center/Building/2009_Annual_Report.pdf,atr,nodes,ERROR
Ware,2010,https://cms1files.revize.com/benzie/document_center/Building/2010_Annual_Report.pdf,atr,nodes,ERROR
Ware,2011,https://cms1files.revize.com/benzie/document_center/Building/2011_Annual_Report.pdf,atr,nodes,ERROR
Ware,2013,https://cms1files.revize.com/benzie/document_center/EmergencyManagement/Annual_Report_for_Emergency_Management_for_2013.pdf,atr,nodes,ERROR
Ware,2015,https://cms1files.revize.com/benzie/2015%20Annual%20Report.pdf,atr,nodes,ERROR
Ware,2015,https://cms1files.revize.com/benzie/2015%20BCPC%20Annual%20Report.pdf,atr,nodes,ERROR
Ware,2016,https://cms1files.revize.com/ashlandky/document_center/Engineering%20and%20Utilities/2016%20Ashland.CJ%20Annual%20Report.022516.pdf,atr,nodes,ERROR
Ware,2016,https://cms1files.revize.com/benzie/2016%20Annual%20Report.pdf,atr,nodes,ERROR
Ware,2017,https://cms1files.revize.com/arlingtontn/Full%20Annual%20Report%20Scanned%202016-2017.pdf,atr,nodes,ERROR
Ware,2017,https://cms1files.revize.com/benzie/2017%20Annual%20Report.pdf,atr,nodes,ERROR
Ware,2017,https://cms1files.revize.com/benzie/May%202%202017%20Spec%20Election%20Results.pdf,result,catalog,ERROR
Ware,2018,https://cms1files.revize.com/benzie/2018%20Annual%20Report%20FINAL.pdf,atr,nodes,ERROR
Ware,2020,https://cms1files.revize.com/arlingtontn/STW%20Annual%20Report%202019-2020.pdf,atr,nodes,ERROR
Ware,2020,https://cms1files.revize.com/benzie/August%204%202020%20Official%20Precinct%20Results.pdf,result,catalog,ERROR
Dover,2010,https://doverma.gov/ImageRepository/Document?documentID=41,result,catalog,NOT_PDF
Dover,2011,https://doverma.gov/ImageRepository/Document?documentID=42,result,catalog,NOT_PDF
Dover,2012,https://doverma.gov/ImageRepository/Document?documentID=43,result,catalog,NOT_PDF
Dover,2013,https://doverma.gov/ImageRepository/Document?documentID=44,result,catalog,NOT_PDF
Dover,2014,https://doverma.gov/ImageRepository/Document?documentID=45,result,catalog,NOT_PDF
Dover,2015,https://doverma.gov/ImageRepository/Document?documentID=46,result,catalog,NOT_PDF
Dover,2016,https://doverma.gov/ImageRepository/Document?documentID=47,result,catalog,NOT_PDF
Dover,2017,https://doverma.gov/ImageRepository/Document?documentID=48,result,catalog,NOT_PDF
Dover,2018,https://doverma.gov/ImageRepository/Document?documentID=49,result,catalog,NOT_PDF
Dover,2019,https://doverma.gov/ImageRepository/Document?documentID=50,result,catalog,NOT_PDF
Dover,2020,https://doverma.gov/ImageRepository/Document?documentID=173,result,catalog,NOT_PDF
Belmont,2004,http://www.belmont-ma.gov:80/Public_Documents/BelmontMA_WebDocs/townreports/2004/selectmen.pdf,atr,nodes,ERROR
Belmont,2005,http://www.belmont-ma.gov:80/Public_Documents/BelmontMA_WebDocs/townreports/2005/bos.pdf,atr,nodes,ERROR
Belmont,2005,http://www.belmont-ma.gov:80/Public_Documents/BelmontMA_WebDocs/townreports/2005/finance/boa.pdf,atr,nodes,ERROR
Belmont,2006,http://www.belmont-ma.gov:80/Public_Documents/BelmontMA_WebDocs/townreports/2006/bos.pdf,atr,nodes,ERROR
Belmont,2006,http://www.belmont-ma.gov:80/Public_Documents/BelmontMA_WebDocs/townreports/2006/finance/assess.pdf,atr,nodes,ERROR
Belmont,2006,http://www.belmont-ma.gov:80/Public_Documents/BelmontMA_WebDocs/townreports/2006/landuse/ocd.pdf,atr,nodes,ERROR
Belmont,2008,http://www.belmont-ma.gov:80/sites/belmontma/files/file/file/2008annualreport.pdf,atr,nodes,ERROR
Belmont,2009,http://www.belmont-ma.gov:80/sites/belmontma/files/file/file/npdes_annual_report_2009_0.pdf,atr,nodes,ERROR
Belmont,2012,http://www.belmont-ma.gov:80/sites/belmontma/files/file/file/npdes_2012_annual_report_0.pdf,atr,nodes,ERROR
Belmont,2013,http://belmont-ma.gov:80/Public_Documents/BelmontMA_Clerk/2013AprilOfficialTownElectionResultsByPrecinct.pdf,result,catalog,ERROR
Belmont,2013,http://belmont-ma.gov:80/Public_Documents/BelmontMA_Clerk/2013DecemberSpecialStatePrecinctResults.pdf,result,catalog,ERROR
Belmont,2014,http://belmont-ma.gov:80/Public_Documents/BelmontMA_Clerk/2014AprilOfficialElectionResultsByPrecinct.pdf,result,catalog,ERROR
Belmont,2014,http://belmont-ma.gov:80/Public_Documents/BelmontMA_Clerk/townmeeting/2014-04-28Precinct3Recount.pdf,result,catalog,ERROR
Belmont,2015,http://www.belmont-ma.gov:80/sites/belmontma/files/file/file/2015-04-07_local_election_official_results_0.pdf,result,catalog,ERROR
Belmont,2016,http://www.belmont-ma.gov:80/sites/belmontma/files/file/file/2016-03-01_pres_primary_official_results_by_precinct.pdf,result,catalog,ERROR
Belmont,2016,http://www.belmont-ma.gov:80/sites/belmontma/files/file/file/2016-04-05_town_election_official_results.pdf,result,catalog,ERROR
Belmont,2018,http://www.belmont-ma.gov:80/sites/belmontma/files/uploads/2018-04-03_local_election_official_results_by_precinct_2.pdf,result,catalog,ERROR
Randolph,2013,http://www.randolph-ma.gov:80/sites/randolphma/files/uploads/2013_annual_report.pdf,atr,nodes,ERROR
Randolph,2013,http://www.randolph-ma.gov:80/sites/randolphma/files/uploads/2013_annual_report_1.pdf,atr,nodes,ERROR
Randolph,2013,http://www.randolph-ma.gov:80/sites/randolphma/files/uploads/2013_annual_report_10.pdf,atr,nodes,ERROR
Randolph,2013,http://www.randolph-ma.gov:80/sites/randolphma/files/uploads/2013_annual_report_3.pdf,atr,nodes,ERROR
Randolph,2013,http://www.randolph-ma.gov:80/sites/randolphma/files/uploads/2013_annual_report_5.pdf,atr,nodes,ERROR
Randolph,2013,http://www.randolph-ma.gov:80/sites/randolphma/files/uploads/2013_annual_report_6.pdf,atr,nodes,ERROR
Randolph,2013,http://www.randolph-ma.gov:80/sites/randolphma/files/uploads/2013_annual_report_7.pdf,atr,nodes,ERROR
Randolph,2013,http://www.randolph-ma.gov:80/sites/randolphma/files/uploads/2013_annual_report_8.pdf,atr,nodes,ERROR
Randolph,2013,http://www.randolph-ma.gov:80/sites/randolphma/files/uploads/2013_annual_report_9.pdf,atr,nodes,ERROR
Randolph,2013,http://www.randolph-ma.gov:80/sites/randolphma/files/uploads/in-house_town_counsel_annual_report_2013.pdf,atr,nodes,ERROR
Randolph,2015,http://www.randolph-ma.gov:80/sites/randolphma/files/uploads/2015_annual_report.pdf,atr,nodes,ERROR
Randolph,2015,http://www.randolph-ma.gov:80/sites/randolphma/files/uploads/2015_annual_report_0.pdf,atr,nodes,ERROR
Randolph,2015,http://www.randolph-ma.gov:80/sites/randolphma/files/uploads/2015_annual_report_2.pdf,atr,nodes,ERROR
Randolph,2015,http://www.randolph-ma.gov:80/sites/randolphma/files/uploads/2015_town_council_annual_report.pdf,atr,nodes,ERROR
Whately,2009,http://www.whately.org/pdf/2009%20Town%20Report%20Complete%20for%20Web.pdf,atr,nodes,ERROR
Whately,2009,https://www.whately.org/sites/g/files/vyhlif5211/f/uploads/2009townreportcompleteforweb.pdf,atr,nodes,ERROR
Whately,2010,http://www.whately.org/pdf/2010%20Election%20Results%20June%208.pdf,result,catalog,ERROR
Whately,2010,http://www.whately.org/pdf/2010%20Town%20Report%20Complete%20For%20Web.pdf,atr,nodes,ERROR
Whately,2010,https://www.whately.org/sites/g/files/vyhlif5211/f/uploads/2010townreportcompleteforweb.pdf,atr,nodes,ERROR
Whately,2010,https://www.whately.org/sites/whatelyma/files/uploads/2010townreportcompleteforweb.pdf,atr,nodes,ERROR
Whately,2013,https://www.whately.org/sites/g/files/vyhlif5211/f/uploads/2013_town_report-complete.pdf,atr,nodes,ERROR
Whately,2018,https://www.whately.org/sites/g/files/vyhlif5211/f/uploads/2018_annual_report_of_the_capital_improvement_planning_committee_0.pdf,atr,nodes,ERROR
Whately,2018,https://www.whately.org/sites/g/files/vyhlif5211/f/uploads/2018_annual_report_of_the_finance_committee_0.pdf,atr,nodes,ERROR
Whately,2018,https://www.whately.org/sites/g/files/vyhlif5211/f/uploads/2018_annual_report_of_the_personnel_committee_0.pdf,atr,nodes,ERROR
Whately,2020,https://www.whately.org/sites/g/files/vyhlif5211/f/uploads/2020_annual_report_-_final.pdf,atr,nodes,ERROR
Stoneham,2012,http://www.stoneham-ma.gov:80/sites/stonehamma/files/file/file/2012_annual_report.pdf,atr,nodes,ERROR
Stoneham,2013,http://www.stoneham-ma.gov:80/sites/stonehamma/files/file/file/aa_2013_annual_report.pdf,atr,nodes,ERROR
Stoneham,2014,http://www.stoneham-ma.gov:80/sites/stonehamma/files/file/file/2014_annual_report.pdf,atr,nodes,ERROR
Stoneham,2015,http://www.stoneham-ma.gov:80/sites/stonehamma/files/file/file/0_aa_2015_annual_report.pdf,atr,nodes,ERROR
Stoneham,2016,http://www.stoneham-ma.gov:80/sites/stonehamma/files/file/file/annual_report_-_2016.pdf,atr,nodes,ERROR
Stoneham,2017,http://www.stoneham-ma.gov:80/sites/stonehamma/files/file/file/2017_annual_report_-_town_planner.pdf,atr,nodes,ERROR
Stoneham,2017,http://www.stoneham-ma.gov:80/sites/stonehamma/files/file/file/annual_report_2017_0.pdf,atr,nodes,ERROR
Stoneham,2018,http://www.stoneham-ma.gov:80/sites/stonehamma/files/file/file/2018_annual_report_-_director_of_planning_and_community_development.pdf,atr,nodes,ERROR
Stockbridge,2018,https://stockbridge-ma.gov/wp-content/uploads/2018/01/2016AnnualReport.pdf,atr,nodes,ERROR
Stockbridge,2018,https://stockbridge-ma.gov/wp-content/uploads/2018/05/2017-Annual-Report.pdf,atr,nodes,ERROR
Stockbridge,2019,https://stockbridge-ma.gov/wp-content/uploads/2019/05/2018-Annual-Report.pdf,atr,nodes,ERROR
Stockbridge,2020,https://stockbridge-ma.gov/wp-content/uploads/2020/06/2019-Annual-Report.pdf,atr,nodes,ERROR
Stockbridge,2020,https://stockbridge-ma.gov/wp-content/uploads/2021/04/FINAL-2020-Annual-Report-2.pdf,atr,nodes,ERROR
Dalton,2013,http://www.dalton-ma.gov/vertical/sites/%7B204E6885-7D62-4A77-ACAF-365E762BDF59%7D/uploads/2013Jun25STEtally.pdf,result,catalog,ERROR
Dalton,2015,http://www.dalton-ma.gov/vertical/sites/%7B204E6885-7D62-4A77-ACAF-365E762BDF59%7D/uploads/2015_Dalton_Annual_Report_Cover.pdf,atr,nodes,ERROR
Newburyport,2015,http://www.cityofnewburyport.com:80/sites/newburyportma/files/file/file/2015_annual_report.pdf,atr,nodes,ERROR
Orleans,2008,http://www.town.orleans.ma.us:80/Pages/OrleansMA_TownAdmin/2008TownReport.pdf,atr,nodes,ERROR
Warwick,2008,https://old.warwickma.org/documents/townreport2008/annreport2008.pdf,atr,nodes,ERROR
Warwick,2008,https://old.warwickma.org/documents/townreport2008/cemcom.pdf,atr,nodes,ERROR
Warwick,2008,https://old.warwickma.org/documents/townreport2008/concom08.pdf,atr,nodes,ERROR
Warwick,2008,https://old.warwickma.org/documents/townreport2008/firedept08.pdf,atr,nodes,ERROR
Warwick,2008,https://old.warwickma.org/documents/townreport2008/forestry08.pdf,atr,nodes,ERROR
Warwick,2008,https://old.warwickma.org/documents/townreport2008/openspace08.pdf,atr,nodes,ERROR
Warwick,2008,https://old.warwickma.org/documents/townreport2008/planboard08.pdf,atr,nodes,ERROR
Warwick,2008,https://old.warwickma.org/documents/townreport2008/police08.pdf,atr,nodes,ERROR
Warwick,2010,https://old.warwickma.org/documents/townreport2010/bldginspectorreportfy10.pdf,atr,nodes,ERROR
Mendon,2009,http://www.mendonma.gov/sites/mendonma/files/file/file/2009_annual_report.pdf,atr,nodes,ERROR
Mendon,2011,http://www.mendonma.gov/sites/mendonma/files/file/file/annualrpt2011.pdf,atr,nodes,ERROR
Mendon,2012,http://mendonma.gov/Portals/0/Departments/TownClerk/Documents/2012%20Annual%20Town%20Report.pdf,atr,nodes,ERROR
Mendon,2012,http://www.mendonma.gov/sites/mendonma/files/file/file/2012_annual_town_report_0.pdf,atr,nodes,ERROR
Mendon,2012,http://www.mendonma.gov/sites/mendonma/files/file/file/annualrpt2012.pdf,atr,nodes,ERROR
Mendon,2012,https://www.mendonma.gov/sites/g/files/vyhlif881/f/pages/2012_annual_report.pdf,atr,nodes,ERROR
Mendon,2013,http://www.mendonma.gov/sites/mendonma/files/file/file/2013_mendon_annual_town_report_0.pdf,atr,nodes,ERROR
Mendon,2013,http://www.mendonma.gov/sites/mendonma/files/file/file/mendon_parks_annual_reports_1977-2013.pdf,atr,nodes,ERROR
Mendon,2013,http://www.mendonma.gov/sites/mendonma/files/file/file/ms4_annual_report_2013.pdf,atr,nodes,ERROR
Mendon,2013,http://www.mendonma.gov/sites/mendonma/files/u116/ms4_annual_report_2013.pdf,atr,nodes,ERROR
Mendon,2013,https://www.mendonma.gov/sites/g/files/vyhlif881/f/pages/2013_annual_report.pdf,atr,nodes,ERROR
Mendon,2014,http://www.mendonma.gov/sites/mendonma/files/file/file/ms4_annual_report_2014.pdf,atr,nodes,ERROR
Mendon,2014,http://www.mendonma.gov/sites/mendonma/files/u116/ms4_annual_report_2014.pdf,atr,nodes,ERROR
Mendon,2014,http://www.mendonma.gov/sites/mendonma/files/u81/2014_mendon_town_report_for_cd.pdf,atr,nodes,ERROR
Mendon,2014,https://www.mendonma.gov/sites/g/files/vyhlif881/f/pages/2014_annual_report.pdf,atr,nodes,ERROR
Mendon,2015,http://www.mendonma.gov/sites/mendonma/files/2015_annual_report_-_350th.pdf,atr,nodes,ERROR
Mendon,2015,http://www.mendonma.gov/sites/mendonma/files/file/file/mendon_2015_annual_report.pdf,atr,nodes,ERROR
Mendon,2015,http://www.mendonma.gov/sites/mendonma/files/file/file/mendon_parks_annual_reports_1964-2015_web.pdf,atr,nodes,ERROR
Mendon,2015,http://www.mendonma.gov/sites/mendonma/files/file/file/ms4_annual_report_2015.pdf,atr,nodes,ERROR
Mendon,2015,http://www.mendonma.gov/sites/mendonma/files/parks_annual_report_2015.pdf,atr,nodes,ERROR
Mendon,2015,http://www.mendonma.gov/sites/mendonma/files/u116/ms4_annual_report_2015.pdf,atr,nodes,ERROR
Mendon,2015,https://www.mendonma.gov/sites/g/files/vyhlif881/f/pages/2015_annual_report.pdf,atr,nodes,ERROR
Mendon,2016,http://www.mendonma.gov/sites/mendonma/files/u116/ms4_annual_report_2016.pdf,atr,nodes,ERROR
Mendon,2016,https://www.mendonma.gov/sites/g/files/vyhlif881/f/pages/2016_annual_report.pdf,atr,nodes,ERROR
Mendon,2017,https://www.mendonma.gov/sites/g/files/vyhlif881/f/pages/2017_annual_report.pdf,atr,nodes,ERROR
Mendon,2018,https://www.mendonma.gov/sites/g/files/vyhlif881/f/pages/2018_annual_report.pdf,atr,nodes,ERROR
Mendon,2019,https://www.mendonma.gov/sites/g/files/vyhlif881/f/pages/2019_annual_report.pdf,atr,nodes,ERROR
Avon,2008,https://www.avon-ma.gov/sites/g/files/vyhlif271/f/uploads/2008_annual_town_report.pdf,atr,nodes,ERROR
Avon,2009,https://www.avon-ma.gov/sites/g/files/vyhlif271/f/uploads/2009_annual_town_report.pdf,atr,nodes,ERROR
Avon,2010,http://www.avon-ma.gov/sites/avonma/files/file/file/townreport2010.pdf,atr,nodes,ERROR
Avon,2010,https://www.avon-ma.gov/sites/g/files/vyhlif271/f/uploads/2010_annual_town_report.pdf,atr,nodes,ERROR
Avon,2011,https://www.avon-ma.gov/sites/g/files/vyhlif271/f/uploads/annual_town_report_2011.pdf,atr,nodes,ERROR
Avon,2012,https://www.avon-ma.gov/sites/g/files/vyhlif271/f/uploads/2012_annual_town_report.pdf,atr,nodes,ERROR
Avon,2013,http://www.avon-ma.gov/sites/avonma/files/u121/avon_2013_town_report.pdf,atr,nodes,ERROR
Avon,2013,https://www.avon-ma.gov/sites/g/files/vyhlif271/f/uploads/2013_annual_town_report.pdf,atr,nodes,ERROR
Avon,2014,http://www.avon-ma.gov/sites/avonma/files/u121/annual_town_report_2014.pdf,atr,nodes,ERROR
Avon,2014,https://www.avon-ma.gov/sites/g/files/vyhlif271/f/uploads/2014_annual_town_report.pdf,atr,nodes,ERROR
Avon,2015,http://www.avon-ma.gov/sites/avonma/files/u116/annual_town_election_results_2015.pdf,result,catalog,ERROR
Avon,2015,https://www.avon-ma.gov/sites/g/files/vyhlif271/f/uploads/2015_annual_town_report.pdf,atr,nodes,ERROR
Avon,2017,https://www.avon-ma.gov/sites/g/files/vyhlif271/f/uploads/town_of_avon_annual_town_report_2017.pdf,atr,nodes,ERROR
Milford,2000,https://www.milfordma.gov/sites/g/files/vyhlif3466/f/uploads/tom_2000_annual_report.pdf,atr,nodes,ERROR
Milford,2001,https://www.milfordma.gov/sites/g/files/vyhlif3466/f/uploads/tom_2001_annual_report.pdf,atr,nodes,ERROR
Milford,2002,https://www.milfordma.gov/sites/g/files/vyhlif3466/f/uploads/tom_2002_annual_report.pdf,atr,nodes,ERROR
Milford,2003,https://www.milfordma.gov/sites/g/files/vyhlif3466/f/uploads/tom_2003_annual_report.pdf,atr,nodes,ERROR
Milford,2004,https://www.milfordma.gov/sites/g/files/vyhlif3466/f/uploads/tom_2004_annual_report.pdf,atr,nodes,ERROR
Milford,2005,https://www.milfordma.gov/sites/g/files/vyhlif3466/f/uploads/tom_2005_annual_report.pdf,atr,nodes,ERROR
Milford,2006,https://www.milfordma.gov/sites/g/files/vyhlif3466/f/uploads/tom_2006_annual_report.pdf,atr,nodes,ERROR
Milford,2007,https://www.milfordma.gov/sites/g/files/vyhlif3466/f/uploads/tom_2007_annual_report.pdf,atr,nodes,ERROR
Milford,2008,https://www.milfordma.gov/sites/g/files/vyhlif3466/f/uploads/tom_2008_annual_report_0.pdf,atr,nodes,ERROR
Milford,2009,https://www.milfordma.gov/sites/g/files/vyhlif3466/f/uploads/tom_2009_annual_report_0.pdf,atr,nodes,ERROR
Milford,2010,https://www.milfordma.gov/sites/g/files/vyhlif3466/f/uploads/2010_town_report.pdf,atr,nodes,ERROR
Milford,2011,https://www.milfordma.gov/sites/g/files/vyhlif3466/f/uploads/annual_report_2011.pdf,atr,nodes,ERROR
Milford,2019,https://www.milfordma.gov/sites/g/files/vyhlif3466/f/uploads/annual_town_report_2019.pdf,atr,nodes,ERROR
Milford,2020,https://www.milfordma.gov/sites/g/files/vyhlif3466/f/uploads/annual_town_report_2020.pdf,atr,nodes,ERROR
Wareham,2016,https://wareham.gov/DocumentCenter/View/2834/2016-April-Election-Results-PDF,result,catalog,NOT_PDF
Sherborn,2009,http://sherbornma.org/pages/SherbornMA_RecyclingMin/2009/2009Recycling%20Committee%20Annual%20Report%20final.pdf,atr,nodes,ERROR
Sherborn,2013,http://sherbornma.org/Pages/SherbornMA_BComm/Selectmen/2013%20Annual%20Town%20Report.pdf,atr,nodes,ERROR
Sherborn,2018,https://www.sherbornma.org/sites/g/files/vyhlif1201/f/pages/2018_annual_report.pdf,atr,nodes,ERROR
Sherborn,2019,https://www.sherbornma.org/sites/g/files/vyhlif1201/f/pages/2019_annual_report.pdf,atr,nodes,ERROR
Sherborn,2020,https://www.sherbornma.org/sites/g/files/vyhlif1201/f/pages/2020_annual_report.pdf,atr,nodes,ERROR
Holbrook,2016,http://holbrookma.gov/Pages/HolbrookMA_News/FY%2016%20Annual%20Report.pdf,atr,nodes,ERROR
Holbrook,2019,https://www.holbrookma.gov/sites/g/files/vyhlif3261/f/uploads/annual_report_2019.pdf,atr,nodes,ERROR
Tisbury,2020,https://www.tisburyma.gov/sites/g/files/vyhlif1321/f/uploads/town_report_2020_final.pdf,atr,nodes,ERROR
Chilmark,,http://www.sec.state.ma.us/MHC/mhcpdf/townreports/Boston/qui.pdf,atr,nodes,ERROR
Chilmark,,http://www.sec.state.ma.us/MHC/mhcpdf/townreports/Cape/den.pdf,atr,nodes,ERROR
Chilmark,,http://www.sec.state.ma.us/MHC/mhcpdf/townreports/Essex/bev.pdf,atr,nodes,ERROR
Chilmark,,http://www.sec.state.ma.us/mhc/mhcpdf/Town%20reports/Cent-Mass/uxb.pdf,atr,nodes,ERROR
Chilmark,,http://www.sec.state.ma.us/mhc/mhcpdf/Town%20reports/SE-Mass/flr.pdf,atr,nodes,ERROR
Chilmark,,http://www.sec.state.ma.us/mhc/mhcpdf/Town%20reports/SE-Mass/tau.pdf,atr,nodes,ERROR
Chilmark,,http://www.sec.state.ma.us/mhc/mhcpdf/townreports/Boston/arl.pdf,atr,nodes,ERROR
Chilmark,,http://www.sec.state.ma.us/mhc/mhcpdf/townreports/Boston/bkl.pdf,atr,nodes,ERROR
Chilmark,,http://www.sec.state.ma.us/mhc/mhcpdf/townreports/Boston/blm.pdf,atr,nodes,ERROR
Chilmark,,http://www.sec.state.ma.us/mhc/mhcpdf/townreports/Boston/bur.pdf,atr,nodes,ERROR
Chilmark,,http://www.sec.state.ma.us/mhc/mhcpdf/townreports/Boston/cam.pdf,atr,nodes,ERROR
Chilmark,,http://www.sec.state.ma.us/mhc/mhcpdf/townreports/Boston/cls.pdf,atr,nodes,ERROR
Chilmark,,http://www.sec.state.ma.us/mhc/mhcpdf/townreports/Boston/evr.pdf,atr,nodes,ERROR
Chilmark,,http://www.sec.state.ma.us/mhc/mhcpdf/townreports/Boston/lex.pdf,atr,nodes,ERROR
Chilmark,,http://www.sec.state.ma.us/mhc/mhcpdf/townreports/Boston/mal.pdf,atr,nodes,ERROR
Chilmark,,http://www.sec.state.ma.us/mhc/mhcpdf/townreports/Boston/mdf.pdf,atr,nodes,ERROR
Chilmark,,http://www.sec.state.ma.us/mhc/mhcpdf/townreports/Boston/mel.pdf,atr,nodes,ERROR
Chilmark,,http://www.sec.state.ma.us/mhc/mhcpdf/townreports/Boston/mlt.pdf,atr,nodes,ERROR
Chilmark,,http://www.sec.state.ma.us/mhc/mhcpdf/townreports/Boston/nre.pdf,atr,nodes,ERROR
Chilmark,,http://www.sec.state.ma.us/mhc/mhcpdf/townreports/Boston/nwt.pdf,atr,nodes,ERROR
Chilmark,,http://www.sec.state.ma.us/mhc/mhcpdf/townreports/Boston/rea.pdf,atr,nodes,ERROR
Chilmark,,http://www.sec.state.ma.us/mhc/mhcpdf/townreports/Boston/rev.pdf,atr,nodes,ERROR
Chilmark,,http://www.sec.state.ma.us/mhc/mhcpdf/townreports/Boston/smv.pdf,atr,nodes,ERROR
Chilmark,,http://www.sec.state.ma.us/mhc/mhcpdf/townreports/Boston/stn.pdf,atr,nodes,ERROR
Chilmark,,http://www.sec.state.ma.us/mhc/mhcpdf/townreports/Boston/wak.pdf,atr,nodes,ERROR
Chilmark,,http://www.sec.state.ma.us/mhc/mhcpdf/townreports/Boston/wat.pdf,atr,nodes,ERROR
Chilmark,,http://www.sec.state.ma.us/mhc/mhcpdf/townreports/Boston/wlt.pdf,atr,nodes,ERROR
Chilmark,,http://www.sec.state.ma.us/mhc/mhcpdf/townreports/Boston/wmg.pdf,atr,nodes,ERROR
Chilmark,,http://www.sec.state.ma.us/mhc/mhcpdf/townreports/Boston/wnt.pdf,atr,nodes,ERROR
Chilmark,,http://www.sec.state.ma.us/mhc/mhcpdf/townreports/Boston/wob.pdf,atr,nodes,ERROR
Chilmark,,http://www.sec.state.ma.us/mhc/mhcpdf/townreports/Boston/wth.pdf,atr,nodes,ERROR
Chilmark,,http://www.sec.state.ma.us/mhc/mhcpdf/townreports/CT-Valley/aga.pdf,atr,nodes,ERROR
Chilmark,,http://www.sec.state.ma.us/mhc/mhcpdf/townreports/CT-Valley/amh.pdf,atr,nodes,ERROR
Chilmark,,http://www.sec.state.ma.us/mhc/mhcpdf/townreports/CT-Valley/asf.pdf,atr,nodes,ERROR
Chilmark,,http://www.sec.state.ma.us/mhc/mhcpdf/townreports/CT-Valley/bla.pdf,atr,nodes,ERROR
Chilmark,,http://www.sec.state.ma.us/mhc/mhcpdf/townreports/CT-Valley/blc.pdf,atr,nodes,ERROR
Chilmark,,http://www.sec.state.ma.us/mhc/mhcpdf/townreports/CT-Valley/bri.pdf,atr,nodes,ERROR
Chilmark,,http://www.sec.state.ma.us/mhc/mhcpdf/townreports/CT-Valley/buc.pdf,atr,nodes,ERROR
Chilmark,,http://www.sec.state.ma.us/mhc/mhcpdf/townreports/CT-Valley/chi.pdf,atr,nodes,ERROR
Chilmark,,http://www.sec.state.ma.us/mhc/mhcpdf/townreports/CT-Valley/cht.pdf,atr,nodes,ERROR
Chilmark,,http://www.sec.state.ma.us/mhc/mhcpdf/townreports/CT-Valley/cnw.pdf,atr,nodes,ERROR
Chilmark,,http://www.sec.state.ma.us/mhc/mhcpdf/townreports/CT-Valley/col.pdf,atr,nodes,ERROR
Chilmark,,http://www.sec.state.ma.us/mhc/mhcpdf/townreports/CT-Valley/crl.pdf,atr,nodes,ERROR
Chilmark,,http://www.sec.state.ma.us/mhc/mhcpdf/townreports/CT-Valley/csf.pdf,atr,nodes,ERROR
Chilmark,,http://www.sec.state.ma.us/mhc/mhcpdf/townreports/CT-Valley/cum.pdf,atr,nodes,ERROR
Chilmark,,http://www.sec.state.ma.us/mhc/mhcpdf/townreports/CT-Valley/dee.pdf,atr,nodes,ERROR
Chilmark,,http://www.sec.state.ma.us/mhc/mhcpdf/townreports/CT-Valley/eah.pdf,atr,nodes,ERROR
Chilmark,,http://www.sec.state.ma.us/mhc/mhcpdf/townreports/CT-Valley/elg.pdf,atr,nodes,ERROR
Chilmark,,http://www.sec.state.ma.us/mhc/mhcpdf/townreports/CT-Valley/erv.pdf,atr,nodes,ERROR
Chilmark,,http://www.sec.state.ma.us/mhc/mhcpdf/townreports/CT-Valley/ghs.pdf,atr,nodes,ERROR
Chilmark,,http://www.sec.state.ma.us/mhc/mhcpdf/townreports/CT-Valley/gil.pdf,atr,nodes,ERROR
Chilmark,,http://www.sec.state.ma.us/mhc/mhcpdf/townreports/CT-Valley/gnb.pdf,atr,nodes,ERROR
Chilmark,,http://www.sec.state.ma.us/mhc/mhcpdf/townreports/CT-Valley/gre.pdf,atr,nodes,ERROR
Chilmark,,http://www.sec.state.ma.us/mhc/mhcpdf/townreports/CT-Valley/grn.pdf,atr,nodes,ERROR
Chilmark,,http://www.sec.state.ma.us/mhc/mhcpdf/townreports/CT-Valley/had.pdf,atr,nodes,ERROR
Chilmark,,http://www.sec.state.ma.us/mhc/mhcpdf/townreports/CT-Valley/haw.pdf,atr,nodes,ERROR
Chilmark,,http://www.sec.state.ma.us/mhc/mhcpdf/townreports/CT-Valley/hea.pdf,atr,nodes,ERROR
Chilmark,,http://www.sec.state.ma.us/mhc/mhcpdf/townreports/CT-Valley/hld.pdf,atr,nodes,ERROR
Chilmark,,http://www.sec.state.ma.us/mhc/mhcpdf/townreports/CT-Valley/hly.pdf,atr,nodes,ERROR
Chilmark,,http://www.sec.state.ma.us/mhc/mhcpdf/townreports/CT-Valley/hmp.pdf,atr,nodes,ERROR
Chilmark,,http://www.sec.state.ma.us/mhc/mhcpdf/townreports/CT-Valley/htf.pdf,atr,nodes,ERROR
Chilmark,,http://www.sec.state.ma.us/mhc/mhcpdf/townreports/CT-Valley/hun.pdf,atr,nodes,ERROR
Chilmark,,http://www.sec.state.ma.us/mhc/mhcpdf/townreports/CT-Valley/lev.pdf,atr,nodes,ERROR
Chilmark,,http://www.sec.state.ma.us/mhc/mhcpdf/townreports/CT-Valley/ley.pdf,atr,nodes,ERROR
Chilmark,,http://www.sec.state.ma.us/mhc/mhcpdf/townreports/CT-Valley/lud.pdf,atr,nodes,ERROR
Chilmark,,http://www.sec.state.ma.us/mhc/mhcpdf/townreports/CT-Valley/mif.pdf,atr,nodes,ERROR
Chilmark,,http://www.sec.state.ma.us/mhc/mhcpdf/townreports/CT-Valley/mns.pdf,atr,nodes,ERROR
Chilmark,,http://www.sec.state.ma.us/mhc/mhcpdf/townreports/CT-Valley/mnt.pdf,atr,nodes,ERROR
Chilmark,,http://www.sec.state.ma.us/mhc/mhcpdf/townreports/CT-Valley/mon.pdf,atr,nodes,ERROR
Chilmark,,http://www.sec.state.ma.us/mhc/mhcpdf/townreports/CT-Valley/mtg.pdf,atr,nodes,ERROR
Chilmark,,http://www.sec.state.ma.us/mhc/mhcpdf/townreports/CT-Valley/nfl.pdf,atr,nodes,ERROR
Chilmark,,http://www.sec.state.ma.us/mhc/mhcpdf/townreports/CT-Valley/nsa.pdf,atr,nodes,ERROR
Chilmark,,http://www.sec.state.ma.us/mhc/mhcpdf/townreports/CT-Valley/nth.pdf,atr,nodes,ERROR
Chilmark,,http://www.sec.state.ma.us/mhc/mhcpdf/townreports/CT-Valley/ora.pdf,atr,nodes,ERROR
Chilmark,,http://www.sec.state.ma.us/mhc/mhcpdf/townreports/CT-Valley/pal.pdf,atr,nodes,ERROR
Chilmark,,http://www.sec.state.ma.us/mhc/mhcpdf/townreports/CT-Valley/pel.pdf,atr,nodes,ERROR
Chilmark,,http://www.sec.state.ma.us/mhc/mhcpdf/townreports/CT-Valley/plf.pdf,atr,nodes,ERROR
Chilmark,,http://www.sec.state.ma.us/mhc/mhcpdf/townreports/CT-Valley/roe.pdf,atr,nodes,ERROR
Chilmark,,http://www.sec.state.ma.us/mhc/mhcpdf/townreports/CT-Valley/rus.pdf,atr,nodes,ERROR
Chilmark,,http://www.sec.state.ma.us/mhc/mhcpdf/townreports/CT-Valley/shl.pdf,atr,nodes,ERROR
Chilmark,,http://www.sec.state.ma.us/mhc/mhcpdf/townreports/CT-Valley/shu.pdf,atr,nodes,ERROR
Chilmark,,http://www.sec.state.ma.us/mhc/mhcpdf/townreports/CT-Valley/soh.pdf,atr,nodes,ERROR
Chilmark,,http://www.sec.state.ma.us/mhc/mhcpdf/townreports/CT-Valley/sou.pdf,atr,nodes,ERROR
Chilmark,,http://www.sec.state.ma.us/mhc/mhcpdf/townreports/CT-Valley/spr.pdf,atr,nodes,ERROR
Chilmark,,http://www.sec.state.ma.us/mhc/mhcpdf/townreports/CT-Valley/sth.pdf,atr,nodes,ERROR
Chilmark,,http://www.sec.state.ma.us/mhc/mhcpdf/townreports/CT-Valley/sun.pdf,atr,nodes,ERROR
Chilmark,,http://www.sec.state.ma.us/mhc/mhcpdf/townreports/CT-Valley/tol.pdf,atr,nodes,ERROR
Chilmark,,http://www.sec.state.ma.us/mhc/mhcpdf/townreports/CT-Valley/wal.pdf,atr,nodes,ERROR
Chilmark,,http://www.sec.state.ma.us/mhc/mhcpdf/townreports/CT-Valley/war.pdf,atr,nodes,ERROR
Chilmark,,http://www.sec.state.ma.us/mhc/mhcpdf/townreports/CT-Valley/wen.pdf,atr,nodes,ERROR
Chilmark,,http://www.sec.state.ma.us/mhc/mhcpdf/townreports/CT-Valley/wha.pdf,atr,nodes,ERROR
Chilmark,,http://www.sec.state.ma.us/mhc/mhcpdf/townreports/CT-Valley/wil.pdf,atr,nodes,ERROR
Chilmark,,http://www.sec.state.ma.us/mhc/mhcpdf/townreports/CT-Valley/wlm.pdf,atr,nodes,ERROR
Chilmark,,http://www.sec.state.ma.us/mhc/mhcpdf/townreports/CT-Valley/wrt.pdf,atr,nodes,ERROR
Chilmark,,http://www.sec.state.ma.us/mhc/mhcpdf/townreports/CT-Valley/wrw.pdf,atr,nodes,ERROR
Chilmark,,http://www.sec.state.ma.us/mhc/mhcpdf/townreports/CT-Valley/wsf.pdf,atr,nodes,ERROR
Chilmark,,http://www.sec.state.ma.us/mhc/mhcpdf/townreports/CT-Valley/wsg.pdf,atr,nodes,ERROR
Chilmark,,http://www.sec.state.ma.us/mhc/mhcpdf/townreports/CT-Valley/wsh.pdf,atr,nodes,ERROR
Chilmark,,http://www.sec.state.ma.us/mhc/mhcpdf/townreports/Cape/bou.pdf,atr,nodes,ERROR
Chilmark,,http://www.sec.state.ma.us/mhc/mhcpdf/townreports/Cape/bre.pdf,atr,nodes,ERROR
Chilmark,,http://www.sec.state.ma.us/mhc/mhcpdf/townreports/Cape/brn.pdf,atr,nodes,ERROR
Chilmark,,http://www.sec.state.ma.us/mhc/mhcpdf/townreports/Cape/cha.pdf,atr,nodes,ERROR
Chilmark,,http://www.sec.state.ma.us/mhc/mhcpdf/townreports/Cape/chl.pdf,atr,nodes,ERROR
Chilmark,,http://www.sec.state.ma.us/mhc/mhcpdf/townreports/Cape/eas.pdf,atr,nodes,ERROR
Chilmark,,http://www.sec.state.ma.us/mhc/mhcpdf/townreports/Cape/edg.pdf,atr,nodes,ERROR
Chilmark,,http://www.sec.state.ma.us/mhc/mhcpdf/townreports/Cape/fal.pdf,atr,nodes,ERROR
Chilmark,,http://www.sec.state.ma.us/mhc/mhcpdf/townreports/Cape/gay.pdf,atr,nodes,ERROR
Chilmark,,http://www.sec.state.ma.us/mhc/mhcpdf/townreports/Cape/gos.pdf,atr,nodes,ERROR
Chilmark,,http://www.sec.state.ma.us/mhc/mhcpdf/townreports/Cape/hrw.pdf,atr,nodes,ERROR
Chilmark,,http://www.sec.state.ma.us/mhc/mhcpdf/townreports/Cape/mas.pdf,atr,nodes,ERROR
Chilmark,,http://www.sec.state.ma.us/mhc/mhcpdf/townreports/Cape/nan.pdf,atr,nodes,ERROR
Chilmark,,http://www.sec.state.ma.us/mhc/mhcpdf/townreports/Cape/oak.pdf,atr,nodes,ERROR
Chilmark,,http://www.sec.state.ma.us/mhc/mhcpdf/townreports/Cape/orl.pdf,atr,nodes,ERROR
Chilmark,,http://www.sec.state.ma.us/mhc/mhcpdf/townreports/Cape/pro.pdf,atr,nodes,ERROR
Chilmark,,http://www.sec.state.ma.us/mhc/mhcpdf/townreports/Cape/sdw.pdf,atr,nodes,ERROR
Chilmark,,http://www.sec.state.ma.us/mhc/mhcpdf/townreports/Cape/tis.pdf,atr,nodes,ERROR
Chilmark,,http://www.sec.state.ma.us/mhc/mhcpdf/townreports/Cape/tru.pdf,atr,nodes,ERROR
Chilmark,,http://www.sec.state.ma.us/mhc/mhcpdf/townreports/Cape/wlf.pdf,atr,nodes,ERROR
Chilmark,,http://www.sec.state.ma.us/mhc/mhcpdf/townreports/Cape/wti.pdf,atr,nodes,ERROR
Chilmark,,http://www.sec.state.ma.us/mhc/mhcpdf/townreports/Cape/yar.pdf,atr,nodes,ERROR
Chilmark,,http://www.sec.state.ma.us/mhc/mhcpdf/townreports/Cent-Mass/asb.pdf,atr,nodes,ERROR
Chilmark,,http://www.sec.state.ma.us/mhc/mhcpdf/townreports/Cent-Mass/asy.pdf,atr,nodes,ERROR
Chilmark,,http://www.sec.state.ma.us/mhc/mhcpdf/townreports/Cent-Mass/ath.pdf,atr,nodes,ERROR
Chilmark,,http://www.sec.state.ma.us/mhc/mhcpdf/townreports/Cent-Mass/aub.pdf,atr,nodes,ERROR
Chilmark,,http://www.sec.state.ma.us/mhc/mhcpdf/townreports/Cent-Mass/bar.pdf,atr,nodes,ERROR
Chilmark,,http://www.sec.state.ma.us/mhc/mhcpdf/townreports/Cent-Mass/bkf.pdf,atr,nodes,ERROR
Chilmark,,http://www.sec.state.ma.us/mhc/mhcpdf/townreports/Cent-Mass/blk.pdf,atr,nodes,ERROR
Chilmark,,http://www.sec.state.ma.us/mhc/mhcpdf/townreports/Cent-Mass/bol.pdf,atr,nodes,ERROR
Chilmark,,http://www.sec.state.ma.us/mhc/mhcpdf/townreports/Cent-Mass/boy.pdf,atr,nodes,ERROR
Chilmark,,http://www.sec.state.ma.us/mhc/mhcpdf/townreports/Cent-Mass/brl.pdf,atr,nodes,ERROR
Chilmark,,http://www.sec.state.ma.us/mhc/mhcpdf/townreports/Cent-Mass/cli.pdf,atr,nodes,ERROR
Chilmark,,http://www.sec.state.ma.us/mhc/mhcpdf/townreports/Cent-Mass/crt.pdf,atr,nodes,ERROR
Chilmark,,http://www.sec.state.ma.us/mhc/mhcpdf/townreports/Cent-Mass/dou.pdf,atr,nodes,ERROR
Chilmark,,http://www.sec.state.ma.us/mhc/mhcpdf/townreports/Cent-Mass/dud.pdf,atr,nodes,ERROR
Chilmark,,http://www.sec.state.ma.us/mhc/mhcpdf/townreports/Cent-Mass/ebk.pdf,atr,nodes,ERROR
Chilmark,,http://www.sec.state.ma.us/mhc/mhcpdf/townreports/Cent-Mass/fit.pdf,atr,nodes,ERROR
Chilmark,,http://www.sec.state.ma.us/mhc/mhcpdf/townreports/Cent-Mass/gar.pdf,atr,nodes,ERROR
Chilmark,,http://www.sec.state.ma.us/mhc/mhcpdf/townreports/Cent-Mass/grf.pdf,atr,nodes,ERROR
Chilmark,,http://www.sec.state.ma.us/mhc/mhcpdf/townreports/Cent-Mass/har.pdf,atr,nodes,ERROR
Chilmark,,http://www.sec.state.ma.us/mhc/mhcpdf/townreports/Cent-Mass/hol.pdf,atr,nodes,ERROR
Chilmark,,http://www.sec.state.ma.us/mhc/mhcpdf/townreports/Cent-Mass/hop.pdf,atr,nodes,ERROR
Chilmark,,http://www.sec.state.ma.us/mhc/mhcpdf/townreports/Cent-Mass/hrv.pdf,atr,nodes,ERROR
Chilmark,,http://www.sec.state.ma.us/mhc/mhcpdf/townreports/Cent-Mass/hub.pdf,atr,nodes,ERROR
Chilmark,,http://www.sec.state.ma.us/mhc/mhcpdf/townreports/Cent-Mass/lan.pdf,atr,nodes,ERROR
Chilmark,,http://www.sec.state.ma.us/mhc/mhcpdf/townreports/Cent-Mass/lei.pdf,atr,nodes,ERROR
Chilmark,,http://www.sec.state.ma.us/mhc/mhcpdf/townreports/Cent-Mass/leo.pdf,atr,nodes,ERROR
Chilmark,,http://www.sec.state.ma.us/mhc/mhcpdf/townreports/Cent-Mass/lun.pdf,atr,nodes,ERROR
Chilmark,,http://www.sec.state.ma.us/mhc/mhcpdf/townreports/Cent-Mass/men.pdf,atr,nodes,ERROR
Chilmark,,http://www.sec.state.ma.us/mhc/mhcpdf/townreports/Cent-Mass/mil.pdf,atr,nodes,ERROR
Chilmark,,http://www.sec.state.ma.us/mhc/mhcpdf/townreports/Cent-Mass/mlb.pdf,atr,nodes,ERROR
Chilmark,,http://www.sec.state.ma.us/mhc/mhcpdf/townreports/Cent-Mass/mlv.pdf,atr,nodes,ERROR
Chilmark,,http://www.sec.state.ma.us/mhc/mhcpdf/townreports/Cent-Mass/nbd.pdf,atr,nodes,ERROR
Chilmark,,http://www.sec.state.ma.us/mhc/mhcpdf/townreports/Cent-Mass/nbk.pdf,atr,nodes,ERROR
Chilmark,,http://www.sec.state.ma.us/mhc/mhcpdf/townreports/Cent-Mass/nbo.pdf,atr,nodes,ERROR
Chilmark,,http://www.sec.state.ma.us/mhc/mhcpdf/townreports/Cent-Mass/nbr.pdf,atr,nodes,ERROR
Chilmark,,http://www.sec.state.ma.us/mhc/mhcpdf/townreports/Cent-Mass/okh.pdf,atr,nodes,ERROR
Chilmark,,http://www.sec.state.ma.us/mhc/mhcpdf/townreports/Cent-Mass/oxf.pdf,atr,nodes,ERROR
Chilmark,,http://www.sec.state.ma.us/mhc/mhcpdf/townreports/Cent-Mass/pax.pdf,atr,nodes,ERROR
Chilmark,,http://www.sec.state.ma.us/mhc/mhcpdf/townreports/Cent-Mass/pet.pdf,atr,nodes,ERROR
Chilmark,,http://www.sec.state.ma.us/mhc/mhcpdf/townreports/Cent-Mass/phl.pdf,atr,nodes,ERROR
Chilmark,,http://www.sec.state.ma.us/mhc/mhcpdf/townreports/Cent-Mass/pri.pdf,atr,nodes,ERROR
Chilmark,,http://www.sec.state.ma.us/mhc/mhcpdf/townreports/Cent-Mass/roy.pdf,atr,nodes,ERROR
Chilmark,,http://www.sec.state.ma.us/mhc/mhcpdf/townreports/Cent-Mass/rut.pdf,atr,nodes,ERROR
Chilmark,,http://www.sec.state.ma.us/mhc/mhcpdf/townreports/Cent-Mass/sbd.pdf,atr,nodes,ERROR
Chilmark,,http://www.sec.state.ma.us/mhc/mhcpdf/townreports/Cent-Mass/sbr.pdf,atr,nodes,ERROR
Chilmark,,http://www.sec.state.ma.us/mhc/mhcpdf/townreports/Cent-Mass/spe.pdf,atr,nodes,ERROR
Chilmark,,http://www.sec.state.ma.us/mhc/mhcpdf/townreports/Cent-Mass/srw.pdf,atr,nodes,ERROR
Chilmark,,http://www.sec.state.ma.us/mhc/mhcpdf/townreports/Cent-Mass/ste.pdf,atr,nodes,ERROR
Chilmark,,http://www.sec.state.ma.us/mhc/mhcpdf/townreports/Cent-Mass/stu.pdf,atr,nodes,ERROR
Chilmark,,http://www.sec.state.ma.us/mhc/mhcpdf/townreports/Cent-Mass/sut.pdf,atr,nodes,ERROR
Chilmark,,http://www.sec.state.ma.us/mhc/mhcpdf/townreports/Cent-Mass/tem.pdf,atr,nodes,ERROR
Chilmark,,http://www.sec.state.ma.us/mhc/mhcpdf/townreports/Cent-Mass/tow.pdf,atr,nodes,ERROR
Chilmark,,http://www.sec.state.ma.us/mhc/mhcpdf/townreports/Cent-Mass/upt.pdf,atr,nodes,ERROR
Chilmark,,http://www.sec.state.ma.us/mhc/mhcpdf/townreports/Cent-Mass/uxb.pdf,atr,nodes,ERROR
Chilmark,,http://www.sec.state.ma.us/mhc/mhcpdf/townreports/Cent-Mass/wbk.pdf,atr,nodes,ERROR
Chilmark,,http://www.sec.state.ma.us/mhc/mhcpdf/townreports/Cent-Mass/wbo.pdf,atr,nodes,ERROR
Chilmark,,http://www.sec.state.ma.us/mhc/mhcpdf/townreports/Cent-Mass/wby.pdf,atr,nodes,ERROR
Chilmark,,http://www.sec.state.ma.us/mhc/mhcpdf/townreports/Cent-Mass/web.pdf,atr,nodes,ERROR
Chilmark,,http://www.sec.state.ma.us/mhc/mhcpdf/townreports/Cent-Mass/win.pdf,atr,nodes,ERROR
Chilmark,,http://www.sec.state.ma.us/mhc/mhcpdf/townreports/Cent-Mass/wor.pdf,atr,nodes,ERROR
Chilmark,,http://www.sec.state.ma.us/mhc/mhcpdf/townreports/Cent-Mass/wrr.pdf,atr,nodes,ERROR
Chilmark,,http://www.sec.state.ma.us/mhc/mhcpdf/townreports/Cent-Mass/wst.pdf,atr,nodes,ERROR
Chilmark,,http://www.sec.state.ma.us/mhc/mhcpdf/townreports/Eastern/act.pdf,atr,nodes,ERROR
Chilmark,,http://www.sec.state.ma.us/mhc/mhcpdf/townreports/Eastern/asl.pdf,atr,nodes,ERROR
Chilmark,,http://www.sec.state.ma.us/mhc/mhcpdf/townreports/Eastern/avo.pdf,atr,nodes,ERROR
Chilmark,,http://www.sec.state.ma.us/mhc/mhcpdf/townreports/Eastern/aye.pdf,atr,nodes,ERROR
Chilmark,,http://www.sec.state.ma.us/mhc/mhcpdf/townreports/Eastern/bed.pdf,atr,nodes,ERROR
Chilmark,,http://www.sec.state.ma.us/mhc/mhcpdf/townreports/Eastern/bel.pdf,atr,nodes,ERROR
Chilmark,,http://www.sec.state.ma.us/mhc/mhcpdf/townreports/Eastern/bil.pdf,atr,nodes,ERROR
Chilmark,,http://www.sec.state.ma.us/mhc/mhcpdf/townreports/Eastern/bra.pdf,atr,nodes,ERROR
Chilmark,,http://www.sec.state.ma.us/mhc/mhcpdf/townreports/Eastern/bxb.pdf,atr,nodes,ERROR
Chilmark,,http://www.sec.state.ma.us/mhc/mhcpdf/townreports/Eastern/can.pdf,atr,nodes,ERROR
Chilmark,,http://www.sec.state.ma.us/mhc/mhcpdf/townreports/Eastern/car.pdf,atr,nodes,ERROR
Chilmark,,http://www.sec.state.ma.us/mhc/mhcpdf/townreports/Eastern/clm.pdf,atr,nodes,ERROR
Chilmark,,http://www.sec.state.ma.us/mhc/mhcpdf/townreports/Eastern/coh.pdf,atr,nodes,ERROR
Chilmark,,http://www.sec.state.ma.us/mhc/mhcpdf/townreports/Eastern/concord.pdf,atr,nodes,ERROR
Chilmark,,http://www.sec.state.ma.us/mhc/mhcpdf/townreports/Eastern/ded.pdf,atr,nodes,ERROR
Chilmark,,http://www.sec.state.ma.us/mhc/mhcpdf/townreports/Eastern/dov.pdf,atr,nodes,ERROR
Chilmark,,http://www.sec.state.ma.us/mhc/mhcpdf/townreports/Eastern/dra.pdf,atr,nodes,ERROR
Chilmark,,http://www.sec.state.ma.us/mhc/mhcpdf/townreports/Eastern/dun.pdf,atr,nodes,ERROR
Chilmark,,http://www.sec.state.ma.us/mhc/mhcpdf/townreports/Eastern/fox.pdf,atr,nodes,ERROR
Chilmark,,http://www.sec.state.ma.us/mhc/mhcpdf/townreports/Eastern/frm.pdf,atr,nodes,ERROR
Chilmark,,http://www.sec.state.ma.us/mhc/mhcpdf/townreports/Eastern/frn.pdf,atr,nodes,ERROR
Chilmark,,http://www.sec.state.ma.us/mhc/mhcpdf/townreports/Eastern/gro.pdf,atr,nodes,ERROR
Chilmark,,http://www.sec.state.ma.us/mhc/mhcpdf/townreports/Eastern/hin.pdf,atr,nodes,ERROR
Chilmark,,http://www.sec.state.ma.us/mhc/mhcpdf/townreports/Eastern/hlb.pdf,atr,nodes,ERROR
Chilmark,,http://www.sec.state.ma.us/mhc/mhcpdf/townreports/Eastern/hls.pdf,atr,nodes,ERROR
Chilmark,,http://www.sec.state.ma.us/mhc/mhcpdf/townreports/Eastern/hpk.pdf,atr,nodes,ERROR
Chilmark,,http://www.sec.state.ma.us/mhc/mhcpdf/townreports/Eastern/hud.pdf,atr,nodes,ERROR
Chilmark,,http://www.sec.state.ma.us/mhc/mhcpdf/townreports/Eastern/hul.pdf,atr,nodes,ERROR
Chilmark,,http://www.sec.state.ma.us/mhc/mhcpdf/townreports/Eastern/lin.pdf,atr,nodes,ERROR
Chilmark,,http://www.sec.state.ma.us/mhc/mhcpdf/townreports/Eastern/lit.pdf,atr,nodes,ERROR
Chilmark,,http://www.sec.state.ma.us/mhc/mhcpdf/townreports/Eastern/low.pdf,atr,nodes,ERROR
Chilmark,,http://www.sec.state.ma.us/mhc/mhcpdf/townreports/Eastern/may.pdf,atr,nodes,ERROR
Chilmark,,http://www.sec.state.ma.us/mhc/mhcpdf/townreports/Eastern/mdw.pdf,atr,nodes,ERROR
Chilmark,,http://www.sec.state.ma.us/mhc/mhcpdf/townreports/Eastern/med.pdf,atr,nodes,ERROR
Chilmark,,http://www.sec.state.ma.us/mhc/mhcpdf/townreports/Eastern/mls.pdf,atr,nodes,ERROR
Chilmark,,http://www.sec.state.ma.us/mhc/mhcpdf/townreports/Eastern/mrb.pdf,atr,nodes,ERROR
Chilmark,,http://www.sec.state.ma.us/mhc/mhcpdf/townreports/Eastern/nat.pdf,atr,nodes,ERROR
Chilmark,,http://www.sec.state.ma.us/mhc/mhcpdf/townreports/Eastern/nee.pdf,atr,nodes,ERROR
Chilmark,,http://www.sec.state.ma.us/mhc/mhcpdf/townreports/Eastern/nor.pdf,atr,nodes,ERROR
Chilmark,,http://www.sec.state.ma.us/mhc/mhcpdf/townreports/Eastern/nrd.pdf,atr,nodes,ERROR
Chilmark,,http://www.sec.state.ma.us/mhc/mhcpdf/townreports/Eastern/pep.pdf,atr,nodes,ERROR
Chilmark,,http://www.sec.state.ma.us/mhc/mhcpdf/townreports/Eastern/plv.pdf,atr,nodes,ERROR
Chilmark,,http://www.sec.state.ma.us/mhc/mhcpdf/townreports/Eastern/ran.pdf,atr,nodes,ERROR
Chilmark,,http://www.sec.state.ma.us/mhc/mhcpdf/townreports/Eastern/sha.pdf,atr,nodes,ERROR
Chilmark,,http://www.sec.state.ma.us/mhc/mhcpdf/townreports/Eastern/shr.pdf,atr,nodes,ERROR
Chilmark,,http://www.sec.state.ma.us/mhc/mhcpdf/townreports/Eastern/srl.pdf,atr,nodes,ERROR
Chilmark,,http://www.sec.state.ma.us/mhc/mhcpdf/townreports/Eastern/stg.pdf,atr,nodes,ERROR
Chilmark,,http://www.sec.state.ma.us/mhc/mhcpdf/townreports/Eastern/stw.pdf,atr,nodes,ERROR
Chilmark,,http://www.sec.state.ma.us/mhc/mhcpdf/townreports/Eastern/sud.pdf,atr,nodes,ERROR
Chilmark,,http://www.sec.state.ma.us/mhc/mhcpdf/townreports/Eastern/tew.pdf,atr,nodes,ERROR
Chilmark,,http://www.sec.state.ma.us/mhc/mhcpdf/townreports/Eastern/tyn.pdf,atr,nodes,ERROR
Chilmark,,http://www.sec.state.ma.us/mhc/mhcpdf/townreports/Eastern/way.pdf,atr,nodes,ERROR
Chilmark,,http://www.sec.state.ma.us/mhc/mhcpdf/townreports/Eastern/wel.pdf,atr,nodes,ERROR
Chilmark,,http://www.sec.state.ma.us/mhc/mhcpdf/townreports/Eastern/wey.pdf,atr,nodes,ERROR
Chilmark,,http://www.sec.state.ma.us/mhc/mhcpdf/townreports/Eastern/wlp.pdf,atr,nodes,ERROR
Chilmark,,http://www.sec.state.ma.us/mhc/mhcpdf/townreports/Eastern/wre.pdf,atr,nodes,ERROR
Chilmark,,http://www.sec.state.ma.us/mhc/mhcpdf/townreports/Eastern/wsn.pdf,atr,nodes,ERROR
Chilmark,,http://www.sec.state.ma.us/mhc/mhcpdf/townreports/Eastern/wsr.pdf,atr,nodes,ERROR
Chilmark,,http://www.sec.state.ma.us/mhc/mhcpdf/townreports/Eastern/wsw.pdf,atr,nodes,ERROR
Chilmark,,http://www.sec.state.ma.us/mhc/mhcpdf/townreports/Essex/ame.pdf,atr,nodes,ERROR
Chilmark,,http://www.sec.state.ma.us/mhc/mhcpdf/townreports/Essex/anv.pdf,atr,nodes,ERROR
Chilmark,,http://www.sec.state.ma.us/mhc/mhcpdf/townreports/Essex/box.pdf,atr,nodes,ERROR
Chilmark,,http://www.sec.state.ma.us/mhc/mhcpdf/townreports/Essex/dan.pdf,atr,nodes,ERROR
Chilmark,,http://www.sec.state.ma.us/mhc/mhcpdf/townreports/Essex/ess.pdf,atr,nodes,ERROR
Chilmark,,http://www.sec.state.ma.us/mhc/mhcpdf/townreports/Essex/geo.pdf,atr,nodes,ERROR
Chilmark,,http://www.sec.state.ma.us/mhc/mhcpdf/townreports/Essex/glo.pdf,atr,nodes,ERROR
Chilmark,,http://www.sec.state.ma.us/mhc/mhcpdf/townreports/Essex/grv.pdf,atr,nodes,ERROR
Chilmark,,http://www.sec.state.ma.us/mhc/mhcpdf/townreports/Essex/ham.pdf,atr,nodes,ERROR
Chilmark,,http://www.sec.state.ma.us/mhc/mhcpdf/townreports/Essex/hvr.pdf,atr,nodes,ERROR
Chilmark,,http://www.sec.state.ma.us/mhc/mhcpdf/townreports/Essex/ips.pdf,atr,nodes,ERROR
Chilmark,,http://www.sec.state.ma.us/mhc/mhcpdf/townreports/Essex/law.pdf,atr,nodes,ERROR
Chilmark,,http://www.sec.state.ma.us/mhc/mhcpdf/townreports/Essex/lnf.pdf,atr,nodes,ERROR
Chilmark,,http://www.sec.state.ma.us/mhc/mhcpdf/townreports/Essex/lyn.pdf,atr,nodes,ERROR
Chilmark,,http://www.sec.state.ma.us/mhc/mhcpdf/townreports/Essex/man.pdf,atr,nodes,ERROR
Chilmark,,http://www.sec.state.ma.us/mhc/mhcpdf/townreports/Essex/mar.pdf,atr,nodes,ERROR
Chilmark,,http://www.sec.state.ma.us/mhc/mhcpdf/townreports/Essex/mdl.pdf,atr,nodes,ERROR
Chilmark,,http://www.sec.state.ma.us/mhc/mhcpdf/townreports/Essex/mer.pdf,atr,nodes,ERROR
Chilmark,,http://www.sec.state.ma.us/mhc/mhcpdf/townreports/Essex/met.pdf,atr,nodes,ERROR
Chilmark,,http://www.sec.state.ma.us/mhc/mhcpdf/townreports/Essex/nad.pdf,atr,nodes,ERROR
Chilmark,,http://www.sec.state.ma.us/mhc/mhcpdf/townreports/Essex/nah.pdf,atr,nodes,ERROR
Chilmark,,http://www.sec.state.ma.us/mhc/mhcpdf/townreports/Essex/new.pdf,atr,nodes,ERROR
Chilmark,,http://www.sec.state.ma.us/mhc/mhcpdf/townreports/Essex/nwb.pdf,atr,nodes,ERROR
Chilmark,,http://www.sec.state.ma.us/mhc/mhcpdf/townreports/Essex/pea.pdf,atr,nodes,ERROR
Chilmark,,http://www.sec.state.ma.us/mhc/mhcpdf/townreports/Essex/rcp.pdf,atr,nodes,ERROR
Chilmark,,http://www.sec.state.ma.us/mhc/mhcpdf/townreports/Essex/row.pdf,atr,nodes,ERROR
Chilmark,,http://www.sec.state.ma.us/mhc/mhcpdf/townreports/Essex/sal.pdf,atr,nodes,ERROR
Chilmark,,http://www.sec.state.ma.us/mhc/mhcpdf/townreports/Essex/sau.pdf,atr,nodes,ERROR
Chilmark,,http://www.sec.state.ma.us/mhc/mhcpdf/townreports/Essex/sls.pdf,atr,nodes,ERROR
Chilmark,,http://www.sec.state.ma.us/mhc/mhcpdf/townreports/Essex/tpf.pdf,atr,nodes,ERROR
Chilmark,,http://www.sec.state.ma.us/mhc/mhcpdf/townreports/Essex/wnb.pdf,atr,nodes,ERROR
Chilmark,,http://www.sec.state.ma.us/mhc/mhcpdf/townreports/Essex/wnh.pdf,atr,nodes,ERROR
Chilmark,,http://www.sec.state.ma.us/mhc/mhcpdf/townreports/SE-Mass/abi.pdf,atr,nodes,ERROR
Chilmark,,http://www.sec.state.ma.us/mhc/mhcpdf/townreports/SE-Mass/acu.pdf,atr,nodes,ERROR
Chilmark,,http://www.sec.state.ma.us/mhc/mhcpdf/townreports/SE-Mass/att.pdf,atr,nodes,ERROR
Chilmark,,http://www.sec.state.ma.us/mhc/mhcpdf/townreports/SE-Mass/brd.pdf,atr,nodes,ERROR
Chilmark,,http://www.sec.state.ma.us/mhc/mhcpdf/townreports/SE-Mass/brk.pdf,atr,nodes,ERROR
Chilmark,,http://www.sec.state.ma.us/mhc/mhcpdf/townreports/SE-Mass/bro.pdf,atr,nodes,ERROR
Chilmark,,http://www.sec.state.ma.us/mhc/mhcpdf/townreports/SE-Mass/cav.pdf,atr,nodes,ERROR
Chilmark,,http://www.sec.state.ma.us/mhc/mhcpdf/townreports/SE-Mass/dar.pdf,atr,nodes,ERROR
Chilmark,,http://www.sec.state.ma.us/mhc/mhcpdf/townreports/SE-Mass/dig.pdf,atr,nodes,ERROR
Chilmark,,http://www.sec.state.ma.us/mhc/mhcpdf/townreports/SE-Mass/dux.pdf,atr,nodes,ERROR
Chilmark,,http://www.sec.state.ma.us/mhc/mhcpdf/townreports/SE-Mass/ebr.pdf,atr,nodes,ERROR
Chilmark,,http://www.sec.state.ma.us/mhc/mhcpdf/townreports/SE-Mass/est.pdf,atr,nodes,ERROR
Chilmark,,http://www.sec.state.ma.us/mhc/mhcpdf/townreports/SE-Mass/fai.pdf,atr,nodes,ERROR
Chilmark,,http://www.sec.state.ma.us/mhc/mhcpdf/townreports/SE-Mass/flr.pdf,atr,nodes,ERROR
Chilmark,,http://www.sec.state.ma.us/mhc/mhcpdf/townreports/SE-Mass/fre.pdf,atr,nodes,ERROR
Chilmark,,http://www.sec.state.ma.us/mhc/mhcpdf/townreports/SE-Mass/hal.pdf,atr,nodes,ERROR
Chilmark,,http://www.sec.state.ma.us/mhc/mhcpdf/townreports/SE-Mass/hns.pdf,atr,nodes,ERROR
Chilmark,,http://www.sec.state.ma.us/mhc/mhcpdf/townreports/SE-Mass/hnv.pdf,atr,nodes,ERROR
Chilmark,,http://www.sec.state.ma.us/mhc/mhcpdf/townreports/SE-Mass/kin.pdf,atr,nodes,ERROR
Chilmark,,http://www.sec.state.ma.us/mhc/mhcpdf/townreports/SE-Mass/lak.pdf,atr,nodes,ERROR
Chilmark,,http://www.sec.state.ma.us/mhc/mhcpdf/townreports/SE-Mass/mat.pdf,atr,nodes,ERROR
Chilmark,,http://www.sec.state.ma.us/mhc/mhcpdf/townreports/SE-Mass/mid.pdf,atr,nodes,ERROR
Chilmark,,http://www.sec.state.ma.us/mhc/mhcpdf/townreports/SE-Mass/mnf.pdf,atr,nodes,ERROR
Chilmark,,http://www.sec.state.ma.us/mhc/mhcpdf/townreports/SE-Mass/mrn.pdf,atr,nodes,ERROR
Chilmark,,http://www.sec.state.ma.us/mhc/mhcpdf/townreports/SE-Mass/mrs.pdf,atr,nodes,ERROR
Chilmark,,http://www.sec.state.ma.us/mhc/mhcpdf/townreports/SE-Mass/nal.pdf,atr,nodes,ERROR
Chilmark,,http://www.sec.state.ma.us/mhc/mhcpdf/townreports/SE-Mass/nbe.pdf,atr,nodes,ERROR
Chilmark,,http://www.sec.state.ma.us/mhc/mhcpdf/townreports/SE-Mass/nrt.pdf,atr,nodes,ERROR
Chilmark,,http://www.sec.state.ma.us/mhc/mhcpdf/townreports/SE-Mass/nrw.pdf,atr,nodes,ERROR
Chilmark,,http://www.sec.state.ma.us/mhc/mhcpdf/townreports/SE-Mass/pem.pdf,atr,nodes,ERROR
Chilmark,,http://www.sec.state.ma.us/mhc/mhcpdf/townreports/SE-Mass/plm.pdf,atr,nodes,ERROR
Chilmark,,http://www.sec.state.ma.us/mhc/mhcpdf/townreports/SE-Mass/ply.pdf,atr,nodes,ERROR
Chilmark,,http://www.sec.state.ma.us/mhc/mhcpdf/townreports/SE-Mass/ray.pdf,atr,nodes,ERROR
Chilmark,,http://www.sec.state.ma.us/mhc/mhcpdf/townreports/SE-Mass/rck.pdf,atr,nodes,ERROR
Chilmark,,http://www.sec.state.ma.us/mhc/mhcpdf/townreports/SE-Mass/reh.pdf,atr,nodes,ERROR
Chilmark,,http://www.sec.state.ma.us/mhc/mhcpdf/townreports/SE-Mass/roc.pdf,atr,nodes,ERROR
Chilmark,,http://www.sec.state.ma.us/mhc/mhcpdf/townreports/SE-Mass/sci.pdf,atr,nodes,ERROR
Chilmark,,http://www.sec.state.ma.us/mhc/mhcpdf/townreports/SE-Mass/see.pdf,atr,nodes,ERROR
Chilmark,,http://www.sec.state.ma.us/mhc/mhcpdf/townreports/SE-Mass/som.pdf,atr,nodes,ERROR
Chilmark,,http://www.sec.state.ma.us/mhc/mhcpdf/townreports/SE-Mass/swn.pdf,atr,nodes,ERROR
Chilmark,,http://www.sec.state.ma.us/mhc/mhcpdf/townreports/SE-Mass/tau.pdf,atr,nodes,ERROR
Chilmark,,http://www.sec.state.ma.us/mhc/mhcpdf/townreports/SE-Mass/wbr.pdf,atr,nodes,ERROR
Chilmark,,http://www.sec.state.ma.us/mhc/mhcpdf/townreports/SE-Mass/whi.pdf,atr,nodes,ERROR
Chilmark,,http://www.sec.state.ma.us/mhc/mhcpdf/townreports/SE-Mass/wrh.pdf,atr,nodes,ERROR
Chilmark,,http://www.sec.state.ma.us/mhc/mhcpdf/townreports/SE-Mass/wsp.pdf,atr,nodes,ERROR
Chilmark,,https://www.sec.state.ma.us/divisions/mhc/preservation/survey/town-reports/acu.pdf,atr,nodes,ERROR
Chilmark,,https://www.sec.state.ma.us/divisions/mhc/preservation/survey/town-reports/avo.pdf,atr,nodes,ERROR
Chilmark,,https://www.sec.state.ma.us/divisions/mhc/preservation/survey/town-reports/bel.pdf,atr,nodes,ERROR
Chilmark,,https://www.sec.state.ma.us/divisions/mhc/preservation/survey/town-reports/bla.pdf,atr,nodes,ERROR
Chilmark,,https://www.sec.state.ma.us/divisions/mhc/preservation/survey/town-reports/bra.pdf,atr,nodes,ERROR
Chilmark,,https://www.sec.state.ma.us/divisions/mhc/preservation/survey/town-reports/cht.pdf,atr,nodes,ERROR
Chilmark,,https://www.sec.state.ma.us/divisions/mhc/preservation/survey/town-reports/frm.pdf,atr,nodes,ERROR
Chilmark,,https://www.sec.state.ma.us/divisions/mhc/preservation/survey/town-reports/gro.pdf,atr,nodes,ERROR
Chilmark,,https://www.sec.state.ma.us/divisions/mhc/preservation/survey/town-reports/lan.pdf,atr,nodes,ERROR
Chilmark,,https://www.sec.state.ma.us/divisions/mhc/preservation/survey/town-reports/nat.pdf,atr,nodes,ERROR
Chilmark,,https://www.sec.state.ma.us/divisions/mhc/preservation/survey/town-reports/nrw.pdf,atr,nodes,ERROR
Chilmark,,https://www.sec.state.ma.us/divisions/mhc/preservation/survey/town-reports/oxf.pdf,atr,nodes,ERROR
Chilmark,,https://www.sec.state.ma.us/divisions/mhc/preservation/survey/town-reports/smv.pdf,atr,nodes,ERROR
Chilmark,,https://www.sec.state.ma.us/divisions/mhc/preservation/survey/town-reports/wlt.pdf,atr,nodes,ERROR
Chilmark,,https://www.sec.state.ma.us/divisions/mhc/preservation/survey/town-reports/wti.pdf,atr,nodes,ERROR
Chilmark,,https://www.sec.state.ma.us/mhc/mhcpdf/townreports/CT-Valley/lon.pdf,atr,nodes,ERROR
Chilmark,,https://www.sec.state.ma.us/mhc/mhcpdf/townreports/Cent-Mass/mlb.pdf?ref=bramanvilletribune.com,atr,nodes,ERROR
Framingham,,http://www.framinghamma.gov/archives/46/Technology%20Services%202001%20Annual%20Report.pdf,atr,nodes,ERROR
Framingham,,http://www.framinghamma.gov/archives/46/Technology%20Services%202002%20Annual%20Report.pdf,atr,nodes,ERROR
Framingham,,http://www.framinghamma.gov/archives/46/Technology%20Services%202003%20Annual%20Report.pdf,atr,nodes,ERROR
Framingham,,http://www.framinghamma.gov/archives/46/Technology%20Services%202004%20Annual%20Report.pdf,atr,nodes,ERROR
Framingham,,http://www.framinghamma.gov/archives/46/Technology%20Services%202005%20Annual%20Report.pdf,atr,nodes,ERROR
Framingham,,http://www.framinghamma.gov/archives/46/Technology%20Services%20Annual%20Report%202006.pdf,atr,nodes,ERROR
Framingham,,http://www.framinghamma.gov/archives/46/Technology%20Services%20Annual%20report%202008.pdf,atr,nodes,ERROR
Framingham,,http://www.framinghamma.gov/archives/46/annual%20report%202007.pdf,atr,nodes,ERROR
Medford,,https://resources.finalsite.net/images/v1550509615/romancatholichscom/e4bjefhog18fwohzqnc0/rchs_the_empire_annual_report_16_17.pdf,atr,nodes,ERROR
Medford,,https://resources.finalsite.net/images/v1550509630/romancatholichscom/qmaljuqjmnwciokuzh2u/rchs_the_empire_annual_report_15_16.pdf,atr,nodes,ERROR
Waltham,,https://www.city.waltham.ma.us/sites/g/files/vyhlif6861/f/uploads/epa_idde_semi-annual_report_no._25.pdf,atr,nodes,ERROR
Waltham,,https://www.city.waltham.ma.us/sites/g/files/vyhlif6861/f/uploads/epa_idde_semi-annual_report_no._26.pdf,atr,nodes,ERROR
Northfield,,https://www.northfieldma.gov/sites/g/files/vyhlif991/f/uploads/final_final_annual_report_of_the_northfield_350th_anniversary_committee.pdf,atr,nodes,ERROR
Stow,,http://www.stow-ma.gov/Pages/StowMA_Report/annualrpt/pubsafe.pdf,atr,nodes,ERROR
Stow,,http://www.stow-ma.gov/Pages/StowMA_Report/annualrpt/services.pdf,atr,nodes,ERROR
Stow,,http://www.stow-ma.gov/pages/StowMA_Report/annualrpt/Officers.pdf,atr,nodes,ERROR
Stow,,http://www.stow-ma.gov/pages/StowMA_Report/annualrpt/admin.pdf,atr,nodes,ERROR
Stow,,http://www.stow-ma.gov/pages/StowMA_Report/annualrpt/edu.pdf,atr,nodes,ERROR
Stow,,http://www.stow-ma.gov/pages/StowMA_Report/annualrpt/finrpts.pdf,atr,nodes,ERROR
Stow,,http://www.stow-ma.gov/pages/StowMA_Report/annualrpt/heritage.pdf,atr,nodes,ERROR
Stow,,http://www.stow-ma.gov/pages/StowMA_Report/annualrpt/misc.pdf,atr,nodes,ERROR
Stow,,http://www.stow-ma.gov/pages/StowMA_Report/annualrpt/special.pdf,atr,nodes,ERROR
Stow,,http://www.stow-ma.gov/pages/StowMA_Report/annualrpt/tmtg.pdf,atr,nodes,ERROR
Stow,,http://www.stow-ma.gov/pages/StowMA_Report/annualrpt/tocpage.pdf,atr,nodes,ERROR
Stow,,http://www.stow-ma.gov/pages/StowMA_Report/annualrpt/townc.pdf,atr,nodes,ERROR
Stow,,http://www.stow-ma.gov/pages/StowMA_Report/annualrpt/tpage.pdf,atr,nodes,ERROR
Stow,,http://www.stow-ma.gov/pages/stowma_StowTV/Annual%20Town%20Report%202010.pdf,atr,nodes,ERROR
Stow,,http://www.stow-ma.gov/pages/stowma_StowTV/Annual%20Town%20Report%202011.pdf,atr,nodes,ERROR
Stow,,http://www.stow-ma.gov/pages/stowma_report/annualrpt/290365_FINAL.pdf,atr,nodes,ERROR
Stow,,http://www.stow-ma.gov/pages/stowma_stowtv/Annual%20Town%20Report%202009.pdf,atr,nodes,ERROR
Stow,,https://www.stow-ma.gov/sites/g/files/vyhlif1286/f/pages/stow_ms4-annual-report-yr2.pdf,atr,nodes,ERROR
Littleton,,http://littletonma.org/filestorage/19479/21116/35644/LFD_%234_Town_Report.pdf,atr,nodes,ERROR
Littleton,,http://littletonma.org/filestorage/19479/21116/35644/LPD_%232_Town_Report.pdf,atr,nodes,ERROR
Littleton,,http://www.littletonma.org/filestorage/19459/19477/19489/Annual_Report-RafflesBazaars.pdf,atr,nodes,ERROR
Littleton,,https://www.littletonma.org/sites/g/files/vyhlif8011/f/uploads/annual_report-rafflesbazaars.pdf,atr,nodes,ERROR
Littleton,,https://www.littletonma.org/sites/g/files/vyhlif8011/f/uploads/lfd_4_town_report.pdf,atr,nodes,ERROR
Littleton,,https://www.littletonma.org/sites/g/files/vyhlif8011/f/uploads/lpd_2_town_report.pdf,atr,nodes,ERROR
Brimfield,,http://www.brimfieldma.org/Pages/BRIMFIELD%20TOWN%20REPORT%20.pdf,atr,nodes,ERROR
New Marlborough,,http://newmarlboroughma.gov/Pages/NewMarlboroughMA_WebDocs/annual%20town%20report%202015.pdf,atr,nodes,ERROR
New Marlborough,,https://www.newmarlboroughma.gov/sites/g/files/vyhlif4771/f/uploads/annual_report_fy19.pdf,atr,nodes,ERROR
Hadley,,http://hadleyma.org/pages/HadleyMA_BComm/Select/Annual%20Report%202015.pdf,atr,nodes,ERROR
Canton,,http://www.town.canton.ma.us:80/Canton%20Town%20Report.pdf,atr,nodes,ERROR
Marshfield,,https://cms3.revize.com/revize/allenparkmi/Allen%20Park%20DDA%202023%20Annual%20Report.pdf,atr,nodes,ERROR
Marshfield,,https://cms3.revize.com/revize/allenparkmi/Documents/%20Business/Downtown%20Development%20Authority/DDA-Annual-Report-FY19.pdf,atr,nodes,ERROR
Athol,,https://www.athol-ma.gov/sites/g/files/vyhlif2741/f/file/file/fy17_annual_town_report.pdf,atr,nodes,ERROR
Athol,,https://www.athol-ma.gov/sites/g/files/vyhlif2741/f/file/file/fy18_annual_report_draft_5_14_19.pdf,atr,nodes,ERROR
Athol,,https://www.athol-ma.gov/sites/g/files/vyhlif2741/f/uploads/annual_report_fy19.pdf,atr,nodes,ERROR
Hopedale,,http://www.hopedale-ma.gov/Public_Documents/HopedaleMA_Admin/Annual%20Report%20-%20FY08.pdf,atr,nodes,ERROR
Hopedale,,http://www.hopedale-ma.gov/Public_Documents/HopedaleMA_Admin/Annual%20Report%20FY09.pdf,atr,nodes,ERROR
Egremont,,http://www.egremont-ma.gov/FY%202021%20Annual%20Town%20Report.pdf,atr,nodes,ERROR
Swampscott,,https://www.swampscottma.gov/sites/g/files/vyhlif1296/f/pages/fy22_town_report_published.pdf,atr,nodes,ERROR
Easton,,https://eastontownma.documents-on-demand.com/Document/084e9729-a396-e411-b821-001fbc00ed84/Annual%20Report%20of%20the%20Easton%20Water%20Division%202014.pdf,atr,nodes,ERROR
Easton,,https://eastontownma.documents-on-demand.com/Document/0a3ad4ae-6ab2-4b7a-877f-324186be4028/Annual%20Report%20of%20the%20Easton%20Water%20Division%202004.pdf,atr,nodes,ERROR
Easton,,https://eastontownma.documents-on-demand.com/Document/15a2d958-8ba1-42c6-8f69-f58e6198ffbb/Annual%20Report%20of%20the%20Easton%20Water%20Division%202012.pdf,atr,nodes,ERROR
Easton,,https://eastontownma.documents-on-demand.com/Document/2e4ae142-5c7b-4dd2-814a-848a040d1830/Annual%20Report%20of%20the%20Easton%20Water%20Division%202003.pdf,atr,nodes,ERROR
Easton,,https://eastontownma.documents-on-demand.com/Document/5b9295fa-e9fe-e411-ab9f-001fbc00ed84/Town%20of%20Easton%20Annual%20Town%20Report%202013.pdf,atr,nodes,ERROR
Easton,,https://eastontownma.documents-on-demand.com/Document/6adbbfd5-77cb-e511-8980-001fbc00ed84/Annual%20Report%20of%20the%20Easton%20Water%20Division%202015.pdf,atr,nodes,ERROR
Easton,,https://eastontownma.documents-on-demand.com/Document/75a89352-aae2-4670-8298-08ea4fe68778/Annual%20Report%20of%20the%20Easton%20Water%20Division%202009.pdf,atr,nodes,ERROR
Easton,,https://eastontownma.documents-on-demand.com/Document/912a4010-761b-47c3-a02e-447ca4c332f2/Annual%20Report%20of%20the%20Easton%20Water%20Division%202010.pdf,atr,nodes,ERROR
Easton,,https://eastontownma.documents-on-demand.com/Document/938e6a29-e5f8-497a-a9d1-934e9b6143bc/Annual%20Report%20of%20the%20Easton%20Water%20Division%202008.pdf,atr,nodes,ERROR
Easton,,https://eastontownma.documents-on-demand.com/Document/a0f1c407-eafe-e411-ab9f-001fbc00ed84/Town%20of%20Easton%20Annual%20Town%20Report%202014.pdf,atr,nodes,ERROR
Easton,,https://eastontownma.documents-on-demand.com/Document/a3de0f1e-eb8e-4ca9-881b-36191a3caa13/Annual%20Report%20of%20the%20Easton%20Water%20Division%202013.pdf,atr,nodes,ERROR
Easton,,https://eastontownma.documents-on-demand.com/Document/b672f81a-7443-41ba-ae53-6d4d210eff39/Annual%20Report%20of%20the%20Easton%20Water%20Division%202006.pdf,atr,nodes,ERROR
Easton,,https://eastontownma.documents-on-demand.com/Document/ba3884d3-8e9d-4f91-b2ff-b7d3e2ac70bf/Annual%20Report%20of%20the%20Easton%20Water%20Division%202005.pdf,atr,nodes,ERROR
Easton,,https://eastontownma.documents-on-demand.com/Document/dc69ae46-7b62-4b37-a6be-adbfe96b967b/Annual%20Report%20of%20the%20Easton%20Water%20Division%202007.pdf,atr,nodes,ERROR
Easton,,https://eastontownma.documents-on-demand.com/Document/df6b9b9e-ca1d-e611-9e45-001fbc00ed84/Town%20of%20Easton%20Annual%20Town%20Report%202015.pdf,atr,nodes,ERROR
Easton,,https://eastontownma.documents-on-demand.com/Document/e3c3e56e-67ed-4a7a-b4b9-af5499caeff6/Annual%20Report%20of%20the%20Easton%20Water%20Division%202011.pdf,atr,nodes,ERROR
Harvard,,https://www.harvard-ma.gov/sites/g/files/vyhlif676/f/uploads/complied_town_report_with_page_numbers.pdf,atr,nodes,ERROR
Dennis,,http://www.town.dennis.ma.us/pdffiles/town%20report%20-%20final.pdf,atr,nodes,ERROR
Westport,,http://westport-ma.com/news/docs/Town%20Report%202011.pdf,atr,nodes,ERROR
Westport,,http://westport-ma.com/news/docs/TownReport%202008.pdf,atr,nodes,ERROR
Westport,,http://www.westport-ma.com/sites/westportma/files/pages/application_-_annual_report_form_-_lease_site_holders.pdf,atr,nodes,ERROR
Westport,,https://westport-ma.com/government/Documents/Government/Annual Reports/1844_auditing-committee.pdf?t=202508080914270,atr_by_context,nodes,ERROR
Westport,,https://westport-ma.com/government/Documents/Government/Annual Reports/1845-1886_board-of-selectmen.pdf?t=202508080914270,atr,nodes,ERROR
Westport,,https://westport-ma.com/government/Documents/Government/Annual Reports/1870_auditing-committee.pdf?t=202508080914270,atr_by_context,nodes,ERROR
Westport,,https://westport-ma.com/government/Documents/Government/Annual Reports/1873_auditing-committee.pdf?t=202508080914270,atr_by_context,nodes,ERROR
Westport,,https://westport-ma.com/government/Documents/Government/Annual Reports/1888_auditing-committee.pdf?t=202508080914270,atr_by_context,nodes,ERROR
Westport,,https://westport-ma.com/government/Documents/Government/Annual Reports/1891_board-of-auditors_1.pdf?t=202508080914270,atr_by_context,nodes,ERROR
Westport,,https://westport-ma.com/government/Documents/Government/Annual Reports/1892_board-of-auditors.pdf?t=202508080914270,atr_by_context,nodes,ERROR
Westport,,https://westport-ma.com/government/Documents/Government/Annual Reports/1894_board-of-auditors.pdf?t=202508080914270,atr_by_context,nodes,ERROR
Westport,,https://westport-ma.com/government/Documents/Government/Annual Reports/1897_board-of-auditors_1.pdf?t=202508080914270,atr_by_context,nodes,ERROR
Westport,,https://westport-ma.com/government/Documents/Government/Annual Reports/1898_board-of-auditors.pdf?t=202508080914270,atr_by_context,nodes,ERROR
Westport,,https://westport-ma.com/government/Documents/Government/Annual Reports/1899_board-of-auditors.pdf?t=202508080914270,atr_by_context,nodes,ERROR
Westport,,https://westport-ma.com/government/Documents/Government/Annual Reports/1900_board-of-auditors.pdf?t=202508080914270,atr_by_context,nodes,ERROR
Westport,,https://westport-ma.com/government/Documents/Government/Annual Reports/1901_board-of-auditors.pdf?t=202508080914270,atr_by_context,nodes,ERROR
Westport,,https://westport-ma.com/government/Documents/Government/Annual Reports/1902_board-of-auditors.pdf?t=202508080914270,atr_by_context,nodes,ERROR
Westport,,https://westport-ma.com/government/Documents/Government/Annual Reports/1903_board-of-selectmen-overseers.pdf?t=202508080914270,atr,nodes,ERROR
Westport,,https://westport-ma.com/government/Documents/Government/Annual Reports/1904_board-of-selectmen-overseers_0.pdf?t=202508080914270,atr,nodes,ERROR
Westport,,https://westport-ma.com/government/Documents/Government/Annual Reports/1905_board-of-selectmen-overseers.pdf?t=202508080914270,atr,nodes,ERROR
Westport,,https://westport-ma.com/government/Documents/Government/Annual Reports/1906_board-of-selectmen-overseers.pdf?t=202508080914270,atr,nodes,ERROR
Westport,,https://westport-ma.com/government/Documents/Government/Annual Reports/1907_board-of-selectmen-overseers.pdf?t=202508080914270,atr,nodes,ERROR
Westport,,https://westport-ma.com/government/Documents/Government/Annual Reports/1908_board-of-selectmen-overseers.pdf?t=202508080914270,atr,nodes,ERROR
Westport,,https://westport-ma.com/government/Documents/Government/Annual Reports/1909_board-of-selectmen-overseers.pdf?t=202508080914270,atr,nodes,ERROR
Westport,,https://westport-ma.com/government/Documents/Government/Annual Reports/1910_board-of-selectmen-overseers.pdf?t=202508080914270,atr,nodes,ERROR
Westport,,https://westport-ma.com/government/Documents/Government/Annual Reports/1911_board-of-selectmen-overseers.pdf?t=202508080914270,atr,nodes,ERROR
Westport,,https://westport-ma.com/government/Documents/Government/Annual Reports/1912_board-of-selectmen-overseers.pdf?t=202508080914270,atr,nodes,ERROR
Westport,,https://westport-ma.com/government/Documents/Government/Annual Reports/1913_board-of-selectmen-overseers_0.pdf?t=202508080914270,atr,nodes,ERROR
Westport,,https://westport-ma.com/government/Documents/Government/Annual Reports/1914_board-of-selectmen-overseers_0.pdf?t=202508080914270,atr,nodes,ERROR
Westport,,https://westport-ma.com/government/Documents/Government/Annual Reports/1915_board-of-selectmen-overseers.pdf?t=202508080914270,atr,nodes,ERROR
Westport,,https://westport-ma.com/government/Documents/Government/Annual Reports/1916_board-of-selectmen-overseers.pdf?t=202508080914270,atr,nodes,ERROR
Westport,,https://westport-ma.com/government/Documents/Government/Annual Reports/1917_board-of-selectmen-overseers.pdf?t=202508080914270,atr,nodes,ERROR
Westport,,https://westport-ma.com/government/Documents/Government/Annual Reports/1918_board-of-selectmen-overseers.pdf?t=202508080914270,atr,nodes,ERROR
Westport,,https://westport-ma.com/government/Documents/Government/Annual Reports/1919_board-of-selectmen-overseers.pdf?t=202508080914270,atr,nodes,ERROR
Westport,,https://westport-ma.com/government/Documents/Government/Annual Reports/1920_board-of-selectmen-overseers.pdf?t=202508080914270,atr,nodes,ERROR
Westport,,https://westport-ma.com/government/Documents/Government/Annual Reports/1921_board-of-selectmen-overseers.pdf?t=202508080914270,atr,nodes,ERROR
Westport,,https://westport-ma.com/government/Documents/Government/Annual Reports/1922_board-of-selectmen-overseers.pdf?t=202508080914270,atr,nodes,ERROR
Westport,,https://westport-ma.com/government/Documents/Government/Annual Reports/1923_board-of-selectmen-overseers (1).pdf?t=202508080914270,atr,nodes,ERROR
Westport,,https://westport-ma.com/government/Documents/Government/Annual Reports/1924_board-of-selectmen-overseers.pdf?t=202508080914270,atr,nodes,ERROR
Westport,,https://westport-ma.com/government/Documents/Government/Annual Reports/1925_board-of-selectmen-overseers_0.pdf?t=202508080914270,atr,nodes,ERROR
Westport,,https://westport-ma.com/government/Documents/Government/Annual Reports/1926_board-of-selectmen-overseers_0.pdf?t=202508080914270,atr,nodes,ERROR
Westport,,https://westport-ma.com/government/Documents/Government/Annual Reports/1927_board-of-selectmen-overseers_0.pdf?t=202508080914270,atr,nodes,ERROR
Westport,,https://westport-ma.com/government/Documents/Government/Annual Reports/1928_board-of-selectmen-public-welfare_0.pdf?t=202508080914270,atr,nodes,ERROR
Westport,,https://westport-ma.com/government/Documents/Government/Annual Reports/1929_board-of-selectmen-public-welfare_1.pdf?t=202508080914270,atr,nodes,ERROR
Westport,,https://westport-ma.com/government/Documents/Government/Annual Reports/1930_board-of-selectmen_0.pdf?t=202508080914270,atr,nodes,ERROR
Westport,,https://westport-ma.com/government/Documents/Government/Annual Reports/1931_board-of-selectmen_0.pdf?t=202508080914270,atr,nodes,ERROR
Westport,,https://westport-ma.com/government/Documents/Government/Annual Reports/1932_board-of-selectmen_0.pdf?t=202508080914270,atr,nodes,ERROR
Westport,,https://westport-ma.com/government/Documents/Government/Annual Reports/1934_board-of-selectmen_0.pdf?t=202508080914270,atr,nodes,ERROR
Westport,,https://westport-ma.com/government/Documents/Government/Annual Reports/1935_board-of-selectmen.pdf?t=202508080914270,atr,nodes,ERROR
Westport,,https://westport-ma.com/government/Documents/Government/Annual Reports/1936_board-of-selectmen.pdf?t=202508080914270,atr,nodes,ERROR
Westport,,https://westport-ma.com/government/Documents/Government/Annual Reports/1937_board-of-selectmen.pdf?t=202508080914270,atr,nodes,ERROR
Westport,,https://westport-ma.com/government/Documents/Government/Annual Reports/1938_board-of-selectmen.pdf?t=202508080914270,atr,nodes,ERROR
Westport,,https://westport-ma.com/government/Documents/Government/Annual Reports/1939_board-of-selectmen.pdf?t=202508080914270,atr,nodes,ERROR
Westport,,https://westport-ma.com/government/Documents/Government/Annual Reports/1940_board-of-selectmen.pdf?t=202508080914270,atr,nodes,ERROR
Westport,,https://westport-ma.com/government/Documents/Government/Annual Reports/1941_board-of-selectmen.pdf?t=202508080914270,atr,nodes,ERROR
Westport,,https://westport-ma.com/government/Documents/Government/Annual Reports/1942_board-of-selectmen.pdf?t=202508080914270,atr,nodes,ERROR
Westport,,https://westport-ma.com/government/Documents/Government/Annual Reports/1943_board-of-selectmen.pdf?t=202508080914270,atr,nodes,ERROR
Westport,,https://westport-ma.com/government/Documents/Government/Annual Reports/1944_board-of-selectmen.pdf?t=202508080914270,atr,nodes,ERROR
Westport,,https://westport-ma.com/government/Documents/Government/Annual Reports/1945_board-of-selectmen.pdf?t=202508080914270,atr,nodes,ERROR
Westport,,https://westport-ma.com/government/Documents/Government/Annual Reports/1946_board-of-selectmen.pdf?t=202508080914270,atr,nodes,ERROR
Westport,,https://westport-ma.com/government/Documents/Government/Annual Reports/1947_board-of-selectmen.pdf?t=202508080914270,atr,nodes,ERROR
Westport,,https://westport-ma.com/government/Documents/Government/Annual Reports/1948_board-of-selectmen.pdf?t=202508080914270,atr,nodes,ERROR
Westport,,https://westport-ma.com/government/Documents/Government/Annual Reports/1949_board-of-selectmen.pdf?t=202508080914270,atr,nodes,ERROR
Westport,,https://westport-ma.com/government/Documents/Government/Annual Reports/1950_board-of-selectmen.pdf?t=202508080914270,atr,nodes,ERROR
Westport,,https://westport-ma.com/government/Documents/Government/Annual Reports/1951_board-of-selectmen.pdf?t=202508080914270,atr,nodes,ERROR
Westport,,https://westport-ma.com/government/Documents/Government/Annual Reports/1952_board-of-selectmen.pdf?t=202508080914270,atr,nodes,ERROR
Westport,,https://westport-ma.com/government/Documents/Government/Annual Reports/1953_board-of-selectmen.pdf?t=202508080914270,atr,nodes,ERROR
Westport,,https://westport-ma.com/government/Documents/Government/Annual Reports/1954_board-of-selectmen.pdf?t=202508080914270,atr,nodes,ERROR
Westport,,https://westport-ma.com/government/Documents/Government/Annual Reports/1955_board-of-selectmen.pdf?t=202508080914270,atr,nodes,ERROR
Westport,,https://westport-ma.com/government/Documents/Government/Annual Reports/1956_board-of-selectmen.pdf?t=202508080914270,atr,nodes,ERROR
Westport,,https://westport-ma.com/government/Documents/Government/Annual Reports/1957_board-of-selectmen.pdf?t=202508080914270,atr,nodes,ERROR
Westport,,https://westport-ma.com/government/Documents/Government/Annual Reports/1958_board-of-selectmen.pdf?t=202508080914270,atr,nodes,ERROR
Westport,,https://westport-ma.com/government/Documents/Government/Annual Reports/1959_board-of-selectmen.pdf?t=202508080914270,atr,nodes,ERROR
Westport,,https://westport-ma.com/government/Documents/Government/Annual Reports/1960_board-of-selectmen.pdf?t=202508080914270,atr,nodes,ERROR
Westport,,https://westport-ma.com/government/Documents/Government/Annual Reports/1961_board-of-selectmen.pdf?t=202508080914270,atr,nodes,ERROR
Westport,,https://westport-ma.com/government/Documents/Government/Annual Reports/1962_board-of-selectmen_0.pdf?t=202508080914270,atr,nodes,ERROR
Westport,,https://westport-ma.com/government/Documents/Government/Annual Reports/1963_board-of-selectmen.pdf?t=202508080914270,atr,nodes,ERROR
Westport,,https://westport-ma.com/government/Documents/Government/Annual Reports/1964_board-of-selectmen.pdf?t=202508080914270,atr,nodes,ERROR
Westport,,https://westport-ma.com/government/Documents/Government/Annual Reports/1965_board-of-selectmen.pdf?t=202508080914270,atr,nodes,ERROR
Westport,,https://westport-ma.com/government/Documents/Government/Annual Reports/1966_board-of-selectmen.pdf?t=202508080914270,atr,nodes,ERROR
Westport,,https://westport-ma.com/government/Documents/Government/Annual Reports/1967_board-of-selectmen.pdf?t=202508080914270,atr,nodes,ERROR
Westport,,https://westport-ma.com/government/Documents/Government/Annual Reports/1968_board-of-selectmen.pdf?t=202508080914270,atr,nodes,ERROR
Westport,,https://westport-ma.com/government/Documents/Government/Annual Reports/1969_board-of-selectmen.pdf?t=202508080914270,atr,nodes,ERROR
Westport,,https://westport-ma.com/government/Documents/Government/Annual Reports/1970_board-of-selectmen.pdf?t=202508080914270,atr,nodes,ERROR
Westport,,https://westport-ma.com/government/Documents/Government/Annual Reports/1971_board-of-selectmen.pdf?t=202508080914270,atr,nodes,ERROR
Westport,,https://westport-ma.com/government/Documents/Government/Annual Reports/1972_board-of-selectmen.pdf?t=202508080914270,atr,nodes,ERROR
Westport,,https://westport-ma.com/government/Documents/Government/Annual Reports/1973_board-of-selectmen.pdf?t=202508080914270,atr,nodes,ERROR
Westport,,https://westport-ma.com/government/Documents/Government/Annual Reports/1974_board-of-selectmen.pdf?t=202508080914270,atr,nodes,ERROR
Westport,,https://westport-ma.com/government/Documents/Government/Annual Reports/1975_board-of-selectmen.pdf?t=202508080914270,atr,nodes,ERROR
Westport,,https://westport-ma.com/government/Documents/Government/Annual Reports/1976_board-of-selectmen.pdf?t=202508080914270,atr,nodes,ERROR
Westport,,https://westport-ma.com/government/Documents/Government/Annual Reports/1977_board-of-selectmen.pdf?t=202508080914270,atr,nodes,ERROR
Westport,,https://westport-ma.com/government/Documents/Government/Annual Reports/1978_board-of-selectmen.pdf?t=202508080914270,atr,nodes,ERROR
Westport,,https://westport-ma.com/government/Documents/Government/Annual Reports/1979_board-of-selectmen.pdf?t=202508080914270,atr,nodes,ERROR
Westport,,https://www.westport-ma.com/sites/g/files/vyhlif7356/f/pages/application_-_annual_report_form_-_lease_site_holders.pdf,atr,nodes,ERROR
Westport,,https://www.westport-ma.com/sites/g/files/vyhlif7356/f/uploads/westport-_annual_report_yr1_signed.pdf,atr,nodes,ERROR
Westport,,https://www.westport-ma.com/sites/g/files/vyhlif7356/f/uploads/westport-annual-report-yr3-final_combined.pdf,atr,nodes,ERROR
Wareham,,https://www.wareham.ma.us/sites/g/files/vyhlif5146/f/pages/cpc_town_report_fy15.pdf,atr,nodes,ERROR
Wareham,,https://www.wareham.ma.us/sites/g/files/vyhlif5146/f/pages/cpc_town_report_fy16.pdf,atr,nodes,ERROR
Wareham,,https://www.wareham.ma.us/sites/g/files/vyhlif5146/f/pages/cpc_town_report_fy17.pdf,atr,nodes,ERROR
Wareham,,https://www.wareham.ma.us/sites/g/files/vyhlif5146/f/pages/cpc_town_report_fy18.pdf,atr,nodes,ERROR
Wareham,,https://www.wareham.ma.us/sites/g/files/vyhlif5146/f/pages/cpc_town_report_fy19.pdf,atr,nodes,ERROR
Wareham,,https://www.wareham.ma.us/sites/g/files/vyhlif5146/f/pages/cpc_town_report_fy20.pdf,atr,nodes,ERROR
Wareham,,https://www.wareham.ma.us/sites/g/files/vyhlif5146/f/pages/cpc_town_report_fy21.pdf,atr,nodes,ERROR
Wareham,,https://www.wareham.ma.us/sites/g/files/vyhlif5146/f/pages/cpc_town_report_fy22.pdf,atr,nodes,ERROR
Becket,,http://www.townofbecket.org/Public_Documents/BecketMA_BComm/Becket%20GC%20Annual%20Report%20Fall%202013updated030614.pdf,atr,nodes,ERROR
Becket,,http://www.townofbecket.org/Public_Documents/BecketMA_Road/SG%20Annual%20Report.pdf,atr,nodes,ERROR
Essex,,http://www.essexma.org:80/Pages/EssexMA_Selectmen/Combined%202007%20Annual%20Report.pdf,atr,nodes,ERROR
Essex,,http://www.essexma.org:80/Pages/EssexMA_Selectmen/Combined%202013%20Annual%20Report.pdf,atr,nodes,ERROR
Waltham,,http://www.city.waltham.ma.us:80/sites/walthamma/files/file/file/annual_report_-_npdes_phase_ii_ms4_permit.pdf,atr,nodes,ERROR
Pembroke,,http://www.pembroke-ma.gov:80/pdfs%20and%20forms/PACTV%20Annual%20Report%204-21-14R.pdf,atr,nodes,ERROR
Halifax,,https://www.halifax-ma.org/sites/g/files/vyhlif4496/f/uploads/ma-annual-report-yr2-halifax1.pdf,atr,nodes,ERROR
Halifax,,https://www.halifax-ma.org/sites/g/files/vyhlif4496/f/uploads/townreport20101.pdf,atr,nodes,ERROR
Halifax,,https://www.halifax-ma.org/sites/g/files/vyhlif4496/f/uploads/townreport20102.pdf,atr,nodes,ERROR
Halifax,,https://www.halifax-ma.org/sites/g/files/vyhlif4496/f/uploads/townreport20103.pdf,atr,nodes,ERROR
Halifax,,https://www.halifax-ma.org/sites/g/files/vyhlif4496/f/uploads/townreport20104_0.pdf,atr,nodes,ERROR
Halifax,,https://www.halifax-ma.org/sites/g/files/vyhlif4496/f/uploads/townreport20105.pdf,atr,nodes,ERROR
Halifax,,https://www.halifax-ma.org/sites/g/files/vyhlif4496/f/uploads/townreport20111.pdf,atr,nodes,ERROR
Halifax,,https://www.halifax-ma.org/sites/g/files/vyhlif4496/f/uploads/townreport20112.pdf,atr,nodes,ERROR
Halifax,,https://www.halifax-ma.org/sites/g/files/vyhlif4496/f/uploads/townreport20113.pdf,atr,nodes,ERROR
Halifax,,https://www.halifax-ma.org/sites/g/files/vyhlif4496/f/uploads/townreport20114.pdf,atr,nodes,ERROR
West Tisbury,,http://www.westtisbury-ma.gov/Documents/Assessors-docs/ANNUAL%20REPORT%202009.pdf,atr,nodes,ERROR
West Tisbury,,http://www.westtisbury-ma.gov/Documents/Selectmen-docs/03-17-14%20%20WEST%20TISBURY%20ANNUAL%20REPORT.pdf,atr,nodes,ERROR
West Tisbury,,http://www.westtisbury-ma.gov/Documents/Selectmen-docs/04-25-12%20%20WEST%20TISBURY%20ANNUAL%20REPORT.pdf,atr,nodes,ERROR
West Tisbury,,https://www.westtisbury-ma.gov/sites/g/files/vyhlif4036/f/uploads/03-17-14_west_tisbury_annual_report.pdf,atr,nodes,ERROR
West Tisbury,,https://www.westtisbury-ma.gov/sites/g/files/vyhlif4036/f/uploads/04-25-12_west_tisbury_annual_report_0.pdf,atr,nodes,ERROR
Randolph,,http://www.randolph-ma.gov:80/sites/randolphma/files/uploads/annual_report.pdf,atr,nodes,ERROR
Randolph,,http://www.randolph-ma.gov:80/sites/randolphma/files/uploads/fy_16_annual_report.pdf,atr,nodes,ERROR
Randolph,,http://www.randolph-ma.gov:80/sites/randolphma/files/uploads/fy_16_annual_report_0.pdf,atr,nodes,ERROR
Ashland,,http://www.ashlandmass.com:80/board_of_selectmen/public_documents/Annual%20Report%202004%20Ashland.pdf,atr,nodes,ERROR
Mattapoisett,,http://www.mattapoisett.net:80/sites/mattapoisettma/files/uploads/mattapoisett20102011schoolsannualreport.pdf,atr,nodes,ERROR
Wakefield,,http://www.wakefield.ma.us:80/Public_Documents/WakefieldMA_BBoard/Wakefield%20Town%20Report%202012.pdf,atr,nodes,ERROR
Norton,,http://www.nortonma.org/sites/nortonma/files/uploads/fy08townreport.pdf,atr,nodes,ERROR
Norton,,http://www.nortonma.org/sites/nortonma/files/uploads/fy11townreport.pdf,atr,nodes,ERROR
Norton,,http://www.nortonma.org/sites/nortonma/files/uploads/fy12townreport.pdf,atr,nodes,ERROR
Norton,,http://www.nortonma.org/sites/nortonma/files/uploads/fy14townreport.pdf,atr,nodes,ERROR
Norton,,https://www.nortonma.org/sites/g/files/vyhlif3606/f/uploads/307th_annual_report_of_the_town_of_norton.pdf,atr,nodes,ERROR
Norton,,https://www.nortonma.org/sites/g/files/vyhlif3606/f/uploads/fy08townreport.pdf,atr,nodes,ERROR
Norton,,https://www.nortonma.org/sites/g/files/vyhlif3606/f/uploads/fy09townreport_0.pdf,atr,nodes,ERROR
Norton,,https://www.nortonma.org/sites/g/files/vyhlif3606/f/uploads/fy10townreport.pdf,atr,nodes,ERROR
Norton,,https://www.nortonma.org/sites/g/files/vyhlif3606/f/uploads/fy11townreport.pdf,atr,nodes,ERROR
Norton,,https://www.nortonma.org/sites/g/files/vyhlif3606/f/uploads/fy12townreport.pdf,atr,nodes,ERROR
Norton,,https://www.nortonma.org/sites/g/files/vyhlif3606/f/uploads/fy14townreport.pdf,atr,nodes,ERROR
Great Barrington,,https://www.townofgb.org/sites/g/files/vyhlif636/f/news/fy22_annual_town_report.pdf,atr,nodes,ERROR
Great Barrington,,https://www.townofgb.org/sites/g/files/vyhlif636/f/uploads/final_fy21_annual_report.pdf,atr,nodes,ERROR
Great Barrington,,https://www.townofgb.org/sites/g/files/vyhlif636/f/uploads/fy12_annual_report.pdf,atr,nodes,ERROR
Great Barrington,,https://www.townofgb.org/sites/g/files/vyhlif636/f/uploads/fy18_annual_report_final.pdf,atr,nodes,ERROR
Great Barrington,,https://www.townofgb.org/sites/g/files/vyhlif636/f/uploads/fy19_annual_town_report.pdf,atr,nodes,ERROR
Marshfield,,https://marshfield-ma.gov/government/boards_commissions/Documents/Government/Boards Commissions/Revolutionary War Honor Roll Committee/Revolutionary War Honor Roll Committee Annual Report/revolutionary_war_honor_roll_committee_annual_report.pdf,atr,nodes,ERROR
Marshfield,,https://www.marshfield-ma.gov/sites/g/files/vyhlif3416/f/pages/digital_annual_report.pdf,atr,nodes,ERROR
Marshfield,,https://www.marshfield-ma.gov/sites/g/files/vyhlif3416/f/uploads/digital_annual_report.pdf,atr,nodes,ERROR
Webster,,http://www.webster-ma.gov:80/documents/report/Town%20Report%202013.pdf,atr,nodes,ERROR
Webster,,http://www.webster-ma.gov:80/documents/report/Town%20Report%202015.pdf,atr,nodes,ERROR
Marion,,http://www.marionma.gov/pages/MarionMA_Clerk/Raffle.Annual%20Report.pdf,atr,nodes,ERROR
Sunderland,,http://www.townofsunderland.us:80/Pages/SunderlandMA_Bcomm/Selectmen/PolPro/ANNUAL%20TOWN%20REPORTS%20with%20Statute%20POLICY%20&%20PROCEDURE.pdf,atr,nodes,ERROR
Huntington,,http://huntingtonma.us/AnnualReports/Hton%202015%20Annual%20Town%20Report_Final.pdf,atr,nodes,ERROR
Huntington,,http://huntingtonma.us/AnnualReports/Town%20Report%202012-web.pdf,atr,nodes,ERROR
Huntington,,http://www.huntingtonma.us/AnnualReports/Town%20Report%202011%20-%20Final.pdf,atr,nodes,ERROR
Huntington,,https://huntingtonma.us/Reports/Town%20Report%202011%20-%20Final.pdf,atr,nodes,ERROR
Huntington,,https://www.huntingtonma.us/Reports/Hton%202015%20Annual%20Town%20Report_Final.pdf,atr,nodes,ERROR
Huntington,,https://www.huntingtonma.us/Reports/Town%20Report%202012-web.pdf,atr,nodes,ERROR
Beverly,,http://www.beverlyma.gov/docs/dm/Annual-Report-FY09.pdf,atr,nodes,ERROR
Beverly,,http://www.beverlyma.gov/docs/news/FY-11-Annual-Report.pdf,atr,nodes,ERROR
Beverly,,http://www.beverlyma.gov/public_documents/beverlyma_bboard/Mayor's%20Annual%20Report%202009.pdf,atr,nodes,ERROR
Monson,,http://www.monson-ma.gov:80/public_documents/MonsonMA_Selectmen/Monson%20Schools%202015%20Town%20Report.pdf,atr,nodes,ERROR
Monson,,http://www.monson-ma.gov:80/public_documents/MonsonMA_Selectmen/Pathfinder%202013%20Annual%20Town%20Report.pdf,atr,nodes,ERROR
Granby,,https://www.granby-ma.gov/sites/g/files/vyhlif4466/f/uploads/4-23-24-tog-annual-report-final.pdf,atr,nodes,ERROR
Barnstable,,http://www.town.barnstable.ma.us:80/AnnualReports/AnnReprt06.pdf,atr,nodes,ERROR
Georgetown,,http://georgetownma.gov/Public_Documents/GeorgetownMA_BBoard/054EA944-000F8513.0/Town%20Report%20FY15.pdf,atr,nodes,ERROR
Georgetown,,http://georgetownma.gov/Public_Documents/GeorgetownMA_BBoard/I054EA94A.0/Town%20Report%20FY15.pdf,atr,nodes,ERROR
Georgetown,,http://www.georgetownma.gov/public_documents/GeorgetownMA_RecComDocs/Stateoftownreport3.15.08%202.pdf,atr,nodes,ERROR
Georgetown,,http://www.georgetownma.gov/public_documents/georgetownma_bcomm/townreports/Town%20Report%20FY15.pdf,atr,nodes,ERROR
Georgetown,,https://www.georgetownma.gov/sites/g/files/vyhlif616/f/uploads/annual_town_report_fy16.pdf,atr,nodes,ERROR
Georgetown,,https://www.georgetownma.gov/sites/g/files/vyhlif616/f/uploads/annual_town_report_fy16_0.pdf,atr,nodes,ERROR
Georgetown,,https://www.georgetownma.gov/sites/g/files/vyhlif616/f/uploads/annual_town_report_fy22.pdf,atr,nodes,ERROR
Georgetown,,https://www.georgetownma.gov/sites/g/files/vyhlif616/f/uploads/annual_town_report_fy22_0.pdf,atr,nodes,ERROR
Georgetown,,https://www.georgetownma.gov/sites/g/files/vyhlif616/f/uploads/fy20_annual_report.docx.pdf,atr,nodes,ERROR
Georgetown,,https://www.georgetownma.gov/sites/g/files/vyhlif616/f/uploads/fy21_annual_report.pdf,atr,nodes,ERROR
Georgetown,,https://www.georgetownma.gov/sites/g/files/vyhlif616/f/uploads/fy22_coa_annual_report.pdf,atr,nodes,ERROR
Georgetown,,https://www.georgetownma.gov/sites/g/files/vyhlif616/f/uploads/fy23_coa_annual_report.pdf,atr,nodes,ERROR
Georgetown,,https://www.georgetownma.gov/sites/g/files/vyhlif616/f/uploads/town_report_fy15.pdf,atr,nodes,ERROR
Georgetown,,https://www.georgetownma.gov/sites/georgetownma/files/uploads/fy19_coa_annual_report.docx.pdf,atr,nodes,ERROR
Georgetown,,https://www.georgetownma.gov/sites/georgetownma/files/uploads/town_of_georgetown_ma_-_georgetown_coa_fy16_annual_report.pdf,atr,nodes,ERROR
Sterling,,http://www.sterling-ma.gov:80/Pages/SterlingMA_Assessors/annualrpt/07annualreport.pdf,atr,nodes,ERROR
Sterling,,http://www.sterling-ma.gov:80/Pages/SterlingMA_Assessors/annualrpt/08annualreport.pdf,atr,nodes,ERROR
Sterling,,http://www.sterling-ma.gov:80/Pages/SterlingMA_Assessors/annualrpt/09annualreport.pdf,atr,nodes,ERROR
Sterling,,http://www.sterling-ma.gov:80/Pages/SterlingMA_Assessors/annualrpt/10annualreport.pdf,atr,nodes,ERROR
Sterling,,http://www.sterling-ma.gov:80/Pages/SterlingMA_Assessors/annualrpt/11annualreport.pdf,atr,nodes,ERROR
Sterling,,http://www.sterling-ma.gov:80/Pages/SterlingMA_Assessors/annualrpt/12annualreport.pdf,atr,nodes,ERROR
Dedham,,http://www.dedham-ma.gov/dedham/file/DEP%20Annual%20Report%20Year%209(1).pdf,atr,nodes,ERROR
Dedham,,http://www.dedham-ma.gov/dedham/file/Environment/DEP%20Annual%20Report%20Year%209.pdf,atr,nodes,ERROR
Dedham,,http://www.dedham-ma.gov/dedham/file/Selectman/FY12%20Town%20Report%20FINAL.pdf,atr,nodes,ERROR
Holbrook,,https://www.holbrookma.gov/sites/g/files/vyhlif3261/f/news/bhr_annual_report_for_holbrook.pdf,atr,nodes,ERROR
Princeton,,https://www.town.princeton.ma.us/sites/g/files/vyhlif4891/f/uploads/fy24_atm_revolving_accounts_annual_report.pdf,atr,nodes,ERROR
Concord,,http://www.concordma.gov/Pages/ConcordMA_TownManager/Town-reports/Town%20Report%202009/DB%20ConcordCvrFinal.pdf,atr,nodes,ERROR
Concord,,http://www.concordma.gov/Pages/ConcordMA_TownManager/Town-reports/Town%20Report%202009/assessors.pdf,atr,nodes,ERROR
Concord,,http://www.concordma.gov/Pages/ConcordMA_TownManager/Town-reports/Town%20Report%202009/cable.pdf,atr,nodes,ERROR
Concord,,http://www.concordma.gov/Pages/ConcordMA_TownManager/Town-reports/Town%20Report%202009/cctv.pdf,atr,nodes,ERROR
Concord,,http://www.concordma.gov/Pages/ConcordMA_TownManager/Town-reports/Town%20Report%202009/ceremonies%201.pdf,atr,nodes,ERROR
Concord,,http://www.concordma.gov/Pages/ConcordMA_TownManager/Town-reports/Town%20Report%202009/ceremonies%202.pdf,atr,nodes,ERROR
Concord,,http://www.concordma.gov/Pages/ConcordMA_TownManager/Town-reports/Town%20Report%202009/ceremonies%203.pdf,atr,nodes,ERROR
Concord,,http://www.concordma.gov/Pages/ConcordMA_TownManager/Town-reports/Town%20Report%202009/cnn.pdf,atr,nodes,ERROR
Concord,,http://www.concordma.gov/Pages/ConcordMA_TownManager/Town-reports/Town%20Report%202009/donations.pdf,atr,nodes,ERROR
Concord,,http://www.concordma.gov/Pages/ConcordMA_TownManager/Town-reports/Town%20Report%202009/financedept.pdf,atr,nodes,ERROR
Concord,,http://www.concordma.gov/Pages/ConcordMA_TownManager/Town-reports/Town%20Report%202009/humanrights.pdf,atr,nodes,ERROR
Concord,,http://www.concordma.gov/Pages/ConcordMA_TownManager/Town-reports/Town%20Report%202009/localincome.pdf,atr,nodes,ERROR
Concord,,http://www.concordma.gov/Pages/ConcordMA_TownManager/Town-reports/Town%20Report%202009/picnic.pdf,atr,nodes,ERROR
Concord,,http://www.concordma.gov/Pages/ConcordMA_TownManager/Town-reports/Town%20Report%202009/retirement.pdf,atr,nodes,ERROR
Concord,,http://www.concordma.gov/Pages/ConcordMA_TownManager/Town-reports/Town%20Report%202009/sanmande.pdf,atr,nodes,ERROR
Concord,,http://www.concordma.gov/Pages/ConcordMA_TownManager/Town-reports/Town%20Report%202009/sanmarcos.pdf,atr,nodes,ERROR
Concord,,http://www.concordma.gov/Pages/ConcordMA_TownManager/Town-reports/Town%20Report%202009/thoreau.pdf,atr,nodes,ERROR
Concord,,http://www.concordma.gov/Pages/ConcordMA_TownManager/Town-reports/Town%20Report%202009/veterans.pdf,atr,nodes,ERROR
Concord,,http://www.concordma.gov/Pages/ConcordMA_TownManager/Town-reports/Town%20Report%202009/vetgraves.pdf,atr,nodes,ERROR
Concord,,http://www.concordma.gov/Pages/ConcordMA_TownManager/Town-reports/Town%20Report%202010/375.pdf,atr,nodes,ERROR
Concord,,http://www.concordma.gov/Pages/ConcordMA_TownManager/Town-reports/Town%20Report%202010/LibraryAdmin.pdf,atr,nodes,ERROR
Concord,,http://www.concordma.gov/Pages/ConcordMA_TownManager/Town-reports/Town%20Report%202010/TownDonations.pdf,atr,nodes,ERROR
Concord,,http://www.concordma.gov/Pages/ConcordMA_TownManager/Town-reports/Town%20Report%202010/assessors.pdf,atr,nodes,ERROR
Concord,,http://www.concordma.gov/Pages/ConcordMA_TownManager/Town-reports/Town%20Report%202010/cctv.pdf,atr,nodes,ERROR
Concord,,http://www.concordma.gov/Pages/ConcordMA_TownManager/Town-reports/Town%20Report%202010/ceremonies.pdf,atr,nodes,ERROR
Concord,,http://www.concordma.gov/Pages/ConcordMA_TownManager/Town-reports/Town%20Report%202010/friendsoflibrary.pdf,atr,nodes,ERROR
Concord,,http://www.concordma.gov/Pages/ConcordMA_TownManager/Town-reports/Town%20Report%202010/graves.pdf,atr,nodes,ERROR
Concord,,http://www.concordma.gov/Pages/ConcordMA_TownManager/Town-reports/Town%20Report%202010/humanrights.pdf,atr,nodes,ERROR
Concord,,http://www.concordma.gov/Pages/ConcordMA_TownManager/Town-reports/Town%20Report%202010/library%20corp.pdf,atr,nodes,ERROR
Concord,,http://www.concordma.gov/Pages/ConcordMA_TownManager/Town-reports/Town%20Report%202010/localoption.pdf,atr,nodes,ERROR
Concord,,http://www.concordma.gov/Pages/ConcordMA_TownManager/Town-reports/Town%20Report%202010/nanae.pdf,atr,nodes,ERROR
Concord,,http://www.concordma.gov/Pages/ConcordMA_TownManager/Town-reports/Town%20Report%202010/picnic.pdf,atr,nodes,ERROR
Concord,,http://www.concordma.gov/Pages/ConcordMA_TownManager/Town-reports/Town%20Report%202010/recreationcomm.pdf,atr,nodes,ERROR
Concord,,http://www.concordma.gov/Pages/ConcordMA_TownManager/Town-reports/Town%20Report%202010/retireboard.pdf,atr,nodes,ERROR
Concord,,http://www.concordma.gov/Pages/ConcordMA_TownManager/Town-reports/Town%20Report%202010/sanmarcos.pdf,atr,nodes,ERROR
Concord,,http://www.concordma.gov/Pages/ConcordMA_TownManager/Town-reports/Town%20Report%202010/thoreaufarm.pdf,atr,nodes,ERROR
Concord,,http://www.concordma.gov/Pages/ConcordMA_TownManager/Town-reports/Town%20Report%202010/vetsvs.pdf,atr,nodes,ERROR
Concord,,http://www.concordma.gov/pages/ConcordMA_TownManager/Town%20Report%202009/2229main.pdf,atr,nodes,ERROR
Concord,,http://www.concordma.gov/pages/ConcordMA_TownManager/Town%20Report%202009/DB%20ConcordCvrFinal.pdf,atr,nodes,ERROR
Concord,,http://www.concordma.gov/pages/ConcordMA_TownManager/Town%20Report%202009/admin.pdf,atr,nodes,ERROR
Concord,,http://www.concordma.gov/pages/ConcordMA_TownManager/Town%20Report%202009/adult.pdf,atr,nodes,ERROR
Concord,,http://www.concordma.gov/pages/ConcordMA_TownManager/Town%20Report%202009/ag.pdf,atr,nodes,ERROR
Concord,,http://www.concordma.gov/pages/ConcordMA_TownManager/Town%20Report%202009/assessors.pdf,atr,nodes,ERROR
Concord,,http://www.concordma.gov/pages/ConcordMA_TownManager/Town%20Report%202009/boh.pdf,atr,nodes,ERROR
Concord,,http://www.concordma.gov/pages/ConcordMA_TownManager/Town%20Report%202009/bruce.pdf,atr,nodes,ERROR
Concord,,http://www.concordma.gov/pages/ConcordMA_TownManager/Town%20Report%202009/cable.pdf,atr,nodes,ERROR
Concord,,http://www.concordma.gov/pages/ConcordMA_TownManager/Town%20Report%202009/cctv.pdf,atr,nodes,ERROR
Concord,,http://www.concordma.gov/pages/ConcordMA_TownManager/Town%20Report%202009/cemetery.pdf,atr,nodes,ERROR
Concord,,http://www.concordma.gov/pages/ConcordMA_TownManager/Town%20Report%202009/ceremonies%201.pdf,atr,nodes,ERROR
Concord,,http://www.concordma.gov/pages/ConcordMA_TownManager/Town%20Report%202009/ceremonies%202.pdf,atr,nodes,ERROR
Concord,,http://www.concordma.gov/pages/ConcordMA_TownManager/Town%20Report%202009/ceremonies%203.pdf,atr,nodes,ERROR
Concord,,http://www.concordma.gov/pages/ConcordMA_TownManager/Town%20Report%202009/chdc.pdf,atr,nodes,ERROR
Concord,,http://www.concordma.gov/pages/ConcordMA_TownManager/Town%20Report%202009/clerk.pdf,atr,nodes,ERROR
Concord,,http://www.concordma.gov/pages/ConcordMA_TownManager/Town%20Report%202009/cnn.pdf,atr,nodes,ERROR
Concord,,http://www.concordma.gov/pages/ConcordMA_TownManager/Town%20Report%202009/coa.pdf,atr,nodes,ERROR
Concord,,http://www.concordma.gov/pages/ConcordMA_TownManager/Town%20Report%202009/commpres.pdf,atr,nodes,ERROR
Concord,,http://www.concordma.gov/pages/ConcordMA_TownManager/Town%20Report%202009/commservice.pdf,atr,nodes,ERROR
Concord,,http://www.concordma.gov/pages/ConcordMA_TownManager/Town%20Report%202009/emerson.pdf,atr,nodes,ERROR
Concord,,http://www.concordma.gov/pages/ConcordMA_TownManager/Town%20Report%202009/energy.pdf,atr,nodes,ERROR
Concord,,http://www.concordma.gov/pages/ConcordMA_TownManager/Town%20Report%202009/engineering.pdf,atr,nodes,ERROR
Concord,,http://www.concordma.gov/pages/ConcordMA_TownManager/Town%20Report%202009/financedept.pdf,atr,nodes,ERROR
Concord,,http://www.concordma.gov/pages/ConcordMA_TownManager/Town%20Report%202009/fire.pdf,atr,nodes,ERROR
Concord,,http://www.concordma.gov/pages/ConcordMA_TownManager/Town%20Report%202009/friendsoflib.pdf,atr,nodes,ERROR
Concord,,http://www.concordma.gov/pages/ConcordMA_TownManager/Town%20Report%202009/hats.pdf,atr,nodes,ERROR
Concord,,http://www.concordma.gov/pages/ConcordMA_TownManager/Town%20Report%202009/hdc.pdf,atr,nodes,ERROR
Concord,,http://www.concordma.gov/pages/ConcordMA_TownManager/Town%20Report%202009/healthdiv.pdf,atr,nodes,ERROR
Concord,,http://www.concordma.gov/pages/ConcordMA_TownManager/Town%20Report%202009/hfac.pdf,atr,nodes,ERROR
Concord,,http://www.concordma.gov/pages/ConcordMA_TownManager/Town%20Report%202009/highway.pdf,atr,nodes,ERROR
Concord,,http://www.concordma.gov/pages/ConcordMA_TownManager/Town%20Report%202009/hist.pdf,atr,nodes,ERROR
Concord,,http://www.concordma.gov/pages/ConcordMA_TownManager/Town%20Report%202009/housingauth.pdf,atr,nodes,ERROR
Concord,,http://www.concordma.gov/pages/ConcordMA_TownManager/Town%20Report%202009/housingfound.pdf,atr,nodes,ERROR
Concord,,http://www.concordma.gov/pages/ConcordMA_TownManager/Town%20Report%202009/housingtrust.pdf,atr,nodes,ERROR
Concord,,http://www.concordma.gov/pages/ConcordMA_TownManager/Town%20Report%202009/hughcargill.pdf,atr,nodes,ERROR
Concord,,http://www.concordma.gov/pages/ConcordMA_TownManager/Town%20Report%202009/humanrights.pdf,atr,nodes,ERROR
Concord,,http://www.concordma.gov/pages/ConcordMA_TownManager/Town%20Report%202009/inspect.pdf,atr,nodes,ERROR
Concord,,http://www.concordma.gov/pages/ConcordMA_TownManager/Town%20Report%202009/landcons.pdf,atr,nodes,ERROR
Concord,,http://www.concordma.gov/pages/ConcordMA_TownManager/Town%20Report%202009/libadmin.pdf,atr,nodes,ERROR
Concord,,http://www.concordma.gov/pages/ConcordMA_TownManager/Town%20Report%202009/libcomm.pdf,atr,nodes,ERROR
Concord,,http://www.concordma.gov/pages/ConcordMA_TownManager/Town%20Report%202009/libcorp.pdf,atr,nodes,ERROR
Concord,,http://www.concordma.gov/pages/ConcordMA_TownManager/Town%20Report%202009/light.pdf,atr,nodes,ERROR
Concord,,http://www.concordma.gov/pages/ConcordMA_TownManager/Town%20Report%202009/metplan.pdf,atr,nodes,ERROR
Concord,,http://www.concordma.gov/pages/ConcordMA_TownManager/Town%20Report%202009/minuteman.pdf,atr,nodes,ERROR
Concord,,http://www.concordma.gov/pages/ConcordMA_TownManager/Town%20Report%202009/natresdiv.pdf,atr,nodes,ERROR
Concord,,http://www.concordma.gov/pages/ConcordMA_TownManager/Town%20Report%202009/nrc.pdf,atr,nodes,ERROR
Concord,,http://www.concordma.gov/pages/ConcordMA_TownManager/Town%20Report%202009/photocredits.pdf,atr,nodes,ERROR
Concord,,http://www.concordma.gov/pages/ConcordMA_TownManager/Town%20Report%202009/plan.pdf,atr,nodes,ERROR
Concord,,http://www.concordma.gov/pages/ConcordMA_TownManager/Town%20Report%202009/planbd.pdf,atr,nodes,ERROR
Concord,,http://www.concordma.gov/pages/ConcordMA_TownManager/Town%20Report%202009/plandiv.pdf,atr,nodes,ERROR
Concord,,http://www.concordma.gov/pages/ConcordMA_TownManager/Town%20Report%202009/police.pdf,atr,nodes,ERROR
Concord,,http://www.concordma.gov/pages/ConcordMA_TownManager/Town%20Report%202009/pwc.pdf,atr,nodes,ERROR
Concord,,http://www.concordma.gov/pages/ConcordMA_TownManager/Town%20Report%202009/records.pdf,atr,nodes,ERROR
Concord,,http://www.concordma.gov/pages/ConcordMA_TownManager/Town%20Report%202009/recreation.pdf,atr,nodes,ERROR
Concord,,http://www.concordma.gov/pages/ConcordMA_TownManager/Town%20Report%202009/recycle.pdf,atr,nodes,ERROR
Concord,,http://www.concordma.gov/pages/ConcordMA_TownManager/Town%20Report%202009/retirement.pdf,atr,nodes,ERROR
Concord,,http://www.concordma.gov/pages/ConcordMA_TownManager/Town%20Report%202009/scholarship.pdf,atr,nodes,ERROR
Concord,,http://www.concordma.gov/pages/ConcordMA_TownManager/Town%20Report%202009/school.pdf,atr,nodes,ERROR
Concord,,http://www.concordma.gov/pages/ConcordMA_TownManager/Town%20Report%202009/schoolcomm.pdf,atr,nodes,ERROR
Concord,,http://www.concordma.gov/pages/ConcordMA_TownManager/Town%20Report%202009/super.pdf,atr,nodes,ERROR
Concord,,http://www.concordma.gov/pages/ConcordMA_TownManager/Town%20Report%202009/tableofcontents.pdf,atr,nodes,ERROR
Concord,,http://www.concordma.gov/pages/ConcordMA_TownManager/Town%20Report%202009/townmanager.pdf,atr,nodes,ERROR
Concord,,http://www.concordma.gov/pages/ConcordMA_TownManager/Town%20Report%202009/townmeeting.pdf,atr,nodes,ERROR
Concord,,http://www.concordma.gov/pages/ConcordMA_TownManager/Town%20Report%202009/townofficers.pdf,atr,nodes,ERROR
Concord,,http://www.concordma.gov/pages/ConcordMA_TownManager/Town%20Report%202009/water.pdf,atr,nodes,ERROR
Concord,,http://www.concordma.gov/pages/ConcordMA_TownManager/Town%20Report%202009/wctask.pdf,atr,nodes,ERROR
Concord,,http://www.concordma.gov/pages/ConcordMA_TownManager/Town%20Report%202009/white.pdf,atr,nodes,ERROR
Concord,,http://www.concordma.gov/pages/ConcordMA_TownManager/Town%20Report%202009/willard.pdf,atr,nodes,ERROR
Concord,,http://www.concordma.gov/pages/ConcordMA_TownManager/Town%20Report%202009/zba.pdf,atr,nodes,ERROR
Concord,,http://www.concordma.gov/pages/ConcordMA_TownManager/Town%20Report%202012/02%20Officials.pdf,atr,nodes,ERROR
Concord,,http://www.concordma.gov/pages/ConcordMA_TownManager/Town%20Report%202012/2229.pdf,atr,nodes,ERROR
Concord,,http://www.concordma.gov/pages/ConcordMA_TownManager/Town%20Report%202012/Histcomm.pdf,atr,nodes,ERROR
Concord,,http://www.concordma.gov/pages/ConcordMA_TownManager/Town%20Report%202012/Personnel_Bd.pdf,atr,nodes,ERROR
Concord,,http://www.concordma.gov/pages/ConcordMA_TownManager/Town%20Report%202012/Photo_Cover.pdf,atr,nodes,ERROR
Concord,,http://www.concordma.gov/pages/ConcordMA_TownManager/Town%20Report%202012/adult.pdf,atr,nodes,ERROR
Concord,,http://www.concordma.gov/pages/ConcordMA_TownManager/Town%20Report%202012/advgrp.pdf,atr,nodes,ERROR
Concord,,http://www.concordma.gov/pages/ConcordMA_TownManager/Town%20Report%202012/ag.pdf,atr,nodes,ERROR
Concord,,http://www.concordma.gov/pages/ConcordMA_TownManager/Town%20Report%202012/assessors.pdf,atr,nodes,ERROR
Concord,,http://www.concordma.gov/pages/ConcordMA_TownManager/Town%20Report%202012/bfrt.pdf,atr,nodes,ERROR
Concord,,http://www.concordma.gov/pages/ConcordMA_TownManager/Town%20Report%202012/bldgcomm.pdf,atr,nodes,ERROR
Concord,,http://www.concordma.gov/pages/ConcordMA_TownManager/Town%20Report%202012/boh.pdf,atr,nodes,ERROR
Concord,,http://www.concordma.gov/pages/ConcordMA_TownManager/Town%20Report%202012/cable.pdf,atr,nodes,ERROR
Concord,,http://www.concordma.gov/pages/ConcordMA_TownManager/Town%20Report%202012/ccrsc.pdf,atr,nodes,ERROR
Concord,,http://www.concordma.gov/pages/ConcordMA_TownManager/Town%20Report%202012/cctv.pdf,atr,nodes,ERROR
Concord,,http://www.concordma.gov/pages/ConcordMA_TownManager/Town%20Report%202012/ceremonies.pdf,atr,nodes,ERROR
Concord,,http://www.concordma.gov/pages/ConcordMA_TownManager/Town%20Report%202012/cha.pdf,atr,nodes,ERROR
Concord,,http://www.concordma.gov/pages/ConcordMA_TownManager/Town%20Report%202012/chf.pdf,atr,nodes,ERROR
Concord,,http://www.concordma.gov/pages/ConcordMA_TownManager/Town%20Report%202012/clerk_registrars.pdf,atr,nodes,ERROR
Concord,,http://www.concordma.gov/pages/ConcordMA_TownManager/Town%20Report%202012/coa.pdf,atr,nodes,ERROR
Concord,,http://www.concordma.gov/pages/ConcordMA_TownManager/Town%20Report%202012/comsvs.pdf,atr,nodes,ERROR
Concord,,http://www.concordma.gov/pages/ConcordMA_TownManager/Town%20Report%202012/cpac.pdf,atr,nodes,ERROR
Concord,,http://www.concordma.gov/pages/ConcordMA_TownManager/Town%20Report%202012/ctc.pdf,atr,nodes,ERROR
Concord,,http://www.concordma.gov/pages/ConcordMA_TownManager/Town%20Report%202012/cultural.pdf,atr,nodes,ERROR
Concord,,http://www.concordma.gov/pages/ConcordMA_TownManager/Town%20Report%202012/dog.pdf,atr,nodes,ERROR
Concord,,http://www.concordma.gov/pages/ConcordMA_TownManager/Town%20Report%202012/donations.pdf,atr,nodes,ERROR
Concord,,http://www.concordma.gov/pages/ConcordMA_TownManager/Town%20Report%202012/emergency.pdf,atr,nodes,ERROR
Concord,,http://www.concordma.gov/pages/ConcordMA_TownManager/Town%20Report%202012/emerson.pdf,atr,nodes,ERROR
Concord,,http://www.concordma.gov/pages/ConcordMA_TownManager/Town%20Report%202012/finance4.pdf,atr,nodes,ERROR
Concord,,http://www.concordma.gov/pages/ConcordMA_TownManager/Town%20Report%202012/fincomm.pdf,atr,nodes,ERROR
Concord,,http://www.concordma.gov/pages/ConcordMA_TownManager/Town%20Report%202012/fire.pdf,atr,nodes,ERROR
Concord,,http://www.concordma.gov/pages/ConcordMA_TownManager/Town%20Report%202012/friends.pdf,atr,nodes,ERROR
Concord,,http://www.concordma.gov/pages/ConcordMA_TownManager/Town%20Report%202012/graves.pdf,atr,nodes,ERROR
Concord,,http://www.concordma.gov/pages/ConcordMA_TownManager/Town%20Report%202012/hanscom.pdf,atr,nodes,ERROR
Concord,,http://www.concordma.gov/pages/ConcordMA_TownManager/Town%20Report%202012/hats.pdf,atr,nodes,ERROR
Concord,,http://www.concordma.gov/pages/ConcordMA_TownManager/Town%20Report%202012/hdc.pdf,atr,nodes,ERROR
Concord,,http://www.concordma.gov/pages/ConcordMA_TownManager/Town%20Report%202012/healthdiv.pdf,atr,nodes,ERROR
Concord,,http://www.concordma.gov/pages/ConcordMA_TownManager/Town%20Report%202012/housedev.pdf,atr,nodes,ERROR
Concord,,http://www.concordma.gov/pages/ConcordMA_TownManager/Town%20Report%202012/hr.pdf,atr,nodes,ERROR
Concord,,http://www.concordma.gov/pages/ConcordMA_TownManager/Town%20Report%202012/hugh.pdf,atr,nodes,ERROR
Concord,,http://www.concordma.gov/pages/ConcordMA_TownManager/Town%20Report%202012/human.pdf,atr,nodes,ERROR
Concord,,http://www.concordma.gov/pages/ConcordMA_TownManager/Town%20Report%202012/landtrust.pdf,atr,nodes,ERROR
Concord,,http://www.concordma.gov/pages/ConcordMA_TownManager/Town%20Report%202012/libadmin.pdf,atr,nodes,ERROR
Concord,,http://www.concordma.gov/pages/ConcordMA_TownManager/Town%20Report%202012/libcomm.pdf,atr,nodes,ERROR
Concord,,http://www.concordma.gov/pages/ConcordMA_TownManager/Town%20Report%202012/libcorp.pdf,atr,nodes,ERROR
Concord,,http://www.concordma.gov/pages/ConcordMA_TownManager/Town%20Report%202012/lightplant.pdf,atr,nodes,ERROR
Concord,,http://www.concordma.gov/pages/ConcordMA_TownManager/Town%20Report%202012/local.pdf,atr,nodes,ERROR
Concord,,http://www.concordma.gov/pages/ConcordMA_TownManager/Town%20Report%202012/minuteman.pdf,atr,nodes,ERROR
Concord,,http://www.concordma.gov/pages/ConcordMA_TownManager/Town%20Report%202012/nanae.pdf,atr,nodes,ERROR
Concord,,http://www.concordma.gov/pages/ConcordMA_TownManager/Town%20Report%202012/nrc.pdf,atr,nodes,ERROR
Concord,,http://www.concordma.gov/pages/ConcordMA_TownManager/Town%20Report%202012/nrd.pdf,atr,nodes,ERROR
Concord,,http://www.concordma.gov/pages/ConcordMA_TownManager/Town%20Report%202012/picnic.pdf,atr,nodes,ERROR
Concord,,http://www.concordma.gov/pages/ConcordMA_TownManager/Town%20Report%202012/planning.pdf,atr,nodes,ERROR
Concord,,http://www.concordma.gov/pages/ConcordMA_TownManager/Town%20Report%202012/planningbd.pdf,atr,nodes,ERROR
Concord,,http://www.concordma.gov/pages/ConcordMA_TownManager/Town%20Report%202012/planningdiv.pdf,atr,nodes,ERROR
Concord,,http://www.concordma.gov/pages/ConcordMA_TownManager/Town%20Report%202012/police.pdf,atr,nodes,ERROR
Concord,,http://www.concordma.gov/pages/ConcordMA_TownManager/Town%20Report%202012/publicworks.pdf,atr,nodes,ERROR
Concord,,http://www.concordma.gov/pages/ConcordMA_TownManager/Town%20Report%202012/rec.pdf,atr,nodes,ERROR
Concord,,http://www.concordma.gov/pages/ConcordMA_TownManager/Town%20Report%202012/records_archives.pdf,atr,nodes,ERROR
Concord,,http://www.concordma.gov/pages/ConcordMA_TownManager/Town%20Report%202012/retirement.pdf,atr,nodes,ERROR
Concord,,http://www.concordma.gov/pages/ConcordMA_TownManager/Town%20Report%202012/sanmarcos.pdf,atr,nodes,ERROR
Concord,,http://www.concordma.gov/pages/ConcordMA_TownManager/Town%20Report%202012/scholarship.pdf,atr,nodes,ERROR
Concord,,http://www.concordma.gov/pages/ConcordMA_TownManager/Town%20Report%202012/schoolcomm.pdf,atr,nodes,ERROR
Concord,,http://www.concordma.gov/pages/ConcordMA_TownManager/Town%20Report%202012/selectmen.pdf,atr,nodes,ERROR
Concord,,http://www.concordma.gov/pages/ConcordMA_TownManager/Town%20Report%202012/specialtownmeeting.pdf,atr,nodes,ERROR
Concord,,http://www.concordma.gov/pages/ConcordMA_TownManager/Town%20Report%202012/super.pdf,atr,nodes,ERROR
Concord,,http://www.concordma.gov/pages/ConcordMA_TownManager/Town%20Report%202012/taxrelief.pdf,atr,nodes,ERROR
Concord,,http://www.concordma.gov/pages/ConcordMA_TownManager/Town%20Report%202012/tc.pdf,atr,nodes,ERROR
Concord,,http://www.concordma.gov/pages/ConcordMA_TownManager/Town%20Report%202012/thoreau.pdf,atr,nodes,ERROR
Concord,,http://www.concordma.gov/pages/ConcordMA_TownManager/Town%20Report%202012/toc.pdf,atr,nodes,ERROR
Concord,,http://www.concordma.gov/pages/ConcordMA_TownManager/Town%20Report%202012/townmanager.pdf,atr,nodes,ERROR
Concord,,http://www.concordma.gov/pages/ConcordMA_TownManager/Town%20Report%202012/townmeeting.pdf,atr,nodes,ERROR
Concord,,http://www.concordma.gov/pages/ConcordMA_TownManager/Town%20Report%202012/veterans1.pdf,atr,nodes,ERROR
Concord,,http://www.concordma.gov/pages/ConcordMA_TownManager/Town%20Report%202012/whitepond.pdf,atr,nodes,ERROR
Concord,,http://www.concordma.gov/pages/ConcordMA_TownManager/Town%20Report%202012/wts.pdf,atr,nodes,ERROR
Concord,,http://www.concordma.gov/pages/ConcordMA_TownManager/Town%20Report%202012/youth.pdf,atr,nodes,ERROR
Concord,,http://www.concordma.gov/pages/ConcordMA_TownManager/Town%20Report%202012/zoning.pdf,atr,nodes,ERROR
Concord,,http://www.concordma.gov/pages/ConcordMA_TownManager/policies/APP12_Town%20Report%20Policy.pdf,atr,nodes,ERROR
Concord,,http://www.concordma.gov/pages/ConcordMA_TownManager/town%20report%202009/selectmen.pdf,atr,nodes,ERROR
Concord,,http://www.concordma.gov/pages/ConcordMA_TownManager/town%20report%202009/thoreau.pdf,atr,nodes,ERROR
Concord,,http://www.concordma.gov/pages/ConcordMA_TownManager/town%20report%202011/2229.pdf,atr,nodes,ERROR
Concord,,http://www.concordma.gov/pages/ConcordMA_TownManager/town%20report%202011/TOC.pdf,atr,nodes,ERROR
Concord,,http://www.concordma.gov/pages/ConcordMA_TownManager/town%20report%202011/Youth.pdf,atr,nodes,ERROR
Concord,,http://www.concordma.gov/pages/ConcordMA_TownManager/town%20report%202011/adult.pdf,atr,nodes,ERROR
Concord,,http://www.concordma.gov/pages/ConcordMA_TownManager/town%20report%202011/ag.pdf,atr,nodes,ERROR
Concord,,http://www.concordma.gov/pages/ConcordMA_TownManager/town%20report%202011/annual%20meeting.pdf,atr,nodes,ERROR
Concord,,http://www.concordma.gov/pages/ConcordMA_TownManager/town%20report%202011/april%20special.pdf,atr,nodes,ERROR
Concord,,http://www.concordma.gov/pages/ConcordMA_TownManager/town%20report%202011/assessors.pdf,atr,nodes,ERROR
Concord,,http://www.concordma.gov/pages/ConcordMA_TownManager/town%20report%202011/bruce.pdf,atr,nodes,ERROR
Concord,,http://www.concordma.gov/pages/ConcordMA_TownManager/town%20report%202011/cctv.pdf,atr,nodes,ERROR
Concord,,http://www.concordma.gov/pages/ConcordMA_TownManager/town%20report%202011/ceremonies.pdf,atr,nodes,ERROR
Concord,,http://www.concordma.gov/pages/ConcordMA_TownManager/town%20report%202011/coa.pdf,atr,nodes,ERROR
Concord,,http://www.concordma.gov/pages/ConcordMA_TownManager/town%20report%202011/commsvs.pdf,atr,nodes,ERROR
Concord,,http://www.concordma.gov/pages/ConcordMA_TownManager/town%20report%202011/communitypres.pdf,atr,nodes,ERROR
Concord,,http://www.concordma.gov/pages/ConcordMA_TownManager/town%20report%202011/cpw.pdf,atr,nodes,ERROR
Concord,,http://www.concordma.gov/pages/ConcordMA_TownManager/town%20report%202011/cultural.pdf,atr,nodes,ERROR
Concord,,http://www.concordma.gov/pages/ConcordMA_TownManager/town%20report%202011/emerson.pdf,atr,nodes,ERROR
Concord,,http://www.concordma.gov/pages/ConcordMA_TownManager/town%20report%202011/finance.pdf,atr,nodes,ERROR
Concord,,http://www.concordma.gov/pages/ConcordMA_TownManager/town%20report%202011/fincomm.pdf,atr,nodes,ERROR
Concord,,http://www.concordma.gov/pages/ConcordMA_TownManager/town%20report%202011/fire.pdf,atr,nodes,ERROR
Concord,,http://www.concordma.gov/pages/ConcordMA_TownManager/town%20report%202011/friends.pdf,atr,nodes,ERROR
Concord,,http://www.concordma.gov/pages/ConcordMA_TownManager/town%20report%202011/hanscomadv.pdf,atr,nodes,ERROR
Concord,,http://www.concordma.gov/pages/ConcordMA_TownManager/town%20report%202011/hats.pdf,atr,nodes,ERROR
Concord,,http://www.concordma.gov/pages/ConcordMA_TownManager/town%20report%202011/historic.pdf,atr,nodes,ERROR
Concord,,http://www.concordma.gov/pages/ConcordMA_TownManager/town%20report%202011/hr.pdf,atr,nodes,ERROR
Concord,,http://www.concordma.gov/pages/ConcordMA_TownManager/town%20report%202011/hsgdev.pdf,atr,nodes,ERROR
Concord,,http://www.concordma.gov/pages/ConcordMA_TownManager/town%20report%202011/hsingauth.pdf,atr,nodes,ERROR
Concord,,http://www.concordma.gov/pages/ConcordMA_TownManager/town%20report%202011/hughcargill.pdf,atr,nodes,ERROR
Concord,,http://www.concordma.gov/pages/ConcordMA_TownManager/town%20report%202011/humanrts.pdf,atr,nodes,ERROR
Concord,,http://www.concordma.gov/pages/ConcordMA_TownManager/town%20report%202011/land%20trust.pdf,atr,nodes,ERROR
Concord,,http://www.concordma.gov/pages/ConcordMA_TownManager/town%20report%202011/libcorp.pdf,atr,nodes,ERROR
Concord,,http://www.concordma.gov/pages/ConcordMA_TownManager/town%20report%202011/librarycomm.pdf,atr,nodes,ERROR
Concord,,http://www.concordma.gov/pages/ConcordMA_TownManager/town%20report%202011/light%20plant.pdf,atr,nodes,ERROR
Concord,,http://www.concordma.gov/pages/ConcordMA_TownManager/town%20report%202011/lolit.pdf,atr,nodes,ERROR
Concord,,http://www.concordma.gov/pages/ConcordMA_TownManager/town%20report%202011/mman.pdf,atr,nodes,ERROR
Concord,,http://www.concordma.gov/pages/ConcordMA_TownManager/town%20report%202011/mmanadv.pdf,atr,nodes,ERROR
Concord,,http://www.concordma.gov/pages/ConcordMA_TownManager/town%20report%202011/nanae.pdf,atr,nodes,ERROR
Concord,,http://www.concordma.gov/pages/ConcordMA_TownManager/town%20report%202011/nov%20special.pdf,atr,nodes,ERROR
Concord,,http://www.concordma.gov/pages/ConcordMA_TownManager/town%20report%202011/nrc.pdf,atr,nodes,ERROR
Concord,,http://www.concordma.gov/pages/ConcordMA_TownManager/town%20report%202011/personnel%20bd.pdf,atr,nodes,ERROR
Concord,,http://www.concordma.gov/pages/ConcordMA_TownManager/town%20report%202011/photo%20and%20cover%20credits.pdf,atr,nodes,ERROR
Concord,,http://www.concordma.gov/pages/ConcordMA_TownManager/town%20report%202011/picnic.pdf,atr,nodes,ERROR
Concord,,http://www.concordma.gov/pages/ConcordMA_TownManager/town%20report%202011/planning.pdf,atr,nodes,ERROR
Concord,,http://www.concordma.gov/pages/ConcordMA_TownManager/town%20report%202011/planningbd.pdf,atr,nodes,ERROR
Concord,,http://www.concordma.gov/pages/ConcordMA_TownManager/town%20report%202011/police.pdf,atr,nodes,ERROR
Concord,,http://www.concordma.gov/pages/ConcordMA_TownManager/town%20report%202011/records.pdf,atr,nodes,ERROR
Concord,,http://www.concordma.gov/pages/ConcordMA_TownManager/town%20report%202011/recreation.pdf,atr,nodes,ERROR
Concord,,http://www.concordma.gov/pages/ConcordMA_TownManager/town%20report%202011/registrars.pdf,atr,nodes,ERROR
Concord,,http://www.concordma.gov/pages/ConcordMA_TownManager/town%20report%202011/retirebd.pdf,atr,nodes,ERROR
Concord,,http://www.concordma.gov/pages/ConcordMA_TownManager/town%20report%202011/sanmarcos.pdf,atr,nodes,ERROR
Concord,,http://www.concordma.gov/pages/ConcordMA_TownManager/town%20report%202011/scholarship.pdf,atr,nodes,ERROR
Concord,,http://www.concordma.gov/pages/ConcordMA_TownManager/town%20report%202011/schoolcom.pdf,atr,nodes,ERROR
Concord,,http://www.concordma.gov/pages/ConcordMA_TownManager/town%20report%202011/selectmen.pdf,atr,nodes,ERROR
Concord,,http://www.concordma.gov/pages/ConcordMA_TownManager/town%20report%202011/solar.pdf,atr,nodes,ERROR
Concord,,http://www.concordma.gov/pages/ConcordMA_TownManager/town%20report%202011/super.pdf,atr,nodes,ERROR
Concord,,http://www.concordma.gov/pages/ConcordMA_TownManager/town%20report%202011/sustainable.pdf,atr,nodes,ERROR
Concord,,http://www.concordma.gov/pages/ConcordMA_TownManager/town%20report%202011/thoreaufarm.pdf,atr,nodes,ERROR
Concord,,http://www.concordma.gov/pages/ConcordMA_TownManager/town%20report%202011/town%20clerk.pdf,atr,nodes,ERROR
Concord,,http://www.concordma.gov/pages/ConcordMA_TownManager/town%20report%202011/town%20manager.pdf,atr,nodes,ERROR
Concord,,http://www.concordma.gov/pages/ConcordMA_TownManager/town%20report%202011/town%20officers.pdf,atr,nodes,ERROR
Concord,,http://www.concordma.gov/pages/ConcordMA_TownManager/town%20report%202011/towndonations.pdf,atr,nodes,ERROR
Concord,,http://www.concordma.gov/pages/ConcordMA_TownManager/town%20report%202011/vets.pdf,atr,nodes,ERROR
Concord,,http://www.concordma.gov/pages/ConcordMA_TownManager/town%20report%202011/vetsgraves.pdf,atr,nodes,ERROR
Concord,,http://www.concordma.gov/pages/ConcordMA_TownManager/town%20report%202011/weights.pdf,atr,nodes,ERROR
Concord,,http://www.concordma.gov/pages/ConcordMA_TownManager/town%20report%202011/white%20pond.pdf,atr,nodes,ERROR
Concord,,http://www.concordma.gov/pages/ConcordMA_TownManager/town%20report%202011/zoning.pdf,atr,nodes,ERROR
Concord,,http://www.concordma.gov/pages/ConcordMA_TownManager/townreport06/pdf/Beach_Inspections.pdf,atr,nodes,ERROR
Concord,,http://www.concordma.gov/pages/ConcordMA_TownManager/townreport06/pdf/BondAnticipationNotes.pdf,atr,nodes,ERROR
Concord,,http://www.concordma.gov/pages/ConcordMA_TownManager/townreport06/pdf/BondIssuance.pdf,atr,nodes,ERROR
Concord,,http://www.concordma.gov/pages/ConcordMA_TownManager/townreport06/pdf/BookMarketValue.pdf,atr,nodes,ERROR
Concord,,http://www.concordma.gov/pages/ConcordMA_TownManager/townreport06/pdf/CC_Enrollment.pdf,atr,nodes,ERROR
Concord,,http://www.concordma.gov/pages/ConcordMA_TownManager/townreport06/pdf/CLCT_Assets_and_Liabilities.pdf,atr,nodes,ERROR
Concord,,http://www.concordma.gov/pages/ConcordMA_TownManager/townreport06/pdf/CLCT_Statement_of_Activities.pdf,atr,nodes,ERROR
Concord,,http://www.concordma.gov/pages/ConcordMA_TownManager/townreport06/pdf/CPS_Enrollment.pdf,atr,nodes,ERROR
Concord,,http://www.concordma.gov/pages/ConcordMA_TownManager/townreport06/pdf/ConcordVoterTurnoutHistory.pdf,atr,nodes,ERROR
Concord,,http://www.concordma.gov/pages/ConcordMA_TownManager/townreport06/pdf/ConcordataGlance.pdf,atr,nodes,ERROR
Concord,,http://www.concordma.gov/pages/ConcordMA_TownManager/townreport06/pdf/FY06Analysis.pdf,atr,nodes,ERROR
Concord,,http://www.concordma.gov/pages/ConcordMA_TownManager/townreport06/pdf/FY06Transactions.pdf,atr,nodes,ERROR
Concord,,http://www.concordma.gov/pages/ConcordMA_TownManager/townreport06/pdf/GeneralFund.pdf,atr,nodes,ERROR
Concord,,http://www.concordma.gov/pages/ConcordMA_TownManager/townreport06/pdf/RetirementBoardStatement.pdf,atr,nodes,ERROR
Concord,,http://www.concordma.gov/pages/ConcordMA_TownManager/townreport06/pdf/SpecialTownElection6-6-06.pdf,atr,nodes,ERROR
Concord,,http://www.concordma.gov/pages/ConcordMA_TownManager/townreport06/pdf/State%20Election11-7-06.pdf,atr,nodes,ERROR
Concord,,http://www.concordma.gov/pages/ConcordMA_TownManager/townreport06/pdf/StatePrimary9-19-06(Democrat).pdf,atr,nodes,ERROR
Concord,,http://www.concordma.gov/pages/ConcordMA_TownManager/townreport06/pdf/StatePrimary9-19-06(Republican).pdf,atr,nodes,ERROR
Concord,,http://www.concordma.gov/pages/ConcordMA_TownManager/townreport06/pdf/TelephoneDirectory.pdf,atr,nodes,ERROR
Concord,,http://www.concordma.gov/pages/ConcordMA_TownManager/townreport06/pdf/Town_Election_3-28-06.pdf,atr,nodes,ERROR
Concord,,http://www.concordma.gov/pages/ConcordMA_TownManager/townreport06/pdf/Town_Workforce_Analysis.pdf,atr,nodes,ERROR
Concord,,http://www.concordma.gov/pages/ConcordMA_TownManager/townreport06/pdf/TreasurerReportFY06.pdf,atr,nodes,ERROR
Concord,,http://www.concordma.gov/pages/ConcordMA_TownManager/townreport06/pdf/TrustFund10years.pdf,atr,nodes,ERROR
Concord,,http://www.concordma.gov/pages/ConcordMA_TownManager/townreport06/pdf/TrustFundAssets.pdf,atr,nodes,ERROR
Concord,,http://www.concordma.gov/pages/ConcordMA_TownManager/townreport06/pdf/VeteransBurials.pdf,atr,nodes,ERROR
Concord,,http://www.concordma.gov/pages/ConcordMA_TownManager/townreport06/pdf/ZB_permits.pdf,atr,nodes,ERROR
Concord,,"http://www.concordma.gov/pages/ConcordMA_TownManager/townreport07/10%20Human,%20Table%203,%20Veterans%20Service%20Requests.pdf",atr,nodes,ERROR
Concord,,http://www.concordma.gov/pages/ConcordMA_TownManager/townreport07/10-yr%20analysis.pdf,atr,nodes,ERROR
Concord,,"http://www.concordma.gov/pages/ConcordMA_TownManager/townreport07/11%20Finance,%20Table%205,%20Trust%20Fund%20Assets%20(page%201%20of%203).pdf",atr,nodes,ERROR
Concord,,"http://www.concordma.gov/pages/ConcordMA_TownManager/townreport07/11%20Finance,%20Table%205,%20Trust%20Fund%20Assets%20(page%202%20of%203).pdf",atr,nodes,ERROR
Concord,,"http://www.concordma.gov/pages/ConcordMA_TownManager/townreport07/11%20Finance,%20Table%205,%20Trust%20Fund%20Assets%20(page%203%20of%203).pdf",atr,nodes,ERROR
Concord,,"http://www.concordma.gov/pages/ConcordMA_TownManager/townreport07/11%20Finance,%20Table%209,%20Exemptions%20granted.pdf",atr,nodes,ERROR
Concord,,"http://www.concordma.gov/pages/ConcordMA_TownManager/townreport07/11%20Finance,%20telephone%20directory%20(page%201).pdf",atr,nodes,ERROR
Concord,,http://www.concordma.gov/pages/ConcordMA_TownManager/townreport07/11FI~245.PDF,atr,nodes,ERROR
Concord,,http://www.concordma.gov/pages/ConcordMA_TownManager/townreport07/11FI~24A.PDF,atr,nodes,ERROR
Concord,,http://www.concordma.gov/pages/ConcordMA_TownManager/townreport07/11FI~24F.PDF,atr,nodes,ERROR
Concord,,http://www.concordma.gov/pages/ConcordMA_TownManager/townreport07/11FI~254.PDF,atr,nodes,ERROR
Concord,,http://www.concordma.gov/pages/ConcordMA_TownManager/townreport07/11FI~259.PDF,atr,nodes,ERROR
Concord,,http://www.concordma.gov/pages/ConcordMA_TownManager/townreport07/11FI~25F.PDF,atr,nodes,ERROR
Concord,,http://www.concordma.gov/pages/ConcordMA_TownManager/townreport07/11FI~264.PDF,atr,nodes,ERROR
Concord,,http://www.concordma.gov/pages/ConcordMA_TownManager/townreport07/11FI~269.PDF,atr,nodes,ERROR
Concord,,http://www.concordma.gov/pages/ConcordMA_TownManager/townreport07/11FI~26E.PDF,atr,nodes,ERROR
Concord,,http://www.concordma.gov/pages/ConcordMA_TownManager/townreport07/11FI~273.PDF,atr,nodes,ERROR
Concord,,http://www.concordma.gov/pages/ConcordMA_TownManager/townreport07/11FI~278.PDF,atr,nodes,ERROR
Concord,,http://www.concordma.gov/pages/ConcordMA_TownManager/townreport07/11FI~280.PDF,atr,nodes,ERROR
Concord,,http://www.concordma.gov/pages/ConcordMA_TownManager/townreport07/20%20years%20service%20chart.pdf,atr,nodes,ERROR
Concord,,http://www.concordma.gov/pages/ConcordMA_TownManager/townreport07/25-yr%20employees.pdf,atr,nodes,ERROR
Concord,,http://www.concordma.gov/pages/ConcordMA_TownManager/townreport07/3%20yr.%20comparison.pdf,atr,nodes,ERROR
Concord,,http://www.concordma.gov/pages/ConcordMA_TownManager/townreport07/Adult%20Community%20Ed.pdf,atr,nodes,ERROR
Concord,,http://www.concordma.gov/pages/ConcordMA_TownManager/townreport07/Animal%20census.pdf,atr,nodes,ERROR
Concord,,http://www.concordma.gov/pages/ConcordMA_TownManager/townreport07/Annual%20Town%20Election.pdf,atr,nodes,ERROR
Concord,,http://www.concordma.gov/pages/ConcordMA_TownManager/townreport07/Article%2033.pdf,atr,nodes,ERROR
Concord,,http://www.concordma.gov/pages/ConcordMA_TownManager/townreport07/Assessments%20by%20Property%20Use.pdf,atr,nodes,ERROR
Concord,,http://www.concordma.gov/pages/ConcordMA_TownManager/townreport07/Assets%20at%20year%20end.pdf,atr,nodes,ERROR
Concord,,http://www.concordma.gov/pages/ConcordMA_TownManager/townreport07/Beaches.pdf,atr,nodes,ERROR
Concord,,http://www.concordma.gov/pages/ConcordMA_TownManager/townreport07/Book%20and%20Market%20value.pdf,atr,nodes,ERROR
Concord,,http://www.concordma.gov/pages/ConcordMA_TownManager/townreport07/Building%20Inspections.pdf,atr,nodes,ERROR
Concord,,http://www.concordma.gov/pages/ConcordMA_TownManager/townreport07/CLCT%20Balance%20sheet.pdf,atr,nodes,ERROR
Concord,,http://www.concordma.gov/pages/ConcordMA_TownManager/townreport07/CLCT%20Financials.pdf,atr,nodes,ERROR
Concord,,http://www.concordma.gov/pages/ConcordMA_TownManager/townreport07/CONCORD%20PUBLIC%20SCHOOL%20ENROLLMENT.pdf,atr,nodes,ERROR
Concord,,http://www.concordma.gov/pages/ConcordMA_TownManager/townreport07/Change%20in%20asset%20allocation.pdf,atr,nodes,ERROR
Concord,,http://www.concordma.gov/pages/ConcordMA_TownManager/townreport07/Communicable%20Diseases.pdf,atr,nodes,ERROR
Concord,,http://www.concordma.gov/pages/ConcordMA_TownManager/townreport07/Composting%20Site.pdf,atr,nodes,ERROR
Concord,,http://www.concordma.gov/pages/ConcordMA_TownManager/townreport07/Concord%20Cultural%20Council%20Grants%202007.pdf,atr,nodes,ERROR
Concord,,http://www.concordma.gov/pages/ConcordMA_TownManager/townreport07/Curbside%20collection.pdf,atr,nodes,ERROR
Concord,,http://www.concordma.gov/pages/ConcordMA_TownManager/townreport07/Dog%20Bites.pdf,atr,nodes,ERROR
Concord,,http://www.concordma.gov/pages/ConcordMA_TownManager/townreport07/Dropoff%20Swapoff.pdf,atr,nodes,ERROR
Concord,,http://www.concordma.gov/pages/ConcordMA_TownManager/townreport07/Enrollment.pdf,atr,nodes,ERROR
Concord,,http://www.concordma.gov/pages/ConcordMA_TownManager/townreport07/Exemptions%20granted.pdf,atr,nodes,ERROR
Concord,,http://www.concordma.gov/pages/ConcordMA_TownManager/townreport07/Fire%20Department%20Activity.pdf,atr,nodes,ERROR
Concord,,http://www.concordma.gov/pages/ConcordMA_TownManager/townreport07/Flu%20vaccine%20clinics.pdf,atr,nodes,ERROR
Concord,,http://www.concordma.gov/pages/ConcordMA_TownManager/townreport07/HDC%20applications.pdf,atr,nodes,ERROR
Concord,,http://www.concordma.gov/pages/ConcordMA_TownManager/townreport07/Health%20Permitting.pdf,atr,nodes,ERROR
Concord,,http://www.concordma.gov/pages/ConcordMA_TownManager/townreport07/Interest%20earned.pdf,atr,nodes,ERROR
Concord,,http://www.concordma.gov/pages/ConcordMA_TownManager/townreport07/Levy%20Limit%20calculation.pdf,atr,nodes,ERROR
Concord,,http://www.concordma.gov/pages/ConcordMA_TownManager/townreport07/Library%20at%20a%20Glance.pdf,atr,nodes,ERROR
Concord,,http://www.concordma.gov/pages/ConcordMA_TownManager/townreport07/Minuteman%20VoTech%20finances.pdf,atr,nodes,ERROR
Concord,,http://www.concordma.gov/pages/ConcordMA_TownManager/townreport07/Minuteman-Nashoba%20statement.pdf,atr,nodes,ERROR
Concord,,http://www.concordma.gov/pages/ConcordMA_TownManager/townreport07/Motor%20Vehicle%20Commitments.pdf,atr,nodes,ERROR
Concord,,http://www.concordma.gov/pages/ConcordMA_TownManager/townreport07/Municipal%20Enterprises.pdf,atr,nodes,ERROR
Concord,,http://www.concordma.gov/pages/ConcordMA_TownManager/townreport07/New%20Growth%20by%20Class.pdf,atr,nodes,ERROR
Concord,,http://www.concordma.gov/pages/ConcordMA_TownManager/townreport07/PAYROLL%20table.pdf,atr,nodes,ERROR
Concord,,http://www.concordma.gov/pages/ConcordMA_TownManager/townreport07/PD%20incidents.pdf,atr,nodes,ERROR
Concord,,http://www.concordma.gov/pages/ConcordMA_TownManager/townreport07/PERAC%20table.pdf,atr,nodes,ERROR
Concord,,http://www.concordma.gov/pages/ConcordMA_TownManager/townreport07/Peak%20Demand%20Energy%20Sales.pdf,atr,nodes,ERROR
Concord,,http://www.concordma.gov/pages/ConcordMA_TownManager/townreport07/Portfolio%20Annualized%20rate%20of%20return.pdf,atr,nodes,ERROR
Concord,,http://www.concordma.gov/pages/ConcordMA_TownManager/townreport07/Rabies%20Control.pdf,atr,nodes,ERROR
Concord,,http://www.concordma.gov/pages/ConcordMA_TownManager/townreport07/Retirement%20chart.pdf,atr,nodes,ERROR
Concord,,http://www.concordma.gov/pages/ConcordMA_TownManager/townreport07/Review%20Fund.pdf,atr,nodes,ERROR
Concord,,http://www.concordma.gov/pages/ConcordMA_TownManager/townreport07/Road%20Condition%20Summary.pdf,atr,nodes,ERROR
Concord,,http://www.concordma.gov/pages/ConcordMA_TownManager/townreport07/School%20Retirees.pdf,atr,nodes,ERROR
Concord,,http://www.concordma.gov/pages/ConcordMA_TownManager/townreport07/Special%20State%20Primary.pdf,atr,nodes,ERROR
Concord,,http://www.concordma.gov/pages/ConcordMA_TownManager/townreport07/Transactions%20and%20changes%20(all%20pages).pdf,atr,nodes,ERROR
Concord,,http://www.concordma.gov/pages/ConcordMA_TownManager/townreport07/Trust%20Fund%20Assets%20(full%20table).pdf,atr,nodes,ERROR
Concord,,http://www.concordma.gov/pages/ConcordMA_TownManager/townreport07/Trust%20fund%20Allocation.pdf,atr,nodes,ERROR
Concord,,http://www.concordma.gov/pages/ConcordMA_TownManager/townreport07/Trustees%20FY07%20treasurer%20report.pdf,atr,nodes,ERROR
Concord,,"http://www.concordma.gov/pages/ConcordMA_TownManager/townreport07/Valuation,%20tax%20rates.pdf",atr,nodes,ERROR
Concord,,http://www.concordma.gov/pages/ConcordMA_TownManager/townreport07/Veterans%20Service%20Requests.pdf,atr,nodes,ERROR
Concord,,http://www.concordma.gov/pages/ConcordMA_TownManager/townreport07/Water%20usage.pdf,atr,nodes,ERROR
Concord,,http://www.concordma.gov/pages/ConcordMA_TownManager/townreport07/Workforce%20Analysis%202007.pdf,atr,nodes,ERROR
Concord,,http://www.concordma.gov/pages/ConcordMA_TownManager/townreport07/ZBA%20Activities.pdf,atr,nodes,ERROR
Concord,,http://www.concordma.gov/pages/ConcordMA_TownManager/townreport07/age%20group.pdf,atr,nodes,ERROR
Concord,,http://www.concordma.gov/pages/ConcordMA_TownManager/townreport07/animal%20activity.pdf,atr,nodes,ERROR
Concord,,http://www.concordma.gov/pages/ConcordMA_TownManager/townreport07/excise%20tax%20table%20(no%20title).pdf,atr,nodes,ERROR
Concord,,http://www.concordma.gov/pages/ConcordMA_TownManager/townreport07/paper%20disposal%20revenue.pdf,atr,nodes,ERROR
Concord,,http://www.concordma.gov/pages/ConcordMA_TownManager/townreport07/past%20vital%20statistics.pdf,atr,nodes,ERROR
Concord,,http://www.concordma.gov/pages/ConcordMA_TownManager/townreport07/sewer%20statistics.pdf,atr,nodes,ERROR
Concord,,http://www.concordma.gov/pages/ConcordMA_TownManager/townreport07/sidewalk%20condition%20summary.pdf,atr,nodes,ERROR
Concord,,http://www.concordma.gov/pages/ConcordMA_TownManager/townreport07/special%20state%20election.pdf,atr,nodes,ERROR
Concord,,http://www.concordma.gov/pages/ConcordMA_TownManager/townreport07/town%20profile.pdf,atr,nodes,ERROR
Concord,,http://www.concordma.gov/pages/ConcordMA_TownManager/townreport07/vital%20statistics.pdf,atr,nodes,ERROR
Concord,,http://www.concordma.gov/pages/ConcordMA_TownManager/townreport07/voter%20turnout%20history.pdf,atr,nodes,ERROR
Concord,,http://www.concordma.gov/pages/ConcordMA_TownManager/townreport07/water%20statistics.pdf,atr,nodes,ERROR
Walpole,,http://www.walpole-ma.gov/NPDESAnnualReport05-06.pdf,atr,nodes,ERROR
Walpole,,http://www.walpole-ma.gov/Town%20Report%20Cover.pdf,atr,nodes,ERROR
Walpole,,http://www.walpole-ma.gov/sites/walpolema/files/file/file/master_draft_town_report_3_26_13_final.pdf,atr,nodes,ERROR
Walpole,,http://www.walpole-ma.gov/sites/walpolema/files/file/file/npdesannualreport05-06.pdf,atr,nodes,ERROR
Walpole,,http://www.walpole-ma.gov/sites/walpolema/files/file/file/npdesannualreport05-06_0.pdf,atr,nodes,ERROR
Walpole,,https://www.walpole-ma.gov/sites/g/files/vyhlif12086/f/file/file/master_draft_town_report_3_26_13_final.pdf,atr,nodes,ERROR
Walpole,,https://www.walpole-ma.gov/sites/g/files/vyhlif1381/f/file/file/master_draft_town_report_3_26_13_final.pdf,atr,nodes,ERROR
Walpole,,https://www.walpole-ma.gov/sites/g/files/vyhlif1381/f/pages/annual_report-9-23-21.pdf,atr,nodes,ERROR
Walpole,,https://www.walpole-ma.gov/sites/g/files/vyhlif1381/f/uploads/town_report_fy_21.pdf,atr,nodes,ERROR
Quincy,,http://www.quincyma.gov/CityOfQuincy_Content/documents/ANNUAL%20REPORT%202015.pdf,atr,nodes,ERROR
Quincy,,http://www.quincyma.gov/CityOfQuincy_Content/documents/Annual%20Report-FY14-1.pdf,atr,nodes,ERROR
Quincy,,http://www.quincyma.gov/CityOfQuincy_Content/documents/Annual%20Report-FY15.pdf,atr,nodes,ERROR
Quincy,,http://www.quincyma.gov/CityOfQuincy_Content/documents/Quincy%20PY13%20MS4%20Annual%20Report.pdf,atr,nodes,ERROR
Lancaster,,http://www.ci.lancaster.ma.us/Pages/LancasterMA_TownClerk/AnnualReportRafflesandBazaars.pdf,atr,nodes,ERROR
Lancaster,,https://www.ci.lancaster.ma.us/sites/g/files/vyhlif4586/f/uploads/combined_town_report_for_website.pdf,atr,nodes,ERROR
Carlisle,,http://www.carlislema.gov:80/pages/carlisleMA_BOS/carlisle%20annual%20report%202012.pdf,atr,nodes,ERROR
Northbridge,,http://www.northbridgemass.org:80/pdf/05_annual_report.pdf,atr,nodes,ERROR
Southborough,,http://www.southboroughtown.com/townclerk/Annual%20Report%202013/Administration.pdf,atr,nodes,ERROR
Southborough,,http://www.southboroughtown.com/townclerk/Annual%20Report%202013/Education.pdf,atr,nodes,ERROR
Southborough,,http://www.southboroughtown.com/townclerk/Annual%20Report%202013/IntroductionDedication.pdf,atr,nodes,ERROR
Southborough,,http://www.southboroughtown.com/townclerk/Annual%20Report%202013/NeedInfo.pdf,atr,nodes,ERROR
Southborough,,http://www.southboroughtown.com/townclerk/Annual%20Report%202013/Planning.pdf,atr,nodes,ERROR
Southborough,,http://www.southboroughtown.com/townclerk/Annual%20Report%202013/Protection.pdf,atr,nodes,ERROR
Southborough,,http://www.southboroughtown.com/townclerk/Annual%20Report%202013/TCTownInfo.pdf,atr,nodes,ERROR
Southborough,,http://www.southboroughtown.com/townclerk/Annual%20Report%202013/TownClerk.pdf,atr,nodes,ERROR
Southborough,,http://www.southboroughtown.com/townclerk/Annual%20Report%202013/TownServices.pdf,atr,nodes,ERROR
Southborough,,https://www.southboroughtown.com/sites/g/files/vyhlif7351/f/minutes/draft_of_annual_report_11222_mtg.pdf,atr,nodes,ERROR
Southborough,,https://www.southboroughtown.com/sites/g/files/vyhlif7351/f/minutes/lib_bot_12.21.21_town_report.pdf,atr,nodes,ERROR
Hudson,,https://www.townofhudson.org/sites/g/files/vyhlif3281/f/pages/hudson_year_3_annual_report_signed.pdf,atr,nodes,ERROR
Hudson,,https://www.townofhudson.org/sites/g/files/vyhlif3281/f/pages/town_of_hudson_annual_report-permit_year1.pdf,atr,nodes,ERROR
Hudson,,https://www.townofhudson.org/sites/g/files/vyhlif3281/f/pages/town_of_hudson_py2_annual_report.pdf,atr,nodes,ERROR
Hudson,,https://www.townofhudson.org/sites/g/files/vyhlif3281/f/pages/town_of_hudson_py4_annual_report.pdf,atr,nodes,ERROR
Hudson,,https://www.townofhudson.org/sites/g/files/vyhlif3281/f/uploads/raffle_annual_report.pdf,atr,nodes,ERROR
Monson,,http://monson-ma.gov/public_documents/monsonma_collector/Town%20Collector's%202015%20Annual%20Town%20Report.pdf,atr,nodes,ERROR
Monson,,http://www.monson-ma.gov/Public_Documents/MonsonMA_Health/Board%20of%20Health%202014%20Town%20Report.pdf,atr,nodes,ERROR
Monson,,http://www.monson-ma.gov/Public_Documents/MonsonMA_WaterSewer/Misc%20Docs/Town%20Report%202006.pdf,atr,nodes,ERROR
West Stockbridge,,https://www.weststockbridge-ma.gov/sites/g/files/vyhlif4031/f/news/town_report_fy20.pdf,atr,nodes,ERROR
West Stockbridge,,https://www.weststockbridge-ma.gov/sites/g/files/vyhlif4031/f/uploads/town_report_fy20.pdf,atr,nodes,ERROR
Marion,,http://www.marionma.gov:80/Pages/MarionMA_Clerk/Raffle%20Permit%20Annual%20Report.pdf,atr,nodes,ERROR
Ware,,http://www.townofware.com/document_center/Clerk/Annual%20Town%20Report%202017.pdf,atr,nodes,ERROR
Lee,,http://www.lee.ma.us/sites/g/files/vyhlif771/f/uploads/final_fy23_annual_report_printed_0.pdf,atr,nodes,ERROR
Lee,,http://www.lee.ma.us/sites/g/files/vyhlif771/f/uploads/fy20_town_report.pdf,atr,nodes,ERROR
Lee,,http://www.lee.ma.us/sites/g/files/vyhlif771/f/uploads/fy24_annual_town_report_final.pdf,atr,nodes,ERROR
Lee,,http://www.lee.ma.us/sites/g/files/vyhlif771/f/uploads/fy_05_town_report.pdf,atr,nodes,ERROR
Lee,,http://www.lee.ma.us/sites/g/files/vyhlif771/f/uploads/fy_06_town_report.pdf,atr,nodes,ERROR
Lee,,http://www.lee.ma.us/sites/g/files/vyhlif771/f/uploads/fy_07_town_report.pdf,atr,nodes,ERROR
Lee,,http://www.lee.ma.us/sites/g/files/vyhlif771/f/uploads/fy_08_town_report.pdf,atr,nodes,ERROR
Lee,,http://www.lee.ma.us/sites/g/files/vyhlif771/f/uploads/fy_09_town_report.pdf,atr,nodes,ERROR
Lee,,http://www.lee.ma.us/sites/g/files/vyhlif771/f/uploads/fy_10_town_report.pdf,atr,nodes,ERROR
Lee,,http://www.lee.ma.us/sites/g/files/vyhlif771/f/uploads/fy_11_town_report.pdf,atr,nodes,ERROR
Lee,,http://www.lee.ma.us/sites/g/files/vyhlif771/f/uploads/fy_12_town_report.pdf,atr,nodes,ERROR
Lee,,http://www.lee.ma.us/sites/g/files/vyhlif771/f/uploads/fy_13_town_report.pdf,atr,nodes,ERROR
Lee,,http://www.lee.ma.us/sites/g/files/vyhlif771/f/uploads/fy_14_town_report.pdf,atr,nodes,ERROR
Lee,,http://www.lee.ma.us/sites/g/files/vyhlif771/f/uploads/fy_98_town_report.pdf,atr,nodes,ERROR
Lee,,http://www.lee.ma.us/sites/g/files/vyhlif771/f/uploads/fy_99_town_report.pdf,atr,nodes,ERROR
Lee,,http://www.lee.ma.us/sites/g/files/vyhlif771/f/uploads/town_report_fy21.pdf,atr,nodes,ERROR
Lee,,https://www.lee.ma.us/sites/g/files/vyhlif771/f/uploads/fy22_annual_report_-_town_of_lee.pdf,atr,nodes,ERROR
Norwood,2004,https://www.norwoodma.gov/document_center/document_center/Town Reports/ntr2004.pdf?t=201701121047100,atr_by_context,nodes,ERROR
Norwood,2006,https://www.norwoodma.gov/document_center/document_center/Town Reports/Final.pdf?t=201701121047100,atr_by_context,nodes,ERROR
Norwood,2008,https://www.norwoodma.gov/document_center/document_center/Town Reports/Norwood Town Report 2008.pdf?t=201701121047090,atr_by_context,nodes,ERROR
Norwood,2010,https://www.norwoodma.gov/document_center/document_center/Town Reports/Norwood Town Report 2010.pdf?t=201701121047090,atr_by_context,nodes,ERROR
Norwood,2011,https://www.norwoodma.gov/document_center/document_center/Town Reports/Norwood Town Report 2011_.pdf?t=201701121047080,atr_by_context,nodes,ERROR
Norwood,2012,https://www.norwoodma.gov/document_center/document_center/Town Reports/Norwood Town Report 2012.pdf?t=201701121047080,atr_by_context,nodes,ERROR
Burlington,,http://burlington.org/burlington/businesstest/uploads/AnnualReport.pdf,atr,nodes,ERROR
Burlington,,http://www.burlington.org/dpw/Stormwater/docs/AnnualReportMay0607.pdf,atr,nodes,ERROR
Burlington,,http://www.burlington.org/town_government/docs/annualreport%202011.pdf,atr,nodes,ERROR
Norton,,http://www.nortonma.org:80/sites/nortonma/files/uploads/fy09townreport_0.pdf,atr,nodes,ERROR
Norton,,http://www.nortonma.org:80/sites/nortonma/files/uploads/fy10townreport.pdf,atr,nodes,ERROR
Hanson,,http://www.hanson-ma.gov/Public_Documents/HansonMA_CitizenLibrary/Hanson%202010%20Annual%20Town%20Report.pdf,atr,nodes,ERROR
Dartmouth,,http://www.town.dartmouth.ma.us:80/Annual%20Report%20Cover%202003.pdf,atr,nodes,ERROR
Brookfield,,http://brookfieldma.us/documents/Annual%20Town%20Reports/20100101%20Annual%20Town%20Report%20-%202010.pdf,atr,nodes,ERROR
Brookfield,,http://brookfieldma.us/documents/Board%20of%20Selectmen/20041231%20Annual%20Report%202004.pdf,atr,nodes,ERROR
Brookfield,,http://brookfieldma.us/documents/Board%20of%20Selectmen/20051231%20Annual%20Report%202005.pdf,atr,nodes,ERROR
Brookfield,,http://brookfieldma.us/documents/Board%20of%20Selectmen/20061231%20Annual%20Report%202006.pdf,atr,nodes,ERROR
Brookfield,,http://brookfieldma.us/documents/Board%20of%20Selectmen/20071231%20Annual%20Report%202007.pdf,atr,nodes,ERROR
Brookfield,,http://brookfieldma.us/documents/Board%20of%20Selectmen/20081231%20Annual%20Report%202008.pdf,atr,nodes,ERROR
Brookfield,,http://brookfieldma.us/documents/Board%20of%20Selectmen/20091231%20Annual%20Report%202009.pdf,atr,nodes,ERROR
Brookfield,,http://www.brookfieldma.us/documents/Annual%20Town%20Reports/20041231%20Annual%20Report%202004.pdf,atr,nodes,ERROR
Brookfield,,http://www.brookfieldma.us/documents/Annual%20Town%20Reports/20051231%20Annual%20Report%202005.pdf,atr,nodes,ERROR
Brookfield,,http://www.brookfieldma.us/documents/Annual%20Town%20Reports/20061231%20Annual%20Report%202006.pdf,atr,nodes,ERROR
Brookfield,,http://www.brookfieldma.us/documents/Annual%20Town%20Reports/20071231%20Annual%20Report%202007.pdf,atr,nodes,ERROR
Brookfield,,http://www.brookfieldma.us/documents/Annual%20Town%20Reports/20081231%20Annual%20Report%202008.pdf,atr,nodes,ERROR
Brookfield,,http://www.brookfieldma.us/documents/Annual%20Town%20Reports/20091231%20Annual%20Report%202009.pdf,atr,nodes,ERROR
Wales,,https://www.townofwales.net/sites/g/files/vyhlif1371/f/uploads/fy13_fincom_annual_report.pdf,atr,nodes,ERROR
Wales,,https://www.townofwales.net/sites/g/files/vyhlif1371/f/uploads/fy14_fincom_annual_report.pdf,atr,nodes,ERROR
Wales,,https://www.townofwales.net/sites/g/files/vyhlif1371/f/uploads/fy15_fincom_annual_report.pdf,atr,nodes,ERROR
Wales,,https://www.townofwales.net/sites/g/files/vyhlif1371/f/uploads/fy16_fincom_annual_report.pdf,atr,nodes,ERROR
Wales,,https://www.townofwales.net/sites/g/files/vyhlif1371/f/uploads/fy17_fincom_annual_report.pdf,atr,nodes,ERROR
Wales,,https://www.townofwales.net/sites/g/files/vyhlif1371/f/uploads/fy18_fincom_annual_report.pdf,atr,nodes,ERROR
Dighton,,http://www.dighton-ma.gov/Public_Documents/DightonMA_Accountant/TOWN%20ACCOUNTANT%20FY16%20ANNUAL%20TOWN%20REPORT.pdf,atr,nodes,ERROR
Dighton,,http://www.dighton-ma.gov/public_documents/dightonma_accountant/TOWN%20ACCOUNTANT%20FY14%20ANNUAL%20TOWN%20REPORT.pdf,atr,nodes,ERROR
Dighton,,http://www.dighton-ma.gov/public_documents/dightonma_accountant/TOWN%20ACCOUNTANT%20FY15%20ANNUAL%20TOWN%20REPORT.pdf,atr,nodes,ERROR
Seekonk,,http://www.seekonk-ma.gov/pages/SeekonkMA_News/0250155F-000F8513.0/Annual%20Report%202016.pdf,atr,nodes,ERROR
Seekonk,,https://www.seekonk-ma.gov/sites/g/files/vyhlif1191/f/pages/fy19_annual_report_final_draft_1.pdf,atr,nodes,ERROR
Hubbardston,,http://www.hubbardstonma.us:80/pdfs/ANNUALREPORTS.pdf,atr,nodes,ERROR
Westwood,,http://www.townhall.westwood.ma.us/westwood/file/Town%20Report%202009.pdf,atr,nodes,ERROR
Hampden,,https://www.hampdenma.gov/sites/g/files/vyhlif656/f/uploads/1899_annual_town_report.pdf,atr,nodes,ERROR
Hampden,,https://www.hampdenma.gov/sites/g/files/vyhlif656/f/uploads/1900_town_report300.pdf,atr,nodes,ERROR
Hampden,,https://www.hampdenma.gov/sites/g/files/vyhlif656/f/uploads/1900_town_reportparta.pdf,atr,nodes,ERROR
Hampden,,https://www.hampdenma.gov/sites/g/files/vyhlif656/f/uploads/1900_town_reportpartb.pdf,atr,nodes,ERROR
Hampden,,https://www.hampdenma.gov/sites/g/files/vyhlif656/f/uploads/1900_town_reportpartc.pdf,atr,nodes,ERROR
Hampden,,https://www.hampdenma.gov/sites/g/files/vyhlif656/f/uploads/1900_town_reportpartd.pdf,atr,nodes,ERROR
Hampden,,https://www.hampdenma.gov/sites/g/files/vyhlif656/f/uploads/1900_town_reportparte.pdf,atr,nodes,ERROR
Hampden,,https://www.hampdenma.gov/sites/g/files/vyhlif656/f/uploads/1906_annual_town_reportparta.pdf,atr,nodes,ERROR
Hampden,,https://www.hampdenma.gov/sites/g/files/vyhlif656/f/uploads/1906_annual_town_reportpartb.pdf,atr,nodes,ERROR
Hampden,,https://www.hampdenma.gov/sites/g/files/vyhlif656/f/uploads/1909_annual_town_reportparta.pdf,atr,nodes,ERROR
Hampden,,https://www.hampdenma.gov/sites/g/files/vyhlif656/f/uploads/1909_annual_town_reportpartb.pdf,atr,nodes,ERROR
Hampden,,https://www.hampdenma.gov/sites/g/files/vyhlif656/f/uploads/1910_annual_town_report.pdf,atr,nodes,ERROR
Hampden,,https://www.hampdenma.gov/sites/g/files/vyhlif656/f/uploads/1912_annual_town_reportparta.pdf,atr,nodes,ERROR
Hampden,,https://www.hampdenma.gov/sites/g/files/vyhlif656/f/uploads/1912_annual_town_reportpartb.pdf,atr,nodes,ERROR
Hampden,,https://www.hampdenma.gov/sites/g/files/vyhlif656/f/uploads/1914_annual_town_reportparta.pdf,atr,nodes,ERROR
Hampden,,https://www.hampdenma.gov/sites/g/files/vyhlif656/f/uploads/1914_annual_town_reportpartb.pdf,atr,nodes,ERROR
Hampden,,https://www.hampdenma.gov/sites/g/files/vyhlif656/f/uploads/1915_annual_town_reportparta.pdf,atr,nodes,ERROR
Hampden,,https://www.hampdenma.gov/sites/g/files/vyhlif656/f/uploads/1915_annual_town_reportpartb.pdf,atr,nodes,ERROR
Hampden,,https://www.hampdenma.gov/sites/g/files/vyhlif656/f/uploads/1916_annual_town_reportparta.pdf,atr,nodes,ERROR
Hampden,,https://www.hampdenma.gov/sites/g/files/vyhlif656/f/uploads/1916_annual_town_reportpartb.pdf,atr,nodes,ERROR
Hampden,,https://www.hampdenma.gov/sites/g/files/vyhlif656/f/uploads/1919_annual_reports.pdf,atr,nodes,ERROR
Hampden,,https://www.hampdenma.gov/sites/g/files/vyhlif656/f/uploads/1920_annual_town_reportparta.pdf,atr,nodes,ERROR
Hampden,,https://www.hampdenma.gov/sites/g/files/vyhlif656/f/uploads/1920_annual_town_reportpartb.pdf,atr,nodes,ERROR
Hampden,,https://www.hampdenma.gov/sites/g/files/vyhlif656/f/uploads/1921_annual_town_reportparta.pdf,atr,nodes,ERROR
Hampden,,https://www.hampdenma.gov/sites/g/files/vyhlif656/f/uploads/1921_annual_town_reportpartb.pdf,atr,nodes,ERROR
Hampden,,https://www.hampdenma.gov/sites/g/files/vyhlif656/f/uploads/1922_annual_town_reportparta.pdf,atr,nodes,ERROR
Hampden,,https://www.hampdenma.gov/sites/g/files/vyhlif656/f/uploads/1922_annual_town_reportpartb.pdf,atr,nodes,ERROR
Hampden,,https://www.hampdenma.gov/sites/g/files/vyhlif656/f/uploads/1923_annual_reports.pdf,atr,nodes,ERROR
Hampden,,https://www.hampdenma.gov/sites/g/files/vyhlif656/f/uploads/1926_annual_town_report.pdf,atr,nodes,ERROR
Hampden,,https://www.hampdenma.gov/sites/g/files/vyhlif656/f/uploads/1927_annual_reports.pdf,atr,nodes,ERROR
Hampden,,https://www.hampdenma.gov/sites/g/files/vyhlif656/f/uploads/1928_annual_reports.pdf,atr,nodes,ERROR
Hampden,,https://www.hampdenma.gov/sites/g/files/vyhlif656/f/uploads/1929_annual_town_report.pdf,atr,nodes,ERROR
Hampden,,https://www.hampdenma.gov/sites/g/files/vyhlif656/f/uploads/1932_annual_town_reportparta.pdf,atr,nodes,ERROR
Hampden,,https://www.hampdenma.gov/sites/g/files/vyhlif656/f/uploads/1932_annual_town_reportpartb.pdf,atr,nodes,ERROR
Hampden,,https://www.hampdenma.gov/sites/g/files/vyhlif656/f/uploads/1932_annual_town_reportpartc.pdf,atr,nodes,ERROR
Hampden,,https://www.hampdenma.gov/sites/g/files/vyhlif656/f/uploads/1933_annual_town_reportparta.pdf,atr,nodes,ERROR
Hampden,,https://www.hampdenma.gov/sites/g/files/vyhlif656/f/uploads/1933_annual_town_reportpartb.pdf,atr,nodes,ERROR
Hampden,,https://www.hampdenma.gov/sites/g/files/vyhlif656/f/uploads/1935_annual_town_reportparta.pdf,atr,nodes,ERROR
Hampden,,https://www.hampdenma.gov/sites/g/files/vyhlif656/f/uploads/1935_annual_town_reportpartb.pdf,atr,nodes,ERROR
Hampden,,https://www.hampdenma.gov/sites/g/files/vyhlif656/f/uploads/1935_annual_town_reportpartc.pdf,atr,nodes,ERROR
Hampden,,https://www.hampdenma.gov/sites/g/files/vyhlif656/f/uploads/1935_annual_town_reportpartd.pdf,atr,nodes,ERROR
Hampden,,https://www.hampdenma.gov/sites/g/files/vyhlif656/f/uploads/1937_annual_town_reportparta.pdf,atr,nodes,ERROR
Hampden,,https://www.hampdenma.gov/sites/g/files/vyhlif656/f/uploads/1937_annual_town_reportpartb.pdf,atr,nodes,ERROR
Hampden,,https://www.hampdenma.gov/sites/g/files/vyhlif656/f/uploads/1937_annual_town_reportpartc.pdf,atr,nodes,ERROR
Hampden,,https://www.hampdenma.gov/sites/g/files/vyhlif656/f/uploads/1937_annual_town_reportpartd.pdf,atr,nodes,ERROR
Hampden,,https://www.hampdenma.gov/sites/g/files/vyhlif656/f/uploads/1940_annual_town_reportparta.pdf,atr,nodes,ERROR
Hampden,,https://www.hampdenma.gov/sites/g/files/vyhlif656/f/uploads/1940_annual_town_reportpartb.pdf,atr,nodes,ERROR
Hampden,,https://www.hampdenma.gov/sites/g/files/vyhlif656/f/uploads/1940_annual_town_reportpartc.pdf,atr,nodes,ERROR
Hampden,,https://www.hampdenma.gov/sites/g/files/vyhlif656/f/uploads/1942_annual_town_reportparta.pdf,atr,nodes,ERROR
Hampden,,https://www.hampdenma.gov/sites/g/files/vyhlif656/f/uploads/1942_annual_town_reportpartb.pdf,atr,nodes,ERROR
Hampden,,https://www.hampdenma.gov/sites/g/files/vyhlif656/f/uploads/1942_annual_town_reportpartc.pdf,atr,nodes,ERROR
Hampden,,https://www.hampdenma.gov/sites/g/files/vyhlif656/f/uploads/1946_annual_town_reportparta.pdf,atr,nodes,ERROR
Hampden,,https://www.hampdenma.gov/sites/g/files/vyhlif656/f/uploads/1946_annual_town_reportpartb.pdf,atr,nodes,ERROR
Hampden,,https://www.hampdenma.gov/sites/g/files/vyhlif656/f/uploads/1946_annual_town_reportpartc.pdf,atr,nodes,ERROR
Hampden,,https://www.hampdenma.gov/sites/g/files/vyhlif656/f/uploads/1948_annual_town_reportparta.pdf,atr,nodes,ERROR
Hampden,,https://www.hampdenma.gov/sites/g/files/vyhlif656/f/uploads/1948_annual_town_reportpartb.pdf,atr,nodes,ERROR
Hampden,,https://www.hampdenma.gov/sites/g/files/vyhlif656/f/uploads/1948_annual_town_reportpartc.pdf,atr,nodes,ERROR
Hampden,,https://www.hampdenma.gov/sites/g/files/vyhlif656/f/uploads/1949_annual_town_reportparta.pdf,atr,nodes,ERROR
Hampden,,https://www.hampdenma.gov/sites/g/files/vyhlif656/f/uploads/1949_annual_town_reportpartb.pdf,atr,nodes,ERROR
Hampden,,https://www.hampdenma.gov/sites/g/files/vyhlif656/f/uploads/1950_annual_town_reportparta.pdf,atr,nodes,ERROR
Hampden,,https://www.hampdenma.gov/sites/g/files/vyhlif656/f/uploads/1950_annual_town_reportpartb.pdf,atr,nodes,ERROR
Hampden,,https://www.hampdenma.gov/sites/g/files/vyhlif656/f/uploads/1950_annual_town_reportpartc.pdf,atr,nodes,ERROR
Hampden,,https://www.hampdenma.gov/sites/g/files/vyhlif656/f/uploads/1953_annual_town_reportparta.pdf,atr,nodes,ERROR
Hampden,,https://www.hampdenma.gov/sites/g/files/vyhlif656/f/uploads/1953_annual_town_reportpartb.pdf,atr,nodes,ERROR
Hampden,,https://www.hampdenma.gov/sites/g/files/vyhlif656/f/uploads/1953_annual_town_reportpartc.pdf,atr,nodes,ERROR
Hampden,,https://www.hampdenma.gov/sites/g/files/vyhlif656/f/uploads/1953_annual_town_reportpartd.pdf,atr,nodes,ERROR
Hampden,,https://www.hampdenma.gov/sites/g/files/vyhlif656/f/uploads/1953_annual_town_reportparte.pdf,atr,nodes,ERROR
Hampden,,https://www.hampdenma.gov/sites/g/files/vyhlif656/f/uploads/1958_annual_town_reportparta.pdf,atr,nodes,ERROR
Hampden,,https://www.hampdenma.gov/sites/g/files/vyhlif656/f/uploads/1958_annual_town_reportpartb.pdf,atr,nodes,ERROR
Hampden,,https://www.hampdenma.gov/sites/g/files/vyhlif656/f/uploads/1959_annual_town_report_-_part_a.pdf,atr,nodes,ERROR
Hampden,,https://www.hampdenma.gov/sites/g/files/vyhlif656/f/uploads/1959_annual_town_report_-_part_b.pdf,atr,nodes,ERROR
Hampden,,https://www.hampdenma.gov/sites/g/files/vyhlif656/f/uploads/1959_annual_town_report_-_part_c.pdf,atr,nodes,ERROR
Hampden,,https://www.hampdenma.gov/sites/g/files/vyhlif656/f/uploads/1960_annual_town_report_-_part_a.pdf,atr,nodes,ERROR
Hampden,,https://www.hampdenma.gov/sites/g/files/vyhlif656/f/uploads/1960_annual_town_report_-_part_b.pdf,atr,nodes,ERROR
Hampden,,https://www.hampdenma.gov/sites/g/files/vyhlif656/f/uploads/1960_annual_town_report_-_part_c.pdf,atr,nodes,ERROR
Hampden,,https://www.hampdenma.gov/sites/g/files/vyhlif656/f/uploads/1960_annual_town_report_-_part_d.pdf,atr,nodes,ERROR
Hampden,,https://www.hampdenma.gov/sites/g/files/vyhlif656/f/uploads/1961_annual_town_report_-_part_a.pdf,atr,nodes,ERROR
Hampden,,https://www.hampdenma.gov/sites/g/files/vyhlif656/f/uploads/1961_annual_town_report_-_part_b.pdf,atr,nodes,ERROR
Hampden,,https://www.hampdenma.gov/sites/g/files/vyhlif656/f/uploads/1961_annual_town_report_-_part_c.pdf,atr,nodes,ERROR
Hampden,,https://www.hampdenma.gov/sites/g/files/vyhlif656/f/uploads/1961_annual_town_report_-_part_d.pdf,atr,nodes,ERROR
Hampden,,https://www.hampdenma.gov/sites/g/files/vyhlif656/f/uploads/1962_annual_town_report_-_part_a.pdf,atr,nodes,ERROR
Hampden,,https://www.hampdenma.gov/sites/g/files/vyhlif656/f/uploads/1962_annual_town_report_-_part_b.pdf,atr,nodes,ERROR
Hampden,,https://www.hampdenma.gov/sites/g/files/vyhlif656/f/uploads/1962_annual_town_report_-_part_c.pdf,atr,nodes,ERROR
Hampden,,https://www.hampdenma.gov/sites/g/files/vyhlif656/f/uploads/1963_annual_reportsparta.pdf,atr,nodes,ERROR
Hampden,,https://www.hampdenma.gov/sites/g/files/vyhlif656/f/uploads/1963_annual_reportspartb.pdf,atr,nodes,ERROR
Hampden,,https://www.hampdenma.gov/sites/g/files/vyhlif656/f/uploads/1963_annual_reportspartc.pdf,atr,nodes,ERROR
Hampden,,https://www.hampdenma.gov/sites/g/files/vyhlif656/f/uploads/1964_annual_town_reportparta.pdf,atr,nodes,ERROR
Hampden,,https://www.hampdenma.gov/sites/g/files/vyhlif656/f/uploads/1964_annual_town_reportpartb.pdf,atr,nodes,ERROR
Hampden,,https://www.hampdenma.gov/sites/g/files/vyhlif656/f/uploads/1964_annual_town_reportpartc.pdf,atr,nodes,ERROR
Hampden,,https://www.hampdenma.gov/sites/g/files/vyhlif656/f/uploads/1964_annual_town_reportpartd.pdf,atr,nodes,ERROR
Hampden,,https://www.hampdenma.gov/sites/g/files/vyhlif656/f/uploads/1964_annual_town_reportparte.pdf,atr,nodes,ERROR
Hampden,,https://www.hampdenma.gov/sites/g/files/vyhlif656/f/uploads/1964_annual_town_reportpartf.pdf,atr,nodes,ERROR
Hampden,,https://www.hampdenma.gov/sites/g/files/vyhlif656/f/uploads/1965_annual_town_reportparta.pdf,atr,nodes,ERROR
Hampden,,https://www.hampdenma.gov/sites/g/files/vyhlif656/f/uploads/1965_annual_town_reportpartb_2.pdf,atr,nodes,ERROR
Hampden,,https://www.hampdenma.gov/sites/g/files/vyhlif656/f/uploads/1965_annual_town_reportpartb_3.pdf,atr,nodes,ERROR
Hampden,,https://www.hampdenma.gov/sites/g/files/vyhlif656/f/uploads/1965_annual_town_reportpartc_1_0.pdf,atr,nodes,ERROR
Hampden,,https://www.hampdenma.gov/sites/g/files/vyhlif656/f/uploads/1966_annual_town_reportparta.pdf,atr,nodes,ERROR
Hampden,,https://www.hampdenma.gov/sites/g/files/vyhlif656/f/uploads/1966_annual_town_reportpartb.pdf,atr,nodes,ERROR
Hampden,,https://www.hampdenma.gov/sites/g/files/vyhlif656/f/uploads/1966_annual_town_reportpartc.pdf,atr,nodes,ERROR
Hampden,,https://www.hampdenma.gov/sites/g/files/vyhlif656/f/uploads/1966_annual_town_reportpartd.pdf,atr,nodes,ERROR
Hampden,,https://www.hampdenma.gov/sites/g/files/vyhlif656/f/uploads/1966_annual_town_reportparte.pdf,atr,nodes,ERROR
Hampden,,https://www.hampdenma.gov/sites/g/files/vyhlif656/f/uploads/1967_annual_town_report_part_a.pdf,atr,nodes,ERROR
Hampden,,https://www.hampdenma.gov/sites/g/files/vyhlif656/f/uploads/1967_annual_town_report_part_b.pdf,atr,nodes,ERROR
Hampden,,https://www.hampdenma.gov/sites/g/files/vyhlif656/f/uploads/1967_annual_town_report_part_c.pdf,atr,nodes,ERROR
Hampden,,https://www.hampdenma.gov/sites/g/files/vyhlif656/f/uploads/1967_annual_town_report_part_d.pdf,atr,nodes,ERROR
Hampden,,https://www.hampdenma.gov/sites/g/files/vyhlif656/f/uploads/1967_annual_town_report_part_e.pdf,atr,nodes,ERROR
Hampden,,https://www.hampdenma.gov/sites/g/files/vyhlif656/f/uploads/1968_annual_town_report_part_a.pdf,atr,nodes,ERROR
Hampden,,https://www.hampdenma.gov/sites/g/files/vyhlif656/f/uploads/1968_annual_town_report_part_b.pdf,atr,nodes,ERROR
Hampden,,https://www.hampdenma.gov/sites/g/files/vyhlif656/f/uploads/1968_annual_town_report_part_c.pdf,atr,nodes,ERROR
Hampden,,https://www.hampdenma.gov/sites/g/files/vyhlif656/f/uploads/1968_annual_town_report_part_d.pdf,atr,nodes,ERROR
Hampden,,https://www.hampdenma.gov/sites/g/files/vyhlif656/f/uploads/1968_annual_town_report_part_e.pdf,atr,nodes,ERROR
Hampden,,https://www.hampdenma.gov/sites/g/files/vyhlif656/f/uploads/1969_annual_town_report_part_a.pdf,atr,nodes,ERROR
Hampden,,https://www.hampdenma.gov/sites/g/files/vyhlif656/f/uploads/1969_annual_town_report_part_b.pdf,atr,nodes,ERROR
Hampden,,https://www.hampdenma.gov/sites/g/files/vyhlif656/f/uploads/1969_annual_town_report_part_c.pdf,atr,nodes,ERROR
Hampden,,https://www.hampdenma.gov/sites/g/files/vyhlif656/f/uploads/1969_annual_town_report_part_d.pdf,atr,nodes,ERROR
Hampden,,https://www.hampdenma.gov/sites/g/files/vyhlif656/f/uploads/1969_annual_town_report_part_e.pdf,atr,nodes,ERROR
Hampden,,https://www.hampdenma.gov/sites/g/files/vyhlif656/f/uploads/1970_annual_town_reportparta.pdf,atr,nodes,ERROR
Hampden,,https://www.hampdenma.gov/sites/g/files/vyhlif656/f/uploads/1970_annual_town_reportpartb.pdf,atr,nodes,ERROR
Hampden,,https://www.hampdenma.gov/sites/g/files/vyhlif656/f/uploads/1970_annual_town_reportpartc.pdf,atr,nodes,ERROR
Hampden,,https://www.hampdenma.gov/sites/g/files/vyhlif656/f/uploads/1970_annual_town_reportpartd.pdf,atr,nodes,ERROR
Hampden,,https://www.hampdenma.gov/sites/g/files/vyhlif656/f/uploads/1970_annual_town_reportparte.pdf,atr,nodes,ERROR
Hampden,,https://www.hampdenma.gov/sites/g/files/vyhlif656/f/uploads/1970_annual_town_reportpartf.pdf,atr,nodes,ERROR
Hampden,,https://www.hampdenma.gov/sites/g/files/vyhlif656/f/uploads/1971_annual_town_report.pdf,atr,nodes,ERROR
Hampden,,https://www.hampdenma.gov/sites/g/files/vyhlif656/f/uploads/1972_annual_town_reportparta.pdf,atr,nodes,ERROR
Hampden,,https://www.hampdenma.gov/sites/g/files/vyhlif656/f/uploads/1972_annual_town_reportpartb.pdf,atr,nodes,ERROR
Hampden,,https://www.hampdenma.gov/sites/g/files/vyhlif656/f/uploads/1972_annual_town_reportpartc.pdf,atr,nodes,ERROR
Hampden,,https://www.hampdenma.gov/sites/g/files/vyhlif656/f/uploads/1972_annual_town_reportpartd.pdf,atr,nodes,ERROR
Hampden,,https://www.hampdenma.gov/sites/g/files/vyhlif656/f/uploads/1972_annual_town_reportparte.pdf,atr,nodes,ERROR
Hampden,,https://www.hampdenma.gov/sites/g/files/vyhlif656/f/uploads/1972_annual_town_reportpartf.pdf,atr,nodes,ERROR
Hampden,,https://www.hampdenma.gov/sites/g/files/vyhlif656/f/uploads/1973_annual_town_reportparta.pdf,atr,nodes,ERROR
Hampden,,https://www.hampdenma.gov/sites/g/files/vyhlif656/f/uploads/1973_annual_town_reportpartb.pdf,atr,nodes,ERROR
Hampden,,https://www.hampdenma.gov/sites/g/files/vyhlif656/f/uploads/1973_annual_town_reportpartc.pdf,atr,nodes,ERROR
Hampden,,https://www.hampdenma.gov/sites/g/files/vyhlif656/f/uploads/1973_annual_town_reportpartd.pdf,atr,nodes,ERROR
Hampden,,https://www.hampdenma.gov/sites/g/files/vyhlif656/f/uploads/1973_annual_town_reportparte.pdf,atr,nodes,ERROR
Hampden,,https://www.hampdenma.gov/sites/g/files/vyhlif656/f/uploads/1974_annual_town_reportparta.pdf,atr,nodes,ERROR
Hampden,,https://www.hampdenma.gov/sites/g/files/vyhlif656/f/uploads/1974_annual_town_reportpartb.pdf,atr,nodes,ERROR
Hampden,,https://www.hampdenma.gov/sites/g/files/vyhlif656/f/uploads/1974_annual_town_reportpartc.pdf,atr,nodes,ERROR
Hampden,,https://www.hampdenma.gov/sites/g/files/vyhlif656/f/uploads/1974_annual_town_reportpartd.pdf,atr,nodes,ERROR
Hampden,,https://www.hampdenma.gov/sites/g/files/vyhlif656/f/uploads/1974_annual_town_reportparte.pdf,atr,nodes,ERROR
Hampden,,https://www.hampdenma.gov/sites/g/files/vyhlif656/f/uploads/1975_annual_town_reportparta.pdf,atr,nodes,ERROR
Hampden,,https://www.hampdenma.gov/sites/g/files/vyhlif656/f/uploads/1975_annual_town_reportpartb.pdf,atr,nodes,ERROR
Hampden,,https://www.hampdenma.gov/sites/g/files/vyhlif656/f/uploads/1975_annual_town_reportpartc.pdf,atr,nodes,ERROR
Hampden,,https://www.hampdenma.gov/sites/g/files/vyhlif656/f/uploads/1975_annual_town_reportpartd.pdf,atr,nodes,ERROR
Hampden,,https://www.hampdenma.gov/sites/g/files/vyhlif656/f/uploads/1976_annual_town_report.pdf,atr,nodes,ERROR
Hampden,,https://www.hampdenma.gov/sites/g/files/vyhlif656/f/uploads/1977_annual_town_reportparta.pdf,atr,nodes,ERROR
Hampden,,https://www.hampdenma.gov/sites/g/files/vyhlif656/f/uploads/1977_annual_town_reportpartb.pdf,atr,nodes,ERROR
Hampden,,https://www.hampdenma.gov/sites/g/files/vyhlif656/f/uploads/1977_annual_town_reportpartc.pdf,atr,nodes,ERROR
Hampden,,https://www.hampdenma.gov/sites/g/files/vyhlif656/f/uploads/1977_annual_town_reportpartd.pdf,atr,nodes,ERROR
Hampden,,https://www.hampdenma.gov/sites/g/files/vyhlif656/f/uploads/1977_annual_town_reportparte.pdf,atr,nodes,ERROR
Hampden,,https://www.hampdenma.gov/sites/g/files/vyhlif656/f/uploads/1978_annual_town_reportparta.pdf,atr,nodes,ERROR
Hampden,,https://www.hampdenma.gov/sites/g/files/vyhlif656/f/uploads/1978_annual_town_reportpartb.pdf,atr,nodes,ERROR
Hampden,,https://www.hampdenma.gov/sites/g/files/vyhlif656/f/uploads/1978_annual_town_reportpartc.pdf,atr,nodes,ERROR
Hampden,,https://www.hampdenma.gov/sites/g/files/vyhlif656/f/uploads/1978_annual_town_reportpartd.pdf,atr,nodes,ERROR
Hampden,,https://www.hampdenma.gov/sites/g/files/vyhlif656/f/uploads/1978_annual_town_reportparte.pdf,atr,nodes,ERROR
Hampden,,https://www.hampdenma.gov/sites/g/files/vyhlif656/f/uploads/1979_annual_town_report.pdf,atr,nodes,ERROR
Hampden,,https://www.hampdenma.gov/sites/g/files/vyhlif656/f/uploads/hampden_annual_report_1934-sm.pdf,atr,nodes,ERROR
Hampden,,https://www.hampdenma.gov/sites/g/files/vyhlif656/f/uploads/hampden_annual_report_1938-sm.pdf,atr,nodes,ERROR
Hampden,,https://www.hampdenma.gov/sites/g/files/vyhlif656/f/uploads/hampden_annual_report_1939-sm.pdf,atr,nodes,ERROR
Hampden,,https://www.hampdenma.gov/sites/g/files/vyhlif656/f/uploads/hampden_annual_report_1941-sm.pdf,atr,nodes,ERROR
Hampden,,https://www.hampdenma.gov/sites/g/files/vyhlif656/f/uploads/hampden_annual_report_1943-sm.pdf,atr,nodes,ERROR
Hampden,,https://www.hampdenma.gov/sites/g/files/vyhlif656/f/uploads/hampden_annual_report_1944-sm.pdf,atr,nodes,ERROR
Hampden,,https://www.hampdenma.gov/sites/g/files/vyhlif656/f/uploads/hampden_annual_report_1945-sm.pdf,atr,nodes,ERROR
Hampden,,https://www.hampdenma.gov/sites/g/files/vyhlif656/f/uploads/hampden_annual_report_1947-sm.pdf,atr,nodes,ERROR
Hampden,,https://www.hampdenma.gov/sites/g/files/vyhlif656/f/uploads/hampden_annual_report_1951-sm.pdf,atr,nodes,ERROR
Hampden,,https://www.hampdenma.gov/sites/g/files/vyhlif656/f/uploads/hampden_annual_report_1952-sm.pdf,atr,nodes,ERROR
Hampden,,https://www.hampdenma.gov/sites/g/files/vyhlif656/f/uploads/hampden_annual_report_1954-sm.pdf,atr,nodes,ERROR
Hampden,,https://www.hampdenma.gov/sites/g/files/vyhlif656/f/uploads/hampden_annual_report_1955-sm.pdf,atr,nodes,ERROR
Hampden,,https://www.hampdenma.gov/sites/g/files/vyhlif656/f/uploads/hampden_annual_report_1956-sm.pdf,atr,nodes,ERROR
Hampden,,https://www.hampdenma.gov/sites/hampdenma/files/uploads/1909_annual_town_reportparta.pdf,atr,nodes,ERROR
Hampden,,https://www.hampdenma.gov/sites/hampdenma/files/uploads/1921_annual_town_reportparta.pdf,atr,nodes,ERROR
Hampden,,https://www.hampdenma.gov/sites/hampdenma/files/uploads/1922_annual_town_reportparta.pdf,atr,nodes,ERROR
Hampden,,https://www.hampdenma.gov/sites/hampdenma/files/uploads/1942_annual_town_reportpartc.pdf,atr,nodes,ERROR
Hampden,,https://www.hampdenma.gov/sites/hampdenma/files/uploads/1948_annual_town_reportparta.pdf,atr,nodes,ERROR
Hampden,,https://www.hampdenma.gov/sites/hampdenma/files/uploads/1950_annual_town_reportparta.pdf,atr,nodes,ERROR
Hampden,,https://www.hampdenma.gov/sites/hampdenma/files/uploads/1953_annual_town_reportpartb.pdf,atr,nodes,ERROR
Hampden,,https://www.hampdenma.gov/sites/hampdenma/files/uploads/1953_annual_town_reportpartd.pdf,atr,nodes,ERROR
Hampden,,https://www.hampdenma.gov/sites/hampdenma/files/uploads/1959_annual_town_report_-_part_c.pdf,atr,nodes,ERROR
Hampden,,https://www.hampdenma.gov/sites/hampdenma/files/uploads/1960_annual_town_report_-_part_a.pdf,atr,nodes,ERROR
Hampden,,https://www.hampdenma.gov/sites/hampdenma/files/uploads/1961_annual_town_report_-_part_b.pdf,atr,nodes,ERROR
Hampden,,https://www.hampdenma.gov/sites/hampdenma/files/uploads/1964_annual_town_reportpartb.pdf,atr,nodes,ERROR
Hampden,,https://www.hampdenma.gov/sites/hampdenma/files/uploads/1964_annual_town_reportparte.pdf,atr,nodes,ERROR
Hampden,,https://www.hampdenma.gov/sites/hampdenma/files/uploads/1966_annual_town_reportpartc.pdf,atr,nodes,ERROR
Hampden,,https://www.hampdenma.gov/sites/hampdenma/files/uploads/1968_annual_town_report_part_b.pdf,atr,nodes,ERROR
Hampden,,https://www.hampdenma.gov/sites/hampdenma/files/uploads/1969_annual_town_report_part_a.pdf,atr,nodes,ERROR
Hampden,,https://www.hampdenma.gov/sites/hampdenma/files/uploads/1969_annual_town_report_part_e.pdf,atr,nodes,ERROR
Hampden,,https://www.hampdenma.gov/sites/hampdenma/files/uploads/1970_annual_town_reportpartf.pdf,atr,nodes,ERROR
Hampden,,https://www.hampdenma.gov/sites/hampdenma/files/uploads/1973_annual_town_reportpartd.pdf,atr,nodes,ERROR
Hampden,,https://www.hampdenma.gov/sites/hampdenma/files/uploads/1974_annual_town_reportparta.pdf,atr,nodes,ERROR
Hampden,,https://www.hampdenma.gov/sites/hampdenma/files/uploads/1978_annual_town_reportpartc.pdf,atr,nodes,ERROR
Hampden,,https://www.hampdenma.gov/sites/hampdenma/files/uploads/1978_annual_town_reportparte.pdf,atr,nodes,ERROR
Hampden,,https://www.hampdenma.gov/sites/hampdenma/files/uploads/hampden_annual_report_1934-sm.pdf,atr,nodes,ERROR
Hampden,,https://www.hampdenma.gov/sites/hampdenma/files/uploads/hampden_annual_report_1954-sm.pdf,atr,nodes,ERROR
Hampden,,https://www.hampdenma.gov/sites/hampdenma/files/uploads/hampden_annual_report_1955-sm.pdf,atr,nodes,ERROR
Hubbardston,,http://hubbardstonma.us/pages/HubbardstonMA_WEbdocs/annualreport13.pdf,atr,nodes,ERROR
Hubbardston,,http://hubbardstonma.us/pages/HubbardstonMA_Webdocs/10annualreport.pdf,atr,nodes,ERROR
Hubbardston,,http://hubbardstonma.us/pages/HubbardstonMA_Webdocs/11annualreport.pdf,atr,nodes,ERROR
Hubbardston,,http://hubbardstonma.us/pages/HubbardstonMA_Webdocs/12annualreport.pdf,atr,nodes,ERROR
Hubbardston,,http://hubbardstonma.us/pages/HubbardstonMA_Webdocs/14annualreport.pdf,atr,nodes,ERROR
Hubbardston,,http://www.hubbardstonma.us/pages/HubbardstonMA_Webdocs/08annualreport.pdf,atr,nodes,ERROR
Hubbardston,,http://www.hubbardstonma.us/pages/hubbardstonma_webdocs/09annualreport.pdf,atr,nodes,ERROR
Hubbardston,,https://www.hubbardstonma.us/sites/g/files/vyhlif3276/f/uploads/annual_town_report_final.pdf,atr,nodes,ERROR
Chilmark,,http://www.sec.state.ma.us:80/MHC/mhcpdf/townreports/CT-Valley/ber.pdf,atr,nodes,ERROR
Chilmark,,http://www.sec.state.ma.us:80/mhc/mhcpdf/Town%20reports/SE-Mass/bro.pdf,atr,nodes,ERROR
Chilmark,,http://www.sec.state.ma.us:80/mhc/mhcpdf/townreports/Boston/bos.pdf,atr,nodes,ERROR
Chilmark,,http://www.sec.state.ma.us:80/mhc/mhcpdf/townreports/Essex/swa.pdf,atr,nodes,ERROR
Newburyport,,https://www.cityofnewburyport.com/sites/g/files/vyhlif7106/f/pages/wft_fy19_annual_report.pdf,atr,nodes,ERROR
Newburyport,,https://www.cityofnewburyport.com/sites/g/files/vyhlif7106/f/pages/wft_fy20_annual_report.pdf,atr,nodes,ERROR
Chatham,,http://www.chatham-ma.gov/Public_Documents/ChathamMA_Selectmen/Annual%20Report%202011.pdf,atr,nodes,ERROR
Oakham,,http://www.oakham-ma.gov/OakhamAnnualReport10.pdf,atr,nodes,ERROR
Paxton,,http://www.townofpaxton.net/sites/g/files/vyhlif4846/f/uploads/annual_report_1875_feb_14.pdf,atr,nodes,ERROR
Paxton,,http://www.townofpaxton.net/sites/g/files/vyhlif4846/f/uploads/annual_report_1884_feb_15.pdf,atr,nodes,ERROR
Paxton,,http://www.townofpaxton.net/sites/g/files/vyhlif4846/f/uploads/annual_report_1887_feb_14.pdf,atr,nodes,ERROR
Paxton,,http://www.townofpaxton.net/sites/g/files/vyhlif4846/f/uploads/annual_report_1891_feb_14.pdf,atr,nodes,ERROR
Paxton,,http://www.townofpaxton.net/sites/g/files/vyhlif4846/f/uploads/annual_report_1893_feb_15.pdf,atr,nodes,ERROR
Paxton,,http://www.townofpaxton.net/sites/g/files/vyhlif4846/f/uploads/annual_report_1894_feb_15.pdf,atr,nodes,ERROR
Paxton,,http://www.townofpaxton.net/sites/g/files/vyhlif4846/f/uploads/annual_report_1906_feb_1.pdf,atr,nodes,ERROR
Paxton,,http://www.townofpaxton.net/sites/g/files/vyhlif4846/f/uploads/annual_report_1910_feb_1.pdf,atr,nodes,ERROR
Paxton,,http://www.townofpaxton.net/sites/g/files/vyhlif4846/f/uploads/annual_report_1911_feb_1.pdf,atr,nodes,ERROR
Paxton,,http://www.townofpaxton.net/sites/g/files/vyhlif4846/f/uploads/annual_report_1913_feb_1.pdf,atr,nodes,ERROR
Paxton,,http://www.townofpaxton.net/sites/g/files/vyhlif4846/f/uploads/annual_report_1916_jan_1.pdf,atr,nodes,ERROR
Paxton,,http://www.townofpaxton.net/sites/g/files/vyhlif4846/f/uploads/annual_report_1920_jan_1.pdf,atr,nodes,ERROR
Paxton,,http://www.townofpaxton.net/sites/g/files/vyhlif4846/f/uploads/annual_report_1921_dec_31.pdf,atr,nodes,ERROR
Paxton,,http://www.townofpaxton.net/sites/g/files/vyhlif4846/f/uploads/annual_report_1922_dec_1.pdf,atr,nodes,ERROR
Paxton,,http://www.townofpaxton.net/sites/g/files/vyhlif4846/f/uploads/annual_report_1923_dec_31.pdf,atr,nodes,ERROR
Paxton,,http://www.townofpaxton.net/sites/g/files/vyhlif4846/f/uploads/annual_report_1928_dec_31.pdf,atr,nodes,ERROR
Paxton,,http://www.townofpaxton.net/sites/g/files/vyhlif4846/f/uploads/annual_report_1940_dec_31.pdf,atr,nodes,ERROR
Paxton,,http://www.townofpaxton.net/sites/g/files/vyhlif4846/f/uploads/annual_report_1941_dec_31.pdf,atr,nodes,ERROR
Paxton,,http://www.townofpaxton.net/sites/g/files/vyhlif4846/f/uploads/annual_report_1943_dec_31.pdf,atr,nodes,ERROR
Paxton,,http://www.townofpaxton.net/sites/g/files/vyhlif4846/f/uploads/annual_report_1948_dec_31.pdf,atr,nodes,ERROR
Paxton,,http://www.townofpaxton.net/sites/g/files/vyhlif4846/f/uploads/annual_report_1950_dec_31.pdf,atr,nodes,ERROR
Paxton,,http://www.townofpaxton.net/sites/g/files/vyhlif4846/f/uploads/annual_report_1951_dec_31.pdf,atr,nodes,ERROR
Paxton,,http://www.townofpaxton.net/sites/g/files/vyhlif4846/f/uploads/annual_report_1955_dec_31.pdf,atr,nodes,ERROR
Paxton,,http://www.townofpaxton.net/sites/g/files/vyhlif4846/f/uploads/annual_report_1960_dec_31.pdf,atr,nodes,ERROR
Paxton,,http://www.townofpaxton.net/sites/g/files/vyhlif4846/f/uploads/annual_report_1961_dec_15.pdf,atr,nodes,ERROR
Paxton,,http://www.townofpaxton.net/sites/g/files/vyhlif4846/f/uploads/annual_report_1962_dec_15.pdf,atr,nodes,ERROR
Paxton,,http://www.townofpaxton.net/sites/g/files/vyhlif4846/f/uploads/annual_report_1965_dec_31.pdf,atr,nodes,ERROR
Paxton,,http://www.townofpaxton.net/sites/g/files/vyhlif4846/f/uploads/annual_report_1975_june_30.pdf,atr,nodes,ERROR
Paxton,,http://www.townofpaxton.net/sites/g/files/vyhlif4846/f/uploads/annual_report_1978_june_30.pdf,atr,nodes,ERROR
Paxton,,https://www.townofpaxton.net/sites/g/files/vyhlif4846/f/uploads/annual_report_1878_feb_15.pdf,atr,nodes,ERROR
Paxton,,https://www.townofpaxton.net/sites/g/files/vyhlif4846/f/uploads/annual_report_1883_feb_15.pdf,atr,nodes,ERROR
Paxton,,https://www.townofpaxton.net/sites/g/files/vyhlif4846/f/uploads/annual_report_1888_feb_14.pdf,atr,nodes,ERROR
Paxton,,https://www.townofpaxton.net/sites/g/files/vyhlif4846/f/uploads/annual_report_1896_feb_14.pdf,atr,nodes,ERROR
Paxton,,https://www.townofpaxton.net/sites/g/files/vyhlif4846/f/uploads/annual_report_1914_feb_1.pdf,atr,nodes,ERROR
Paxton,,https://www.townofpaxton.net/sites/g/files/vyhlif4846/f/uploads/annual_report_1917_jan_1.pdf,atr,nodes,ERROR
Paxton,,https://www.townofpaxton.net/sites/g/files/vyhlif4846/f/uploads/annual_report_1930_dec_31.pdf,atr,nodes,ERROR
Paxton,,https://www.townofpaxton.net/sites/g/files/vyhlif4846/f/uploads/annual_report_1936_dec_31.pdf,atr,nodes,ERROR
Paxton,,https://www.townofpaxton.net/sites/g/files/vyhlif4846/f/uploads/annual_report_1937_dec_31.pdf,atr,nodes,ERROR
Paxton,,https://www.townofpaxton.net/sites/g/files/vyhlif4846/f/uploads/annual_report_1938_dec_31.pdf,atr,nodes,ERROR
Paxton,,https://www.townofpaxton.net/sites/g/files/vyhlif4846/f/uploads/annual_report_1954_dec_15.pdf,atr,nodes,ERROR
Paxton,,https://www.townofpaxton.net/sites/g/files/vyhlif4846/f/uploads/annual_report_1956_dec_31.pdf,atr,nodes,ERROR
Paxton,,https://www.townofpaxton.net/sites/g/files/vyhlif4846/f/uploads/annual_report_1957_dec_31.pdf,atr,nodes,ERROR
Paxton,,https://www.townofpaxton.net/sites/g/files/vyhlif4846/f/uploads/annual_report_1958_dec_31.pdf,atr,nodes,ERROR
Paxton,,https://www.townofpaxton.net/sites/g/files/vyhlif4846/f/uploads/annual_report_1967_dec_31.pdf,atr,nodes,ERROR
Paxton,,https://www.townofpaxton.net/sites/g/files/vyhlif4846/f/uploads/annual_report_1968_dec_31.pdf,atr,nodes,ERROR
Paxton,,https://www.townofpaxton.net/sites/g/files/vyhlif4846/f/uploads/annual_report_1973_dec_31.pdf,atr,nodes,ERROR
Sterling,,http://www.sterling-ma.gov/sites/sterlingma/files/file/file/10annualreport.pdf,atr,nodes,ERROR
Sterling,,http://www.sterling-ma.gov/sites/sterlingma/files/file/file/12annualreport.pdf,atr,nodes,ERROR
Sterling,,https://www.sterling-ma.gov/sites/sterlingma/files/file/file/07annualreport.pdf,atr,nodes,ERROR
Sterling,,https://www.sterling-ma.gov/sites/sterlingma/files/file/file/08annualreport.pdf,atr,nodes,ERROR
Sterling,,https://www.sterling-ma.gov/sites/sterlingma/files/file/file/09annualreport.pdf,atr,nodes,ERROR
Sterling,,https://www.sterling-ma.gov/sites/sterlingma/files/file/file/11annualreport.pdf,atr,nodes,ERROR
Sterling,,https://www.sterling-ma.gov/sites/sterlingma/files/file/file/13annualreport.pdf,atr,nodes,ERROR
Milton,,http://www.townofmilton.org:80/Public_Documents/MiltonMA_Clerk/Town%20Meeting/TMM%20Attendance/TMM%20Attendance%202014/TMM%20%20ATTENDANCE%205-12-14%20for%20annual%20report.pdf,atr,nodes,ERROR
Milton,,http://www.townofmilton.org:80/Public_Documents/MiltonMA_Clerk/Town%20Meeting/TMM%20Attendance/TMM%20Attendance%202014/TMM%20%20ATTENDANCE%205-5-14%20for%20annual%20report.pdf,atr,nodes,ERROR
Milton,,http://www.townofmilton.org:80/Public_Documents/MiltonMA_Clerk/Town%20Meeting/TMM%20Attendance/TMM%20Attendance%202014/TMM%20%20ATTENDANCE%205-6-14%20for%20annual%20report.pdf,atr,nodes,ERROR
Milton,,http://www.townofmilton.org:80/Public_Documents/MiltonMA_Clerk/Town%20Meeting/TMM%20Attendance/TMM%20Attendance%202014/TMM%20%20ATTENDANCE%205-8-14%20for%20annual%20report.pdf,atr,nodes,ERROR
Cohasset,,http://www.cohassetma.org//uploads/Town%20Reports/FINANCE.PDF,atr,nodes,ERROR
Salisbury,,https://www.salisburyma.gov/sites/g/files/vyhlif1166/f/u316/fy15_salisbury_town_report.pdf,atr,nodes,ERROR
Townsend,,https://townsendma.gov/government/board_of_selectmen/Documents/Boards Committees/review.pdf,atr_by_context,nodes,ERROR
Townsend,,https://townsendma.gov/government/board_of_selectmen/Documents/Boards Committees/skm_454e23040311550.pdf,atr_by_context,nodes,ERROR
Townsend,,https://townsendma.gov/government/board_of_selectmen/Documents/Boards Committees/townsend_first.pdf,atr_by_context,nodes,ERROR
Townsend,,https://townsendma.gov/government/board_of_selectmen/Government/Selectboard/6.6.25_FINAL_TownsendDigitalEquityPlan.pdf,atr_by_context,nodes,ERROR
Townsend,,https://townsendma.gov/government/board_of_selectmen/Government/Selectboard/Policy for use Memorial Hall Auditorium - Townsend fillable.pdf,atr_by_context,nodes,ERROR
Oxford,,https://www.oxfordma.us/sites/g/files/vyhlif4836/f/uploads/final_town_report_web_version.pdf,atr,nodes,ERROR
Oxford,,https://www.oxfordma.us/sites/g/files/vyhlif4836/f/uploads/year_1_annual_report_signed.pdf,atr,nodes,ERROR
Oxford,,https://www.oxfordma.us/sites/g/files/vyhlif4836/f/uploads/year_2_annual_report_signed.pdf,atr,nodes,ERROR
Aquinnah,,http://www.aquinnah-ma.gov/sites/default/files/06-20-17%20AQUINNAH%20ANNUAL%20REPORT._4_0.pdf,atr,nodes,ERROR
Mashpee,,http://www.mashpeema.gov/Pages/MashpeeMA_Webdocs/reports/TownReport10.pdf,atr,nodes,ERROR
Upton,,http://www.uptonma.gov:80/sites/uptonma/files/uploads/annual_report.pdf,atr,nodes,ERROR
Wellfleet,,http://www.wellfleet-ma.gov/sites/wellfleetma/files/file/file/report_-_town_reports_-_atm_042604.pdf,atr,nodes,ERROR
Wellfleet,,http://www.wellfleet-ma.gov/sites/wellfleetma/files/file/file/report_-_town_reports_-_atm_election_042307.pdf,atr,nodes,ERROR
Wellfleet,,http://www.wellfleet-ma.gov/sites/wellfleetma/files/file/file/report_-_town_reports_-_atm_election_042505.pdf,atr,nodes,ERROR
Wellfleet,,http://www.wellfleet-ma.gov/sites/wellfleetma/files/file/file/report_-_town_reports_-_stm_032607.pdf,atr,nodes,ERROR
Wellfleet,,http://www.wellfleet-ma.gov/sites/wellfleetma/files/file/file/report_-_town_reports_-_stm_042604.pdf,atr,nodes,ERROR
Wellfleet,,http://www.wellfleet-ma.gov/sites/wellfleetma/files/file/file/report_-_town_reports_-_stm_101804.pdf,atr,nodes,ERROR
Wellfleet,,http://www.wellfleet-ma.gov/sites/wellfleetma/files/file/file/report_-_town_reports_-_stm_120307.pdf,atr,nodes,ERROR
Wellfleet,,http://www.wellfleet-ma.gov/sites/wellfleetma/files/file/file/report_-_town_reports_-_stm_election_112805.pdf,atr,nodes,ERROR
Wellfleet,,http://www.wellfleet-ma.gov/sites/wellfleetma/files/town_report_cover_contest.pdf,atr,nodes,ERROR
Wellfleet,,https://www.wellfleet-ma.gov/sites/g/files/vyhlif16026/f/agendas/sab_annual_report.pdf,atr,nodes,ERROR
Wellfleet,,https://www.wellfleet-ma.gov/sites/g/files/vyhlif16026/f/events/sab_annual_report.pdf,atr,nodes,ERROR
Wellfleet,,https://www.wellfleet-ma.gov/sites/g/files/vyhlif16026/f/file/file/report_-_town_reports_-_atm_042604.pdf,atr,nodes,ERROR
Wellfleet,,https://www.wellfleet-ma.gov/sites/g/files/vyhlif16026/f/file/file/report_-_town_reports_-_atm_election_042307.pdf,atr,nodes,ERROR
Wellfleet,,https://www.wellfleet-ma.gov/sites/g/files/vyhlif16026/f/file/file/report_-_town_reports_-_atm_election_042505.pdf,atr,nodes,ERROR
Wellfleet,,https://www.wellfleet-ma.gov/sites/g/files/vyhlif16026/f/file/file/report_-_town_reports_-_stm_032607.pdf,atr,nodes,ERROR
Wellfleet,,https://www.wellfleet-ma.gov/sites/g/files/vyhlif16026/f/file/file/report_-_town_reports_-_stm_042604.pdf,atr,nodes,ERROR
Wellfleet,,https://www.wellfleet-ma.gov/sites/g/files/vyhlif16026/f/file/file/report_-_town_reports_-_stm_101804.pdf,atr,nodes,ERROR
Wellfleet,,https://www.wellfleet-ma.gov/sites/g/files/vyhlif16026/f/file/file/report_-_town_reports_-_stm_120307.pdf,atr,nodes,ERROR
Wellfleet,,https://www.wellfleet-ma.gov/sites/g/files/vyhlif16026/f/file/file/report_-_town_reports_-_stm_election_112805.pdf,atr,nodes,ERROR
Eastham,,http://www.eastham-ma.gov/Public_Documents/EasthamMA_BBoard/0557AD69-000F8513.0/Annual%20Report%202015.pdf,atr,nodes,ERROR
Eastham,,http://www.eastham-ma.gov/Public_Documents/EasthamMA_BBoard/I0557AFEF.0/Annual%20Report%202015.pdf,atr,nodes,ERROR
Eastham,,http://www.eastham-ma.gov/Public_Documents/EasthamMA_WebDocs/townreports/Annual%20Town%20Report%202014.pdf,atr,nodes,ERROR
Eastham,,http://www.eastham-ma.gov/Public_Documents/EasthamMA_WebDocs/townreports/Annual%20Town%20Report%202015.pdf,atr,nodes,ERROR
Eastham,,http://www.eastham-ma.gov/Public_Documents/EasthamMA_WebDocs/townreports/TownRpt12.pdf,atr,nodes,ERROR
Eastham,,http://www.eastham-ma.gov/Public_Documents/EasthamMA_webdocs/townreports/Annual%20Town%20Report%202013.pdf,atr,nodes,ERROR
Belmont,,http://www.belmont-ma.gov/sites/belmontma/files/u146/npdes_annual_report_4-1-14_to_3-31-15.pdf,atr,nodes,ERROR
Belmont,,https://www.belmont-ma.gov/sites/g/files/vyhlif12826/f/uploads/annual_report_total_-_final_-_for_web.pdf,atr,nodes,ERROR
Belmont,,https://www.belmont-ma.gov/sites/g/files/vyhlif2801/f/file/file/raffle_annual_report_master.pdf,atr,nodes,ERROR
Halifax,,http://www.mass.gov/eohhs/docs/dph/cdc/factsheets/d-f/eee.pdf,atr_by_context,nodes,ERROR
Halifax,,http://www.mass.gov/eohhs/docs/dph/cdc/factsheets/wnv.pdf,atr_by_context,nodes,ERROR
Georgetown,,http://www.georgetownma.gov:80/public_documents/georgetownma_bcomm/townreports/Town%20Report%20FY08.pdf,atr,nodes,ERROR
Topsfield,,http://www.topsfield-ma.gov/documents/FY06annualreport.pdf,atr,nodes,ERROR
Lanesborough,,https://lanesborough-ma.gov/government/town_reports/Document Center/Business/Business Directory/PACE Program/pace_ma_program_info.pdf,atr,nodes,ERROR
Lanesborough,,https://lanesborough-ma.gov/government/town_reports/Document Center/Community/cable_contract.pdf,atr,nodes,ERROR
Lanesborough,,https://lanesborough-ma.gov/government/town_reports/Document Center/Community/visitor_code_of_conduct_policy.pdf,atr,nodes,ERROR
Lanesborough,,https://lanesborough-ma.gov/government/town_reports/Document Center/Department/Animal Control/Complaint Form/animal_control_complaint_form.pdf,atr,nodes,ERROR
Lanesborough,,https://lanesborough-ma.gov/government/town_reports/Document Center/Department/Emergency Management/lanesborough_hazard_mitigation_plan_final_fema_approved_3-26-19.pdf,atr,nodes,ERROR
Lanesborough,,https://lanesborough-ma.gov/government/town_reports/Document Center/Department/Town Collector/bhrd_tax_collection_agreement.pdf,atr,nodes,ERROR
Lanesborough,,https://lanesborough-ma.gov/government/town_reports/Document Center/Department/Treasurer/general_fund_and_long_term_funds_investmen_policy_statement.pdf,atr,nodes,ERROR
Lanesborough,,https://lanesborough-ma.gov/government/town_reports/Document Center/Department/Treasurer/opeb_trust_investmen_policy_statement_0.pdf,atr,nodes,ERROR
Lanesborough,,https://lanesborough-ma.gov/government/town_reports/Document Center/Department/Veterans Services/veterans_food_pantry.pdf,atr,nodes,ERROR
Lanesborough,,https://lanesborough-ma.gov/government/town_reports/Document Center/How Do I/Apply For/public_records_access_guidelines_2.pdf,atr,nodes,ERROR
Lanesborough,,https://www.lanesborough-ma.gov/sites/g/files/vyhlif761/f/uploads/annual_report_20141.pdf,atr,nodes,ERROR
Lanesborough,,https://www.lanesborough-ma.gov/sites/g/files/vyhlif761/f/uploads/annual_town_report_20151.pdf,atr,nodes,ERROR
Lanesborough,,https://www.lanesborough-ma.gov/sites/g/files/vyhlif761/f/uploads/lanesborough_town_report.pdf,atr,nodes,ERROR
Boylston,,https://www.boylston-ma.gov/sites/g/files/vyhlif4171/f/uploads/boylston_permit_year_1_annual_report.pdf,atr,nodes,ERROR
Boylston,,https://www.boylston-ma.gov/sites/g/files/vyhlif4171/f/uploads/boylston_permit_year_2_annual_report.pdf,atr,nodes,ERROR
Boylston,,https://www.boylston-ma.gov/sites/g/files/vyhlif4171/f/uploads/boylston_permit_year_5_annual_report_web.pdf,atr,nodes,ERROR
Boylston,,https://www.boylston-ma.gov/sites/g/files/vyhlif4171/f/uploads/boylston_year_3_annual_report.pdf,atr,nodes,ERROR
Boylston,,https://www.boylston-ma.gov/system/files/uploads/boylston_permit_year_4_annual_report_web.pdf,atr,nodes,ERROR
Freetown,,https://www.freetownma.gov/sites/g/files/vyhlif4441/f/news/fy18_town_report_20181204130518.pdf,atr,nodes,ERROR
Freetown,,https://www.freetownma.gov/sites/g/files/vyhlif4441/f/news/fy19_annual_town_report_20200122125650.pdf,atr,nodes,ERROR
Freetown,,https://www.freetownma.gov/sites/g/files/vyhlif4441/f/pages/fy20_annual_town_report.pdf,atr,nodes,ERROR
Lanesborough,,http://www.lanesborough-ma.gov:80/Public_Documents/LanesboroughMA_WebDocs/townreport.pdf,atr,nodes,ERROR
Bourne,,http://www.townofbourne.com:80/sites/bournema/files/file/file/fy12townreport.pdf,atr,nodes,ERROR
Plainville,,http://www.plainville.ma.us/Pages/PlainvilleMA_Clerk/S005F5B54-04C3BD1A.11/Annual%20Report%20FY13.pdf,atr,nodes,ERROR
Plainville,,http://www.plainville.ma.us/Pages/PlainvilleMA_Clerk/S005F5B54-051BE958.0/ANNUAL%20REPORT%20FY11.pdf,atr,nodes,ERROR
Plainville,,http://www.plainville.ma.us/Pages/PlainvilleMA_Clerk/S005F5B54-051BE958.1/ANNUAL%20REPORT-%20FY10.pdf,atr,nodes,ERROR
Plainville,,http://www.plainville.ma.us/Pages/PlainvilleMA_Clerk/S005F5B54-051BE958.2/ANNUAL%20REPORT%20FY12.pdf,atr,nodes,ERROR
Plainville,,http://www.plainville.ma.us/Pages/PlainvilleMA_Clerk/S005F5B54-051BE958.7/Annual%20Report%20FY13.pdf,atr,nodes,ERROR
Plainville,,https://www.plainville.ma.us/sites/g/files/vyhlif4871/f/uploads/annual_report-_fy10.pdf,atr,nodes,ERROR
Plainville,,https://www.plainville.ma.us/sites/g/files/vyhlif4871/f/uploads/annual_report-_fy15_proof.pdf,atr,nodes,ERROR
Plainville,,https://www.plainville.ma.us/sites/g/files/vyhlif4871/f/uploads/annual_report_fy11.pdf,atr,nodes,ERROR
Plainville,,https://www.plainville.ma.us/sites/g/files/vyhlif4871/f/uploads/annual_report_fy12.pdf,atr,nodes,ERROR
Plainville,,https://www.plainville.ma.us/sites/g/files/vyhlif4871/f/uploads/annual_report_fy13.pdf,atr,nodes,ERROR
Plainville,,https://www.plainville.ma.us/sites/g/files/vyhlif4871/f/uploads/annual_report_fy14.pdf,atr,nodes,ERROR
Plainville,,https://www.plainville.ma.us/sites/g/files/vyhlif4871/f/uploads/annual_report_fy17.pdf,atr,nodes,ERROR
Plainville,,https://www.plainville.ma.us/sites/g/files/vyhlif4871/f/uploads/annual_report_of_the_board_of_selectmen_fy19_0.pdf,atr,nodes,ERROR
Plainville,,https://www.plainville.ma.us/sites/g/files/vyhlif4871/f/uploads/annual_reporting_form.pdf,atr,nodes,ERROR
Plainville,,https://www.plainville.ma.us/sites/g/files/vyhlif4871/f/uploads/annual_town_report_fy20.pdf,atr,nodes,ERROR
Lynnfield,,http://www.town.lynnfield.ma.us/Pages/LynnfieldMA_BComm/historical/Annual%20Report%202010.pdf,atr,nodes,NOT_PDF
Lynnfield,,http://www.town.lynnfield.ma.us/Pages/LynnfieldMA_Fire/Town%20Report.pdf,atr,nodes,NOT_PDF
Lynnfield,,https://www.town.lynnfield.ma.us/sites/g/files/vyhlif3391/f/pages/lynnfield_ma_year-3_npdes_annual_report.pdf,atr,nodes,NOT_PDF
Lynnfield,,https://www.town.lynnfield.ma.us/sites/g/files/vyhlif3391/f/pages/lynnfield_ma_year_1_npdes_annual_report.pdf,atr,nodes,NOT_PDF
Lynnfield,,https://www.town.lynnfield.ma.us/sites/g/files/vyhlif3391/f/pages/lynnfield_ma_year_2_npdes_annual_report.pdf,atr,nodes,NOT_PDF
Lynnfield,,https://www.town.lynnfield.ma.us/sites/g/files/vyhlif3391/f/pages/new_raffle_permit_annual_report_form.pdf,atr,nodes,NOT_PDF
Deerfield,,http://www.deerfieldma.us/Pages/DeerfieldMA_Police/Annual%20Report%202013.pdf,atr,nodes,ERROR
Deerfield,,https://www.deerfieldma.us/sites/g/files/vyhlif3001/f/uploads/dpd_annual_report_0.pdf,atr,nodes,ERROR
Deerfield,,https://www.deerfieldma.us/sites/g/files/vyhlif3001/f/uploads/raffle_permit_annual_report.pdf,atr,nodes,ERROR
Sandwich,,http://sandwichmass.org:80/PublicDocuments/AnnualReports/Town_Voting_Precincts.pdf,atr,nodes,ERROR
Sandwich,,http://www.sandwichmass.org:80/PublicDocuments/Sandwich%202010%20Town%20Report.pdf,atr,nodes,ERROR
Hopedale,,http://www.hopedale-ma.gov:80/sites/hopedalema/files/uploads/fy16_annual_town_report_0.pdf,atr,nodes,ERROR
Westborough,,https://www.town.westborough.ma.us/sites/g/files/vyhlif5176/f/uploads/wcc_priorities_for_annual_report.pdf,atr,nodes,ERROR
Foxborough,,http://www.foxboroughma.gov/Pages/FoxboroughMA_News/020C8113-000F8513.0/Town%20Report%202014.pdf,atr,nodes,ERROR
Foxborough,,http://www.foxboroughma.gov/Pages/FoxboroughMA_News/023A0BDF-000F8513.0/Town%20Report%202015.pdf,atr,nodes,ERROR
Foxborough,,http://www.foxboroughma.gov/Pages/FoxboroughMA_News/I020C813D.0/Town%20Report%202014.pdf,atr,nodes,ERROR
Foxborough,,http://www.foxboroughma.gov/Pages/FoxboroughMA_News/I023A0C24.0/Town%20Report%202015.pdf,atr,nodes,ERROR
Foxborough,,https://foxboroughma.gov/UserFiles/Servers/Server_15207780/File/Departments/Conservation/Annual Report/AR18.pdf,atr,nodes,ERROR
Berlin,,https://www.townofberlin.com/sites/g/files/vyhlif4156/f/uploads/fy_18_town_report_page_1-2.pdf,atr,nodes,ERROR
Berlin,,https://www.townofberlin.com/sites/g/files/vyhlif4156/f/uploads/fy_18_town_report_page_3.pdf,atr,nodes,ERROR
Berlin,,https://www.townofberlin.com/sites/g/files/vyhlif4156/f/uploads/fy_18_town_report_page_4.pdf,atr,nodes,ERROR
Berlin,,https://www.townofberlin.com/sites/g/files/vyhlif4156/f/uploads/fy_18_town_report_page_5.pdf,atr,nodes,ERROR
Berlin,,https://www.townofberlin.com/sites/g/files/vyhlif4156/f/uploads/fy_18_town_report_page_6.pdf,atr,nodes,ERROR
Lunenburg,,https://www.lunenburgma.gov/sites/default/files/field/files-docs/lunenburg_year_1_annual_report_signed.pdf,atr,nodes,ERROR
Lunenburg,,https://www.lunenburgma.gov/sites/default/files/field/files-docs/lunenburg_year_2_annual_report_for_submittal.pdf,atr,nodes,ERROR
Lunenburg,,https://www.lunenburgma.gov/sites/default/files/field/files-docs/lunenburg_year_3_annual_report_for_submittal.pdf,atr,nodes,ERROR
Wayland,,http://www.wayland.ma.us:80/Town%20Report%202004.pdf,atr,nodes,ERROR
Wayland,,http://www.wayland.ma.us:80/selectmen/Town%20Report%202008.pdf,atr,nodes,ERROR
Mansfield,,http://www.mansfieldma.com:80/clerk/downloads/Annual_Report_%202001.pdf,atr,nodes,ERROR
Rowley,,http://www.townofrowley.net:80/pdf/100520_Town_Report.pdf,atr,nodes,ERROR
Saugus,,http://saugus-ma.gov/Pages/SaugusMA_Selectmen/FY15-AnnualReport.pdf,atr,nodes,ERROR
Saugus,,http://www.saugus-ma.gov/Pages/SaugusMA_Selectmen/FY14AnnualReport.pdf,atr,nodes,ERROR
Saugus,,http://www.saugus-ma.gov/sites/saugusma/files/news/fy15_annual_report.pdf,atr,nodes,ERROR
Saugus,,http://www.saugus-ma.gov/sites/saugusma/files/uploads/fy13_annual_report.pdf,atr,nodes,ERROR
Saugus,,http://www.saugus-ma.gov/sites/saugusma/files/uploads/fy14_annual_report.pdf,atr,nodes,ERROR
Saugus,,http://www.saugus-ma.gov/sites/saugusma/files/uploads/fy15_annual_report.pdf,atr,nodes,ERROR
Saugus,,https://www.saugus-ma.gov/sites/g/files/vyhlif1181/f/uploads/fy13_annual_report.pdf,atr,nodes,ERROR
Saugus,,https://www.saugus-ma.gov/sites/g/files/vyhlif1181/f/uploads/fy14_annual_report.pdf,atr,nodes,ERROR
Saugus,,https://www.saugus-ma.gov/sites/g/files/vyhlif1181/f/uploads/fy16_annual_report.pdf,atr,nodes,ERROR
Saugus,,https://www.saugus-ma.gov/sites/g/files/vyhlif1181/f/uploads/fy17annualreport.pdf,atr,nodes,ERROR
Saugus,,https://www.saugus-ma.gov/sites/g/files/vyhlif1181/f/uploads/fy18_annual_report.pdf,atr,nodes,ERROR
Saugus,,https://www.saugus-ma.gov/sites/g/files/vyhlif1181/f/uploads/fy19_annual_report.pdf,atr,nodes,ERROR
Lakeville,,http://lakevillema.org/Town%20Report/LAKEVILLE%202017%20TR-WEB%20COPY.pdf,atr,nodes,ERROR
Lakeville,,http://lakevillema.org/uploads/LAKEVILLE%202011%20Town%20Report.pdf,atr,nodes,ERROR
Lakeville,,http://www.lakevillema.org/uploads/Lakeville%202012%20Town%20Report-Web%20Copy.pdf,atr,nodes,ERROR
Wayland,,https://www.wayland.ma.us/sites/g/files/vyhlif4016/f/faqs/town_report.pdf,atr,nodes,ERROR
Wayland,,https://www.wayland.ma.us/sites/g/files/vyhlif4016/f/uploads/fy18_fincom_annual_report.pdf,atr,nodes,ERROR
Ludlow,,http://www.ludlow.ma.us:80/building/reports/annual_report.pdf,atr,nodes,ERROR
Orange,,http://www.townoforange.org/pages/OrangeMA_Selectmen/FY12%20Annual%20Report.pdf,atr,nodes,ERROR
Swansea,,https://cms8.revize.com/revize/bethanyok/Bethany%20Annual%20Report%20Magazine%20FY24_FINAL.pdf?t=202504091234480&t=202504091234480,atr,nodes,ERROR
Swansea,,https://cms8.revize.com/revize/bethanyok/Bethany%20Annual%20Report%20Magazine_MK10%20Final%20Draft.pdf?t=202404091013200&t=202404091013200,atr,nodes,ERROR
Swansea,,https://cms8.revize.com/revize/bettendorfia/Fire/BFRD%20Annual%20Report%202022.pdf,atr,nodes,ERROR
Swansea,,https://cms8.revize.com/revize/booneil/Departments/sheriff/annual%20reports/Annual%20Report%202021.pdf,atr,nodes,NOT_PDF
Swansea,,https://cms8.revize.com/revize/brownstownmi//document_center/Open%20Government/Retirement%20System%20Annual%20Report%20-%20OPEB%20-%202020.pdf,atr,nodes,ERROR
Swansea,,https://cms8.revize.com/revize/cedarrapids/Public%20Works/Stormwater%20Master%20Plan/City%20of%20Cedar%20Rapids%20MS4%20Annual%20Report%202022.pdf,atr,nodes,ERROR
Bourne,,http://www.townofbourne.com/Town%20Report.pdf,atr,nodes,ERROR
Bourne,,http://www.townofbourne.com/sites/bournema/files/file/file/townreport07a.pdf,atr,nodes,ERROR
Bourne,,https://www.townofbourne.com/sites/g/files/vyhlif12841/f/file/file/fy12townreport.pdf,atr,nodes,ERROR
Bourne,,https://www.townofbourne.com/sites/g/files/vyhlif12841/f/file/file/townreport07a.pdf,atr,nodes,ERROR
Bourne,,https://www.townofbourne.com/sites/g/files/vyhlif7346/f/file/file/fy12townreport.pdf,atr,nodes,ERROR
Bourne,,https://www.townofbourne.com/sites/g/files/vyhlif7346/f/file/file/townreport07a.pdf,atr,nodes,ERROR
Bourne,,https://www.townofbourne.com/sites/g/files/vyhlif7346/f/uploads/capelightbourne_fy19_town_report_3.pdf,atr,nodes,ERROR
Groveland,,https://www.grovelandma.com/sites/g/files/vyhlif3191/f/uploads/groveland_year_1_annual_report_signed.pdf,atr,nodes,ERROR
Groveland,,https://www.grovelandma.com/sites/grovelandma/files/uploads/groveland_year_1_annual_report_signed.pdf,atr,nodes,ERROR
Concord,,http://www.concordma.gov:80/pages/ConcordMA_LightPlant/Smart%20Grid%20Annual%20Report_July%202010.pdf,atr,nodes,ERROR
Sandwich,,http://www.sandwichmass.org/PublicDocuments/Sandwich%202006%20Town%20Report.pdf,atr,nodes,ERROR
Wellesley,,http://wellesleyma.gov/Pages/WellesleyMA_DPW/NPDES%20Phase%20II%20Small%20MS4%20GP%20Annual%20Report%202014.pdf,atr,nodes,ERROR
Wellesley,,http://wellesleyma.gov/pages/wellesleyma_dpw/Annual%20Report%202012.pdf,atr,nodes,ERROR
Wellesley,,http://wellesleyma.gov/pages/wellesleyma_dpw/Annual%20Report%202013.pdf,atr,nodes,ERROR
Wellesley,,http://www.wellesleyma.gov/Pages/FOV1-0001FDAE/tr09/Annual%20Report.pdf,atr,nodes,ERROR
Wellesley,,http://www.wellesleyma.gov/Pages/FOV1-0001FDAE/tr09/Expense%202009%20Fund%201for%20Annual%20Report.pdf,atr,nodes,ERROR
Wellesley,,http://www.wellesleyma.gov/Pages/FOV1-0001FDB3/NPDES%20Phase%20II%20Small%20MS4%20GP%20Annual%20Report%202014.pdf,atr,nodes,ERROR
Wellesley,,http://www.wellesleyma.gov/Pages/FOV1-0001FDBB/FOV1-0001FDBB/forms/raffles_and_bazaar_annual_report.pdf,atr,nodes,ERROR
Wellesley,,http://www.wellesleyma.gov/Pages/WellesleyMA_Clerk/FOV1-00021063/raffles_and_bazaar_annual_report.pdf,atr,nodes,ERROR
Wellesley,,http://www.wellesleyma.gov/Pages/WellesleyMA_Clerk/forms/raffles_and_bazaar_annual_report.pdf,atr,nodes,ERROR
Wellesley,,http://www.wellesleyma.gov/Pages/WellesleyMA_Health/BOH%20FY12%20Annual%20Report%20Final.pdf,atr,nodes,ERROR
Wellesley,,http://www.wellesleyma.gov/Pages/WellesleyMA_Health/BOH%20FY14%20Annual%20Report.pdf,atr,nodes,ERROR
Wellesley,,http://www.wellesleyma.gov/Pages/WellesleyMA_Health/BOH%20FY15%20Annual%20Report.pdf,atr,nodes,ERROR
Wellesley,,http://www.wellesleyma.gov/Pages/WellesleyMA_Health/FY07%20Annual%20Report.pdf,atr,nodes,ERROR
Carlisle,,http://www.carlislema.gov/Pages/CarlisleMA_Clerk/Town%20Records/carlisle%20annual%20report%202011.pdf,atr,nodes,ERROR
Carlisle,,http://www.carlislema.gov/Pages/CarlisleMA_Clerk/Town%20Records/carlisle%20annual%20report%202012.pdf,atr,nodes,ERROR
Carlisle,,http://www.carlislema.gov/Pages/CarlisleMA_Clerk/Town%20Records/save/_carlisle%20annual%20report%202012.pdf,atr,nodes,ERROR
Carlisle,,http://www.carlislema.gov/Pages/CarlisleMA_Fire/CFD%20%202010%20Town%20Report.pdf,atr,nodes,ERROR
Carlisle,,http://www.carlislema.gov/pages/carlislema_fire/stats/CFD%202012%20Town%20Report.pdf,atr,nodes,ERROR
Gill,,http://gillmass.org/pdfs/Annual%20Reports/Annual%20Town%20Report.pdf,atr,nodes,ERROR
Gill,,http://www.gillmass.org/pdfs/Annual%20Reports/Annual%20report%202006.pdf,atr,nodes,ERROR
Gill,,http://www.gillmass.org/pdfs/Annual%20Town%20Report.pdf,atr,nodes,ERROR
Hull,,https://www.town.hull.ma.us/sites/g/files/vyhlif3286/f/pages/hull_volume_4_-_annual_reporting.pdf,atr,nodes,ERROR
Hull,,https://www.town.hull.ma.us/sites/g/files/vyhlif3286/f/uploads/hull_wrep_annual_report.pdf,atr,nodes,ERROR
Leicester,,https://www.leicesterma.org/sites/g/files/vyhlif781/f/uploads/leicester_year_4_annual_report.pdf,atr,nodes,ERROR
Lenox,,http://www.townoflenox.com:80/Public_Documents/LenoxMA_WebDocs/Annual%20Town%20Report%202006.pdf,atr,nodes,ERROR
Lexington,,http://lexingtonma.gov/committees/charges/townreportcharge.pdf,atr,nodes,ERROR
Lexington,,http://www.lexingtonma.gov/sites/lexingtonma/files/uploads/townreportcharge.pdf,atr,nodes,ERROR
Lexington,,https://www.lexingtonma.gov/sites/g/files/vyhlif7101/f/pages/art_1_stm.2_motion_town_reportsmotion.pdf,atr,nodes,ERROR
Lexington,,https://www.lexingtonma.gov/sites/g/files/vyhlif7101/f/pages/art_1_stm_motion_town_reports_final_posted_1.27.22_0.pdf,atr,nodes,ERROR
Lexington,,https://www.lexingtonma.gov/sites/g/files/vyhlif7101/f/pages/art_2_town_reports._election_deputy_moderator_final_posted.pdf,atr,nodes,ERROR
Lexington,,https://www.lexingtonma.gov/sites/g/files/vyhlif7101/f/pages/art_2_town_reports.pdf,atr,nodes,ERROR
Lexington,,https://www.lexingtonma.gov/sites/g/files/vyhlif7101/f/pages/cpcreportupdate-_article_10_to_annual_report_final_approved_3-21-22.docx.pdf,atr,nodes,ERROR
Lexington,,https://www.lexingtonma.gov/sites/g/files/vyhlif7101/f/pages/stm_art_1_town_reports.pdf,atr,nodes,ERROR
Lexington,,https://www.lexingtonma.gov/sites/g/files/vyhlif7101/f/uploads/art_1_town_reports.pdf,atr,nodes,ERROR
Melrose,,"http://cityofmelrose.org/departments/clerks/Raffle%20and%20Bazaar%20Permit%20App,%20Annual%20Rpt,%20Ch271%20Sec7A.pdf",atr,nodes,ERROR
Melrose,,https://www.cityofmelrose.org/sites/g/files/vyhlif3451/f/pages/emergencyfund-annualreport-fy23.pdf,atr,nodes,ERROR
Melrose,,https://www.cityofmelrose.org/sites/g/files/vyhlif3451/f/uploads/application_annual_report_and_chapter_271_section_7a.pdf,atr,nodes,ERROR
Melrose,,https://www.cityofmelrose.org/sites/g/files/vyhlif3451/f/uploads/application_annual_report_and_chapter_271_section_7a_1.pdf,atr,nodes,ERROR
Lenox,,https://www.townoflenox.com/sites/g/files/vyhlif3341/f/uploads/lenox_town_report_fy_20_final.pdf,atr,nodes,ERROR
Lenox,,https://www.townoflenox.com/sites/g/files/vyhlif3341/f/uploads/town_report_final.pdf,atr,nodes,ERROR
Lenox,,https://www.townoflenox.com/sites/g/files/vyhlif3341/f/uploads/town_report_final_production.pdf,atr,nodes,ERROR
Belchertown,,http://www.belchertown.org/departments/planning/Annual%20Report%20'08.pdf,atr,nodes,ERROR
Millis,,https://www.millisma.gov/sites/g/files/vyhlif901/f/uploads/npdes_piii_small_ms4_general_permit_annual_report.pdf,atr,nodes,ERROR
Westford,,http://westfordma.gov:80/Pages/Government/TownDepartments/WestfordMA_EngDept/DOCS/Westford%20NPDES%20Year%209%20Annual%20Report%20Signed.pdf,atr,nodes,ERROR
Chelsea,,https://cms5.revize.com/revize/BOH/Annual%20Report%202018%20FINAL.pdf,atr,nodes,ERROR
Chelsea,,https://cms5.revize.com/revize/BOH/Butler%20County%20OEI%20Annual%20Report%20Final.pdf,atr,nodes,ERROR
Chelsea,,https://cms5.revize.com/revize/BOH/Final%20Annual%20Report%202015.pdf,atr,nodes,ERROR
Chelsea,,https://cms5.revize.com/revize/BOH/OEI%20Annual%20Report%202022.pdf,atr,nodes,ERROR
Chelsea,,https://cms5.revize.com/revize/antrim/EDC%20Annual%20Report%202022.pdf,atr,nodes,ERROR
Chelsea,,https://cms5.revize.com/revize/antrim/EDC%20Annual%20Report%202023.pdf,atr,nodes,ERROR
Chelsea,,https://cms5.revize.com/revize/bridgewater/FULL%20MS4%20ANNUAL%20REPORT%202018-19%20W%20APPENDICES.pdf,atr,nodes,ERROR
Chelsea,,https://cms5.revize.com/revize/bridgewater/MS4%20Annual%20Report%202020%20-%20COMPLETE.pdf,atr,nodes,ERROR
Chelsea,,https://cms5.revize.com/revize/bridgewater/MS4%20Annual%20Report%20FY%202016.pdf,atr,nodes,ERROR
Chelsea,,https://cms5.revize.com/revize/bridgewater/MS4%20Annual%20Report%20FY%202017.pdf,atr,nodes,ERROR
Chelsea,,https://cms5.revize.com/revize/bridgewater/MS4%20Annual%20Report%20FY%202018.pdf,atr,nodes,ERROR
Chelsea,,https://cms5.revize.com/revize/bridgewater/MS4/MS4%20Annual%20Report%20FY%202016.pdf,atr,nodes,ERROR
Chelsea,,https://cms5.revize.com/revize/bridgewater/MS4/MS4%20Annual%20Report%20FY%202017.pdf,atr,nodes,ERROR
Chelsea,,https://cms5.revize.com/revize/bridgewater/MS4/MS4%20Annual%20Report%20FY%202018.pdf,atr,nodes,ERROR
Granville,,http://www.townofgranville.net/Documents/Town%20Report%202009%20Part%201.pdf,atr,nodes,ERROR
Granville,,http://www.townofgranville.net/Documents/Town%20Report%202009%20Part%202.pdf,atr,nodes,ERROR
Granville,,http://www.townofgranville.net/Documents/Town%20Report%202010%20pages%2040-57.pdf,atr,nodes,ERROR
Granville,,http://www.townofgranville.net/Documents/Town%20Report%202010%20pages%2079%20to%20end.pdf,atr,nodes,ERROR
Granville,,http://www.townofgranville.net/Documents/Town%20Report%202010%20pges%2058-78.pdf,atr,nodes,ERROR
Granville,,"http://www.townofgranville.net/Documents/Town%20Report%202014,%20Pg%201%20to%2051.pdf",atr,nodes,ERROR
Granville,,"http://www.townofgranville.net/Documents/Town%20Report%202014,%20Pg%2052%20to%20105.pdf",atr,nodes,ERROR
Whately,,https://www.whately.org/sites/g/files/vyhlif5211/f/uploads/fy17_town_report-complete_1_0.pdf,atr,nodes,ERROR
Whately,,https://www.whately.org/sites/whatelyma/files/uploads/annual_report_of_the_finance_committee.pdf,atr,nodes,ERROR
Whately,,https://www.whately.org/sites/whatelyma/files/uploads/annual_report_of_the_personnel_committee.pdf,atr,nodes,ERROR
Whately,,https://www.whately.org/sites/whatelyma/files/uploads/fy18_town_report-complete_1_0.pdf,atr,nodes,ERROR
Groveland,,http://www.grovelandma.com:80/Pages/GrovelandMA_Library/00625058-000F8513.1/Library%20Director%20Town%20Report%202010.pdf,atr,nodes,ERROR
Groveland,,http://www.grovelandma.com:80/Pages/GrovelandMA_Library/00625058-000F8513.2/Trustees%20Town%20Report%202010.pdf,atr,nodes,ERROR
Sherborn,,https://www.sherbornma.org/sites/g/files/vyhlif1201/f/uploads/annual_report_fy20.pdf,atr,nodes,ERROR
Hanover,,http://www.hanover-ma.gov/sites/hanoverma/files/file/file/14-03-27_hanover_annual_report.pdf,atr,nodes,ERROR
Hanover,,http://www.hanover-ma.gov/sites/hanoverma/files/file/file/16-03-26_hanover_annual_report.pdf,atr,nodes,ERROR
Hanover,,http://www.hanover-ma.gov/sites/hanoverma/files/file/file/2-11-15_combined_annual_town_report.pdf,atr,nodes,ERROR
Hanover,,http://www.hanover-ma.gov/sites/hanoverma/files/file/file/3.27.15_hanover_annual_report.pdf,atr,nodes,ERROR
Hanover,,http://www.hanover-ma.gov/sites/hanoverma/files/file/file/4-8-15_annual_town_report_for_website.pdf,atr,nodes,ERROR
Hanover,,http://www.hanover-ma.gov/sites/hanoverma/files/file/file/final_town_report_pdf.pdf,atr,nodes,ERROR
Hanover,,https://www.hanover-ma.gov/sites/g/files/vyhlif666/f/file/file/4-8-15_annual_town_report_for_website.pdf,atr,nodes,ERROR
Hanover,,https://www.hanover-ma.gov/sites/g/files/vyhlif666/f/file/file/final_town_report_pdf.pdf,atr,nodes,ERROR
Hanover,,https://www.hanover-ma.gov/sites/g/files/vyhlif666/f/uploads/fy19_annual_town_report.pdf,atr,nodes,ERROR
Hanover,,https://www.hanover-ma.gov/sites/g/files/vyhlif666/f/uploads/fy19_annual_town_report_with_compensation_report.pdf,atr,nodes,ERROR
Hanover,,https://www.hanover-ma.gov/sites/g/files/vyhlif666/f/uploads/fy70_town_report.pdf,atr,nodes,ERROR
Hanover,,https://www.hanover-ma.gov/sites/g/files/vyhlif666/f/uploads/fy71_town_report.pdf,atr,nodes,ERROR
Hanover,,https://www.hanover-ma.gov/sites/g/files/vyhlif666/f/uploads/fy72_town_report.pdf,atr,nodes,ERROR
Hanover,,https://www.hanover-ma.gov/sites/g/files/vyhlif666/f/uploads/fy73_town_report.pdf,atr,nodes,ERROR
Hanover,,https://www.hanover-ma.gov/sites/g/files/vyhlif666/f/uploads/fy74_town_report.pdf,atr,nodes,ERROR
Hanover,,https://www.hanover-ma.gov/sites/g/files/vyhlif666/f/uploads/fy75_town_report.pdf,atr,nodes,ERROR
Hanover,,https://www.hanover-ma.gov/sites/g/files/vyhlif666/f/uploads/fy76_town_report.pdf,atr,nodes,ERROR
Hanover,,https://www.hanover-ma.gov/sites/g/files/vyhlif666/f/uploads/fy77_town_report.pdf,atr,nodes,ERROR
Hanover,,https://www.hanover-ma.gov/sites/g/files/vyhlif666/f/uploads/fy78_town_report.pdf,atr,nodes,ERROR
Hanover,,https://www.hanover-ma.gov/sites/g/files/vyhlif666/f/uploads/fy79_town_report.pdf,atr,nodes,ERROR
Hanover,,https://www.hanover-ma.gov/sites/g/files/vyhlif666/f/uploads/fy80_town_report.pdf,atr,nodes,ERROR
Hanover,,https://www.hanover-ma.gov/sites/g/files/vyhlif666/f/uploads/fy81_town_report.pdf,atr,nodes,ERROR
Hanover,,https://www.hanover-ma.gov/sites/g/files/vyhlif666/f/uploads/fy82_town_report.pdf,atr,nodes,ERROR
Hanover,,https://www.hanover-ma.gov/sites/g/files/vyhlif666/f/uploads/fy83_town_report.pdf,atr,nodes,ERROR
Hanover,,https://www.hanover-ma.gov/sites/g/files/vyhlif666/f/uploads/fy84_town_report.pdf,atr,nodes,ERROR
Hanover,,https://www.hanover-ma.gov/sites/g/files/vyhlif666/f/uploads/fy85_town_report.pdf,atr,nodes,ERROR
Hanover,,https://www.hanover-ma.gov/sites/g/files/vyhlif666/f/uploads/fy86_town_report.pdf,atr,nodes,ERROR
Hanover,,https://www.hanover-ma.gov/sites/g/files/vyhlif666/f/uploads/fy88_town_report.pdf,atr,nodes,ERROR
Hanover,,https://www.hanover-ma.gov/sites/g/files/vyhlif666/f/uploads/fy89_town_report.pdf,atr,nodes,ERROR
Hanover,,https://www.hanover-ma.gov/sites/g/files/vyhlif666/f/uploads/fy90_town_report.pdf,atr,nodes,ERROR
Hanover,,https://www.hanover-ma.gov/sites/g/files/vyhlif666/f/uploads/fy91_town_report.pdf,atr,nodes,ERROR
Hanover,,https://www.hanover-ma.gov/sites/g/files/vyhlif666/f/uploads/fy92_town_report.pdf,atr,nodes,ERROR
Hanover,,https://www.hanover-ma.gov/sites/g/files/vyhlif666/f/uploads/fy93_town_report.pdf,atr,nodes,ERROR
Hanover,,https://www.hanover-ma.gov/sites/g/files/vyhlif666/f/uploads/fy94_town_report.pdf,atr,nodes,ERROR
Hanover,,https://www.hanover-ma.gov/sites/g/files/vyhlif666/f/uploads/fy95_town_report.pdf,atr,nodes,ERROR
Hanover,,https://www.hanover-ma.gov/sites/g/files/vyhlif666/f/uploads/fy96_town_report.pdf,atr,nodes,ERROR
Hanover,,https://www.hanover-ma.gov/sites/g/files/vyhlif666/f/uploads/fy97_town_report.pdf,atr,nodes,ERROR
Hanover,,https://www.hanover-ma.gov/sites/g/files/vyhlif666/f/uploads/fy98_town_report.pdf,atr,nodes,ERROR
Hanover,,https://www.hanover-ma.gov/sites/g/files/vyhlif666/f/uploads/fy99_town_report.pdf,atr,nodes,ERROR
Hanover,,https://www.hanover-ma.gov/sites/hanoverma/files/uploads/fy70_town_report.pdf,atr,nodes,ERROR
Hanover,,https://www.hanover-ma.gov/sites/hanoverma/files/uploads/fy73_town_report.pdf,atr,nodes,ERROR
Hanover,,https://www.hanover-ma.gov/sites/hanoverma/files/uploads/fy74_town_report.pdf,atr,nodes,ERROR
Hanover,,https://www.hanover-ma.gov/sites/hanoverma/files/uploads/fy75_town_report.pdf,atr,nodes,ERROR
Hanover,,https://www.hanover-ma.gov/sites/hanoverma/files/uploads/fy76_town_report.pdf,atr,nodes,ERROR
Hanover,,https://www.hanover-ma.gov/sites/hanoverma/files/uploads/fy78_town_report.pdf,atr,nodes,ERROR
Hanover,,https://www.hanover-ma.gov/sites/hanoverma/files/uploads/fy80_town_report.pdf,atr,nodes,ERROR
Hanover,,https://www.hanover-ma.gov/sites/hanoverma/files/uploads/fy81_town_report.pdf,atr,nodes,ERROR
Hanover,,https://www.hanover-ma.gov/sites/hanoverma/files/uploads/fy83_town_report.pdf,atr,nodes,ERROR
Hanover,,https://www.hanover-ma.gov/sites/hanoverma/files/uploads/fy84_town_report.pdf,atr,nodes,ERROR
Hanover,,https://www.hanover-ma.gov/sites/hanoverma/files/uploads/fy86_town_report.pdf,atr,nodes,ERROR
Hanover,,https://www.hanover-ma.gov/sites/hanoverma/files/uploads/fy90_town_report.pdf,atr,nodes,ERROR
Hanover,,https://www.hanover-ma.gov/sites/hanoverma/files/uploads/fy92_town_report.pdf,atr,nodes,ERROR
Hanover,,https://www.hanover-ma.gov/sites/hanoverma/files/uploads/fy93_town_report.pdf,atr,nodes,ERROR
Hanover,,https://www.hanover-ma.gov/sites/hanoverma/files/uploads/fy95_town_report.pdf,atr,nodes,ERROR
Hanover,,https://www.hanover-ma.gov/sites/hanoverma/files/uploads/fy96_town_report.pdf,atr,nodes,ERROR
Hanover,,https://www.hanover-ma.gov/sites/hanoverma/files/uploads/fy97_town_report.pdf,atr,nodes,ERROR
Littleton,,http://littletonma.org:80/Selectmen/Reports/Annual%20Report%202003.pdf,atr,nodes,ERROR
Littleton,,http://www.littletonma.org:80/Selectmen/Reports/Annual%20Report%202000.pdf,atr,nodes,ERROR
Littleton,,http://www.littletonma.org:80/Selectmen/Reports/Annual%20Report%202001.pdf,atr,nodes,ERROR
Littleton,,http://www.littletonma.org:80/Selectmen/Reports/Annual%20Report%202002.pdf,atr,nodes,ERROR
Littleton,,http://www.littletonma.org:80/Selectmen/Reports/Annual%20Report%202004.pdf,atr,nodes,ERROR
Littleton,,http://www.littletonma.org:80/Selectmen/Town%20Report%20Available.pdf,atr,nodes,ERROR
Littleton,,http://www.littletonma.org:80/selectmen/Reports/Annual%20Report%202005.pdf,atr,nodes,ERROR
Blackstone,,https://www.townofblackstone.org/sites/blackstonema/files/uploads/ms4_5-1-18_to_6-30-19_annual_report.pdf,atr,nodes,ERROR
Blackstone,,https://www.townofblackstone.org/sites/g/files/vyhlif166/f/uploads/blackstone_ma_-_year_4_ms4_annual_report_-_signed.pdf,atr,nodes,ERROR
Blackstone,,https://www.townofblackstone.org/sites/g/files/vyhlif166/f/uploads/blackstone_ma_-_year_5_ms4_annual_report_-_final_-_signed.pdf,atr,nodes,ERROR
Blackstone,,https://www.townofblackstone.org/sites/g/files/vyhlif166/f/uploads/ms4_5-1-18_to_6-30-19_annual_report.pdf,atr,nodes,ERROR
Fairhaven,,"http://www.fairhaven-ma.gov/Pages/FOV1-0002BA40/Town%20Reports/Fhvn,%20report%202012.pdf",atr,nodes,ERROR
Fairhaven,,"http://www.fairhaven-ma.gov/pages/FairhavenMA_BOS/Town%20Reports/Fhvn,%20report%202012.pdf",atr,nodes,ERROR
Lawrence,,http://www.cityoflawrence.com/Pages/LawrenceMA_Clerk/annualreport.pdf,atr,nodes,ERROR
Provincetown,,http://www.provincetown-ma.gov/affordable/ProvincetownReportFinal.pdf,atr,nodes,ERROR
Palmer,,http://www.townofpalmer.com/pages/PalmerMA_Manager/townreport06.pdf,atr,nodes,ERROR
Palmer,,http://www.townofpalmer.com/pages/PalmerMA_Manager/townreports/FY08TownReport.pdf,atr,nodes,ERROR
Palmer,,https://www.townofpalmer.com/vertical/sites/%7B034F9CAE-5196-4551-90C2-FBFD76374BDB%7D/uploads/FY05-06_Town_Report.pdf,atr,nodes,ERROR
Palmer,,https://www.townofpalmer.com/vertical/sites/%7B034F9CAE-5196-4551-90C2-FBFD76374BDB%7D/uploads/FY06-07_Town_Report.pdf,atr,nodes,ERROR
Palmer,,https://www.townofpalmer.com/vertical/sites/%7B034F9CAE-5196-4551-90C2-FBFD76374BDB%7D/uploads/FY08_Town_Report.pdf,atr,nodes,ERROR
Palmer,,https://www.townofpalmer.com/vertical/sites/%7B034F9CAE-5196-4551-90C2-FBFD76374BDB%7D/uploads/FY09_Town_Report.pdf,atr,nodes,ERROR
Palmer,,https://www.townofpalmer.com/vertical/sites/%7B034F9CAE-5196-4551-90C2-FBFD76374BDB%7D/uploads/FY10_Town_Report.pdf,atr,nodes,ERROR
Palmer,,https://www.townofpalmer.com/vertical/sites/%7B034F9CAE-5196-4551-90C2-FBFD76374BDB%7D/uploads/FY12_Town_Report.pdf,atr,nodes,ERROR
Palmer,,https://www.townofpalmer.com/vertical/sites/%7B034F9CAE-5196-4551-90C2-FBFD76374BDB%7D/uploads/FY13_TOWN_REPORT_Full_Report.pdf,atr,nodes,ERROR
Palmer,,https://www.townofpalmer.com/vertical/sites/%7B034F9CAE-5196-4551-90C2-FBFD76374BDB%7D/uploads/FY14_TOWN_REPORT_Full_Report.pdf,atr,nodes,ERROR
Palmer,,https://www.townofpalmer.com/vertical/sites/%7B034F9CAE-5196-4551-90C2-FBFD76374BDB%7D/uploads/FY15_TOWN_REPORT_Full_Report_11-16.pdf,atr,nodes,ERROR
Palmer,,https://www.townofpalmer.com/vertical/sites/%7B034F9CAE-5196-4551-90C2-FBFD76374BDB%7D/uploads/FY16_TOWN_REPORT_Final_Report.pdf,atr,nodes,ERROR
Palmer,,https://www.townofpalmer.com/vertical/sites/%7B034F9CAE-5196-4551-90C2-FBFD76374BDB%7D/uploads/FY17_TOWN_REPORT.pdf,atr,nodes,ERROR
Palmer,,https://www.townofpalmer.com/vertical/sites/%7B034F9CAE-5196-4551-90C2-FBFD76374BDB%7D/uploads/FY18_TOWN_REPORT.pdf,atr,nodes,ERROR
Palmer,,https://www.townofpalmer.com/vertical/sites/%7B034F9CAE-5196-4551-90C2-FBFD76374BDB%7D/uploads/FY22_Annual_Town_Report.pdf,atr,nodes,ERROR
Palmer,,https://www.townofpalmer.com/vertical/sites/%7B034F9CAE-5196-4551-90C2-FBFD76374BDB%7D/uploads/FY23_Annual_Report(1).pdf,atr,nodes,ERROR
Palmer,,https://www.townofpalmer.com/vertical/sites/%7B034F9CAE-5196-4551-90C2-FBFD76374BDB%7D/uploads/FY23_Annual_Report.pdf,atr,nodes,ERROR
Palmer,,https://www.townofpalmer.com/vertical/sites/%7B034F9CAE-5196-4551-90C2-FBFD76374BDB%7D/uploads/FY24_Annual_Report.pdf,atr,nodes,ERROR
Palmer,,https://www.townofpalmer.com/vertical/sites/%7B034F9CAE-5196-4551-90C2-FBFD76374BDB%7D/uploads/FY_21_Annual_Report.pdf,atr,nodes,ERROR
Palmer,,https://www.townofpalmer.com/vertical/sites/%7B034F9CAE-5196-4551-90C2-FBFD76374BDB%7D/uploads/MS4_Annual_Report_Year_15_-_Town_of_Palmer_signed(1).pdf,atr,nodes,ERROR
Palmer,,https://www.townofpalmer.com/vertical/sites/%7B034F9CAE-5196-4551-90C2-FBFD76374BDB%7D/uploads/Town_of_Palmer_MS4_Annual_report_year_2_signed.pdf,atr,nodes,ERROR
Palmer,,https://www.townofpalmer.com/vertical/sites/%7B034F9CAE-5196-4551-90C2-FBFD76374BDB%7D/uploads/fy14_annual_report.pdf,atr,nodes,ERROR
Wenham,,http://www.wenhamma.gov/docs/Annual_Report_Part_1___BOOK.pdf,atr,nodes,ERROR
Wenham,,http://www.wenhamma.gov/important_documents/docs/town%20report%20with%20bookmarks.pdf,atr,nodes,ERROR
Wenham,,http://www.wenhamma.gov/town%20report%20with%20bookmarks.pdf,atr,nodes,ERROR
Wenham,,http://www.wenhamma.gov/town_reports/docs/Gov_Stud_Comm_First_Article_Special_Act.pdf,atr,nodes,ERROR
Wenham,,http://www.wenhamma.gov/town_reports/docs/Gov_Study_Second_Article_Special_Act42.pdf,atr,nodes,ERROR
Wenham,,http://www.wenhamma.gov/town_reports/docs/Gov_Study_Third_Article_Special_Article44.pdf,atr,nodes,ERROR
Wenham,,https://www.wenhamma.gov/important_documents/docs/Final%20Town%20Report%20Web%20Copy.pdf,atr,nodes,ERROR
Amesbury,,http://www.amesburyma.gov:80/sites/amesburyma/files/file/file/fy13_annual_report_-_nurse.pdf,atr,nodes,ERROR
Amesbury,,http://www.amesburyma.gov:80/sites/amesburyma/files/file/file/fy14_annual_report.pdf,atr,nodes,ERROR
Amesbury,,http://www.amesburyma.gov:80/sites/amesburyma/files/file/file/fy14_annual_report_0.pdf,atr,nodes,ERROR
Hingham,,http://www.hingham-ma.gov/Committees/Water_Company/documents/041113_Town_Report.pdf,atr,nodes,ERROR
Hingham,,http://www.hingham-ma.gov/document/Town_Annual_Report.pdf,atr,nodes,ERROR
Deerfield,,http://www.deerfieldma.us:80/Pages/Annual%20Report%202010.pdf,atr,nodes,ERROR
Stoneham,,http://www.stoneham-ma.gov/sites/stonehamma/files/file/file/raffle_permit_annual_report.pdf,atr,nodes,ERROR
Amesbury,,http://www.amesburyma.gov/sites/amesburyma/files/file/file/amesbury_fy14_annual_report.pdf,atr,nodes,ERROR
Amesbury,,http://www.amesburyma.gov/sites/amesburyma/files/file/file/annual_report_fy16.pdf,atr,nodes,ERROR
Amesbury,,http://www.amesburyma.gov/sites/amesburyma/files/file/file/fy15_annual_report_final.pdf,atr,nodes,ERROR
Amesbury,,http://www.amesburyma.gov/sites/amesburyma/files/file/file/fy15_annual_report_final_0.pdf,atr,nodes,ERROR
Amesbury,,https://www.amesburyma.gov/sites/amesburyma/files/uploads/city_of_amesbury_annual_report_fy19.pdf,atr,nodes,ERROR
Amesbury,,https://www.amesburyma.gov/sites/g/files/vyhlif6891/f/file/file/amesbury_fy14_annual_report.pdf,atr,nodes,ERROR
Amesbury,,https://www.amesburyma.gov/sites/g/files/vyhlif6891/f/file/file/fy15_annual_report_final_0.pdf,atr,nodes,ERROR
Amesbury,,https://www.amesburyma.gov/sites/g/files/vyhlif6891/f/uploads/city_of_amesbury_annual_report_fy19.pdf,atr,nodes,ERROR
Amesbury,,https://www.amesburyma.gov/sites/g/files/vyhlif6891/f/uploads/fy20_annual_report_final_for_web.pdf,atr,nodes,ERROR
Amesbury,,https://www.amesburyma.gov/sites/g/files/vyhlif6891/f/uploads/fy21_annual_report.pdf,atr,nodes,ERROR
Milton,,https://www.townofmilton.org/sites/g/files/vyhlif911/f/pages/annual_report_5_6_submittal.pdf,atr,nodes,ERROR
Milton,,https://www.townofmilton.org/sites/g/files/vyhlif911/f/pages/milton_npdes_annual_report_15_final_submittal.pdf,atr,nodes,ERROR
Milton,,https://www.townofmilton.org/sites/g/files/vyhlif911/f/pages/milton_py1_annual_report.pdf,atr,nodes,ERROR
Milton,,https://www.townofmilton.org/sites/g/files/vyhlif911/f/pages/npdes_pii_small_ms4_annual_report_09_10_py7.pdf,atr,nodes,ERROR
Milton,,https://www.townofmilton.org/sites/g/files/vyhlif911/f/pages/town_of_milton_ms4_y3_annual_report.pdf,atr,nodes,ERROR
Montague,,https://montague-ma.gov/files/STRPB_Update_Article.pdf,atr_by_context,nodes,ERROR
Worthington,,http://worthington-ma.us/Pages/WorthingtonMA_BComm/Finance/docs/TownReportchart13.pdf,atr,nodes,ERROR
Worthington,,http://worthington-ma.us/Pages/WorthingtonMA_Broadband/02-TownReport.pdf,atr,nodes,ERROR
Marlborough,,http://www.marlborough-ma.gov/gen/MarlboroughMA_Announcemt/McAuliffe_AnnualReport_FY13_Final.pdf,atr,nodes,ERROR
Truro,,http://www.truro-ma.gov:80/sites/truroma/files/file/file/07_annual_report.pdf,atr,nodes,ERROR
Rowley,,http://www.townofrowley.net/pdf/120425_Town_Report.pdf,atr,nodes,ERROR
Millville,,http://www.millvillema.org/media/minutes/Annual-Report/Annual%20Report%202011%20pg%2041-75.pdf,atr,nodes,ERROR
Millville,,http://www.millvillema.org/media/minutes/Annual-Report/Annual%20Report%202011%20pg%2076-88.pdf,atr,nodes,ERROR
Millville,,http://www.millvillema.org/media/minutes/Annual-Report/Annual%20Report%202011%20pg1-40.pdf,atr,nodes,ERROR
Millville,,http://www.millvillema.org/media/minutes/Annual-Report/Annual%20Report%202011%20pg89-117.pdf,atr,nodes,ERROR
Brewster,,https://www.brewster-ma.gov/sites/g/files/vyhlif16031/f/uploads/raffle_annual_report_pdf.pdf,atr,nodes,ERROR
Northampton,,http://www.northamptonma.gov/cable/uploads/basicContentWidget/8192/NCTV%20Annual%20Report%20First%20Draft%202009.pdf,atr,nodes,ERROR
Wenham,,https://cms4files1.revize.com/buchanannew/Conservation/Annual%20Report%20FY20_high_digital.pdf,atr,nodes,ERROR
Wenham,,https://cms4files1.revize.com/buchanannew/Conservation/Annual%20Report%20FY21_small.pdf,atr,nodes,ERROR
Wenham,,https://cms4files1.revize.com/buchanannew/Conservation/FY19%20Annual%20Report_Linked.pdf,atr,nodes,ERROR
Pembroke,,http://pembroke-ma.gov/library%20forms/FY10/FY09%20Annual%20Report.pdf,atr,nodes,ERROR
Pembroke,,http://pembroke-ma.gov/pdfs%20and%20forms/Annual%20Report%202009.pdf,atr,nodes,ERROR
Pembroke,,http://pembroke-ma.gov/pdfs%20and%20forms/Annual%20report%202007.pdf,atr,nodes,ERROR
Pembroke,,http://pembroke-ma.gov/pdfs%20and%20forms/PACTV%20Annual%20Report%202013.pdf,atr,nodes,ERROR
Pembroke,,http://www.pembroke-ma.gov/sites/pembrokema/files/uploads/pactv_fy14_annual_report.pdf,atr,nodes,ERROR
Holden,,http://www.holdenma.gov/sites/holden/files/file/file/final_copy_of_annual_town_report.pdf,atr,nodes,ERROR
Holden,,http://www.holdenma.gov/sites/holden/files/file/file/front_cover_-_holden_annual_town_report.pdf,atr,nodes,ERROR
Holden,,https://www.holdenma.gov/sites/g/files/vyhlif4526/f/uploads/town_report_pdf_for_website.pdf,atr,nodes,ERROR
Sharon,,http://www.townofsharon.net:80/sites/sharonma/files/file/file/for_inclusion_in_town_report.pdf,atr,nodes,ERROR
Sharon,,http://www.townofsharon.net:80/sites/sharonma/files/u84/town_report_cover_contest_flyer.pdf,atr,nodes,ERROR
Lincoln,,http://www.lincolntown.org:80/Adobe%20Acrobat%20Files/Lincoln_Town_Report_300.pdf,atr,nodes,ERROR
Norwell,,http://www.townofnorwell.net:80/Public_Documents/NorwellMA_TReport/09TownReport.pdf,atr,nodes,ERROR
Fall River,,http://cms2.revize.com/revize/algomatownship/departments/fire/docs/Algoma%20annual%20report%202024.pdf,atr,nodes,ERROR
Fall River,,https://cms2.revize.com/revize/algomatownship/departments/fire/docs/Algoma%20annual%20report%202023.pdf,atr,nodes,ERROR
Fall River,,https://cms2.revize.com/revize/bradford/documents/Government/Agendas%20and%20Minutes/Bradford%20Town%20Report%202023%20FINAL.pdf,atr,nodes,ERROR
Fall River,,https://cms2.revize.com/revize/bradford/documents/Government/Departments/Town%20Clerk/Bradford%20Town%20Report%202023%20FINAL%20(1).pdf,atr,nodes,ERROR
Fall River,,https://cms2.revize.com/revize/bradford/documents/Government/Departments/Town%20Clerk/Bradford%20Town%20Report%202023%20FINAL%20(1).pdf?t=202405081829540&t=202405081829540,atr,nodes,ERROR
Fall River,,https://cms2.revize.com/revize/capeelizabethme/Documents/Government/Governing%20Documents/Reports/Privacy%20Committee%20Annual%20Report-%202025.pdf,atr,nodes,ERROR
Fall River,,https://cms2.revize.com/revize/capeelizabethme/Documents/Government/Governing%20Documents/Reports/Privacy%20Committee%20Annual%20Report-%202025.pdf?t=202508121356540&t=202508121356540,atr,nodes,ERROR
Fall River,,https://cms2.revize.com/revize/charlevoixmi/Annual%20Report%20FY%202021.pdf,atr,nodes,ERROR
Fall River,,https://cms2.revize.com/revize/cibolo/23-24%20ED%20Annual%20Report%20Draft%20(4).pdf,atr,nodes,ERROR
Plymouth,,http://www.plymouth-ma.gov/Public_Documents/PlymouthMA_EnvironManage/MAY%202004%20ANNUAL%20REPORT.PDF,atr,nodes,ERROR
Plymouth,,http://www.plymouth-ma.gov/Public_Documents/PlymouthMA_EnvironManage/MAY%202005%20ANNUAL%20REPORT.PDF,atr,nodes,ERROR
Plymouth,,http://www.plymouth-ma.gov/Public_Documents/PlymouthMA_EnvironManage/MAY%202006%20ANNUAL%20REPORT.PDF,atr,nodes,ERROR
Plymouth,,http://www.plymouth-ma.gov/Public_Documents/PlymouthMA_EnvironManage/MAY%202007%20ANNUAL%20REPORT.PDF,atr,nodes,ERROR
Plymouth,,http://www.plymouth-ma.gov/Public_Documents/PlymouthMA_IT/ANNUAL%20REPORT%20-%202006.pdf,atr,nodes,ERROR
Plymouth,,https://www.plymouth-ma.gov/sites/g/files/vyhlif3691/f/pages/plymout_annual_report_year_2_ms4_final_combined.pdf,atr,nodes,ERROR
Plymouth,,https://www.plymouth-ma.gov/sites/g/files/vyhlif3691/f/pages/plymouth_annual_report_year_1_ms4.pdf,atr,nodes,ERROR
Holliston,,http://www.townofholliston.us/sites/hollistonma/files/file/file/annual_town_report_fy11.pdf,atr,nodes,ERROR
Holliston,,https://www.townofholliston.us/sites/g/files/vyhlif706/f/file/file/annual_town_report_fy11.pdf,atr,nodes,ERROR
Holliston,,https://www.townofholliston.us/sites/g/files/vyhlif706/f/uploads/annual_town_report_-_final_printable.pdf,atr,nodes,ERROR
Holliston,,https://www.townofholliston.us/sites/g/files/vyhlif706/f/uploads/fy21_annual_report_finance_committee_-_final2_1.pdf,atr,nodes,ERROR
Framingham,,http://www.framinghamma.gov:80/web/pages/TS_annual_report_05.pdf,atr,nodes,ERROR
Framingham,,http://www.framinghamma.gov:80/web/pages/ts_annual_report_04.pdf,atr,nodes,ERROR
Lawrence,,http://www.cityoflawrence.com:80/Data/Sites/1/documents/applications/annualreport_raffles_bazaars.pdf,atr,nodes,ERROR
Rockport,,https://www.rockportma.gov/sites/g/files/vyhlif1141/f/pages/fincom_annual_report_final_draft3_031022.pdf,atr,nodes,ERROR
Arlington,,http://www.arlingtonma.gov/Public_Documents/ArlingtonMA_Assessor/AnnualReports/AssessorAR05.pdf,atr,nodes,ERROR
Arlington,,http://www.arlingtonma.gov/Public_Documents/ArlingtonMA_Comptroller/AnnualReports/CompAR05.pdf,atr,nodes,ERROR
Arlington,,http://www.arlingtonma.gov/Public_Documents/ArlingtonMA_ConComm/annualreports/ConservationAR05.pdf,atr,nodes,ERROR
Arlington,,http://www.arlingtonma.gov/Public_Documents/ArlingtonMA_HServe/AnnualReports/HSAR05.pdf,atr,nodes,ERROR
Arlington,,http://www.arlingtonma.gov/Public_Documents/ArlingtonMA_Personnel/AnnualReports/PersonnelAR05.pdf,atr,nodes,ERROR
Arlington,,http://www.arlingtonma.gov/Public_Documents/ArlingtonMA_Police/annualreports/PoliceAR05.pdf,atr,nodes,ERROR
Arlington,,http://www.arlingtonma.gov/Public_Documents/ArlingtonMA_TownMgr/TMgr%20Annual%20Reports/TMAR05.pdf,atr,nodes,ERROR
Arlington,,http://www.arlingtonma.gov/Public_Documents/ArlingtonMA_WebDocs/AnnualReport/CentralManagement.pdf,atr,nodes,ERROR
Arlington,,http://www.arlingtonma.gov/Public_Documents/ArlingtonMA_WebDocs/AnnualReport/CommunityDevelopment.pdf,atr,nodes,ERROR
Arlington,,http://www.arlingtonma.gov/Public_Documents/ArlingtonMA_WebDocs/AnnualReport/CommunitySafety.pdf,atr,nodes,ERROR
Arlington,,http://www.arlingtonma.gov/Public_Documents/ArlingtonMA_WebDocs/AnnualReport/Cultural.pdf,atr,nodes,ERROR
Arlington,,http://www.arlingtonma.gov/Public_Documents/ArlingtonMA_WebDocs/AnnualReport/Education.pdf,atr,nodes,ERROR
Arlington,,http://www.arlingtonma.gov/Public_Documents/ArlingtonMA_WebDocs/AnnualReport/ExecutiveServices.pdf,atr,nodes,ERROR
Arlington,,http://www.arlingtonma.gov/Public_Documents/ArlingtonMA_WebDocs/AnnualReport/FinancialManagement.pdf,atr,nodes,ERROR
Arlington,,http://www.arlingtonma.gov/Public_Documents/ArlingtonMA_WebDocs/AnnualReport/HumanServices.pdf,atr,nodes,ERROR
Arlington,,http://www.arlingtonma.gov/Public_Documents/ArlingtonMA_WebDocs/AnnualReport/Legislative.pdf,atr,nodes,ERROR
Arlington,,http://www.arlingtonma.gov/Public_Documents/ArlingtonMA_WebDocs/AnnualReport/PublicWorks.pdf,atr,nodes,ERROR
Arlington,,http://www.arlingtonma.gov/Public_Documents/ArlingtonMA_WebDocs/AnnualReport/TownClerkElections.pdf,atr,nodes,ERROR
Arlington,,http://www.arlingtonma.gov/Public_Documents/ArlingtonMA_WebDocs/AnnualReport/reference.pdf,atr,nodes,ERROR
Arlington,,http://www.arlingtonma.gov/public_documents/ArlingtonMA_Clerk/annualreports/TownClerkAR05.pdf,atr,nodes,ERROR
Ashburnham,,http://www.ashburnham-ma.gov/Pages/AshburnhamMA_BOS/Board%20of%20Selectmen%20Annual%20Reports/BOARD%20OF%20SELECTMEN%202015%20ANNUAL%20REPORT.pdf,atr,nodes,ERROR
Ashburnham,,http://www.ashburnham-ma.gov/pages/AshburnhamMA_Admin/annual/Town%20Administrator%202010%20Annual%20%20Report.pdf,atr,nodes,ERROR
Ashburnham,,http://www.ashburnham-ma.gov/pages/AshburnhamMA_Planning/pb-annual%20report%202009.pdf,atr,nodes,ERROR
Ashburnham,,http://www.ashburnham-ma.gov/pages/ashburnhamma_admin/ANNUAL%20TOWN%20REPORT%202010.pdf,atr,nodes,ERROR
Ashburnham,,http://www.ashburnham-ma.gov/pages/ashburnhamma_admin/annual/Town%20Administrator%202009%20Annual%20Report.pdf,atr,nodes,ERROR
Ashburnham,,http://www.ashburnham-ma.gov/pages/ashburnhamma_admin/annual/Town%20Administrator%202011%20Annual%20Report.pdf,atr,nodes,ERROR
Andover,,http://andoverma.gov/publish/townreport.pdf,atr,nodes,ERROR
Andover,,http://andoverma.gov/publish/townreport07.pdf,atr,nodes,ERROR
Andover,,http://andoverma.gov/publish/townreport08.pdf,atr,nodes,ERROR
Holbrook,,http://www.holbrookma.gov:80/Pages/HolbrookMA_BOS/Addendums%20Annual%20Report%202018.pdf,atr,nodes,ERROR
Holbrook,,http://www.holbrookma.gov:80/Pages/HolbrookMA_BOS/Annual%20Report%202018.pdf,atr,nodes,ERROR
Dudley,,http://dudleyma.gov/wp-content/uploads/FY17_ANNUALREPORT.pdf,atr,nodes,ERROR
Sudbury,,http://www.sudbury.ma.us/departments/Selectmen/doc7896/1957AnnualReport.pdf,atr,nodes,NOT_PDF
Bolton,,http://townofbolton.com/Pages/BoltonMA_HumanServicesSafety/Annual%20Report%202015.pdf,atr,nodes,ERROR
Bolton,,http://townofbolton.com/Pages/BoltonMA_Topics/Archives/Annual%20Report%202015%20Part%201.pdf,atr,nodes,ERROR
Bolton,,http://townofbolton.com/Pages/BoltonMA_Topics/Archives/Annual%20Report%202015%20Part%202.pdf,atr,nodes,ERROR
Bolton,,http://townofbolton.com/Pages/BoltonMA_Topics/Archives/Annual%20Report%202015%20Part%203.pdf,atr,nodes,ERROR
Bolton,,http://townofbolton.com/pages/BoltonMA_Clerk/Bolton%20Annual%20Report%20Raffle%20Form%202.pdf,atr,nodes,ERROR
Bolton,,http://townofbolton.com/pages/BoltonMA_ZBA/ZBA%20Annual%20Report%20files/ZBA_Annual%20Report%202013.pdf,atr,nodes,ERROR
Bolton,,http://townofbolton.com/pages/BoltonMA_ZBA/ZBA%20Annual%20Report%20files/ZBA_Annual%20Report%202014.pdf,atr,nodes,ERROR
Bolton,,http://townofbolton.com/pages/BoltonMA_ZBA/ZBA%20Annual%20Report%20files/ZBA_Annual%20Report%202015.pdf,atr,nodes,ERROR
Bolton,,http://www.townofbolton.com/pages/BoltonMA_Health/Annual%20Reports/BOH%20Report%202014.pdf,atr,nodes,ERROR
Millbury,,https://www.millburyma.gov/sites/g/files/vyhlif4706/f/uploads/millbury_ma_-_final_year_2_ms4_annual_report.pdf,atr,nodes,ERROR
Millbury,,https://www.millburyma.gov/sites/g/files/vyhlif4706/f/uploads/millbury_ma_-_year_4_ms4_annual_report_-_signed.pdf,atr,nodes,ERROR
Millbury,,https://www.millburyma.gov/sites/g/files/vyhlif4706/f/uploads/millbury_year_1_annual_report_-_final.pdf,atr,nodes,ERROR
Millbury,,https://www.millburyma.gov/sites/g/files/vyhlif4706/f/uploads/millburyyear_3_ms4_annual_report_-_final.pdf,atr,nodes,ERROR
West Newbury,,http://www.wnewbury.org/pages/WestNewburyMA_Selectmen/West%20Newbury%20Town%20Report%202011.pdf,atr,nodes,ERROR
West Newbury,,https://www.wnewbury.org/sites/g/files/vyhlif1436/f/pages/town_report_master_file_fy24_0.pdf,atr,nodes,ERROR
West Newbury,,https://www.wnewbury.org/sites/westnewburyma/files/uploads/1971_wn_town_report.pdf,atr,nodes,ERROR
Belmont,,http://www.belmont-ma.gov:80/sites/belmontma/files/file/file/raffle_annual_report.pdf,atr,nodes,ERROR
Natick,,http://natickma.gov:80/Public_Documents/NatickMA_Health/BOH%20Annual%20Report%20%202007.pdf,atr,nodes,ERROR
Winchester,,http://www.winchester.us/Downloads/Selectmen/Final%202004%20Annual%20Report.pdf,atr,nodes,ERROR
Mattapoisett,,http://www.mattapoisett.net/sites/mattapoisettma/files/uploads/20112012_annual_report_mattapoisett.pdf,atr,nodes,ERROR
Mattapoisett,,http://www.mattapoisett.net/sites/mattapoisettma/files/uploads/20122013annual_reportmattapoisettschools.pdf,atr,nodes,ERROR
Mattapoisett,,http://www.mattapoisett.net/sites/mattapoisettma/files/uploads/20132014schoolsannual_report_mattapoisett.pdf,atr,nodes,ERROR
Mattapoisett,,http://www.mattapoisett.net/sites/mattapoisettma/files/uploads/accountants1townreportcoverletterfy13.pdf,atr,nodes,ERROR
Mattapoisett,,http://www.mattapoisett.net/sites/mattapoisettma/files/uploads/ta1-_town_report_cover_letter.pdf,atr,nodes,ERROR
Mattapoisett,,http://www.mattapoisett.net/sites/mattapoisettma/files/uploads/town_report_cover_letter_fy15.pdf,atr,nodes,ERROR
Mattapoisett,,http://www.mattapoisett.net/sites/mattapoisettma/files/uploads/townreport.doc.pdf,atr,nodes,ERROR
Mattapoisett,,http://www.mattapoisett.net/sites/mattapoisettma/files/uploads/townreporthealth.pdf,atr,nodes,ERROR
Mattapoisett,,http://www.mattapoisett.net/sites/mattapoisettma/files/uploads/treecomtown_report_20101.pdf,atr,nodes,ERROR
Mattapoisett,,https://www.mattapoisett.net/sites/g/files/vyhlif3436/f/uploads/1_-_town_report_cover_letter_fy16.pdf,atr,nodes,ERROR
Boxborough,,http://www.boxborough-ma.gov/sites/boxboroughma/files/file/file/townreport03.pdf,atr,nodes,ERROR
Boxborough,,http://www.boxborough-ma.gov/sites/boxboroughma/files/file/file/townreport03_0.pdf,atr,nodes,ERROR
Boxborough,,http://www.boxborough-ma.gov/sites/boxboroughma/files/file/file/townreport11.pdf,atr,nodes,ERROR
Boxborough,,http://www.boxborough-ma.gov/sites/boxboroughma/files/file/file/townreport11_0.pdf,atr,nodes,ERROR
Tisbury,,https://www.tisburyma.gov/sites/g/files/vyhlif1321/f/uploads/full_annual_report.pdf,atr,nodes,ERROR
Tisbury,,https://www.tisburyma.gov/sites/g/files/vyhlif1321/f/uploads/town_report_final.pdf,atr,nodes,ERROR
Tisbury,,https://www.tisburyma.gov/sites/g/files/vyhlif1321/f/uploads/town_report_final_0.pdf,atr,nodes,ERROR
Bedford,,http://www.bedfordma.gov/sites/bedfordma/files/file/file/final_web_version_annual_report.pdf,atr,nodes,ERROR
Mendon,,http://www.mendonma.gov/sites/mendonma/files/file/file/annual_report.pdf,atr,nodes,ERROR
Warren,,https://www.warren-ma.gov/sites/g/files/vyhlif3996/f/uploads/annual_report_accountant.pdf,atr,nodes,ERROR
Medway,2016,https://storage.googleapis.com/juniper-media-library/117/2024/08/state-of-the-town (1).pdf,atr_by_context,nodes,ERROR
Avon,,http://www.avon-ma.gov/sites/avonma/files/file/file/annualreport08.pdf,atr,nodes,ERROR
Avon,,http://www.avon-ma.gov/sites/avonma/files/file/file/annualreport09.pdf,atr,nodes,ERROR
Avon,,https://www.avon-ma.gov/sites/g/files/vyhlif271/f/uploads/05-03-19_revised_final_avon_annual_town_report.pdf,atr,nodes,ERROR
Mansfield,,http://mansfieldma.com/Engineering/Annual_Report.pdf,atr,nodes,ERROR
Mansfield,,http://www.mansfieldma.com/Annual_Report.pdf,atr,nodes,ERROR
Templeton,,https://www.templetonma.gov/sites/g/files/vyhlif3911/f/uploads/templetonannualreport063019.pdf,atr,nodes,ERROR
Ware,,https://cms1files.revize.com/arlingtontn/Storm%20Sewer%20MS4%20Annual%20Report%202019.pdf,atr,nodes,ERROR
Ware,,https://cms1files.revize.com/arlingtontn/document_center/Arlington%20MS4%202015%20Annual%20Report.pdf,atr,nodes,ERROR
Ware,,https://cms1files.revize.com/arlingtontn/document_center/Arlington%20MS4%20Annual%20Report%202014.pdf,atr,nodes,ERROR
Ware,,https://cms1files.revize.com/assocofminnesotacos/document_center/Publications/AMC%20Annual%20Report%202023_web.pdf,atr,nodes,ERROR
Ware,,https://cms1files.revize.com/athensoh/aclb%20annual%20report%20Final%20single%20pages%20version%20.pdf,atr,nodes,ERROR
Ware,,https://cms1files.revize.com/benzie/Annual%20Report%20for%20Web.pdf,atr,nodes,ERROR
Ware,,https://cms1files.revize.com/conway/KCB%20Annual%20Report%202022.pdf,atr,nodes,ERROR
Chilmark,,http://chilmarkma.gov/Pages/ChilmarkMA_Annual/mvlb%20annual%20report%202014-TAB.pdf,atr,nodes,ERROR
Chilmark,,http://chilmarkma.gov/Pages/ChilmarkMA_Treasurer/TreasurerTownReportFY05.pdf,atr,nodes,ERROR
Chilmark,,http://www.chilmarkma.gov/Pages/ChilmarkMA_Annual/1938%20Town%20Report/Chilmark%201938%20Town%20Report.pdf,atr,nodes,ERROR
Chilmark,,http://www.chilmarkma.gov/Pages/ChilmarkMA_Annual/VTA%20Annual%20Report%20FY%202014.pdf,atr,nodes,ERROR
Chilmark,,http://www.chilmarkma.gov/pages/ChilmarkMA_Treasurer/TreasurerTownReportFY04.pdf,atr,nodes,ERROR
Hamilton,,http://www.hamiltonma.gov/Pages/HamiltonMA_HealthNews/I01A96621.2/Hamilton_town%20Report%20Card%20-%20FINAL.pdf,atr,nodes,ERROR
Hamilton,,http://www.hamiltonma.gov/Pages/HamiltonMA_Treasurer/Annual%20Report%202009.pdf,atr,nodes,ERROR
Hamilton,,http://www.hamiltonma.gov/Pages/HamiltonMA_Treasurer/annual%20report%202008.pdf,atr,nodes,ERROR
Merrimac,2009,https://townofmerrimac.com/wp-content/uploads/2023/05/Merrimac-ATR-2009-FOR-WEB-FINAL.pdf,atr_by_context,nodes,ERROR
Merrimac,2016,https://townofmerrimac.com/wp-content/uploads/2023/05/Merrimac-AR-2016.pdf,atr_by_context,nodes,ERROR
Lincoln,,http://www.lincolntown.org/Annual%20Report%202005.pdf,atr,nodes,ERROR
Newbury,,http://www.townofnewbury.org:80/Pages/NewburyMA_BOS/TON%202013%20Receipts%20&%20Expenditures.School%20Comm%20Annual%20Rpt.pdf,atr,nodes,ERROR
Carver,,https://www.carverma.gov/sites/g/files/vyhlif4221/f/pages/1870_town_report.pdf,atr,nodes,ERROR
Carver,,https://www.carverma.gov/sites/g/files/vyhlif4221/f/pages/1871_town_report.pdf,atr,nodes,ERROR
Carver,,https://www.carverma.gov/sites/g/files/vyhlif4221/f/pages/1872_town_report.pdf,atr,nodes,ERROR
Carver,,https://www.carverma.gov/sites/g/files/vyhlif4221/f/pages/1873_town_report.pdf,atr,nodes,ERROR
Carver,,https://www.carverma.gov/sites/g/files/vyhlif4221/f/pages/1874_town_report.pdf,atr,nodes,ERROR
Carver,,https://www.carverma.gov/sites/g/files/vyhlif4221/f/pages/1875_town_report.pdf,atr,nodes,ERROR
Carver,,https://www.carverma.gov/sites/g/files/vyhlif4221/f/pages/1876_town_report.pdf,atr,nodes,ERROR
Carver,,https://www.carverma.gov/sites/g/files/vyhlif4221/f/pages/1877_town_report.pdf,atr,nodes,ERROR
Carver,,https://www.carverma.gov/sites/g/files/vyhlif4221/f/pages/1878_town_report.pdf,atr,nodes,ERROR
Carver,,https://www.carverma.gov/sites/g/files/vyhlif4221/f/pages/1879_town_report.pdf,atr,nodes,ERROR
Carver,,https://www.carverma.gov/sites/g/files/vyhlif4221/f/pages/1880_town_report.pdf,atr,nodes,ERROR
Carver,,https://www.carverma.gov/sites/g/files/vyhlif4221/f/pages/1881_town_report.pdf,atr,nodes,ERROR
Carver,,https://www.carverma.gov/sites/g/files/vyhlif4221/f/pages/1882_town_report.pdf,atr,nodes,ERROR
Carver,,https://www.carverma.gov/sites/g/files/vyhlif4221/f/pages/1884_town_report.pdf,atr,nodes,ERROR
Carver,,https://www.carverma.gov/sites/g/files/vyhlif4221/f/pages/1885_town_report.pdf,atr,nodes,ERROR
Carver,,https://www.carverma.gov/sites/g/files/vyhlif4221/f/pages/1886_town_report.pdf,atr,nodes,ERROR
Carver,,https://www.carverma.gov/sites/g/files/vyhlif4221/f/pages/1887_town_report.pdf,atr,nodes,ERROR
Carver,,https://www.carverma.gov/sites/g/files/vyhlif4221/f/pages/1888_town_report.pdf,atr,nodes,ERROR
Carver,,https://www.carverma.gov/sites/g/files/vyhlif4221/f/pages/1889_town_report.pdf,atr,nodes,ERROR
Carver,,https://www.carverma.gov/sites/g/files/vyhlif4221/f/pages/1890_town_report.pdf,atr,nodes,ERROR
Carver,,https://www.carverma.gov/sites/g/files/vyhlif4221/f/pages/1891_town_report.pdf,atr,nodes,ERROR
Carver,,https://www.carverma.gov/sites/g/files/vyhlif4221/f/pages/1892_town_report.pdf,atr,nodes,ERROR
Carver,,https://www.carverma.gov/sites/g/files/vyhlif4221/f/pages/1893_town_report.pdf,atr,nodes,ERROR
Carver,,https://www.carverma.gov/sites/g/files/vyhlif4221/f/pages/1894_town_report.pdf,atr,nodes,ERROR
Carver,,https://www.carverma.gov/sites/g/files/vyhlif4221/f/pages/1895_town_report.pdf,atr,nodes,ERROR
Carver,,https://www.carverma.gov/sites/g/files/vyhlif4221/f/pages/1896_town_report.pdf,atr,nodes,ERROR
Carver,,https://www.carverma.gov/sites/g/files/vyhlif4221/f/pages/1897_town_report.pdf,atr,nodes,ERROR
Carver,,https://www.carverma.gov/sites/g/files/vyhlif4221/f/pages/1898_town_report.pdf,atr,nodes,ERROR
Carver,,https://www.carverma.gov/sites/g/files/vyhlif4221/f/pages/1899_town_report.pdf,atr,nodes,ERROR
Carver,,https://www.carverma.gov/sites/g/files/vyhlif4221/f/pages/1900_town_report.pdf,atr,nodes,ERROR
Carver,,https://www.carverma.gov/sites/g/files/vyhlif4221/f/pages/1901_town_report.pdf,atr,nodes,ERROR
Carver,,https://www.carverma.gov/sites/g/files/vyhlif4221/f/pages/1902_town_report.pdf,atr,nodes,ERROR
Carver,,https://www.carverma.gov/sites/g/files/vyhlif4221/f/pages/1903_town_report.pdf,atr,nodes,ERROR
Carver,,https://www.carverma.gov/sites/g/files/vyhlif4221/f/pages/1904_town_report.pdf,atr,nodes,ERROR
Carver,,https://www.carverma.gov/sites/g/files/vyhlif4221/f/pages/1905_town_report.pdf,atr,nodes,ERROR
Carver,,https://www.carverma.gov/sites/g/files/vyhlif4221/f/pages/1906_town_report.pdf,atr,nodes,ERROR
Carver,,https://www.carverma.gov/sites/g/files/vyhlif4221/f/pages/1907_town_report.pdf,atr,nodes,ERROR
Carver,,https://www.carverma.gov/sites/g/files/vyhlif4221/f/pages/1908_town_report.pdf,atr,nodes,ERROR
Carver,,https://www.carverma.gov/sites/g/files/vyhlif4221/f/pages/1909_town_report.pdf,atr,nodes,ERROR
Carver,,https://www.carverma.gov/sites/g/files/vyhlif4221/f/pages/1910_town_report.pdf,atr,nodes,ERROR
Carver,,https://www.carverma.gov/sites/g/files/vyhlif4221/f/pages/1911_town_report.pdf,atr,nodes,ERROR
Carver,,https://www.carverma.gov/sites/g/files/vyhlif4221/f/pages/1912_town_report.pdf,atr,nodes,ERROR
Carver,,https://www.carverma.gov/sites/g/files/vyhlif4221/f/pages/1913_town_report.pdf,atr,nodes,ERROR
Carver,,https://www.carverma.gov/sites/g/files/vyhlif4221/f/pages/1914_town_report.pdf,atr,nodes,ERROR
Carver,,https://www.carverma.gov/sites/g/files/vyhlif4221/f/pages/1915_town_report.pdf,atr,nodes,ERROR
Carver,,https://www.carverma.gov/sites/g/files/vyhlif4221/f/pages/1916_town_report.pdf,atr,nodes,ERROR
Carver,,https://www.carverma.gov/sites/g/files/vyhlif4221/f/pages/1917_town_report.pdf,atr,nodes,ERROR
Carver,,https://www.carverma.gov/sites/g/files/vyhlif4221/f/pages/1918_town_report.pdf,atr,nodes,ERROR
Carver,,https://www.carverma.gov/sites/g/files/vyhlif4221/f/pages/1919_town_report.pdf,atr,nodes,ERROR
Carver,,https://www.carverma.gov/sites/g/files/vyhlif4221/f/pages/1920_town_report.pdf,atr,nodes,ERROR
Carver,,https://www.carverma.gov/sites/g/files/vyhlif4221/f/pages/1921_town_report.pdf,atr,nodes,ERROR
Carver,,https://www.carverma.gov/sites/g/files/vyhlif4221/f/pages/1922_town_report.pdf,atr,nodes,ERROR
Carver,,https://www.carverma.gov/sites/g/files/vyhlif4221/f/pages/1923_town_report.pdf,atr,nodes,ERROR
Carver,,https://www.carverma.gov/sites/g/files/vyhlif4221/f/pages/1924_town_report.pdf,atr,nodes,ERROR
Carver,,https://www.carverma.gov/sites/g/files/vyhlif4221/f/pages/1925_town_report.pdf,atr,nodes,ERROR
Carver,,https://www.carverma.gov/sites/g/files/vyhlif4221/f/pages/1926_town_report.pdf,atr,nodes,ERROR
Carver,,https://www.carverma.gov/sites/g/files/vyhlif4221/f/pages/1927_town_report.pdf,atr,nodes,ERROR
Carver,,https://www.carverma.gov/sites/g/files/vyhlif4221/f/pages/1928_town_report.pdf,atr,nodes,ERROR
Carver,,https://www.carverma.gov/sites/g/files/vyhlif4221/f/pages/1929_town_report.pdf,atr,nodes,ERROR
Carver,,https://www.carverma.gov/sites/g/files/vyhlif4221/f/pages/1930_town_report.pdf,atr,nodes,ERROR
Carver,,https://www.carverma.gov/sites/g/files/vyhlif4221/f/pages/1931_town_report.pdf,atr,nodes,ERROR
Carver,,https://www.carverma.gov/sites/g/files/vyhlif4221/f/pages/1932_town_report.pdf,atr,nodes,ERROR
Carver,,https://www.carverma.gov/sites/g/files/vyhlif4221/f/pages/1933_town_report.pdf,atr,nodes,ERROR
Carver,,https://www.carverma.gov/sites/g/files/vyhlif4221/f/pages/1934_town_report.pdf,atr,nodes,ERROR
Carver,,https://www.carverma.gov/sites/g/files/vyhlif4221/f/pages/1935_town_report.pdf,atr,nodes,ERROR
Carver,,https://www.carverma.gov/sites/g/files/vyhlif4221/f/pages/1936_town_report.pdf,atr,nodes,ERROR
Carver,,https://www.carverma.gov/sites/g/files/vyhlif4221/f/pages/1937_town_report.pdf,atr,nodes,ERROR
Carver,,https://www.carverma.gov/sites/g/files/vyhlif4221/f/pages/1939_town_report.pdf,atr,nodes,ERROR
Carver,,https://www.carverma.gov/sites/g/files/vyhlif4221/f/pages/1940_town_report.pdf,atr,nodes,ERROR
Carver,,https://www.carverma.gov/sites/g/files/vyhlif4221/f/pages/1941_town_report.pdf,atr,nodes,ERROR
Carver,,https://www.carverma.gov/sites/g/files/vyhlif4221/f/pages/1942_town_report.pdf,atr,nodes,ERROR
Carver,,https://www.carverma.gov/sites/g/files/vyhlif4221/f/pages/1943_town_report.pdf,atr,nodes,ERROR
Carver,,https://www.carverma.gov/sites/g/files/vyhlif4221/f/pages/1944_town_report.pdf,atr,nodes,ERROR
Carver,,https://www.carverma.gov/sites/g/files/vyhlif4221/f/pages/1945_town_report.pdf,atr,nodes,ERROR
Carver,,https://www.carverma.gov/sites/g/files/vyhlif4221/f/pages/1946_town_report.pdf,atr,nodes,ERROR
Carver,,https://www.carverma.gov/sites/g/files/vyhlif4221/f/pages/1947_town_report.pdf,atr,nodes,ERROR
Carver,,https://www.carverma.gov/sites/g/files/vyhlif4221/f/pages/1948_town_report.pdf,atr,nodes,ERROR
Carver,,https://www.carverma.gov/sites/g/files/vyhlif4221/f/pages/1949_town_report.pdf,atr,nodes,ERROR
Carver,,https://www.carverma.gov/sites/g/files/vyhlif4221/f/pages/1950_town_report.pdf,atr,nodes,ERROR
Carver,,https://www.carverma.gov/sites/g/files/vyhlif4221/f/pages/1951_town_report.pdf,atr,nodes,ERROR
Carver,,https://www.carverma.gov/sites/g/files/vyhlif4221/f/pages/1952_town_report.pdf,atr,nodes,ERROR
Carver,,https://www.carverma.gov/sites/g/files/vyhlif4221/f/pages/1953_town_report.pdf,atr,nodes,ERROR
Carver,,https://www.carverma.gov/sites/g/files/vyhlif4221/f/pages/1954_town_report.pdf,atr,nodes,ERROR
Carver,,https://www.carverma.gov/sites/g/files/vyhlif4221/f/pages/1955_town_report.pdf,atr,nodes,ERROR
Carver,,https://www.carverma.gov/sites/g/files/vyhlif4221/f/pages/1956_town_report.pdf,atr,nodes,ERROR
Carver,,https://www.carverma.gov/sites/g/files/vyhlif4221/f/pages/1957_town_report.pdf,atr,nodes,ERROR
Carver,,https://www.carverma.gov/sites/g/files/vyhlif4221/f/pages/1958_town_report.pdf,atr,nodes,ERROR
Carver,,https://www.carverma.gov/sites/g/files/vyhlif4221/f/pages/1959_town_report.pdf,atr,nodes,ERROR
Carver,,https://www.carverma.gov/sites/g/files/vyhlif4221/f/pages/1960_town_report.pdf,atr,nodes,ERROR
Carver,,https://www.carverma.gov/sites/g/files/vyhlif4221/f/pages/1961_town_report.pdf,atr,nodes,ERROR
Carver,,https://www.carverma.gov/sites/g/files/vyhlif4221/f/pages/1962_town_report.pdf,atr,nodes,ERROR
Carver,,https://www.carverma.gov/sites/g/files/vyhlif4221/f/pages/1963_town_report.pdf,atr,nodes,ERROR
Carver,,https://www.carverma.gov/sites/g/files/vyhlif4221/f/pages/1964_town_report.pdf,atr,nodes,ERROR
Carver,,https://www.carverma.gov/sites/g/files/vyhlif4221/f/pages/1965_town_report.pdf,atr,nodes,ERROR
Carver,,https://www.carverma.gov/sites/g/files/vyhlif4221/f/pages/1967_town_report.pdf,atr,nodes,ERROR
Carver,,https://www.carverma.gov/sites/g/files/vyhlif4221/f/pages/1968_town_report.pdf,atr,nodes,ERROR
Carver,,https://www.carverma.gov/sites/g/files/vyhlif4221/f/pages/1969_town_report.pdf,atr,nodes,ERROR
Carver,,https://www.carverma.gov/sites/g/files/vyhlif4221/f/pages/1970_town_report.pdf,atr,nodes,ERROR
Carver,,https://www.carverma.gov/sites/g/files/vyhlif4221/f/pages/1971_town_report.pdf,atr,nodes,ERROR
Carver,,https://www.carverma.gov/sites/g/files/vyhlif4221/f/pages/1972_town_report.pdf,atr,nodes,ERROR
Carver,,https://www.carverma.gov/sites/g/files/vyhlif4221/f/pages/1973_town_report.pdf,atr,nodes,ERROR
Carver,,https://www.carverma.gov/sites/g/files/vyhlif4221/f/pages/1974_town_report.pdf,atr,nodes,ERROR
Carver,,https://www.carverma.gov/sites/g/files/vyhlif4221/f/pages/1975_town_report.pdf,atr,nodes,ERROR
Carver,,https://www.carverma.gov/sites/g/files/vyhlif4221/f/pages/1976_town_report.pdf,atr,nodes,ERROR
Carver,,https://www.carverma.gov/sites/g/files/vyhlif4221/f/pages/1977_town_report.pdf,atr,nodes,ERROR
Carver,,https://www.carverma.gov/sites/g/files/vyhlif4221/f/pages/1978_town_report.pdf,atr,nodes,ERROR
Carver,,https://www.carverma.gov/sites/g/files/vyhlif4221/f/pages/1979_town_report.pdf,atr,nodes,ERROR
Carver,,https://www.carverma.gov/sites/g/files/vyhlif4221/f/uploads/carver_py1_annual_report_final_with_signature.pdf,atr,nodes,ERROR
Shirley,,http://shirley-ma.gov/Pages/ShirleyMA_News/0239F346-000F8513.0/FY15%20Final%20Town%20Report.pdf,atr,nodes,ERROR
Shirley,,http://shirley-ma.gov/Pages/ShirleyMA_News/I0239F34C.0/FY15%20Final%20Town%20Report.pdf,atr,nodes,ERROR
Shirley,,http://shirley-ma.gov/Pages/ShirleyMA_WebDocs/town/Annual%20Town%20Report%20FY14.pdf,atr,nodes,ERROR
Shirley,,http://www.shirley-ma.gov/Pages/ShirleyMA_News/02090012-000F8513.0/Annual%20Town%20Report%20FY14.pdf,atr,nodes,ERROR
Shirley,,https://www.shirley-ma.gov/sites/g/files/vyhlif5001/f/uploads/draft_annual_town_report_fy19.pdf,atr,nodes,ERROR
Shirley,,https://www.shirley-ma.gov/sites/g/files/vyhlif5001/f/uploads/final_fy21_annual_town_report.pdf,atr,nodes,ERROR
Shirley,,https://www.shirley-ma.gov/sites/g/files/vyhlif5001/f/uploads/fy20_annual_town_report.pdf,atr,nodes,ERROR
Shirley,,https://www.shirley-ma.gov/sites/g/files/vyhlif5001/f/uploads/fy22_annual_town_report_pdf.pdf,atr,nodes,ERROR
Duxbury,,https://www.town.duxbury.ma.us/sites/duxburyma/files/uploads/duxbury_annual_town_report_fy17.pdf,atr,nodes,ERROR
Duxbury,,https://www.town.duxbury.ma.us/sites/g/files/vyhlif3056/f/uploads/dsc_annualreport_hr.pdf,atr,nodes,ERROR
Duxbury,,https://www.town.duxbury.ma.us/sites/g/files/vyhlif3056/f/uploads/duxbury_annual_town_report_fy17.pdf,atr,nodes,ERROR
Duxbury,,https://www.town.duxbury.ma.us/sites/g/files/vyhlif3056/f/uploads/fy19_duxbury_annual_town_report.pdf,atr,nodes,ERROR
Clinton,,http://clintonma.gov/Fiscal%20Year%202016%20Town%20Report_Clinton.pdf,atr,nodes,ERROR
Clinton,,http://www.clintonma.gov/boardscommittees/Personnel_Annual_Report_09.pdf,atr,nodes,ERROR
Lancaster,,http://www.ci.lancaster.ma.us:80/library/annualreport04finaledit.pdf,atr,nodes,ERROR
Oakham,,http://www.oakham-ma.gov:80/docs/Annual%20Report%20Book%202009.pdf,atr,nodes,ERROR
Truro,,http://www.truro-ma.gov/sites/truroma/files/file/file/aquacultureannualreport.pdf,atr,nodes,ERROR
Truro,,https://www.truro-ma.gov/sites/g/files/vyhlif3936/f/file/file/07_annual_report.pdf,atr,nodes,ERROR
Truro,,https://www.truro-ma.gov/sites/g/files/vyhlif3936/f/pages/annual_town_report.pdf,atr,nodes,ERROR
Truro,,https://www.truro-ma.gov/sites/g/files/vyhlif9766/f/file/file/aquacultureannualreport.pdf,atr,nodes,ERROR
Truro,,https://www.truro-ma.gov/sites/g/files/vyhlif9766/f/pages/annual_town_report.pdf,atr,nodes,ERROR
Truro,,https://www.truro-ma.gov/sites/g/files/vyhlif9766/f/uploads/annual_town_report_0.pdf,atr,nodes,ERROR
Dunstable,,http://dunstable-ma.gov/Pages/DunstableMA_Bcomm/BOS/Reports/Annual%20Town%20Report%202015.pdf,atr,nodes,ERROR
Dunstable,,http://www.dunstable-ma.gov/Pages/DunstableMA_WebDocs/localdocs/S01782692.4/Annual%20Town%20Report%202015.pdf,atr,nodes,ERROR
Dunstable,,https://www.dunstable-ma.gov/sites/g/files/vyhlif4361/f/uploads/raffles_and_bazaars_annual_report.pdf,atr,nodes,ERROR
Lakeville,,http://www.lakevillema.org:80/Town%20Report/LAKEVILLE%202016%20TR%20WEB%20COPY.pdf,atr,nodes,ERROR
Essex,,http://essexma.org/Pages/EssexMA_Selectmen/Combined%202010%20Annual%20Report.pdf,atr,nodes,ERROR
Essex,,http://essexma.org/Pages/EssexMA_Selectmen/Combined%202012%20Annual%20Report.pdf,atr,nodes,ERROR
Essex,,http://essexma.org/Pages/EssexMA_Selectmen/Combined%202014%20Annual%20Report.pdf,atr,nodes,ERROR
Essex,,http://essexma.org/Pages/EssexMA_Selectmen/Combined%202015%20Annual%20Report.pdf,atr,nodes,ERROR
Sunderland,,http://www.townofsunderland.us/Copy%20of%20_COMBINED%20ANNUAL%20REPORT%20DOC%20%204.14.11.pdf,atr,nodes,ERROR
Sunderland,,http://www.townofsunderland.us/Town%20of%20Sunderland%202007%20Annual%20Report%20(04.28.08).pdf,atr,nodes,ERROR
Sunderland,,https://www.townofsunderland.us/sites/g/files/vyhlif3891/f/uploads/annual_report_combined.pdf,atr,nodes,ERROR
Belchertown,,http://www.belchertown.org:80/departments/dpw/downloads/Year%201%20Annual%20Report.pdf,atr,nodes,ERROR
Wilbraham,,http://wilbraham-ma.gov:80/townreport.pdf,atr,nodes,ERROR
Needham,,http://www.needhamma.gov/archives/72/Annual%20Report%20---%20FY%202000.pdf,atr,nodes,ERROR
Needham,,http://www.needhamma.gov/archives/72/Annual%20Report%20---%20FY%202001.pdf,atr,nodes,ERROR
Needham,,http://www.needhamma.gov/archives/72/Annual%20Report%20---%20FY%202002.pdf,atr,nodes,ERROR
Needham,,http://www.needhamma.gov/archives/72/Annual%20Report%20---%20FY%202003.pdf,atr,nodes,ERROR
Needham,,http://www.needhamma.gov/archives/72/Annual%20Report%20---%20FY%202004.pdf,atr,nodes,ERROR
Needham,,http://www.needhamma.gov/archives/72/Annual%20Report%20---%20FY%202005.pdf,atr,nodes,ERROR
Needham,,http://www.needhamma.gov/archives/72/Annual%20Report%20---%20FY%202006.pdf,atr,nodes,ERROR
Needham,,http://www.needhamma.gov/archives/72/Annual%20Report%20---%20FY%202007.pdf,atr,nodes,ERROR
Needham,,http://www.needhamma.gov/archives/72/Annual%20Report%20---%20FY%202008.pdf,atr,nodes,ERROR
Needham,,http://www.needhamma.gov/archives/72/Annual%20Report%20---%20FY%202009.pdf,atr,nodes,ERROR
Brockton,,http://brockton.ma.us/docs/default-source/documents/brockton-annual-report-3-26-16.pdf?sfvrsn=2,atr,nodes,ERROR
Brockton,,http://www.brockton.ma.us/docs/default-source/documents/brockton-annual-report-3-27-15.pdf?sfvrsn=2,atr,nodes,ERROR
Brockton,,http://www.brockton.ma.us/docs/documents/brockton-annual-report-3-25-13.pdf?sfvrsn=2,atr,nodes,ERROR
Brockton,,http://www.brockton.ma.us/docs/documents/brockton-annual-report-3-27-14.pdf?sfvrsn=2,atr,nodes,ERROR
Boxford,,http://town.boxford.ma.us/Pages/BoxfordMA_Bcomm/BOA/Annual%20Report%202014.pdf,atr,nodes,ERROR
Boxford,,http://town.boxford.ma.us/pages/boxfordma_assessors/Annual%20Report%202014.pdf,atr,nodes,ERROR
Boxford,,https://www.town.boxford.ma.us/sites/g/files/vyhlif321/f/uploads/ma-annual-report-yr1-boxford-signed.pdf,atr,nodes,ERROR
Bedford,,http://www.bedfordnh.org:80/Pages/BedfordNH_WebDocs/Bedford%20Annual%20Report%2020141.pdf,atr,nodes,NOT_PDF
Milford,,https://www.milfordma.gov/sites/g/files/vyhlif3466/f/uploads/combined_town_report_pdf.pdf,atr,nodes,ERROR
Webster,,http://www.webster-ma.gov/documents/report/Town%20Report%202014.pdf,atr,nodes,ERROR
