municipality,year,date,level,precinct,registered,voted,status,note,read_by
AYEP nesssessessesneeneeee,2000,2000-04-24,total,,3907,958,mismatch,"precincts sum to 1669 registered, the printed total says 3907",ocr
AYEP nesssessessesneeneeee,2000,2000-04-24,precinct,1,1669,506,mismatch,,ocr
Abington,2000,2000-05-06,total,,9240,2937,checked,precincts sum to both printed totals,text
Abington,2000,2000-05-06,precinct,1,2194,579,checked,,text
Abington,2000,2000-05-06,precinct,2,1934,557,checked,,text
Abington,2000,2000-05-06,precinct,3,2419,904,checked,,text
Abington,2000,2000-05-06,precinct,4,2693,897,checked,,text
Acton,2000,2000-03-28,total,,,,no_total,no TOTALS row was read,text
Acton,2000,2000-03-28,precinct,1,2126,58,no_total,,text
Acton,2000,2000-03-28,precinct,2,2508,111,no_total,,text
Acton,2000,2000-03-28,precinct,3,2330,164,no_total,,text
Acton,2000,2000-03-28,precinct,4,2288,110,no_total,,text
Acushnet,2000,2000-04-03,total,,6478,,reg_only,registered voters sum; people who voted does not,text
Acushnet,2000,2000-04-03,precinct,1,2032,641,reg_only,,text
Acushnet,2000,2000-04-03,precinct,2,2284,724,reg_only,,text
Acushnet,2000,2000-04-03,precinct,3,2162,476,reg_only,,text
Adams,2000,2000-05-01,total,,5712,1758,checked,precincts sum to both printed totals; the TOTALS label was unreadable and was identified by the sum,text
Adams,2000,2000-05-01,precinct,1,1063,308,checked,,text
Adams,2000,2000-05-01,precinct,2,1178,394,checked,,text
Adams,2000,2000-05-01,precinct,3,1189,348,checked,,text
Adams,2000,2000-05-01,precinct,4,1078,301,checked,,text
Adams,2000,2000-05-01,precinct,5,1204,407,checked,,text
Alford,2000,2000-05-17,total,,,,no_total,no TOTALS row was read,text
Alford,2000,2000-05-17,precinct,1,293,72,no_total,,text
Amesbury,2000,,total,,,,no_election,the volume states no election was held this year,text
Amherst,2000,2000-03-28,total,,18621,3801,checked,precincts sum to both printed totals; the TOTALS label was unreadable and was identified by the sum,text
Amherst,2000,2000-03-28,precinct,1,1319,185,checked,,text
Amherst,2000,2000-03-28,precinct,2,2065,495,checked,,text
Amherst,2000,2000-03-28,precinct,3,1840,345,checked,,text
Amherst,2000,2000-03-28,precinct,4,523,125,checked,,text
Amherst,2000,2000-03-28,precinct,5,1366,139,checked,,text
Amherst,2000,2000-03-28,precinct,5,1562,330,checked,,text
Amherst,2000,2000-03-28,precinct,6,2045,441,checked,,text
Amherst,2000,2000-03-28,precinct,7,1858,391,checked,,text
Amherst,2000,2000-03-28,precinct,9,2416,624,checked,,text
Amherst,2000,2000-03-28,precinct,10,2080,479,checked,,text
Amherst,2000,2000-03-28,precinct,10,792,167,checked,,text
Amherst,2000,2000-03-28,precinct,12,755,80,checked,,text
Ashburnham,2000,2000-04-25,total,,,,no_total,no TOTALS row was read,ocr
Ashburnham,2000,2000-04-25,precinct,1,3182,1006,no_total,,ocr
Ashland,2000,2000-05-02,total,,,,no_total,no TOTALS row was read,ocr
Ashland,2000,2000-05-02,precinct,1,2255,241,no_total,,ocr
Ashland,2000,2000-05-02,precinct,2,2250,321,no_total,,ocr
Ashland,2000,2000-05-02,precinct,3,2453,139,no_total,,ocr
Ashland,2000,2000-05-02,precinct,4,9201,890,no_total,,ocr
Athol,2000,2000-04-03,total,,6287,1811,mismatch,"precincts sum to 2232 registered, the printed total says 6287",ocr
Athol,2000,2000-04-03,precinct,1,2232,694,mismatch,,ocr
Auburn,2000,2000-05-18,total,,10855,3136,mismatch,"precincts sum to 4539 registered, the printed total says 10855",ocr
Auburn,2000,2000-05-18,precinct,1,2442,714,mismatch,,ocr
Auburn,2000,2000-05-18,precinct,2,2097,667,mismatch,,ocr
Avon,2000,2000-04-10,total,,,,no_total,no TOTALS row was read,ocr
Avon,2000,2000-04-10,precinct,1,3050,1352,no_total,,ocr
Barnstable,2000,,total,,,,no_election,the volume states no election was held this year,ocr
Barre,2000,2000-02-28,total,,3001,952,checked,precincts sum to both printed totals,ocr
Barre,2000,2000-02-28,precinct,1,1604,541,checked,,ocr
Barre,2000,2000-02-28,precinct,2,1397,411,checked,,ocr
Becket,2000,2000-05-20,total,,1108,365,single,"a single undivided town, or no precinct detail printed",ocr
Bedford,2000,2000-03-04,total,,8295,672,mismatch,"precincts sum to 7028 registered, the printed total says 8295",ocr
Bedford,2000,2000-03-04,precinct,1,2355,223,mismatch,,ocr
Bedford,2000,2000-03-04,precinct,2,2497,207,mismatch,,ocr
Bedford,2000,2000-03-04,precinct,3,2176,166,mismatch,,ocr
Belchertown,2000,2000-05-15,total,,,,no_total,no TOTALS row was read,ocr
Belchertown,2000,2000-05-15,precinct,1,2550,207,no_total,,ocr
Belchertown,2000,2000-05-15,precinct,2,2589,220,no_total,,ocr
Belchertown,2000,2000-05-15,precinct,3,7917,705,no_total,,ocr
Bellingham,2000,2000-05-02,total,,8811,2195,checked,precincts sum to both printed totals; the TOTALS label was unreadable and was identified by the sum,ocr
Bellingham,2000,2000-05-02,precinct,1,1722,395,checked,,ocr
Bellingham,2000,2000-05-02,precinct,2,1727,470,checked,,ocr
Bellingham,2000,2000-05-02,precinct,3,1760,387,checked,,ocr
Bellingham,2000,2000-05-02,precinct,4,1832,420,checked,,ocr
Bellingham,2000,2000-05-02,precinct,5,1770,523,checked,,ocr
Belmont,2000,2000-04-03,total,,17243,3483,mismatch,"precincts sum to 11214 registered, the printed total says 17243",ocr
Belmont,2000,2000-04-03,precinct,1,2210,584,mismatch,,ocr
Belmont,2000,2000-04-03,precinct,2,2330,632,mismatch,,ocr
Belmont,2000,2000-04-03,precinct,3,2082,308,mismatch,,ocr
Belmont,2000,2000-04-03,precinct,4,2208,381,mismatch,,ocr
Belmont,2000,2000-04-03,precinct,5,2384,467,mismatch,,ocr
Berkley,2000,2000-05-06,total,,3327,607,single,"a single undivided town, or no precinct detail printed",ocr
Bernardston,2000,2000-05-01,total,,,,no_total,no TOTALS row was read,ocr
Bernardston,2000,2000-05-01,precinct,1,1278,267,no_total,,ocr
Billerica,2000,2000-04-01,total,,22249,4218,mismatch,"precincts sum to 17596 registered, the printed total says 22249",ocr
Billerica,2000,2000-04-01,precinct,1,2105,436,mismatch,,ocr
Billerica,2000,2000-04-01,precinct,2,2194,478,mismatch,,ocr
Billerica,2000,2000-04-01,precinct,3,2223,372,mismatch,,ocr
Billerica,2000,2000-04-01,precinct,4,2230,368,mismatch,,ocr
Billerica,2000,2000-04-01,precinct,5,2352,476,mismatch,,ocr
Billerica,2000,2000-04-01,precinct,6,2105,372,mismatch,,ocr
Billerica,2000,2000-04-01,precinct,7,2143,365,mismatch,,ocr
Billerica,2000,2000-04-01,precinct,8,2244,406,mismatch,,ocr
Blackstone,2000,2000-04-03,total,,,,no_total,no TOTALS row was read,ocr
Blackstone,2000,2000-04-03,precinct,1,1655,105,no_total,,ocr
Blackstone,2000,2000-04-03,precinct,2,5381,262,no_total,,ocr
Blandford,2000,2000-05-06,total,,714,204,single,"a single undivided town, or no precinct detail printed",ocr
Bolton,2000,2000-05-09,total,,,,no_total,no TOTALS row was read,ocr
Bolton,2000,2000-05-09,precinct,1,2631,92,no_total,,ocr
Bourne,2000,2000-04-05,total,,,,no_total,no TOTALS row was read,ocr
Bourne,2000,2000-04-05,precinct,1,2240,662,no_total,,ocr
Boxborough,2000,2000-05-15,total,,2684,243,single,"a single undivided town, or no precinct detail printed",ocr
Boxford,2000,2000-05-16,total,,4947,1835,checked,precincts sum to both printed totals; the TOTALS label was unreadable and was identified by the sum,ocr
Boxford,2000,2000-05-16,precinct,1,2609,964,checked,,ocr
Boxford,2000,2000-05-16,precinct,2,2338,871,checked,,ocr
Boylston,2000,2000-05-01,total,,,,no_total,no TOTALS row was read,ocr
Boylston,2000,2000-05-01,precinct,1,2684,889,no_total,,ocr
Braintree,2000,2000-04-04,total,,22692,7166,mismatch,"precincts sum to 20873 registered, the printed total says 22692",ocr
Braintree,2000,2000-04-04,precinct,1,1954,655,mismatch,,ocr
Braintree,2000,2000-04-04,precinct,2,1909,607,mismatch,,ocr
Braintree,2000,2000-04-04,precinct,3,1957,675,mismatch,,ocr
Braintree,2000,2000-04-04,precinct,4,1813,728,mismatch,,ocr
Braintree,2000,2000-04-04,precinct,5,1958,626,mismatch,,ocr
Braintree,2000,2000-04-04,precinct,6,1787,493,mismatch,,ocr
Braintree,2000,2000-04-04,precinct,7,1564,382,mismatch,,ocr
Braintree,2000,2000-04-04,precinct,8,1561,372,mismatch,,ocr
Braintree,2000,2000-04-04,precinct,9,1812,570,mismatch,,ocr
Braintree,2000,2000-04-04,precinct,10,2620,844,mismatch,,ocr
Braintree,2000,2000-04-04,precinct,11,1938,729,mismatch,,ocr
Brewster,2000,2000-05-16,total,,,,no_total,no TOTALS row was read,ocr
Brewster,2000,2000-05-16,precinct,1,2327,148,no_total,,ocr
Brewster,2000,2000-05-16,precinct,2,2500,248,no_total,,ocr
Brewster,2000,2000-05-16,precinct,3,7019,503,no_total,,ocr
Bridgewater,2000,2000-04-22,total,,12640,793,mismatch,"precincts sum to 5868 registered, the printed total says 12640",ocr
Bridgewater,2000,2000-04-22,precinct,1,2387,141,mismatch,,ocr
Bridgewater,2000,2000-04-22,precinct,2,1517,107,mismatch,,ocr
Bridgewater,2000,2000-04-22,precinct,3,1964,143,mismatch,,ocr
Brimfield,2000,2000-06-05,total,,,,no_total,no TOTALS row was read,ocr
Brimfield,2000,2000-06-05,precinct,1,1995,655,no_total,,ocr
Brookfield,2000,2000-05-06,total,,,,no_total,no TOTALS row was read,ocr
Brookfield,2000,2000-05-06,precinct,1,1862,224,no_total,,ocr
Brookline,2000,2000-05-07,total,,,,no_total,no TOTALS row was read,ocr
Brookline,2000,2000-05-07,precinct,1,1873,387,no_total,,ocr
Brookline,2000,2000-05-07,precinct,2,1963,436,no_total,,ocr
Brookline,2000,2000-05-07,precinct,3,1991,355,no_total,,ocr
Brookline,2000,2000-05-07,precinct,4,2077,263,no_total,,ocr
Brookline,2000,2000-05-07,precinct,5,2190,322,no_total,,ocr
Carver,2000,2000-04-08,total,,7501,1345,checked,precincts sum to both printed totals; the TOTALS label was unreadable and was identified by the sum,text
Carver,2000,2000-04-08,precinct,1,2331,326,checked,,text
Carver,2000,2000-04-08,precinct,2,2642,457,checked,,text
Carver,2000,2000-04-08,precinct,3,2528,562,checked,,text
Chelmsford,2000,2000-05-11,total,,5926,1560,checked,precincts sum to both printed totals; the TOTALS label was unreadable and was identified by the sum,text
Chelmsford,2000,2000-05-11,precinct,1,2936,863,checked,,text
Chelmsford,2000,2000-05-11,precinct,2,2990,697,checked,,text
Chesterfield,2000,,total,,722,85,single,"a single undivided town, or no precinct detail printed",text
Chilmark,2000,2000-04-26,total,,716,372,mismatch,"precincts sum to 200 registered, the printed total says 716",text
Chilmark,2000,2000-04-26,precinct,1,200,0,mismatch,,text
Clarksburg,2000,2000-05-16,total,,1072,351,checked,precincts sum to both printed totals,text
Clarksburg,2000,2000-05-16,precinct,1,549,190,checked,,text
Clarksburg,2000,2000-05-16,precinct,2,523,161,checked,,text
Clinton,2000,2000-05-01,total,,7971,2372,checked,precincts sum to both printed totals,text
Clinton,2000,2000-05-01,precinct,1,2078,575,checked,,text
Clinton,2000,2000-05-01,precinct,2,2090,597,checked,,text
Clinton,2000,2000-05-01,precinct,3,1780,561,checked,,text
Clinton,2000,2000-05-01,precinct,4,2023,639,checked,,text
Cohasset,2000,2000-04-08,total,,5227,2588,mismatch,"precincts sum to 2720 registered, the printed total says 5227",text
Cohasset,2000,2000-04-08,precinct,1,2718,1299,mismatch,,text
Cohasset,2000,2000-04-08,precinct,2,2,2509,mismatch,,text
Colrain,2000,2000-05-01,total,,1022,180,single,"a single undivided town, or no precinct detail printed",text
Concord,2000,2000-03-07,total,,1324,178,mismatch,"precincts sum to 13664 registered, the printed total says 1324",text
Concord,2000,2000-03-07,precinct,1,1940,1136,mismatch,,text
Concord,2000,2000-03-07,precinct,2,1852,1109,mismatch,,text
Concord,2000,2000-03-07,precinct,3,2073,1202,mismatch,,text
Concord,2000,2000-03-07,precinct,4,1839,1110,mismatch,,text
Concord,2000,2000-03-07,precinct,5,1825,1188,mismatch,,text
Concord,2000,2000-03-07,precinct,6,2135,1249,mismatch,,text
Concord,2000,2000-03-07,precinct,7,2000,,mismatch,,text
Cummington,2000,2000-05-05,total,,636,190,single,"a single undivided town, or no precinct detail printed",text
Dalton,2000,2000-05-08,total,,4003,328,checked,precincts sum to both printed totals,text
Dalton,2000,2000-05-08,precinct,1,2053,186,checked,,text
Dalton,2000,2000-05-08,precinct,2,1950,142,checked,,text
Danvers,2000,2000-05-02,total,,15819,4235,checked,precincts sum to both printed totals,text
Danvers,2000,2000-05-02,precinct,1,1767,386,checked,,text
Danvers,2000,2000-05-02,precinct,2,2282,664,checked,,text
Danvers,2000,2000-05-02,precinct,3,1793,477,checked,,text
Danvers,2000,2000-05-02,precinct,4,1894,448,checked,,text
Danvers,2000,2000-05-02,precinct,5,2066,708,checked,,text
Danvers,2000,2000-05-02,precinct,6,2185,554,checked,,text
Danvers,2000,2000-05-02,precinct,7,1908,519,checked,,text
Danvers,2000,2000-05-02,precinct,8,1924,479,checked,,text
Dartmouth,2000,2000-04-03,total,,17034,4222,voted_only,people who voted sums; registered voters does not,text
Dartmouth,2000,2000-04-03,precinct,1,2221,393,voted_only,,text
Dartmouth,2000,2000-04-03,precinct,2,1747,393,voted_only,,text
Dartmouth,2000,2000-04-03,precinct,3,556,141,voted_only,,text
Dartmouth,2000,2000-04-03,precinct,4,1844,366,voted_only,,text
Dartmouth,2000,2000-04-03,precinct,5,1726,402,voted_only,,text
Dartmouth,2000,2000-04-03,precinct,6,1882,379,voted_only,,text
Dartmouth,2000,2000-04-03,precinct,7,1610,451,voted_only,,text
Dartmouth,2000,2000-04-03,precinct,8,1858,505,voted_only,,text
Dartmouth,2000,2000-04-03,precinct,9,1957,587,voted_only,,text
Dartmouth,2000,2000-04-03,precinct,10,1903,605,voted_only,,text
Dedham,2000,2000-04-10,total,,15758,2874,mismatch,"precincts sum to 37249 registered, the printed total says 15758",text
Dedham,2000,2000-04-10,precinct,1,2453,403,mismatch,,text
Dedham,2000,2000-04-10,precinct,2,2,402,mismatch,,text
Dedham,2000,2000-04-10,precinct,3,1929,250,mismatch,,text
Dedham,2000,2000-04-10,precinct,4,2556,617,mismatch,,text
Dedham,2000,2000-04-10,precinct,5,2139,359,mismatch,,text
Dedham,2000,2000-04-10,precinct,6,2199,391,mismatch,,text
Dedham,2000,2000-04-10,precinct,7,2250,452,mismatch,,text
Dedham,2000,2000-04-10,precinct,8,1799,667,mismatch,,text
Dedham,2000,2000-04-10,precinct,9,1806,626,mismatch,,text
Dedham,2000,2000-04-10,precinct,10,1848,691,mismatch,,text
Dedham,2000,2000-04-10,precinct,11,18268,7297,mismatch,,text
Deerfield,2000,2000-05-01,total,,3308,837,single,"a single undivided town, or no precinct detail printed",text
Dennis,2000,2000-05-09,total,,10660,840,checked,precincts sum to both printed totals,text
Dennis,2000,2000-05-09,precinct,1,2207,215,checked,,text
Dennis,2000,2000-05-09,precinct,2,2518,234,checked,,text
Dennis,2000,2000-05-09,precinct,3,2066,148,checked,,text
Dennis,2000,2000-05-09,precinct,4,2065,142,checked,,text
Dennis,2000,2000-05-09,precinct,5,1804,101,checked,,text
Dighton,2000,2000-02-22,total,,3494,744,single,"a single undivided town, or no precinct detail printed",text
Douglas,2000,2000-05-09,total,,4745,1302,single,"a single undivided town, or no precinct detail printed",text
Dover,2000,2000-05-15,total,,3523,1106,single,"a single undivided town, or no precinct detail printed",text
Dracut,2000,2000-05-01,total,,18296,3299,checked,precincts sum to both printed totals,text
Dracut,2000,2000-05-01,precinct,1,2388,469,checked,,text
Dracut,2000,2000-05-01,precinct,2,2661,497,checked,,text
Dracut,2000,2000-05-01,precinct,3,2660,586,checked,,text
Dracut,2000,2000-05-01,precinct,4,2771,389,checked,,text
Dracut,2000,2000-05-01,precinct,5,2651,522,checked,,text
Dracut,2000,2000-05-01,precinct,6,2677,435,checked,,text
Dracut,2000,2000-05-01,precinct,7,2488,401,checked,,text
Dudley,2000,2000-05-08,total,,5670,1368,checked,precincts sum to both printed totals,text
Dudley,2000,2000-05-08,precinct,1,1392,385,checked,,text
Dudley,2000,2000-05-08,precinct,2,1398,292,checked,,text
Dudley,2000,2000-05-08,precinct,3,1707,448,checked,,text
Dudley,2000,2000-05-08,precinct,4,1173,243,checked,,text
Dunstable,2000,2000-05-15,total,,1726,229,single,"a single undivided town, or no precinct detail printed",text
Duxbury,2000,2000-03-22,total,,10132,182,checked,precincts sum to both printed totals,text
Duxbury,2000,2000-03-22,precinct,1,1871,44,checked,,text
Duxbury,2000,2000-03-22,precinct,2,1940,40,checked,,text
Duxbury,2000,2000-03-22,precinct,3,1645,40,checked,,text
Duxbury,2000,2000-03-22,precinct,4,1626,21,checked,,text
Duxbury,2000,2000-03-22,precinct,5,1448,23,checked,,text
Duxbury,2000,2000-03-22,precinct,6,1602,14,checked,,text
East Bridgewater,2000,2000-04-08,total,,7399,1685,checked,precincts sum to both printed totals,text
East Bridgewater,2000,2000-04-08,precinct,1,2429,517,checked,,text
East Bridgewater,2000,2000-04-08,precinct,2,2621,544,checked,,text
East Bridgewater,2000,2000-04-08,precinct,3,2349,624,checked,,text
East Brookfield,2000,2000-05-01,total,,1328,405,single,"a single undivided town, or no precinct detail printed",text
East Longmeadow,2000,2000-04-11,total,,9188,2636,voted_only,people who voted sums; registered voters does not,text
East Longmeadow,2000,2000-04-11,precinct,1,11200,0,voted_only,,text
East Longmeadow,2000,2000-04-11,precinct,2,2281,722,voted_only,,text
East Longmeadow,2000,2000-04-11,precinct,3,2164,578,voted_only,,text
East Longmeadow,2000,2000-04-11,precinct,4,2341,662,voted_only,,text
East Longmeadow,2000,2000-04-11,precinct,5,2402,674,voted_only,,text
Eastham,2000,2000-05-01,total,,3929,863,single,"a single undivided town, or no precinct detail printed",text
Easthampton,2000,,total,,,,no_election,the volume states no election was held this year,text
Easton,2000,2000-04-24,total,,13460,2460,voted_only,people who voted sums; registered voters does not,text
Easton,2000,2000-04-24,precinct,1,24200,0,voted_only,,text
Easton,2000,2000-04-24,precinct,2,2424,441,voted_only,,text
Easton,2000,2000-04-24,precinct,3,524,297,voted_only,,text
Easton,2000,2000-04-24,precinct,4,1706,297,voted_only,,text
Easton,2000,2000-04-24,precinct,5,2079,262,voted_only,,text
Easton,2000,2000-04-24,precinct,6,2271,416,voted_only,,text
Easton,2000,2000-04-24,precinct,7,2354,415,voted_only,,text
Easton,2000,2000-04-24,precinct,8,2102,332,voted_only,,text
Edgartown,2000,2000-04-13,total,,2730,470,mismatch,"precincts sum to 13200 registered, the printed total says 2730",text
Edgartown,2000,2000-04-13,precinct,1,13200,0,mismatch,,text
Egremont,2000,,total,,886,446,single,"a single undivided town, or no precinct detail printed",text
Erving,2000,2000-05-01,total,,913,487,single,"a single undivided town, or no precinct detail printed",text
Essex,2000,2000-05-08,total,,2469,423,single,"a single undivided town, or no precinct detail printed",text
Fairhaven,2000,2000-04-06,total,,9907,2587,checked,precincts sum to both printed totals; the TOTALS label was unreadable and was identified by the sum,text
Fairhaven,2000,2000-04-06,precinct,1,1518,425,checked,,text
Fairhaven,2000,2000-04-06,precinct,2,1681,372,checked,,text
Fairhaven,2000,2000-04-06,precinct,3,1470,386,checked,,text
Fairhaven,2000,2000-04-06,precinct,4,1782,450,checked,,text
Fairhaven,2000,2000-04-06,precinct,5,1619,517,checked,,text
Fairhaven,2000,2000-04-06,precinct,6,1837,437,checked,,text
Falmouth,2000,2000-05-01,total,,24047,5405,checked,precincts sum to both printed totals; the TOTALS label was unreadable and was identified by the sum,text
Falmouth,2000,2000-05-01,precinct,1,2971,864,checked,,text
Falmouth,2000,2000-05-01,precinct,2,2766,744,checked,,text
Falmouth,2000,2000-05-01,precinct,3,2834,689,checked,,text
Falmouth,2000,2000-05-01,precinct,4,2978,756,checked,,text
Falmouth,2000,2000-05-01,precinct,5,3493,774,checked,,text
Falmouth,2000,2000-05-01,precinct,6,3027,703,checked,,text
Falmouth,2000,2000-05-01,precinct,7,2898,435,checked,,text
Falmouth,2000,2000-05-01,precinct,8,3080,440,checked,,text
Florida,2000,2000-05-01,total,,,,no_total,no TOTALS row was read,text
Florida,2000,2000-05-01,precinct,1,490,62,no_total,,text
Florida,2000,2000-05-01,precinct,2,2000,,no_total,,text
Florida,2000,2000-05-01,precinct,3,2239,416,no_total,,text
Florida,2000,2000-05-01,precinct,4,2896,495,no_total,,text
Florida,2000,2000-05-01,precinct,5,3,437,no_total,,text
Florida,2000,2000-05-01,precinct,6,4,470,no_total,,text
Florida,2000,2000-05-01,precinct,7,10088,1818,no_total,,text
Framingham,2000,2000-04-04,total,,40070,9945,checked,precincts sum to both printed totals,text
Framingham,2000,2000-04-04,precinct,1,2705,849,checked,,text
Framingham,2000,2000-04-04,precinct,2,2526,827,checked,,text
Framingham,2000,2000-04-04,precinct,3,2800,824,checked,,text
Framingham,2000,2000-04-04,precinct,4,2897,1020,checked,,text
Framingham,2000,2000-04-04,precinct,5,2700,816,checked,,text
Framingham,2000,2000-04-04,precinct,6,1449,472,checked,,text
Framingham,2000,2000-04-04,precinct,7,1205,298,checked,,text
Framingham,2000,2000-04-04,precinct,8,2230,633,checked,,text
Framingham,2000,2000-04-04,precinct,9,1546,441,checked,,text
Framingham,2000,2000-04-04,precinct,10,1168,199,checked,,text
Framingham,2000,2000-04-04,precinct,11,2428,498,checked,,text
Framingham,2000,2000-04-04,precinct,12,2664,260,checked,,text
Framingham,2000,2000-04-04,precinct,13,2787,942,checked,,text
Framingham,2000,2000-04-04,precinct,14,1779,353,checked,,text
Framingham,2000,2000-04-04,precinct,15,2347,541,checked,,text
Framingham,2000,2000-04-04,precinct,16,1791,160,checked,,text
Framingham,2000,2000-04-04,precinct,17,2213,484,checked,,text
Framingham,2000,2000-04-04,precinct,18,1406,172,checked,,text
Framingham,2000,2000-04-04,precinct,19,1429,156,checked,,text
Franklin,2000,,total,,,,no_election,the volume states no election was held this year,ocr
Freetown,2000,2000-04-03,total,,5300,1887,checked,precincts sum to both printed totals,ocr
Freetown,2000,2000-04-03,precinct,1,1763,489,checked,,ocr
Freetown,2000,2000-04-03,precinct,2,1654,622,checked,,ocr
Freetown,2000,2000-04-03,precinct,3,1883,776,checked,,ocr
Georgetown,2000,2000-05-08,total,,4569,692,mismatch,"precincts sum to 2353 registered, the printed total says 4569",ocr
Georgetown,2000,2000-05-08,precinct,1,2353,325,mismatch,,ocr
Gill cece,2000,2000-05-15,total,,987,91,single,"a single undivided town, or no precinct detail printed",ocr
Gosnold,2000,2000-05-22,total,,114,46,single,"a single undivided town, or no precinct detail printed",ocr
Grafton,2000,2000-05-01,total,,9993,1650,checked,precincts sum to both printed totals,ocr
Grafton,2000,2000-05-01,precinct,1,2057,303,checked,,ocr
Grafton,2000,2000-05-01,precinct,2,3100,488,checked,,ocr
Grafton,2000,2000-05-01,precinct,3,2506,468,checked,,ocr
Grafton,2000,2000-05-01,precinct,4,2330,391,checked,,ocr
Granby,2000,2000-05-15,total,,,,no_total,no TOTALS row was read,ocr
Granby,2000,2000-05-15,precinct,1,3580,979,no_total,,ocr
Granville,2000,2000-04-10,total,,,,no_total,no TOTALS row was read,ocr
Granville,2000,2000-04-10,precinct,1,986,348,no_total,,ocr
Great Barrington,2000,2000-05-08,total,,4458,1670,mismatch,"precincts sum to 3218 registered, the printed total says 4458",ocr
Great Barrington,2000,2000-05-08,precinct,1,1146,490,mismatch,,ocr
Great Barrington,2000,2000-05-08,precinct,2,950,284,mismatch,,ocr
Great Barrington,2000,2000-05-08,precinct,3,1122,447,mismatch,,ocr
Greenfield,2000,2000-06-13,total,,,,no_total,no TOTALS row was read,ocr
Greenfield,2000,2000-06-13,precinct,1,1141,353,no_total,,ocr
Greenfield,2000,2000-06-13,precinct,2,1426,446,no_total,,ocr
Greenfield,2000,2000-06-13,precinct,3,1100,274,no_total,,ocr
Greenfield,2000,2000-06-13,precinct,4,1244,368,no_total,,ocr
Hardwick,2000,2000-04-10,total,,,,no_total,no TOTALS row was read,ocr
Hardwick,2000,2000-04-10,precinct,1,1688,230,no_total,,ocr
Hingham,2000,2000-04-29,total,,14870,2739,mismatch,"precincts sum to 3393 registered, the printed total says 14870",ocr
Hingham,2000,2000-04-29,precinct,1,3393,514,mismatch,,ocr
Hinsdale,2000,2000-05-20,total,,1147,325,single,"a single undivided town, or no precinct detail printed",ocr
Holbrook,2000,2000-04-04,total,,6527,1224,mismatch,"precincts sum to 1659 registered, the printed total says 6527",ocr
Holbrook,2000,2000-04-04,precinct,1,1659,292,mismatch,,ocr
Holden,2000,2000-05-08,total,,10795,1812,mismatch,"precincts sum to 4505 registered, the printed total says 10795",ocr
Holden,2000,2000-05-08,precinct,1,2056,292,mismatch,,ocr
Holden,2000,2000-05-08,precinct,2,2449,474,mismatch,,ocr
Holland,2000,2000-06-12,total,,,,no_total,no TOTALS row was read,ocr
Holland,2000,2000-06-12,precinct,1,1379,436,no_total,,ocr
Holliston,2000,2000-05-23,total,,,,no_total,no TOTALS row was read,ocr
Holliston,2000,2000-05-23,precinct,1,2603,54,no_total,,ocr
Holliston,2000,2000-05-23,precinct,2,2066,120,no_total,,ocr
Holliston,2000,2000-05-23,precinct,3,8835,341,no_total,,ocr
Hopedale,2000,2000-04-11,total,,2900,465,single,"a single undivided town, or no precinct detail printed",ocr
Hopkinton,2000,2000-05-15,total,,7590,1725,mismatch,"precincts sum to 2438 registered, the printed total says 7590",ocr
Hopkinton,2000,2000-05-15,precinct,1,2438,540,mismatch,,ocr
Hubbardston,2000,2000-05-02,total,,,,no_total,no TOTALS row was read,ocr
Hubbardston,2000,2000-05-02,precinct,1,2305,342,no_total,,ocr
Hudson,2000,2000-05-08,total,,8266,901,mismatch,"precincts sum to 15008 registered, the printed total says 8266",ocr
Hudson,2000,2000-05-08,precinct,1,1570,249,mismatch,,ocr
Hudson,2000,2000-05-08,precinct,2,10471,1992,mismatch,,ocr
Hudson,2000,2000-05-08,precinct,3,2967,358,mismatch,,ocr
Huntington,2000,2000-05-20,total,,,,no_total,no TOTALS row was read,ocr
Huntington,2000,2000-05-20,precinct,1,1366,419,no_total,,ocr
Ipswich wee,2000,2000-04-11,total,,8707,2343,mismatch,"precincts sum to 2082 registered, the printed total says 8707",ocr
Ipswich wee,2000,2000-04-11,precinct,1,2082,684,mismatch,,ocr
Kingston,2000,2000-05-13,total,,7464,1487,single,"a single undivided town, or no precinct detail printed",ocr
Lakeville,2000,2000-04-03,total,,5659,1081,mismatch,"precincts sum to 2520 registered, the printed total says 5659",ocr
Lakeville,2000,2000-04-03,precinct,1,2520,528,mismatch,,ocr
Lancaster,2000,2000-05-08,total,,3580,1155,checked,precincts sum to both printed totals,ocr
Lancaster,2000,2000-05-08,precinct,1,1227,447,checked,,ocr
Lancaster,2000,2000-05-08,precinct,2,2353,708,checked,,ocr
Lee vices,2000,2000-05-15,total,,3784,1176,mismatch,"precincts sum to 553 registered, the printed total says 3784",ocr
Lee vices,2000,2000-05-15,precinct,1,553,122,mismatch,,ocr
Leicester,2000,2000-04-03,total,,6019,395,mismatch,"precincts sum to 1455 registered, the printed total says 6019",ocr
Leicester,2000,2000-04-03,precinct,1,1455,,mismatch,,ocr
Leverett,2000,2000-03-29,total,,1245,65,single,"a single undivided town, or no precinct detail printed",ocr
Lexington,2000,2000-03-13,total,,20871,2070,mismatch,"precincts sum to 6866 registered, the printed total says 20871",ocr
Lexington,2000,2000-03-13,precinct,1,1941,162,mismatch,,ocr
Lexington,2000,2000-03-13,precinct,2,2488,329,mismatch,,ocr
Lexington,2000,2000-03-13,precinct,3,2437,207,mismatch,,ocr
Leyden,2000,2000-05-20,total,,502,174,single,"a single undivided town, or no precinct detail printed",ocr
Lincoln,2000,2000-03-27,total,,3430,720,single,"a single undivided town, or no precinct detail printed",ocr
Longmeadow,2000,2000-05-06,total,,5105,1707,checked,precincts sum to both printed totals; the TOTALS label was unreadable and was identified by the sum,text
Longmeadow,2000,2000-05-06,precinct,1,2383,817,checked,,text
Longmeadow,2000,2000-05-06,precinct,2,2722,890,checked,,text
Ludlow,2000,2000-03-27,total,,,,no_total,no TOTALS row was read,text
Ludlow,2000,2000-03-27,precinct,1,2365,482,no_total,,text
Ludlow,2000,2000-03-27,precinct,2,1988,462,no_total,,text
Ludlow,2000,2000-03-27,precinct,3,2478,593,no_total,,text
Ludlow,2000,2000-03-27,precinct,4,2529,588,no_total,,text
Ludlow,2000,2000-03-27,precinct,5,2530,601,no_total,,text
Ludlow,2000,2000-03-27,precinct,6,9360,2726,no_total,,text
Marion,2000,2000-04-28,total,,,,no_total,no TOTALS row was read,text
Marion,2000,2000-04-28,precinct,1,3445,795,no_total,,text
Mashpee,2000,2000-05-06,total,,8344,1417,checked,precincts sum to both printed totals,text
Mashpee,2000,2000-05-06,precinct,1,1882,278,checked,,text
Mashpee,2000,2000-05-06,precinct,2,2675,547,checked,,text
Mashpee,2000,2000-05-06,precinct,3,1762,251,checked,,text
Mashpee,2000,2000-05-06,precinct,4,2025,341,checked,,text
Mattapoisett,2000,2000-04-04,total,,4341,810,single,"a single undivided town, or no precinct detail printed",text
Maynard,2000,2000-05-01,total,,6899,1781,voted_only,people who voted sums; registered voters does not,text
Maynard,2000,2000-05-01,precinct,1,1563,452,voted_only,,text
Maynard,2000,2000-05-01,precinct,2,1648,463,voted_only,,text
Maynard,2000,2000-05-01,precinct,3,1998,480,voted_only,,text
Maynard,2000,2000-05-01,precinct,4,4,386,voted_only,,text
Medfield,2000,2000-03-30,total,,7363,265,voted_only,people who voted sums; registered voters does not,text
Medfield,2000,2000-03-30,precinct,1,3020,0,voted_only,,text
Medfield,2000,2000-03-30,precinct,2,1613,81,voted_only,,text
Medfield,2000,2000-03-30,precinct,2,2230,76,voted_only,,text
Medfield,2000,2000-03-30,precinct,3,1775,42,voted_only,,text
Medfield,2000,2000-03-30,precinct,4,1745,66,voted_only,,text
Medway,2000,2000-05-04,total,,7485,794,checked,precincts sum to both printed totals,text
Medway,2000,2000-05-04,precinct,1,2810,218,checked,,text
Medway,2000,2000-05-04,precinct,2,2341,262,checked,,text
Medway,2000,2000-05-04,precinct,3,2334,314,checked,,text
Mendon,2000,,total,,3452,1009,single,"a single undivided town, or no precinct detail printed",text
Merrimac,2000,,total,,3788,736,single,"a single undivided town, or no precinct detail printed",text
Methuen,2000,,total,,,,no_election,the volume states no election was held this year,text
Middleborough,2000,2000-04-20,total,,11476,1788,checked,precincts sum to both printed totals,text
Middleborough,2000,2000-04-20,precinct,1,2056,289,checked,,text
Middleborough,2000,2000-04-20,precinct,2,1661,295,checked,,text
Middleborough,2000,2000-04-20,precinct,3,2246,353,checked,,text
Middleborough,2000,2000-04-20,precinct,4,1614,285,checked,,text
Middleborough,2000,2000-04-20,precinct,5,2046,290,checked,,text
Middleborough,2000,2000-04-20,precinct,6,1853,276,checked,,text
Middlefield,2000,2000-05-06,total,,357,58,single,"a single undivided town, or no precinct detail printed",text
Middleton,2000,2000-05-15,total,,4008,769,single,"a single undivided town, or no precinct detail printed",text
Milford,2000,2000-04-03,total,,14421,3661,voted_only,people who voted sums; registered voters does not,text
Milford,2000,2000-04-03,precinct,1,1944,490,voted_only,,text
Milford,2000,2000-04-03,precinct,2,2315,588,voted_only,,text
Milford,2000,2000-04-03,precinct,3,1919,438,voted_only,,text
Milford,2000,2000-04-03,precinct,4,1843,572,voted_only,,text
Milford,2000,2000-04-03,precinct,5,2180,537,voted_only,,text
Milford,2000,2000-04-03,precinct,6,1977,535,voted_only,,text
Milford,2000,2000-04-03,precinct,7,7,501,voted_only,,text
Millbury,2000,2000-04-02,total,,7192,2310,mismatch,"precincts sum to 12392 registered, the printed total says 7192",text
Millbury,2000,2000-04-02,precinct,1,5200,0,mismatch,,text
Millbury,2000,2000-04-02,precinct,2,1801,1801,mismatch,,text
Millbury,2000,2000-04-02,precinct,2,2113,714,mismatch,,text
Millbury,2000,2000-04-02,precinct,3,1668,564,mismatch,,text
Millbury,2000,2000-04-02,precinct,4,1610,487,mismatch,,text
Millis,2000,2000-05-01,total,,4810,942,mismatch,"precincts sum to 2338 registered, the printed total says 4810",ocr
Millis,2000,2000-05-01,precinct,1,2338,438,mismatch,,ocr
Millville,2000,2000-04-03,total,,1851,755,single,"a single undivided town, or no precinct detail printed",ocr
Monroe,2000,2000-05-01,total,,59,14,single,"a single undivided town, or no precinct detail printed",ocr
Monson,2000,2000-03-20,total,,4875,770,checked,precincts sum to both printed totals,ocr
Monson,2000,2000-03-20,precinct,1,2221,428,checked,,ocr
Monson,2000,2000-03-20,precinct,2,2654,342,checked,,ocr
Montague,2000,2000-05-15,total,,4734,673,mismatch,"precincts sum to 1005 registered, the printed total says 4734",ocr
Montague,2000,2000-05-15,precinct,1,1005,182,mismatch,,ocr
Monterey,2000,2000-05-06,total,,603,260,single,"a single undivided town, or no precinct detail printed",ocr
Montgomery,2000,2000-05-01,total,,,,no_total,no TOTALS row was read,ocr
Montgomery,2000,2000-05-01,precinct,1,537,59,no_total,,ocr
Mount Washington,2000,2000-05-09,total,,96,33,single,"a single undivided town, or no precinct detail printed",ocr
Nahant,2000,2000-04-29,total,,2470,1505,single,"a single undivided town, or no precinct detail printed",ocr
Nantucket,2000,2000-04-04,total,,,,no_total,no TOTALS row was read,ocr
Nantucket,2000,2000-04-04,precinct,1,2621,7,no_total,,ocr
Natick,2000,2000-03-28,total,,20086,1768,mismatch,"precincts sum to 268 registered, the printed total says 20086",ocr
Natick,2000,2000-03-28,precinct,1,45,1,mismatch,,ocr
Natick,2000,2000-03-28,precinct,2,219,,mismatch,,ocr
Natick,2000,2000-03-28,precinct,3,4,,mismatch,,ocr
New Braintree,2000,2000-05-01,total,,,,no_total,no TOTALS row was read,ocr
New Braintree,2000,2000-05-01,precinct,1,562,225,no_total,,ocr
New Marlborough,2000,2000-06-26,total,,,,no_total,no TOTALS row was read,ocr
New Marlborough,2000,2000-06-26,precinct,1,1016,484,no_total,,ocr
New Salem,2000,2000-05-01,total,,,,no_total,no TOTALS row was read,ocr
New Salem,2000,2000-05-01,precinct,1,588,142,no_total,,ocr
Newbury,2000,2000-05-09,total,,4491,718,checked,precincts sum to both printed totals; the TOTALS label was unreadable and was identified by the sum,ocr
Newbury,2000,2000-05-09,precinct,1,2680,404,checked,,ocr
Newbury,2000,2000-05-09,precinct,2,1811,314,checked,,ocr
Norfolk,2000,2000-05-02,total,,,,no_total,no TOTALS row was read,ocr
Norfolk,2000,2000-05-02,precinct,1,1041,317,no_total,,ocr
Norfolk,2000,2000-05-02,precinct,2,5432,1317,no_total,,ocr
North Andover,2000,2000-03-21,total,,16766,1959,mismatch,"precincts sum to 12125 registered, the printed total says 16766",ocr
North Andover,2000,2000-03-21,precinct,1,3347,361,mismatch,,ocr
North Andover,2000,2000-03-21,precinct,2,2183,308,mismatch,,ocr
North Andover,2000,2000-03-21,precinct,3,3123,291,mismatch,,ocr
North Andover,2000,2000-03-21,precinct,4,3472,410,mismatch,,ocr
North Attleborough,2000,2000-04-03,total,,17149,5125,mismatch,"precincts sum to 7056 registered, the printed total says 17149",ocr
North Attleborough,2000,2000-04-03,precinct,1,1951,417,mismatch,,ocr
North Attleborough,2000,2000-04-03,precinct,2,2405,613,mismatch,,ocr
North Attleborough,2000,2000-04-03,precinct,3,2700,947,mismatch,,ocr
North Brookfield,2000,2000-05-01,total,,2691,1003,single,"a single undivided town, or no precinct detail printed",ocr
North Reading,2000,2000-05-02,total,,8540,1176,mismatch,"precincts sum to 2473 registered, the printed total says 8540",ocr
North Reading,2000,2000-05-02,precinct,1,2473,393,mismatch,,ocr
Northborough,2000,2000-05-08,total,,8852,2223,mismatch,"precincts sum to 5922 registered, the printed total says 8852",ocr
Northborough,2000,2000-05-08,precinct,1,2732,710,mismatch,,ocr
Northborough,2000,2000-05-08,precinct,2,3190,765,mismatch,,ocr
Northbridge,2000,2000-05-16,total,,8178,879,checked,precincts sum to both printed totals,text
Northbridge,2000,2000-05-16,precinct,1,1994,198,checked,,text
Northbridge,2000,2000-05-16,precinct,2,1917,206,checked,,text
Northbridge,2000,2000-05-16,precinct,3,1717,232,checked,,text
Northbridge,2000,2000-05-16,precinct,4,2550,243,checked,,text
Northfield,2000,2000-05-02,total,,1862,500,single,"a single undivided town, or no precinct detail printed",text
Norton,2000,2000-04-24,total,,9400,1773,checked,precincts sum to both printed totals,text
Norton,2000,2000-04-24,precinct,1,2137,457,checked,,text
Norton,2000,2000-04-24,precinct,2,2694,521,checked,,text
Norton,2000,2000-04-24,precinct,3,2248,395,checked,,text
Norton,2000,2000-04-24,precinct,4,2321,400,checked,,text
Norwell,2000,2000-04-08,total,,6686,2543,checked,precincts sum to both printed totals,text
Norwell,2000,2000-04-08,precinct,1,2222,736,checked,,text
Norwell,2000,2000-04-08,precinct,2,2203,833,checked,,text
Norwell,2000,2000-04-08,precinct,3,2261,974,checked,,text
Norwood,2000,2000-04-03,total,,16683,5028,checked,precincts sum to both printed totals,text
Norwood,2000,2000-04-03,precinct,1,1867,539,checked,,text
Norwood,2000,2000-04-03,precinct,2,1736,612,checked,,text
Norwood,2000,2000-04-03,precinct,3,1863,603,checked,,text
Norwood,2000,2000-04-03,precinct,4,2061,818,checked,,text
Norwood,2000,2000-04-03,precinct,5,1476,288,checked,,text
Norwood,2000,2000-04-03,precinct,6,1747,423,checked,,text
Norwood,2000,2000-04-03,precinct,7,1932,552,checked,,text
Norwood,2000,2000-04-03,precinct,8,1874,517,checked,,text
Norwood,2000,2000-04-03,precinct,9,2127,676,checked,,text
Oak Bluffs,2000,2000-04-13,total,,3027,1313,single,"a single undivided town, or no precinct detail printed",text
Oakham,2000,2000-05-15,total,,1058,304,single,"a single undivided town, or no precinct detail printed",text
Orange,2000,2000-03-13,total,,4042,1271,checked,precincts sum to both printed totals,text
Orange,2000,2000-03-13,precinct,1,2031,607,checked,,text
Orange,2000,2000-03-13,precinct,2,2011,664,checked,,text
Orleans,2000,2000-05-16,total,,5387,365,single,"a single undivided town, or no precinct detail printed",text
Otis,2000,2000-05-23,total,,847,200,single,"a single undivided town, or no precinct detail printed",text
Oxford,2000,2000-05-16,total,,7908,1717,checked,precincts sum to both printed totals,text
Oxford,2000,2000-05-16,precinct,1,2107,454,checked,,text
Oxford,2000,2000-05-16,precinct,2,1914,335,checked,,text
Oxford,2000,2000-05-16,precinct,3,1912,417,checked,,text
Oxford,2000,2000-05-16,precinct,4,1975,511,checked,,text
Palmer,2000,2000-04-18,total,,7042,1477,checked,precincts sum to both printed totals,text
Palmer,2000,2000-04-18,precinct,1,1826,426,checked,,text
Palmer,2000,2000-04-18,precinct,2,1908,335,checked,,text
Palmer,2000,2000-04-18,precinct,3,1602,315,checked,,text
Palmer,2000,2000-04-18,precinct,4,1706,401,checked,,text
Paxton,2000,2000-05-08,total,,2616,420,single,"a single undivided town, or no precinct detail printed",text
Pelham,2000,2000-05-06,total,,855,297,single,"a single undivided town, or no precinct detail printed",text
Pembroke,2000,2000-04-29,total,,9775,1384,voted_only,people who voted sums; registered voters does not,text
Pembroke,2000,2000-04-29,precinct,1,200,0,voted_only,,text
Pembroke,2000,2000-04-29,precinct,2,2412,301,voted_only,,text
Pembroke,2000,2000-04-29,precinct,2,2501,430,voted_only,,text
Pembroke,2000,2000-04-29,precinct,3,2354,299,voted_only,,text
Pembroke,2000,2000-04-29,precinct,4,2508,354,voted_only,,text
Pepperell,2000,2000-04-24,total,,2317,,mismatch,"precincts sum to 2051 registered, the printed total says 2317",text
Pepperell,2000,2000-04-24,precinct,1,2049,591,mismatch,,text
Pepperell,2000,2000-04-24,precinct,2,2,2669,mismatch,,text
Peru,2000,2000-06-10,total,,485,43,mismatch,"precincts sum to 200 registered, the printed total says 485",text
Peru,2000,2000-06-10,precinct,1,200,0,mismatch,,text
Petersham,2000,2000-03-13,total,,803,93,mismatch,"precincts sum to 1320 registered, the printed total says 803",text
Petersham,2000,2000-03-13,precinct,1,1320,0,mismatch,,text
Phillipston,2000,2000-05-01,total,,880,227,single,"a single undivided town, or no precinct detail printed",text
Plainfield,2000,2000-05-06,total,,362,112,single,"a single undivided town, or no precinct detail printed",text
Plainville,2000,2000-04-03,total,,4715,1055,voted_only,people who voted sums; registered voters does not,text
Plainville,2000,2000-04-03,precinct,1,2252,414,voted_only,,text
Plainville,2000,2000-04-03,precinct,2,2,641,voted_only,,text
Plymouth,2000,2000-05-13,total,,31151,4175,voted_only,people who voted sums; registered voters does not,text
Plymouth,2000,2000-05-13,precinct,1,200,0,voted_only,,text
Plymouth,2000,2000-05-13,precinct,2,1923,311,voted_only,,text
Plymouth,2000,2000-05-13,precinct,2,1863,298,voted_only,,text
Plymouth,2000,2000-05-13,precinct,3,2322,302,voted_only,,text
Plymouth,2000,2000-05-13,precinct,4,2391,542,voted_only,,text
Plymouth,2000,2000-05-13,precinct,5,2460,476,voted_only,,text
Plymouth,2000,2000-05-13,precinct,6,2692,346,voted_only,,text
Plymouth,2000,2000-05-13,precinct,7,2492,252,voted_only,,text
Plymouth,2000,2000-05-13,precinct,8,3361,336,voted_only,,text
Plymouth,2000,2000-05-13,precinct,9,2749,233,voted_only,,text
Plymouth,2000,2000-05-13,precinct,10,2017,231,voted_only,,text
Plymouth,2000,2000-05-13,precinct,11,2468,248,voted_only,,text
Plymouth,2000,2000-05-13,precinct,12,2310,352,voted_only,,text
Plymouth,2000,2000-05-13,precinct,13,2103,248,voted_only,,text
Plympton,2000,2000-04-27,total,,1848,858,mismatch,"precincts sum to 200 registered, the printed total says 1848",text
Plympton,2000,2000-04-27,precinct,1,200,0,mismatch,,text
Princeton,2000,2000-05-08,total,,2375,251,single,"a single undivided town, or no precinct detail printed",text
Provincetown,2000,2000-05-02,total,,3597,983,single,"a single undivided town, or no precinct detail printed",text
Randolph,2000,2000-04-04,total,,,,no_total,no TOTALS row was read,text
Randolph,2000,2000-04-04,precinct,1,2139,622,no_total,,text
Randolph,2000,2000-04-04,precinct,2,2137,566,no_total,,text
Randolph,2000,2000-04-04,precinct,3,2192,620,no_total,,text
Randolph,2000,2000-04-04,precinct,4,2173,642,no_total,,text
Randolph,2000,2000-04-04,precinct,5,2198,561,no_total,,text
Randolph,2000,2000-04-04,precinct,6,2238,570,no_total,,text
Raynham,2000,2000-04-22,total,,6894,1251,voted_only,people who voted sums; registered voters does not,text
Raynham,2000,2000-04-22,precinct,1,1682,405,voted_only,,text
Raynham,2000,2000-04-22,precinct,2,2346,386,voted_only,,text
Raynham,2000,2000-04-22,precinct,3,3,460,voted_only,,text
Reading,2000,2000-03-07,total,,15435,8653,mismatch,"precincts sum to 13503 registered, the printed total says 15435",text
Reading,2000,2000-03-07,precinct,1,1971,,mismatch,,text
Reading,2000,2000-03-07,precinct,2,1924,933,mismatch,,text
Reading,2000,2000-03-07,precinct,3,1894,868,mismatch,,text
Reading,2000,2000-03-07,precinct,4,4,1936,mismatch,,text
Reading,2000,2000-03-07,precinct,5,1770,910,mismatch,,text
Reading,2000,2000-03-07,precinct,6,1903,1133,mismatch,,text
Reading,2000,2000-03-07,precinct,7,1831,1108,mismatch,,text
Reading,2000,2000-03-07,precinct,8,2206,1346,mismatch,,text
Rehoboth,2000,2000-04-03,total,,6015,1064,mismatch,"precincts sum to 4381 registered, the printed total says 6015",text
Rehoboth,2000,2000-04-03,precinct,1,353,,mismatch,,text
Rehoboth,2000,2000-04-03,precinct,2,1962,407,mismatch,,text
Rehoboth,2000,2000-04-03,precinct,3,2066,304,mismatch,,text
Richmond,2000,2000-05-27,total,,1144,80,single,"a single undivided town, or no precinct detail printed",text
Rochester,2000,2000-04-12,total,,3065,890,single,"a single undivided town, or no precinct detail printed",text
Rockland,2000,2000-04-08,total,,9919,1493,voted_only,people who voted sums; registered voters does not,text
Rockland,2000,2000-04-08,precinct,1,1277,150,voted_only,,text
Rockland,2000,2000-04-08,precinct,2,1177,198,voted_only,,text
Rockland,2000,2000-04-08,precinct,3,1339,268,voted_only,,text
Rockland,2000,2000-04-08,precinct,4,972,158,voted_only,,text
Rockland,2000,2000-04-08,precinct,5,1010,156,voted_only,,text
Rockland,2000,2000-04-08,precinct,6,1049,140,voted_only,,text
Rockland,2000,2000-04-08,precinct,7,1201,224,voted_only,,text
Rockland,2000,2000-04-08,precinct,8,8,199,voted_only,,text
Rockport,2000,2000-04-07,total,,6071,1547,voted_only,people who voted sums; registered voters does not,text
Rockport,2000,2000-04-07,precinct,1,1275,386,voted_only,,text
Rockport,2000,2000-04-07,precinct,2,1732,512,voted_only,,text
Rockport,2000,2000-04-07,precinct,3,2064,649,voted_only,,text
Rowe,2000,,total,,266,187,single,"a single undivided town, or no precinct detail printed",text
Rowley,2000,2000-05-09,total,,3266,1202,single,"a single undivided town, or no precinct detail printed",text
Royalston,2000,2000-04-03,total,,773,225,checked,precincts sum to both printed totals,text
Royalston,2000,2000-04-03,precinct,1,525,160,checked,,text
Royalston,2000,2000-04-03,precinct,2,248,65,checked,,text
Russell,2000,2000-05-01,total,,927,301,single,"a single undivided town, or no precinct detail printed",text
Rutland,2000,2000-05-08,total,,3513,614,single,"a single undivided town, or no precinct detail printed",text
Salisbury,2000,2000-05-09,total,,3259,,mismatch,"precincts sum to 4933 registered, the printed total says 3259",text
Salisbury,2000,2000-05-09,precinct,1,2438,,mismatch,,text
Salisbury,2000,2000-05-09,precinct,2,2495,1590,mismatch,,text
Sandisfield,2000,,total,,454,58,single,"a single undivided town, or no precinct detail printed",text
Sandwich,2000,2000-05-04,total,,22724,2305,voted_only,people who voted sums; registered voters does not,text
Sandwich,2000,2000-05-04,precinct,1,2519,391,voted_only,,text
Sandwich,2000,2000-05-04,precinct,2,3049,375,voted_only,,text
Sandwich,2000,2000-05-04,precinct,3,2915,298,voted_only,,text
Sandwich,2000,2000-05-04,precinct,4,3639,261,voted_only,,text
Sandwich,2000,2000-05-04,precinct,5,3690,400,voted_only,,text
Sandwich,2000,2000-05-04,precinct,6,3821,321,voted_only,,text
Sandwich,2000,2000-05-04,precinct,7,7,259,voted_only,,text
Saugus,2000,,total,,,,no_election,the volume states no election was held this year,text
Savoy,2000,2000-05-09,total,,465,51,single,"a single undivided town, or no precinct detail printed",text
Scituate,2000,2000-04-15,total,,12709,3188,voted_only,people who voted sums; registered voters does not,text
Scituate,2000,2000-04-15,precinct,1,200,0,voted_only,,text
Scituate,2000,2000-04-15,precinct,2,2162,560,voted_only,,text
Scituate,2000,2000-04-15,precinct,2,2105,577,voted_only,,text
Scituate,2000,2000-04-15,precinct,3,2077,542,voted_only,,text
Scituate,2000,2000-04-15,precinct,4,2359,502,voted_only,,text
Scituate,2000,2000-04-15,precinct,5,5,631,voted_only,,text
Scituate,2000,2000-04-15,precinct,6,2065,376,voted_only,,text
Seekonk,2000,2000-04-03,total,,8523,2842,voted_only,people who voted sums; registered voters does not,text
Seekonk,2000,2000-04-03,precinct,1,1952,614,voted_only,,text
Seekonk,2000,2000-04-03,precinct,2,2,940,voted_only,,text
Seekonk,2000,2000-04-03,precinct,3,3,660,voted_only,,text
Seekonk,2000,2000-04-03,precinct,4,2095,628,voted_only,,text
Sharon,2000,2000-05-05,total,,11802,2508,voted_only,people who voted sums; registered voters does not,text
Sharon,2000,2000-05-05,precinct,1,2194,398,voted_only,,text
Sharon,2000,2000-05-05,precinct,2,2466,574,voted_only,,text
Sharon,2000,2000-05-05,precinct,3,3,617,voted_only,,text
Sharon,2000,2000-05-05,precinct,4,4,482,voted_only,,text
Sharon,2000,2000-05-05,precinct,5,5,437,voted_only,,text
Sheffield,2000,2000-05-08,total,,1910,596,single,"a single undivided town, or no precinct detail printed",text
Shelburne,2000,,total,,1405,116,single,"a single undivided town, or no precinct detail printed",text
Sherborn,2000,2000-05-09,total,,2981,1151,single,"a single undivided town, or no precinct detail printed",text
Shrewsbury,2000,,total,,18557,4089,voted_only,people who voted sums; registered voters does not,text
Shrewsbury,2000,,precinct,1,2485,725,voted_only,,text
Shrewsbury,2000,,precinct,2,2050,448,voted_only,,text
Shrewsbury,2000,,precinct,3,1586,246,voted_only,,text
Shrewsbury,2000,,precinct,4,4,324,voted_only,,text
Shrewsbury,2000,,precinct,5,2400,482,voted_only,,text
Shrewsbury,2000,,precinct,6,1931,483,voted_only,,text
Shrewsbury,2000,,precinct,7,7,720,voted_only,,text
Shrewsbury,2000,,precinct,8,8,661,voted_only,,text
Shutesbury,2000,2000-05-06,total,,1164,218,single,"a single undivided town, or no precinct detail printed",text
Somerset,2000,2000-05-08,total,,11679,3679,voted_only,people who voted sums; registered voters does not,text
Somerset,2000,2000-05-08,precinct,1,2577,859,voted_only,,text
Somerset,2000,2000-05-08,precinct,2,2170,743,voted_only,,text
Somerset,2000,2000-05-08,precinct,3,2196,755,voted_only,,text
Somerset,2000,2000-05-08,precinct,4,4,675,voted_only,,text
Somerset,2000,2000-05-08,precinct,5,5,647,voted_only,,text
South Hadley,2000,2000-04-03,total,,10096,4258,reg_only,registered voters sum; people who voted does not,text
South Hadley,2000,2000-04-03,precinct,1,2062,720,reg_only,,text
South Hadley,2000,2000-04-03,precinct,B,2993,,reg_only,,text
South Hadley,2000,2000-04-03,precinct,C,2422,989,reg_only,,text
South Hadley,2000,2000-04-03,precinct,D,2619,,reg_only,,text
Southampton,2000,2000-05-20,total,,3283,533,single,"a single undivided town, or no precinct detail printed",text
Southborough,2000,2000-05-08,total,,5391,,mismatch,"precincts sum to 2512 registered, the printed total says 5391",text
Southborough,2000,2000-05-08,precinct,1,2510,,mismatch,,text
Southborough,2000,2000-05-08,precinct,2,2,2881,mismatch,,text
Southbridge,2000,2000-06-02,total,,,,no_total,no TOTALS row was read,text
Southbridge,2000,2000-06-02,precinct,2,2,,no_total,,text
Southbridge,2000,2000-06-02,precinct,3,3,,no_total,,text
Southbridge,2000,2000-06-02,precinct,4,4,,no_total,,text
Southbridge,2000,2000-06-02,precinct,5,5,,no_total,,text
Southwick,2000,2000-05-09,total,,,,no_total,no TOTALS row was read,text
Southwick,2000,2000-05-09,precinct,2,2,,no_total,,text
Spencer,2000,,total,,,,no_total,no TOTALS row was read,text
Spencer,2000,,precinct,2,2,,no_total,,text
Spencer,2000,,precinct,3,3,,no_total,,text
Sterhng,2000,2000-05-22,total,,,,no_total,no TOTALS row was read,text
Sterhng,2000,2000-05-22,precinct,1,22200,0,no_total,,text
Sterhng,2000,2000-05-22,precinct,2,2,,no_total,,text
Sterling,2000,2000-04-08,total,,14006,,reg_only,registered voters sum; people who voted does not,text
Sterling,2000,2000-04-08,precinct,1,2576,607,reg_only,,text
Sterling,2000,2000-04-08,precinct,2,1940,304,reg_only,,text
Sterling,2000,2000-04-08,precinct,3,2459,572,reg_only,,text
Sterling,2000,2000-04-08,precinct,4,2236,541,reg_only,,text
Sterling,2000,2000-04-08,precinct,5,2392,673,reg_only,,text
Sterling,2000,2000-04-08,precinct,6,2403,595,reg_only,,text
Stockbridge,2000,2000-05-17,total,,1462,,mismatch,"precincts sum to 17200 registered, the printed total says 1462",text
Stockbridge,2000,2000-05-17,precinct,1,17200,0,mismatch,,text
Stoneham,2000,2000-04-04,total,,1,,mismatch,"precincts sum to 20 registered, the printed total says 1",text
Stoneham,2000,2000-04-04,precinct,2,2,,mismatch,,text
Stoneham,2000,2000-04-04,precinct,3,3,,mismatch,,text
Stoneham,2000,2000-04-04,precinct,4,4,,mismatch,,text
Stoneham,2000,2000-04-04,precinct,5,5,,mismatch,,text
Stoneham,2000,2000-04-04,precinct,6,6,,mismatch,,text
Stoughton,2000,2000-04-04,total,,17974,,mismatch,"precincts sum to 35 registered, the printed total says 17974",text
Stoughton,2000,2000-04-04,precinct,2,2,,mismatch,,text
Stoughton,2000,2000-04-04,precinct,3,3,,mismatch,,text
Stoughton,2000,2000-04-04,precinct,4,4,,mismatch,,text
Stoughton,2000,2000-04-04,precinct,5,5,,mismatch,,text
Stoughton,2000,2000-04-04,precinct,6,6,2486,mismatch,,text
Stoughton,2000,2000-04-04,precinct,7,7,2174,mismatch,,text
Stoughton,2000,2000-04-04,precinct,8,8,1841,mismatch,,text
Stow,2000,2000-05-23,total,,3708,,single,"a single undivided town, or no precinct detail printed",text
Sturbridge,2000,2000-04-10,total,,4788,,mismatch,"precincts sum to 2529 registered, the printed total says 4788",text
Sturbridge,2000,2000-04-10,precinct,1,200,0,mismatch,,text
Sturbridge,2000,2000-04-10,precinct,2,2327,,mismatch,,text
Sturbridge,2000,2000-04-10,precinct,2,2,2461,mismatch,,text
Sudbury,2000,2000-03-27,total,,10339,,mismatch,"precincts sum to 5410 registered, the printed total says 10339",text
Sudbury,2000,2000-03-27,precinct,1,2720,0,mismatch,,text
Sudbury,2000,2000-03-27,precinct,2,2681,,mismatch,,text
Sudbury,2000,2000-03-27,precinct,2,2,2646,mismatch,,text
Sudbury,2000,2000-03-27,precinct,3,3,2458,mismatch,,text
Sudbury,2000,2000-03-27,precinct,4,4,2554,mismatch,,text
Sunderland,2000,2000-05-06,total,,2128,,single,"a single undivided town, or no precinct detail printed",text
Sutton,2000,2000-05-23,total,,5232,,mismatch,"precincts sum to 1631 registered, the printed total says 5232",text
Sutton,2000,2000-05-23,precinct,1,1626,,mismatch,,text
Sutton,2000,2000-05-23,precinct,2,2,1606,mismatch,,text
Sutton,2000,2000-05-23,precinct,3,3,2000,mismatch,,text
Swampscott,2000,2000-04-25,total,,9004,,mismatch,"precincts sum to 1764 registered, the printed total says 9004",text
Swampscott,2000,2000-04-25,precinct,1,200,0,mismatch,,text
Swampscott,2000,2000-04-25,precinct,2,1544,,mismatch,,text
Swampscott,2000,2000-04-25,precinct,2,2,1580,mismatch,,text
Swampscott,2000,2000-04-25,precinct,3,3,1488,mismatch,,text
Swampscott,2000,2000-04-25,precinct,4,4,1337,mismatch,,text
Swampscott,2000,2000-04-25,precinct,5,5,1468,mismatch,,text
Swampscott,2000,2000-04-25,precinct,6,6,1587,mismatch,,text
Swansea,2000,2000-04-10,total,,9999,,mismatch,"precincts sum to 2969 registered, the printed total says 9999",text
Swansea,2000,2000-04-10,precinct,1,200,0,mismatch,,text
Swansea,2000,2000-04-10,precinct,2,2760,,mismatch,,text
Swansea,2000,2000-04-10,precinct,2,2,2263,mismatch,,text
Swansea,2000,2000-04-10,precinct,3,3,2713,mismatch,,text
Swansea,2000,2000-04-10,precinct,4,4,2263,mismatch,,text
Templeton,2000,2000-05-01,total,,4267,,reg_only,registered voters sum; people who voted does not,text
Templeton,2000,2000-05-01,precinct,1,2266,,reg_only,,text
Templeton,2000,2000-05-01,precinct,B,2001,,reg_only,,text
Tewksbury,2000,2000-04-01,total,,16361,,mismatch,"precincts sum to 8838 registered, the printed total says 16361",text
Tewksbury,2000,2000-04-01,precinct,1,2285,,mismatch,,text
Tewksbury,2000,2000-04-01,precinct,2,2194,,mismatch,,text
Tewksbury,2000,2000-04-01,precinct,2,2,2224,mismatch,,text
Tewksbury,2000,2000-04-01,precinct,3,3,2802,mismatch,,text
Tewksbury,2000,2000-04-01,precinct,4,2151,,mismatch,,text
Tewksbury,2000,2000-04-01,precinct,4,4,2506,mismatch,,text
Tewksbury,2000,2000-04-01,precinct,6,2199,,mismatch,,text
Tisbury,2000,2000-05-09,total,,2458,,single,"a single undivided town, or no precinct detail printed",text
Tolland,2000,2000-04-08,total,,274,,single,"a single undivided town, or no precinct detail printed",text
Topsfield,2000,2000-05-04,total,,3862,626,single,"a single undivided town, or no precinct detail printed",ocr
Townsend,2000,2000-04-24,total,,5214,686,mismatch,"precincts sum to 3350 registered, the printed total says 5214",ocr
Townsend,2000,2000-04-24,precinct,1,1761,265,mismatch,,ocr
Townsend,2000,2000-04-24,precinct,2,1589,132,mismatch,,ocr
Tyngsborough,2000,2000-05-09,total,,5899,3395,reg_only,registered voters sum; people who voted does not,ocr
Tyngsborough,2000,2000-05-09,precinct,1,1682,,reg_only,,ocr
Tyngsborough,2000,2000-05-09,precinct,2,1930,973,reg_only,,ocr
Tyngsborough,2000,2000-05-09,precinct,3,2287,1382,reg_only,,ocr
Tyringham,2000,2000-05-15,total,,255,43,single,"a single undivided town, or no precinct detail printed",ocr
UNKNOWN,2000,2000-04-24,total,,1705,129,mismatch,"precincts sum to 316599 registered, the printed total says 1705",ocr
UNKNOWN,2000,2000-04-24,precinct,1,1630,377,mismatch,,ocr
UNKNOWN,2000,2000-04-24,precinct,2,1258,82,mismatch,,ocr
UNKNOWN,2000,2000-04-24,precinct,2,2972,755,mismatch,,ocr
UNKNOWN,2000,2000-04-24,precinct,2,1951,914,mismatch,,ocr
UNKNOWN,2000,2000-04-24,precinct,2,2181,345,mismatch,,ocr
UNKNOWN,2000,2000-04-24,precinct,3,2114,186,mismatch,,ocr
UNKNOWN,2000,2000-04-24,precinct,3,1721,795,mismatch,,ocr
UNKNOWN,2000,2000-04-24,precinct,3,2843,416,mismatch,,ocr
UNKNOWN,2000,2000-04-24,precinct,4,2348,318,mismatch,,ocr
UNKNOWN,2000,2000-04-24,precinct,4,2633,234,mismatch,,ocr
UNKNOWN,2000,2000-04-24,precinct,5,2671,256,mismatch,,ocr
UNKNOWN,2000,2000-04-24,precinct,6,2126,332,mismatch,,ocr
UNKNOWN,2000,2000-04-24,precinct,7,2184,285,mismatch,,ocr
UNKNOWN,2000,2000-04-24,precinct,8,2058,265,mismatch,,ocr
UNKNOWN,2000,2000-04-24,precinct,9,13501,1642,mismatch,,ocr
UNKNOWN,2000,2000-04-24,precinct,B,2040,253,mismatch,,ocr
UNKNOWN,2000,2000-04-24,precinct,C,2259,186,mismatch,,ocr
UNKNOWN,2000,2000-04-24,precinct,C,1904,55,mismatch,,ocr
UNKNOWN,2000,2000-04-24,precinct,D,2161,196,mismatch,,ocr
UNKNOWN,2000,2000-04-24,precinct,D,313,6,mismatch,,ocr
UNKNOWN,2000,2000-04-24,precinct,E,2581,242,mismatch,,ocr
UNKNOWN,2000,2000-04-24,precinct,10,3115,592,mismatch,,ocr
UNKNOWN,2000,2000-04-24,precinct,11,766,370,mismatch,,ocr
UNKNOWN,2000,2000-04-24,precinct,12,1916,465,mismatch,,ocr
UNKNOWN,2000,2000-04-24,precinct,13,2868,689,mismatch,,ocr
UNKNOWN,2000,2000-04-24,precinct,14,2539,607,mismatch,,ocr
UNKNOWN,2000,2000-04-24,precinct,15,7323,1761,mismatch,,ocr
UNKNOWN,2000,2000-04-24,precinct,16,2335,478,mismatch,,ocr
UNKNOWN,2000,2000-04-24,precinct,17,1951,247,mismatch,,ocr
UNKNOWN,2000,2000-04-24,precinct,18,2390,420,mismatch,,ocr
UNKNOWN,2000,2000-04-24,precinct,19,2113,433,mismatch,,ocr
UNKNOWN,2000,2000-04-24,precinct,20,2388,501,mismatch,,ocr
UNKNOWN,2000,2000-04-24,precinct,21,2439,524,mismatch,,ocr
UNKNOWN,2000,2000-04-24,precinct,22,2289,538,mismatch,,ocr
UNKNOWN,2000,2000-04-24,precinct,23,2204,450,mismatch,,ocr
UNKNOWN,2000,2000-04-24,precinct,24,2241,531,mismatch,,ocr
UNKNOWN,2000,2000-04-24,precinct,25,20350,4122,mismatch,,ocr
UNKNOWN,2000,2000-04-24,precinct,26,2163,193,mismatch,,ocr
UNKNOWN,2000,2000-04-24,precinct,27,803,249,mismatch,,ocr
UNKNOWN,2000,2000-04-24,precinct,28,3039,907,mismatch,,ocr
UNKNOWN,2000,2000-04-24,precinct,30,6011,1662,mismatch,,ocr
UNKNOWN,2000,2000-04-24,precinct,31,3904,1030,mismatch,,ocr
UNKNOWN,2000,2000-04-24,precinct,32,3015,1734,mismatch,,ocr
UNKNOWN,2000,2000-04-24,precinct,33,2308,153,mismatch,,ocr
UNKNOWN,2000,2000-04-24,precinct,34,2068,153,mismatch,,ocr
UNKNOWN,2000,2000-04-24,precinct,35,4376,306,mismatch,,ocr
UNKNOWN,2000,2000-04-24,precinct,36,2217,131,mismatch,,ocr
UNKNOWN,2000,2000-04-24,precinct,37,4606,310,mismatch,,ocr
UNKNOWN,2000,2000-04-24,precinct,38,3346,1108,mismatch,,ocr
UNKNOWN,2000,2000-04-24,precinct,39,443,126,mismatch,,ocr
UNKNOWN,2000,2000-04-24,precinct,40,2903,873,mismatch,,ocr
UNKNOWN,2000,2000-04-24,precinct,41,2498,814,mismatch,,ocr
UNKNOWN,2000,2000-04-24,precinct,42,2464,787,mismatch,,ocr
UNKNOWN,2000,2000-04-24,precinct,43,7865,2474,mismatch,,ocr
UNKNOWN,2000,2000-04-24,precinct,44,2321,589,mismatch,,ocr
UNKNOWN,2000,2000-04-24,precinct,45,1961,563,mismatch,,ocr
UNKNOWN,2000,2000-04-24,precinct,46,1951,487,mismatch,,ocr
UNKNOWN,2000,2000-04-24,precinct,47,6233,1639,mismatch,,ocr
UNKNOWN,2000,2000-04-24,precinct,48,3605,1215,mismatch,,ocr
UNKNOWN,2000,2000-04-24,precinct,49,3079,857,mismatch,,ocr
UNKNOWN,2000,2000-04-24,precinct,50,3094,1057,mismatch,,ocr
UNKNOWN,2000,2000-04-24,precinct,51,3048,983,mismatch,,ocr
UNKNOWN,2000,2000-04-24,precinct,52,9221,2897,mismatch,,ocr
UNKNOWN,2000,2000-04-24,precinct,53,2391,751,mismatch,,ocr
UNKNOWN,2000,2000-04-24,precinct,54,227,38,mismatch,,ocr
UNKNOWN,2000,2000-04-24,precinct,55,463,53,mismatch,,ocr
UNKNOWN,2000,2000-04-24,precinct,56,2221,304,mismatch,,ocr
UNKNOWN,2000,2000-04-24,precinct,61,11262,1181,mismatch,,ocr
UNKNOWN,2000,2000-04-24,precinct,62,1680,46,mismatch,,ocr
UNKNOWN,2000,2000-04-24,precinct,63,1699,54,mismatch,,ocr
UNKNOWN,2000,2000-04-24,precinct,66,5596,161,mismatch,,ocr
UNKNOWN,2000,2000-04-24,precinct,67,2051,1044,mismatch,,ocr
UNKNOWN,2000,2000-04-24,precinct,70,2078,1076,mismatch,,ocr
UNKNOWN,2000,2000-04-24,precinct,71,7801,3829,mismatch,,ocr
UNKNOWN,2000,2000-04-24,precinct,72,3601,721,mismatch,,ocr
UNKNOWN,2000,2000-04-24,precinct,73,2497,297,mismatch,,ocr
UNKNOWN,2000,2000-04-24,precinct,77,1851,263,mismatch,,ocr
UNKNOWN,2000,2000-04-24,precinct,78,12005,1555,mismatch,,ocr
UNKNOWN,2000,2000-04-24,precinct,79,1997,619,mismatch,,ocr
UNKNOWN,2000,2000-04-24,precinct,80,2024,605,mismatch,,ocr
UNKNOWN,2000,2000-04-24,precinct,81,1790,501,mismatch,,ocr
UNKNOWN,2000,2000-04-24,precinct,82,1674,533,mismatch,,ocr
UNKNOWN,2000,2000-04-24,precinct,83,1944,581,mismatch,,ocr
UNKNOWN,2000,2000-04-24,precinct,84,1925,662,mismatch,,ocr
UNKNOWN,2000,2000-04-24,precinct,85,1956,630,mismatch,,ocr
UNKNOWN,2000,2000-04-24,precinct,86,13310,4131,mismatch,,ocr
UNKNOWN,2000,2000-04-24,precinct,87,2725,329,mismatch,,ocr
UNKNOWN,2000,2000-04-24,precinct,88,2874,466,mismatch,,ocr
UNKNOWN,2000,2000-04-24,precinct,89,2836,429,mismatch,,ocr
UNKNOWN,2000,2000-04-24,precinct,90,2984,328,mismatch,,ocr
UNKNOWN,2000,2000-04-24,precinct,91,2592,458,mismatch,,ocr
UNKNOWN,2000,2000-04-24,precinct,92,3295,506,mismatch,,ocr
UNKNOWN,2000,2000-04-24,precinct,93,1192,297,mismatch,,ocr
UNKNOWN,2000,2000-04-24,precinct,94,1706,720,mismatch,,ocr
UNKNOWN,2000,2000-04-24,precinct,95,1648,7717,mismatch,,ocr
UNKNOWN,2000,2000-04-24,precinct,96,1593,649,mismatch,,ocr
UNKNOWN,2000,2000-04-24,precinct,97,1615,504,mismatch,,ocr
UNKNOWN,2000,2000-04-24,precinct,98,1805,543,mismatch,,ocr
UNKNOWN,2000,2000-04-24,precinct,99,2473,803,mismatch,,ocr
Uxbridge,2000,2000-04-11,total,,7631,2492,reg_only,registered voters sum; people who voted does not,ocr
Uxbridge,2000,2000-04-11,precinct,1,2347,,reg_only,,ocr
Uxbridge,2000,2000-04-11,precinct,2,2627,879,reg_only,,ocr
Uxbridge,2000,2000-04-11,precinct,3,2657,788,reg_only,,ocr
Wakefield,2000,2000-04-25,total,,,,no_total,no TOTALS row was read,ocr
Wakefield,2000,2000-04-25,precinct,1,2450,383,no_total,,ocr
Wakefield,2000,2000-04-25,precinct,2,2094,,no_total,,ocr
Wakefield,2000,2000-04-25,precinct,3,2397,371,no_total,,ocr
Wakefield,2000,2000-04-25,precinct,4,2265,337,no_total,,ocr
Wakefield,2000,2000-04-25,precinct,5,2234,,no_total,,ocr
Wakefield,2000,2000-04-25,precinct,6,16087,2585,no_total,,ocr
Wales,2000,2000-05-30,total,,,,no_total,no TOTALS row was read,ocr
Wales,2000,2000-05-30,precinct,1,942,,no_total,,ocr
Walpole,2000,2000-06-03,total,,,,no_total,no TOTALS row was read,ocr
Walpole,2000,2000-06-03,precinct,1,1771,68,no_total,,ocr
Walpole,2000,2000-06-03,precinct,2,1735,,no_total,,ocr
Walpole,2000,2000-06-03,precinct,3,1961,811,no_total,,ocr
Walpole,2000,2000-06-03,precinct,4,2418,89,no_total,,ocr
Walpole,2000,2000-06-03,precinct,5,2040,875,no_total,,ocr
Walpole,2000,2000-06-03,precinct,6,14699,5678,no_total,,ocr
Ware,2000,2000-04-10,total,,6061,,mismatch,"precincts sum to 4045 registered, the printed total says 6061",ocr
Ware,2000,2000-04-10,precinct,1,1904,,mismatch,,ocr
Ware,2000,2000-04-10,precinct,2,2141,517,mismatch,,ocr
Wareham,2000,2000-04-04,total,,,,no_total,no TOTALS row was read,ocr
Wareham,2000,2000-04-04,precinct,2,3269,55,no_total,,ocr
Wareham,2000,2000-04-04,precinct,3,2504,55,no_total,,ocr
Wareham,2000,2000-04-04,precinct,4,2669,,no_total,,ocr
Wareham,2000,2000-04-04,precinct,5,13971,,no_total,,ocr
Wareham,2000,2000-04-04,precinct,i,3115,,no_total,,ocr
Warwick,2000,2000-03-13,total,,467,92,single,"a single undivided town, or no precinct detail printed",ocr
Washington,2000,2000-05-20,total,,361,104,single,"a single undivided town, or no precinct detail printed",ocr
Watertown,2000,,total,,,,no_election,the volume states no election was held this year,ocr
Wayland,2000,2000-04-25,total,,8341,1560,checked,precincts sum to both printed totals; the TOTALS label was unreadable and was identified by the sum,ocr
Wayland,2000,2000-04-25,precinct,1,2085,408,checked,,ocr
Wayland,2000,2000-04-25,precinct,2,1846,323,checked,,ocr
Wayland,2000,2000-04-25,precinct,3,1917,379,checked,,ocr
Wayland,2000,2000-04-25,precinct,4,2493,450,checked,,ocr
Webster,2000,2000-05-01,total,,9347,2732,checked,precincts sum to both printed totals,ocr
Webster,2000,2000-05-01,precinct,1,1669,523,checked,,ocr
Webster,2000,2000-05-01,precinct,2,1443,313,checked,,ocr
Webster,2000,2000-05-01,precinct,3,1960,554,checked,,ocr
Webster,2000,2000-05-01,precinct,4,2436,715,checked,,ocr
Webster,2000,2000-05-01,precinct,5,1839,627,checked,,ocr
Wellesley,2000,2000-02-29,total,,15391,4923,mismatch,"precincts sum to 12877 registered, the printed total says 15391",ocr
Wellesley,2000,2000-02-29,precinct,1,2407,936,mismatch,,ocr
Wellesley,2000,2000-02-29,precinct,2,2499,788,mismatch,,ocr
Wellesley,2000,2000-02-29,precinct,3,2196,707,mismatch,,ocr
Wellesley,2000,2000-02-29,precinct,4,2394,766,mismatch,,ocr
Wellesley,2000,2000-02-29,precinct,5,1896,575,mismatch,,ocr
Wellesley,2000,2000-02-29,precinct,6,1485,358,mismatch,,ocr
Wellfleet,2000,2000-05-01,total,,,,no_total,no TOTALS row was read,ocr
Wellfleet,2000,2000-05-01,precinct,1,2361,1236,no_total,,ocr
Wendell,2000,2000-05-01,total,,563,54,single,"a single undivided town, or no precinct detail printed",ocr
West Boylston,2000,2000-04-04,total,,4066,851,checked,precincts sum to both printed totals,ocr
West Boylston,2000,2000-04-04,precinct,1,2068,437,checked,,ocr
West Boylston,2000,2000-04-04,precinct,2,1998,414,checked,,ocr
West Bridgewater,2000,2000-04-15,total,,4198,320,checked,precincts sum to both printed totals; the TOTALS label was unreadable and was identified by the sum,ocr
West Bridgewater,2000,2000-04-15,precinct,1,2210,164,checked,,ocr
West Bridgewater,2000,2000-04-15,precinct,2,1988,156,checked,,ocr
West Brookfield,2000,2000-05-02,total,,,,no_total,no TOTALS row was read,ocr
West Brookfield,2000,2000-05-02,precinct,1,2282,628,no_total,,ocr
West Newbury,2000,2000-05-01,total,,2840,1059,single,"a single undivided town, or no precinct detail printed",ocr
West Springfield,2000,2000-04-01,total,,,,no_total,no TOTALS row was read,ocr
West Springfield,2000,2000-04-01,precinct,1,1521,234,no_total,,ocr
West Springfield,2000,2000-04-01,precinct,2,1675,347,no_total,,ocr
West Springfield,2000,2000-04-01,precinct,3,2136,738,no_total,,ocr
West Stockbridge,2000,2000-05-08,total,,1023,387,single,"a single undivided town, or no precinct detail printed",text
West Tisbury,2000,2000-04-13,total,,1717,868,mismatch,"precincts sum to 200 registered, the printed total says 1717",text
West Tisbury,2000,2000-04-13,precinct,1,200,0,mismatch,,text
Westborough,2000,2000-03-14,total,,10884,1592,mismatch,"precincts sum to 12304 registered, the printed total says 10884",text
Westborough,2000,2000-03-14,precinct,1,1420,0,mismatch,,text
Westborough,2000,2000-03-14,precinct,2,2472,292,mismatch,,text
Westborough,2000,2000-03-14,precinct,2,2370,215,mismatch,,text
Westborough,2000,2000-03-14,precinct,3,3100,504,mismatch,,text
Westborough,2000,2000-03-14,precinct,4,2942,569,mismatch,,text
Westford,2000,2000-05-02,total,,12711,4042,checked,precincts sum to both printed totals,text
Westford,2000,2000-05-02,precinct,1,2600,863,checked,,text
Westford,2000,2000-05-02,precinct,2,2446,734,checked,,text
Westford,2000,2000-05-02,precinct,3,2394,833,checked,,text
Westford,2000,2000-05-02,precinct,4,2873,928,checked,,text
Westford,2000,2000-05-02,precinct,5,2398,684,checked,,text
Westhampton,2000,2000-06-03,total,,1032,115,single,"a single undivided town, or no precinct detail printed",text
Westminster,2000,2000-04-25,total,,4512,1428,voted_only,people who voted sums; registered voters does not,text
Westminster,2000,2000-04-25,precinct,1,200,0,voted_only,,text
Westminster,2000,2000-04-25,precinct,2,2253,670,voted_only,,text
Westminster,2000,2000-04-25,precinct,2,2259,758,voted_only,,text
Weston,2000,2000-05-06,total,,6938,811,checked,precincts sum to both printed totals,text
Weston,2000,2000-05-06,precinct,1,3637,512,checked,,text
Weston,2000,2000-05-06,precinct,2,3301,299,checked,,text
Westport,2000,2000-04-01,total,,9422,3515,voted_only,people who voted sums; registered voters does not,text
Westport,2000,2000-04-01,precinct,1,200,0,voted_only,,text
Westport,2000,2000-04-01,precinct,2,1666,597,voted_only,,text
Westport,2000,2000-04-01,precinct,B,2173,929,voted_only,,text
Westport,2000,2000-04-01,precinct,C,1827,635,voted_only,,text
Westport,2000,2000-04-01,precinct,D,1632,550,voted_only,,text
Westport,2000,2000-04-01,precinct,E,2124,804,voted_only,,text
Westwood,2000,2000-04-24,total,,9098,1967,voted_only,people who voted sums; registered voters does not,text
Westwood,2000,2000-04-24,precinct,1,200,0,voted_only,,text
Westwood,2000,2000-04-24,precinct,2,2180,532,voted_only,,text
Westwood,2000,2000-04-24,precinct,2,2203,517,voted_only,,text
Westwood,2000,2000-04-24,precinct,3,2679,601,voted_only,,text
Westwood,2000,2000-04-24,precinct,4,2036,317,voted_only,,text
Weymouth,2000,,total,,,,no_election,the volume states no election was held this year,text
Whately,2000,2000-02-15,total,,1016,332,single,"a single undivided town, or no precinct detail printed",text
Whitman,2000,2000-05-20,total,,7826,1002,checked,precincts sum to both printed totals,text
Whitman,2000,2000-05-20,precinct,1,2076,246,checked,,text
Whitman,2000,2000-05-20,precinct,2,1990,236,checked,,text
Whitman,2000,2000-05-20,precinct,3,1837,267,checked,,text
Whitman,2000,2000-05-20,precinct,4,1923,253,checked,,text
Wilbraham,2000,2000-05-06,total,,8762,2096,reg_only,registered voters sum; people who voted does not,text
Wilbraham,2000,2000-05-06,precinct,1,2244,682,reg_only,,text
Wilbraham,2000,2000-05-06,precinct,B,2307,784,reg_only,,text
Wilbraham,2000,2000-05-06,precinct,C,2215,724,reg_only,,text
Wilbraham,2000,2000-05-06,precinct,D,1996,806,reg_only,,text
Williamsburg,2000,2000-05-01,total,,1726,560,single,"a single undivided town, or no precinct detail printed",text
Williamstown,2000,2000-05-09,total,,4271,723,checked,precincts sum to both printed totals,text
Williamstown,2000,2000-05-09,precinct,1,1829,335,checked,,text
Williamstown,2000,2000-05-09,precinct,2,738,134,checked,,text
Williamstown,2000,2000-05-09,precinct,3,1704,254,checked,,text
Wilmington,2000,2000-04-01,total,,14286,1790,voted_only,people who voted sums; registered voters does not,text
Wilmington,2000,2000-04-01,precinct,1,5200,0,voted_only,,text
Wilmington,2000,2000-04-01,precinct,2,2680,274,voted_only,,text
Wilmington,2000,2000-04-01,precinct,2,2489,347,voted_only,,text
Wilmington,2000,2000-04-01,precinct,3,2373,261,voted_only,,text
Wilmington,2000,2000-04-01,precinct,4,2285,375,voted_only,,text
Wilmington,2000,2000-04-01,precinct,5,2102,289,voted_only,,text
Wilmington,2000,2000-04-01,precinct,g,2357,244,voted_only,,text
Winchendon,2000,2000-03-06,total,,5344,1122,voted_only,people who voted sums; registered voters does not,text
Winchendon,2000,2000-03-06,precinct,1,6200,0,voted_only,,text
Winchendon,2000,2000-03-06,precinct,2,1665,369,voted_only,,text
Winchendon,2000,2000-03-06,precinct,2,1900,338,voted_only,,text
Winchendon,2000,2000-03-06,precinct,3,1779,415,voted_only,,text
Winchester,2000,2000-03-28,total,,13324,4242,voted_only,people who voted sums; registered voters does not,text
Winchester,2000,2000-03-28,precinct,1,2820,0,voted_only,,text
Winchester,2000,2000-03-28,precinct,2,1678,609,voted_only,,text
Winchester,2000,2000-03-28,precinct,2,1396,374,voted_only,,text
Winchester,2000,2000-03-28,precinct,3,1601,583,voted_only,,text
Winchester,2000,2000-03-28,precinct,4,1791,600,voted_only,,text
Winchester,2000,2000-03-28,precinct,5,1719,508,voted_only,,text
Winchester,2000,2000-03-28,precinct,6,1840,511,voted_only,,text
Winchester,2000,2000-03-28,precinct,7,1747,616,voted_only,,text
Winchester,2000,2000-03-28,precinct,8,1552,441,voted_only,,text
Windsor,2000,2000-05-08,total,,564,195,single,"a single undivided town, or no precinct detail printed",text
Winthrop,2000,2000-05-01,total,,12733,3592,checked,precincts sum to both printed totals,text
Winthrop,2000,2000-05-01,precinct,1,2029,711,checked,,text
Winthrop,2000,2000-05-01,precinct,2,2156,717,checked,,text
Winthrop,2000,2000-05-01,precinct,3,2077,465,checked,,text
Winthrop,2000,2000-05-01,precinct,4,2118,506,checked,,text
Winthrop,2000,2000-05-01,precinct,5,2197,783,checked,,text
Winthrop,2000,2000-05-01,precinct,6,2156,410,checked,,text
Worthington,2000,2000-05-06,total,,872,259,single,"a single undivided town, or no precinct detail printed",text
Wrentham,2000,2000-04-03,total,,6492,1578,checked,precincts sum to both printed totals,text
Wrentham,2000,2000-04-03,precinct,1,2585,630,checked,,text
Wrentham,2000,2000-04-03,precinct,2,1985,491,checked,,text
Wrentham,2000,2000-04-03,precinct,3,1922,457,checked,,text
Yarmouth,2000,2000-04-10,total,,,,no_total,no TOTALS row was read,text
Yarmouth,2000,2000-04-10,precinct,1,3524,1135,no_total,,text
Yarmouth,2000,2000-04-10,precinct,2,2919,785,no_total,,text
Yarmouth,2000,2000-04-10,precinct,3,3,535,no_total,,text
Yarmouth,2000,2000-04-10,precinct,4,2332,642,no_total,,text
Yarmouth,2000,2000-04-10,precinct,5,2421,563,no_total,,text
Yarmouth,2000,2000-04-10,precinct,6,2255,474,no_total,,text
Yarmouth,2000,2000-04-10,precinct,7,5660,4134,no_total,,text
Abington,2002,2002-04-06,total,,92391706,,mismatch,"precincts sum to 2281397 registered, the printed total says 92391706",text
Abington,2002,2002-04-06,precinct,1,2281388,,mismatch,,text
Abington,2002,2002-04-06,precinct,2,2,2196405,mismatch,,text
Abington,2002,2002-04-06,precinct,3,3,2362492,mismatch,,text
Abington,2002,2002-04-06,precinct,4,4,2400421,mismatch,,text
Acushnet,2002,2002-04-01,total,,67812299,,mismatch,"precincts sum to 2099738 registered, the printed total says 67812299",text
Acushnet,2002,2002-04-01,precinct,1,2099733,,mismatch,,text
Acushnet,2002,2002-04-01,precinct,2,2,2383889,mismatch,,text
Acushnet,2002,2002-04-01,precinct,3,3,2299677,mismatch,,text
Adams,2002,2002-05-06,total,,58021695,,mismatch,"precincts sum to 1129289 registered, the printed total says 58021695",text
Adams,2002,2002-05-06,precinct,1,1129275,,mismatch,,text
Adams,2002,2002-05-06,precinct,2,2,1153370,mismatch,,text
Adams,2002,2002-05-06,precinct,3,3,1230378,mismatch,,text
Adams,2002,2002-05-06,precinct,4,4,1086285,mismatch,,text
Adams,2002,2002-05-06,precinct,5,5,1204387,mismatch,,text
Agawam,2002,,total,,,,no_election,the volume states no election was held this year,text
Alford,2002,2002-05-21,total,,313164,,single,"a single undivided town, or no precinct detail printed",text
Amesbury,2002,,total,,,,no_election,the volume states no election was held this year,text
Amherst,2002,2002-03-02,total,,174831343,,mismatch,"precincts sum to 10873304 registered, the printed total says 174831343",text
Amherst,2002,2002-03-02,precinct,1,1616122,,mismatch,,text
Amherst,2002,2002-03-02,precinct,2,2053158,,mismatch,,text
Amherst,2002,2002-03-02,precinct,3,115668,,mismatch,,text
Amherst,2002,2002-03-02,precinct,4,1854168,,mismatch,,text
Amherst,2002,2002-03-02,precinct,5,1482116,,mismatch,,text
Amherst,2002,2002-03-02,precinct,6,1987166,,mismatch,,text
Amherst,2002,2002-03-02,precinct,7,1752101,,mismatch,,text
Amherst,2002,2002-03-02,precinct,8,12805,,mismatch,,text
Andover,2002,2002-03-02,total,,190941718,,mismatch,"precincts sum to 18395718 registered, the printed total says 190941718",text
Andover,2002,2002-03-02,precinct,1,2057181,,mismatch,,text
Andover,2002,2002-03-02,precinct,2,2056157,,mismatch,,text
Andover,2002,2002-03-02,precinct,3,2217196,,mismatch,,text
Andover,2002,2002-03-02,precinct,4,1185193,,mismatch,,text
Andover,2002,2002-03-02,precinct,5,2112164,,mismatch,,text
Andover,2002,2002-03-02,precinct,6,2115185,,mismatch,,text
Andover,2002,2002-03-02,precinct,7,2164176,,mismatch,,text
Andover,2002,2002-03-02,precinct,8,2321201,,mismatch,,text
Andover,2002,2002-03-02,precinct,9,2167265,,mismatch,,text
Aquinnah,2002,2002-05-15,total,,35465,,single,"a single undivided town, or no precinct detail printed",text
Arlington,2002,2002-04-06,total,,,,no_total,no TOTALS row was read,text
Arlington,2002,2002-04-06,precinct,1,934137,,no_total,,text
Arlington,2002,2002-04-06,precinct,2,2,1319247,no_total,,text
Ashburnham,2002,2002-04-30,total,,3429,289,single,"a single undivided town, or no precinct detail printed",text
Ashby,2002,2002-04-22,total,,1769,701,single,"a single undivided town, or no precinct detail printed",text
Ashfield,2002,2002-05-05,total,,1158,345,single,"a single undivided town, or no precinct detail printed",text
Ashland,2002,2002-05-07,total,,9436,3062,mismatch,"precincts sum to 5784 registered, the printed total says 9436",text
Ashland,2002,2002-05-07,precinct,1,2407,,mismatch,,text
Ashland,2002,2002-05-07,precinct,2,758,,mismatch,,text
Ashland,2002,2002-05-07,precinct,4,2619,542,mismatch,,text
Athol,2002,2002-04-01,total,,6520,1341,checked,precincts sum to both printed totals,text
Athol,2002,2002-04-01,precinct,1,2254,550,checked,,text
Athol,2002,2002-04-01,precinct,2,2173,412,checked,,text
Athol,2002,2002-04-01,precinct,3,2093,379,checked,,text
Auburn,2002,2002-05-16,total,,3215,,mismatch,"precincts sum to 11083 registered, the printed total says 3215",text
Auburn,2002,2002-05-16,precinct,1,2307,724,mismatch,,text
Auburn,2002,2002-05-16,precinct,2,2171,735,mismatch,,text
Auburn,2002,2002-05-16,precinct,3,2231,582,mismatch,,text
Auburn,2002,2002-05-16,precinct,4,2251,607,mismatch,,text
Auburn,2002,2002-05-16,precinct,r,2123,567,mismatch,,text
Aver,2002,2002-04-22,total,,4233,835,checked,precincts sum to both printed totals,text
Aver,2002,2002-04-22,precinct,1,2221,522,checked,,text
Aver,2002,2002-04-22,precinct,2,2012,313,checked,,text
Avon,2002,,total,,2790,1296,single,"a single undivided town, or no precinct detail printed",text
Barnstable,2002,,total,,,,no_election,the volume states no election was held this year,text
Barre,2002,2002-04-01,total,,,,no_total,no TOTALS row was read,text
Barre,2002,2002-04-01,precinct,1,1686,,no_total,,text
Barre,2002,2002-04-01,precinct,2,2,,no_total,,text
Bedford,2002,2002-03-09,total,,,,no_total,no TOTALS row was read,text
Bedford,2002,2002-03-09,precinct,1,9200,2,no_total,,text
Bedford,2002,2002-03-09,precinct,2,2171,596,no_total,,text
Bedford,2002,2002-03-09,precinct,3,1986,388,no_total,,text
Bedford,2002,2002-03-09,precinct,4,2332,536,no_total,,text
Bedford,2002,2002-03-09,precinct,5,2051,584,no_total,,text
Bedford,2002,2002-03-09,precinct,6,8540,2104,no_total,,text
Belchertown,2002,2002-05-20,total,,,,no_total,no TOTALS row was read,text
Belchertown,2002,2002-05-20,precinct,1,200,2,no_total,,text
Belchertown,2002,2002-05-20,precinct,2,1910,271,no_total,,text
Belchertown,2002,2002-05-20,precinct,6,7974,982,no_total,,text
Belchertown,2002,2002-05-20,precinct,B,2003,230,no_total,,text
Belchertown,2002,2002-05-20,precinct,C,2223,338,no_total,,text
Belchertown,2002,2002-05-20,precinct,D,1838,143,no_total,,text
Bellingham,2002,2002-05-07,total,,9317,996,checked,precincts sum to both printed totals; the TOTALS label was unreadable and was identified by the sum,text
Bellingham,2002,2002-05-07,precinct,1,1779,165,checked,,text
Bellingham,2002,2002-05-07,precinct,2,1825,188,checked,,text
Bellingham,2002,2002-05-07,precinct,3,1894,171,checked,,text
Bellingham,2002,2002-05-07,precinct,4,1960,205,checked,,text
Bellingham,2002,2002-05-07,precinct,5,1859,267,checked,,text
Belmont,2002,2002-04-01,total,,16633,8419,checked,precincts sum to both printed totals,text
Belmont,2002,2002-04-01,precinct,1,2091,1316,checked,,text
Belmont,2002,2002-04-01,precinct,2,2258,1336,checked,,text
Belmont,2002,2002-04-01,precinct,3,1792,890,checked,,text
Belmont,2002,2002-04-01,precinct,4,1985,699,checked,,text
Belmont,2002,2002-04-01,precinct,5,2054,925,checked,,text
Belmont,2002,2002-04-01,precinct,6,2083,1156,checked,,text
Belmont,2002,2002-04-01,precinct,7,2082,769,checked,,text
Belmont,2002,2002-04-01,precinct,8,2288,1328,checked,,text
Berkley,2002,2002-05-11,total,,3436,692,mismatch,"precincts sum to 200 registered, the printed total says 3436",text
Berkley,2002,2002-05-11,precinct,1,200,2,mismatch,,text
Berlin,2002,2002-05-13,total,,1673,517,mismatch,"precincts sum to 200 registered, the printed total says 1673",text
Berlin,2002,2002-05-13,precinct,1,200,2,mismatch,,text
Bernardston,2002,2002-05-06,total,,1360,428,single,"a single undivided town, or no precinct detail printed",text
Billerica,2002,2002-04-06,total,,21473,4930,checked,precincts sum to both printed totals; the TOTALS label was unreadable and was identified by the sum,text
Billerica,2002,2002-04-06,precinct,1,1993,455,checked,,text
Billerica,2002,2002-04-06,precinct,2,1975,530,checked,,text
Billerica,2002,2002-04-06,precinct,3,1983,441,checked,,text
Billerica,2002,2002-04-06,precinct,4,1953,453,checked,,text
Billerica,2002,2002-04-06,precinct,5,2227,501,checked,,text
Billerica,2002,2002-04-06,precinct,6,1481,345,checked,,text
Billerica,2002,2002-04-06,precinct,7,1801,410,checked,,text
Billerica,2002,2002-04-06,precinct,8,2129,460,checked,,text
Billerica,2002,2002-04-06,precinct,9,1976,372,checked,,text
Billerica,2002,2002-04-06,precinct,10,2095,462,checked,,text
Billerica,2002,2002-04-06,precinct,11,1860,501,checked,,text
Blackstone,2002,2002-04-01,total,,5470,1014,checked,precincts sum to both printed totals; the TOTALS label was unreadable and was identified by the sum,text
Blackstone,2002,2002-04-01,precinct,1,1742,310,checked,,text
Blackstone,2002,2002-04-01,precinct,2,1837,370,checked,,text
Blackstone,2002,2002-04-01,precinct,3,1891,334,checked,,text
Blandford,2002,2002-05-13,total,,,,no_total,no TOTALS row was read,text
Blandford,2002,2002-05-13,precinct,1,200,2,no_total,,text
Blandford,2002,2002-05-13,precinct,2,820,86,no_total,,text
Bolton,2002,2002-05-13,total,,,,no_total,no TOTALS row was read,text
Bolton,2002,2002-05-13,precinct,1,200,2,no_total,,text
Bolton,2002,2002-05-13,precinct,2,2790,699,no_total,,text
Bourne,2002,2002-04-03,total,,10961,2508,checked,precincts sum to both printed totals; the TOTALS label was unreadable and was identified by the sum,text
Bourne,2002,2002-04-03,precinct,1,1750,297,checked,,text
Bourne,2002,2002-04-03,precinct,2,1914,409,checked,,text
Bourne,2002,2002-04-03,precinct,3,1679,344,checked,,text
Bourne,2002,2002-04-03,precinct,4,1963,400,checked,,text
Bourne,2002,2002-04-03,precinct,5,2193,592,checked,,text
Bourne,2002,2002-04-03,precinct,6,1462,466,checked,,text
Boxborough,2002,2002-05-20,total,,,,no_total,no TOTALS row was read,text
Boxborough,2002,2002-05-20,precinct,1,20200,2,no_total,,text
Boxborough,2002,2002-05-20,precinct,2,2850,672,no_total,,text
Boxford,2002,2002-05-21,total,,,,no_total,no TOTALS row was read,text
Boxford,2002,2002-05-21,precinct,1,21200,2,no_total,,text
Boxford,2002,2002-05-21,precinct,2,1584,317,no_total,,text
Boxford,2002,2002-05-21,precinct,3,1774,481,no_total,,text
Boxford,2002,2002-05-21,precinct,4,1668,397,no_total,,text
Boxford,2002,2002-05-21,precinct,5,5026,1195,no_total,,text
Boylston,2002,2002-05-13,total,,,,no_total,no TOTALS row was read,text
Boylston,2002,2002-05-13,precinct,1,13200,2,no_total,,text
Boylston,2002,2002-05-13,precinct,2,2616,410,no_total,,text
Braintree,2002,2002-04-02,total,,,,no_total,no TOTALS row was read,text
Braintree,2002,2002-04-02,precinct,1,1938,664,no_total,,text
Braintree,2002,2002-04-02,precinct,2,1929,571,no_total,,text
Braintree,2002,2002-04-02,precinct,3,1962,589,no_total,,text
Braintree,2002,2002-04-02,precinct,4,1862,585,no_total,,text
Braintree,2002,2002-04-02,precinct,5,2000,592,no_total,,text
Braintree,2002,2002-04-02,precinct,6,6,,no_total,,text
Braintree,2002,2002-04-02,precinct,7,1644,393,no_total,,text
Braintree,2002,2002-04-02,precinct,8,1912,541,no_total,,text
Braintree,2002,2002-04-02,precinct,9,1881,592,no_total,,text
Braintree,2002,2002-04-02,precinct,10,2022,628,no_total,,text
Braintree,2002,2002-04-02,precinct,11,1883,692,no_total,,text
Braintree,2002,2002-04-02,precinct,12,22654,6878,no_total,,text
Brewster,2002,2002-05-21,total,,,,no_total,no TOTALS row was read,text
Brewster,2002,2002-05-21,precinct,1,21200,2,no_total,,text
Brewster,2002,2002-05-21,precinct,2,2473,230,no_total,,text
Brewster,2002,2002-05-21,precinct,3,2615,253,no_total,,text
Brewster,2002,2002-05-21,precinct,4,2397,115,no_total,,text
Brewster,2002,2002-05-21,precinct,5,7485,598,no_total,,text
Bridgewater,2002,2002-04-27,total,,,,no_total,no TOTALS row was read,text
Bridgewater,2002,2002-04-27,precinct,1,27200,2,no_total,,text
Bridgewater,2002,2002-04-27,precinct,2,2394,1141,no_total,,text
Bridgewater,2002,2002-04-27,precinct,3,2349,1165,no_total,,text
Bridgewater,2002,2002-04-27,precinct,4,2345,950,no_total,,text
Bridgewater,2002,2002-04-27,precinct,5,752,303,no_total,,text
Bridgewater,2002,2002-04-27,precinct,6,1148,465,no_total,,text
Bridgewater,2002,2002-04-27,precinct,7,1980,546,no_total,,text
Bridgewater,2002,2002-04-27,precinct,8,2298,956,no_total,,text
Bridgewater,2002,2002-04-27,precinct,9,13266,5526,no_total,,text
Brimfield,2002,2002-06-03,total,,,,no_total,no TOTALS row was read,text
Brimfield,2002,2002-06-03,precinct,1,2097,666,no_total,,text
Brookfield,2002,2002-05-06,total,,,,no_total,no TOTALS row was read,text
Brookfield,2002,2002-05-06,precinct,1,2032,781,no_total,,text
Brookline,2002,2002-05-07,total,,32951,7203,checked,precincts sum to both printed totals,text
Brookline,2002,2002-05-07,precinct,1,2024,430,checked,,text
Brookline,2002,2002-05-07,precinct,2,1612,268,checked,,text
Brookline,2002,2002-05-07,precinct,3,2218,368,checked,,text
Brookline,2002,2002-05-07,precinct,4,1934,472,checked,,text
Brookline,2002,2002-05-07,precinct,5,1946,506,checked,,text
Brookline,2002,2002-05-07,precinct,6,1921,498,checked,,text
Brookline,2002,2002-05-07,precinct,7,2148,315,checked,,text
Brookline,2002,2002-05-07,precinct,8,1938,391,checked,,text
Brookline,2002,2002-05-07,precinct,9,2105,455,checked,,text
Brookline,2002,2002-05-07,precinct,10,2114,255,checked,,text
Brookline,2002,2002-05-07,precinct,11,2276,350,checked,,text
Brookline,2002,2002-05-07,precinct,12,2164,470,checked,,text
Brookline,2002,2002-05-07,precinct,13,2165,528,checked,,text
Brookline,2002,2002-05-07,precinct,14,2100,544,checked,,text
Brookline,2002,2002-05-07,precinct,15,2226,636,checked,,text
Brookline,2002,2002-05-07,precinct,16,2060,717,checked,,text
Buckland,2002,2002-05-06,total,,1155,349,single,"a single undivided town, or no precinct detail printed",text
Burlington,2002,2002-04-06,total,,13787,2197,checked,precincts sum to both printed totals,text
Burlington,2002,2002-04-06,precinct,1,2580,419,checked,,text
Burlington,2002,2002-04-06,precinct,2,1867,188,checked,,text
Burlington,2002,2002-04-06,precinct,3,2457,361,checked,,text
Burlington,2002,2002-04-06,precinct,4,2035,386,checked,,text
Burlington,2002,2002-04-06,precinct,5,2460,433,checked,,text
Burlington,2002,2002-04-06,precinct,6,2388,410,checked,,text
Carlisle,2002,2002-05-14,total,,3209,,single,"a single undivided town, or no precinct detail printed",text
Carver,2002,2002-04-13,total,,7694,,mismatch,"precincts sum to 2593 registered, the printed total says 7694",text
Carver,2002,2002-04-13,precinct,1,2588,,mismatch,,text
Carver,2002,2002-04-13,precinct,2,2,2528,mismatch,,text
Carver,2002,2002-04-13,precinct,3,3,2578,mismatch,,text
Charlemont,2002,2002-05-06,total,,816,,single,"a single undivided town, or no precinct detail printed",text
Charlton,2002,2002-05-04,total,,7787,,mismatch,"precincts sum to 2585 registered, the printed total says 7787",text
Charlton,2002,2002-05-04,precinct,1,2580,,mismatch,,text
Charlton,2002,2002-05-04,precinct,2,2,2552,mismatch,,text
Charlton,2002,2002-05-04,precinct,3,3,2655,mismatch,,text
Chatham,2002,2002-05-16,total,,5930,,mismatch,"precincts sum to 2891 registered, the printed total says 5930",text
Chatham,2002,2002-05-16,precinct,1,2889,,mismatch,,text
Chatham,2002,2002-05-16,precinct,2,2,3041,mismatch,,text
Chelmsford,2002,2002-04-02,total,,21755,,mismatch,"precincts sum to 2475 registered, the printed total says 21755",text
Chelmsford,2002,2002-04-02,precinct,1,2431,,mismatch,,text
Chelmsford,2002,2002-04-02,precinct,2,2,2253,mismatch,,text
Chelmsford,2002,2002-04-02,precinct,3,3,2317,mismatch,,text
Chelmsford,2002,2002-04-02,precinct,4,4,2307,mismatch,,text
Chelmsford,2002,2002-04-02,precinct,5,5,2399,mismatch,,text
Chelmsford,2002,2002-04-02,precinct,6,6,2568,mismatch,,text
Chelmsford,2002,2002-04-02,precinct,7,7,2562,mismatch,,text
Chelmsford,2002,2002-04-02,precinct,8,8,2429,mismatch,,text
Chelmsford,2002,2002-04-02,precinct,9,9,2489,mismatch,,text
Cohasset,2002,2002-04-06,total,,,,no_total,no TOTALS row was read,ocr
Cohasset,2002,2002-04-06,precinct,1,2472,604,no_total,,ocr
Cohasset,2002,2002-04-06,precinct,2,5082,1243,no_total,,ocr
Dartmouth,2002,2002-04-01,total,,,,no_total,no TOTALS row was read,ocr
Dartmouth,2002,2002-04-01,precinct,1,1790,159,no_total,,ocr
Dartmouth,2002,2002-04-01,precinct,2,1872,245,no_total,,ocr
Dartmouth,2002,2002-04-01,precinct,3,2203,336,no_total,,ocr
Dartmouth,2002,2002-04-01,precinct,4,2092,255,no_total,,ocr
Dartmouth,2002,2002-04-01,precinct,5,2031,259,no_total,,ocr
Dartmouth,2002,2002-04-01,precinct,6,1983,331,no_total,,ocr
Dartmouth,2002,2002-04-01,precinct,7,2370,607,no_total,,ocr
Dartmouth,2002,2002-04-01,precinct,8,2137,540,no_total,,ocr
Dedham,2002,2002-03-16,total,,16224,3731,mismatch,"precincts sum to 17844 registered, the printed total says 16224",text
Dedham,2002,2002-03-16,precinct,1,1620,2,mismatch,,text
Dedham,2002,2002-03-16,precinct,2,2152,393,mismatch,,text
Dedham,2002,2002-03-16,precinct,2,2418,493,mismatch,,text
Dedham,2002,2002-03-16,precinct,3,2213,382,mismatch,,text
Dedham,2002,2002-03-16,precinct,4,2489,718,mismatch,,text
Dedham,2002,2002-03-16,precinct,5,2265,587,mismatch,,text
Dedham,2002,2002-03-16,precinct,6,2309,518,mismatch,,text
Dedham,2002,2002-03-16,precinct,7,2378,640,mismatch,,text
Deerfield,2002,2002-05-06,total,,3519,593,single,"a single undivided town, or no precinct detail printed",text
Dennis,2002,2002-05-14,total,,3094,,mismatch,"precincts sum to 11242 registered, the printed total says 3094",text
Dennis,2002,2002-05-14,precinct,1,2379,763,mismatch,,text
Dennis,2002,2002-05-14,precinct,2,2454,888,mismatch,,text
Dennis,2002,2002-05-14,precinct,3,1989,476,mismatch,,text
Dennis,2002,2002-05-14,precinct,4,2316,575,mismatch,,text
Dennis,2002,2002-05-14,precinct,5,2104,392,mismatch,,text
Dighton,2002,2002-03-04,total,,3945,1333,mismatch,"precincts sum to 38354 registered, the printed total says 3945",text
Dighton,2002,2002-03-04,precinct,1,4200,2,mismatch,,text
Dighton,2002,2002-03-04,precinct,2,2290,1170,mismatch,,text
Dighton,2002,2002-03-04,precinct,3,2290,1194,mismatch,,text
Dighton,2002,2002-03-04,precinct,4,2087,1152,mismatch,,text
Dighton,2002,2002-03-04,precinct,5,2532,1590,mismatch,,text
Dighton,2002,2002-03-04,precinct,6,2053,1214,mismatch,,text
Dighton,2002,2002-03-04,precinct,7,2713,1068,mismatch,,text
Dighton,2002,2002-03-04,precinct,8,2186,1110,mismatch,,text
Dighton,2002,2002-03-04,precinct,9,18003,9284,mismatch,,text
Douglas,2002,2002-05-14,total,,5168,1253,checked,precincts sum to both printed totals,text
Douglas,2002,2002-05-14,precinct,1,2531,569,checked,,text
Douglas,2002,2002-05-14,precinct,2,2637,684,checked,,text
Dover,2002,2002-05-20,total,,3676,1073,single,"a single undivided town, or no precinct detail printed",text
Dracut,2002,2002-05-06,total,,19057,4621,checked,precincts sum to both printed totals,text
Dracut,2002,2002-05-06,precinct,1,2113,492,checked,,text
Dracut,2002,2002-05-06,precinct,2,2067,528,checked,,text
Dracut,2002,2002-05-06,precinct,3,2117,579,checked,,text
Dracut,2002,2002-05-06,precinct,4,2084,404,checked,,text
Dracut,2002,2002-05-06,precinct,5,2058,551,checked,,text
Dracut,2002,2002-05-06,precinct,6,2118,399,checked,,text
Dracut,2002,2002-05-06,precinct,7,95,66,checked,,text
Dracut,2002,2002-05-06,precinct,7,1968,337,checked,,text
Dracut,2002,2002-05-06,precinct,8,2260,648,checked,,text
Dracut,2002,2002-05-06,precinct,9,2177,617,checked,,text
Dudley,2002,2002-05-06,total,,6005,1041,checked,precincts sum to both printed totals,text
Dudley,2002,2002-05-06,precinct,1,1520,299,checked,,text
Dudley,2002,2002-05-06,precinct,2,1388,234,checked,,text
Dudley,2002,2002-05-06,precinct,3,1721,330,checked,,text
Dudley,2002,2002-05-06,precinct,4,1376,178,checked,,text
Dunstable,2002,2002-05-20,total,,1815,678,mismatch,"precincts sum to 200 registered, the printed total says 1815",text
Dunstable,2002,2002-05-20,precinct,1,200,2,mismatch,,text
Duxbury,2002,2002-03-23,total,,9938,1955,mismatch,"precincts sum to 12258 registered, the printed total says 9938",text
Duxbury,2002,2002-03-23,precinct,1,2320,2,mismatch,,text
Duxbury,2002,2002-03-23,precinct,2,1721,353,mismatch,,text
Duxbury,2002,2002-03-23,precinct,2,1995,470,mismatch,,text
Duxbury,2002,2002-03-23,precinct,3,1615,395,mismatch,,text
Duxbury,2002,2002-03-23,precinct,4,1513,308,mismatch,,text
Duxbury,2002,2002-03-23,precinct,5,1498,234,mismatch,,text
Duxbury,2002,2002-03-23,precinct,6,1596,195,mismatch,,text
East Bridgewater,2002,2002-04-06,total,,7467,669,checked,precincts sum to both printed totals,text
East Bridgewater,2002,2002-04-06,precinct,1,1864,172,checked,,text
East Bridgewater,2002,2002-04-06,precinct,2,1875,139,checked,,text
East Bridgewater,2002,2002-04-06,precinct,3,1832,173,checked,,text
East Bridgewater,2002,2002-04-06,precinct,4,1896,185,checked,,text
East Brookfield,2002,2002-05-06,total,,1284,394,single,"a single undivided town, or no precinct detail printed",text
East Longmeadow,2002,2002-04-09,total,,9662,2856,checked,precincts sum to both printed totals,text
East Longmeadow,2002,2002-04-09,precinct,1,2385,798,checked,,text
East Longmeadow,2002,2002-04-09,precinct,2,2315,560,checked,,text
East Longmeadow,2002,2002-04-09,precinct,3,2484,752,checked,,text
East Longmeadow,2002,2002-04-09,precinct,4,2478,746,checked,,text
Eastham,2002,2002-05-21,total,,3990,1216,single,"a single undivided town, or no precinct detail printed",text
Easton,2002,2002-04-23,total,,,,no_total,no TOTALS row was read,text
Easton,2002,2002-04-23,precinct,1,200,2,no_total,,text
Easton,2002,2002-04-23,precinct,2,1701,437,no_total,,text
Easton,2002,2002-04-23,precinct,3,2552,969,no_total,,text
Easton,2002,2002-04-23,precinct,4,2482,514,no_total,,text
Easton,2002,2002-04-23,precinct,5,2370,739,no_total,,text
Easton,2002,2002-04-23,precinct,6,2319,669,no_total,,text
Easton,2002,2002-04-23,precinct,7,2298,589,no_total,,text
Easton,2002,2002-04-23,precinct,8,13722,3917,no_total,,text
Edgartown,2002,2002-04-01,total,,,,no_total,no TOTALS row was read,text
Edgartown,2002,2002-04-01,precinct,1,1200,2,no_total,,text
Edgartown,2002,2002-04-01,precinct,2,2719,501,no_total,,text
Egremont,2002,2002-05-14,total,,,,no_total,no TOTALS row was read,text
Egremont,2002,2002-05-14,precinct,1,902,521,no_total,,text
Erving,2002,2002-05-06,total,,,,no_total,no TOTALS row was read,text
Erving,2002,2002-05-06,precinct,1,990,491,no_total,,text
Essex,2002,2002-05-13,total,,,,no_total,no TOTALS row was read,text
Essex,2002,2002-05-13,precinct,1,2482,537,no_total,,text
Fairhaven,2002,2002-04-01,total,,10180,3516,checked,precincts sum to both printed totals; the TOTALS label was unreadable and was identified by the sum,text
Fairhaven,2002,2002-04-01,precinct,1,1730,644,checked,,text
Fairhaven,2002,2002-04-01,precinct,2,1820,645,checked,,text
Fairhaven,2002,2002-04-01,precinct,3,1577,486,checked,,text
Fairhaven,2002,2002-04-01,precinct,4,1633,515,checked,,text
Fairhaven,2002,2002-04-01,precinct,5,1662,657,checked,,text
Fairhaven,2002,2002-04-01,precinct,6,1758,569,checked,,text
Falmouth,2002,2002-05-21,total,,,,no_total,no TOTALS row was read,text
Falmouth,2002,2002-05-21,precinct,1,200,2,no_total,,text
Falmouth,2002,2002-05-21,precinct,2,2929,1027,no_total,,text
Falmouth,2002,2002-05-21,precinct,3,2708,795,no_total,,text
Falmouth,2002,2002-05-21,precinct,4,2887,820,no_total,,text
Falmouth,2002,2002-05-21,precinct,5,2689,826,no_total,,text
Falmouth,2002,2002-05-21,precinct,6,2985,787,no_total,,text
Falmouth,2002,2002-05-21,precinct,7,2836,786,no_total,,text
Falmouth,2002,2002-05-21,precinct,8,2501,519,no_total,,text
Falmouth,2002,2002-05-21,precinct,9,2581,531,no_total,,text
Falmouth,2002,2002-05-21,precinct,10,2589,554,no_total,,text
Falmouth,2002,2002-05-21,precinct,11,24705,6645,no_total,,text
Foxborough,2002,2002-05-06,total,,9991,2468,checked,precincts sum to both printed totals,text
Foxborough,2002,2002-05-06,precinct,1,1872,391,checked,,text
Foxborough,2002,2002-05-06,precinct,2,2031,453,checked,,text
Foxborough,2002,2002-05-06,precinct,3,1985,547,checked,,text
Foxborough,2002,2002-05-06,precinct,4,2040,553,checked,,text
Foxborough,2002,2002-05-06,precinct,5,2063,524,checked,,text
Framingham,2002,2002-04-02,total,,36807,6490,checked,precincts sum to both printed totals,text
Framingham,2002,2002-04-02,precinct,1,2608,568,checked,,text
Framingham,2002,2002-04-02,precinct,2,2668,590,checked,,text
Framingham,2002,2002-04-02,precinct,3,2321,472,checked,,text
Framingham,2002,2002-04-02,precinct,4,2681,552,checked,,text
Framingham,2002,2002-04-02,precinct,5,2535,519,checked,,text
Framingham,2002,2002-04-02,precinct,6,2525,473,checked,,text
Framingham,2002,2002-04-02,precinct,7,2471,431,checked,,text
Framingham,2002,2002-04-02,precinct,8,1833,386,checked,,text
Framingham,2002,2002-04-02,precinct,9,572,93,checked,,text
Framingham,2002,2002-04-02,precinct,9,1916,237,checked,,text
Framingham,2002,2002-04-02,precinct,10,1926,130,checked,,text
Framingham,2002,2002-04-02,precinct,11,2774,757,checked,,text
Framingham,2002,2002-04-02,precinct,12,1792,260,checked,,text
Framingham,2002,2002-04-02,precinct,13,1890,271,checked,,text
Framingham,2002,2002-04-02,precinct,14,1524,152,checked,,text
Framingham,2002,2002-04-02,precinct,15,1722,287,checked,,text
Framingham,2002,2002-04-02,precinct,16,818,100,checked,,text
Framingham,2002,2002-04-02,precinct,17,905,53,checked,,text
Framingham,2002,2002-04-02,precinct,18,1326,159,checked,,text
Franklin,2002,,total,,,,no_election,the volume states no election was held this year,text
Freetown,2002,2002-03-04,total,,5130,1108,checked,precincts sum to both printed totals,text
Freetown,2002,2002-03-04,precinct,1,1680,272,checked,,text
Freetown,2002,2002-03-04,precinct,2,1658,387,checked,,text
Freetown,2002,2002-03-04,precinct,3,1792,449,checked,,text
Georgetown,2002,2002-05-13,total,,4666,1413,checked,precincts sum to both printed totals,text
Georgetown,2002,2002-05-13,precinct,1,2419,669,checked,,text
Georgetown,2002,2002-05-13,precinct,2,2247,744,checked,,text
Gill,2002,2002-05-20,total,,1028,290,single,"a single undivided town, or no precinct detail printed",text
Goshen,2002,2002-05-04,total,,632,53,single,"a single undivided town, or no precinct detail printed",text
Gosnold,2002,2002-05-20,total,,115,53,single,"a single undivided town, or no precinct detail printed",text
Grafton,2002,2002-05-06,total,,10575,2761,checked,precincts sum to both printed totals,text
Grafton,2002,2002-05-06,precinct,1,2608,570,checked,,text
Grafton,2002,2002-05-06,precinct,2,2828,812,checked,,text
Grafton,2002,2002-05-06,precinct,3,2700,762,checked,,text
Grafton,2002,2002-05-06,precinct,4,2439,617,checked,,text
Granby,2002,2002-05-20,total,,3714,1368,single,"a single undivided town, or no precinct detail printed",text
Granville,2002,2002-04-08,total,,1037,133,single,"a single undivided town, or no precinct detail printed",text
Great Barrington,2002,2002-05-13,total,,4383,1491,checked,precincts sum to both printed totals,text
Great Barrington,2002,2002-05-13,precinct,1,1188,428,checked,,text
Great Barrington,2002,2002-05-13,precinct,B,1165,370,checked,,text
Great Barrington,2002,2002-05-13,precinct,C,910,286,checked,,text
Great Barrington,2002,2002-05-13,precinct,D,1120,407,checked,,text
Greenfield,2002,2002-06-11,total,,10009,4615,mismatch,"precincts sum to 8877 registered, the printed total says 10009",text
Greenfield,2002,2002-06-11,precinct,1,1129,554,mismatch,,text
Greenfield,2002,2002-06-11,precinct,2,1413,748,mismatch,,text
Greenfield,2002,2002-06-11,precinct,3,1038,514,mismatch,,text
Greenfield,2002,2002-06-11,precinct,4,1224,632,mismatch,,text
Greenfield,2002,2002-06-11,precinct,5,5,1137,mismatch,,text
Greenfield,2002,2002-06-11,precinct,6,1052,410,mismatch,,text
Greenfield,2002,2002-06-11,precinct,7,1048,426,mismatch,,text
Greenfield,2002,2002-06-11,precinct,8,1038,324,mismatch,,text
Greenfield,2002,2002-06-11,precinct,9,930,470,mismatch,,text
Groton,2002,2002-05-20,total,,6468,1418,checked,precincts sum to both printed totals,text
Groton,2002,2002-05-20,precinct,1,2105,508,checked,,text
Groton,2002,2002-05-20,precinct,2,2304,383,checked,,text
Groton,2002,2002-05-20,precinct,3,2059,527,checked,,text
Groveland,2002,2002-05-06,total,,4040,1868,single,"a single undivided town, or no precinct detail printed",text
Hadley,2002,2002-04-09,total,,3288,1544,single,"a single undivided town, or no precinct detail printed",text
Halifax,2002,2002-05-18,total,,4485,1034,checked,precincts sum to both printed totals,text
Halifax,2002,2002-05-18,precinct,1,2382,512,checked,,text
Halifax,2002,2002-05-18,precinct,2,2103,522,checked,,text
Hamilton,2002,2002-05-16,total,,4968,2222,voted_only,people who voted sums; registered voters does not,text
Hamilton,2002,2002-05-16,precinct,1,1968,858,voted_only,,text
Hamilton,2002,2002-05-16,precinct,2,1728,840,voted_only,,text
Hamilton,2002,2002-05-16,precinct,3,272,524,voted_only,,text
Hampden,2002,2002-05-06,total,,3185,828,single,"a single undivided town, or no precinct detail printed",text
Hancock,2002,2002-05-13,total,,441,157,single,"a single undivided town, or no precinct detail printed",text
Hanover,2002,2002-05-11,total,,8110,2287,checked,precincts sum to both printed totals,text
Hanover,2002,2002-05-11,precinct,1,2032,607,checked,,text
Hanover,2002,2002-05-11,precinct,2,2081,630,checked,,text
Hanover,2002,2002-05-11,precinct,3,2081,580,checked,,text
Hanover,2002,2002-05-11,precinct,4,1916,470,checked,,text
Hanson,2002,2002-05-18,total,,6259,1867,checked,precincts sum to both printed totals,text
Hanson,2002,2002-05-18,precinct,1,2020,637,checked,,text
Hanson,2002,2002-05-18,precinct,2,2104,657,checked,,text
Hanson,2002,2002-05-18,precinct,3,2135,573,checked,,text
Hardwick,2002,2002-04-08,total,,1661,567,single,"a single undivided town, or no precinct detail printed",text
Harvard,2002,2002-04-09,total,,3597,1005,single,"a single undivided town, or no precinct detail printed",text
Harwich,2002,2002-05-21,total,,9135,2803,checked,precincts sum to both printed totals,text
Harwich,2002,2002-05-21,precinct,1,2468,848,checked,,text
Harwich,2002,2002-05-21,precinct,2,2268,774,checked,,text
Harwich,2002,2002-05-21,precinct,3,2354,625,checked,,text
Harwich,2002,2002-05-21,precinct,4,2045,556,checked,,text
Hatfield,2002,2002-05-21,total,,2385,679,single,"a single undivided town, or no precinct detail printed",text
Hawley,2002,2002-05-06,total,,251,31,single,"a single undivided town, or no precinct detail printed",text
Heath,2002,2002-05-10,total,,500,61,single,"a single undivided town, or no precinct detail printed",text
Hingham,2002,2002-04-27,total,,14578,2979,checked,precincts sum to both printed totals,text
Hingham,2002,2002-04-27,precinct,1,2359,511,checked,,text
Hingham,2002,2002-04-27,precinct,2,2388,451,checked,,text
Hingham,2002,2002-04-27,precinct,3,2492,604,checked,,text
Hingham,2002,2002-04-27,precinct,4,2526,517,checked,,text
Hingham,2002,2002-04-27,precinct,5,2394,475,checked,,text
Hingham,2002,2002-04-27,precinct,6,2419,421,checked,,text
Hinsdale,2002,2002-05-18,total,,1192,210,single,"a single undivided town, or no precinct detail printed",text
Holbrook,2002,2002-04-02,total,,6422,1537,checked,precincts sum to both printed totals,text
Holbrook,2002,2002-04-02,precinct,1,1601,396,checked,,text
Holbrook,2002,2002-04-02,precinct,2,1670,438,checked,,text
Holbrook,2002,2002-04-02,precinct,3,1582,394,checked,,text
Holbrook,2002,2002-04-02,precinct,4,1569,309,checked,,text
Holden,2002,2002-05-13,total,,10766,1989,checked,precincts sum to both printed totals,text
Holden,2002,2002-05-13,precinct,1,2003,319,checked,,text
Holden,2002,2002-05-13,precinct,2,2148,420,checked,,text
Holden,2002,2002-05-13,precinct,3,2239,546,checked,,text
Holden,2002,2002-05-13,precinct,4,2235,331,checked,,text
Holden,2002,2002-05-13,precinct,5,2141,373,checked,,text
Holland,2002,2002-06-10,total,,1394,136,single,"a single undivided town, or no precinct detail printed",text
Holliston,2002,2002-05-21,total,,8146,680,checked,precincts sum to both printed totals,text
Holliston,2002,2002-05-21,precinct,1,2112,161,checked,,text
Holliston,2002,2002-05-21,precinct,2,2130,184,checked,,text
Holliston,2002,2002-05-21,precinct,3,1915,159,checked,,text
Holliston,2002,2002-05-21,precinct,4,1989,176,checked,,text
Hopedale,2002,2002-05-14,total,,4057,368,single,"a single undivided town, or no precinct detail printed",text
Hopkinton,2002,2002-05-20,total,,7967,2325,checked,precincts sum to both printed totals,text
Hopkinton,2002,2002-05-20,precinct,1,2056,632,checked,,text
Hopkinton,2002,2002-05-20,precinct,2,2018,605,checked,,text
Hopkinton,2002,2002-05-20,precinct,3,2027,508,checked,,text
Hopkinton,2002,2002-05-20,precinct,4,1866,580,checked,,text
Hubbardston,2002,2002-05-07,total,,2507,443,single,"a single undivided town, or no precinct detail printed",text
Hudson,2002,2002-05-13,total,,10337,746,checked,precincts sum to both printed totals,text
Hudson,2002,2002-05-13,precinct,1,1668,117,checked,,text
Hudson,2002,2002-05-13,precinct,2,1385,99,checked,,text
Hudson,2002,2002-05-13,precinct,3,1561,121,checked,,text
Hudson,2002,2002-05-13,precinct,4,1597,126,checked,,text
Hudson,2002,2002-05-13,precinct,5,1597,115,checked,,text
Hudson,2002,2002-05-13,precinct,6,1231,92,checked,,text
Hudson,2002,2002-05-13,precinct,7,1298,76,checked,,text
Hull,2002,2002-05-20,total,,7983,2950,checked,precincts sum to both printed totals,text
Hull,2002,2002-05-20,precinct,1,2652,1103,checked,,text
Hull,2002,2002-05-20,precinct,2,2464,854,checked,,text
Hull,2002,2002-05-20,precinct,3,2867,993,checked,,text
Huntington,2002,2002-05-18,total,,1069,186,single,"a single undivided town, or no precinct detail printed",text
Ipswich,2002,2002-04-09,total,,8568,2456,checked,precincts sum to both printed totals,text
Ipswich,2002,2002-04-09,precinct,1,1969,529,checked,,text
Ipswich,2002,2002-04-09,precinct,2,2247,690,checked,,text
Ipswich,2002,2002-04-09,precinct,3,2127,634,checked,,text
Ipswich,2002,2002-04-09,precinct,4,2225,603,checked,,text
Kingston,2002,2002-05-11,total,,7609,1411,checked,precincts sum to both printed totals,text
Kingston,2002,2002-05-11,precinct,1,1905,364,checked,,text
Kingston,2002,2002-05-11,precinct,2,1936,322,checked,,text
Kingston,2002,2002-05-11,precinct,3,1743,263,checked,,text
Kingston,2002,2002-05-11,precinct,4,2025,462,checked,,text
Lakeville,2002,2002-04-01,total,,5922,1273,checked,precincts sum to both printed totals,text
Lakeville,2002,2002-04-01,precinct,1,1897,251,checked,,text
Lakeville,2002,2002-04-01,precinct,2,1969,537,checked,,text
Lakeville,2002,2002-04-01,precinct,3,2056,485,checked,,text
Lancaster,2002,2002-05-13,total,,4049,1220,checked,precincts sum to both printed totals,text
Lancaster,2002,2002-05-13,precinct,1,1599,472,checked,,text
Lancaster,2002,2002-05-13,precinct,2,2450,748,checked,,text
Lanesborough,2002,2002-05-21,total,,1927,573,single,"a single undivided town, or no precinct detail printed",text
Lee,2002,2002-05-13,total,,4026,825,checked,precincts sum to both printed totals,text
Lee,2002,2002-05-13,precinct,1,658,91,checked,,text
Lee,2002,2002-05-13,precinct,2,653,157,checked,,text
Lee,2002,2002-05-13,precinct,3,646,111,checked,,text
Lee,2002,2002-05-13,precinct,4,743,210,checked,,text
Lee,2002,2002-05-13,precinct,5,640,140,checked,,text
Lee,2002,2002-05-13,precinct,6,686,116,checked,,text
Leicester,2002,2002-04-01,total,,6140,598,checked,precincts sum to both printed totals,text
Leicester,2002,2002-04-01,precinct,1,1454,163,checked,,text
Leicester,2002,2002-04-01,precinct,2,1509,115,checked,,text
Leicester,2002,2002-04-01,precinct,3,1521,123,checked,,text
Leicester,2002,2002-04-01,precinct,4,1656,197,checked,,text
Lenox,2002,2002-05-06,total,,3624,226,single,"a single undivided town, or no precinct detail printed",text
Leverett,2002,2002-04-27,total,,1267,222,single,"a single undivided town, or no precinct detail printed",text
Lexington,2002,2002-03-04,total,,,,no_total,no TOTALS row was read,text
Lexington,2002,2002-03-04,precinct,1,2059,552,no_total,,text
Lexington,2002,2002-03-04,precinct,2,2365,684,no_total,,text
Lexington,2002,2002-03-04,precinct,3,2089,516,no_total,,text
Lexington,2002,2002-03-04,precinct,4,2350,678,no_total,,text
Lexington,2002,2002-03-04,precinct,5,2319,600,no_total,,text
Lexington,2002,2002-03-04,precinct,6,2320,765,no_total,,text
Lexington,2002,2002-03-04,precinct,7,2262,660,no_total,,text
Leyden,2002,2002-05-20,total,,,,no_total,no TOTALS row was read,text
Leyden,2002,2002-05-20,precinct,1,572,50,no_total,,text
Lincoln,2002,2002-03-25,total,,3514,1224,checked,precincts sum to both printed totals; the TOTALS label was unreadable and was identified by the sum,text
Lincoln,2002,2002-03-25,precinct,1,1808,698,checked,,text
Lincoln,2002,2002-03-25,precinct,2,1579,525,checked,,text
Lincoln,2002,2002-03-25,precinct,3,127,1,checked,,text
Littleton,2002,2002-05-04,total,,5356,1802,checked,precincts sum to both printed totals; the TOTALS label was unreadable and was identified by the sum,text
Littleton,2002,2002-05-04,precinct,1,1858,639,checked,,text
Littleton,2002,2002-05-04,precinct,2,1817,594,checked,,text
Littleton,2002,2002-05-04,precinct,3,1681,569,checked,,text
Longmeadow,2002,2002-05-21,total,,10908,4500,checked,precincts sum to both printed totals; the TOTALS label was unreadable and was identified by the sum,text
Longmeadow,2002,2002-05-21,precinct,1,2218,937,checked,,text
Longmeadow,2002,2002-05-21,precinct,5,2207,861,checked,,text
Longmeadow,2002,2002-05-21,precinct,B,2117,835,checked,,text
Longmeadow,2002,2002-05-21,precinct,C,2021,836,checked,,text
Longmeadow,2002,2002-05-21,precinct,D,2345,1031,checked,,text
Ludlow,2002,2002-03-25,total,,12153,2319,checked,precincts sum to both printed totals; the TOTALS label was unreadable and was identified by the sum,text
Ludlow,2002,2002-03-25,precinct,1,2043,331,checked,,text
Ludlow,2002,2002-03-25,precinct,2,1921,323,checked,,text
Ludlow,2002,2002-03-25,precinct,3,2301,465,checked,,text
Ludlow,2002,2002-03-25,precinct,4,2229,483,checked,,text
Ludlow,2002,2002-03-25,precinct,5,1188,210,checked,,text
Ludlow,2002,2002-03-25,precinct,6,2471,507,checked,,text
Lunenburg,2002,2002-05-18,total,,6609,2458,checked,precincts sum to both printed totals; the TOTALS label was unreadable and was identified by the sum,text
Lunenburg,2002,2002-05-18,precinct,1,1672,660,checked,,text
Lunenburg,2002,2002-05-18,precinct,B,1658,542,checked,,text
Lunenburg,2002,2002-05-18,precinct,C,1731,702,checked,,text
Lunenburg,2002,2002-05-18,precinct,D,1548,554,checked,,text
Lynnfield,2002,2002-04-08,total,,7767,786,checked,precincts sum to both printed totals; the TOTALS label was unreadable and was identified by the sum,text
Lynnfield,2002,2002-04-08,precinct,1,2035,214,checked,,text
Lynnfield,2002,2002-04-08,precinct,2,1952,185,checked,,text
Lynnfield,2002,2002-04-08,precinct,3,1748,128,checked,,text
Lynnfield,2002,2002-04-08,precinct,4,2032,259,checked,,text
Mansfield,2002,2002-05-14,total,,10496,942,checked,precincts sum to both printed totals; the TOTALS label was unreadable and was identified by the sum,text
Mansfield,2002,2002-05-14,precinct,1,1968,139,checked,,text
Mansfield,2002,2002-05-14,precinct,2,1934,205,checked,,text
Mansfield,2002,2002-05-14,precinct,3,1716,150,checked,,text
Mansfield,2002,2002-05-14,precinct,4,1702,125,checked,,text
Mansfield,2002,2002-05-14,precinct,5,1580,144,checked,,text
Mansfield,2002,2002-05-14,precinct,6,1596,179,checked,,text
Marblehead,2002,2002-05-13,total,,,,no_total,no TOTALS row was read,text
Marblehead,2002,2002-05-13,precinct,1,2014,354,no_total,,text
Marblehead,2002,2002-05-13,precinct,2,1754,248,no_total,,text
Marblehead,2002,2002-05-13,precinct,3,1760,258,no_total,,text
Marion,2002,2002-04-26,total,,3570,1429,single,"a single undivided town, or no precinct detail printed",text
Marshfield,2002,2002-04-27,total,,17329,1493,checked,precincts sum to both printed totals,text
Marshfield,2002,2002-04-27,precinct,1,2672,174,checked,,text
Marshfield,2002,2002-04-27,precinct,2,2627,218,checked,,text
Marshfield,2002,2002-04-27,precinct,3,2323,211,checked,,text
Marshfield,2002,2002-04-27,precinct,4,2205,171,checked,,text
Marshfield,2002,2002-04-27,precinct,5,2433,247,checked,,text
Marshfield,2002,2002-04-27,precinct,6,2602,243,checked,,text
Marshfield,2002,2002-04-27,precinct,7,2467,229,checked,,text
Mashpee,2002,2002-05-11,total,,9050,1089,checked,precincts sum to both printed totals,text
Mashpee,2002,2002-05-11,precinct,1,1779,259,checked,,text
Mashpee,2002,2002-05-11,precinct,2,1879,232,checked,,text
Mashpee,2002,2002-05-11,precinct,3,1567,139,checked,,text
Mashpee,2002,2002-05-11,precinct,4,1766,153,checked,,text
Mashpee,2002,2002-05-11,precinct,5,2059,306,checked,,text
Mattapoisett,2002,2002-04-02,total,,4270,2380,checked,precincts sum to both printed totals,text
Mattapoisett,2002,2002-04-02,precinct,1,2193,1316,checked,,text
Mattapoisett,2002,2002-04-02,precinct,2,2077,1064,checked,,text
Maynard,2002,2002-05-06,total,,6852,2707,checked,precincts sum to both printed totals,text
Maynard,2002,2002-05-06,precinct,1,1671,735,checked,,text
Maynard,2002,2002-05-06,precinct,2,1641,626,checked,,text
Maynard,2002,2002-05-06,precinct,3,1804,738,checked,,text
Maynard,2002,2002-05-06,precinct,4,1736,608,checked,,text
Medfield,2002,2002-03-25,total,,7686,3651,checked,precincts sum to both printed totals,text
Medfield,2002,2002-03-25,precinct,1,1907,840,checked,,text
Medfield,2002,2002-03-25,precinct,2,1866,925,checked,,text
Medfield,2002,2002-03-25,precinct,3,2009,1008,checked,,text
Medfield,2002,2002-03-25,precinct,4,1904,878,checked,,text
Medway,2002,2002-05-06,total,,7565,1015,checked,precincts sum to both printed totals,text
Medway,2002,2002-05-06,precinct,1,1875,199,checked,,text
Medway,2002,2002-05-06,precinct,2,1867,241,checked,,text
Medway,2002,2002-05-06,precinct,3,1873,292,checked,,text
Medway,2002,2002-05-06,precinct,4,1950,283,checked,,text
Mendon,2002,2002-05-06,total,,3524,495,single,"a single undivided town, or no precinct detail printed",text
Merrimac,2002,2002-05-13,total,,3968,1103,single,"a single undivided town, or no precinct detail printed",text
Methuen,2002,,total,,,,no_election,the volume states no election was held this year,text
Middleborough,2002,2002-04-06,total,,,,no_total,no TOTALS row was read,text
Middleborough,2002,2002-04-06,precinct,1,2304,238,no_total,,text
Middleborough,2002,2002-04-06,precinct,2,1907,260,no_total,,text
Middleborough,2002,2002-04-06,precinct,3,2057,257,no_total,,text
Middleborough,2002,2002-04-06,precinct,4,1853,273,no_total,,text
Middlefield,2002,2002-05-04,total,,,,no_total,no TOTALS row was read,text
Middlefield,2002,2002-05-04,precinct,1,360,116,no_total,,text
Middleton,2002,2002-05-20,total,,4188,939,checked,precincts sum to both printed totals; the TOTALS label was unreadable and was identified by the sum,text
Middleton,2002,2002-05-20,precinct,1,2457,594,checked,,text
Middleton,2002,2002-05-20,precinct,2,1731,345,checked,,text
Milford,2002,2002-04-01,total,,14516,3912,checked,precincts sum to both printed totals; the TOTALS label was unreadable and was identified by the sum,text
Milford,2002,2002-04-01,precinct,1,1836,478,checked,,text
Milford,2002,2002-04-01,precinct,2,2014,603,checked,,text
Milford,2002,2002-04-01,precinct,3,1825,418,checked,,text
Milford,2002,2002-04-01,precinct,4,1935,595,checked,,text
Milford,2002,2002-04-01,precinct,5,2398,641,checked,,text
Milford,2002,2002-04-01,precinct,6,2245,661,checked,,text
Milford,2002,2002-04-01,precinct,7,2263,516,checked,,text
Millbury,2002,2002-04-03,total,,,,no_total,no TOTALS row was read,text
Millbury,2002,2002-04-03,precinct,1,200,2,no_total,,text
Millbury,2002,2002-04-03,precinct,2,1939,71,no_total,,text
Millbury,2002,2002-04-03,precinct,3,2256,91,no_total,,text
Millbury,2002,2002-04-03,precinct,4,1987,73,no_total,,text
Millbury,2002,2002-04-03,precinct,5,1997,91,no_total,,text
Millbury,2002,2002-04-03,precinct,6,8179,326,no_total,,text
Millis,2002,2002-05-06,total,,5193,469,checked,precincts sum to both printed totals; the TOTALS label was unreadable and was identified by the sum,text
Millis,2002,2002-05-06,precinct,1,1587,126,checked,,text
Millis,2002,2002-05-06,precinct,2,1766,150,checked,,text
Millis,2002,2002-05-06,precinct,3,1840,193,checked,,text
Millville,2002,2002-04-01,total,,,,no_total,no TOTALS row was read,text
Millville,2002,2002-04-01,precinct,1,1641,744,no_total,,text
Milton,2002,2002-03-26,total,,,,no_total,no TOTALS row was read,text
Milton,2002,2002-03-26,precinct,1,2620,2,no_total,,text
Milton,2002,2002-03-26,precinct,2,1370,288,no_total,,text
Milton,2002,2002-03-26,precinct,3,1642,662,no_total,,text
Milton,2002,2002-03-26,precinct,4,1554,580,no_total,,text
Milton,2002,2002-03-26,precinct,5,1566,590,no_total,,text
Milton,2002,2002-03-26,precinct,6,1111,296,no_total,,text
Milton,2002,2002-03-26,precinct,7,1646,630,no_total,,text
Milton,2002,2002-03-26,precinct,8,1649,542,no_total,,text
Milton,2002,2002-03-26,precinct,9,1715,689,no_total,,text
Milton,2002,2002-03-26,precinct,10,1582,574,no_total,,text
Milton,2002,2002-03-26,precinct,11,1684,598,no_total,,text
Milton,2002,2002-03-26,precinct,12,1619,417,no_total,,text
Milton,2002,2002-03-26,precinct,13,17138,5866,no_total,,text
Monroe,2002,2002-05-06,total,,,,no_total,no TOTALS row was read,text
Monroe,2002,2002-05-06,precinct,1,59,22,no_total,,text
Monson,2002,2002-04-01,total,,5052,258,checked,precincts sum to both printed totals; the TOTALS label was unreadable and was identified by the sum,text
Monson,2002,2002-04-01,precinct,1,1577,62,checked,,text
Monson,2002,2002-04-01,precinct,B,1726,92,checked,,text
Monson,2002,2002-04-01,precinct,C,1749,104,checked,,text
Montague,2002,2002-05-20,total,,,,no_total,no TOTALS row was read,text
Montague,2002,2002-05-20,precinct,1,1031,244,no_total,,text
Montague,2002,2002-05-20,precinct,2,771,148,no_total,,text
Montague,2002,2002-05-20,precinct,3,898,253,no_total,,text
Montague,2002,2002-05-20,precinct,4,768,198,no_total,,text
Monterey,2002,2002-05-04,total,,598,160,single,"a single undivided town, or no precinct detail printed",text
Montgomery,2002,2002-05-06,total,,529,75,single,"a single undivided town, or no precinct detail printed",text
Mount Washington,2002,2002-05-14,total,,92,31,mismatch,"precincts sum to 200 registered, the printed total says 92",text
Mount Washington,2002,2002-05-14,precinct,1,200,2,mismatch,,text
Nahant,2002,2002-04-02,total,,2499,1212,mismatch,"precincts sum to 7200 registered, the printed total says 2499",text
Nahant,2002,2002-04-02,precinct,1,7200,2,mismatch,,text
Nantucket,2002,2002-04-02,total,,7288,3214,single,"a single undivided town, or no precinct detail printed",text
Natick,2002,2002-03-26,total,,20270,4313,mismatch,"precincts sum to 22890 registered, the printed total says 20270",text
Natick,2002,2002-03-26,precinct,1,2620,2,mismatch,,text
Natick,2002,2002-03-26,precinct,2,1885,103,mismatch,,text
Natick,2002,2002-03-26,precinct,2,2033,441,mismatch,,text
Natick,2002,2002-03-26,precinct,3,2020,459,mismatch,,text
Natick,2002,2002-03-26,precinct,4,1843,404,mismatch,,text
Natick,2002,2002-03-26,precinct,5,2011,425,mismatch,,text
Natick,2002,2002-03-26,precinct,6,2059,418,mismatch,,text
Natick,2002,2002-03-26,precinct,7,2141,489,mismatch,,text
Natick,2002,2002-03-26,precinct,8,2018,459,mismatch,,text
Natick,2002,2002-03-26,precinct,9,1993,504,mismatch,,text
Natick,2002,2002-03-26,precinct,10,2267,611,mismatch,,text
Needham,2002,2002-04-08,total,,18390,2553,checked,precincts sum to both printed totals,text
Needham,2002,2002-04-08,precinct,1,1739,158,checked,,text
Needham,2002,2002-04-08,precinct,B,1821,235,checked,,text
Needham,2002,2002-04-08,precinct,C,1649,205,checked,,text
Needham,2002,2002-04-08,precinct,D,1779,205,checked,,text
Needham,2002,2002-04-08,precinct,E,1898,277,checked,,text
Needham,2002,2002-04-08,precinct,F,2021,289,checked,,text
Needham,2002,2002-04-08,precinct,G,1855,285,checked,,text
Needham,2002,2002-04-08,precinct,H,1947,266,checked,,text
Needham,2002,2002-04-08,precinct,I,1940,390,checked,,text
Needham,2002,2002-04-08,precinct,J,1741,243,checked,,text
New Braintree,2002,2002-05-06,total,,578,87,single,"a single undivided town, or no precinct detail printed",text
New Marlborough,2002,2002-05-13,total,,963,648,mismatch,"precincts sum to 200 registered, the printed total says 963",text
New Marlborough,2002,2002-05-13,precinct,1,200,2,mismatch,,text
New Salem,2002,2002-05-06,total,,614,136,single,"a single undivided town, or no precinct detail printed",text
Newbury,2002,2002-05-14,total,,4777,2014,checked,precincts sum to both printed totals,text
Newbury,2002,2002-05-14,precinct,1,2577,1168,checked,,text
Newbury,2002,2002-05-14,precinct,2,2200,846,checked,,text
Norfolk,2002,2002-05-07,total,,5465,277,checked,precincts sum to both printed totals,text
Norfolk,2002,2002-05-07,precinct,1,1714,100,checked,,text
Norfolk,2002,2002-05-07,precinct,2,1588,90,checked,,text
Norfolk,2002,2002-05-07,precinct,3,1593,55,checked,,text
Norfolk,2002,2002-05-07,precinct,4,570,32,checked,,text
North,2002,2002-03-05,total,,,,no_total,no TOTALS row was read,text
North,2002,2002-03-05,precinct,1,2261,496,no_total,,text
North,2002,2002-03-05,precinct,2,2249,693,no_total,,text
North,2002,2002-03-05,precinct,3,2287,536,no_total,,text
North,2002,2002-03-05,precinct,4,2462,668,no_total,,text
North,2002,2002-03-05,precinct,5,1421,237,no_total,,text
North,2002,2002-03-05,precinct,6,2304,706,no_total,,text
North,2002,2002-03-05,precinct,7,2182,550,no_total,,text
North,2002,2002-03-05,precinct,8,2252,607,no_total,,text
North,2002,2002-03-05,precinct,9,17418,4493,no_total,,text
North,2002,2002-03-05,precinct,10,2643,881,no_total,,text
North,2002,2002-03-05,precinct,11,2286,1523,no_total,,text
North,2002,2002-03-05,precinct,12,2000,1199,no_total,,text
North,2002,2002-03-05,precinct,13,1970,1203,no_total,,text
North,2002,2002-03-05,precinct,14,2287,1472,no_total,,text
North,2002,2002-03-05,precinct,15,8543,5397,no_total,,text
North A,2002,2002-04-01,total,,17391,4881,checked,precincts sum to both printed totals; the TOTALS label was unreadable and was identified by the sum,text
North A,2002,2002-04-01,precinct,1,1652,317,checked,,text
North A,2002,2002-04-01,precinct,2,1857,551,checked,,text
North A,2002,2002-04-01,precinct,3,2149,726,checked,,text
North A,2002,2002-04-01,precinct,4,1837,314,checked,,text
North A,2002,2002-04-01,precinct,5,1781,435,checked,,text
North A,2002,2002-04-01,precinct,6,1937,638,checked,,text
North A,2002,2002-04-01,precinct,7,2089,634,checked,,text
North A,2002,2002-04-01,precinct,8,2174,746,checked,,text
North A,2002,2002-04-01,precinct,9,1915,520,checked,,text
Northb,2002,2002-05-13,total,,8930,3337,checked,precincts sum to both printed totals; the TOTALS label was unreadable and was identified by the sum,text
Northb,2002,2002-05-13,precinct,1,2243,868,checked,,text
Northb,2002,2002-05-13,precinct,2,2164,727,checked,,text
Northb,2002,2002-05-13,precinct,3,2240,829,checked,,text
Northb,2002,2002-05-13,precinct,4,2283,913,checked,,text
Northbridge,2002,2002-05-02,total,,8323,1413,checked,precincts sum to both printed totals; the TOTALS label was unreadable and was identified by the sum,text
Northbridge,2002,2002-05-02,precinct,1,2405,393,checked,,text
Northbridge,2002,2002-05-02,precinct,2,2157,433,checked,,text
Northbridge,2002,2002-05-02,precinct,3,1685,258,checked,,text
Northbridge,2002,2002-05-02,precinct,4,2076,329,checked,,text
Northf,2002,2002-05-07,total,,,,no_total,no TOTALS row was read,text
Northf,2002,2002-05-07,precinct,1,1820,175,no_total,,text
Norton,2002,2002-04-29,total,,9618,1771,checked,precincts sum to both printed totals,text
Norton,2002,2002-04-29,precinct,1,2135,423,checked,,text
Norton,2002,2002-04-29,precinct,2,2139,401,checked,,text
Norton,2002,2002-04-29,precinct,3,2019,341,checked,,text
Norton,2002,2002-04-29,precinct,4,2034,332,checked,,text
Norton,2002,2002-04-29,precinct,5,1291,274,checked,,text
Norwell,2002,2002-03-16,total,,6532,1583,checked,precincts sum to both printed totals; the TOTALS label was unreadable and was identified by the sum,text
Norwell,2002,2002-03-16,precinct,1,2151,310,checked,,text
Norwell,2002,2002-03-16,precinct,2,2205,600,checked,,text
Norwell,2002,2002-03-16,precinct,3,2176,673,checked,,text
Norwood,2002,2002-04-01,total,,16424,5049,checked,precincts sum to both printed totals,text
Norwood,2002,2002-04-01,precinct,1,1952,605,checked,,text
Norwood,2002,2002-04-01,precinct,2,1762,593,checked,,text
Norwood,2002,2002-04-01,precinct,3,1819,612,checked,,text
Norwood,2002,2002-04-01,precinct,4,2117,807,checked,,text
Norwood,2002,2002-04-01,precinct,5,1171,237,checked,,text
Norwood,2002,2002-04-01,precinct,6,1692,432,checked,,text
Norwood,2002,2002-04-01,precinct,7,1967,581,checked,,text
Norwood,2002,2002-04-01,precinct,8,1850,523,checked,,text
Norwood,2002,2002-04-01,precinct,9,2094,659,checked,,text
Oak Bluffs,2002,2002-04-11,total,,3078,1385,single,"a single undivided town, or no precinct detail printed",text
Oakham,2002,2002-05-20,total,,1073,140,single,"a single undivided town, or no precinct detail printed",text
Orange,2002,2002-03-04,total,,4037,651,checked,precincts sum to both printed totals,text
Orange,2002,2002-03-04,precinct,1,1920,296,checked,,text
Orange,2002,2002-03-04,precinct,2,2117,355,checked,,text
Orleans,2002,2002-05-21,total,,5500,409,checked,precincts sum to both printed totals,text
Orleans,2002,2002-05-21,precinct,1,2800,225,checked,,text
Orleans,2002,2002-05-21,precinct,2,2700,184,checked,,text
Otis,2002,2002-05-28,total,,896,240,single,"a single undivided town, or no precinct detail printed",text
Oxford,2002,2002-05-21,total,,8113,1998,checked,precincts sum to both printed totals,text
Oxford,2002,2002-05-21,precinct,1,2061,512,checked,,text
Oxford,2002,2002-05-21,precinct,2,1974,392,checked,,text
Oxford,2002,2002-05-21,precinct,3,2085,522,checked,,text
Oxford,2002,2002-05-21,precinct,4,1993,572,checked,,text
Palmer,2002,2002-04-16,total,,7183,1985,checked,precincts sum to both printed totals,text
Palmer,2002,2002-04-16,precinct,1,1849,553,checked,,text
Palmer,2002,2002-04-16,precinct,2,1874,471,checked,,text
Palmer,2002,2002-04-16,precinct,3,1673,449,checked,,text
Palmer,2002,2002-04-16,precinct,4,1787,512,checked,,text
Paxton,2002,2002-05-13,total,,2726,932,single,"a single undivided town, or no precinct detail printed",text
Pelham,2002,2002-05-04,total,,986,280,single,"a single undivided town, or no precinct detail printed",text
Pembroke,2002,2002-04-27,total,,10040,1057,checked,precincts sum to both printed totals,text
Pembroke,2002,2002-04-27,precinct,1,2061,206,checked,,text
Pembroke,2002,2002-04-27,precinct,2,1921,223,checked,,text
Pembroke,2002,2002-04-27,precinct,3,2128,216,checked,,text
Pembroke,2002,2002-04-27,precinct,4,2040,246,checked,,text
Pembroke,2002,2002-04-27,precinct,5,1890,166,checked,,text
Pepperell,2002,2002-04-22,total,,7209,1262,checked,precincts sum to both printed totals,text
Pepperell,2002,2002-04-22,precinct,1,2431,466,checked,,text
Pepperell,2002,2002-04-22,precinct,2,2424,386,checked,,text
Pepperell,2002,2002-04-22,precinct,3,2354,410,checked,,text
Peru,2002,2002-06-01,total,,470,28,single,"a single undivided town, or no precinct detail printed",text
Petersham,2002,2002-03-04,total,,806,145,single,"a single undivided town, or no precinct detail printed",text
Plymouth,2002,2002-04-01,total,,4902,1581,checked,precincts sum to both printed totals; the TOTALS label was unreadable and was identified by the sum,text
Plymouth,2002,2002-04-01,precinct,1,2346,669,checked,,text
Plymouth,2002,2002-04-01,precinct,2,2556,912,checked,,text
Rehoboth,2002,2002-04-01,total,,6417,1494,checked,precincts sum to both printed totals,text
Rehoboth,2002,2002-04-01,precinct,1,2153,466,checked,,text
Rehoboth,2002,2002-04-01,precinct,2,2262,558,checked,,text
Rehoboth,2002,2002-04-01,precinct,3,2002,470,checked,,text
Richmond,2002,2002-05-25,total,,1160,212,single,"a single undivided town, or no precinct detail printed",text
Rochester,2002,2002-04-10,total,,3324,1154,single,"a single undivided town, or no precinct detail printed",text
Rockland,2002,2002-04-13,total,,9968,2643,checked,precincts sum to both printed totals,text
Rockland,2002,2002-04-13,precinct,1,1739,445,checked,,text
Rockland,2002,2002-04-13,precinct,2,1925,594,checked,,text
Rockland,2002,2002-04-13,precinct,3,1417,368,checked,,text
Rockland,2002,2002-04-13,precinct,4,1508,340,checked,,text
Rockland,2002,2002-04-13,precinct,5,1779,558,checked,,text
Rockland,2002,2002-04-13,precinct,6,1600,338,checked,,text
Rockport,2002,2002-04-16,total,,5290,2120,checked,precincts sum to both printed totals,text
Rockport,2002,2002-04-16,precinct,1,1282,609,checked,,text
Rockport,2002,2002-04-16,precinct,2,1840,695,checked,,text
Rockport,2002,2002-04-16,precinct,3,2168,816,checked,,text
Rowe,2002,2002-05-18,total,,276,195,single,"a single undivided town, or no precinct detail printed",text
Rowley,2002,2002-05-14,total,,3569,1051,single,"a single undivided town, or no precinct detail printed",text
Royalston,2002,2002-04-01,total,,782,131,checked,precincts sum to both printed totals,text
Royalston,2002,2002-04-01,precinct,1,399,98,checked,,text
Royalston,2002,2002-04-01,precinct,2,383,33,checked,,text
Russell,2002,2002-05-06,total,,917,202,single,"a single undivided town, or no precinct detail printed",text
Rutland,2002,2002-05-13,total,,3837,653,checked,precincts sum to both printed totals,text
Rutland,2002,2002-05-13,precinct,1,1903,337,checked,,text
Rutland,2002,2002-05-13,precinct,2,1934,316,checked,,text
Salisbury,2002,2002-05-14,total,,4748,2029,checked,precincts sum to both printed totals,text
Salisbury,2002,2002-05-14,precinct,1,2427,1057,checked,,text
Salisbury,2002,2002-05-14,precinct,2,2321,972,checked,,text
Sandisfield,2002,2002-05-20,total,,474,206,single,"a single undivided town, or no precinct detail printed",text
Sandwich,2002,2002-05-09,total,,13351,2894,checked,precincts sum to both printed totals,text
Sandwich,2002,2002-05-09,precinct,1,2130,580,checked,,text
Sandwich,2002,2002-05-09,precinct,2,2162,542,checked,,text
Sandwich,2002,2002-05-09,precinct,3,1989,460,checked,,text
Sandwich,2002,2002-05-09,precinct,4,1898,310,checked,,text
Sandwich,2002,2002-05-09,precinct,5,1847,352,checked,,text
Sandwich,2002,2002-05-09,precinct,6,1662,367,checked,,text
Sandwich,2002,2002-05-09,precinct,7,1663,283,checked,,text
Saugus,2002,,total,,,,no_election,the volume states no election was held this year,text
Savoy,2002,2002-05-14,total,,450,60,single,"a single undivided town, or no precinct detail printed",text
Scituate,2002,2002-03-03,total,,12717,5952,checked,precincts sum to both printed totals,text
Scituate,2002,2002-03-03,precinct,1,2162,1081,checked,,text
Scituate,2002,2002-03-03,precinct,2,2099,1030,checked,,text
Scituate,2002,2002-03-03,precinct,3,2060,932,checked,,text
Scituate,2002,2002-03-03,precinct,4,2311,943,checked,,text
Scituate,2002,2002-03-03,precinct,5,1965,1038,checked,,text
Scituate,2002,2002-03-03,precinct,6,2120,928,checked,,text
Seekonk,2002,2002-04-01,total,,8700,1606,checked,precincts sum to both printed totals,text
Seekonk,2002,2002-04-01,precinct,1,2199,389,checked,,text
Seekonk,2002,2002-04-01,precinct,2,2175,519,checked,,text
Seekonk,2002,2002-04-01,precinct,3,2215,367,checked,,text
Seekonk,2002,2002-04-01,precinct,4,2111,331,checked,,text
Sharon,2002,2002-05-07,total,,12070,5978,checked,precincts sum to both printed totals,text
Sharon,2002,2002-05-07,precinct,1,2456,1183,checked,,text
Sharon,2002,2002-05-07,precinct,2,2402,1292,checked,,text
Sharon,2002,2002-05-07,precinct,3,2473,1314,checked,,text
Sharon,2002,2002-05-07,precinct,4,2243,1053,checked,,text
Sharon,2002,2002-05-07,precinct,5,2496,1136,checked,,text
Sheffield,2002,2002-05-13,total,,2109,480,single,"a single undivided town, or no precinct detail printed",text
Shelburne,2002,2002-06-10,total,,1361,72,single,"a single undivided town, or no precinct detail printed",text
Sherbom,2002,2002-05-14,total,,2957,1272,single,"a single undivided town, or no precinct detail printed",text
Shirley,2002,2002-05-14,total,,3398,643,single,"a single undivided town, or no precinct detail printed",text
Shrewsbury,2002,2002-05-06,total,,,,no_total,no TOTALS row was read,text
Shrewsbury,2002,2002-05-06,precinct,1,2319,,no_total,,text
Shrewsbury,2002,2002-05-06,precinct,2,2,,no_total,,text
Shrewsbury,2002,2002-05-06,precinct,3,3,,no_total,,text
Shrewsbury,2002,2002-05-06,precinct,5,5,,no_total,,text
Shrewsbury,2002,2002-05-06,precinct,6,6,,no_total,,text
Shrewsbury,2002,2002-05-06,precinct,7,7,,no_total,,text
Shutesbury,2002,2002-05-04,total,,1255,,single,"a single undivided town, or no precinct detail printed",text
Somerset,2002,2002-05-13,total,,11993,,reg_only,registered voters sum; people who voted does not,text
Somerset,2002,2002-05-13,precinct,1,2300,,reg_only,,text
Somerset,2002,2002-05-13,precinct,2,2595,,reg_only,,text
Somerset,2002,2002-05-13,precinct,3,2514,,reg_only,,text
Somerset,2002,2002-05-13,precinct,4,2311,,reg_only,,text
Somerset,2002,2002-05-13,precinct,5,2273,,reg_only,,text
South Hadley,2002,2002-04-01,total,,10093,,reg_only,registered voters sum; people who voted does not,text
South Hadley,2002,2002-04-01,precinct,1,1898,,reg_only,,text
South Hadley,2002,2002-04-01,precinct,B,2181,,reg_only,,text
South Hadley,2002,2002-04-01,precinct,C,2191,,reg_only,,text
South Hadley,2002,2002-04-01,precinct,D,1548,,reg_only,,text
South Hadley,2002,2002-04-01,precinct,E,2275,,reg_only,,text
Sturbridge,2002,2002-04-08,total,,5148,421,checked,precincts sum to both printed totals; the TOTALS label was unreadable and was identified by the sum,ocr
Sturbridge,2002,2002-04-08,precinct,1,2552,183,checked,,ocr
Sturbridge,2002,2002-04-08,precinct,2,2596,238,checked,,ocr
Sudbury,2002,2002-03-25,total,,10401,4734,checked,precincts sum to both printed totals,text
Sudbury,2002,2002-03-25,precinct,1,2236,1062,checked,,text
Sudbury,2002,2002-03-25,precinct,2,2045,908,checked,,text
Sudbury,2002,2002-03-25,precinct,3,2080,868,checked,,text
Sudbury,2002,2002-03-25,precinct,4,1979,875,checked,,text
Sudbury,2002,2002-03-25,precinct,5,2061,1021,checked,,text
Sunderland,2002,2002-05-04,total,,2073,361,single,"a single undivided town, or no precinct detail printed",text
Sutton,2002,2002-05-28,total,,5051,2165,checked,precincts sum to both printed totals; the TOTALS label was unreadable and was identified by the sum,text
Sutton,2002,2002-05-28,precinct,1,1784,742,checked,,text
Sutton,2002,2002-05-28,precinct,2,1692,694,checked,,text
Sutton,2002,2002-05-28,precinct,3,1575,729,checked,,text
Swampscott,2002,2002-04-30,total,,9696,3235,checked,precincts sum to both printed totals; the TOTALS label was unreadable and was identified by the sum,text
Swampscott,2002,2002-04-30,precinct,1,1776,459,checked,,text
Swampscott,2002,2002-04-30,precinct,2,1363,451,checked,,text
Swampscott,2002,2002-04-30,precinct,3,1626,492,checked,,text
Swampscott,2002,2002-04-30,precinct,4,1635,640,checked,,text
Swampscott,2002,2002-04-30,precinct,5,1588,545,checked,,text
Swampscott,2002,2002-04-30,precinct,6,1708,648,checked,,text
Swansea,2002,2002-04-08,total,,10756,5081,checked,precincts sum to both printed totals,text
Swansea,2002,2002-04-08,precinct,1,2211,1027,checked,,text
Swansea,2002,2002-04-08,precinct,2,2144,1045,checked,,text
Swansea,2002,2002-04-08,precinct,3,2054,1021,checked,,text
Swansea,2002,2002-04-08,precinct,4,2108,984,checked,,text
Swansea,2002,2002-04-08,precinct,5,2239,1004,checked,,text
Templeton,2002,2002-05-06,total,,4283,770,checked,precincts sum to both printed totals; the TOTALS label was unreadable and was identified by the sum,text
Templeton,2002,2002-05-06,precinct,1,2314,391,checked,,text
Templeton,2002,2002-05-06,precinct,B,1969,379,checked,,text
Tewksbury,2002,2002-04-06,total,,16261,4225,checked,precincts sum to both printed totals; the TOTALS label was unreadable and was identified by the sum,text
Tewksbury,2002,2002-04-06,precinct,1,1900,464,checked,,text
Tewksbury,2002,2002-04-06,precinct,2,2025,519,checked,,text
Tewksbury,2002,2002-04-06,precinct,3,1962,410,checked,,text
Tewksbury,2002,2002-04-06,precinct,4,1949,483,checked,,text
Tewksbury,2002,2002-04-06,precinct,5,2310,602,checked,,text
Tewksbury,2002,2002-04-06,precinct,6,2143,683,checked,,text
Tewksbury,2002,2002-04-06,precinct,7,1876,470,checked,,text
Tewksbury,2002,2002-04-06,precinct,8,2096,594,checked,,text
Tisbury,2002,2002-05-07,total,,,,no_total,no TOTALS row was read,text
Tisbury,2002,2002-05-07,precinct,1,2484,812,no_total,,text
Tolland,2002,2002-04-13,total,,,,no_total,no TOTALS row was read,text
Tolland,2002,2002-04-13,precinct,1,267,48,no_total,,text
Topsfield,2002,2002-05-09,total,,,,no_total,no TOTALS row was read,text
Topsfield,2002,2002-05-09,precinct,1,3944,1669,no_total,,text
Townsend,2002,2002-04-22,total,,5257,1042,checked,precincts sum to both printed totals; the TOTALS label was unreadable and was identified by the sum,text
Townsend,2002,2002-04-22,precinct,1,1770,375,checked,,text
Townsend,2002,2002-04-22,precinct,2,1791,413,checked,,text
Townsend,2002,2002-04-22,precinct,3,1696,254,checked,,text
Truro,2002,2002-05-14,total,,,,no_total,no TOTALS row was read,text
Truro,2002,2002-05-14,precinct,1,1622,481,no_total,,text
Tyngsborough,2002,2002-05-14,total,,6445,2536,checked,precincts sum to both printed totals,text
Tyngsborough,2002,2002-05-14,precinct,1,1577,638,checked,,text
Tyngsborough,2002,2002-05-14,precinct,2,1598,552,checked,,text
Tyngsborough,2002,2002-05-14,precinct,3,1551,564,checked,,text
Tyngsborough,2002,2002-05-14,precinct,4,1719,782,checked,,text
Tyringham,2002,2002-05-20,total,,261,44,single,"a single undivided town, or no precinct detail printed",text
UNKNOWN,2002,2002-05-14,total,,,,no_total,no TOTALS row was read,ocr
UNKNOWN,2002,2002-05-14,precinct,1,1098,371,no_total,,ocr
UNKNOWN,2002,2002-05-14,precinct,2,2574,599,no_total,,ocr
UNKNOWN,2002,2002-05-14,precinct,2,1374,646,no_total,,ocr
UNKNOWN,2002,2002-05-14,precinct,3,1917,613,no_total,,ocr
UNKNOWN,2002,2002-05-14,precinct,4,1972,669,no_total,,ocr
UNKNOWN,2002,2002-05-14,precinct,5,1988,708,no_total,,ocr
UNKNOWN,2002,2002-05-14,precinct,5,1784,1080,no_total,,ocr
UNKNOWN,2002,2002-05-14,precinct,6,8451,2589,no_total,,ocr
UNKNOWN,2002,2002-05-14,precinct,6,1759,997,no_total,,ocr
UNKNOWN,2002,2002-05-14,precinct,7,1060,472,no_total,,ocr
UNKNOWN,2002,2002-05-14,precinct,8,1824,508,no_total,,ocr
UNKNOWN,2002,2002-05-14,precinct,9,2386,607,no_total,,ocr
UNKNOWN,2002,2002-05-14,precinct,10,11529,3002,no_total,,ocr
UNKNOWN,2002,2002-05-14,precinct,11,2062,609,no_total,,ocr
UNKNOWN,2002,2002-05-14,precinct,12,2010,378,no_total,,ocr
UNKNOWN,2002,2002-05-14,precinct,13,4072,987,no_total,,ocr
UNKNOWN,2002,2002-05-14,precinct,14,3570,1047,no_total,,ocr
UNKNOWN,2002,2002-05-14,precinct,15,942,238,no_total,,ocr
UNKNOWN,2002,2002-05-14,precinct,16,399,68,no_total,,ocr
UNKNOWN,2002,2002-05-14,precinct,17,2072,740,no_total,,ocr
UNKNOWN,2002,2002-05-14,precinct,18,2680,918,no_total,,ocr
UNKNOWN,2002,2002-05-14,precinct,19,2194,741,no_total,,ocr
UNKNOWN,2002,2002-05-14,precinct,20,2424,1072,no_total,,ocr
UNKNOWN,2002,2002-05-14,precinct,21,2436,977,no_total,,ocr
UNKNOWN,2002,2002-05-14,precinct,22,2453,905,no_total,,ocr
UNKNOWN,2002,2002-05-14,precinct,23,2273,789,no_total,,ocr
UNKNOWN,2002,2002-05-14,precinct,24,2242,673,no_total,,ocr
UNKNOWN,2002,2002-05-14,precinct,25,2050,575,no_total,,ocr
UNKNOWN,2002,2002-05-14,precinct,26,1797,655,no_total,,ocr
UNKNOWN,2002,2002-05-14,precinct,27,2771,949,no_total,,ocr
UNKNOWN,2002,2002-05-14,precinct,28,2326,890,no_total,,ocr
UNKNOWN,2002,2002-05-14,precinct,29,2459,881,no_total,,ocr
UNKNOWN,2002,2002-05-14,precinct,30,2596,915,no_total,,ocr
UNKNOWN,2002,2002-05-14,precinct,31,32773,11680,no_total,,ocr
UNKNOWN,2002,2002-05-14,precinct,32,1873,652,no_total,,ocr
UNKNOWN,2002,2002-05-14,precinct,33,2412,395,no_total,,ocr
UNKNOWN,2002,2002-05-14,precinct,34,3106,1261,no_total,,ocr
UNKNOWN,2002,2002-05-14,precinct,35,2105,642,no_total,,ocr
UNKNOWN,2002,2002-05-14,precinct,36,1935,509,no_total,,ocr
UNKNOWN,2002,2002-05-14,precinct,37,2073,678,no_total,,ocr
UNKNOWN,2002,2002-05-14,precinct,38,2063,638,no_total,,ocr
UNKNOWN,2002,2002-05-14,precinct,39,2043,600,no_total,,ocr
UNKNOWN,2002,2002-05-14,precinct,40,2145,793,no_total,,ocr
UNKNOWN,2002,2002-05-14,precinct,41,7,661,no_total,,ocr
UNKNOWN,2002,2002-05-14,precinct,42,2209,790,no_total,,ocr
UNKNOWN,2002,2002-05-14,precinct,43,16701,5311,no_total,,ocr
UNKNOWN,2002,2002-05-14,precinct,44,2458,565,no_total,,ocr
UNKNOWN,2002,2002-05-14,precinct,45,2462,422,no_total,,ocr
UNKNOWN,2002,2002-05-14,precinct,46,2094,336,no_total,,ocr
UNKNOWN,2002,2002-05-14,precinct,47,7014,1323,no_total,,ocr
UNKNOWN,2002,2002-05-14,precinct,48,2061,915,no_total,,ocr
UNKNOWN,2002,2002-05-14,precinct,49,2018,616,no_total,,ocr
UNKNOWN,2002,2002-05-14,precinct,50,2012,517,no_total,,ocr
UNKNOWN,2002,2002-05-14,precinct,51,2124,936,no_total,,ocr
UNKNOWN,2002,2002-05-14,precinct,52,1993,653,no_total,,ocr
UNKNOWN,2002,2002-05-14,precinct,53,2022,862,no_total,,ocr
UNKNOWN,2002,2002-05-14,precinct,54,1969,891,no_total,,ocr
UNKNOWN,2002,2002-05-14,precinct,55,1930,864,no_total,,ocr
UNKNOWN,2002,2002-05-14,precinct,56,16129,6254,no_total,,ocr
UNKNOWN,2002,2002-05-14,precinct,57,3799,894,no_total,,ocr
UNKNOWN,2002,2002-05-14,precinct,58,2088,566,no_total,,ocr
UNKNOWN,2002,2002-05-14,precinct,59,1902,470,no_total,,ocr
UNKNOWN,2002,2002-05-14,precinct,60,1889,558,no_total,,ocr
UNKNOWN,2002,2002-05-14,precinct,61,5879,1594,no_total,,ocr
UNKNOWN,2002,2002-05-14,precinct,62,1913,488,no_total,,ocr
UNKNOWN,2002,2002-05-14,precinct,63,2457,902,no_total,,ocr
UNKNOWN,2002,2002-05-14,precinct,64,1933,223,no_total,,ocr
UNKNOWN,2002,2002-05-14,precinct,65,10301,2691,no_total,,ocr
UNKNOWN,2002,2002-05-14,precinct,66,1885,266,no_total,,ocr
UNKNOWN,2002,2002-05-14,precinct,67,1735,207,no_total,,ocr
UNKNOWN,2002,2002-05-14,precinct,68,5023,659,no_total,,ocr
UNKNOWN,2002,2002-05-14,precinct,69,2050,392,no_total,,ocr
UNKNOWN,2002,2002-05-14,precinct,70,1814,291,no_total,,ocr
UNKNOWN,2002,2002-05-14,precinct,71,1880,379,no_total,,ocr
UNKNOWN,2002,2002-05-14,precinct,72,1861,315,no_total,,ocr
UNKNOWN,2002,2002-05-14,precinct,73,7605,1377,no_total,,ocr
UNKNOWN,2002,2002-05-14,precinct,74,2345,649,no_total,,ocr
UNKNOWN,2002,2002-05-14,precinct,75,2452,527,no_total,,ocr
UNKNOWN,2002,2002-05-14,precinct,76,4797,1176,no_total,,ocr
UNKNOWN,2002,2002-05-14,precinct,77,2002,,no_total,,ocr
UNKNOWN,2002,2002-05-14,precinct,78,1569,380,no_total,,ocr
UNKNOWN,2002,2002-05-14,precinct,79,1872,317,no_total,,ocr
UNKNOWN,2002,2002-05-14,precinct,80,2110,291,no_total,,ocr
UNKNOWN,2002,2002-05-14,precinct,81,1895,252,no_total,,ocr
UNKNOWN,2002,2002-05-14,precinct,82,2089,444,no_total,,ocr
UNKNOWN,2002,2002-05-14,precinct,83,1970,304,no_total,,ocr
UNKNOWN,2002,2002-05-14,precinct,84,1813,413,no_total,,ocr
UNKNOWN,2002,2002-05-14,precinct,85,13619,2359,no_total,,ocr
UNKNOWN,2002,2002-05-14,precinct,86,4060,1385,no_total,,ocr
UNKNOWN,2002,2002-05-14,precinct,87,1602,817,no_total,,ocr
UNKNOWN,2002,2002-05-14,precinct,88,1668,708,no_total,,ocr
UNKNOWN,2002,2002-05-14,precinct,89,758,221,no_total,,ocr
UNKNOWN,2002,2002-05-14,precinct,90,1832,782,no_total,,ocr
UNKNOWN,2002,2002-05-14,precinct,91,4258,1711,no_total,,ocr
UNKNOWN,2002,2002-05-14,precinct,92,200,2,no_total,,ocr
UNKNOWN,2002,2002-05-14,precinct,93,2164,461,no_total,,ocr
UNKNOWN,2002,2002-05-14,precinct,94,2282,538,no_total,,ocr
UNKNOWN,2002,2002-05-14,precinct,95,2326,647,no_total,,ocr
UNKNOWN,2002,2002-05-14,precinct,96,2355,752,no_total,,ocr
UNKNOWN,2002,2002-05-14,precinct,97,2423,626,no_total,,ocr
UNKNOWN,2002,2002-05-14,precinct,98,2219,552,no_total,,ocr
UNKNOWN,2002,2002-05-14,precinct,99,13769,3576,no_total,,ocr
UNKNOWN,2002,2002-05-14,precinct,100,1779,275,no_total,,ocr
UNKNOWN,2002,2002-05-14,precinct,101,1953,246,no_total,,ocr
UNKNOWN,2002,2002-05-14,precinct,102,1908,291,no_total,,ocr
UNKNOWN,2002,2002-05-14,precinct,103,5640,812,no_total,,ocr
UNKNOWN,2002,2002-05-14,precinct,104,2620,2,no_total,,ocr
UNKNOWN,2002,2002-05-14,precinct,105,1717,1033,no_total,,ocr
UNKNOWN,2002,2002-05-14,precinct,107,1741,1117,no_total,,ocr
UNKNOWN,2002,2002-05-14,precinct,108,1791,1193,no_total,,ocr
UNKNOWN,2002,2002-05-14,precinct,111,1773,1140,no_total,,ocr
UNKNOWN,2002,2002-05-14,precinct,112,1535,712,no_total,,ocr
UNKNOWN,2002,2002-05-14,precinct,113,13474,7918,no_total,,ocr
Upton,2002,2002-05-06,total,,4507,1381,single,"a single undivided town, or no precinct detail printed",text
Uxbridge,2002,2002-04-09,total,,7830,2698,checked,precincts sum to both printed totals,text
Uxbridge,2002,2002-04-09,precinct,1,1759,683,checked,,text
Uxbridge,2002,2002-04-09,precinct,2,2365,783,checked,,text
Uxbridge,2002,2002-04-09,precinct,3,1892,558,checked,,text
Uxbridge,2002,2002-04-09,precinct,4,1814,674,checked,,text
VETS veescsseeeeeeee May,2002,2002-05-07,total,,,,no_total,no TOTALS row was read,ocr
VETS veescsseeeeeeee May,2002,2002-05-07,precinct,1,1930,434,no_total,,ocr
VETS veescsseeeeeeee May,2002,2002-05-07,precinct,2,2026,449,no_total,,ocr
VETS veescsseeeeeeee May,2002,2002-05-07,precinct,3,1991,495,no_total,,ocr
VETS veescsseeeeeeee May,2002,2002-05-07,precinct,4,1965,590,no_total,,ocr
VETS veescsseeeeeeee May,2002,2002-05-07,precinct,5,2016,531,no_total,,ocr
VETS veescsseeeeeeee May,2002,2002-05-07,precinct,6,2016,460,no_total,,ocr
VETS veescsseeeeeeee May,2002,2002-05-07,precinct,7,1856,406,no_total,,ocr
VETS veescsseeeeeeee May,2002,2002-05-07,precinct,8,15595,3820,no_total,,ocr
WAY wesceesseeseeee April,2002,2002-04-11,total,,,,no_total,no TOTALS row was read,ocr
WAY wesceesseeseeee April,2002,2002-04-11,precinct,1,1382,241,no_total,,ocr
Wakefield,2002,2002-04-23,total,,16021,4314,reg_only,registered voters sum; people who voted does not,text
Wakefield,2002,2002-04-23,precinct,1,2398,671,reg_only,,text
Wakefield,2002,2002-04-23,precinct,2,2037,502,reg_only,,text
Wakefield,2002,2002-04-23,precinct,3,2248,541,reg_only,,text
Wakefield,2002,2002-04-23,precinct,4,2302,600,reg_only,,text
Wakefield,2002,2002-04-23,precinct,5,2192,,reg_only,,text
Wakefield,2002,2002-04-23,precinct,6,2356,686,reg_only,,text
Wakefield,2002,2002-04-23,precinct,7,2488,786,reg_only,,text
Wales,2002,2002-05-28,total,,1004,144,single,"a single undivided town, or no precinct detail printed",text
Walpole,2002,2002-06-01,total,,14758,5697,mismatch,"precincts sum to 9786 registered, the printed total says 14758",text
Walpole,2002,2002-06-01,precinct,1,1848,612,mismatch,,text
Walpole,2002,2002-06-01,precinct,2,2,1909,mismatch,,text
Walpole,2002,2002-06-01,precinct,3,851,,mismatch,,text
Walpole,2002,2002-06-01,precinct,5,1318,460,mismatch,,text
Walpole,2002,2002-06-01,precinct,5,1995,640,mismatch,,text
Walpole,2002,2002-06-01,precinct,7,1933,870,mismatch,,text
Walpole,2002,2002-06-01,precinct,7,1839,761,mismatch,,text
Ware,2002,2002-04-08,total,,6319,1517,checked,precincts sum to both printed totals,text
Ware,2002,2002-04-08,precinct,1,1941,538,checked,,text
Ware,2002,2002-04-08,precinct,B,2114,464,checked,,text
Ware,2002,2002-04-08,precinct,C,2264,515,checked,,text
Wareham,2002,2002-04-02,total,,13182,1588,checked,precincts sum to both printed totals,text
Wareham,2002,2002-04-02,precinct,1,2231,250,checked,,text
Wareham,2002,2002-04-02,precinct,2,2448,247,checked,,text
Wareham,2002,2002-04-02,precinct,3,2240,399,checked,,text
Wareham,2002,2002-04-02,precinct,4,2165,239,checked,,text
Wareham,2002,2002-04-02,precinct,5,2231,287,checked,,text
Wareham,2002,2002-04-02,precinct,6,1867,166,checked,,text
Warren,2002,2002-05-07,total,,2559,1316,checked,precincts sum to both printed totals,text
Warren,2002,2002-05-07,precinct,1,1866,916,checked,,text
Warren,2002,2002-05-07,precinct,B,693,400,checked,,text
Warwick,2002,2002-03-11,total,,492,86,single,"a single undivided town, or no precinct detail printed",text
Washington,2002,2002-05-18,total,,393,183,single,"a single undivided town, or no precinct detail printed",text
Watertown,2002,,total,,,,no_election,the volume states no election was held this year,text
Wayland,2002,2002-04-23,total,,,,no_total,no TOTALS row was read,text
Wayland,2002,2002-04-23,precinct,1,2044,624,no_total,,text
Wayland,2002,2002-04-23,precinct,2,2112,569,no_total,,text
Wayland,2002,2002-04-23,precinct,3,2021,496,no_total,,text
Webster,2002,2002-05-06,total,,9471,2793,mismatch,"precincts sum to 2578 registered, the printed total says 9471",text
Webster,2002,2002-05-06,precinct,1,627,,mismatch,,text
Webster,2002,2002-05-06,precinct,2,1951,,mismatch,,text
Wellesley,2002,2002-03-05,total,,15254,2151,mismatch,"precincts sum to 12859 registered, the printed total says 15254",text
Wellesley,2002,2002-03-05,precinct,1,2585,387,mismatch,,text
Wellesley,2002,2002-03-05,precinct,C,2463,301,mismatch,,text
Wellesley,2002,2002-03-05,precinct,D,2160,308,mismatch,,text
Wellesley,2002,2002-03-05,precinct,E,2340,345,mismatch,,text
Wellesley,2002,2002-03-05,precinct,F,1942,258,mismatch,,text
Wellesley,2002,2002-03-05,precinct,G,1369,133,mismatch,,text
Wellfleet,2002,2002-04-29,total,,2439,193,single,"a single undivided town, or no precinct detail printed",text
Wenham,2002,2002-05-04,total,,2359,267,single,"a single undivided town, or no precinct detail printed",text
West Boylston,2002,2002-04-02,total,,4185,1266,checked,precincts sum to both printed totals,text
West Boylston,2002,2002-04-02,precinct,1,1832,510,checked,,text
West Boylston,2002,2002-04-02,precinct,2,2353,756,checked,,text
West Bridgewater,2002,2002-04-13,total,,4295,662,checked,precincts sum to both printed totals,text
West Bridgewater,2002,2002-04-13,precinct,1,2245,345,checked,,text
West Bridgewater,2002,2002-04-13,precinct,2,2050,317,checked,,text
West Brookfield,2002,2002-05-07,total,,2361,427,single,"a single undivided town, or no precinct detail printed",text
West Springfield,2002,2002-04-01,total,,16470,5786,checked,precincts sum to both printed totals,text
West Springfield,2002,2002-04-01,precinct,1,1521,234,checked,,text
West Springfield,2002,2002-04-01,precinct,2,1675,347,checked,,text
West Springfield,2002,2002-04-01,precinct,3,2136,738,checked,,text
West Springfield,2002,2002-04-01,precinct,4,2023,772,checked,,text
West Springfield,2002,2002-04-01,precinct,5,2379,1190,checked,,text
West Springfield,2002,2002-04-01,precinct,6,2412,1083,checked,,text
West Springfield,2002,2002-04-01,precinct,7,2553,1074,checked,,text
West Springfield,2002,2002-04-01,precinct,8,1771,348,checked,,text
West Stockbridge,2002,2002-05-13,total,,1059,348,single,"a single undivided town, or no precinct detail printed",text
West Tisbury,2002,2002-04-11,total,,1847,914,single,"a single undivided town, or no precinct detail printed",text
Westborough,2002,2002-03-05,total,,,,no_total,no TOTALS row was read,text
Westborough,2002,2002-03-05,precinct,1,1807,,no_total,,text
Westborough,2002,2002-03-05,precinct,2,2,,no_total,,text
Westborough,2002,2002-03-05,precinct,3,3,,no_total,,text
Westborough,2002,2002-03-05,precinct,4,4,,no_total,,text
Westborough,2002,2002-03-05,precinct,5,5,,no_total,,text
Westford,2002,2002-05-07,total,,,,no_total,no TOTALS row was read,text
Westford,2002,2002-05-07,precinct,2,2,,no_total,,text
Westford,2002,2002-05-07,precinct,3,3,,no_total,,text
Westford,2002,2002-05-07,precinct,4,4,,no_total,,text
Westford,2002,2002-05-07,precinct,5,5,,no_total,,text
Westford,2002,2002-05-07,precinct,6,6,,no_total,,text
Westhampton,2002,2002-06-01,total,,1067,,single,"a single undivided town, or no precinct detail printed",text
Westminster,2002,2002-04-30,total,,4781,,mismatch,"precincts sum to 2405 registered, the printed total says 4781",text
Westminster,2002,2002-04-30,precinct,1,2403,,mismatch,,text
Westminster,2002,2002-04-30,precinct,2,2,2378,mismatch,,text
Weston,2002,2002-05-11,total,,7606,,reg_only,registered voters sum; people who voted does not,text
Weston,2002,2002-05-11,precinct,1,3897,,reg_only,,text
Weston,2002,2002-05-11,precinct,2,3709,,reg_only,,text
Westport,2002,2002-03-11,total,,9887,,reg_only,registered voters sum; people who voted does not,text
Westport,2002,2002-03-11,precinct,1,1904,,reg_only,,text
Westport,2002,2002-03-11,precinct,B,2231,,reg_only,,text
Westport,2002,2002-03-11,precinct,C,1812,,reg_only,,text
Westport,2002,2002-03-11,precinct,D,1815,,reg_only,,text
Westport,2002,2002-03-11,precinct,E,2125,,reg_only,,text
Westwood,2002,2002-04-29,total,,9000,,mismatch,"precincts sum to 2227 registered, the printed total says 9000",text
Westwood,2002,2002-04-29,precinct,1,2218,,mismatch,,text
Westwood,2002,2002-04-29,precinct,2,2,2251,mismatch,,text
Westwood,2002,2002-04-29,precinct,3,3,2377,mismatch,,text
Westwood,2002,2002-04-29,precinct,4,4,2154,mismatch,,text
Weymouth,2002,,total,,,,no_election,the volume states no election was held this year,text
Whately,2002,2002-05-21,total,,1058,,single,"a single undivided town, or no precinct detail printed",text
Whitman,2002,2002-05-18,total,,,,no_total,no TOTALS row was read,text
Whitman,2002,2002-05-18,precinct,2,2,,no_total,,text
Whitman,2002,2002-05-18,precinct,3,3,,no_total,,text
Whitman,2002,2002-05-18,precinct,4,4,,no_total,,text
Windsor,2002,2002-05-13,total,,580,231,single,"a single undivided town, or no precinct detail printed",text
Winthrop,2002,2002-05-06,total,,11677,2710,checked,precincts sum to both printed totals,text
Winthrop,2002,2002-05-06,precinct,1,1920,481,checked,,text
Winthrop,2002,2002-05-06,precinct,2,2006,551,checked,,text
Winthrop,2002,2002-05-06,precinct,3,1892,402,checked,,text
Winthrop,2002,2002-05-06,precinct,4,1900,367,checked,,text
Winthrop,2002,2002-05-06,precinct,5,2032,627,checked,,text
Winthrop,2002,2002-05-06,precinct,6,1927,282,checked,,text
Worthington,2002,2002-05-04,total,,863,232,single,"a single undivided town, or no precinct detail printed",text
Wrentham,2002,2002-04-01,total,,6721,2140,checked,precincts sum to both printed totals,text
Wrentham,2002,2002-04-01,precinct,1,2179,696,checked,,text
Wrentham,2002,2002-04-01,precinct,2,2530,770,checked,,text
Wrentham,2002,2002-04-01,precinct,3,2012,674,checked,,text
Yarmouth,2002,2002-05-06,total,,16529,2458,checked,precincts sum to both printed totals,text
Yarmouth,2002,2002-05-06,precinct,1,2419,436,checked,,text
Yarmouth,2002,2002-05-06,precinct,2,2636,481,checked,,text
Yarmouth,2002,2002-05-06,precinct,3,1954,297,checked,,text
Yarmouth,2002,2002-05-06,precinct,4,2443,341,checked,,text
Yarmouth,2002,2002-05-06,precinct,5,2291,303,checked,,text
Yarmouth,2002,2002-05-06,precinct,6,2082,234,checked,,text
Yarmouth,2002,2002-05-06,precinct,7,2704,366,checked,,text
Abington,2004,2004-04-01,total,,9566,1868,mismatch,"precincts sum to 9766 registered, the printed total says 9566",text
Abington,2004,2004-04-01,precinct,1,200,4,mismatch,,text
Abington,2004,2004-04-01,precinct,2,2382,426,mismatch,,text
Abington,2004,2004-04-01,precinct,2,2215,480,mismatch,,text
Abington,2004,2004-04-01,precinct,3,2362,495,mismatch,,text
Abington,2004,2004-04-01,precinct,4,2607,467,mismatch,,text
Acton,2004,2004-03-30,total,,11937,404,mismatch,"precincts sum to 14957 registered, the printed total says 11937",text
Acton,2004,2004-03-30,precinct,1,3020,4,mismatch,,text
Acton,2004,2004-03-30,precinct,2,1872,56,mismatch,,text
Acton,2004,2004-03-30,precinct,2,1996,51,mismatch,,text
Acton,2004,2004-03-30,precinct,3,2253,106,mismatch,,text
Acton,2004,2004-03-30,precinct,4,1982,59,mismatch,,text
Acton,2004,2004-03-30,precinct,5,1963,62,mismatch,,text
Acton,2004,2004-03-30,precinct,6,1871,70,mismatch,,text
Acushnet,2004,2004-04-05,total,,7196,2225,checked,precincts sum to both printed totals,text
Acushnet,2004,2004-04-05,precinct,1,2173,684,checked,,text
Acushnet,2004,2004-04-05,precinct,2,2548,855,checked,,text
Acushnet,2004,2004-04-05,precinct,3,2475,686,checked,,text
Adams,2004,2004-05-03,total,,5642,1069,checked,precincts sum to both printed totals,text
Adams,2004,2004-05-03,precinct,1,1061,187,checked,,text
Adams,2004,2004-05-03,precinct,2,1125,239,checked,,text
Adams,2004,2004-05-03,precinct,3,1196,224,checked,,text
Adams,2004,2004-05-03,precinct,4,1059,181,checked,,text
Adams,2004,2004-05-03,precinct,5,1201,238,checked,,text
Agawam,2004,,total,,,,no_election,the volume states no election was held this year,text
Alford,2004,2004-05-18,total,,335,116,single,"a single undivided town, or no precinct detail printed",text
Amesbury,2004,,total,,,,no_election,the volume states no election was held this year,text
Amherst,2004,2004-03-30,total,,16204,4587,mismatch,"precincts sum to 19224 registered, the printed total says 16204",text
Amherst,2004,2004-03-30,precinct,1,3020,4,mismatch,,text
Amherst,2004,2004-03-30,precinct,2,1682,284,mismatch,,text
Amherst,2004,2004-03-30,precinct,2,1848,661,mismatch,,text
Amherst,2004,2004-03-30,precinct,3,866,233,mismatch,,text
Amherst,2004,2004-03-30,precinct,4,1664,436,mismatch,,text
Amherst,2004,2004-03-30,precinct,5,1511,362,mismatch,,text
Amherst,2004,2004-03-30,precinct,6,2106,668,mismatch,,text
Amherst,2004,2004-03-30,precinct,7,1804,334,mismatch,,text
Amherst,2004,2004-03-30,precinct,8,2518,1186,mismatch,,text
Amherst,2004,2004-03-30,precinct,9,1624,417,mismatch,,text
Amherst,2004,2004-03-30,precinct,10,581,6,mismatch,,text
Andover,2004,2004-03-23,total,,21020,3337,mismatch,"precincts sum to 43069 registered, the printed total says 21020",text
Andover,2004,2004-03-23,precinct,1,2320,4,mismatch,,text
Andover,2004,2004-03-23,precinct,2,2330,376,mismatch,,text
Andover,2004,2004-03-23,precinct,2,2320,311,mismatch,,text
Andover,2004,2004-03-23,precinct,2,2119,429,mismatch,,text
Andover,2004,2004-03-23,precinct,3,2422,383,mismatch,,text
Andover,2004,2004-03-23,precinct,3,2161,260,mismatch,,text
Andover,2004,2004-03-23,precinct,4,2118,333,mismatch,,text
Andover,2004,2004-03-23,precinct,4,2316,360,mismatch,,text
Andover,2004,2004-03-23,precinct,5,2304,346,mismatch,,text
Andover,2004,2004-03-23,precinct,5,1266,109,mismatch,,text
Andover,2004,2004-03-23,precinct,6,2288,333,mismatch,,text
Andover,2004,2004-03-23,precinct,6,2288,340,mismatch,,text
Andover,2004,2004-03-23,precinct,7,2405,355,mismatch,,text
Andover,2004,2004-03-23,precinct,7,2210,252,mismatch,,text
Andover,2004,2004-03-23,precinct,8,2475,461,mismatch,,text
Andover,2004,2004-03-23,precinct,8,2243,241,mismatch,,text
Andover,2004,2004-03-23,precinct,9,2358,439,mismatch,,text
Andover,2004,2004-03-23,precinct,11,3020,4,mismatch,,text
Andover,2004,2004-03-23,precinct,12,2106,296,mismatch,,text
Aquinnah,2004,2004-05-12,total,,368,210,mismatch,"precincts sum to 200 registered, the printed total says 368",text
Aquinnah,2004,2004-05-12,precinct,1,200,4,mismatch,,text
Arlington,2004,2004-04-03,total,,28209,3423,checked,precincts sum to both printed totals,text
Arlington,2004,2004-04-03,precinct,1,993,126,checked,,text
Arlington,2004,2004-04-03,precinct,2,1354,161,checked,,text
Arlington,2004,2004-04-03,precinct,3,1336,135,checked,,text
Arlington,2004,2004-04-03,precinct,4,1218,72,checked,,text
Arlington,2004,2004-04-03,precinct,5,1223,93,checked,,text
Arlington,2004,2004-04-03,precinct,6,1403,100,checked,,text
Arlington,2004,2004-04-03,precinct,7,1227,106,checked,,text
Arlington,2004,2004-04-03,precinct,8,1425,225,checked,,text
Arlington,2004,2004-04-03,precinct,9,1444,211,checked,,text
Arlington,2004,2004-04-03,precinct,10,1447,193,checked,,text
Arlington,2004,2004-04-03,precinct,11,1382,233,checked,,text
Arlington,2004,2004-04-03,precinct,12,1503,340,checked,,text
Arlington,2004,2004-04-03,precinct,13,1446,253,checked,,text
Arlington,2004,2004-04-03,precinct,14,1361,138,checked,,text
Arlington,2004,2004-04-03,precinct,15,1466,235,checked,,text
Arlington,2004,2004-04-03,precinct,16,1342,165,checked,,text
Arlington,2004,2004-04-03,precinct,17,1069,89,checked,,text
Arlington,2004,2004-04-03,precinct,18,1414,140,checked,,text
Arlington,2004,2004-04-03,precinct,19,1478,153,checked,,text
Arlington,2004,2004-04-03,precinct,20,1363,154,checked,,text
Arlington,2004,2004-04-03,precinct,21,1315,101,checked,,text
Ashby,2004,2004-04-27,total,,,,no_total,no TOTALS row was read,text
Ashby,2004,2004-04-27,precinct,1,2720,4,no_total,,text
Ashby,2004,2004-04-27,precinct,2,3665,671,no_total,,text
Ashfield,2004,2004-04-26,total,,,,no_total,no TOTALS row was read,text
Ashfield,2004,2004-04-26,precinct,1,2620,4,no_total,,text
Ashfield,2004,2004-04-26,precinct,2,1882,566,no_total,,text
Ashland,2004,2004-05-01,total,,,,no_total,no TOTALS row was read,text
Ashland,2004,2004-05-01,precinct,1,200,4,no_total,,text
Ashland,2004,2004-05-01,precinct,2,1256,226,no_total,,text
Ashland,2004,2004-05-01,precinct,3,200,4,no_total,,text
Ashland,2004,2004-05-01,precinct,4,2413,644,no_total,,text
Ashland,2004,2004-05-01,precinct,5,2375,737,no_total,,text
Ashland,2004,2004-05-01,precinct,6,2214,588,no_total,,text
Ashland,2004,2004-05-01,precinct,7,2612,403,no_total,,text
Ashland,2004,2004-05-01,precinct,8,9614,2372,no_total,,text
Athol,2004,2004-04-05,total,,,,no_total,no TOTALS row was read,text
Athol,2004,2004-04-05,precinct,1,5200,4,no_total,,text
Athol,2004,2004-04-05,precinct,2,2290,74,no_total,,text
Athol,2004,2004-04-05,precinct,3,2143,71,no_total,,text
Athol,2004,2004-04-05,precinct,4,2061,65,no_total,,text
Athol,2004,2004-04-05,precinct,5,6494,210,no_total,,text
Auburn,2004,2004-05-02,total,,,,no_total,no TOTALS row was read,text
Auburn,2004,2004-05-02,precinct,1,20,4,no_total,,text
Auburn,2004,2004-05-02,precinct,2,2289,608,no_total,,text
Auburn,2004,2004-05-02,precinct,3,2187,498,no_total,,text
Auburn,2004,2004-05-02,precinct,4,2259,499,no_total,,text
Auburn,2004,2004-05-02,precinct,5,2180,437,no_total,,text
Auburn,2004,2004-05-02,precinct,6,2165,479,no_total,,text
Auburn,2004,2004-05-02,precinct,7,11080,2521,no_total,,text
Avon,2004,2004-04-12,total,,,,no_total,no TOTALS row was read,text
Avon,2004,2004-04-12,precinct,1,1220,4,no_total,,text
Avon,2004,2004-04-12,precinct,2,2651,1061,no_total,,text
Ayer,2004,2004-04-26,total,,,,no_total,no TOTALS row was read,text
Ayer,2004,2004-04-26,precinct,1,262,4,no_total,,text
Ayer,2004,2004-04-26,precinct,2,2181,544,no_total,,text
Ayer,2004,2004-04-26,precinct,3,1937,338,no_total,,text
Ayer,2004,2004-04-26,precinct,4,4118,882,no_total,,text
Barnst,2004,,total,,,,no_election,the volume states no election was held this year,text
Barre,2004,2004-04-05,total,,,,no_total,no TOTALS row was read,text
Barre,2004,2004-04-05,precinct,1,5200,4,no_total,,text
Barre,2004,2004-04-05,precinct,2,1724,547,no_total,,text
Barre,2004,2004-04-05,precinct,3,1528,453,no_total,,text
Barre,2004,2004-04-05,precinct,4,3252,1000,no_total,,text
Becket,2004,2004-05-01,total,,,,no_total,no TOTALS row was read,text
Becket,2004,2004-05-01,precinct,1,520,4,no_total,,text
Becket,2004,2004-05-01,precinct,2,1088,181,no_total,,text
Bedford,2004,2004-03-13,total,,8477,2586,mismatch,"precincts sum to 9797 registered, the printed total says 8477",text
Bedford,2004,2004-03-13,precinct,1,1320,4,mismatch,,text
Bedford,2004,2004-03-13,precinct,2,2145,794,mismatch,,text
Bedford,2004,2004-03-13,precinct,3,1920,402,mismatch,,text
Bedford,2004,2004-03-13,precinct,4,2377,754,mismatch,,text
Bedford,2004,2004-03-13,precinct,5,2035,636,mismatch,,text
Belchertown,2004,2004-05-17,total,,8526,1231,checked,precincts sum to both printed totals,text
Belchertown,2004,2004-05-17,precinct,1,2031,257,checked,,text
Belchertown,2004,2004-05-17,precinct,B,2172,266,checked,,text
Belchertown,2004,2004-05-17,precinct,C,2364,472,checked,,text
Belchertown,2004,2004-05-17,precinct,D,1959,236,checked,,text
Bellingham,2004,2004-05-04,total,,9200,1584,checked,precincts sum to both printed totals,text
Bellingham,2004,2004-05-04,precinct,1,1802,232,checked,,text
Bellingham,2004,2004-05-04,precinct,2,1761,273,checked,,text
Bellingham,2004,2004-05-04,precinct,3,1853,287,checked,,text
Bellingham,2004,2004-05-04,precinct,4,1991,360,checked,,text
Bellingham,2004,2004-05-04,precinct,5,1793,432,checked,,text
Belmont,2004,2004-04-05,total,,15909,4837,checked,precincts sum to both printed totals; the TOTALS label was unreadable and was identified by the sum,text
Belmont,2004,2004-04-05,precinct,1,1987,698,checked,,text
Belmont,2004,2004-04-05,precinct,2,2174,743,checked,,text
Belmont,2004,2004-04-05,precinct,3,1784,557,checked,,text
Belmont,2004,2004-04-05,precinct,4,1827,451,checked,,text
Belmont,2004,2004-04-05,precinct,5,1941,512,checked,,text
Belmont,2004,2004-04-05,precinct,6,2010,641,checked,,text
Belmont,2004,2004-04-05,precinct,7,1978,414,checked,,text
Belmont,2004,2004-04-05,precinct,8,2208,821,checked,,text
Bemardston,2004,2004-05-20,total,,,,no_total,no TOTALS row was read,text
Bemardston,2004,2004-05-20,precinct,1,1476,370,no_total,,text
Berkley,2004,2004-05-08,total,,,,no_total,no TOTALS row was read,text
Berkley,2004,2004-05-08,precinct,1,3519,1054,no_total,,text
Berlin,2004,2004-05-10,total,,,,no_total,no TOTALS row was read,text
Berlin,2004,2004-05-10,precinct,1,1823,507,no_total,,text
Billerica,2004,2004-04-03,total,,22639,4547,checked,precincts sum to both printed totals; the TOTALS label was unreadable and was identified by the sum,text
Billerica,2004,2004-04-03,precinct,1,2154,424,checked,,text
Billerica,2004,2004-04-03,precinct,2,2069,500,checked,,text
Billerica,2004,2004-04-03,precinct,3,2094,393,checked,,text
Billerica,2004,2004-04-03,precinct,4,2034,337,checked,,text
Billerica,2004,2004-04-03,precinct,5,2288,472,checked,,text
Billerica,2004,2004-04-03,precinct,6,1645,386,checked,,text
Billerica,2004,2004-04-03,precinct,7,1910,386,checked,,text
Billerica,2004,2004-04-03,precinct,8,2265,440,checked,,text
Billerica,2004,2004-04-03,precinct,9,2083,364,checked,,text
Billerica,2004,2004-04-03,precinct,10,2127,446,checked,,text
Billerica,2004,2004-04-03,precinct,11,1970,399,checked,,text
Blackstone,2004,2004-04-05,total,,5436,1194,checked,precincts sum to both printed totals; the TOTALS label was unreadable and was identified by the sum,text
Blackstone,2004,2004-04-05,precinct,1,1711,389,checked,,text
Blackstone,2004,2004-04-05,precinct,2,1810,387,checked,,text
Blackstone,2004,2004-04-05,precinct,3,1915,418,checked,,text
Blandford,2004,2004-05-08,total,,,,no_total,no TOTALS row was read,text
Blandford,2004,2004-05-08,precinct,1,834,232,no_total,,text
Bolton,2004,2004-05-10,total,,,,no_total,no TOTALS row was read,text
Bolton,2004,2004-05-10,precinct,1,200,4,no_total,,text
Bolton,2004,2004-05-10,precinct,2,2830,598,no_total,,text
Bourne,2004,2004-04-07,total,,10715,2372,checked,precincts sum to both printed totals,text
Bourne,2004,2004-04-07,precinct,1,1702,358,checked,,text
Bourne,2004,2004-04-07,precinct,2,1897,301,checked,,text
Bourne,2004,2004-04-07,precinct,3,1576,349,checked,,text
Bourne,2004,2004-04-07,precinct,4,1940,386,checked,,text
Bourne,2004,2004-04-07,precinct,5,2120,568,checked,,text
Bourne,2004,2004-04-07,precinct,6,1480,410,checked,,text
Boxborough,2004,2004-05-17,total,,2972,274,single,"a single undivided town, or no precinct detail printed",text
Boxford,2004,2004-05-18,total,,5227,742,checked,precincts sum to both printed totals,text
Boxford,2004,2004-05-18,precinct,1,1640,204,checked,,text
Boxford,2004,2004-05-18,precinct,2,1871,285,checked,,text
Boxford,2004,2004-05-18,precinct,3,1716,253,checked,,text
Boylston,2004,2004-05-10,total,,2716,953,single,"a single undivided town, or no precinct detail printed",text
Braintree,2004,2004-04-06,total,,23275,7666,checked,precincts sum to both printed totals,text
Braintree,2004,2004-04-06,precinct,1,2024,648,checked,,text
Braintree,2004,2004-04-06,precinct,2,1975,713,checked,,text
Braintree,2004,2004-04-06,precinct,3,2005,704,checked,,text
Braintree,2004,2004-04-06,precinct,4,1923,642,checked,,text
Braintree,2004,2004-04-06,precinct,5,1997,761,checked,,text
Braintree,2004,2004-04-06,precinct,6,1755,554,checked,,text
Braintree,2004,2004-04-06,precinct,7,1890,536,checked,,text
Braintree,2004,2004-04-06,precinct,8,1666,433,checked,,text
Braintree,2004,2004-04-06,precinct,9,2047,599,checked,,text
Braintree,2004,2004-04-06,precinct,10,1956,631,checked,,text
Braintree,2004,2004-04-06,precinct,11,2101,677,checked,,text
Braintree,2004,2004-04-06,precinct,12,1936,768,checked,,text
Brewster,2004,2004-05-18,total,,8025,2075,mismatch,"precincts sum to 26225 registered, the printed total says 8025",text
Brewster,2004,2004-05-18,precinct,1,18200,4,mismatch,,text
Brewster,2004,2004-05-18,precinct,2,2672,757,mismatch,,text
Brewster,2004,2004-05-18,precinct,2,2794,816,mismatch,,text
Brewster,2004,2004-05-18,precinct,3,2559,502,mismatch,,text
Bridgewater,2004,2004-04-24,total,,13712,3467,mismatch,"precincts sum to 37912 registered, the printed total says 13712",text
Bridgewater,2004,2004-04-24,precinct,1,24200,4,mismatch,,text
Bridgewater,2004,2004-04-24,precinct,2,2564,722,mismatch,,text
Bridgewater,2004,2004-04-24,precinct,2,2478,742,mismatch,,text
Bridgewater,2004,2004-04-24,precinct,3,2426,612,mismatch,,text
Bridgewater,2004,2004-04-24,precinct,4,760,189,mismatch,,text
Bridgewater,2004,2004-04-24,precinct,5,1158,300,mismatch,,text
Bridgewater,2004,2004-04-24,precinct,6,2011,321,mismatch,,text
Bridgewater,2004,2004-04-24,precinct,7,2315,581,mismatch,,text
Brimfield,2004,2004-06-07,total,,2244,197,single,"a single undivided town, or no precinct detail printed",text
Brookfield,2004,2004-05-03,total,,2112,220,single,"a single undivided town, or no precinct detail printed",text
Brookline,2004,2004-05-04,total,,,,no_total,no TOTALS row was read,text
Brookline,2004,2004-05-04,precinct,1,1942,,no_total,,text
Buckland,2004,2004-05-03,total,,,,no_total,no TOTALS row was read,text
Buckland,2004,2004-05-03,precinct,1,1228,130,no_total,,text
Burlington,2004,2004-04-03,total,,13900,4418,checked,precincts sum to both printed totals; the TOTALS label was unreadable and was identified by the sum,text
Burlington,2004,2004-04-03,precinct,1,2605,860,checked,,text
Burlington,2004,2004-04-03,precinct,2,1903,430,checked,,text
Burlington,2004,2004-04-03,precinct,3,2498,748,checked,,text
Burlington,2004,2004-04-03,precinct,4,2026,629,checked,,text
Burlington,2004,2004-04-03,precinct,5,2471,906,checked,,text
Burlington,2004,2004-04-03,precinct,6,2397,845,checked,,text
Canton,2004,2004-04-06,total,,14585,3892,checked,precincts sum to both printed totals; the TOTALS label was unreadable and was identified by the sum,text
Canton,2004,2004-04-06,precinct,1,2443,591,checked,,text
Canton,2004,2004-04-06,precinct,2,2401,806,checked,,text
Canton,2004,2004-04-06,precinct,3,2322,527,checked,,text
Canton,2004,2004-04-06,precinct,4,2493,713,checked,,text
Canton,2004,2004-04-06,precinct,5,2529,669,checked,,text
Canton,2004,2004-04-06,precinct,6,2397,586,checked,,text
Carlisle,2004,2004-05-25,total,,,,no_total,no TOTALS row was read,text
Carlisle,2004,2004-05-25,precinct,1,3309,888,no_total,,text
Carver,2004,2004-04-24,total,,7879,1168,checked,precincts sum to both printed totals; the TOTALS label was unreadable and was identified by the sum,text
Carver,2004,2004-04-24,precinct,1,2634,338,checked,,text
Carver,2004,2004-04-24,precinct,2,2580,373,checked,,text
Carver,2004,2004-04-24,precinct,3,2665,457,checked,,text
Charlemont,2004,2004-05-03,total,,,,no_total,no TOTALS row was read,text
Charlemont,2004,2004-05-03,precinct,1,782,208,no_total,,text
Charlton,2004,2004-05-01,total,,8201,1401,checked,precincts sum to both printed totals; the TOTALS label was unreadable and was identified by the sum,text
Charlton,2004,2004-05-01,precinct,1,2687,485,checked,,text
Charlton,2004,2004-05-01,precinct,2,2727,416,checked,,text
Charlton,2004,2004-05-01,precinct,3,2787,500,checked,,text
Chatham,2004,2004-05-13,total,,6127,1545,checked,precincts sum to both printed totals; the TOTALS label was unreadable and was identified by the sum,text
Chatham,2004,2004-05-13,precinct,1,2940,794,checked,,text
Chatham,2004,2004-05-13,precinct,2,3187,751,checked,,text
Chelmsford,2004,2004-04-06,total,,20815,8744,checked,precincts sum to both printed totals; the TOTALS label was unreadable and was identified by the sum,text
Chelmsford,2004,2004-04-06,precinct,1,2290,909,checked,,text
Chelmsford,2004,2004-04-06,precinct,2,2012,590,checked,,text
Chelmsford,2004,2004-04-06,precinct,3,2012,1034,checked,,text
Chelmsford,2004,2004-04-06,precinct,4,2168,782,checked,,text
Chelmsford,2004,2004-04-06,precinct,5,2387,904,checked,,text
Chelmsford,2004,2004-04-06,precinct,6,2466,1138,checked,,text
Chelmsford,2004,2004-04-06,precinct,7,2572,1333,checked,,text
Chelmsford,2004,2004-04-06,precinct,8,2414,1021,checked,,text
Chelmsford,2004,2004-04-06,precinct,9,2494,1033,checked,,text
Cheshire,2004,2004-05-03,total,,,,no_total,no TOTALS row was read,text
Cheshire,2004,2004-05-03,precinct,1,2210,351,no_total,,text
Chester,2004,2004-05-01,total,,860,115,single,"a single undivided town, or no precinct detail printed",text
Chesterfield,2004,2004-05-03,total,,758,329,single,"a single undivided town, or no precinct detail printed",text
Chilmark,2004,2004-04-28,total,,805,456,mismatch,"precincts sum to 200 registered, the printed total says 805",text
Chilmark,2004,2004-04-28,precinct,1,200,4,mismatch,,text
Clarksburg,2004,2004-05-18,total,,1102,71,single,"a single undivided town, or no precinct detail printed",text
Clinton,2004,2004-05-03,total,,8577,1644,checked,precincts sum to both printed totals,text
Clinton,2004,2004-05-03,precinct,1,2584,379,checked,,text
Clinton,2004,2004-05-03,precinct,2,1982,392,checked,,text
Clinton,2004,2004-05-03,precinct,3,1999,432,checked,,text
Clinton,2004,2004-05-03,precinct,4,2012,441,checked,,text
Cohasset,2004,2004-04-03,total,,5028,2687,checked,precincts sum to both printed totals,text
Cohasset,2004,2004-04-03,precinct,1,2590,1346,checked,,text
Cohasset,2004,2004-04-03,precinct,2,2438,1341,checked,,text
Colrain,2004,2004-05-03,total,,1039,109,single,"a single undivided town, or no precinct detail printed",text
Concord,2004,2004-03-02,total,,11460,5361,mismatch,"precincts sum to 13660 registered, the printed total says 11460",text
Concord,2004,2004-03-02,precinct,1,2200,4,mismatch,,text
Concord,2004,2004-03-02,precinct,2,1782,831,mismatch,,text
Concord,2004,2004-03-02,precinct,2,2381,1147,mismatch,,text
Concord,2004,2004-03-02,precinct,3,2456,1051,mismatch,,text
Concord,2004,2004-03-02,precinct,5,2371,1154,mismatch,,text
Concord,2004,2004-03-02,precinct,6,2470,1178,mismatch,,text
Conway,2004,,total,,1419,230,single,"a single undivided town, or no precinct detail printed",text
Cummington,2004,2004-05-07,total,,626,86,single,"a single undivided town, or no precinct detail printed",text
Dalton,2004,2004-05-10,total,,4225,1008,checked,precincts sum to both printed totals,text
Dalton,2004,2004-05-10,precinct,1,2132,591,checked,,text
Dalton,2004,2004-05-10,precinct,2,2093,417,checked,,text
Dartmouth,2004,,total,,,,no_total,no TOTALS row was read,text
Dartmouth,2004,,precinct,2,2,,no_total,,text
Dartmouth,2004,,precinct,3,3,,no_total,,text
Dartmouth,2004,,precinct,4,4,,no_total,,text
Dartmouth,2004,,precinct,5,5,,no_total,,text
Dartmouth,2004,,precinct,6,6,,no_total,,text
Dartmouth,2004,,precinct,7,7,,no_total,,text
Dedham,2004,2004-03-20,total,,15195,4674,mismatch,"precincts sum to 15397 registered, the printed total says 15195",text
Dedham,2004,2004-03-20,precinct,1,202,4,mismatch,,text
Dedham,2004,2004-03-20,precinct,2,2043,428,mismatch,,text
Dedham,2004,2004-03-20,precinct,2,2275,695,mismatch,,text
Dedham,2004,2004-03-20,precinct,3,1994,490,mismatch,,text
Dedham,2004,2004-03-20,precinct,4,2373,966,mismatch,,text
Dedham,2004,2004-03-20,precinct,5,2123,673,mismatch,,text
Dedham,2004,2004-03-20,precinct,6,2120,651,mismatch,,text
Dedham,2004,2004-03-20,precinct,7,2267,771,mismatch,,text
Deerfield,2004,2004-05-03,total,,5355,517,single,"a single undivided town, or no precinct detail printed",text
Dennis,2004,2004-05-11,total,,11410,1916,mismatch,"precincts sum to 11610 registered, the printed total says 11410",text
Dennis,2004,2004-05-11,precinct,1,200,4,mismatch,,text
Dennis,2004,2004-05-11,precinct,2,2389,452,mismatch,,text
Dennis,2004,2004-05-11,precinct,2,2475,475,mismatch,,text
Dennis,2004,2004-05-11,precinct,3,1956,322,mismatch,,text
Dennis,2004,2004-05-11,precinct,4,2388,417,mismatch,,text
Dennis,2004,2004-05-11,precinct,5,2202,250,mismatch,,text
Dighton,2004,2004-04-05,total,,4035,383,single,"a single undivided town, or no precinct detail printed",text
Douglas,2004,2004-05-11,total,,5477,813,mismatch,"precincts sum to 5677 registered, the printed total says 5477",text
Douglas,2004,2004-05-11,precinct,1,200,4,mismatch,,text
Douglas,2004,2004-05-11,precinct,2,2727,401,mismatch,,text
Douglas,2004,2004-05-11,precinct,2,2750,412,mismatch,,text
Dover,2004,2004-05-17,total,,3698,925,mismatch,"precincts sum to 200 registered, the printed total says 3698",text
Dover,2004,2004-05-17,precinct,1,200,4,mismatch,,text
Dracut,2004,2004-05-03,total,,19100,3240,checked,precincts sum to both printed totals,text
Dracut,2004,2004-05-03,precinct,1,2206,382,checked,,text
Dracut,2004,2004-05-03,precinct,2,2023,355,checked,,text
Dracut,2004,2004-05-03,precinct,3,2101,415,checked,,text
Dracut,2004,2004-05-03,precinct,4,2139,293,checked,,text
Dracut,2004,2004-05-03,precinct,5,2081,347,checked,,text
Dracut,2004,2004-05-03,precinct,6,2100,255,checked,,text
Dracut,2004,2004-05-03,precinct,7,93,48,checked,,text
Dracut,2004,2004-05-03,precinct,7,1979,234,checked,,text
Dracut,2004,2004-05-03,precinct,8,2225,479,checked,,text
Dracut,2004,2004-05-03,precinct,9,2153,432,checked,,text
Dudley,2004,2004-05-03,total,,6320,1698,checked,precincts sum to both printed totals,text
Dudley,2004,2004-05-03,precinct,1,1571,478,checked,,text
Dudley,2004,2004-05-03,precinct,2,1476,337,checked,,text
Dudley,2004,2004-05-03,precinct,3,1851,524,checked,,text
Dudley,2004,2004-05-03,precinct,4,1422,359,checked,,text
Dunstable,2004,2004-05-17,total,,1959,983,single,"a single undivided town, or no precinct detail printed",text
Duxbury,2004,2004-03-27,total,,10210,2004,mismatch,"precincts sum to 12930 registered, the printed total says 10210",text
Duxbury,2004,2004-03-27,precinct,1,2720,4,mismatch,,text
Duxbury,2004,2004-03-27,precinct,2,1781,378,mismatch,,text
Duxbury,2004,2004-03-27,precinct,2,2036,527,mismatch,,text
Duxbury,2004,2004-03-27,precinct,3,1657,368,mismatch,,text
Duxbury,2004,2004-03-27,precinct,4,1524,246,mismatch,,text
Duxbury,2004,2004-03-27,precinct,5,1563,264,mismatch,,text
Duxbury,2004,2004-03-27,precinct,6,1649,221,mismatch,,text
East Bridgewater,2004,2004-04-10,total,,,,no_total,no TOTALS row was read,text
East Bridgewater,2004,2004-04-10,precinct,1,200,4,no_total,,text
East Bridgewater,2004,2004-04-10,precinct,2,1867,37,no_total,,text
East Bridgewater,2004,2004-04-10,precinct,2,1950,45,no_total,,text
East Bridgewater,2004,2004-04-10,precinct,3,1897,41,no_total,,text
East Brookfield,2004,2004-05-03,total,,,,no_total,no TOTALS row was read,text
East Brookfield,2004,2004-05-03,precinct,1,200,4,no_total,,text
East Brookfield,2004,2004-05-03,precinct,2,1315,218,no_total,,text
East Longmeadow,2004,2004-04-13,total,,,,no_total,no TOTALS row was read,text
East Longmeadow,2004,2004-04-13,precinct,1,1320,4,no_total,,text
East Longmeadow,2004,2004-04-13,precinct,2,2583,324,no_total,,text
East Longmeadow,2004,2004-04-13,precinct,3,2409,179,no_total,,text
East Longmeadow,2004,2004-04-13,precinct,4,2745,249,no_total,,text
East Longmeadow,2004,2004-04-13,precinct,5,2731,332,no_total,,text
East Longmeadow,2004,2004-04-13,precinct,6,10468,1084,no_total,,text
Eastham,2004,2004-05-18,total,,,,no_total,no TOTALS row was read,text
Eastham,2004,2004-05-18,precinct,1,1820,4,no_total,,text
Eastham,2004,2004-05-18,precinct,2,4098,1795,no_total,,text
Easthampton,2004,,total,,,,no_election,the volume states no election was held this year,text
Easton,2004,2004-04-27,total,,,,no_total,no TOTALS row was read,text
Easton,2004,2004-04-27,precinct,1,2720,4,no_total,,text
Easton,2004,2004-04-27,precinct,2,1671,76,no_total,,text
Easton,2004,2004-04-27,precinct,3,2661,241,no_total,,text
Easton,2004,2004-04-27,precinct,4,2579,133,no_total,,text
Easton,2004,2004-04-27,precinct,5,2443,175,no_total,,text
Easton,2004,2004-04-27,precinct,6,2551,147,no_total,,text
Easton,2004,2004-04-27,precinct,7,2426,103,no_total,,text
Easton,2004,2004-04-27,precinct,8,14331,875,no_total,,text
Edgartown,2004,2004-04-15,total,,,,no_total,no TOTALS row was read,text
Edgartown,2004,2004-04-15,precinct,1,1520,4,no_total,,text
Edgartown,2004,2004-04-15,precinct,2,2824,1074,no_total,,text
Egremont,2004,2004-05-01,total,,,,no_total,no TOTALS row was read,text
Egremont,2004,2004-05-01,precinct,1,120,4,no_total,,text
Egremont,2004,2004-05-01,precinct,2,887,346,no_total,,text
Erving,2004,2004-05-03,total,,,,no_total,no TOTALS row was read,text
Erving,2004,2004-05-03,precinct,1,1009,202,no_total,,text
Essex,2004,2004-05-01,total,,,,no_total,no TOTALS row was read,text
Essex,2004,2004-05-01,precinct,1,200,4,no_total,,text
Essex,2004,2004-05-01,precinct,2,2595,611,no_total,,text
Fairhaven,2004,2004-04-05,total,,,,no_total,no TOTALS row was read,text
Fairhaven,2004,2004-04-05,precinct,1,5200,4,no_total,,text
Fairhaven,2004,2004-04-05,precinct,2,1727,470,no_total,,text
Fairhaven,2004,2004-04-05,precinct,3,1816,538,no_total,,text
Fairhaven,2004,2004-04-05,precinct,4,1530,346,no_total,,text
Fairhaven,2004,2004-04-05,precinct,5,1612,400,no_total,,text
Fairhaven,2004,2004-04-05,precinct,6,1645,508,no_total,,text
Fairhaven,2004,2004-04-05,precinct,7,1777,429,no_total,,text
Fairhaven,2004,2004-04-05,precinct,8,10107,2691,no_total,,text
Falmouth,2004,2004-05-01,total,,,,no_total,no TOTALS row was read,text
Falmouth,2004,2004-05-01,precinct,1,8200,4,no_total,,text
Falmouth,2004,2004-05-01,precinct,2,2919,566,no_total,,text
Falmouth,2004,2004-05-01,precinct,3,2591,464,no_total,,text
Falmouth,2004,2004-05-01,precinct,4,2761,383,no_total,,text
Falmouth,2004,2004-05-01,precinct,5,2634,377,no_total,,text
Falmouth,2004,2004-05-01,precinct,6,3021,409,no_total,,text
Falmouth,2004,2004-05-01,precinct,7,2849,379,no_total,,text
Falmouth,2004,2004-05-01,precinct,8,2486,260,no_total,,text
Falmouth,2004,2004-05-01,precinct,9,2697,292,no_total,,text
Falmouth,2004,2004-05-01,precinct,10,2649,253,no_total,,text
Falmouth,2004,2004-05-01,precinct,11,24607,3383,no_total,,text
Florida,2004,2004-05-03,total,,,,no_total,no TOTALS row was read,text
Florida,2004,2004-05-03,precinct,1,493,195,no_total,,text
Foxborough,2004,2004-05-03,total,,,,no_total,no TOTALS row was read,text
Foxborough,2004,2004-05-03,precinct,1,1878,427,no_total,,text
Foxborough,2004,2004-05-03,precinct,2,2013,507,no_total,,text
Foxborough,2004,2004-05-03,precinct,3,2010,556,no_total,,text
Gill,2004,2004-05-10,total,,4656,1768,checked,precincts sum to both printed totals; the TOTALS label was unreadable and was identified by the sum,text
Gill,2004,2004-05-10,precinct,1,2433,902,checked,,text
Gill,2004,2004-05-10,precinct,2,2223,866,checked,,text
Goshen,2004,2004-05-01,total,,,,no_total,no TOTALS row was read,text
Goshen,2004,2004-05-01,precinct,1,647,109,no_total,,text
Granby,2004,2004-05-17,total,,,,no_total,no TOTALS row was read,text
Granby,2004,2004-05-17,precinct,1,4046,1128,no_total,,text
Greenfield,2004,,total,,10756,4567,checked,precincts sum to both printed totals,text
Greenfield,2004,,precinct,1,1227,538,checked,,text
Greenfield,2004,,precinct,2,1473,729,checked,,text
Greenfield,2004,,precinct,3,1098,505,checked,,text
Greenfield,2004,,precinct,4,1237,575,checked,,text
Greenfield,2004,,precinct,5,1225,499,checked,,text
Greenfield,2004,,precinct,6,1179,404,checked,,text
Greenfield,2004,,precinct,7,1166,447,checked,,text
Greenfield,2004,,precinct,8,1157,400,checked,,text
Greenfield,2004,,precinct,9,994,470,checked,,text
Groton,2004,2004-05-18,total,,6393,1884,mismatch,"precincts sum to 6593 registered, the printed total says 6393",text
Groton,2004,2004-05-18,precinct,1,200,4,mismatch,,text
Groton,2004,2004-05-18,precinct,2,2149,727,mismatch,,text
Groton,2004,2004-05-18,precinct,2,2101,463,mismatch,,text
Groton,2004,2004-05-18,precinct,3,2143,694,mismatch,,text
Groveland,2004,2004-05-03,total,,4278,2012,single,"a single undivided town, or no precinct detail printed",text
Hadley,2004,2004-04-13,total,,3499,1739,mismatch,"precincts sum to 200 registered, the printed total says 3499",text
Hadley,2004,2004-04-13,precinct,1,200,4,mismatch,,text
Halifax,2004,2004-05-15,total,,4522,150,mismatch,"precincts sum to 4722 registered, the printed total says 4522",text
Halifax,2004,2004-05-15,precinct,1,200,4,mismatch,,text
Halifax,2004,2004-05-15,precinct,2,2395,62,mismatch,,text
Halifax,2004,2004-05-15,precinct,2,2127,88,mismatch,,text
Hamilton,2004,2004-05-13,total,,5675,1855,mismatch,"precincts sum to 5875 registered, the printed total says 5675",text
Hamilton,2004,2004-05-13,precinct,1,200,4,mismatch,,text
Hamilton,2004,2004-05-13,precinct,2,2191,669,mismatch,,text
Hamilton,2004,2004-05-13,precinct,2,1966,723,mismatch,,text
Hamilton,2004,2004-05-13,precinct,3,1518,463,mismatch,,text
Hampden,2004,2004-05-03,total,,3333,1471,single,"a single undivided town, or no precinct detail printed",text
Haneoek,2004,2004-05-10,total,,447,157,mismatch,"precincts sum to 200 registered, the printed total says 447",text
Haneoek,2004,2004-05-10,precinct,1,200,4,mismatch,,text
Hanover,2004,2004-05-08,total,,8193,2269,checked,precincts sum to both printed totals,text
Hanover,2004,2004-05-08,precinct,1,2049,580,checked,,text
Hanover,2004,2004-05-08,precinct,2,2058,603,checked,,text
Hanover,2004,2004-05-08,precinct,3,2089,605,checked,,text
Hanover,2004,2004-05-08,precinct,4,1997,481,checked,,text
Hanson,2004,2004-05-15,total,,6331,949,mismatch,"precincts sum to 6531 registered, the printed total says 6331",text
Hanson,2004,2004-05-15,precinct,1,200,4,mismatch,,text
Hanson,2004,2004-05-15,precinct,2,2031,318,mismatch,,text
Hanson,2004,2004-05-15,precinct,2,2099,303,mismatch,,text
Hanson,2004,2004-05-15,precinct,3,2201,328,mismatch,,text
Hardwick,2004,2004-04-01,total,,1612,399,mismatch,"precincts sum to 2200 registered, the printed total says 1612",text
Hardwick,2004,2004-04-01,precinct,1,2200,4,mismatch,,text
Harvard,2004,2004-03-30,total,,3792,1508,mismatch,"precincts sum to 3020 registered, the printed total says 3792",text
Harvard,2004,2004-03-30,precinct,1,3020,4,mismatch,,text
Harwich,2004,2004-05-18,total,,10119,3059,checked,precincts sum to both printed totals,text
Harwich,2004,2004-05-18,precinct,1,2595,862,checked,,text
Harwich,2004,2004-05-18,precinct,2,2503,885,checked,,text
Harwich,2004,2004-05-18,precinct,3,2704,700,checked,,text
Harwich,2004,2004-05-18,precinct,4,2317,612,checked,,text
Hatfield,2004,2004-05-18,total,,2438,1502,mismatch,"precincts sum to 200 registered, the printed total says 2438",text
Hatfield,2004,2004-05-18,precinct,1,200,4,mismatch,,text
Hawley,2004,2004-05-02,total,,257,34,single,"a single undivided town, or no precinct detail printed",text
Heath,2004,2004-05-07,total,,505,74,single,"a single undivided town, or no precinct detail printed",text
Hingham,2004,2004-05-01,total,,14615,3842,checked,precincts sum to both printed totals,text
Hingham,2004,2004-05-01,precinct,1,2329,512,checked,,text
Hingham,2004,2004-05-01,precinct,2,2387,580,checked,,text
Hingham,2004,2004-05-01,precinct,3,2492,669,checked,,text
Hingham,2004,2004-05-01,precinct,4,2562,708,checked,,text
Hingham,2004,2004-05-01,precinct,5,2431,662,checked,,text
Hingham,2004,2004-05-01,precinct,6,2414,711,checked,,text
Hinsdale,2004,2004-05-22,total,,1436,314,mismatch,"precincts sum to 200 registered, the printed total says 1436",text
Hinsdale,2004,2004-05-22,precinct,1,200,4,mismatch,,text
Holbrook,2004,2004-04-06,total,,,,no_total,no TOTALS row was read,text
Holbrook,2004,2004-04-06,precinct,1,1618,,no_total,,text
Holbrook,2004,2004-04-06,precinct,2,2,,no_total,,text
Holbrook,2004,2004-04-06,precinct,3,3,,no_total,,text
Holbrook,2004,2004-04-06,precinct,4,4,,no_total,,text
Holden,2004,2004-05-10,total,,1,,mismatch,"precincts sum to 214 registered, the printed total says 1",text
Holden,2004,2004-05-10,precinct,1,200,4,mismatch,,text
Holden,2004,2004-05-10,precinct,2,2,,mismatch,,text
Holden,2004,2004-05-10,precinct,3,3,,mismatch,,text
Holden,2004,2004-05-10,precinct,4,4,,mismatch,,text
Holden,2004,2004-05-10,precinct,5,5,,mismatch,,text
Holland,2004,2004-05-25,total,,1427,,mismatch,"precincts sum to 200 registered, the printed total says 1427",text
Holland,2004,2004-05-25,precinct,1,200,4,mismatch,,text
Holliston,2004,2004-05-25,total,,,,no_total,no TOTALS row was read,text
Holliston,2004,2004-05-25,precinct,1,200,4,no_total,,text
Holliston,2004,2004-05-25,precinct,2,2,,no_total,,text
Holliston,2004,2004-05-25,precinct,3,3,,no_total,,text
Holliston,2004,2004-05-25,precinct,4,4,,no_total,,text
Hopedale,2004,2004-05-11,total,,3996,,mismatch,"precincts sum to 200 registered, the printed total says 3996",text
Hopedale,2004,2004-05-11,precinct,1,200,4,mismatch,,text
Hopkinton,2004,2004-05-17,total,,,,no_total,no TOTALS row was read,text
Hopkinton,2004,2004-05-17,precinct,1,200,4,no_total,,text
Hopkinton,2004,2004-05-17,precinct,2,2,,no_total,,text
Hopkinton,2004,2004-05-17,precinct,3,3,,no_total,,text
Hopkinton,2004,2004-05-17,precinct,4,4,,no_total,,text
Hubbardston,2004,2004-05-04,total,,2619,,single,"a single undivided town, or no precinct detail printed",text
Hudson,2004,2004-05-10,total,,,,no_total,no TOTALS row was read,text
Hudson,2004,2004-05-10,precinct,1,1705,,no_total,,text
Hudson,2004,2004-05-10,precinct,2,2,1379,no_total,,text
Hudson,2004,2004-05-10,precinct,3,3,1558,no_total,,text
Hudson,2004,2004-05-10,precinct,4,4,1601,no_total,,text
Hudson,2004,2004-05-10,precinct,5,5,1653,no_total,,text
Hudson,2004,2004-05-10,precinct,6,6,1230,no_total,,text
Hudson,2004,2004-05-10,precinct,7,7,1253,no_total,,text
Hull,2004,2004-05-17,total,,7881,2196,checked,precincts sum to both printed totals,text
Hull,2004,2004-05-17,precinct,1,2577,812,checked,,text
Hull,2004,2004-05-17,precinct,2,2356,619,checked,,text
Hull,2004,2004-05-17,precinct,3,2948,765,checked,,text
Huntington,2004,2004-05-15,total,,1267,104,single,"a single undivided town, or no precinct detail printed",text
Ipswich,2004,2004-04-13,total,,8712,2070,checked,precincts sum to both printed totals,text
Ipswich,2004,2004-04-13,precinct,1,2019,616,checked,,text
Ipswich,2004,2004-04-13,precinct,2,2285,681,checked,,text
Ipswich,2004,2004-04-13,precinct,3,2206,330,checked,,text
Ipswich,2004,2004-04-13,precinct,4,2202,443,checked,,text
Kingston,2004,2004-04-24,total,,7919,2324,checked,precincts sum to both printed totals,text
Kingston,2004,2004-04-24,precinct,1,1994,592,checked,,text
Kingston,2004,2004-04-24,precinct,2,2043,561,checked,,text
Kingston,2004,2004-04-24,precinct,3,1808,545,checked,,text
Kingston,2004,2004-04-24,precinct,4,2074,626,checked,,text
Lakeville,2004,2004-04-05,total,,6143,971,checked,precincts sum to both printed totals,text
Lakeville,2004,2004-04-05,precinct,1,1990,263,checked,,text
Lakeville,2004,2004-04-05,precinct,2,2056,405,checked,,text
Lakeville,2004,2004-04-05,precinct,3,2097,303,checked,,text
Lancaster,2004,2004-05-10,total,,4129,618,checked,precincts sum to both printed totals,text
Lancaster,2004,2004-05-10,precinct,1,1633,248,checked,,text
Lancaster,2004,2004-05-10,precinct,2,2496,370,checked,,text
Lanesborough,2004,2004-05-18,total,,1979,912,single,"a single undivided town, or no precinct detail printed",text
Lee,2004,2004-05-17,total,,3937,1201,checked,precincts sum to both printed totals,text
Lee,2004,2004-05-17,precinct,1,632,145,checked,,text
Lee,2004,2004-05-17,precinct,2,610,208,checked,,text
Lee,2004,2004-05-17,precinct,3,598,169,checked,,text
Lee,2004,2004-05-17,precinct,4,753,269,checked,,text
Lee,2004,2004-05-17,precinct,5,691,215,checked,,text
Lee,2004,2004-05-17,precinct,6,653,195,checked,,text
Leicester,2004,2004-04-05,total,,6073,1413,checked,precincts sum to both printed totals,text
Leicester,2004,2004-04-05,precinct,1,1477,341,checked,,text
Leicester,2004,2004-04-05,precinct,2,1469,328,checked,,text
Leicester,2004,2004-04-05,precinct,3,1534,308,checked,,text
Leicester,2004,2004-04-05,precinct,4,1593,436,checked,,text
Lenox,2004,2004-05-06,total,,3632,910,single,"a single undivided town, or no precinct detail printed",text
Leverett,2004,2004-04-24,total,,1335,226,single,"a single undivided town, or no precinct detail printed",text
Lexington,2004,2004-03-02,total,,20120,9969,checked,precincts sum to both printed totals,text
Lexington,2004,2004-03-02,precinct,1,2007,922,checked,,text
Lexington,2004,2004-03-02,precinct,2,2396,1281,checked,,text
Lexington,2004,2004-03-02,precinct,3,2077,958,checked,,text
Lexington,2004,2004-03-02,precinct,4,2334,1221,checked,,text
Lexington,2004,2004-03-02,precinct,5,2309,1054,checked,,text
Lexington,2004,2004-03-02,precinct,6,2350,1260,checked,,text
Lexington,2004,2004-03-02,precinct,7,2295,1174,checked,,text
Lexington,2004,2004-03-02,precinct,8,2197,1108,checked,,text
Lexington,2004,2004-03-02,precinct,9,2155,991,checked,,text
Leyden,2004,2004-05-15,total,,524,71,single,"a single undivided town, or no precinct detail printed",text
Lincoln,2004,2004-03-29,total,,3769,1056,mismatch,"precincts sum to 3577 registered, the printed total says 3769",text
Lincoln,2004,2004-03-29,precinct,1,1865,580,mismatch,,text
Lincoln,2004,2004-03-29,precinct,2,1709,476,mismatch,,text
Lincoln,2004,2004-03-29,precinct,3,3,134,mismatch,,text
Littleton,2004,2004-05-01,total,,5530,2849,mismatch,"precincts sum to 3631 registered, the printed total says 5530",text
Littleton,2004,2004-05-01,precinct,1,1969,,mismatch,,text
Littleton,2004,2004-05-01,precinct,2,2,1901,mismatch,,text
Littleton,2004,2004-05-01,precinct,3,1660,873,mismatch,,text
Longmeadow,2004,2004-10-05,total,,11440,1756,checked,precincts sum to both printed totals,text
Longmeadow,2004,2004-10-05,precinct,1,2347,380,checked,,text
Longmeadow,2004,2004-10-05,precinct,B,2211,380,checked,,text
Longmeadow,2004,2004-10-05,precinct,C,2142,348,checked,,text
Longmeadow,2004,2004-10-05,precinct,D,2412,343,checked,,text
Longmeadow,2004,2004-10-05,precinct,E,2328,305,checked,,text
Ludlow,2004,2004-03-22,total,,12434,4291,checked,precincts sum to both printed totals,text
Ludlow,2004,2004-03-22,precinct,1,2098,656,checked,,text
Ludlow,2004,2004-03-22,precinct,2,1862,624,checked,,text
Ludlow,2004,2004-03-22,precinct,3,2488,879,checked,,text
Ludlow,2004,2004-03-22,precinct,4,2258,872,checked,,text
Ludlow,2004,2004-03-22,precinct,5,1194,370,checked,,text
Ludlow,2004,2004-03-22,precinct,6,2534,890,checked,,text
Lunenburg,2004,2004-05-15,total,,6769,2596,checked,precincts sum to both printed totals,text
Lunenburg,2004,2004-05-15,precinct,1,1771,716,checked,,text
Lunenburg,2004,2004-05-15,precinct,B,1633,616,checked,,text
Lunenburg,2004,2004-05-15,precinct,C,1785,629,checked,,text
Lunenburg,2004,2004-05-15,precinct,D,1580,635,checked,,text
Lynnfield,2004,2004-04-12,total,,8369,2235,checked,precincts sum to both printed totals,text
Lynnfield,2004,2004-04-12,precinct,1,2180,573,checked,,text
Lynnfield,2004,2004-04-12,precinct,2,2110,576,checked,,text
Lynnfield,2004,2004-04-12,precinct,3,1886,432,checked,,text
Lynnfield,2004,2004-04-12,precinct,4,2193,654,checked,,text
Mansfield,2004,2004-05-11,total,,11143,2437,checked,precincts sum to both printed totals,text
Mansfield,2004,2004-05-11,precinct,1,2062,432,checked,,text
Mansfield,2004,2004-05-11,precinct,2,2048,511,checked,,text
Mansfield,2004,2004-05-11,precinct,3,1863,409,checked,,text
Mansfield,2004,2004-05-11,precinct,4,1814,347,checked,,text
Mansfield,2004,2004-05-11,precinct,5,1690,385,checked,,text
Mansfield,2004,2004-05-11,precinct,6,1666,353,checked,,text
Marblehead,2004,2004-05-10,total,,14331,5205,checked,precincts sum to both printed totals,text
Marblehead,2004,2004-05-10,precinct,1,2201,811,checked,,text
Marblehead,2004,2004-05-10,precinct,2,1939,660,checked,,text
Marblehead,2004,2004-05-10,precinct,3,1939,621,checked,,text
Marblehead,2004,2004-05-10,precinct,4,2133,827,checked,,text
Marblehead,2004,2004-05-10,precinct,5,2000,728,checked,,text
Marblehead,2004,2004-05-10,precinct,6,2081,783,checked,,text
Marblehead,2004,2004-05-10,precinct,7,2038,775,checked,,text
Marion,2004,2004-04-03,total,,3615,1315,mismatch,"precincts sum to 200 registered, the printed total says 3615",text
Marion,2004,2004-04-03,precinct,1,200,4,mismatch,,text
Marshfield,2004,2004-05-01,total,,17250,2716,checked,precincts sum to both printed totals,text
Marshfield,2004,2004-05-01,precinct,1,2653,463,checked,,text
Marshfield,2004,2004-05-01,precinct,2,2619,425,checked,,text
Marshfield,2004,2004-05-01,precinct,3,2333,439,checked,,text
Marshfield,2004,2004-05-01,precinct,4,2189,256,checked,,text
Marshfield,2004,2004-05-01,precinct,5,2377,355,checked,,text
Marshfield,2004,2004-05-01,precinct,6,2603,430,checked,,text
Marshfield,2004,2004-05-01,precinct,7,2476,348,checked,,text
Mashpee,2004,2004-05-08,total,,9548,1424,checked,precincts sum to both printed totals,text
Mashpee,2004,2004-05-08,precinct,1,2066,341,checked,,text
Mashpee,2004,2004-05-08,precinct,2,2020,300,checked,,text
Mashpee,2004,2004-05-08,precinct,3,1619,170,checked,,text
Mashpee,2004,2004-05-08,precinct,4,1797,208,checked,,text
Mashpee,2004,2004-05-08,precinct,5,2046,405,checked,,text
Mattapoisett,2004,2004-05-18,total,,4420,1656,mismatch,"precincts sum to 4620 registered, the printed total says 4420",text
Mattapoisett,2004,2004-05-18,precinct,1,200,4,mismatch,,text
Mattapoisett,2004,2004-05-18,precinct,2,2314,927,mismatch,,text
Mattapoisett,2004,2004-05-18,precinct,2,2106,729,mismatch,,text
Maynard,2004,2004-05-03,total,,6772,1099,checked,precincts sum to both printed totals,text
Maynard,2004,2004-05-03,precinct,1,1645,285,checked,,text
Maynard,2004,2004-05-03,precinct,2,1615,267,checked,,text
Maynard,2004,2004-05-03,precinct,3,1784,289,checked,,text
Maynard,2004,2004-05-03,precinct,4,1728,258,checked,,text
Medfield,2004,2004-03-29,total,,7776,369,mismatch,"precincts sum to 10696 registered, the printed total says 7776",text
Medfield,2004,2004-03-29,precinct,1,2920,4,mismatch,,text
Medfield,2004,2004-03-29,precinct,2,1935,98,mismatch,,text
Medfield,2004,2004-03-29,precinct,2,1935,85,mismatch,,text
Medfield,2004,2004-03-29,precinct,3,2040,90,mismatch,,text
Medfield,2004,2004-03-29,precinct,4,1866,96,mismatch,,text
Medway,2004,2004-05-03,total,,13363,4786,checked,precincts sum to both printed totals,text
Medway,2004,2004-05-03,precinct,1,3666,2456,checked,,text
Medway,2004,2004-05-03,precinct,2,3110,709,checked,,text
Medway,2004,2004-05-03,precinct,3,3283,781,checked,,text
Medway,2004,2004-05-03,precinct,4,3304,840,checked,,text
Mendon,2004,2004-05-07,total,,3778,1224,single,"a single undivided town, or no precinct detail printed",text
Merrimac,2004,2004-05-10,total,,3735,1382,mismatch,"precincts sum to 200 registered, the printed total says 3735",text
Merrimac,2004,2004-05-10,precinct,1,200,4,mismatch,,text
Methuen,2004,,total,,,,no_election,the volume states no election was held this year,text
Middleborough,2004,2004-04-03,total,,13065,2366,checked,precincts sum to both printed totals,text
Middleborough,2004,2004-04-03,precinct,1,2748,478,checked,,text
Middleborough,2004,2004-04-03,precinct,2,1968,356,checked,,text
Middleborough,2004,2004-04-03,precinct,3,2171,372,checked,,text
Middleborough,2004,2004-04-03,precinct,4,1821,384,checked,,text
Middleborough,2004,2004-04-03,precinct,5,2356,398,checked,,text
Middleborough,2004,2004-04-03,precinct,6,2001,378,checked,,text
Middlefield,2004,2004-05-01,total,,362,178,single,"a single undivided town, or no precinct detail printed",text
Middleton,2004,2004-05-11,total,,,,no_total,no TOTALS row was read,text
Middleton,2004,2004-05-11,precinct,1,200,4,no_total,,text
Middleton,2004,2004-05-11,precinct,2,2536,484,no_total,,text
Middleton,2004,2004-05-11,precinct,3,1848,294,no_total,,text
Middleton,2004,2004-05-11,precinct,4,4384,778,no_total,,text
Milford,2004,2004-04-05,total,,,,no_total,no TOTALS row was read,text
Milford,2004,2004-04-05,precinct,1,200,4,no_total,,text
Milford,2004,2004-04-05,precinct,2,2317,495,no_total,,text
Milford,2004,2004-04-05,precinct,3,2199,591,no_total,,text
Milford,2004,2004-04-05,precinct,4,2366,521,no_total,,text
Milford,2004,2004-04-05,precinct,5,1862,620,no_total,,text
Milford,2004,2004-04-05,precinct,6,1883,746,no_total,,text
Milford,2004,2004-04-05,precinct,7,1995,736,no_total,,text
Milford,2004,2004-04-05,precinct,8,1658,610,no_total,,text
Milford,2004,2004-04-05,precinct,9,14280,4319,no_total,,text
Millbury,2004,2004-04-02,total,,,,no_total,no TOTALS row was read,text
Millbury,2004,2004-04-02,precinct,1,720,4,no_total,,text
Millbury,2004,2004-04-02,precinct,2,1933,478,no_total,,text
Millbury,2004,2004-04-02,precinct,3,2269,610,no_total,,text
Millbury,2004,2004-04-02,precinct,4,1917,512,no_total,,text
Millbury,2004,2004-04-02,precinct,5,2012,482,no_total,,text
Millbury,2004,2004-04-02,precinct,6,8131,2082,no_total,,text
Millis,2004,2004-05-10,total,,,,no_total,no TOTALS row was read,text
Millis,2004,2004-05-10,precinct,1,200,4,no_total,,text
Millis,2004,2004-05-10,precinct,2,1497,270,no_total,,text
Millis,2004,2004-05-10,precinct,3,1634,320,no_total,,text
Millis,2004,2004-05-10,precinct,4,1764,378,no_total,,text
Millis,2004,2004-05-10,precinct,5,4895,968,no_total,,text
Millville,2004,2004-04-05,total,,,,no_total,no TOTALS row was read,text
Millville,2004,2004-04-05,precinct,1,1693,669,no_total,,text
Milton,2004,2004-04-27,total,,,,no_total,no TOTALS row was read,text
Milton,2004,2004-04-27,precinct,1,200,4,no_total,,text
Milton,2004,2004-04-27,precinct,2,1308,401,no_total,,text
Milton,2004,2004-04-27,precinct,3,1620,798,no_total,,text
Milton,2004,2004-04-27,precinct,4,1535,821,no_total,,text
Milton,2004,2004-04-27,precinct,5,1538,755,no_total,,text
Milton,2004,2004-04-27,precinct,6,1118,517,no_total,,text
Milton,2004,2004-04-27,precinct,7,1667,921,no_total,,text
Milton,2004,2004-04-27,precinct,8,1628,884,no_total,,text
Milton,2004,2004-04-27,precinct,9,1771,1009,no_total,,text
Milton,2004,2004-04-27,precinct,10,1576,880,no_total,,text
Milton,2004,2004-04-27,precinct,11,1718,988,no_total,,text
Milton,2004,2004-04-27,precinct,12,1598,630,no_total,,text
Milton,2004,2004-04-27,precinct,13,17077,8604,no_total,,text
Monroe,2004,2004-05-03,total,,,,no_total,no TOTALS row was read,text
Monroe,2004,2004-05-03,precinct,1,67,28,no_total,,text
Monson,2004,2004-04-05,total,,5115,1388,checked,precincts sum to both printed totals; the TOTALS label was unreadable and was identified by the sum,text
Monson,2004,2004-04-05,precinct,1,1589,394,checked,,text
Monson,2004,2004-04-05,precinct,B,1786,494,checked,,text
Monson,2004,2004-04-05,precinct,C,1740,500,checked,,text
Montague,2004,2004-05-01,total,,,,no_total,no TOTALS row was read,text
Montague,2004,2004-05-01,precinct,1,200,4,no_total,,text
Montague,2004,2004-05-01,precinct,2,964,270,no_total,,text
Montague,2004,2004-05-01,precinct,3,772,170,no_total,,text
Montague,2004,2004-05-01,precinct,4,865,203,no_total,,text
Montague,2004,2004-05-01,precinct,5,837,209,no_total,,text
Montague,2004,2004-05-01,precinct,6,495,112,no_total,,text
Montague,2004,2004-05-01,precinct,7,701,162,no_total,,text
Montague,2004,2004-05-01,precinct,8,4634,1126,no_total,,text
Monte,2004,2004-05-01,total,,,,no_total,no TOTALS row was read,text
Monte,2004,2004-05-01,precinct,1,612,290,no_total,,text
Montg,2004,2004-05-03,total,,,,no_total,no TOTALS row was read,text
Montg,2004,2004-05-03,precinct,1,511,52,no_total,,text
Mount Washington,2004,2004-05-01,total,,102,43,mismatch,"precincts sum to 1200 registered, the printed total says 102",text
Mount Washington,2004,2004-05-01,precinct,1,1200,4,mismatch,,text
Nahant,2004,2004-04-02,total,,2457,769,mismatch,"precincts sum to 420 registered, the printed total says 2457",text
Nahant,2004,2004-04-02,precinct,1,420,4,mismatch,,text
Nantucket,2004,2004-04-06,total,,7520,3969,single,"a single undivided town, or no precinct detail printed",text
Natick,2004,2004-03-30,total,,19693,3661,mismatch,"precincts sum to 19995 registered, the printed total says 19693",text
Natick,2004,2004-03-30,precinct,1,302,4,mismatch,,text
Natick,2004,2004-03-30,precinct,2,1756,83,mismatch,,text
Natick,2004,2004-03-30,precinct,2,1951,392,mismatch,,text
Natick,2004,2004-03-30,precinct,3,1997,341,mismatch,,text
Natick,2004,2004-03-30,precinct,4,1776,349,mismatch,,text
Natick,2004,2004-03-30,precinct,5,1935,358,mismatch,,text
Natick,2004,2004-03-30,precinct,6,2027,417,mismatch,,text
Natick,2004,2004-03-30,precinct,7,2082,470,mismatch,,text
Natick,2004,2004-03-30,precinct,8,1969,382,mismatch,,text
Natick,2004,2004-03-30,precinct,9,1944,404,mismatch,,text
Natick,2004,2004-03-30,precinct,10,2256,465,mismatch,,text
Needham,2004,2004-04-01,total,,18688,2547,mismatch,"precincts sum to 21888 registered, the printed total says 18688",text
Needham,2004,2004-04-01,precinct,1,3200,4,mismatch,,text
Needham,2004,2004-04-01,precinct,1,2024,336,mismatch,,text
Needham,2004,2004-04-01,precinct,2,1728,152,mismatch,,text
Needham,2004,2004-04-01,precinct,B,1827,187,mismatch,,text
Needham,2004,2004-04-01,precinct,C,1710,232,mismatch,,text
Needham,2004,2004-04-01,precinct,D,1836,222,mismatch,,text
Needham,2004,2004-04-01,precinct,E,1962,242,mismatch,,text
Needham,2004,2004-04-01,precinct,F,2015,299,mismatch,,text
Needham,2004,2004-04-01,precinct,G,1922,296,mismatch,,text
Needham,2004,2004-04-01,precinct,H,1938,332,mismatch,,text
Needham,2004,2004-04-01,precinct,J,1726,249,mismatch,,text
New,2004,2004-05-11,total,,995,230,mismatch,"precincts sum to 200 registered, the printed total says 995",text
New,2004,2004-05-11,precinct,1,200,4,mismatch,,text
New Ashford,2004,2004-06-07,total,,155,119,single,"a single undivided town, or no precinct detail printed",text
New Braintree,2004,2004-05-03,total,,594,131,single,"a single undivided town, or no precinct detail printed",text
New Salem,2004,2004-05-03,total,,646,71,single,"a single undivided town, or no precinct detail printed",text
Newbury,2004,2004-05-11,total,,4816,1578,mismatch,"precincts sum to 5016 registered, the printed total says 4816",text
Newbury,2004,2004-05-11,precinct,1,200,4,mismatch,,text
Newbury,2004,2004-05-11,precinct,2,2558,869,mismatch,,text
Newbury,2004,2004-05-11,precinct,2,2258,709,mismatch,,text
Norfolk,2004,2004-05-04,total,,5637,366,checked,precincts sum to both printed totals,text
Norfolk,2004,2004-05-04,precinct,1,1780,142,checked,,text
Norfolk,2004,2004-05-04,precinct,2,1669,120,checked,,text
Norfolk,2004,2004-05-04,precinct,3,1625,74,checked,,text
Norfolk,2004,2004-05-04,precinct,4,563,30,checked,,text
North Attleborough,2004,2004-04-05,total,,18591,4132,mismatch,"precincts sum to 23791 registered, the printed total says 18591",text
North Attleborough,2004,2004-04-05,precinct,1,5200,4,mismatch,,text
North Attleborough,2004,2004-04-05,precinct,2,1742,153,mismatch,,text
North Attleborough,2004,2004-04-05,precinct,3,1968,299,mismatch,,text
North Attleborough,2004,2004-04-05,precinct,4,2328,386,mismatch,,text
North Attleborough,2004,2004-04-05,precinct,5,1903,169,mismatch,,text
North Attleborough,2004,2004-04-05,precinct,6,1900,279,mismatch,,text
North Attleborough,2004,2004-04-05,precinct,7,2034,353,mismatch,,text
North Attleborough,2004,2004-04-05,precinct,8,2232,334,mismatch,,text
North Attleborough,2004,2004-04-05,precinct,9,2380,380,mismatch,,text
North Attleborough,2004,2004-04-05,precinct,9,2104,213,mismatch,,text
North Brookfield,2004,2004-05-03,total,,2670,434,single,"a single undivided town, or no precinct detail printed",text
North Reading,2004,2004-05-04,total,,9490,3503,checked,precincts sum to both printed totals,text
North Reading,2004,2004-05-04,precinct,1,2590,1010,checked,,text
North Reading,2004,2004-05-04,precinct,2,2249,757,checked,,text
North Reading,2004,2004-05-04,precinct,3,2177,754,checked,,text
North Reading,2004,2004-05-04,precinct,4,2474,982,checked,,text
Northborough,2004,2004-05-01,total,,,,no_total,no TOTALS row was read,text
Northborough,2004,2004-05-01,precinct,1,200,4,no_total,,text
Northborough,2004,2004-05-01,precinct,2,2140,603,no_total,,text
Northborough,2004,2004-05-01,precinct,3,2073,581,no_total,,text
Northborough,2004,2004-05-01,precinct,4,2147,667,no_total,,text
Northborough,2004,2004-05-01,precinct,5,2204,680,no_total,,text
Northborough,2004,2004-05-01,precinct,6,8564,2531,no_total,,text
Northbridge,2004,2004-05-01,total,,,,no_total,no TOTALS row was read,text
Northbridge,2004,2004-05-01,precinct,1,8200,4,no_total,,text
Northbridge,2004,2004-05-01,precinct,2,2373,534,no_total,,text
Northbridge,2004,2004-05-01,precinct,3,2202,389,no_total,,text
Northbridge,2004,2004-05-01,precinct,4,1607,339,no_total,,text
Northbridge,2004,2004-05-01,precinct,5,2100,349,no_total,,text
Northbridge,2004,2004-05-01,precinct,6,8282,1611,no_total,,text
Northfield,2004,2004-05-04,total,,,,no_total,no TOTALS row was read,text
Northfield,2004,2004-05-04,precinct,1,2048,672,no_total,,text
Norton,2004,2004-04-27,total,,,,no_total,no TOTALS row was read,text
Norton,2004,2004-04-27,precinct,1,2720,4,no_total,,text
Norton,2004,2004-04-27,precinct,2,2262,237,no_total,,text
Norton,2004,2004-04-27,precinct,2,2258,205,no_total,,text
Norton,2004,2004-04-27,precinct,3,2037,182,no_total,,text
Norton,2004,2004-04-27,precinct,4,2096,151,no_total,,text
Norton,2004,2004-04-27,precinct,5,1253,126,no_total,,text
Norton,2004,2004-04-27,precinct,7,9906,901,no_total,,text
Norwell,2004,2004-04-03,total,,,,no_total,no TOTALS row was read,text
Norwell,2004,2004-04-03,precinct,1,3200,4,no_total,,text
Norwell,2004,2004-04-03,precinct,2,2205,143,no_total,,text
Norwell,2004,2004-04-03,precinct,3,2249,118,no_total,,text
Norwell,2004,2004-04-03,precinct,4,2215,160,no_total,,text
Norwell,2004,2004-04-03,precinct,5,6669,421,no_total,,text
Norwood,2004,2004-04-05,total,,,,no_total,no TOTALS row was read,text
Norwood,2004,2004-04-05,precinct,1,5200,4,no_total,,text
Norwood,2004,2004-04-05,precinct,2,1890,827,no_total,,text
Norwood,2004,2004-04-05,precinct,3,1704,796,no_total,,text
Norwood,2004,2004-04-05,precinct,4,1784,764,no_total,,text
Norwood,2004,2004-04-05,precinct,5,2083,1147,no_total,,text
Norwood,2004,2004-04-05,precinct,6,1137,316,no_total,,text
Norwood,2004,2004-04-05,precinct,7,1652,592,no_total,,text
Norwood,2004,2004-04-05,precinct,8,1949,727,no_total,,text
Norwood,2004,2004-04-05,precinct,9,1835,633,no_total,,text
Norwood,2004,2004-04-05,precinct,10,2046,917,no_total,,text
Norwood,2004,2004-04-05,precinct,11,16080,6719,no_total,,text
Oak,2004,2004-04-15,total,,,,no_total,no TOTALS row was read,text
Oak,2004,2004-04-15,precinct,1,1520,4,no_total,,text
Oak,2004,2004-04-15,precinct,2,3095,1440,no_total,,text
Oakham,2004,2004-05-17,total,,1142,320,single,"a single undivided town, or no precinct detail printed",text
Orange,2004,2004-03-15,total,,4097,773,mismatch,"precincts sum to 5617 registered, the printed total says 4097",text
Orange,2004,2004-03-15,precinct,1,1520,4,mismatch,,text
Orange,2004,2004-03-15,precinct,2,1980,383,mismatch,,text
Orange,2004,2004-03-15,precinct,3,2117,390,mismatch,,text
Orleans,2004,2004-05-18,total,,5328,1651,checked,precincts sum to both printed totals,text
Orleans,2004,2004-05-18,precinct,1,2720,736,checked,,text
Orleans,2004,2004-05-18,precinct,2,2608,915,checked,,text
Otis,2004,2004-05-25,total,,926,263,single,"a single undivided town, or no precinct detail printed",text
Oxford,2004,2004-05-18,total,,8209,1888,checked,precincts sum to both printed totals,text
Oxford,2004,2004-05-18,precinct,1,2104,497,checked,,text
Oxford,2004,2004-05-18,precinct,2,1966,353,checked,,text
Oxford,2004,2004-05-18,precinct,3,2126,502,checked,,text
Oxford,2004,2004-05-18,precinct,4,2013,536,checked,,text
Palmer,2004,2004-04-02,total,,7433,2162,mismatch,"precincts sum to 7633 registered, the printed total says 7433",text
Palmer,2004,2004-04-02,precinct,1,200,4,mismatch,,text
Palmer,2004,2004-04-02,precinct,2,1953,594,mismatch,,text
Palmer,2004,2004-04-02,precinct,2,1940,542,mismatch,,text
Palmer,2004,2004-04-02,precinct,3,1745,470,mismatch,,text
Palmer,2004,2004-04-02,precinct,4,1795,556,mismatch,,text
Paxton,2004,2004-05-10,total,,2764,626,single,"a single undivided town, or no precinct detail printed",text
Pelham,2004,2004-05-01,total,,967,147,single,"a single undivided town, or no precinct detail printed",text
Pembroke,2004,2004-05-01,total,,10879,1687,checked,precincts sum to both printed totals,text
Pembroke,2004,2004-05-01,precinct,1,2251,338,checked,,text
Pembroke,2004,2004-05-01,precinct,2,2134,344,checked,,text
Pembroke,2004,2004-05-01,precinct,3,2275,336,checked,,text
Pembroke,2004,2004-05-01,precinct,4,2168,368,checked,,text
Pembroke,2004,2004-05-01,precinct,5,2051,301,checked,,text
Pepperell,2004,2004-04-02,total,,7314,663,mismatch,"precincts sum to 13514 registered, the printed total says 7314",text
Pepperell,2004,2004-04-02,precinct,1,6200,4,mismatch,,text
Pepperell,2004,2004-04-02,precinct,2,2489,182,mismatch,,text
Pepperell,2004,2004-04-02,precinct,2,2432,236,mismatch,,text
Pepperell,2004,2004-04-02,precinct,3,2393,245,mismatch,,text
Peru,2004,2004-06-12,total,,502,132,mismatch,"precincts sum to 200 registered, the printed total says 502",text
Peru,2004,2004-06-12,precinct,1,200,4,mismatch,,text
Petersham,2004,2004-03-08,total,,859,77,mismatch,"precincts sum to 8200 registered, the printed total says 859",text
Petersham,2004,2004-03-08,precinct,1,8200,4,mismatch,,text
Phillipston,2004,2004-05-03,total,,978,102,single,"a single undivided town, or no precinct detail printed",text
Plainfield,2004,2004-05-01,total,,466,70,single,"a single undivided town, or no precinct detail printed",text
Plainville,2004,2004-04-05,total,,5025,515,checked,precincts sum to both printed totals,text
Plainville,2004,2004-04-05,precinct,1,2327,212,checked,,text
Plainville,2004,2004-04-05,precinct,2,2698,303,checked,,text
Plympton,2004,2004-05-15,total,,,,no_total,no TOTALS row was read,text
Plympton,2004,2004-05-15,precinct,1,1896,187,no_total,,text
Princeton,2004,2004-05-10,total,,,,no_total,no TOTALS row was read,text
Princeton,2004,2004-05-10,precinct,1,2435,487,no_total,,text
Provincetown,2004,2004-05-04,total,,,,no_total,no TOTALS row was read,text
Provincetown,2004,2004-05-04,precinct,1,3156,1125,no_total,,text
Randolph,2004,2004-03-30,total,,16000,3095,checked,precincts sum to both printed totals; the TOTALS label was unreadable and was identified by the sum,text
Randolph,2004,2004-03-30,precinct,1,1999,392,checked,,text
Randolph,2004,2004-03-30,precinct,2,1838,314,checked,,text
Randolph,2004,2004-03-30,precinct,3,1952,414,checked,,text
Randolph,2004,2004-03-30,precinct,4,1987,454,checked,,text
Randolph,2004,2004-03-30,precinct,5,1947,302,checked,,text
Randolph,2004,2004-03-30,precinct,6,2068,338,checked,,text
Randolph,2004,2004-03-30,precinct,7,2051,405,checked,,text
Randolph,2004,2004-03-30,precinct,8,2158,476,checked,,text
Raynham,2004,2004-04-24,total,,7335,1485,checked,precincts sum to both printed totals; the TOTALS label was unreadable and was identified by the sum,text
Raynham,2004,2004-04-24,precinct,1,2491,551,checked,,text
Raynham,2004,2004-04-24,precinct,2,2593,531,checked,,text
Raynham,2004,2004-04-24,precinct,3,2251,403,checked,,text
Reading,2004,2004-03-02,total,,15857,5505,checked,precincts sum to both printed totals; the TOTALS label was unreadable and was identified by the sum,text
Reading,2004,2004-03-02,precinct,1,2031,732,checked,,text
Reading,2004,2004-03-02,precinct,2,1945,586,checked,,text
Reading,2004,2004-03-02,precinct,3,1967,530,checked,,text
Reading,2004,2004-03-02,precinct,4,2093,790,checked,,text
Reading,2004,2004-03-02,precinct,5,1904,629,checked,,text
Reading,2004,2004-03-02,precinct,6,2007,772,checked,,text
Reading,2004,2004-03-02,precinct,7,1953,744,checked,,text
Reading,2004,2004-03-02,precinct,8,1957,722,checked,,text
Rehoboth,2004,2004-04-05,total,,6753,550,checked,precincts sum to both printed totals; the TOTALS label was unreadable and was identified by the sum,text
Rehoboth,2004,2004-04-05,precinct,1,2248,156,checked,,text
Rehoboth,2004,2004-04-05,precinct,2,2338,219,checked,,text
Rehoboth,2004,2004-04-05,precinct,3,2167,175,checked,,text
Richmond,2004,2004-05-29,total,,,,no_total,no TOTALS row was read,text
Richmond,2004,2004-05-29,precinct,1,1150,95,no_total,,text
Rochester,2004,2004-04-09,total,,,,no_total,no TOTALS row was read,text
Rochester,2004,2004-04-09,precinct,1,3275,1124,no_total,,text
Rockland,2004,2004-04-10,total,,10056,2817,checked,precincts sum to both printed totals,text
Rockland,2004,2004-04-10,precinct,1,1713,426,checked,,text
Rockland,2004,2004-04-10,precinct,2,1902,668,checked,,text
Rockland,2004,2004-04-10,precinct,3,1432,373,checked,,text
Rockland,2004,2004-04-10,precinct,4,1558,359,checked,,text
Rockland,2004,2004-04-10,precinct,5,1819,618,checked,,text
Rockland,2004,2004-04-10,precinct,6,1632,373,checked,,text
Rockport,2004,2004-04-20,total,,5329,1830,checked,precincts sum to both printed totals,text
Rockport,2004,2004-04-20,precinct,1,1326,490,checked,,text
Rockport,2004,2004-04-20,precinct,2,1838,560,checked,,text
Rockport,2004,2004-04-20,precinct,3,2165,780,checked,,text
Rowe,2004,2004-05-15,total,,280,207,single,"a single undivided town, or no precinct detail printed",text
Rowley,2004,2004-05-11,total,,3964,915,single,"a single undivided town, or no precinct detail printed",text
Royalston,2004,2004-04-05,total,,820,189,checked,precincts sum to both printed totals,text
Royalston,2004,2004-04-05,precinct,1,466,124,checked,,text
Royalston,2004,2004-04-05,precinct,2,354,65,checked,,text
Russell,2004,2004-05-03,total,,948,172,single,"a single undivided town, or no precinct detail printed",text
Rutland,2004,2004-05-10,total,,4098,891,checked,precincts sum to both printed totals,text
Rutland,2004,2004-05-10,precinct,1,2002,439,checked,,text
Rutland,2004,2004-05-10,precinct,2,2096,452,checked,,text
Salisbury,2004,2004-05-11,total,,4966,2006,checked,precincts sum to both printed totals,text
Salisbury,2004,2004-05-11,precinct,1,2496,1096,checked,,text
Salisbury,2004,2004-05-11,precinct,2,2470,910,checked,,text
Sandisfield,2004,2004-05-19,total,,507,251,single,"a single undivided town, or no precinct detail printed",text
Sandwich,2004,2004-05-06,total,,13540,3019,checked,precincts sum to both printed totals,text
Sandwich,2004,2004-05-06,precinct,1,2148,585,checked,,text
Sandwich,2004,2004-05-06,precinct,2,2190,570,checked,,text
Sandwich,2004,2004-05-06,precinct,3,2037,488,checked,,text
Sandwich,2004,2004-05-06,precinct,4,1974,326,checked,,text
Sandwich,2004,2004-05-06,precinct,5,1880,346,checked,,text
Sandwich,2004,2004-05-06,precinct,6,1664,368,checked,,text
Sandwich,2004,2004-05-06,precinct,7,1647,336,checked,,text
Saugus,2004,,total,,,,no_election,the volume states no election was held this year,text
Savoy,2004,2004-05-11,total,,477,93,single,"a single undivided town, or no precinct detail printed",text
Scituate,2004,2004-04-10,total,,14022,884,checked,precincts sum to both printed totals,text
Scituate,2004,2004-04-10,precinct,1,2362,156,checked,,text
Scituate,2004,2004-04-10,precinct,2,2388,164,checked,,text
Scituate,2004,2004-04-10,precinct,3,2252,158,checked,,text
Scituate,2004,2004-04-10,precinct,4,2557,132,checked,,text
Scituate,2004,2004-04-10,precinct,5,2137,143,checked,,text
Scituate,2004,2004-04-10,precinct,6,2326,131,checked,,text
Seekonk,2004,2004-04-05,total,,8553,2754,checked,precincts sum to both printed totals,text
Seekonk,2004,2004-04-05,precinct,1,2160,659,checked,,text
Seekonk,2004,2004-04-05,precinct,2,2153,787,checked,,text
Seekonk,2004,2004-04-05,precinct,3,2187,687,checked,,text
Seekonk,2004,2004-04-05,precinct,4,2053,621,checked,,text
Sharon,2004,2004-05-18,total,,11969,1804,checked,precincts sum to both printed totals,text
Sharon,2004,2004-05-18,precinct,1,2416,353,checked,,text
Sharon,2004,2004-05-18,precinct,2,2393,407,checked,,text
Sharon,2004,2004-05-18,precinct,3,2458,434,checked,,text
Sharon,2004,2004-05-18,precinct,4,2271,312,checked,,text
Sharon,2004,2004-05-18,precinct,5,2431,298,checked,,text
Sheffield,2004,2004-05-10,total,,2086,287,single,"a single undivided town, or no precinct detail printed",text
Shelburne,2004,2004-06-14,total,,1665,56,single,"a single undivided town, or no precinct detail printed",text
Sherborn,2004,2004-05-11,total,,2904,730,single,"a single undivided town, or no precinct detail printed",text
Shirley,2004,2004-05-11,total,,3254,1013,single,"a single undivided town, or no precinct detail printed",text
Shrewsbury,2004,2004-05-03,total,,20235,6674,checked,precincts sum to both printed totals,text
Shrewsbury,2004,2004-05-03,precinct,1,2338,862,checked,,text
Shrewsbury,2004,2004-05-03,precinct,2,2247,760,checked,,text
Shrewsbury,2004,2004-05-03,precinct,3,1943,530,checked,,text
Shrewsbury,2004,2004-05-03,precinct,4,2271,684,checked,,text
Shrewsbury,2004,2004-05-03,precinct,5,2256,739,checked,,text
Shrewsbury,2004,2004-05-03,precinct,6,2242,738,checked,,text
Shrewsbury,2004,2004-05-03,precinct,7,2424,804,checked,,text
Shrewsbury,2004,2004-05-03,precinct,8,2606,1020,checked,,text
Shrewsbury,2004,2004-05-03,precinct,9,1908,537,checked,,text
Shutesbury,2004,2004-05-01,total,,1324,483,single,"a single undivided town, or no precinct detail printed",text
Somerset,2004,2004-05-10,total,,12303,4023,checked,precincts sum to both printed totals,text
Somerset,2004,2004-05-10,precinct,1,2448,863,checked,,text
Somerset,2004,2004-05-10,precinct,2,2656,961,checked,,text
Somerset,2004,2004-05-10,precinct,3,2520,853,checked,,text
Somerset,2004,2004-05-10,precinct,4,2348,665,checked,,text
Somerset,2004,2004-05-10,precinct,5,2331,681,checked,,text
South Hadley,2004,2004-04-05,total,,10829,280,checked,precincts sum to both printed totals,text
South Hadley,2004,2004-04-05,precinct,1,1966,37,checked,,text
South Hadley,2004,2004-04-05,precinct,B,2471,55,checked,,text
South Hadley,2004,2004-04-05,precinct,C,2324,63,checked,,text
South Hadley,2004,2004-04-05,precinct,D,1615,69,checked,,text
South Hadley,2004,2004-04-05,precinct,E,2453,56,checked,,text
Southampton,2004,2004-05-20,total,,3615,855,single,"a single undivided town, or no precinct detail printed",text
Southborough,2004,2004-05-10,total,,5957,1924,checked,precincts sum to both printed totals,text
Southborough,2004,2004-05-10,precinct,1,2140,716,checked,,text
Southborough,2004,2004-05-10,precinct,2,1911,562,checked,,text
Southborough,2004,2004-05-10,precinct,3,1906,646,checked,,text
Southbridge,2004,2004-06-04,total,,11054,2581,checked,precincts sum to both printed totals,text
Southbridge,2004,2004-06-04,precinct,1,2044,514,checked,,text
Southbridge,2004,2004-06-04,precinct,2,2075,381,checked,,text
Southbridge,2004,2004-06-04,precinct,3,2230,534,checked,,text
Southbridge,2004,2004-06-04,precinct,4,2560,875,checked,,text
Southbridge,2004,2004-06-04,precinct,5,2145,277,checked,,text
Southwick,2004,2004-05-11,total,,5481,734,checked,precincts sum to both printed totals,text
Southwick,2004,2004-05-11,precinct,1,2018,323,checked,,text
Southwick,2004,2004-05-11,precinct,2,1518,195,checked,,text
Southwick,2004,2004-05-11,precinct,3,1945,216,checked,,text
Spencer,2004,2004-05-03,total,,7521,1857,checked,precincts sum to both printed totals,text
Spencer,2004,2004-05-03,precinct,1,2026,523,checked,,text
Spencer,2004,2004-05-03,precinct,2,1769,402,checked,,text
Spencer,2004,2004-05-03,precinct,3,1858,512,checked,,text
Spencer,2004,2004-05-03,precinct,4,1868,420,checked,,text
Sterhng,2004,2004-05-24,total,,5211,372,checked,precincts sum to both printed totals,text
Sterhng,2004,2004-05-24,precinct,1,2497,193,checked,,text
Sterhng,2004,2004-05-24,precinct,2,2714,179,checked,,text
Stockbridge,2004,2004-05-17,total,,1472,697,single,"a single undivided town, or no precinct detail printed",text
Stoneham,2004,2004-04-06,total,,13631,2808,checked,precincts sum to both printed totals,text
Stoneham,2004,2004-04-06,precinct,1,1909,355,checked,,text
Stoneham,2004,2004-04-06,precinct,2,1848,362,checked,,text
Stoneham,2004,2004-04-06,precinct,3,2131,481,checked,,text
Stoneham,2004,2004-04-06,precinct,4,1869,307,checked,,text
Stoneham,2004,2004-04-06,precinct,5,2054,463,checked,,text
Stoneham,2004,2004-04-06,precinct,6,1980,391,checked,,text
Stoneham,2004,2004-04-06,precinct,7,1840,449,checked,,text
Stoughton,2004,2004-04-27,total,,18553,4349,voted_only,people who voted sums; registered voters does not,text
Stoughton,2004,2004-04-27,precinct,1,2416,526,voted_only,,text
Stoughton,2004,2004-04-27,precinct,2,2356,569,voted_only,,text
Stoughton,2004,2004-04-27,precinct,3,2166,539,voted_only,,text
Stoughton,2004,2004-04-27,precinct,4,2649,828,voted_only,,text
Stoughton,2004,2004-04-27,precinct,5,2152,560,voted_only,,text
Stoughton,2004,2004-04-27,precinct,6,2752,493,voted_only,,text
Stoughton,2004,2004-04-27,precinct,7,7,497,voted_only,,text
Stoughton,2004,2004-04-27,precinct,8,1834,337,voted_only,,text
Stow,2004,2004-05-25,total,,4192,1308,single,"a single undivided town, or no precinct detail printed",text
Sturbridge,2004,2004-04-12,total,,5262,272,checked,precincts sum to both printed totals,text
Sturbridge,2004,2004-04-12,precinct,1,2574,126,checked,,text
Sturbridge,2004,2004-04-12,precinct,2,2688,146,checked,,text
Sudbury,2004,2004-03-29,total,,10814,1770,checked,precincts sum to both printed totals,text
Sudbury,2004,2004-03-29,precinct,1,2257,332,checked,,text
Sudbury,2004,2004-03-29,precinct,2,2114,335,checked,,text
Sudbury,2004,2004-03-29,precinct,3,2151,363,checked,,text
Sudbury,2004,2004-03-29,precinct,4,2154,381,checked,,text
Sudbury,2004,2004-03-29,precinct,5,2138,359,checked,,text
Sunderland,2004,2004-04-30,total,,2210,348,single,"a single undivided town, or no precinct detail printed",text
Sutton,2004,2004-05-25,total,,5306,668,checked,precincts sum to both printed totals,text
Sutton,2004,2004-05-25,precinct,1,1866,207,checked,,text
Sutton,2004,2004-05-25,precinct,2,1763,274,checked,,text
Sutton,2004,2004-05-25,precinct,3,1677,187,checked,,text
Swampscott,2004,2004-04-27,total,,9723,2725,checked,precincts sum to both printed totals,text
Swampscott,2004,2004-04-27,precinct,1,1822,356,checked,,text
Swampscott,2004,2004-04-27,precinct,2,1355,390,checked,,text
Swampscott,2004,2004-04-27,precinct,3,1640,390,checked,,text
Swampscott,2004,2004-04-27,precinct,4,1591,569,checked,,text
Swampscott,2004,2004-04-27,precinct,5,1600,480,checked,,text
Swampscott,2004,2004-04-27,precinct,6,1715,540,checked,,text
Swansea,2004,2004-04-12,total,,10668,2828,checked,precincts sum to both printed totals,text
Swansea,2004,2004-04-12,precinct,1,2208,514,checked,,text
Swansea,2004,2004-04-12,precinct,2,2117,617,checked,,text
Swansea,2004,2004-04-12,precinct,3,2048,590,checked,,text
Swansea,2004,2004-04-12,precinct,4,2096,555,checked,,text
Swansea,2004,2004-04-12,precinct,5,2199,552,checked,,text
Templeton,2004,2004-05-03,total,,4410,1665,checked,precincts sum to both printed totals,text
Templeton,2004,2004-05-03,precinct,1,2419,849,checked,,text
Templeton,2004,2004-05-03,precinct,2,1991,816,checked,,text
Tewksbury,2004,2004-04-03,total,,18520,3903,checked,precincts sum to both printed totals,text
Tewksbury,2004,2004-04-03,precinct,1,2283,386,checked,,text
Tewksbury,2004,2004-04-03,precinct,2,2313,469,checked,,text
Tewksbury,2004,2004-04-03,precinct,2,2275,421,checked,,text
Tewksbury,2004,2004-04-03,precinct,3,2556,485,checked,,text
Tewksbury,2004,2004-04-03,precinct,4,2193,521,checked,,text
Tewksbury,2004,2004-04-03,precinct,4,2174,470,checked,,text
Tewksbury,2004,2004-04-03,precinct,6,2379,594,checked,,text
Tewksbury,2004,2004-04-03,precinct,8,2347,557,checked,,text
Tisbury,2004,2004-04-27,total,,2591,964,single,"a single undivided town, or no precinct detail printed",text
Tolland,2004,2004-04-10,total,,246,196,single,"a single undivided town, or no precinct detail printed",text
Topsfield,2004,2004-05-06,total,,4052,973,single,"a single undivided town, or no precinct detail printed",text
Townsend,2004,2004-04-26,total,,5450,1468,checked,precincts sum to both printed totals,text
Townsend,2004,2004-04-26,precinct,1,1803,539,checked,,text
Townsend,2004,2004-04-26,precinct,2,1856,521,checked,,text
Townsend,2004,2004-04-26,precinct,3,1791,408,checked,,text
Truro,2004,2004-05-11,total,,1628,557,single,"a single undivided town, or no precinct detail printed",text
Tyngsborough,2004,2004-05-11,total,,6613,812,checked,precincts sum to both printed totals,text
Tyngsborough,2004,2004-05-11,precinct,1,1626,248,checked,,text
Tyngsborough,2004,2004-05-11,precinct,2,1622,184,checked,,text
Tyngsborough,2004,2004-05-11,precinct,3,1552,158,checked,,text
Tyngsborough,2004,2004-05-11,precinct,4,1813,222,checked,,text
Tyringham,2004,2004-05-17,total,,270,89,single,"a single undivided town, or no precinct detail printed",text
UNKNOWN,2004,2004-03-30,total,,3486,1301,no_election,the volume states no election was held this year,text
UNKNOWN,2004,2004-03-30,precinct,1,2606,378,no_election,,text
UNKNOWN,2004,2004-03-30,precinct,2,2653,418,no_election,,text
UNKNOWN,2004,2004-03-30,precinct,3,2338,248,no_election,,text
UNKNOWN,2004,2004-03-30,precinct,4,2702,321,no_election,,text
UNKNOWN,2004,2004-03-30,precinct,5,2549,338,no_election,,text
UNKNOWN,2004,2004-03-30,precinct,6,2563,292,no_election,,text
UNKNOWN,2004,2004-03-30,precinct,7,2468,305,no_election,,text
UNKNOWN,2004,2004-03-30,precinct,8,2432,232,no_election,,text
UNKNOWN,2004,2004-03-30,precinct,9,1856,119,no_election,,text
UNKNOWN,2004,2004-03-30,precinct,B,1202,205,no_election,,text
UNKNOWN,2004,2004-03-30,precinct,C,951,163,no_election,,text
UNKNOWN,2004,2004-03-30,precinct,D,1162,254,no_election,,text
UNKNOWN,2004,2004-03-30,precinct,10,1794,96,no_election,,text
UNKNOWN,2004,2004-03-30,precinct,11,2799,387,no_election,,text
UNKNOWN,2004,2004-03-30,precinct,12,1682,145,no_election,,text
UNKNOWN,2004,2004-03-30,precinct,13,1882,174,no_election,,text
UNKNOWN,2004,2004-03-30,precinct,14,1472,114,no_election,,text
UNKNOWN,2004,2004-03-30,precinct,15,1798,180,no_election,,text
UNKNOWN,2004,2004-03-30,precinct,16,823,62,no_election,,text
UNKNOWN,2004,2004-03-30,precinct,17,983,25,no_election,,text
UNKNOWN,2004,2004-03-30,precinct,18,1322,74,no_election,,text
UNKNOWN,2004,2004-03-30,precinct,19,36722,3908,no_election,,text
UNKNOWN,2004,2004-03-30,precinct,20,1732,344,no_election,,text
UNKNOWN,2004,2004-03-30,precinct,21,1716,379,no_election,,text
UNKNOWN,2004,2004-03-30,precinct,22,1818,428,no_election,,text
UNKNOWN,2004,2004-03-30,precinct,23,5266,1151,no_election,,text
UNKNOWN,2004,2004-03-30,precinct,24,1093,59,no_election,,text
UNKNOWN,2004,2004-03-30,precinct,25,100,55,no_election,,text
UNKNOWN,2004,2004-03-30,precinct,26,2448,443,no_election,,text
UNKNOWN,2004,2004-03-30,precinct,27,2837,692,no_election,,text
UNKNOWN,2004,2004-03-30,precinct,28,2584,559,no_election,,text
UNKNOWN,2004,2004-03-30,precinct,29,2424,420,no_election,,text
UNKNOWN,2004,2004-03-30,precinct,30,10293,2114,no_election,,text
UNKNOWN,2004,2004-03-30,precinct,31,1024,58,no_election,,text
UNKNOWN,2004,2004-03-30,precinct,32,1206,261,no_election,,text
UNKNOWN,2004,2004-03-30,precinct,36,4521,883,no_election,,text
UNKNOWN,2004,2004-03-30,precinct,37,2032,551,no_election,,text
UNKNOWN,2004,2004-03-30,precinct,38,2660,691,no_election,,text
UNKNOWN,2004,2004-03-30,precinct,39,2132,490,no_election,,text
UNKNOWN,2004,2004-03-30,precinct,40,2413,783,no_election,,text
UNKNOWN,2004,2004-03-30,precinct,41,2645,690,no_election,,text
UNKNOWN,2004,2004-03-30,precinct,42,2461,658,no_election,,text
UNKNOWN,2004,2004-03-30,precinct,43,2379,573,no_election,,text
UNKNOWN,2004,2004-03-30,precinct,44,2533,497,no_election,,text
UNKNOWN,2004,2004-03-30,precinct,45,2166,412,no_election,,text
UNKNOWN,2004,2004-03-30,precinct,46,1727,419,no_election,,text
UNKNOWN,2004,2004-03-30,precinct,47,2761,628,no_election,,text
UNKNOWN,2004,2004-03-30,precinct,48,2423,680,no_election,,text
UNKNOWN,2004,2004-03-30,precinct,49,2507,571,no_election,,text
UNKNOWN,2004,2004-03-30,precinct,50,2898,774,no_election,,text
UNKNOWN,2004,2004-03-30,precinct,51,33737,8417,no_election,,text
Upton,2004,2004-05-03,total,,4277,579,single,"a single undivided town, or no precinct detail printed",text
Uxbridge,2004,2004-03-02,total,,,,no_total,no TOTALS row was read,text
Uxbridge,2004,2004-03-02,precinct,1,420,4,no_total,,text
Uxbridge,2004,2004-03-02,precinct,2,1647,,no_total,,text
Uxbridge,2004,2004-03-02,precinct,2,2,,no_total,,text
Uxbridge,2004,2004-03-02,precinct,3,3,,no_total,,text
Uxbridge,2004,2004-03-02,precinct,4,4,,no_total,,text
Wakefield,2004,2004-04-27,total,,,,no_total,no TOTALS row was read,text
Wakefield,2004,2004-04-27,precinct,1,200,4,no_total,,text
Wakefield,2004,2004-04-27,precinct,2,2,,no_total,,text
Wakefield,2004,2004-04-27,precinct,3,3,,no_total,,text
Wakefield,2004,2004-04-27,precinct,4,4,,no_total,,text
Wakefield,2004,2004-04-27,precinct,5,5,,no_total,,text
Wakefield,2004,2004-04-27,precinct,6,6,,no_total,,text
Wakefield,2004,2004-04-27,precinct,7,7,,no_total,,text
Wales,2004,2004-05-25,total,,1107,,single,"a single undivided town, or no precinct detail printed",text
Walpole,2004,2004-06-05,total,,15064,,mismatch,"precincts sum to 3816 registered, the printed total says 15064",text
Walpole,2004,2004-06-05,precinct,1,1892,,mismatch,,text
Walpole,2004,2004-06-05,precinct,2,2,1947,mismatch,,text
Walpole,2004,2004-06-05,precinct,3,3,2013,mismatch,,text
Walpole,2004,2004-06-05,precinct,4,4,2011,mismatch,,text
Walpole,2004,2004-06-05,precinct,5,5,1339,mismatch,,text
Walpole,2004,2004-06-05,precinct,6,6,1993,mismatch,,text
Walpole,2004,2004-06-05,precinct,7,7,1972,mismatch,,text
Walpole,2004,2004-06-05,precinct,8,1897,,mismatch,,text
Ware,2004,2004-04-01,total,,6352,,mismatch,"precincts sum to 8552 registered, the printed total says 6352",text
Ware,2004,2004-04-01,precinct,1,2200,4,mismatch,,text
Ware,2004,2004-04-01,precinct,2,1890,,mismatch,,text
Ware,2004,2004-04-01,precinct,B,2118,,mismatch,,text
Ware,2004,2004-04-01,precinct,C,2344,,mismatch,,text
Wareham,2004,2004-04-06,total,,13362,,reg_only,registered voters sum; people who voted does not,text
Wareham,2004,2004-04-06,precinct,1,2266,,reg_only,,text
Wareham,2004,2004-04-06,precinct,2,2447,,reg_only,,text
Wareham,2004,2004-04-06,precinct,3,2201,,reg_only,,text
Wareham,2004,2004-04-06,precinct,4,2247,,reg_only,,text
Wareham,2004,2004-04-06,precinct,5,2219,,reg_only,,text
Wareham,2004,2004-04-06,precinct,6,1982,,reg_only,,text
Warren,2004,2004-05-04,total,,2823,,mismatch,"precincts sum to 2074 registered, the printed total says 2823",text
Warren,2004,2004-05-04,precinct,1,2072,,mismatch,,text
Warren,2004,2004-05-04,precinct,2,2,751,mismatch,,text
Warwick,2004,2004-03-08,total,,484,,mismatch,"precincts sum to 8200 registered, the printed total says 484",text
Warwick,2004,2004-03-08,precinct,1,8200,4,mismatch,,text
Washington,2004,2004-05-15,total,,390,,mismatch,"precincts sum to 200 registered, the printed total says 390",text
Washington,2004,2004-05-15,precinct,1,200,4,mismatch,,text
Watertown,2004,,total,,,,no_election,the volume states no election was held this year,text
Wayland,2004,2004-04-02,total,,8651,2377,mismatch,"precincts sum to 15851 registered, the printed total says 8651",text
Wayland,2004,2004-04-02,precinct,1,7200,4,mismatch,,text
Wayland,2004,2004-04-02,precinct,2,2144,610,mismatch,,text
Wayland,2004,2004-04-02,precinct,2,2127,585,mismatch,,text
Wayland,2004,2004-04-02,precinct,3,2045,530,mismatch,,text
Wayland,2004,2004-04-02,precinct,4,2335,652,mismatch,,text
Webster,2004,2004-05-03,total,,9852,2813,checked,precincts sum to both printed totals,text
Webster,2004,2004-05-03,precinct,1,1833,541,checked,,text
Webster,2004,2004-05-03,precinct,2,1688,341,checked,,text
Webster,2004,2004-05-03,precinct,3,1929,510,checked,,text
Webster,2004,2004-05-03,precinct,4,2394,763,checked,,text
Webster,2004,2004-05-03,precinct,5,2008,658,checked,,text
Wellesley,2004,2004-03-09,total,,15471,1255,mismatch,"precincts sum to 24671 registered, the printed total says 15471",text
Wellesley,2004,2004-03-09,precinct,1,9200,4,mismatch,,text
Wellesley,2004,2004-03-09,precinct,2,2428,229,mismatch,,text
Wellesley,2004,2004-03-09,precinct,B,2552,215,mismatch,,text
Wellesley,2004,2004-03-09,precinct,C,2519,132,mismatch,,text
Wellesley,2004,2004-03-09,precinct,D,2214,214,mismatch,,text
Wellesley,2004,2004-03-09,precinct,E,2398,267,mismatch,,text
Wellesley,2004,2004-03-09,precinct,F,1987,126,mismatch,,text
Wellesley,2004,2004-03-09,precinct,G,1373,72,mismatch,,text
Wellfleet,2004,2004-05-03,total,,2403,850,single,"a single undivided town, or no precinct detail printed",text
Wendell,2004,2004-05-02,total,,498,124,single,"a single undivided town, or no precinct detail printed",text
Wenham,2004,2004-05-01,total,,2456,927,single,"a single undivided town, or no precinct detail printed",text
West Boylston,2004,2004-04-06,total,,4541,270,checked,precincts sum to both printed totals,text
West Boylston,2004,2004-04-06,precinct,1,2032,124,checked,,text
West Boylston,2004,2004-04-06,precinct,2,2509,146,checked,,text
West Bridgewater,2004,2004-04-07,total,,4325,1355,checked,precincts sum to both printed totals,text
West Bridgewater,2004,2004-04-07,precinct,1,2218,688,checked,,text
West Bridgewater,2004,2004-04-07,precinct,2,2107,667,checked,,text
West Brookfield,2004,2004-05-04,total,,2459,224,single,"a single undivided town, or no precinct detail printed",text
West Newbury,2004,2004-05-03,total,,2963,1394,single,"a single undivided town, or no precinct detail printed",text
West Springfield,2004,,total,,,,no_election,the volume states no election was held this year,text
West Stockbridge,2004,2004-05-24,total,,1015,519,single,"a single undivided town, or no precinct detail printed",text
West Tisbury,2004,2004-04-01,total,,1997,756,mismatch,"precincts sum to 5200 registered, the printed total says 1997",text
West Tisbury,2004,2004-04-01,precinct,1,5200,4,mismatch,,text
Westborough,2004,2004-03-09,total,,10794,2984,mismatch,"precincts sum to 19994 registered, the printed total says 10794",text
Westborough,2004,2004-03-09,precinct,1,9200,4,mismatch,,text
Westborough,2004,2004-03-09,precinct,2,1742,409,mismatch,,text
Westborough,2004,2004-03-09,precinct,2,1998,379,mismatch,,text
Westborough,2004,2004-03-09,precinct,3,2199,571,mismatch,,text
Westborough,2004,2004-03-09,precinct,4,2490,865,mismatch,,text
Westborough,2004,2004-03-09,precinct,5,2365,760,mismatch,,text
Westford,2004,2004-05-04,total,,13855,1353,checked,precincts sum to both printed totals,text
Westford,2004,2004-05-04,precinct,1,2177,180,checked,,text
Westford,2004,2004-05-04,precinct,2,2309,277,checked,,text
Westford,2004,2004-05-04,precinct,3,2420,197,checked,,text
Westford,2004,2004-05-04,precinct,4,2350,225,checked,,text
Westford,2004,2004-05-04,precinct,5,2420,315,checked,,text
Westford,2004,2004-05-04,precinct,6,2179,159,checked,,text
Westhampton,2004,2004-06-05,total,,1174,38,single,"a single undivided town, or no precinct detail printed",text
Westminster,2004,2004-04-27,total,,4970,820,mismatch,"precincts sum to 32170 registered, the printed total says 4970",text
Westminster,2004,2004-04-27,precinct,1,27200,4,mismatch,,text
Westminster,2004,2004-04-27,precinct,2,2501,343,mismatch,,text
Westminster,2004,2004-04-27,precinct,2,2469,477,mismatch,,text
Weston,2004,2004-05-08,total,,6960,435,checked,precincts sum to both printed totals,text
Weston,2004,2004-05-08,precinct,1,3597,264,checked,,text
Weston,2004,2004-05-08,precinct,2,3363,171,checked,,text
Westport,2004,2004-04-06,total,,10145,3534,checked,precincts sum to both printed totals,text
Westport,2004,2004-04-06,precinct,1,1905,607,checked,,text
Westport,2004,2004-04-06,precinct,B,2330,960,checked,,text
Westport,2004,2004-04-06,precinct,C,1848,552,checked,,text
Westport,2004,2004-04-06,precinct,D,1851,577,checked,,text
Westport,2004,2004-04-06,precinct,E,2211,838,checked,,text
Westwood,2004,2004-04-27,total,,9056,184,mismatch,"precincts sum to 36256 registered, the printed total says 9056",text
Westwood,2004,2004-04-27,precinct,1,27200,4,mismatch,,text
Westwood,2004,2004-04-27,precinct,2,2230,47,mismatch,,text
Westwood,2004,2004-04-27,precinct,2,2308,51,mismatch,,text
Westwood,2004,2004-04-27,precinct,3,2349,51,mismatch,,text
Westwood,2004,2004-04-27,precinct,4,2169,35,mismatch,,text
Weymouth,2004,,total,,,,no_election,the volume states no election was held this year,text
Whately,2004,2004-05-18,total,,1074,411,single,"a single undivided town, or no precinct detail printed",text
Whitman,2004,2004-05-15,total,,8799,900,checked,precincts sum to both printed totals,text
Whitman,2004,2004-05-15,precinct,1,2224,238,checked,,text
Whitman,2004,2004-05-15,precinct,2,2183,218,checked,,text
Whitman,2004,2004-05-15,precinct,3,2222,226,checked,,text
Whitman,2004,2004-05-15,precinct,4,2170,218,checked,,text
Wilbraham,2004,2004-05-22,total,,9391,578,checked,precincts sum to both printed totals,text
Wilbraham,2004,2004-05-22,precinct,1,2370,125,checked,,text
Wilbraham,2004,2004-05-22,precinct,2,2353,110,checked,,text
Wilbraham,2004,2004-05-22,precinct,3,2286,126,checked,,text
Wilbraham,2004,2004-05-22,precinct,4,2382,217,checked,,text
Williamsburg,2004,2004-05-03,total,,1772,709,single,"a single undivided town, or no precinct detail printed",text
Williamstown,2004,2004-05-11,total,,4313,2206,checked,precincts sum to both printed totals,text
Williamstown,2004,2004-05-11,precinct,1,1715,936,checked,,text
Williamstown,2004,2004-05-11,precinct,2,713,281,checked,,text
Williamstown,2004,2004-05-11,precinct,3,1885,989,checked,,text
Wilmington,2004,2004-04-17,total,,14478,3279,checked,precincts sum to both printed totals,text
Wilmington,2004,2004-04-17,precinct,1,2310,431,checked,,text
Wilmington,2004,2004-04-17,precinct,2,2374,527,checked,,text
Wilmington,2004,2004-04-17,precinct,3,2438,542,checked,,text
Wilmington,2004,2004-04-17,precinct,4,2431,658,checked,,text
Wilmington,2004,2004-04-17,precinct,5,2586,626,checked,,text
Wilmington,2004,2004-04-17,precinct,6,2339,495,checked,,text
Winchendon,2004,2004-05-03,total,,5787,568,checked,precincts sum to both printed totals,text
Winchendon,2004,2004-05-03,precinct,1,1815,187,checked,,text
Winchendon,2004,2004-05-03,precinct,2,2030,168,checked,,text
Winchendon,2004,2004-05-03,precinct,3,1942,213,checked,,text
Winchester,2004,2004-03-30,total,,13246,6613,mismatch,"precincts sum to 11471 registered, the printed total says 13246",text
Winchester,2004,2004-03-30,precinct,1,1693,852,mismatch,,text
Winchester,2004,2004-03-30,precinct,2,1348,545,mismatch,,text
Winchester,2004,2004-03-30,precinct,3,1714,952,mismatch,,text
Winchester,2004,2004-03-30,precinct,4,4,1779,mismatch,,text
Winchester,2004,2004-03-30,precinct,5,1766,842,mismatch,,text
Winchester,2004,2004-03-30,precinct,6,1754,853,mismatch,,text
Winchester,2004,2004-03-30,precinct,7,1743,965,mismatch,,text
Winchester,2004,2004-03-30,precinct,8,1449,566,mismatch,,text
Windsor,2004,2004-05-10,total,,581,268,single,"a single undivided town, or no precinct detail printed",text
Winthrop,2004,2004-05-03,total,,11548,5445,checked,precincts sum to both printed totals,text
Winthrop,2004,2004-05-03,precinct,1,1882,970,checked,,text
Winthrop,2004,2004-05-03,precinct,2,1970,1079,checked,,text
Winthrop,2004,2004-05-03,precinct,3,1886,797,checked,,text
Winthrop,2004,2004-05-03,precinct,4,1890,817,checked,,text
Winthrop,2004,2004-05-03,precinct,5,2020,1071,checked,,text
Winthrop,2004,2004-05-03,precinct,6,1900,711,checked,,text
Worthington,2004,2004-05-01,total,,928,194,single,"a single undivided town, or no precinct detail printed",text
Wrentham,2004,2004-04-05,total,,6888,2186,checked,precincts sum to both printed totals,text
Wrentham,2004,2004-04-05,precinct,1,2211,694,checked,,text
Wrentham,2004,2004-04-05,precinct,2,2653,845,checked,,text
Wrentham,2004,2004-04-05,precinct,3,2024,647,checked,,text
Yarmouth,2004,2004-05-03,total,,16671,3472,checked,precincts sum to both printed totals,text
Yarmouth,2004,2004-05-03,precinct,1,2414,555,checked,,text
Yarmouth,2004,2004-05-03,precinct,2,2668,626,checked,,text
Yarmouth,2004,2004-05-03,precinct,3,1951,410,checked,,text
Yarmouth,2004,2004-05-03,precinct,4,2420,546,checked,,text
Yarmouth,2004,2004-05-03,precinct,5,2293,365,checked,,text
Yarmouth,2004,2004-05-03,precinct,6,2096,305,checked,,text
Yarmouth,2004,2004-05-03,precinct,7,2829,665,checked,,text
Abington,2006,2006-04-08,total,,9869,655,checked,precincts sum to both printed totals,text
Abington,2006,2006-04-08,precinct,1,2464,124,checked,,text
Abington,2006,2006-04-08,precinct,2,2211,162,checked,,text
Abington,2006,2006-04-08,precinct,3,2396,215,checked,,text
Abington,2006,2006-04-08,precinct,4,2798,154,checked,,text
Acushnet,2006,2006-04-03,total,,7516,1953,checked,precincts sum to both printed totals,text
Acushnet,2006,2006-04-03,precinct,1,2248,620,checked,,text
Acushnet,2006,2006-04-03,precinct,2,2653,728,checked,,text
Acushnet,2006,2006-04-03,precinct,3,2615,605,checked,,text
Agawam,2006,,total,,,,no_election,the volume states no election was held this year,text
Amherst,2006,2006-04-04,total,,16165,2552,checked,precincts sum to both printed totals; the TOTALS label was unreadable and was identified by the sum,text
Amherst,2006,2006-04-04,precinct,1,1502,140,checked,,text
Amherst,2006,2006-04-04,precinct,2,1469,318,checked,,text
Amherst,2006,2006-04-04,precinct,3,656,152,checked,,text
Amherst,2006,2006-04-04,precinct,4,400,6,checked,,text
Amherst,2006,2006-04-04,precinct,4,581,122,checked,,text
Amherst,2006,2006-04-04,precinct,5,1521,194,checked,,text
Amherst,2006,2006-04-04,precinct,6,467,3,checked,,text
Amherst,2006,2006-04-04,precinct,8,2080,375,checked,,text
Amherst,2006,2006-04-04,precinct,9,1900,312,checked,,text
Amherst,2006,2006-04-04,precinct,9,1275,284,checked,,text
Amherst,2006,2006-04-04,precinct,10,2435,488,checked,,text
Amherst,2006,2006-04-04,precinct,10,679,141,checked,,text
Amherst,2006,2006-04-04,precinct,12,803,12,checked,,text
Amherst,2006,2006-04-04,precinct,14,397,5,checked,,text
Aquinnah,2006,2006-05-01,total,,,,no_total,no TOTALS row was read,text
Aquinnah,2006,2006-05-01,precinct,S,394,157,no_total,,text
Ashby,2006,2006-04-24,total,,,,no_total,no TOTALS row was read,text
Ashby,2006,2006-04-24,precinct,1,1956,441,no_total,,text
Ashfield,2006,2006-05-06,total,,,,no_total,no TOTALS row was read,text
Ashfield,2006,2006-05-06,precinct,1,1230,266,no_total,,text
Ashland,2006,2006-05-02,total,,9987,1720,checked,precincts sum to both printed totals; the TOTALS label was unreadable and was identified by the sum,text
Ashland,2006,2006-05-02,precinct,1,2538,439,checked,,text
Ashland,2006,2006-05-02,precinct,2,2582,531,checked,,text
Ashland,2006,2006-05-02,precinct,3,2280,420,checked,,text
Ashland,2006,2006-05-02,precinct,4,2587,330,checked,,text
Athol,2006,2006-04-03,total,,,,no_total,no TOTALS row was read,text
Athol,2006,2006-04-03,precinct,1,2367,546,no_total,,text
Athol,2006,2006-04-03,precinct,2,2219,355,no_total,,text
Athol,2006,2006-04-03,precinct,3,2133,356,no_total,,text
Athol,2006,2006-04-03,precinct,4,6520,1341,no_total,,text
Auburn,2006,2006-05-18,total,,11314,2628,checked,precincts sum to both printed totals; the TOTALS label was unreadable and was identified by the sum,text
Auburn,2006,2006-05-18,precinct,1,2318,627,checked,,text
Auburn,2006,2006-05-18,precinct,2,2230,557,checked,,text
Auburn,2006,2006-05-18,precinct,3,2316,504,checked,,text
Auburn,2006,2006-05-18,precinct,4,2191,439,checked,,text
Auburn,2006,2006-05-18,precinct,5,2259,501,checked,,text
Avon,2006,2006-04-10,total,,,,no_total,no TOTALS row was read,text
Avon,2006,2006-04-10,precinct,1,2960,242,no_total,,text
Ayer,2006,2006-04-24,total,,4221,1034,checked,precincts sum to both printed totals; the TOTALS label was unreadable and was identified by the sum,text
Ayer,2006,2006-04-24,precinct,1,2214,610,checked,,text
Ayer,2006,2006-04-24,precinct,2,2007,424,checked,,text
Barnst,2006,,total,,,,no_election,the volume states no election was held this year,text
Barre,2006,2006-04-03,total,,3267,944,checked,precincts sum to both printed totals,text
Barre,2006,2006-04-03,precinct,1,1757,513,checked,,text
Barre,2006,2006-04-03,precinct,2,1510,431,checked,,text
Becket,2006,2006-05-20,total,,,,no_total,no TOTALS row was read,text
Becket,2006,2006-05-20,precinct,1,1154,291,no_total,,text
Bedford,2006,2006-03-11,total,,,,no_total,no TOTALS row was read,text
Bedford,2006,2006-03-11,precinct,1,11200,6,no_total,,text
Bedford,2006,2006-03-11,precinct,2,2238,138,no_total,,text
Bedford,2006,2006-03-11,precinct,3,2012,73,no_total,,text
Bedford,2006,2006-03-11,precinct,4,2381,110,no_total,,text
Bedford,2006,2006-03-11,precinct,5,2112,118,no_total,,text
Bedford,2006,2006-03-11,precinct,6,8743,439,no_total,,text
Belche,2006,2006-05-15,total,,8859,1432,checked,precincts sum to both printed totals; the TOTALS label was unreadable and was identified by the sum,text
Belche,2006,2006-05-15,precinct,1,2061,315,checked,,text
Belche,2006,2006-05-15,precinct,B,2282,322,checked,,text
Belche,2006,2006-05-15,precinct,C,2450,491,checked,,text
Belche,2006,2006-05-15,precinct,D,2066,304,checked,,text
Belmont,2006,2006-04-03,total,,15190,4760,checked,precincts sum to both printed totals; the TOTALS label was unreadable and was identified by the sum,text
Belmont,2006,2006-04-03,precinct,1,1931,301,checked,,text
Belmont,2006,2006-04-03,precinct,2,2091,868,checked,,text
Belmont,2006,2006-04-03,precinct,3,1679,524,checked,,text
Belmont,2006,2006-04-03,precinct,4,1753,467,checked,,text
Belmont,2006,2006-04-03,precinct,5,1883,532,checked,,text
Belmont,2006,2006-04-03,precinct,6,1896,720,checked,,text
Belmont,2006,2006-04-03,precinct,7,1841,503,checked,,text
Belmont,2006,2006-04-03,precinct,8,2116,845,checked,,text
Berkley,2006,2006-05-06,total,,,,no_total,no TOTALS row was read,text
Berkley,2006,2006-05-06,precinct,1,3412,1594,no_total,,text
Berlin,2006,2006-05-02,total,,1764,418,mismatch,"precincts sum to 19242 registered, the printed total says 1764",text
Berlin,2006,2006-05-02,precinct,1,1930,1209,mismatch,,text
Berlin,2006,2006-05-02,precinct,2,1795,1166,mismatch,,text
Berlin,2006,2006-05-02,precinct,3,1940,1243,mismatch,,text
Berlin,2006,2006-05-02,precinct,4,2138,1256,mismatch,,text
Berlin,2006,2006-05-02,precinct,5,1818,1050,mismatch,,text
Berlin,2006,2006-05-02,precinct,6,9621,5924,mismatch,,text
Bernar,2006,2006-05-01,total,,1499,82,single,"a single undivided town, or no precinct detail printed",text
Billerica,2006,2006-04-01,total,,22138,4700,checked,precincts sum to both printed totals,text
Billerica,2006,2006-04-01,precinct,1,2128,413,checked,,text
Billerica,2006,2006-04-01,precinct,2,2057,507,checked,,text
Billerica,2006,2006-04-01,precinct,3,1902,405,checked,,text
Billerica,2006,2006-04-01,precinct,4,1989,449,checked,,text
Billerica,2006,2006-04-01,precinct,5,2055,513,checked,,text
Billerica,2006,2006-04-01,precinct,6,2015,330,checked,,text
Billerica,2006,2006-04-01,precinct,7,2228,390,checked,,text
Billerica,2006,2006-04-01,precinct,8,1644,459,checked,,text
Billerica,2006,2006-04-01,precinct,9,1915,372,checked,,text
Billerica,2006,2006-04-01,precinct,10,2194,474,checked,,text
Billerica,2006,2006-04-01,precinct,11,2011,388,checked,,text
Blackstone,2006,2006-04-03,total,,5717,1206,checked,precincts sum to both printed totals,text
Blackstone,2006,2006-04-03,precinct,1,1796,340,checked,,text
Blackstone,2006,2006-04-03,precinct,2,1888,450,checked,,text
Blackstone,2006,2006-04-03,precinct,3,2033,416,checked,,text
Blandf,2006,2006-05-13,total,,794,2,single,"a single undivided town, or no precinct detail printed",text
Bourne,2006,2006-04-05,total,,12754,2562,checked,precincts sum to both printed totals; the TOTALS label was unreadable and was identified by the sum,text
Bourne,2006,2006-04-05,precinct,1,2118,331,checked,,text
Bourne,2006,2006-04-05,precinct,2,2192,343,checked,,text
Bourne,2006,2006-04-05,precinct,3,1974,401,checked,,text
Bourne,2006,2006-04-05,precinct,4,2292,386,checked,,text
Bourne,2006,2006-04-05,precinct,5,2462,613,checked,,text
Bourne,2006,2006-04-05,precinct,6,1716,488,checked,,text
Boxborough,2006,2006-05-15,total,,,,no_total,no TOTALS row was read,text
Boxborough,2006,2006-05-15,precinct,1,3000,555,no_total,,text
Boxford,2006,2006-05-16,total,,5637,889,checked,precincts sum to both printed totals; the TOTALS label was unreadable and was identified by the sum,text
Boxford,2006,2006-05-16,precinct,1,1790,208,checked,,text
Boxford,2006,2006-05-16,precinct,2,2005,350,checked,,text
Boxford,2006,2006-05-16,precinct,3,1842,331,checked,,text
Boylston,2006,2006-05-08,total,,,,no_total,no TOTALS row was read,text
Boylston,2006,2006-05-08,precinct,1,82,6,no_total,,text
Boylston,2006,2006-05-08,precinct,2,2804,277,no_total,,text
Braintree,2006,2006-04-04,total,,23480,6254,checked,precincts sum to both printed totals; the TOTALS label was unreadable and was identified by the sum,text
Braintree,2006,2006-04-04,precinct,1,1985,590,checked,,text
Braintree,2006,2006-04-04,precinct,2,1958,528,checked,,text
Braintree,2006,2006-04-04,precinct,3,1977,592,checked,,text
Braintree,2006,2006-04-04,precinct,4,1930,551,checked,,text
Braintree,2006,2006-04-04,precinct,5,1991,559,checked,,text
Braintree,2006,2006-04-04,precinct,6,1732,366,checked,,text
Braintree,2006,2006-04-04,precinct,7,1941,443,checked,,text
Braintree,2006,2006-04-04,precinct,8,1681,339,checked,,text
Braintree,2006,2006-04-04,precinct,9,2225,528,checked,,text
Braintree,2006,2006-04-04,precinct,10,1991,543,checked,,text
Braintree,2006,2006-04-04,precinct,11,2124,546,checked,,text
Braintree,2006,2006-04-04,precinct,12,1945,669,checked,,text
Brewster,2006,2006-05-16,total,,7861,272,checked,precincts sum to both printed totals; the TOTALS label was unreadable and was identified by the sum,text
Brewster,2006,2006-05-16,precinct,1,2632,88,checked,,text
Brewster,2006,2006-05-16,precinct,2,2686,112,checked,,text
Brewster,2006,2006-05-16,precinct,3,2543,72,checked,,text
Bridgewater,2006,2006-04-22,total,,13942,2805,checked,precincts sum to both printed totals; the TOTALS label was unreadable and was identified by the sum,text
Bridgewater,2006,2006-04-22,precinct,1,2597,581,checked,,text
Bridgewater,2006,2006-04-22,precinct,2,2579,613,checked,,text
Bridgewater,2006,2006-04-22,precinct,3,2590,464,checked,,text
Bridgewater,2006,2006-04-22,precinct,4,783,172,checked,,text
Bridgewater,2006,2006-04-22,precinct,5,1092,243,checked,,text
Bridgewater,2006,2006-04-22,precinct,6,2056,264,checked,,text
Bridgewater,2006,2006-04-22,precinct,7,2245,468,checked,,text
Brimfield,2006,2006-06-05,total,,,,no_total,no TOTALS row was read,text
Brimfield,2006,2006-06-05,precinct,1,52,6,no_total,,text
Brimfield,2006,2006-06-05,precinct,2,2022,102,no_total,,text
Brookfield,2006,2006-05-01,total,,,,no_total,no TOTALS row was read,text
Brookfield,2006,2006-05-01,precinct,1,12,6,no_total,,text
Brookfield,2006,2006-05-01,precinct,2,2137,246,no_total,,text
Brookline,2006,2006-05-02,total,,,,no_total,no TOTALS row was read,text
Brookline,2006,2006-05-02,precinct,1,22,6,no_total,,text
Brookline,2006,2006-05-02,precinct,2,2357,594,no_total,,text
Brookline,2006,2006-05-02,precinct,3,1854,138,no_total,,text
Brookline,2006,2006-05-02,precinct,4,2485,249,no_total,,text
Brookline,2006,2006-05-02,precinct,5,2095,259,no_total,,text
Brookline,2006,2006-05-02,precinct,6,2196,397,no_total,,text
Brookline,2006,2006-05-02,precinct,7,2206,336,no_total,,text
Brookline,2006,2006-05-02,precinct,8,2404,248,no_total,,text
Brookline,2006,2006-05-02,precinct,9,2271,268,no_total,,text
Brookline,2006,2006-05-02,precinct,10,2384,294,no_total,,text
Brookline,2006,2006-05-02,precinct,11,2456,169,no_total,,text
Buckland,2006,2006-05-01,total,,,,no_total,no TOTALS row was read,text
Buckland,2006,2006-05-01,precinct,1,1218,154,no_total,,text
Burlington,2006,2006-04-08,total,,13811,5593,checked,precincts sum to both printed totals; the TOTALS label was unreadable and was identified by the sum,text
Burlington,2006,2006-04-08,precinct,1,2521,1090,checked,,text
Burlington,2006,2006-04-08,precinct,2,2028,542,checked,,text
Burlington,2006,2006-04-08,precinct,3,2460,991,checked,,text
Burlington,2006,2006-04-08,precinct,4,2000,830,checked,,text
Burlington,2006,2006-04-08,precinct,5,2429,1108,checked,,text
Burlington,2006,2006-04-08,precinct,6,2373,1032,checked,,text
By-The-Sea,2006,2006-05-16,total,,3685,389,single,"a single undivided town, or no precinct detail printed",text
Canton,2006,2006-04-04,total,,13433,5432,checked,precincts sum to both printed totals; the TOTALS label was unreadable and was identified by the sum,text
Canton,2006,2006-04-04,precinct,1,2201,678,checked,,text
Canton,2006,2006-04-04,precinct,2,2255,1260,checked,,text
Canton,2006,2006-04-04,precinct,3,2137,986,checked,,text
Canton,2006,2006-04-04,precinct,4,2313,980,checked,,text
Canton,2006,2006-04-04,precinct,5,2323,890,checked,,text
Canton,2006,2006-04-04,precinct,6,2204,638,checked,,text
Carlisle,2006,2006-05-09,total,,,,no_total,no TOTALS row was read,text
Carlisle,2006,2006-05-09,precinct,1,3280,966,no_total,,text
Carver,2006,2006-04-22,total,,8023,2135,checked,precincts sum to both printed totals; the TOTALS label was unreadable and was identified by the sum,text
Carver,2006,2006-04-22,precinct,1,2755,725,checked,,text
Carver,2006,2006-04-22,precinct,2,2635,689,checked,,text
Carver,2006,2006-04-22,precinct,3,2633,721,checked,,text
Charlemont,2006,2006-05-01,total,,,,no_total,no TOTALS row was read,text
Charlemont,2006,2006-05-01,precinct,1,805,294,no_total,,text
Charlton,2006,2006-05-06,total,,13901,1117,checked,precincts sum to both printed totals; the TOTALS label was unreadable and was identified by the sum,text
Charlton,2006,2006-05-06,precinct,1,4424,370,checked,,text
Charlton,2006,2006-05-06,precinct,2,4732,332,checked,,text
Charlton,2006,2006-05-06,precinct,3,4745,415,checked,,text
Chelmsford,2006,2006-04-04,total,,22229,4967,checked,precincts sum to both printed totals; the TOTALS label was unreadable and was identified by the sum,text
Chelmsford,2006,2006-04-04,precinct,1,2429,593,checked,,text
Chelmsford,2006,2006-04-04,precinct,2,2277,306,checked,,text
Chelmsford,2006,2006-04-04,precinct,3,2358,538,checked,,text
Chelmsford,2006,2006-04-04,precinct,4,2297,420,checked,,text
Chelmsford,2006,2006-04-04,precinct,5,2453,526,checked,,text
Chelmsford,2006,2006-04-04,precinct,6,2602,728,checked,,text
Chelmsford,2006,2006-04-04,precinct,7,2692,671,checked,,text
Chelmsford,2006,2006-04-04,precinct,8,2574,652,checked,,text
Chelmsford,2006,2006-04-04,precinct,9,2547,533,checked,,text
Cheshire,2006,2006-05-01,total,,,,no_total,no TOTALS row was read,text
Cheshire,2006,2006-05-01,precinct,1,2230,688,no_total,,text
Chester,2006,2006-05-06,total,,770,306,single,"a single undivided town, or no precinct detail printed",text
Chesterfield,2006,2006-05-01,total,,816,69,single,"a single undivided town, or no precinct detail printed",text
Chilmark,2006,2006-04-26,total,,806,405,single,"a single undivided town, or no precinct detail printed",text
Clarksburg,2006,2006-05-16,total,,1149,632,single,"a single undivided town, or no precinct detail printed",text
Clinton,2006,2006-05-01,total,,8808,1955,checked,precincts sum to both printed totals,text
Clinton,2006,2006-05-01,precinct,1,2602,472,checked,,text
Clinton,2006,2006-05-01,precinct,2,2013,413,checked,,text
Clinton,2006,2006-05-01,precinct,3,2106,525,checked,,text
Clinton,2006,2006-05-01,precinct,4,2087,545,checked,,text
Cohasset,2006,2006-04-08,total,,5099,2455,checked,precincts sum to both printed totals,text
Cohasset,2006,2006-04-08,precinct,1,2614,1282,checked,,text
Cohasset,2006,2006-04-08,precinct,2,2485,1173,checked,,text
Colrain,2006,2006-05-02,total,,1054,135,single,"a single undivided town, or no precinct detail printed",text
Concord,2006,2006-03-28,total,,11613,3907,mismatch,"precincts sum to 39813 registered, the printed total says 11613",text
Concord,2006,2006-03-28,precinct,1,28200,6,mismatch,,text
Concord,2006,2006-03-28,precinct,2,1827,671,mismatch,,text
Concord,2006,2006-03-28,precinct,2,2427,817,mismatch,,text
Concord,2006,2006-03-28,precinct,3,2444,963,mismatch,,text
Concord,2006,2006-03-28,precinct,4,2406,734,mismatch,,text
Concord,2006,2006-03-28,precinct,5,2509,722,mismatch,,text
Conway,2006,2006-04-13,total,,1422,64,single,"a single undivided town, or no precinct detail printed",text
Cummington,2006,2006-05-05,total,,638,393,single,"a single undivided town, or no precinct detail printed",text
Dalton,2006,2006-05-08,total,,4393,1646,reg_only,registered voters sum; people who voted does not,text
Dalton,2006,2006-05-08,precinct,1,2217,345,reg_only,,text
Dalton,2006,2006-05-08,precinct,2,2176,314,reg_only,,text
Danvers,2006,2006-05-02,total,,15832,3820,reg_only,registered voters sum; people who voted does not,text
Danvers,2006,2006-05-02,precinct,1,1965,460,reg_only,,text
Danvers,2006,2006-05-02,precinct,2,2086,427,reg_only,,text
Danvers,2006,2006-05-02,precinct,3,1841,436,reg_only,,text
Danvers,2006,2006-05-02,precinct,4,1967,501,reg_only,,text
Danvers,2006,2006-05-02,precinct,5,1993,573,reg_only,,text
Danvers,2006,2006-05-02,precinct,6,1991,543,reg_only,,text
Danvers,2006,2006-05-02,precinct,7,2038,551,reg_only,,text
Danvers,2006,2006-05-02,precinct,8,1951,431,reg_only,,text
Dartmouth,2006,2006-04-03,total,,20341,4922,checked,precincts sum to both printed totals,text
Dartmouth,2006,2006-04-03,precinct,1,2053,239,checked,,text
Dartmouth,2006,2006-04-03,precinct,2,1577,273,checked,,text
Dartmouth,2006,2006-04-03,precinct,3,1175,159,checked,,text
Dartmouth,2006,2006-04-03,precinct,4,2080,388,checked,,text
Dartmouth,2006,2006-04-03,precinct,5,2358,597,checked,,text
Dartmouth,2006,2006-04-03,precinct,6,2135,458,checked,,text
Dartmouth,2006,2006-04-03,precinct,7,2187,438,checked,,text
Dartmouth,2006,2006-04-03,precinct,8,2022,612,checked,,text
Dartmouth,2006,2006-04-03,precinct,9,2435,998,checked,,text
Dartmouth,2006,2006-04-03,precinct,10,2319,760,checked,,text
Dedham,2006,2006-03-18,total,,15301,4310,mismatch,"precincts sum to 33501 registered, the printed total says 15301",text
Dedham,2006,2006-03-18,precinct,1,18200,6,mismatch,,text
Dedham,2006,2006-03-18,precinct,2,2077,552,mismatch,,text
Dedham,2006,2006-03-18,precinct,2,2247,487,mismatch,,text
Dedham,2006,2006-03-18,precinct,3,1992,443,mismatch,,text
Dedham,2006,2006-03-18,precinct,4,2407,888,mismatch,,text
Dedham,2006,2006-03-18,precinct,5,2103,601,mismatch,,text
Dedham,2006,2006-03-18,precinct,6,2155,590,mismatch,,text
Dedham,2006,2006-03-18,precinct,7,2320,749,mismatch,,text
Deerfield,2006,2006-05-01,total,,3548,240,single,"a single undivided town, or no precinct detail printed",text
Dennis,2006,2006-05-09,total,,11387,1231,checked,precincts sum to both printed totals,text
Dennis,2006,2006-05-09,precinct,1,2429,338,checked,,text
Dennis,2006,2006-05-09,precinct,2,2463,302,checked,,text
Dennis,2006,2006-05-09,precinct,3,1907,194,checked,,text
Dennis,2006,2006-05-09,precinct,4,2351,221,checked,,text
Dennis,2006,2006-05-09,precinct,5,2237,176,checked,,text
Dighton,2006,2006-04-04,total,,4274,1595,single,"a single undivided town, or no precinct detail printed",text
Douglas,2006,2006-05-09,total,,4938,1273,checked,precincts sum to both printed totals,text
Douglas,2006,2006-05-09,precinct,1,2516,619,checked,,text
Douglas,2006,2006-05-09,precinct,2,2422,654,checked,,text
Dover,2006,2006-05-15,total,,3744,1355,single,"a single undivided town, or no precinct detail printed",text
Dracut,2006,2006-05-01,total,,18386,2404,checked,precincts sum to both printed totals,text
Dracut,2006,2006-05-01,precinct,1,2133,258,checked,,text
Dracut,2006,2006-05-01,precinct,2,1911,268,checked,,text
Dracut,2006,2006-05-01,precinct,3,1988,301,checked,,text
Dracut,2006,2006-05-01,precinct,4,2131,222,checked,,text
Dracut,2006,2006-05-01,precinct,5,1988,264,checked,,text
Dracut,2006,2006-05-01,precinct,6,1989,218,checked,,text
Dracut,2006,2006-05-01,precinct,7,91,45,checked,,text
Dracut,2006,2006-05-01,precinct,7,1893,161,checked,,text
Dracut,2006,2006-05-01,precinct,8,2204,338,checked,,text
Dracut,2006,2006-05-01,precinct,9,2058,329,checked,,text
Dudley,2006,2006-05-18,total,,6744,1367,checked,precincts sum to both printed totals,text
Dudley,2006,2006-05-18,precinct,1,1654,360,checked,,text
Dudley,2006,2006-05-18,precinct,2,1572,291,checked,,text
Dudley,2006,2006-05-18,precinct,3,2012,436,checked,,text
Dudley,2006,2006-05-18,precinct,4,1506,280,checked,,text
Dunstable,2006,2006-05-15,total,,247,627,single,"a single undivided town, or no precinct detail printed",text
Duxbury,2006,2006-03-02,total,,10456,1182,mismatch,"precincts sum to 15656 registered, the printed total says 10456",text
Duxbury,2006,2006-03-02,precinct,1,5200,6,mismatch,,text
Duxbury,2006,2006-03-02,precinct,2,1813,192,mismatch,,text
Duxbury,2006,2006-03-02,precinct,2,2060,296,mismatch,,text
Duxbury,2006,2006-03-02,precinct,3,1734,183,mismatch,,text
Duxbury,2006,2006-03-02,precinct,4,1546,154,mismatch,,text
Duxbury,2006,2006-03-02,precinct,5,1586,126,mismatch,,text
Duxbury,2006,2006-03-02,precinct,6,1717,231,mismatch,,text
East,2006,2006-05-01,total,,,,no_total,no TOTALS row was read,text
East,2006,2006-05-01,precinct,1,1373,132,no_total,,text
East Bridgewater,2006,2006-04-08,total,,8041,2344,checked,precincts sum to both printed totals; the TOTALS label was unreadable and was identified by the sum,text
East Bridgewater,2006,2006-04-08,precinct,1,1952,616,checked,,text
East Bridgewater,2006,2006-04-08,precinct,2,2040,510,checked,,text
East Bridgewater,2006,2006-04-08,precinct,3,2081,639,checked,,text
East Bridgewater,2006,2006-04-08,precinct,4,1968,579,checked,,text
East Lo,2006,2006-04-01,total,,10429,1503,checked,precincts sum to both printed totals; the TOTALS label was unreadable and was identified by the sum,text
East Lo,2006,2006-04-01,precinct,1,2536,489,checked,,text
East Lo,2006,2006-04-01,precinct,2,2405,317,checked,,text
East Lo,2006,2006-04-01,precinct,3,2745,371,checked,,text
East Lo,2006,2006-04-01,precinct,4,2743,326,checked,,text
Eastham,2006,2006-05-16,total,,,,no_total,no TOTALS row was read,text
Eastham,2006,2006-05-16,precinct,1,4081,1534,no_total,,text
Easton,2006,2006-04-02,total,,14333,580,checked,precincts sum to both printed totals; the TOTALS label was unreadable and was identified by the sum,text
Easton,2006,2006-04-02,precinct,1,1715,67,checked,,text
Easton,2006,2006-04-02,precinct,2,2655,139,checked,,text
Easton,2006,2006-04-02,precinct,3,2467,67,checked,,text
Easton,2006,2006-04-02,precinct,4,2422,83,checked,,text
Easton,2006,2006-04-02,precinct,5,2639,147,checked,,text
Easton,2006,2006-04-02,precinct,6,2435,77,checked,,text
Edgartown,2006,2006-04-01,total,,,,no_total,no TOTALS row was read,text
Edgartown,2006,2006-04-01,precinct,1,2885,518,no_total,,text
Egremont,2006,2006-05-09,total,,,,no_total,no TOTALS row was read,text
Egremont,2006,2006-05-09,precinct,1,905,368,no_total,,text
Erving,2006,2006-05-01,total,,,,no_total,no TOTALS row was read,text
Erving,2006,2006-05-01,precinct,1,1087,74,no_total,,text
Essex,2006,2006-05-08,total,,,,no_total,no TOTALS row was read,text
Essex,2006,2006-05-08,precinct,1,2620,394,no_total,,text
Fairhaven,2006,2006-04-03,total,,10413,2071,checked,precincts sum to both printed totals; the TOTALS label was unreadable and was identified by the sum,text
Fairhaven,2006,2006-04-03,precinct,1,1744,317,checked,,text
Fairhaven,2006,2006-04-03,precinct,2,1835,349,checked,,text
Fairhaven,2006,2006-04-03,precinct,3,1600,294,checked,,text
Fairhaven,2006,2006-04-03,precinct,4,1694,312,checked,,text
Fairhaven,2006,2006-04-03,precinct,5,1712,461,checked,,text
Fairhaven,2006,2006-04-03,precinct,6,1828,338,checked,,text
Falmouth,2006,2006-05-16,total,,24632,7039,checked,precincts sum to both printed totals,text
Falmouth,2006,2006-05-16,precinct,1,2813,1109,checked,,text
Falmouth,2006,2006-05-16,precinct,2,2543,843,checked,,text
Falmouth,2006,2006-05-16,precinct,3,2752,778,checked,,text
Falmouth,2006,2006-05-16,precinct,4,2681,770,checked,,text
Falmouth,2006,2006-05-16,precinct,5,2981,985,checked,,text
Falmouth,2006,2006-05-16,precinct,6,2849,866,checked,,text
Falmouth,2006,2006-05-16,precinct,7,2534,525,checked,,text
Falmouth,2006,2006-05-16,precinct,8,2793,547,checked,,text
Falmouth,2006,2006-05-16,precinct,9,2686,616,checked,,text
Florida,2006,2006-05-01,total,,523,268,single,"a single undivided town, or no precinct detail printed",text
Foxbor,2006,2006-05-01,total,,,,no_total,no TOTALS row was read,text
Foxbor,2006,2006-05-01,precinct,1,1917,147,no_total,,text
Foxbor,2006,2006-05-01,precinct,2,2022,194,no_total,,text
Foxbor,2006,2006-05-01,precinct,3,2078,246,no_total,,text
Goshen,2006,2006-05-06,total,,,,no_total,no TOTALS row was read,text
Goshen,2006,2006-05-06,precinct,1,688,64,no_total,,text
Grafton,2006,2006-05-01,total,,10672,2472,checked,precincts sum to both printed totals; the TOTALS label was unreadable and was identified by the sum,text
Grafton,2006,2006-05-01,precinct,1,2469,463,checked,,text
Grafton,2006,2006-05-01,precinct,2,3029,703,checked,,text
Grafton,2006,2006-05-01,precinct,3,2614,781,checked,,text
Grafton,2006,2006-05-01,precinct,4,2560,525,checked,,text
Granby,2006,2006-05-15,total,,,,no_total,no TOTALS row was read,text
Granby,2006,2006-05-15,precinct,1,4162,840,no_total,,text
Greenfield,2006,2006-06-13,total,,10927,4397,checked,precincts sum to both printed totals,text
Greenfield,2006,2006-06-13,precinct,1,1281,530,checked,,text
Greenfield,2006,2006-06-13,precinct,2,1491,737,checked,,text
Greenfield,2006,2006-06-13,precinct,3,1128,455,checked,,text
Greenfield,2006,2006-06-13,precinct,4,1267,560,checked,,text
Greenfield,2006,2006-06-13,precinct,5,1247,528,checked,,text
Greenfield,2006,2006-06-13,precinct,6,1206,427,checked,,text
Greenfield,2006,2006-06-13,precinct,7,1180,438,checked,,text
Greenfield,2006,2006-06-13,precinct,8,1139,316,checked,,text
Greenfield,2006,2006-06-13,precinct,9,988,406,checked,,text
Groton,2006,2006-05-16,total,,6448,1156,checked,precincts sum to both printed totals,text
Groton,2006,2006-05-16,precinct,1,2157,451,checked,,text
Groton,2006,2006-05-16,precinct,2,2155,306,checked,,text
Groton,2006,2006-05-16,precinct,3,2136,399,checked,,text
Groveland,2006,2006-05-01,total,,4355,1633,single,"a single undivided town, or no precinct detail printed",text
Hadley,2006,2006-04-11,total,,3542,1151,single,"a single undivided town, or no precinct detail printed",text
Halifax,2006,2006-05-13,total,,4692,1034,checked,precincts sum to both printed totals,text
Halifax,2006,2006-05-13,precinct,1,2529,512,checked,,text
Halifax,2006,2006-05-13,precinct,2,2163,522,checked,,text
Hamilton,2006,2006-05-11,total,,5393,1621,checked,precincts sum to both printed totals,text
Hamilton,2006,2006-05-11,precinct,1,1995,544,checked,,text
Hamilton,2006,2006-05-11,precinct,2,1825,647,checked,,text
Hamilton,2006,2006-05-11,precinct,3,1573,430,checked,,text
Hampden,2006,2006-05-01,total,,3467,1130,single,"a single undivided town, or no precinct detail printed",text
Hancock,2006,2006-05-08,total,,499,66,single,"a single undivided town, or no precinct detail printed",text
Hanover,2006,2006-05-06,total,,8301,1833,checked,precincts sum to both printed totals,text
Hanover,2006,2006-05-06,precinct,1,2030,510,checked,,text
Hanover,2006,2006-05-06,precinct,2,2024,424,checked,,text
Hanover,2006,2006-05-06,precinct,3,2145,468,checked,,text
Hanover,2006,2006-05-06,precinct,4,2102,431,checked,,text
Hanson,2006,2006-05-20,total,,6394,1867,checked,precincts sum to both printed totals,text
Hanson,2006,2006-05-20,precinct,1,2060,637,checked,,text
Hanson,2006,2006-05-20,precinct,2,2097,657,checked,,text
Hanson,2006,2006-05-20,precinct,3,2237,573,checked,,text
Hardwick,2006,2006-04-10,total,,1736,997,single,"a single undivided town, or no precinct detail printed",text
Harvard,2006,2006-03-28,total,,2581,1794,single,"a single undivided town, or no precinct detail printed",text
Harwich,2006,2006-05-16,total,,9931,2463,checked,precincts sum to both printed totals,text
Harwich,2006,2006-05-16,precinct,1,2563,705,checked,,text
Harwich,2006,2006-05-16,precinct,2,2449,704,checked,,text
Harwich,2006,2006-05-16,precinct,3,2633,578,checked,,text
Harwich,2006,2006-05-16,precinct,4,2286,476,checked,,text
Hatfield,2006,2006-05-17,total,,2475,551,single,"a single undivided town, or no precinct detail printed",text
Hawley,2006,2006-05-01,total,,219,135,single,"a single undivided town, or no precinct detail printed",text
Heath,2006,2006-05-11,total,,499,66,mismatch,"precincts sum to 11386 registered, the printed total says 499",text
Heath,2006,2006-05-11,precinct,1,2713,682,mismatch,,text
Heath,2006,2006-05-11,precinct,2,2980,609,mismatch,,text
Heath,2006,2006-05-11,precinct,3,5693,1291,mismatch,,text
Hingham,2006,2006-04-02,total,,14925,3046,checked,precincts sum to both printed totals,text
Hingham,2006,2006-04-02,precinct,1,2303,478,checked,,text
Hingham,2006,2006-04-02,precinct,2,2444,472,checked,,text
Hingham,2006,2006-04-02,precinct,3,2493,573,checked,,text
Hingham,2006,2006-04-02,precinct,4,2466,480,checked,,text
Hingham,2006,2006-04-02,precinct,5,2360,504,checked,,text
Hingham,2006,2006-04-02,precinct,6,2859,539,checked,,text
Hinsdale,2006,2006-05-20,total,,1373,97,single,"a single undivided town, or no precinct detail printed",text
Holbrook,2006,2006-04-04,total,,6618,1603,checked,precincts sum to both printed totals,text
Holbrook,2006,2006-04-04,precinct,1,1648,387,checked,,text
Holbrook,2006,2006-04-04,precinct,2,1738,488,checked,,text
Holbrook,2006,2006-04-04,precinct,3,1617,399,checked,,text
Holbrook,2006,2006-04-04,precinct,4,1615,329,checked,,text
Holden,2006,2006-05-08,total,,11637,2468,checked,precincts sum to both printed totals,text
Holden,2006,2006-05-08,precinct,1,2152,387,checked,,text
Holden,2006,2006-05-08,precinct,2,2525,648,checked,,text
Holden,2006,2006-05-08,precinct,3,2366,618,checked,,text
Holden,2006,2006-05-08,precinct,4,2375,426,checked,,text
Holden,2006,2006-05-08,precinct,5,2219,389,checked,,text
Holland,2006,2006-06-12,total,,1512,212,single,"a single undivided town, or no precinct detail printed",text
Holliston,2006,2006-05-23,total,,9490,1929,checked,precincts sum to both printed totals,text
Holliston,2006,2006-05-23,precinct,1,2473,521,checked,,text
Holliston,2006,2006-05-23,precinct,2,2449,519,checked,,text
Holliston,2006,2006-05-23,precinct,3,2262,427,checked,,text
Holliston,2006,2006-05-23,precinct,4,2306,462,checked,,text
Hopedale,2006,2006-05-09,total,,3820,158,single,"a single undivided town, or no precinct detail printed",text
Hopkinton,2006,2006-05-15,total,,8569,4507,checked,precincts sum to both printed totals,text
Hopkinton,2006,2006-05-15,precinct,1,2146,1167,checked,,text
Hopkinton,2006,2006-05-15,precinct,2,2216,1174,checked,,text
Hopkinton,2006,2006-05-15,precinct,3,2199,1127,checked,,text
Hopkinton,2006,2006-05-15,precinct,4,2008,1039,checked,,text
Hubbardston,2006,2006-05-02,total,,2707,962,single,"a single undivided town, or no precinct detail printed",text
Hudson,2006,2006-05-08,total,,10622,599,checked,precincts sum to both printed totals,text
Hudson,2006,2006-05-08,precinct,1,1703,94,checked,,text
Hudson,2006,2006-05-08,precinct,2,1378,90,checked,,text
Hudson,2006,2006-05-08,precinct,3,1581,95,checked,,text
Hudson,2006,2006-05-08,precinct,4,1669,81,checked,,text
Hudson,2006,2006-05-08,precinct,5,1779,121,checked,,text
Hudson,2006,2006-05-08,precinct,6,1196,59,checked,,text
Hudson,2006,2006-05-08,precinct,7,1316,59,checked,,text
Huntington,2006,2006-05-30,total,,1255,215,single,"a single undivided town, or no precinct detail printed",text
Ipswich,2006,2006-04-11,total,,9158,278,checked,precincts sum to both printed totals,text
Ipswich,2006,2006-04-11,precinct,1,2080,86,checked,,text
Ipswich,2006,2006-04-11,precinct,2,2413,82,checked,,text
Ipswich,2006,2006-04-11,precinct,3,2349,50,checked,,text
Ipswich,2006,2006-04-11,precinct,4,2316,60,checked,,text
Kingston,2006,2006-04-22,total,,8152,1438,checked,precincts sum to both printed totals,text
Kingston,2006,2006-04-22,precinct,1,2011,343,checked,,text
Kingston,2006,2006-04-22,precinct,2,2115,396,checked,,text
Kingston,2006,2006-04-22,precinct,3,1941,356,checked,,text
Kingston,2006,2006-04-22,precinct,4,2085,343,checked,,text
Lakeville,2006,2006-04-03,total,,6746,1726,mismatch,"precincts sum to 6778 registered, the printed total says 6746",text
Lakeville,2006,2006-04-03,precinct,1,32,6,mismatch,,text
Lakeville,2006,2006-04-03,precinct,2,2201,469,mismatch,,text
Lakeville,2006,2006-04-03,precinct,2,2244,658,mismatch,,text
Lakeville,2006,2006-04-03,precinct,3,2301,599,mismatch,,text
Lancaster,2006,2006-05-08,total,,4048,329,mismatch,"precincts sum to 4050 registered, the printed total says 4048",text
Lancaster,2006,2006-05-08,precinct,1,2,6,mismatch,,text
Lancaster,2006,2006-05-08,precinct,2,1628,152,mismatch,,text
Lancaster,2006,2006-05-08,precinct,2,2420,177,mismatch,,text
Lanesborough,2006,2006-05-16,total,,2015,1075,single,"a single undivided town, or no precinct detail printed",text
Lee,2006,2006-04-21,total,,3889,272,checked,precincts sum to both printed totals,text
Lee,2006,2006-04-21,precinct,1,618,20,checked,,text
Lee,2006,2006-04-21,precinct,2,613,42,checked,,text
Lee,2006,2006-04-21,precinct,3,606,29,checked,,text
Lee,2006,2006-04-21,precinct,4,760,67,checked,,text
Lee,2006,2006-04-21,precinct,5,648,50,checked,,text
Lee,2006,2006-04-21,precinct,6,644,64,checked,,text
Leicester,2006,2006-04-03,total,,6345,1416,mismatch,"precincts sum to 6377 registered, the printed total says 6345",text
Leicester,2006,2006-04-03,precinct,1,32,6,mismatch,,text
Leicester,2006,2006-04-03,precinct,2,1569,394,mismatch,,text
Leicester,2006,2006-04-03,precinct,2,1504,297,mismatch,,text
Leicester,2006,2006-04-03,precinct,3,1640,316,mismatch,,text
Leicester,2006,2006-04-03,precinct,4,1632,409,mismatch,,text
Lenox,2006,2006-05-08,total,,3624,226,mismatch,"precincts sum to 2 registered, the printed total says 3624",text
Lenox,2006,2006-05-08,precinct,1,2,6,mismatch,,text
Leverett,2006,2006-04-29,total,,1331,237,single,"a single undivided town, or no precinct detail printed",text
Lexington,2006,2006-05-06,total,,,,no_total,no TOTALS row was read,text
Lexington,2006,2006-05-06,precinct,1,20,6,no_total,,text
Lexington,2006,2006-05-06,precinct,2,1917,625,no_total,,text
Lexington,2006,2006-05-06,precinct,2,2174,899,no_total,,text
Lexington,2006,2006-05-06,precinct,3,1870,621,no_total,,text
Lexington,2006,2006-05-06,precinct,4,2151,892,no_total,,text
Lexington,2006,2006-05-06,precinct,5,2092,835,no_total,,text
Lexington,2006,2006-05-06,precinct,6,2163,1002,no_total,,text
Lexington,2006,2006-05-06,precinct,7,2170,901,no_total,,text
Lexington,2006,2006-05-06,precinct,8,2021,789,no_total,,text
Lexington,2006,2006-05-06,precinct,9,2011,717,no_total,,text
Leyden,2006,2006-05-12,total,,535,207,single,"a single undivided town, or no precinct detail printed",text
Lincoln,2006,2006-03-27,total,,3655,1224,mismatch,"precincts sum to 30855 registered, the printed total says 3655",text
Lincoln,2006,2006-03-27,precinct,1,27200,6,mismatch,,text
Lincoln,2006,2006-03-27,precinct,2,1827,698,mismatch,,text
Lincoln,2006,2006-03-27,precinct,2,1689,525,mismatch,,text
Lincoln,2006,2006-03-27,precinct,3,139,1,mismatch,,text
Littleton,2006,2006-05-06,total,,5392,2048,checked,precincts sum to both printed totals,text
Littleton,2006,2006-05-06,precinct,1,1908,689,checked,,text
Littleton,2006,2006-05-06,precinct,2,1867,674,checked,,text
Littleton,2006,2006-05-06,precinct,3,1617,685,checked,,text
Longmeadow,2006,2006-06-06,total,,10860,2368,checked,precincts sum to both printed totals,text
Longmeadow,2006,2006-06-06,precinct,1,2225,591,checked,,text
Longmeadow,2006,2006-06-06,precinct,B,2076,511,checked,,text
Longmeadow,2006,2006-06-06,precinct,C,2028,402,checked,,text
Longmeadow,2006,2006-06-06,precinct,D,2301,455,checked,,text
Longmeadow,2006,2006-06-06,precinct,E,2230,409,checked,,text
Ludlow,2006,2006-03-27,total,,12913,4333,mismatch,"precincts sum to 40113 registered, the printed total says 12913",text
Ludlow,2006,2006-03-27,precinct,1,27200,6,mismatch,,text
Ludlow,2006,2006-03-27,precinct,2,2214,628,mismatch,,text
Ludlow,2006,2006-03-27,precinct,2,1932,624,mismatch,,text
Ludlow,2006,2006-03-27,precinct,3,2654,872,mismatch,,text
Ludlow,2006,2006-03-27,precinct,4,2304,868,mismatch,,text
Ludlow,2006,2006-03-27,precinct,5,1215,360,mismatch,,text
Ludlow,2006,2006-03-27,precinct,6,2594,981,mismatch,,text
Lunenburg,2006,2006-05-20,total,,6609,2458,checked,precincts sum to both printed totals,text
Lunenburg,2006,2006-05-20,precinct,1,1672,660,checked,,text
Lunenburg,2006,2006-05-20,precinct,B,1658,542,checked,,text
Lunenburg,2006,2006-05-20,precinct,C,1731,702,checked,,text
Lunenburg,2006,2006-05-20,precinct,D,1548,554,checked,,text
Lynnfield,2006,2006-04-10,total,,8362,2328,checked,precincts sum to both printed totals,text
Lynnfield,2006,2006-04-10,precinct,1,2134,633,checked,,text
Lynnfield,2006,2006-04-10,precinct,2,2148,525,checked,,text
Lynnfield,2006,2006-04-10,precinct,3,1869,451,checked,,text
Lynnfield,2006,2006-04-10,precinct,4,2211,719,checked,,text
Mansfield,2006,2006-05-09,total,,11329,1975,checked,precincts sum to both printed totals,text
Mansfield,2006,2006-05-09,precinct,1,2097,378,checked,,text
Mansfield,2006,2006-05-09,precinct,2,2103,425,checked,,text
Mansfield,2006,2006-05-09,precinct,3,1911,338,checked,,text
Mansfield,2006,2006-05-09,precinct,4,1850,212,checked,,text
Mansfield,2006,2006-05-09,precinct,5,1672,287,checked,,text
Mansfield,2006,2006-05-09,precinct,6,1696,335,checked,,text
Marblehead,2006,2006-05-08,total,,15044,2739,checked,precincts sum to both printed totals,text
Marblehead,2006,2006-05-08,precinct,1,2336,468,checked,,text
Marblehead,2006,2006-05-08,precinct,2,2066,334,checked,,text
Marblehead,2006,2006-05-08,precinct,3,2008,349,checked,,text
Marblehead,2006,2006-05-08,precinct,4,2205,413,checked,,text
Marblehead,2006,2006-05-08,precinct,5,2096,363,checked,,text
Marblehead,2006,2006-05-08,precinct,6,2180,403,checked,,text
Marblehead,2006,2006-05-08,precinct,7,2153,409,checked,,text
Marion,2006,2006-05-30,total,,3602,1284,single,"a single undivided town, or no precinct detail printed",text
Marshfield,2006,2006-04-02,total,,16325,2351,checked,precincts sum to both printed totals,text
Marshfield,2006,2006-04-02,precinct,1,2506,297,checked,,text
Marshfield,2006,2006-04-02,precinct,2,2471,344,checked,,text
Marshfield,2006,2006-04-02,precinct,3,2172,290,checked,,text
Marshfield,2006,2006-04-02,precinct,4,2032,232,checked,,text
Marshfield,2006,2006-04-02,precinct,5,2160,371,checked,,text
Marshfield,2006,2006-04-02,precinct,6,2597,505,checked,,text
Marshfield,2006,2006-04-02,precinct,7,2387,312,checked,,text
Mashpee,2006,2006-05-06,total,,9922,860,checked,precincts sum to both printed totals,text
Mashpee,2006,2006-05-06,precinct,1,2207,143,checked,,text
Mashpee,2006,2006-05-06,precinct,2,2134,173,checked,,text
Mashpee,2006,2006-05-06,precinct,3,1664,86,checked,,text
Mashpee,2006,2006-05-06,precinct,4,1868,151,checked,,text
Mashpee,2006,2006-05-06,precinct,5,2049,307,checked,,text
Mattapoisett,2006,2006-05-16,total,,4420,2380,checked,precincts sum to both printed totals,text
Mattapoisett,2006,2006-05-16,precinct,1,2298,1316,checked,,text
Mattapoisett,2006,2006-05-16,precinct,2,2122,1064,checked,,text
May,2006,2006-05-28,total,,12325,3033,mismatch,"precincts sum to 68405 registered, the printed total says 12325",text
May,2006,2006-05-28,precinct,1,1994,269,mismatch,,text
May,2006,2006-05-28,precinct,1,1102,285,mismatch,,text
May,2006,2006-05-28,precinct,1,2339,303,mismatch,,text
May,2006,2006-05-28,precinct,2,2094,511,mismatch,,text
May,2006,2006-05-28,precinct,2,1188,354,mismatch,,text
May,2006,2006-05-28,precinct,2,2341,264,mismatch,,text
May,2006,2006-05-28,precinct,2,2212,355,mismatch,,text
May,2006,2006-05-28,precinct,3,2294,701,mismatch,,text
May,2006,2006-05-28,precinct,3,1208,370,mismatch,,text
May,2006,2006-05-28,precinct,3,2501,287,mismatch,,text
May,2006,2006-05-28,precinct,3,2809,473,mismatch,,text
May,2006,2006-05-28,precinct,4,2024,589,mismatch,,text
May,2006,2006-05-28,precinct,4,1095,250,mismatch,,text
May,2006,2006-05-28,precinct,4,2130,244,mismatch,,text
May,2006,2006-05-28,precinct,5,1993,465,mismatch,,text
May,2006,2006-05-28,precinct,5,1271,387,mismatch,,text
May,2006,2006-05-28,precinct,5,2368,240,mismatch,,text
May,2006,2006-05-28,precinct,6,1926,498,mismatch,,text
May,2006,2006-05-28,precinct,6,2334,275,mismatch,,text
May,2006,2006-05-28,precinct,7,2417,316,mismatch,,text
May,2006,2006-05-28,precinct,S,21342,2519,mismatch,,text
May,2006,2006-05-28,precinct,19,2519,358,mismatch,,text
May,2006,2006-05-28,precinct,20,2393,232,mismatch,,text
May,2006,2006-05-28,precinct,22,2511,516,mismatch,,text
Maynard,2006,2006-05-01,total,,6806,1312,checked,precincts sum to both printed totals,text
Maynard,2006,2006-05-01,precinct,1,1660,353,checked,,text
Maynard,2006,2006-05-01,precinct,2,1629,298,checked,,text
Maynard,2006,2006-05-01,precinct,3,1773,363,checked,,text
Maynard,2006,2006-05-01,precinct,4,1744,298,checked,,text
Medfield,2006,2006-03-27,total,,7818,163,mismatch,"precincts sum to 35018 registered, the printed total says 7818",text
Medfield,2006,2006-03-27,precinct,1,27200,6,mismatch,,text
Medfield,2006,2006-03-27,precinct,2,1925,33,mismatch,,text
Medfield,2006,2006-03-27,precinct,2,1985,46,mismatch,,text
Medfield,2006,2006-03-27,precinct,3,2025,43,mismatch,,text
Medfield,2006,2006-03-27,precinct,4,1883,41,mismatch,,text
Medway,2006,2006-05-01,total,,8144,2004,checked,precincts sum to both printed totals,text
Medway,2006,2006-05-01,precinct,1,2161,473,checked,,text
Medway,2006,2006-05-01,precinct,2,1943,458,checked,,text
Medway,2006,2006-05-01,precinct,3,1972,510,checked,,text
Medway,2006,2006-05-01,precinct,4,2068,563,checked,,text
Mendon,2006,2006-05-01,total,,3829,1136,single,"a single undivided town, or no precinct detail printed",text
Merrimac,2006,2006-05-08,total,,3843,1474,single,"a single undivided town, or no precinct detail printed",text
Methuen,2006,,total,,,,no_election,the volume states no election was held this year,text
Middleborough,2006,2006-04-01,total,,14000,541,checked,precincts sum to both printed totals,text
Middleborough,2006,2006-04-01,precinct,1,3184,123,checked,,text
Middleborough,2006,2006-04-01,precinct,2,2056,92,checked,,text
Middleborough,2006,2006-04-01,precinct,3,2266,84,checked,,text
Middleborough,2006,2006-04-01,precinct,4,1846,100,checked,,text
Middleborough,2006,2006-04-01,precinct,5,2528,61,checked,,text
Middleborough,2006,2006-04-01,precinct,6,2120,81,checked,,text
Middlefield,2006,2006-05-06,total,,350,83,single,"a single undivided town, or no precinct detail printed",text
Middleton,2006,2006-05-17,total,,,,no_total,no TOTALS row was read,text
Middleton,2006,2006-05-17,precinct,1,1,643,no_total,,text
Middleton,2006,2006-05-17,precinct,2,2,381,no_total,,text
Middleton,2006,2006-05-17,precinct,3,4699,1024,no_total,,text
Milford,2006,2006-04-03,total,,,,no_total,no TOTALS row was read,text
Milford,2006,2006-04-03,precinct,1,1,321,no_total,,text
Milford,2006,2006-04-03,precinct,2,2,422,no_total,,text
Milford,2006,2006-04-03,precinct,3,3,373,no_total,,text
Milford,2006,2006-04-03,precinct,4,4,532,no_total,,text
Milford,2006,2006-04-03,precinct,5,5,,no_total,,text
Milford,2006,2006-04-03,precinct,6,6,472,no_total,,text
Milford,2006,2006-04-03,precinct,7,373,,no_total,,text
Milford,2006,2006-04-03,precinct,8,4125,2975,no_total,,text
Millbury,2006,2006-04-25,total,,,,no_total,no TOTALS row was read,text
Millbury,2006,2006-04-25,precinct,1,1,404,no_total,,text
Millbury,2006,2006-04-25,precinct,2,2,560,no_total,,text
Millbury,2006,2006-04-25,precinct,3,3,419,no_total,,text
Millbury,2006,2006-04-25,precinct,4,4,406,no_total,,text
Millbury,2006,2006-04-25,precinct,5,1789,,no_total,,text
Millis,2006,2006-05-01,total,,,,no_total,no TOTALS row was read,text
Millis,2006,2006-05-01,precinct,1,1,706,no_total,,text
Millis,2006,2006-05-01,precinct,2,2,755,no_total,,text
Millis,2006,2006-05-01,precinct,3,3,942,no_total,,text
Millis,2006,2006-05-01,precinct,4,4979,,no_total,,text
Millville,2006,2006-04-03,total,,,,no_total,no TOTALS row was read,text
Millville,2006,2006-04-03,precinct,1,1811,158,no_total,,text
Milton,2006,2006-04-25,total,,6306,,mismatch,"precincts sum to 66 registered, the printed total says 6306",text
Milton,2006,2006-04-25,precinct,1,1,266,mismatch,,text
Milton,2006,2006-04-25,precinct,2,2,588,mismatch,,text
Milton,2006,2006-04-25,precinct,3,3,586,mismatch,,text
Milton,2006,2006-04-25,precinct,4,4,572,mismatch,,text
Milton,2006,2006-04-25,precinct,5,5,480,mismatch,,text
Milton,2006,2006-04-25,precinct,6,6,659,mismatch,,text
Milton,2006,2006-04-25,precinct,7,7,581,mismatch,,text
Milton,2006,2006-04-25,precinct,8,8,704,mismatch,,text
Milton,2006,2006-04-25,precinct,9,9,747,mismatch,,text
Milton,2006,2006-04-25,precinct,10,10,714,mismatch,,text
Milton,2006,2006-04-25,precinct,11,11,409,mismatch,,text
Monroe,2006,2006-05-01,total,,68,24,single,"a single undivided town, or no precinct detail printed",text
Monson,2006,2006-04-03,total,,5369,868,mismatch,"precincts sum to 868 registered, the printed total says 5369",text
Monson,2006,2006-04-03,precinct,1,238,,mismatch,,text
Monson,2006,2006-04-03,precinct,2,299,,mismatch,,text
Monson,2006,2006-04-03,precinct,3,331,,mismatch,,text
Montague,2006,,total,,4411,451,checked,precincts sum to both printed totals,text
Montague,2006,,precinct,1,934,130,checked,,text
Montague,2006,,precinct,2,758,73,checked,,text
Montague,2006,,precinct,3,783,79,checked,,text
Montague,2006,,precinct,4,780,75,checked,,text
Montague,2006,,precinct,5,470,49,checked,,text
Montague,2006,,precinct,6,686,45,checked,,text
Monterey,2006,,total,,649,309,single,"a single undivided town, or no precinct detail printed",text
Montgo,2006,2006-05-01,total,,563,52,single,"a single undivided town, or no precinct detail printed",text
Mount Washington,2006,2006-05-09,total,,109,33,single,"a single undivided town, or no precinct detail printed",text
Nahant,2006,2006-04-02,total,,2547,357,single,"a single undivided town, or no precinct detail printed",text
Nantucket,2006,2006-04-01,total,,7888,3409,single,"a single undivided town, or no precinct detail printed",text
Natick,2006,2006-03-28,total,,19548,5460,mismatch,"precincts sum to 2079 registered, the printed total says 19548",text
Natick,2006,2006-03-28,precinct,1,133,,mismatch,,text
Natick,2006,2006-03-28,precinct,2,1894,636,mismatch,,text
Natick,2006,2006-03-28,precinct,3,3,583,mismatch,,text
Natick,2006,2006-03-28,precinct,4,4,460,mismatch,,text
Natick,2006,2006-03-28,precinct,5,5,469,mismatch,,text
Natick,2006,2006-03-28,precinct,6,6,550,mismatch,,text
Natick,2006,2006-03-28,precinct,7,7,640,mismatch,,text
Natick,2006,2006-03-28,precinct,8,8,549,mismatch,,text
Natick,2006,2006-03-28,precinct,9,9,603,mismatch,,text
Natick,2006,2006-03-28,precinct,10,10,837,mismatch,,text
Needham,2006,2006-04-11,total,,18315,7885,mismatch,"precincts sum to 6884 registered, the printed total says 18315",text
Needham,2006,2006-04-11,precinct,1,585,,mismatch,,text
Needham,2006,2006-04-11,precinct,B,634,,mismatch,,text
Needham,2006,2006-04-11,precinct,C,718,,mismatch,,text
Needham,2006,2006-04-11,precinct,D,745,,mismatch,,text
Needham,2006,2006-04-11,precinct,E,843,,mismatch,,text
Needham,2006,2006-04-11,precinct,F,768,,mismatch,,text
Needham,2006,2006-04-11,precinct,G,887,,mismatch,,text
Needham,2006,2006-04-11,precinct,I,971,,mismatch,,text
Needham,2006,2006-04-11,precinct,J,733,,mismatch,,text
New Braintree,2006,2006-05-01,total,,636,94,single,"a single undivided town, or no precinct detail printed",text
New Marlborough,2006,2006-05-08,total,,1095,619,single,"a single undivided town, or no precinct detail printed",text
New Salem,2006,2006-05-01,total,,678,200,single,"a single undivided town, or no precinct detail printed",text
Newbury,2006,2006-05-09,total,,4840,2463,mismatch,"precincts sum to 2 registered, the printed total says 4840",text
Newbury,2006,2006-05-09,precinct,2,2,,mismatch,,text
Norfolk,2006,2006-05-02,total,,5800,1265,mismatch,"precincts sum to 1010 registered, the printed total says 5800",text
Norfolk,2006,2006-05-02,precinct,1,429,,mismatch,,text
Norfolk,2006,2006-05-02,precinct,2,2,395,mismatch,,text
Norfolk,2006,2006-05-02,precinct,3,3,337,mismatch,,text
Norfolk,2006,2006-05-02,precinct,4,576,104,mismatch,,text
North,2006,2006-04-04,total,,18229,3355,checked,precincts sum to both printed totals; the TOTALS label was unreadable and was identified by the sum,text
North,2006,2006-04-04,precinct,1,1656,197,checked,,text
North,2006,2006-04-04,precinct,2,1845,401,checked,,text
North,2006,2006-04-04,precinct,3,2449,522,checked,,text
North,2006,2006-04-04,precinct,4,1788,241,checked,,text
North,2006,2006-04-04,precinct,5,1796,241,checked,,text
North,2006,2006-04-04,precinct,6,1995,516,checked,,text
North,2006,2006-04-04,precinct,7,2176,433,checked,,text
North,2006,2006-04-04,precinct,8,2417,488,checked,,text
North,2006,2006-04-04,precinct,9,2107,316,checked,,text
North Andover,2006,2006-03-28,total,,,,no_total,no TOTALS row was read,text
North Andover,2006,2006-03-28,precinct,1,429,,no_total,,text
North Andover,2006,2006-03-28,precinct,2,2,514,no_total,,text
North Andover,2006,2006-03-28,precinct,3,3,360,no_total,,text
North Andover,2006,2006-03-28,precinct,4,4,464,no_total,,text
North Andover,2006,2006-03-28,precinct,5,5,133,no_total,,text
North Andover,2006,2006-03-28,precinct,6,6,497,no_total,,text
North Andover,2006,2006-03-28,precinct,7,7,418,no_total,,text
North Andover,2006,2006-03-28,precinct,8,8,400,no_total,,text
North Brookfield,2006,2006-05-05,total,,,,no_total,no TOTALS row was read,text
North Brookfield,2006,2006-05-05,precinct,1,2744,723,no_total,,text
North Reading,2006,2006-05-02,total,,9494,1036,checked,precincts sum to both printed totals; the TOTALS label was unreadable and was identified by the sum,text
North Reading,2006,2006-05-02,precinct,1,2606,312,checked,,text
North Reading,2006,2006-05-02,precinct,2,2240,196,checked,,text
North Reading,2006,2006-05-02,precinct,3,2193,237,checked,,text
North Reading,2006,2006-05-02,precinct,4,2455,291,checked,,text
Northborough,2006,2006-05-17,total,,8978,3522,checked,precincts sum to both printed totals; the TOTALS label was unreadable and was identified by the sum,text
Northborough,2006,2006-05-17,precinct,1,2229,863,checked,,text
Northborough,2006,2006-05-17,precinct,2,2235,796,checked,,text
Northborough,2006,2006-05-17,precinct,3,2196,894,checked,,text
Northborough,2006,2006-05-17,precinct,4,2318,969,checked,,text
Northbridge,2006,2006-05-16,total,,6449,1827,checked,precincts sum to both printed totals; the TOTALS label was unreadable and was identified by the sum,text
Northbridge,2006,2006-05-16,precinct,1,2316,487,checked,,text
Northbridge,2006,2006-05-16,precinct,2,2297,414,checked,,text
Northbridge,2006,2006-05-16,precinct,3,1607,341,checked,,text
Northbridge,2006,2006-05-16,precinct,4,229,585,checked,,text
Northfield,2006,2006-05-02,total,,,,no_total,no TOTALS row was read,text
Northfield,2006,2006-05-02,precinct,1,2104,410,no_total,,text
Norton,2006,2006-04-25,total,,10479,1848,checked,precincts sum to both printed totals; the TOTALS label was unreadable and was identified by the sum,text
Norton,2006,2006-04-25,precinct,1,2352,436,checked,,text
Norton,2006,2006-04-25,precinct,2,2459,415,checked,,text
Norton,2006,2006-04-25,precinct,3,2144,318,checked,,text
Norton,2006,2006-04-25,precinct,4,2179,402,checked,,text
Norton,2006,2006-04-25,precinct,5,1345,277,checked,,text
Norw,2006,2006-04-03,total,,15812,6875,checked,precincts sum to both printed totals; the TOTALS label was unreadable and was identified by the sum,text
Norw,2006,2006-04-03,precinct,1,1851,836,checked,,text
Norw,2006,2006-04-03,precinct,2,1654,794,checked,,text
Norw,2006,2006-04-03,precinct,3,1748,827,checked,,text
Norw,2006,2006-04-03,precinct,4,2096,1214,checked,,text
Norw,2006,2006-04-03,precinct,5,1067,325,checked,,text
Norw,2006,2006-04-03,precinct,6,1626,576,checked,,text
Norw,2006,2006-04-03,precinct,7,1864,711,checked,,text
Norw,2006,2006-04-03,precinct,8,1870,653,checked,,text
Norw,2006,2006-04-03,precinct,9,2036,939,checked,,text
Norwell,2006,2006-03-11,total,,,,no_total,no TOTALS row was read,text
Norwell,2006,2006-03-11,precinct,1,11200,6,no_total,,text
Norwell,2006,2006-03-11,precinct,2,2221,835,no_total,,text
Norwell,2006,2006-03-11,precinct,3,2422,1134,no_total,,text
Norwell,2006,2006-03-11,precinct,4,2335,1035,no_total,,text
Norwell,2006,2006-03-11,precinct,5,6978,3004,no_total,,text
ODD,2006,,total,,,,no_election,the volume states no election was held this year,text
Oak,2006,2006-04-13,total,,,,no_total,no TOTALS row was read,text
Oak,2006,2006-04-13,precinct,1,3117,959,no_total,,text
Oakham,2006,2006-05-15,total,,1170,158,single,"a single undivided town, or no precinct detail printed",text
Orange,2006,2006-03-06,total,,826,,mismatch,"precincts sum to 440 registered, the printed total says 826",text
Orange,2006,2006-03-06,precinct,1,438,,mismatch,,text
Orange,2006,2006-03-06,precinct,2,2,388,mismatch,,text
Orleans,2006,2006-05-16,total,,5314,167,checked,precincts sum to both printed totals,text
Orleans,2006,2006-05-16,precinct,1,2719,12,checked,,text
Orleans,2006,2006-05-16,precinct,2,2595,155,checked,,text
Otis,2006,2006-05-23,total,,1006,407,single,"a single undivided town, or no precinct detail printed",text
Oxford,2006,2006-05-16,total,,8357,1070,checked,precincts sum to both printed totals,text
Oxford,2006,2006-05-16,precinct,1,2140,273,checked,,text
Oxford,2006,2006-05-16,precinct,2,1991,223,checked,,text
Oxford,2006,2006-05-16,precinct,3,2184,295,checked,,text
Oxford,2006,2006-05-16,precinct,4,2042,279,checked,,text
Palmer,2006,,total,,,,no_election,the volume states no election was held this year,text
Paxton,2006,2006-05-08,total,,3226,388,single,"a single undivided town, or no precinct detail printed",text
Pelham,2006,2006-05-06,total,,1006,285,single,"a single undivided town, or no precinct detail printed",text
Pembroke,2006,2006-04-02,total,,10992,525,checked,precincts sum to both printed totals,text
Pembroke,2006,2006-04-02,precinct,1,2276,89,checked,,text
Pembroke,2006,2006-04-02,precinct,2,2117,99,checked,,text
Pembroke,2006,2006-04-02,precinct,3,2290,147,checked,,text
Pembroke,2006,2006-04-02,precinct,4,2249,93,checked,,text
Pembroke,2006,2006-04-02,precinct,5,2060,97,checked,,text
Pepperell,2006,2006-04-02,total,,7379,175,checked,precincts sum to both printed totals,text
Pepperell,2006,2006-04-02,precinct,1,2533,47,checked,,text
Pepperell,2006,2006-04-02,precinct,2,2429,63,checked,,text
Pepperell,2006,2006-04-02,precinct,3,2417,65,checked,,text
Peru,2006,2006-06-10,total,,484,139,single,"a single undivided town, or no precinct detail printed",text
Petersham,2006,2006-03-06,total,,911,164,single,"a single undivided town, or no precinct detail printed",text
Phillipston,2006,2006-05-02,total,,1051,272,single,"a single undivided town, or no precinct detail printed",text
Plainfield,2006,2006-05-06,total,,404,285,single,"a single undivided town, or no precinct detail printed",text
Plainville,2006,2006-04-03,total,,5100,706,checked,precincts sum to both printed totals,text
Plainville,2006,2006-04-03,precinct,1,2322,300,checked,,text
Plainville,2006,2006-04-03,precinct,2,2778,406,checked,,text
Plymouth,2006,2006-05-13,total,,,,no_total,no TOTALS row was read,text
Plymouth,2006,2006-05-13,precinct,1,1967,388,no_total,,text
Plymouth,2006,2006-05-13,precinct,2,2652,593,no_total,,text
Plymouth,2006,2006-05-13,precinct,3,2044,427,no_total,,text
Plymouth,2006,2006-05-13,precinct,4,2436,732,no_total,,text
Plymouth,2006,2006-05-13,precinct,5,3082,688,no_total,,text
Plymouth,2006,2006-05-13,precinct,6,26,537,no_total,,text
Rockport,2006,2006-05-02,total,,5070,1703,checked,precincts sum to both printed totals,text
Rockport,2006,2006-05-02,precinct,1,1317,448,checked,,text
Rockport,2006,2006-05-02,precinct,2,1736,522,checked,,text
Rockport,2006,2006-05-02,precinct,3,2017,733,checked,,text
Rowe,2006,2006-05-13,total,,289,229,single,"a single undivided town, or no precinct detail printed",text
Rowley,2006,2006-05-09,total,,3768,1553,single,"a single undivided town, or no precinct detail printed",text
Royalston,2006,2006-04-03,total,,924,270,checked,precincts sum to both printed totals,text
Royalston,2006,2006-04-03,precinct,1,545,157,checked,,text
Royalston,2006,2006-04-03,precinct,2,379,113,checked,,text
Russell,2006,2006-05-06,total,,943,529,single,"a single undivided town, or no precinct detail printed",text
Rutland,2006,2006-05-08,total,,4353,1464,checked,precincts sum to both printed totals,text
Rutland,2006,2006-05-08,precinct,1,2149,720,checked,,text
Rutland,2006,2006-05-08,precinct,2,2204,744,checked,,text
Salisbury,2006,2006-05-09,total,,5418,1931,checked,precincts sum to both printed totals,text
Salisbury,2006,2006-05-09,precinct,1,2619,1008,checked,,text
Salisbury,2006,2006-05-09,precinct,2,2799,923,checked,,text
Sandisfield,2006,2006-05-15,total,,528,313,single,"a single undivided town, or no precinct detail printed",text
Sandwich,2006,2006-05-04,total,,13351,2894,checked,precincts sum to both printed totals,text
Sandwich,2006,2006-05-04,precinct,1,2130,580,checked,,text
Sandwich,2006,2006-05-04,precinct,2,2162,542,checked,,text
Sandwich,2006,2006-05-04,precinct,3,1989,460,checked,,text
Sandwich,2006,2006-05-04,precinct,4,1898,310,checked,,text
Sandwich,2006,2006-05-04,precinct,5,1847,352,checked,,text
Sandwich,2006,2006-05-04,precinct,6,1662,367,checked,,text
Sandwich,2006,2006-05-04,precinct,7,1663,283,checked,,text
Saugus,2006,,total,,,,no_election,the volume states no election was held this year,text
Savoy,2006,2006-05-09,total,,489,62,single,"a single undivided town, or no precinct detail printed",text
Scituate,2006,2006-04-01,total,,13490,2319,checked,precincts sum to both printed totals,text
Scituate,2006,2006-04-01,precinct,1,2139,401,checked,,text
Scituate,2006,2006-04-01,precinct,2,2177,427,checked,,text
Scituate,2006,2006-04-01,precinct,3,2931,386,checked,,text
Scituate,2006,2006-04-01,precinct,4,2204,433,checked,,text
Scituate,2006,2006-04-01,precinct,5,1952,376,checked,,text
Scituate,2006,2006-04-01,precinct,6,2087,296,checked,,text
Seekonk,2006,2006-04-03,total,,8701,1385,checked,precincts sum to both printed totals,text
Seekonk,2006,2006-04-03,precinct,1,2207,318,checked,,text
Seekonk,2006,2006-04-03,precinct,2,2188,400,checked,,text
Seekonk,2006,2006-04-03,precinct,3,2246,333,checked,,text
Seekonk,2006,2006-04-03,precinct,4,2060,334,checked,,text
Sharon,2006,2006-05-16,total,,11548,3051,checked,precincts sum to both printed totals,text
Sharon,2006,2006-05-16,precinct,1,2297,590,checked,,text
Sharon,2006,2006-05-16,precinct,2,2291,664,checked,,text
Sharon,2006,2006-05-16,precinct,3,2391,696,checked,,text
Sharon,2006,2006-05-16,precinct,4,2239,567,checked,,text
Sharon,2006,2006-05-16,precinct,5,2330,534,checked,,text
Sheffield,2006,2006-05-08,total,,2185,617,single,"a single undivided town, or no precinct detail printed",text
Shelburne,2006,2006-06-10,total,,1202,390,single,"a single undivided town, or no precinct detail printed",text
Sherborn,2006,2006-04-19,total,,2829,1247,single,"a single undivided town, or no precinct detail printed",text
Shirley,2006,2006-05-09,total,,3436,680,single,"a single undivided town, or no precinct detail printed",text
Shrewsbury,2006,2006-05-02,total,,20762,6116,checked,precincts sum to both printed totals,text
Shrewsbury,2006,2006-05-02,precinct,1,2367,806,checked,,text
Shrewsbury,2006,2006-05-02,precinct,2,2253,628,checked,,text
Shrewsbury,2006,2006-05-02,precinct,3,1945,445,checked,,text
Shrewsbury,2006,2006-05-02,precinct,4,2419,608,checked,,text
Shrewsbury,2006,2006-05-02,precinct,5,2293,629,checked,,text
Shrewsbury,2006,2006-05-02,precinct,6,2228,691,checked,,text
Shrewsbury,2006,2006-05-02,precinct,7,2555,892,checked,,text
Shrewsbury,2006,2006-05-02,precinct,8,2687,893,checked,,text
Shrewsbury,2006,2006-05-02,precinct,9,2015,524,checked,,text
Shutesbury,2006,2006-05-06,total,,1358,418,single,"a single undivided town, or no precinct detail printed",text
Somerset,2006,2006-05-08,total,,12225,4008,checked,precincts sum to both printed totals,text
Somerset,2006,2006-05-08,precinct,1,2530,866,checked,,text
Somerset,2006,2006-05-08,precinct,2,2561,1027,checked,,text
Somerset,2006,2006-05-08,precinct,3,2513,811,checked,,text
Somerset,2006,2006-05-08,precinct,4,2304,684,checked,,text
Somerset,2006,2006-05-08,precinct,5,2317,620,checked,,text
South Hadley,2006,2006-04-03,total,,10302,1545,checked,precincts sum to both printed totals,text
South Hadley,2006,2006-04-03,precinct,1,1981,228,checked,,text
South Hadley,2006,2006-04-03,precinct,B,2259,337,checked,,text
South Hadley,2006,2006-04-03,precinct,C,2280,368,checked,,text
South Hadley,2006,2006-04-03,precinct,D,1353,232,checked,,text
South Hadley,2006,2006-04-03,precinct,E,2429,380,checked,,text
Southampton,2006,2006-05-01,total,,3511,845,single,"a single undivided town, or no precinct detail printed",text
Southborough,2006,2006-05-08,total,,6047,1402,checked,precincts sum to both printed totals,text
Southborough,2006,2006-05-08,precinct,1,2198,488,checked,,text
Southborough,2006,2006-05-08,precinct,2,1912,471,checked,,text
Southborough,2006,2006-05-08,precinct,3,1937,443,checked,,text
Southbridge,2006,2006-06-27,total,,11432,5143,checked,precincts sum to both printed totals,text
Southbridge,2006,2006-06-27,precinct,1,1981,932,checked,,text
Southbridge,2006,2006-06-27,precinct,2,2256,859,checked,,text
Southbridge,2006,2006-06-27,precinct,3,2477,1097,checked,,text
Southbridge,2006,2006-06-27,precinct,4,2634,1484,checked,,text
Southbridge,2006,2006-06-27,precinct,5,2084,771,checked,,text
Southwick,2006,2006-05-09,total,,,,no_total,no TOTALS row was read,text
Southwick,2006,2006-05-09,precinct,1,2146,492,no_total,,text
Southwick,2006,2006-05-09,precinct,2,1586,317,no_total,,text
Southwick,2006,2006-05-09,precinct,3,2168,376,no_total,,text
Spencer,2006,2006-05-01,total,,7418,1401,checked,precincts sum to both printed totals,text
Spencer,2006,2006-05-01,precinct,1,1996,385,checked,,text
Spencer,2006,2006-05-01,precinct,2,1695,321,checked,,text
Spencer,2006,2006-05-01,precinct,3,1862,376,checked,,text
Spencer,2006,2006-05-01,precinct,4,1865,319,checked,,text
Sterling,2006,2006-05-09,total,,5247,993,checked,precincts sum to both printed totals,text
Sterling,2006,2006-05-09,precinct,1,2473,539,checked,,text
Sterling,2006,2006-05-09,precinct,2,2774,454,checked,,text
Stockbridge,2006,2006-05-15,total,,1392,497,single,"a single undivided town, or no precinct detail printed",text
Stoneham,2006,2006-04-04,total,,13823,3356,checked,precincts sum to both printed totals,text
Stoneham,2006,2006-04-04,precinct,1,1868,397,checked,,text
Stoneham,2006,2006-04-04,precinct,2,1898,441,checked,,text
Stoneham,2006,2006-04-04,precinct,3,2219,574,checked,,text
Stoneham,2006,2006-04-04,precinct,4,1861,368,checked,,text
Stoneham,2006,2006-04-04,precinct,5,2104,562,checked,,text
Stoneham,2006,2006-04-04,precinct,6,2037,523,checked,,text
Stoneham,2006,2006-04-04,precinct,7,1836,491,checked,,text
Stoughton,2006,2006-04-04,total,,13455,4246,checked,precincts sum to both printed totals,text
Stoughton,2006,2006-04-04,precinct,1,1786,540,checked,,text
Stoughton,2006,2006-04-04,precinct,2,1727,548,checked,,text
Stoughton,2006,2006-04-04,precinct,3,1627,563,checked,,text
Stoughton,2006,2006-04-04,precinct,4,2166,797,checked,,text
Stoughton,2006,2006-04-04,precinct,5,1520,549,checked,,text
Stoughton,2006,2006-04-04,precinct,6,1933,492,checked,,text
Stoughton,2006,2006-04-04,precinct,7,1618,464,checked,,text
Stoughton,2006,2006-04-04,precinct,8,1078,293,checked,,text
Stow,2006,2006-05-09,total,,4348,1392,single,"a single undivided town, or no precinct detail printed",text
Sturbridge,2006,2006-04-01,total,,5654,1338,mismatch,"precincts sum to 5854 registered, the printed total says 5654",text
Sturbridge,2006,2006-04-01,precinct,1,200,6,mismatch,,text
Sturbridge,2006,2006-04-01,precinct,2,2740,632,mismatch,,text
Sturbridge,2006,2006-04-01,precinct,2,2914,706,mismatch,,text
Sudbury,2006,2006-03-27,total,,10891,1511,mismatch,"precincts sum to 13611 registered, the printed total says 10891",text
Sudbury,2006,2006-03-27,precinct,1,2720,6,mismatch,,text
Sudbury,2006,2006-03-27,precinct,2,2273,238,mismatch,,text
Sudbury,2006,2006-03-27,precinct,2,2146,318,mismatch,,text
Sudbury,2006,2006-03-27,precinct,3,2159,328,mismatch,,text
Sudbury,2006,2006-03-27,precinct,4,2153,329,mismatch,,text
Sudbury,2006,2006-03-27,precinct,5,2160,298,mismatch,,text
Sunderland,2006,2006-05-06,total,,2169,76,single,"a single undivided town, or no precinct detail printed",text
Sutton,2006,2006-05-23,total,,6173,1941,checked,precincts sum to both printed totals,text
Sutton,2006,2006-05-23,precinct,1,2165,751,checked,,text
Sutton,2006,2006-05-23,precinct,2,2089,619,checked,,text
Sutton,2006,2006-05-23,precinct,3,1919,571,checked,,text
Swampscott,2006,2006-05-18,total,,,,no_total,no TOTALS row was read,text
Swampscott,2006,2006-05-18,precinct,1,1828,492,no_total,,text
Swampscott,2006,2006-05-18,precinct,2,1313,432,no_total,,text
Swampscott,2006,2006-05-18,precinct,3,1573,452,no_total,,text
Swampscott,2006,2006-05-18,precinct,4,1600,604,no_total,,text
Swampscott,2006,2006-05-18,precinct,5,1598,524,no_total,,text
Swampscott,2006,2006-05-18,precinct,6,1732,565,no_total,,text
Swansea,2006,2006-04-01,total,,10450,2829,checked,precincts sum to both printed totals; the TOTALS label was unreadable and was identified by the sum,text
Swansea,2006,2006-04-01,precinct,1,2170,522,checked,,text
Swansea,2006,2006-04-01,precinct,2,2039,627,checked,,text
Swansea,2006,2006-04-01,precinct,3,1986,563,checked,,text
Swansea,2006,2006-04-01,precinct,4,2094,539,checked,,text
Swansea,2006,2006-04-01,precinct,5,2161,578,checked,,text
Templeton,2006,2006-05-01,total,,4671,905,checked,precincts sum to both printed totals; the TOTALS label was unreadable and was identified by the sum,text
Templeton,2006,2006-05-01,precinct,1,2664,492,checked,,text
Templeton,2006,2006-05-01,precinct,B,2007,413,checked,,text
Tewksbury,2006,2006-04-01,total,,18430,2573,checked,precincts sum to both printed totals; the TOTALS label was unreadable and was identified by the sum,text
Tewksbury,2006,2006-04-01,precinct,1,2382,290,checked,,text
Tewksbury,2006,2006-04-01,precinct,2,2270,369,checked,,text
Tewksbury,2006,2006-04-01,precinct,3,2196,252,checked,,text
Tewksbury,2006,2006-04-01,precinct,4,2180,281,checked,,text
Tewksbury,2006,2006-04-01,precinct,5,2514,318,checked,,text
Tewksbury,2006,2006-04-01,precinct,6,2370,384,checked,,text
Tewksbury,2006,2006-04-01,precinct,7,2173,305,checked,,text
Tewksbury,2006,2006-04-01,precinct,8,2345,374,checked,,text
Tisbury,2006,2006-04-18,total,,,,no_total,no TOTALS row was read,text
Tisbury,2006,2006-04-18,precinct,1,2527,734,no_total,,text
Tolland,2006,2006-05-20,total,,,,no_total,no TOTALS row was read,text
Tolland,2006,2006-05-20,precinct,1,292,77,no_total,,text
Topsfield,2006,2006-05-04,total,,,,no_total,no TOTALS row was read,text
Topsfield,2006,2006-05-04,precinct,1,4028,1643,no_total,,text
Townsend,2006,2006-04-24,total,,5628,1312,checked,precincts sum to both printed totals; the TOTALS label was unreadable and was identified by the sum,text
Townsend,2006,2006-04-24,precinct,1,1884,465,checked,,text
Townsend,2006,2006-04-24,precinct,2,1929,485,checked,,text
Townsend,2006,2006-04-24,precinct,3,1815,362,checked,,text
Truro,2006,2006-05-09,total,,,,no_total,no TOTALS row was read,text
Truro,2006,2006-05-09,precinct,1,1653,596,no_total,,text
Tyngsborough,2006,2006-05-09,total,,7129,2934,checked,precincts sum to both printed totals,text
Tyngsborough,2006,2006-05-09,precinct,1,1759,719,checked,,text
Tyngsborough,2006,2006-05-09,precinct,2,1749,634,checked,,text
Tyngsborough,2006,2006-05-09,precinct,3,1672,587,checked,,text
Tyngsborough,2006,2006-05-09,precinct,4,1949,994,checked,,text
Tyringham,2006,2006-05-15,total,,267,43,single,"a single undivided town, or no precinct detail printed",text
UNKNOWN,2006,2006-04-04,total,,,,no_election,the volume states no election was held this year,text
UNKNOWN,2006,2006-04-04,precinct,1,2583,546,no_election,,text
UNKNOWN,2006,2006-04-04,precinct,2,2652,556,no_election,,text
UNKNOWN,2006,2006-04-04,precinct,3,2336,414,no_election,,text
UNKNOWN,2006,2006-04-04,precinct,4,2709,568,no_election,,text
UNKNOWN,2006,2006-04-04,precinct,5,2544,519,no_election,,text
UNKNOWN,2006,2006-04-04,precinct,6,2506,400,no_election,,text
UNKNOWN,2006,2006-04-04,precinct,7,2394,416,no_election,,text
UNKNOWN,2006,2006-04-04,precinct,8,2331,381,no_election,,text
UNKNOWN,2006,2006-04-04,precinct,9,1779,188,no_election,,text
UNKNOWN,2006,2006-04-04,precinct,B,1198,343,no_election,,text
UNKNOWN,2006,2006-04-04,precinct,C,881,294,no_election,,text
UNKNOWN,2006,2006-04-04,precinct,D,1118,430,no_election,,text
UNKNOWN,2006,2006-04-04,precinct,10,1723,112,no_election,,text
UNKNOWN,2006,2006-04-04,precinct,11,2817,657,no_election,,text
UNKNOWN,2006,2006-04-04,precinct,12,1638,202,no_election,,text
UNKNOWN,2006,2006-04-04,precinct,13,1835,276,no_election,,text
UNKNOWN,2006,2006-04-04,precinct,14,1400,150,no_election,,text
UNKNOWN,2006,2006-04-04,precinct,15,1691,219,no_election,,text
UNKNOWN,2006,2006-04-04,precinct,16,839,76,no_election,,text
UNKNOWN,2006,2006-04-04,precinct,17,1019,36,no_election,,text
UNKNOWN,2006,2006-04-04,precinct,18,1314,121,no_election,,text
UNKNOWN,2006,2006-04-04,precinct,19,36110,5837,no_election,,text
UNKNOWN,2006,2006-04-04,precinct,20,1830,449,no_election,,text
UNKNOWN,2006,2006-04-04,precinct,21,1801,474,no_election,,text
UNKNOWN,2006,2006-04-04,precinct,22,1819,473,no_election,,text
UNKNOWN,2006,2006-04-04,precinct,23,5450,1396,no_election,,text
UNKNOWN,2006,2006-04-04,precinct,24,2697,935,no_election,,text
UNKNOWN,2006,2006-04-04,precinct,25,2635,924,no_election,,text
UNKNOWN,2006,2006-04-04,precinct,26,5332,1859,no_election,,text
UNKNOWN,2006,2006-04-04,precinct,27,1045,55,no_election,,text
UNKNOWN,2006,2006-04-04,precinct,28,119,50,no_election,,text
UNKNOWN,2006,2006-04-04,precinct,29,1096,70,no_election,,text
UNKNOWN,2006,2006-04-04,precinct,30,1249,431,no_election,,text
UNKNOWN,2006,2006-04-04,precinct,34,4446,1498,no_election,,text
Upton,2006,2006-05-01,total,,4204,314,single,"a single undivided town, or no precinct detail printed",text
Uxbridge,2006,2006-05-23,total,,8446,2102,checked,precincts sum to both printed totals,text
Uxbridge,2006,2006-05-23,precinct,1,1841,509,checked,,text
Uxbridge,2006,2006-05-23,precinct,2,2397,587,checked,,text
Uxbridge,2006,2006-05-23,precinct,3,2225,473,checked,,text
Uxbridge,2006,2006-05-23,precinct,4,1983,533,checked,,text
Wakefield,2006,2006-04-25,total,,16622,3889,checked,precincts sum to both printed totals,text
Wakefield,2006,2006-04-25,precinct,1,2543,609,checked,,text
Wakefield,2006,2006-04-25,precinct,2,2133,438,checked,,text
Wakefield,2006,2006-04-25,precinct,3,2320,481,checked,,text
Wakefield,2006,2006-04-25,precinct,4,2427,552,checked,,text
Wakefield,2006,2006-04-25,precinct,5,2274,508,checked,,text
Wakefield,2006,2006-04-25,precinct,6,2391,611,checked,,text
Wakefield,2006,2006-04-25,precinct,7,2534,690,checked,,text
Wales,2006,2006-05-30,total,,1213,422,single,"a single undivided town, or no precinct detail printed",text
Walpole,2006,2006-05-03,total,,15287,3259,checked,precincts sum to both printed totals,text
Walpole,2006,2006-05-03,precinct,1,1979,358,checked,,text
Walpole,2006,2006-05-03,precinct,2,1948,413,checked,,text
Walpole,2006,2006-05-03,precinct,3,2035,438,checked,,text
Walpole,2006,2006-05-03,precinct,4,2102,537,checked,,text
Walpole,2006,2006-05-03,precinct,5,1364,318,checked,,text
Walpole,2006,2006-05-03,precinct,6,1978,367,checked,,text
Walpole,2006,2006-05-03,precinct,7,1998,481,checked,,text
Walpole,2006,2006-05-03,precinct,8,1883,347,checked,,text
Ware,2006,2006-04-01,total,,5808,3016,checked,precincts sum to both printed totals,text
Ware,2006,2006-04-01,precinct,1,1710,1004,checked,,text
Ware,2006,2006-04-01,precinct,B,1923,956,checked,,text
Ware,2006,2006-04-01,precinct,C,2175,1056,checked,,text
Wareham,2006,2006-04-04,total,,13624,1862,checked,precincts sum to both printed totals,text
Wareham,2006,2006-04-04,precinct,1,2302,306,checked,,text
Wareham,2006,2006-04-04,precinct,2,2402,398,checked,,text
Wareham,2006,2006-04-04,precinct,3,2205,333,checked,,text
Wareham,2006,2006-04-04,precinct,4,2291,280,checked,,text
Wareham,2006,2006-04-04,precinct,5,2395,365,checked,,text
Wareham,2006,2006-04-04,precinct,6,2029,180,checked,,text
Warren,2006,2006-05-02,total,,2836,930,checked,precincts sum to both printed totals,text
Warren,2006,2006-05-02,precinct,1,2087,664,checked,,text
Warren,2006,2006-05-02,precinct,B,749,266,checked,,text
Warwick,2006,2006-03-13,total,,486,147,mismatch,"precincts sum to 13200 registered, the printed total says 486",text
Warwick,2006,2006-03-13,precinct,1,13200,6,mismatch,,text
Washington,2006,2006-05-20,total,,445,57,single,"a single undivided town, or no precinct detail printed",text
Watertown,2006,,total,,,,no_election,the volume states no election was held this year,text
Wayland,2006,2006-04-25,total,,8697,5455,checked,precincts sum to both printed totals,text
Wayland,2006,2006-04-25,precinct,1,2120,1385,checked,,text
Wayland,2006,2006-04-25,precinct,2,2164,1409,checked,,text
Wayland,2006,2006-04-25,precinct,3,2046,1196,checked,,text
Wayland,2006,2006-04-25,precinct,4,2367,1465,checked,,text
Webster,2006,2006-05-01,total,,10424,1779,checked,precincts sum to both printed totals,text
Webster,2006,2006-05-01,precinct,1,1913,352,checked,,text
Webster,2006,2006-05-01,precinct,2,1866,188,checked,,text
Webster,2006,2006-05-01,precinct,3,2065,332,checked,,text
Webster,2006,2006-05-01,precinct,4,2529,480,checked,,text
Webster,2006,2006-05-01,precinct,5,2051,427,checked,,text
Wellesley,2006,2006-03-07,total,,,,no_total,no TOTALS row was read,text
Wellesley,2006,2006-03-07,precinct,1,2407,258,no_total,,text
Wellesley,2006,2006-03-07,precinct,B,2479,336,no_total,,text
Wellesley,2006,2006-03-07,precinct,C,2466,423,no_total,,text
Wellesley,2006,2006-03-07,precinct,D,2140,346,no_total,,text
Wellesley,2006,2006-03-07,precinct,E,2366,562,no_total,,text
Wellesley,2006,2006-03-07,precinct,F,1944,266,no_total,,text
Wellesley,2006,2006-03-07,precinct,G,1318,99,no_total,,text
Wellfleet,2006,2006-04-24,total,,2463,1045,single,"a single undivided town, or no precinct detail printed",text
Wendell,2006,2006-05-01,total,,640,106,single,"a single undivided town, or no precinct detail printed",text
Wenham,2006,2006-05-06,total,,2359,267,single,"a single undivided town, or no precinct detail printed",text
West Boylston,2006,2006-04-04,total,,4654,735,checked,precincts sum to both printed totals,text
West Boylston,2006,2006-04-04,precinct,1,2103,310,checked,,text
West Boylston,2006,2006-04-04,precinct,2,2551,425,checked,,text
West Bridgewater,2006,2006-04-08,total,,4294,1627,checked,precincts sum to both printed totals,text
West Bridgewater,2006,2006-04-08,precinct,1,2195,829,checked,,text
West Bridgewater,2006,2006-04-08,precinct,2,2099,798,checked,,text
West Brookfield,2006,2006-05-02,total,,2554,631,single,"a single undivided town, or no precinct detail printed",text
West Newbury,2006,2006-05-01,total,,3067,1304,single,"a single undivided town, or no precinct detail printed",text
West Springfield,2006,,total,,16231,3477,checked,precincts sum to both printed totals,text
West Springfield,2006,,precinct,1,1302,129,checked,,text
West Springfield,2006,,precinct,2,1406,151,checked,,text
West Springfield,2006,,precinct,3,1990,383,checked,,text
West Springfield,2006,,precinct,4,2182,487,checked,,text
West Springfield,2006,,precinct,5,2549,733,checked,,text
West Springfield,2006,,precinct,6,2310,657,checked,,text
West Springfield,2006,,precinct,7,2563,669,checked,,text
West Springfield,2006,,precinct,8,1929,268,checked,,text
West Stockbridge,2006,2006-05-08,total,,999,461,single,"a single undivided town, or no precinct detail printed",text
West Tisbury,2006,2006-04-13,total,,2054,760,single,"a single undivided town, or no precinct detail printed",text
Westborough,2006,2006-05-02,total,,11055,1805,checked,precincts sum to both printed totals,text
Westborough,2006,2006-05-02,precinct,1,1724,220,checked,,text
Westborough,2006,2006-05-02,precinct,2,2154,242,checked,,text
Westborough,2006,2006-05-02,precinct,3,2209,387,checked,,text
Westborough,2006,2006-05-02,precinct,4,2544,513,checked,,text
Westborough,2006,2006-05-02,precinct,5,2424,443,checked,,text
Westford,2006,2006-05-02,total,,14266,3324,checked,precincts sum to both printed totals,text
Westford,2006,2006-05-02,precinct,1,2220,508,checked,,text
Westford,2006,2006-05-02,precinct,2,2331,673,checked,,text
Westford,2006,2006-05-02,precinct,3,2462,602,checked,,text
Westford,2006,2006-05-02,precinct,4,2418,530,checked,,text
Westford,2006,2006-05-02,precinct,5,2577,582,checked,,text
Westford,2006,2006-05-02,precinct,6,2258,429,checked,,text
Westhampton,2006,2006-06-03,total,,1204,207,single,"a single undivided town, or no precinct detail printed",text
Westminster,2006,2006-04-25,total,,5094,202,checked,precincts sum to both printed totals,text
Westminster,2006,2006-04-25,precinct,1,2584,95,checked,,text
Westminster,2006,2006-04-25,precinct,2,2510,107,checked,,text
Weston,2006,2006-05-06,total,,,,no_total,no TOTALS row was read,text
Weston,2006,2006-05-06,precinct,1,62,6,no_total,,text
Weston,2006,2006-05-06,precinct,2,3703,519,no_total,,text
Weston,2006,2006-05-06,precinct,3,3445,339,no_total,,text
Weston,2006,2006-05-06,precinct,4,7606,858,no_total,,text
Westport,2006,2006-04-11,total,,10639,2442,checked,precincts sum to both printed totals; the TOTALS label was unreadable and was identified by the sum,text
Westport,2006,2006-04-11,precinct,1,2053,418,checked,,text
Westport,2006,2006-04-11,precinct,B,2408,635,checked,,text
Westport,2006,2006-04-11,precinct,C,1888,448,checked,,text
Westport,2006,2006-04-11,precinct,D,1947,377,checked,,text
Westport,2006,2006-04-11,precinct,E,2343,564,checked,,text
Westwood,2006,2006-04-25,total,,8987,1734,checked,precincts sum to both printed totals; the TOTALS label was unreadable and was identified by the sum,text
Westwood,2006,2006-04-25,precinct,1,2221,426,checked,,text
Westwood,2006,2006-04-25,precinct,2,2281,479,checked,,text
Westwood,2006,2006-04-25,precinct,3,2303,437,checked,,text
Westwood,2006,2006-04-25,precinct,4,2182,392,checked,,text
Weymouth,2006,,total,,,,no_election,the volume states no election was held this year,text
Whately,2006,2006-05-16,total,,,,no_total,no TOTALS row was read,text
Whately,2006,2006-05-16,precinct,1,1098,78,no_total,,text
Whitman,2006,2006-05-20,total,,8943,678,checked,precincts sum to both printed totals; the TOTALS label was unreadable and was identified by the sum,text
Whitman,2006,2006-05-20,precinct,1,2285,173,checked,,text
Whitman,2006,2006-05-20,precinct,2,2222,136,checked,,text
Whitman,2006,2006-05-20,precinct,3,2223,212,checked,,text
Whitman,2006,2006-05-20,precinct,4,2213,157,checked,,text
Wilbraham,2006,2006-05-20,total,,9197,1865,checked,precincts sum to both printed totals; the TOTALS label was unreadable and was identified by the sum,text
Wilbraham,2006,2006-05-20,precinct,1,2283,464,checked,,text
Wilbraham,2006,2006-05-20,precinct,B,2302,373,checked,,text
Wilbraham,2006,2006-05-20,precinct,C,2256,469,checked,,text
Wilbraham,2006,2006-05-20,precinct,D,2356,559,checked,,text
Williamsburg,2006,2006-05-09,total,,,,no_total,no TOTALS row was read,text
Williamsburg,2006,2006-05-09,precinct,1,92,6,no_total,,text
Williamsburg,2006,2006-05-09,precinct,2,1718,591,no_total,,text
Williamstown,2006,2006-05-09,total,,,,no_total,no TOTALS row was read,text
Williamstown,2006,2006-05-09,precinct,1,92,6,no_total,,text
Williamstown,2006,2006-05-09,precinct,2,1679,124,no_total,,text
Williamstown,2006,2006-05-09,precinct,3,576,31,no_total,,text
Williamstown,2006,2006-05-09,precinct,4,1818,143,no_total,,text
Williamstown,2006,2006-05-09,precinct,5,4073,298,no_total,,text
Wilmington,2006,2006-04-15,total,,14893,2278,checked,precincts sum to both printed totals; the TOTALS label was unreadable and was identified by the sum,text
Wilmington,2006,2006-04-15,precinct,1,2293,355,checked,,text
Wilmington,2006,2006-04-15,precinct,2,2446,338,checked,,text
Wilmington,2006,2006-04-15,precinct,3,2467,411,checked,,text
Wilmington,2006,2006-04-15,precinct,4,2409,429,checked,,text
Wilmington,2006,2006-04-15,precinct,5,2743,437,checked,,text
Wilmington,2006,2006-04-15,precinct,6,2535,308,checked,,text
Winchendon,2006,2006-05-01,total,,,,no_total,no TOTALS row was read,text
Winchendon,2006,2006-05-01,precinct,1,12,6,no_total,,text
Winchendon,2006,2006-05-01,precinct,2,1892,173,no_total,,text
Winchendon,2006,2006-05-01,precinct,3,2162,136,no_total,,text
Winchendon,2006,2006-05-01,precinct,4,2002,176,no_total,,text
Winchendon,2006,2006-05-01,precinct,5,6056,485,no_total,,text
Winchester,2006,2006-03-28,total,,13257,3998,mismatch,"precincts sum to 41457 registered, the printed total says 13257",text
Winchester,2006,2006-03-28,precinct,1,28200,6,mismatch,,text
Winchester,2006,2006-03-28,precinct,2,1719,497,mismatch,,text
Winchester,2006,2006-03-28,precinct,2,1319,340,mismatch,,text
Winchester,2006,2006-03-28,precinct,3,1749,586,mismatch,,text
Winchester,2006,2006-03-28,precinct,4,1798,646,mismatch,,text
Winchester,2006,2006-03-28,precinct,5,1759,482,mismatch,,text
Winchester,2006,2006-03-28,precinct,6,1753,474,mismatch,,text
Winchester,2006,2006-03-28,precinct,7,1739,635,mismatch,,text
Winchester,2006,2006-03-28,precinct,8,1421,338,mismatch,,text
Windsor,2006,2006-05-08,total,,620,233,single,"a single undivided town, or no precinct detail printed",text
Winthrop,2006,,total,,,,no_election,the volume states no election was held this year,text
Worthington,2006,2006-05-06,total,,920,72,single,"a single undivided town, or no precinct detail printed",text
Wrentham,2006,2006-04-03,total,,6978,2997,checked,precincts sum to both printed totals,text
Wrentham,2006,2006-04-03,precinct,1,2190,941,checked,,text
Wrentham,2006,2006-04-03,precinct,2,2795,1196,checked,,text
Wrentham,2006,2006-04-03,precinct,3,1993,860,checked,,text
Yarmouth,2006,2006-05-03,total,,16564,3406,checked,precincts sum to both printed totals; the TOTALS label was unreadable and was identified by the sum,text
Yarmouth,2006,2006-05-03,precinct,1,2389,600,checked,,text
Yarmouth,2006,2006-05-03,precinct,2,2641,590,checked,,text
Yarmouth,2006,2006-05-03,precinct,3,1976,368,checked,,text
Yarmouth,2006,2006-05-03,precinct,4,2421,485,checked,,text
Yarmouth,2006,2006-05-03,precinct,5,2255,356,checked,,text
Yarmouth,2006,2006-05-03,precinct,6,2062,314,checked,,text
Yarmouth,2006,2006-05-03,precinct,7,2820,693,checked,,text
Abington,2008,2008-04-26,total,,9816,1438,checked,precincts sum to both printed totals,text
Abington,2008,2008-04-26,precinct,1,2490,337,checked,,text
Abington,2008,2008-04-26,precinct,2,2076,337,checked,,text
Abington,2008,2008-04-26,precinct,3,2329,351,checked,,text
Abington,2008,2008-04-26,precinct,4,2921,413,checked,,text
Acton,2008,2008-04-01,total,,13149,2196,checked,precincts sum to both printed totals,text
Acton,2008,2008-04-01,precinct,1,2154,233,checked,,text
Acton,2008,2008-04-01,precinct,2,2194,362,checked,,text
Acton,2008,2008-04-01,precinct,3,2413,541,checked,,text
Acton,2008,2008-04-01,precinct,4,2149,392,checked,,text
Acton,2008,2008-04-01,precinct,5,2119,320,checked,,text
Acton,2008,2008-04-01,precinct,6,2120,348,checked,,text
Acushnet,2008,2008-04-07,total,,7720,1965,checked,precincts sum to both printed totals,text
Acushnet,2008,2008-04-07,precinct,1,2278,611,checked,,text
Acushnet,2008,2008-04-07,precinct,2,2715,736,checked,,text
Acushnet,2008,2008-04-07,precinct,3,2727,618,checked,,text
Adams,2008,2008-05-05,total,,5898,1036,checked,precincts sum to both printed totals,text
Adams,2008,2008-05-05,precinct,1,1091,174,checked,,text
Adams,2008,2008-05-05,precinct,2,1182,214,checked,,text
Adams,2008,2008-05-05,precinct,3,1212,185,checked,,text
Adams,2008,2008-05-05,precinct,4,1119,189,checked,,text
Adams,2008,2008-05-05,precinct,5,1294,274,checked,,text
Agawam,2008,,total,,,,no_election,the volume states no election was held this year,text
Alford,2008,2008-05-20,total,,337,47,single,"a single undivided town, or no precinct detail printed",text
Amesbury,2008,,total,,,,no_election,the volume states no election was held this year,text
Amherst,2008,2008-04-01,total,,16329,3699,checked,precincts sum to both printed totals,text
Amherst,2008,2008-04-01,precinct,1,1501,194,checked,,text
Amherst,2008,2008-04-01,precinct,2,1498,472,checked,,text
Amherst,2008,2008-04-01,precinct,3,1079,223,checked,,text
Amherst,2008,2008-04-01,precinct,4,1077,209,checked,,text
Amherst,2008,2008-04-01,precinct,5,1495,302,checked,,text
Amherst,2008,2008-04-01,precinct,6,2109,528,checked,,text
Amherst,2008,2008-04-01,precinct,7,1938,429,checked,,text
Amherst,2008,2008-04-01,precinct,8,2504,754,checked,,text
Amherst,2008,2008-04-01,precinct,9,2040,378,checked,,text
Amherst,2008,2008-04-01,precinct,10,1088,210,checked,,text
Andover,2008,2008-03-25,total,,22008,2771,checked,precincts sum to both printed totals,text
Andover,2008,2008-03-25,precinct,1,2376,340,checked,,text
Andover,2008,2008-03-25,precinct,2,2396,282,checked,,text
Andover,2008,2008-03-25,precinct,3,2585,340,checked,,text
Andover,2008,2008-03-25,precinct,4,2282,288,checked,,text
Andover,2008,2008-03-25,precinct,5,2438,236,checked,,text
Andover,2008,2008-03-25,precinct,6,2401,270,checked,,text
Andover,2008,2008-03-25,precinct,7,2510,257,checked,,text
Andover,2008,2008-03-25,precinct,8,2559,404,checked,,text
Andover,2008,2008-03-25,precinct,9,2461,354,checked,,text
April,2008,2008-04-05,total,,,,no_total,no TOTALS row was read,text
April,2008,2008-04-05,precinct,1,2611,445,no_total,,text
April,2008,2008-04-05,precinct,2,2492,428,no_total,,text
April,2008,2008-04-05,precinct,2,2574,143,no_total,,text
April,2008,2008-04-05,precinct,2,1668,618,no_total,,text
April,2008,2008-04-05,precinct,2,2323,644,no_total,,text
April,2008,2008-04-05,precinct,2,2497,750,no_total,,text
April,2008,2008-04-05,precinct,3,5103,873,no_total,,text
April,2008,2008-04-05,precinct,3,2536,79,no_total,,text
April,2008,2008-04-05,precinct,3,1088,281,no_total,,text
April,2008,2008-04-05,precinct,3,2096,481,no_total,,text
April,2008,2008-04-05,precinct,3,2530,746,no_total,,text
April,2008,2008-04-05,precinct,4,1866,119,no_total,,text
April,2008,2008-04-05,precinct,4,2459,120,no_total,,text
April,2008,2008-04-05,precinct,4,2217,844,no_total,,text
April,2008,2008-04-05,precinct,4,2546,1011,no_total,,text
April,2008,2008-04-05,precinct,4,2380,615,no_total,,text
April,2008,2008-04-05,precinct,5,2552,113,no_total,,text
April,2008,2008-04-05,precinct,5,2418,1133,no_total,,text
April,2008,2008-04-05,precinct,5,2166,708,no_total,,text
April,2008,2008-04-05,precinct,6,2216,831,no_total,,text
April,2008,2008-04-05,precinct,6,2172,711,no_total,,text
April,2008,2008-04-05,precinct,7,2343,987,no_total,,text
April,2008,2008-04-05,precinct,7,2428,782,no_total,,text
April,2008,2008-04-05,precinct,8,2078,894,no_total,,text
April,2008,2008-04-05,precinct,9,11987,574,no_total,,text
April,2008,2008-04-05,precinct,9,2544,1437,no_total,,text
April,2008,2008-04-05,precinct,B,2460,808,no_total,,text
April,2008,2008-04-05,precinct,C,1906,527,no_total,,text
April,2008,2008-04-05,precinct,D,1981,553,no_total,,text
April,2008,2008-04-05,precinct,E,2468,742,no_total,,text
April,2008,2008-04-05,precinct,10,1510,243,no_total,,text
April,2008,2008-04-05,precinct,10,2395,1230,no_total,,text
April,2008,2008-04-05,precinct,11,2187,758,no_total,,text
April,2008,2008-04-05,precinct,21,21154,9013,no_total,,text
April,2008,2008-04-05,precinct,22,2188,768,no_total,,text
April,2008,2008-04-05,precinct,29,15919,5105,no_total,,text
April,2008,2008-04-05,precinct,30,3605,1295,no_total,,text
April,2008,2008-04-05,precinct,31,1718,620,no_total,,text
April,2008,2008-04-05,precinct,32,3973,1682,no_total,,text
April,2008,2008-04-05,precinct,33,2194,503,no_total,,text
April,2008,2008-04-05,precinct,38,11009,3133,no_total,,text
April,2008,2008-04-05,precinct,39,2419,718,no_total,,text
April,2008,2008-04-05,precinct,43,9826,2829,no_total,,text
Aquinnah,2008,2008-05-14,total,,395,195,single,"a single undivided town, or no precinct detail printed",text
Arlington,2008,2008-04-05,total,,28763,6630,mismatch,"precincts sum to 28772 registered, the printed total says 28763",text
Arlington,2008,2008-04-05,precinct,1,1018,158,mismatch,,text
Arlington,2008,2008-04-05,precinct,2,1354,313,mismatch,,text
Arlington,2008,2008-04-05,precinct,3,1338,179,mismatch,,text
Arlington,2008,2008-04-05,precinct,4,1272,165,mismatch,,text
Arlington,2008,2008-04-05,precinct,5,1316,194,mismatch,,text
Arlington,2008,2008-04-05,precinct,6,1435,219,mismatch,,text
Arlington,2008,2008-04-05,precinct,7,1294,203,mismatch,,text
Arlington,2008,2008-04-05,precinct,8,1523,445,mismatch,,text
Arlington,2008,2008-04-05,precinct,9,1566,362,mismatch,,text
Arlington,2008,2008-04-05,precinct,10,1467,444,mismatch,,text
Arlington,2008,2008-04-05,precinct,11,1394,451,mismatch,,text
Arlington,2008,2008-04-05,precinct,12,1510,531,mismatch,,text
Arlington,2008,2008-04-05,precinct,13,1455,483,mismatch,,text
Arlington,2008,2008-04-05,precinct,14,1344,317,mismatch,,text
Arlington,2008,2008-04-05,precinct,15,1495,497,mismatch,,text
Arlington,2008,2008-04-05,precinct,16,1379,367,mismatch,,text
Arlington,2008,2008-04-05,precinct,17,1051,113,mismatch,,text
Arlington,2008,2008-04-05,precinct,18,1401,365,mismatch,,text
Arlington,2008,2008-04-05,precinct,19,1471,406,mismatch,,text
Arlington,2008,2008-04-05,precinct,20,1346,247,mismatch,,text
Arlington,2008,2008-04-05,precinct,21,1343,273,mismatch,,text
Ashburnham,2008,2008-04-29,total,,3759,747,single,"a single undivided town, or no precinct detail printed",text
Ashby,2008,2008-04-28,total,,2105,568,single,"a single undivided town, or no precinct detail printed",text
Ashfield,2008,2008-05-03,total,,1256,299,single,"a single undivided town, or no precinct detail printed",text
Ashland,2008,2008-05-20,total,,,,no_total,no TOTALS row was read,text
Ashland,2008,2008-05-20,precinct,1,2564,1206,no_total,,text
Ashland,2008,2008-05-20,precinct,2,2630,1250,no_total,,text
Ashland,2008,2008-05-20,precinct,3,2362,1076,no_total,,text
Ashland,2008,2008-05-20,precinct,4,2562,792,no_total,,text
Ashland,2008,2008-05-20,precinct,5,4324,,no_total,,text
Athol,2008,2008-04-07,total,,6655,1280,checked,precincts sum to both printed totals,text
Athol,2008,2008-04-07,precinct,1,2405,534,checked,,text
Athol,2008,2008-04-07,precinct,2,2170,385,checked,,text
Athol,2008,2008-04-07,precinct,3,2080,361,checked,,text
Auburn,2008,2008-05-15,total,,9496,3167,checked,precincts sum to both printed totals,text
Auburn,2008,2008-05-15,precinct,1,1990,685,checked,,text
Auburn,2008,2008-05-15,precinct,2,1840,688,checked,,text
Auburn,2008,2008-05-15,precinct,3,1960,612,checked,,text
Auburn,2008,2008-05-15,precinct,4,1792,600,checked,,text
Auburn,2008,2008-05-15,precinct,5,1914,582,checked,,text
Avon,2008,2008-04-14,total,,2888,253,single,"a single undivided town, or no precinct detail printed",text
Ayer,2008,2008-04-28,total,,4142,812,checked,precincts sum to both printed totals,text
Ayer,2008,2008-04-28,precinct,1,2221,533,checked,,text
Ayer,2008,2008-04-28,precinct,2,1921,279,checked,,text
Barnstable,2008,,total,,,,no_election,the volume states no election was held this year,text
Barre,2008,2008-04-07,total,,3327,549,checked,precincts sum to both printed totals,text
Barre,2008,2008-04-07,precinct,1,1765,342,checked,,text
Barre,2008,2008-04-07,precinct,2,1562,207,checked,,text
Becket,2008,2008-05-17,total,,1227,183,single,"a single undivided town, or no precinct detail printed",text
Bedford,2008,2008-03-08,total,,9028,301,checked,precincts sum to both printed totals,text
Bedford,2008,2008-03-08,precinct,1,2346,92,checked,,text
Bedford,2008,2008-03-08,precinct,2,2032,52,checked,,text
Bedford,2008,2008-03-08,precinct,3,2454,72,checked,,text
Bedford,2008,2008-03-08,precinct,4,2196,85,checked,,text
Belchertown,2008,2008-05-19,total,,9061,547,checked,precincts sum to both printed totals,text
Belchertown,2008,2008-05-19,precinct,1,2080,132,checked,,text
Belchertown,2008,2008-05-19,precinct,B,2413,121,checked,,text
Belchertown,2008,2008-05-19,precinct,C,2500,176,checked,,text
Belchertown,2008,2008-05-19,precinct,D,2068,118,checked,,text
Bellingham,2008,2008-05-06,total,,9970,2158,checked,precincts sum to both printed totals,text
Bellingham,2008,2008-05-06,precinct,1,2004,324,checked,,text
Bellingham,2008,2008-05-06,precinct,2,1812,430,checked,,text
Bellingham,2008,2008-05-06,precinct,3,2028,453,checked,,text
Bellingham,2008,2008-05-06,precinct,4,2226,501,checked,,text
Bellingham,2008,2008-05-06,precinct,5,1900,450,checked,,text
Belmont,2008,2008-04-07,total,,15144,1757,checked,precincts sum to both printed totals,text
Belmont,2008,2008-04-07,precinct,1,1950,305,checked,,text
Belmont,2008,2008-04-07,precinct,2,2123,213,checked,,text
Belmont,2008,2008-04-07,precinct,3,1698,217,checked,,text
Belmont,2008,2008-04-07,precinct,4,1715,136,checked,,text
Belmont,2008,2008-04-07,precinct,5,1833,212,checked,,text
Belmont,2008,2008-04-07,precinct,6,1897,247,checked,,text
Belmont,2008,2008-04-07,precinct,7,1843,146,checked,,text
Belmont,2008,2008-04-07,precinct,8,2085,281,checked,,text
Berkley,2008,2008-05-10,total,,3914,548,single,"a single undivided town, or no precinct detail printed",text
Berlin,2008,2008-05-12,total,,1859,221,single,"a single undivided town, or no precinct detail printed",text
Bernardston,2008,2008-05-05,total,,1541,230,single,"a single undivided town, or no precinct detail printed",text
Billerica,2008,2008-04-05,total,,22723,4907,checked,precincts sum to both printed totals,text
Billerica,2008,2008-04-05,precinct,1,2128,416,checked,,text
Billerica,2008,2008-04-05,precinct,2,2102,521,checked,,text
Billerica,2008,2008-04-05,precinct,3,2094,386,checked,,text
Billerica,2008,2008-04-05,precinct,4,2083,516,checked,,text
Billerica,2008,2008-04-05,precinct,5,2373,577,checked,,text
Billerica,2008,2008-04-05,precinct,6,1686,345,checked,,text
Billerica,2008,2008-04-05,precinct,7,2003,395,checked,,text
Billerica,2008,2008-04-05,precinct,8,2174,468,checked,,text
Billerica,2008,2008-04-05,precinct,9,2025,376,checked,,text
Billerica,2008,2008-04-05,precinct,10,2098,476,checked,,text
Billerica,2008,2008-04-05,precinct,11,1957,431,checked,,text
Blackstone,2008,2008-04-07,total,,5906,1451,checked,precincts sum to both printed totals,text
Blackstone,2008,2008-04-07,precinct,1,1841,460,checked,,text
Blackstone,2008,2008-04-07,precinct,2,1923,479,checked,,text
Blackstone,2008,2008-04-07,precinct,3,2142,512,checked,,text
Blandford,2008,2008-05-10,total,,855,277,single,"a single undivided town, or no precinct detail printed",text
Bolton,2008,2008-05-12,total,,3126,783,single,"a single undivided town, or no precinct detail printed",text
Bourne,2008,2008-05-20,total,,12559,3123,checked,precincts sum to both printed totals,text
Bourne,2008,2008-05-20,precinct,1,2102,405,checked,,text
Bourne,2008,2008-05-20,precinct,2,2189,361,checked,,text
Bourne,2008,2008-05-20,precinct,3,1889,463,checked,,text
Bourne,2008,2008-05-20,precinct,4,2362,587,checked,,text
Bourne,2008,2008-05-20,precinct,5,2358,761,checked,,text
Bourne,2008,2008-05-20,precinct,6,1659,546,checked,,text
Boxborough,2008,2008-05-19,total,,3137,427,single,"a single undivided town, or no precinct detail printed",text
Boxford,2008,2008-05-20,total,,5736,668,checked,precincts sum to both printed totals,text
Boxford,2008,2008-05-20,precinct,1,1843,153,checked,,text
Boxford,2008,2008-05-20,precinct,2,2064,294,checked,,text
Boxford,2008,2008-05-20,precinct,3,1829,221,checked,,text
Boylston,2008,2008-05-08,total,,2804,277,single,"a single undivided town, or no precinct detail printed",text
Braintree,2008,,total,,,,no_election,the volume states no election was held this year,text
Brewster,2008,2008-05-20,total,,8128,701,checked,precincts sum to both printed totals,text
Brewster,2008,2008-05-20,precinct,1,2706,246,checked,,text
Brewster,2008,2008-05-20,precinct,2,2723,282,checked,,text
Brewster,2008,2008-05-20,precinct,3,2699,173,checked,,text
Bridgewater,2008,2008-04-26,total,,14830,4319,checked,precincts sum to both printed totals,text
Bridgewater,2008,2008-04-26,precinct,1,2732,980,checked,,text
Bridgewater,2008,2008-04-26,precinct,2,2695,888,checked,,text
Bridgewater,2008,2008-04-26,precinct,3,2787,818,checked,,text
Bridgewater,2008,2008-04-26,precinct,4,824,266,checked,,text
Bridgewater,2008,2008-04-26,precinct,5,1175,345,checked,,text
Bridgewater,2008,2008-04-26,precinct,6,2201,389,checked,,text
Bridgewater,2008,2008-04-26,precinct,7,2416,633,checked,,text
Brimfield,2008,2008-06-02,total,,2412,475,single,"a single undivided town, or no precinct detail printed",text
Brookfield,2008,2008-05-05,total,,2258,360,single,"a single undivided town, or no precinct detail printed",text
Brookline,2008,2008-05-06,total,,28853,9799,checked,precincts sum to both printed totals,text
Brookline,2008,2008-05-06,precinct,1,1691,619,checked,,text
Brookline,2008,2008-05-06,precinct,2,1225,342,checked,,text
Brookline,2008,2008-05-06,precinct,3,1893,575,checked,,text
Brookline,2008,2008-05-06,precinct,4,1687,532,checked,,text
Brookline,2008,2008-05-06,precinct,5,1727,660,checked,,text
Brookline,2008,2008-05-06,precinct,6,1728,730,checked,,text
Brookline,2008,2008-05-06,precinct,7,1754,499,checked,,text
Brookline,2008,2008-05-06,precinct,8,1680,556,checked,,text
Brookline,2008,2008-05-06,precinct,9,1797,638,checked,,text
Brookline,2008,2008-05-06,precinct,10,1701,369,checked,,text
Brookline,2008,2008-05-06,precinct,11,1839,528,checked,,text
Brookline,2008,2008-05-06,precinct,12,1986,726,checked,,text
Brookline,2008,2008-05-06,precinct,13,1837,635,checked,,text
Brookline,2008,2008-05-06,precinct,14,2089,736,checked,,text
Brookline,2008,2008-05-06,precinct,15,2225,760,checked,,text
Brookline,2008,2008-05-06,precinct,16,1994,894,checked,,text
Buckland,2008,2008-05-05,total,,1226,355,single,"a single undivided town, or no precinct detail printed",text
Burlington,2008,2008-04-05,total,,14384,3210,checked,precincts sum to both printed totals,text
Burlington,2008,2008-04-05,precinct,1,2539,619,checked,,text
Burlington,2008,2008-04-05,precinct,2,2177,263,checked,,text
Burlington,2008,2008-04-05,precinct,3,2701,615,checked,,text
Burlington,2008,2008-04-05,precinct,4,2025,483,checked,,text
Burlington,2008,2008-04-05,precinct,5,2515,630,checked,,text
Burlington,2008,2008-04-05,precinct,6,2427,600,checked,,text
By-The-Sea,2008,2008-05-20,total,,,,no_total,no TOTALS row was read,text
By-The-Sea,2008,2008-05-20,precinct,1,3640,239,no_total,,text
Canton,2008,2008-04-08,total,,13885,3262,checked,precincts sum to both printed totals,text
Canton,2008,2008-04-08,precinct,1,2263,432,checked,,text
Canton,2008,2008-04-08,precinct,2,2326,680,checked,,text
Canton,2008,2008-04-08,precinct,3,2262,431,checked,,text
Canton,2008,2008-04-08,precinct,4,2378,599,checked,,text
Canton,2008,2008-04-08,precinct,5,2410,616,checked,,text
Canton,2008,2008-04-08,precinct,6,2246,504,checked,,text
Carlisle,2008,2008-05-13,total,,3599,625,single,"a single undivided town, or no precinct detail printed",text
Carver,2008,2008-04-26,total,,8357,1906,checked,precincts sum to both printed totals,text
Carver,2008,2008-04-26,precinct,1,2857,569,checked,,text
Carver,2008,2008-04-26,precinct,2,2775,629,checked,,text
Carver,2008,2008-04-26,precinct,3,2725,708,checked,,text
Charlemont,2008,2008-05-05,total,,840,87,single,"a single undivided town, or no precinct detail printed",text
Charlton,2008,2008-05-03,total,,9494,1341,checked,precincts sum to both printed totals,text
Charlton,2008,2008-05-03,precinct,1,3205,484,checked,,text
Charlton,2008,2008-05-03,precinct,2,3124,423,checked,,text
Charlton,2008,2008-05-03,precinct,3,3165,434,checked,,text
Chatham,2008,2008-05-15,total,,5558,1475,checked,precincts sum to both printed totals,text
Chatham,2008,2008-05-15,precinct,1,2611,731,checked,,text
Chatham,2008,2008-05-15,precinct,2,2947,744,checked,,text
Chelmsford,2008,2008-04-01,total,,21683,10386,checked,precincts sum to both printed totals,text
Chelmsford,2008,2008-04-01,precinct,1,2361,1076,checked,,text
Chelmsford,2008,2008-04-01,precinct,2,2130,735,checked,,text
Chelmsford,2008,2008-04-01,precinct,3,2231,1061,checked,,text
Chelmsford,2008,2008-04-01,precinct,4,2232,958,checked,,text
Chelmsford,2008,2008-04-01,precinct,5,2386,1113,checked,,text
Chelmsford,2008,2008-04-01,precinct,6,2609,1402,checked,,text
Chelmsford,2008,2008-04-01,precinct,7,2655,1432,checked,,text
Chelmsford,2008,2008-04-01,precinct,8,2559,1298,checked,,text
Chelmsford,2008,2008-04-01,precinct,9,2520,1311,checked,,text
Cheshire,2008,2008-05-05,total,,2262,260,single,"a single undivided town, or no precinct detail printed",text
Chester,2008,2008-05-03,total,,948,122,single,"a single undivided town, or no precinct detail printed",text
Chesterfield,2008,2008-05-05,total,,826,360,single,"a single undivided town, or no precinct detail printed",text
Chilmark,2008,2008-04-30,total,,805,211,single,"a single undivided town, or no precinct detail printed",text
Clarksburg,2008,2008-05-20,total,,1152,143,single,"a single undivided town, or no precinct detail printed",text
Cummington,2008,2008-05-02,total,,,,no_total,no TOTALS row was read,text
Cummington,2008,2008-05-02,precinct,1,638,229,no_total,,text
Deerfield,2008,2008-05-05,total,,3214,236,single,"a single undivided town, or no precinct detail printed",text
Dennis,2008,2008-05-13,total,,11482,2597,voted_only,people who voted sums; registered voters does not,text
Dennis,2008,2008-05-13,precinct,1,2440,669,voted_only,,text
Dennis,2008,2008-05-13,precinct,2,2431,681,voted_only,,text
Dennis,2008,2008-05-13,precinct,3,1990,304,voted_only,,text
Dennis,2008,2008-05-13,precinct,4,2350,513,voted_only,,text
Dennis,2008,2008-05-13,precinct,5,2272,430,voted_only,,text
Dighton,2008,2008-04-01,total,,4349,1667,single,"a single undivided town, or no precinct detail printed",text
Douglas,2008,2008-05-13,total,,5781,1105,checked,precincts sum to both printed totals,text
Douglas,2008,2008-05-13,precinct,1,2952,554,checked,,text
Douglas,2008,2008-05-13,precinct,2,2829,551,checked,,text
Dover,2008,2008-05-19,total,,3690,241,mismatch,"precincts sum to 17846 registered, the printed total says 3690",text
Dover,2008,2008-05-19,precinct,1,2159,657,mismatch,,text
Dover,2008,2008-05-19,precinct,2,2221,620,mismatch,,text
Dover,2008,2008-05-19,precinct,3,2240,623,mismatch,,text
Dover,2008,2008-05-19,precinct,4,2303,554,mismatch,,text
Dover,2008,2008-05-19,precinct,5,8923,2454,mismatch,,text
Dracut,2008,2008-05-05,total,,19454,3757,checked,precincts sum to both printed totals,text
Dracut,2008,2008-05-05,precinct,1,2330,375,checked,,text
Dracut,2008,2008-05-05,precinct,2,1990,386,checked,,text
Dracut,2008,2008-05-05,precinct,3,2058,556,checked,,text
Dracut,2008,2008-05-05,precinct,4,2242,413,checked,,text
Dracut,2008,2008-05-05,precinct,5,2052,366,checked,,text
Dracut,2008,2008-05-05,precinct,6,2084,312,checked,,text
Dracut,2008,2008-05-05,precinct,7,99,57,checked,,text
Dracut,2008,2008-05-05,precinct,7,2077,283,checked,,text
Dracut,2008,2008-05-05,precinct,8,2373,539,checked,,text
Dracut,2008,2008-05-05,precinct,9,2149,470,checked,,text
Dudley,2008,2008-05-05,total,,6936,1601,checked,precincts sum to both printed totals,text
Dudley,2008,2008-05-05,precinct,1,1692,411,checked,,text
Dudley,2008,2008-05-05,precinct,2,1623,329,checked,,text
Dudley,2008,2008-05-05,precinct,3,2065,514,checked,,text
Dudley,2008,2008-05-05,precinct,4,1556,347,checked,,text
Dunstable,2008,2008-05-19,total,,2124,118,single,"a single undivided town, or no precinct detail printed",text
Duxbury,2008,2008-03-22,total,,10529,2381,checked,precincts sum to both printed totals,text
Duxbury,2008,2008-03-22,precinct,1,1798,392,checked,,text
Duxbury,2008,2008-03-22,precinct,2,2040,549,checked,,text
Duxbury,2008,2008-03-22,precinct,3,1759,437,checked,,text
Duxbury,2008,2008-03-22,precinct,4,1588,337,checked,,text
Duxbury,2008,2008-03-22,precinct,5,1602,367,checked,,text
Duxbury,2008,2008-03-22,precinct,6,1742,299,checked,,text
East Bridgewater,2008,2008-04-12,total,,8217,506,checked,precincts sum to both printed totals,text
East Bridgewater,2008,2008-04-12,precinct,1,1953,111,checked,,text
East Bridgewater,2008,2008-04-12,precinct,2,2104,103,checked,,text
East Bridgewater,2008,2008-04-12,precinct,3,2198,123,checked,,text
East Bridgewater,2008,2008-04-12,precinct,4,1962,169,checked,,text
East Brookfield,2008,2008-05-13,total,,1452,329,single,"a single undivided town, or no precinct detail printed",text
East Longmeadow,2008,2008-04-08,total,,10562,2072,checked,precincts sum to both printed totals; the TOTALS label was unreadable and was identified by the sum,text
East Longmeadow,2008,2008-04-08,precinct,1,2526,562,checked,,text
East Longmeadow,2008,2008-04-08,precinct,2,2451,455,checked,,text
East Longmeadow,2008,2008-04-08,precinct,3,2807,523,checked,,text
East Longmeadow,2008,2008-04-08,precinct,4,2778,532,checked,,text
Eastham,2008,2008-05-20,total,,,,no_total,no TOTALS row was read,text
Eastham,2008,2008-05-20,precinct,1,4103,1150,no_total,,text
Easthampton,2008,,total,,,,no_election,the volume states no election was held this year,text
Easton,2008,2008-04-22,total,,14739,943,checked,precincts sum to both printed totals; the TOTALS label was unreadable and was identified by the sum,text
Easton,2008,2008-04-22,precinct,1,1732,114,checked,,text
Easton,2008,2008-04-22,precinct,2,2711,298,checked,,text
Easton,2008,2008-04-22,precinct,3,2554,111,checked,,text
Easton,2008,2008-04-22,precinct,4,2491,171,checked,,text
Easton,2008,2008-04-22,precinct,5,2722,142,checked,,text
Easton,2008,2008-04-22,precinct,6,2529,107,checked,,text
Edgartown,2008,2008-04-10,total,,,,no_total,no TOTALS row was read,text
Edgartown,2008,2008-04-10,precinct,1,915,,no_total,,text
Egremont,2008,2008-05-13,total,,,,no_total,no TOTALS row was read,text
Egremont,2008,2008-05-13,precinct,1,905,370,no_total,,text
Erving,2008,2008-05-05,total,,,,no_total,no TOTALS row was read,text
Erving,2008,2008-05-05,precinct,1,1083,164,no_total,,text
Essex,2008,2008-05-12,total,,,,no_total,no TOTALS row was read,text
Essex,2008,2008-05-12,precinct,1,2634,737,no_total,,text
Fairhaven,2008,2008-04-07,total,,10449,1716,checked,precincts sum to both printed totals; the TOTALS label was unreadable and was identified by the sum,text
Fairhaven,2008,2008-04-07,precinct,1,1684,293,checked,,text
Fairhaven,2008,2008-04-07,precinct,2,1857,293,checked,,text
Fairhaven,2008,2008-04-07,precinct,3,1604,222,checked,,text
Fairhaven,2008,2008-04-07,precinct,4,1722,293,checked,,text
Fairhaven,2008,2008-04-07,precinct,5,1743,329,checked,,text
Fairhaven,2008,2008-04-07,precinct,6,1839,286,checked,,text
Falmouth,2008,2008-05-20,total,,25185,8531,checked,precincts sum to both printed totals; the TOTALS label was unreadable and was identified by the sum,text
Falmouth,2008,2008-05-20,precinct,1,2771,1184,checked,,text
Falmouth,2008,2008-05-20,precinct,2,2647,949,checked,,text
Falmouth,2008,2008-05-20,precinct,3,2793,968,checked,,text
Falmouth,2008,2008-05-20,precinct,4,2767,932,checked,,text
Falmouth,2008,2008-05-20,precinct,5,3016,1124,checked,,text
Falmouth,2008,2008-05-20,precinct,6,2883,986,checked,,text
Falmouth,2008,2008-05-20,precinct,7,2648,726,checked,,text
Falmouth,2008,2008-05-20,precinct,8,2923,853,checked,,text
Falmouth,2008,2008-05-20,precinct,9,2737,809,checked,,text
Florida,2008,2008-05-05,total,,,,no_total,no TOTALS row was read,text
Florida,2008,2008-05-05,precinct,1,535,62,no_total,,text
Foxborough,2008,2008-05-05,total,,10299,2564,checked,precincts sum to both printed totals; the TOTALS label was unreadable and was identified by the sum,text
Foxborough,2008,2008-05-05,precinct,1,1887,354,checked,,text
Foxborough,2008,2008-05-05,precinct,2,2077,482,checked,,text
Foxborough,2008,2008-05-05,precinct,3,2156,612,checked,,text
Foxborough,2008,2008-05-05,precinct,4,2119,579,checked,,text
Foxborough,2008,2008-05-05,precinct,5,2060,537,checked,,text
Framingham,2008,2008-04-01,total,,34911,5700,checked,precincts sum to both printed totals,text
Framingham,2008,2008-04-01,precinct,1,2566,574,checked,,text
Framingham,2008,2008-04-01,precinct,2,2633,541,checked,,text
Framingham,2008,2008-04-01,precinct,3,2258,365,checked,,text
Framingham,2008,2008-04-01,precinct,4,2617,525,checked,,text
Framingham,2008,2008-04-01,precinct,5,2505,457,checked,,text
Framingham,2008,2008-04-01,precinct,6,2414,412,checked,,text
Framingham,2008,2008-04-01,precinct,7,2332,409,checked,,text
Framingham,2008,2008-04-01,precinct,8,2225,390,checked,,text
Framingham,2008,2008-04-01,precinct,9,1731,208,checked,,text
Framingham,2008,2008-04-01,precinct,10,1696,99,checked,,text
Framingham,2008,2008-04-01,precinct,11,2759,647,checked,,text
Framingham,2008,2008-04-01,precinct,12,1542,222,checked,,text
Framingham,2008,2008-04-01,precinct,13,1708,243,checked,,text
Framingham,2008,2008-04-01,precinct,14,1330,130,checked,,text
Framingham,2008,2008-04-01,precinct,15,1576,251,checked,,text
Framingham,2008,2008-04-01,precinct,16,772,77,checked,,text
Framingham,2008,2008-04-01,precinct,17,979,37,checked,,text
Framingham,2008,2008-04-01,precinct,18,1268,113,checked,,text
Franklin,2008,,total,,,,no_election,the volume states no election was held this year,text
Freetown,2008,2008-04-07,total,,5577,1243,reg_only,registered voters sum; people who voted does not,text
Freetown,2008,2008-04-07,precinct,1,1890,487,reg_only,,text
Freetown,2008,2008-04-07,precinct,2,1800,407,reg_only,,text
Freetown,2008,2008-04-07,precinct,3,1887,348,reg_only,,text
Georgetown,2008,2008-05-12,total,,5537,1347,checked,precincts sum to both printed totals,text
Georgetown,2008,2008-05-12,precinct,1,2815,639,checked,,text
Georgetown,2008,2008-05-12,precinct,2,2722,708,checked,,text
Gill,2008,2008-05-19,total,,1063,55,single,"a single undivided town, or no precinct detail printed",text
Goshen,2008,2008-05-03,total,,684,48,single,"a single undivided town, or no precinct detail printed",text
Gosnold,2008,2008-05-19,total,,128,59,single,"a single undivided town, or no precinct detail printed",text
Grafton,2008,2008-05-05,total,,11184,2693,checked,precincts sum to both printed totals,text
Grafton,2008,2008-05-05,precinct,1,2536,488,checked,,text
Grafton,2008,2008-05-05,precinct,2,3193,812,checked,,text
Grafton,2008,2008-05-05,precinct,3,2708,843,checked,,text
Grafton,2008,2008-05-05,precinct,4,2747,550,checked,,text
Granby,2008,2008-05-19,total,,4330,465,single,"a single undivided town, or no precinct detail printed",text
Granville,2008,2008-04-14,total,,1092,147,single,"a single undivided town, or no precinct detail printed",text
Great Barrington,2008,2008-05-19,total,,4471,837,checked,precincts sum to both printed totals,text
Great Barrington,2008,2008-05-19,precinct,1,1241,238,checked,,text
Great Barrington,2008,2008-05-19,precinct,B,1180,189,checked,,text
Great Barrington,2008,2008-05-19,precinct,C,891,164,checked,,text
Great Barrington,2008,2008-05-19,precinct,D,1159,246,checked,,text
Greenfield,2008,2008-06-10,total,,11099,2235,checked,precincts sum to both printed totals; the TOTALS label was unreadable and was identified by the sum,text
Greenfield,2008,2008-06-10,precinct,1,1271,242,checked,,text
Greenfield,2008,2008-06-10,precinct,2,1490,342,checked,,text
Greenfield,2008,2008-06-10,precinct,3,1163,223,checked,,text
Greenfield,2008,2008-06-10,precinct,4,1265,329,checked,,text
Greenfield,2008,2008-06-10,precinct,5,1291,366,checked,,text
Greenfield,2008,2008-06-10,precinct,6,1226,215,checked,,text
Greenfield,2008,2008-06-10,precinct,7,1190,176,checked,,text
Greenfield,2008,2008-06-10,precinct,8,1159,117,checked,,text
Greenfield,2008,2008-06-10,precinct,9,1044,225,checked,,text
Hampden,2008,2008-05-05,total,,,,no_total,no TOTALS row was read,text
Hampden,2008,2008-05-05,precinct,1,3653,131,no_total,,text
Hatfield,2008,2008-05-20,total,,2502,725,single,"a single undivided town, or no precinct detail printed",text
Hawley,2008,2008-05-05,total,,205,23,single,"a single undivided town, or no precinct detail printed",text
Heath,2008,2008-05-09,total,,517,66,single,"a single undivided town, or no precinct detail printed",text
Hingham,2008,2008-05-03,total,,15245,2467,checked,precincts sum to both printed totals,text
Hingham,2008,2008-05-03,precinct,1,2217,439,checked,,text
Hingham,2008,2008-05-03,precinct,2,2459,362,checked,,text
Hingham,2008,2008-05-03,precinct,3,2518,450,checked,,text
Hingham,2008,2008-05-03,precinct,4,2459,356,checked,,text
Hingham,2008,2008-05-03,precinct,5,2313,401,checked,,text
Hingham,2008,2008-05-03,precinct,6,3279,459,checked,,text
Hinsdale,2008,2008-05-24,total,,1362,228,single,"a single undivided town, or no precinct detail printed",text
Holbrook,2008,2008-04-01,total,,6521,2666,checked,precincts sum to both printed totals,text
Holbrook,2008,2008-04-01,precinct,1,1595,633,checked,,text
Holbrook,2008,2008-04-01,precinct,2,1713,706,checked,,text
Holbrook,2008,2008-04-01,precinct,3,1678,679,checked,,text
Holbrook,2008,2008-04-01,precinct,4,1535,648,checked,,text
Holden,2008,2008-05-12,total,,12070,760,checked,precincts sum to both printed totals,text
Holden,2008,2008-05-12,precinct,1,2262,128,checked,,text
Holden,2008,2008-05-12,precinct,2,2626,161,checked,,text
Holden,2008,2008-05-12,precinct,3,2409,194,checked,,text
Holden,2008,2008-05-12,precinct,4,2476,144,checked,,text
Holden,2008,2008-05-12,precinct,5,2297,133,checked,,text
Holland,2008,2008-06-09,total,,1570,163,single,"a single undivided town, or no precinct detail printed",text
Holliston,2008,2008-05-20,total,,9597,2813,voted_only,people who voted sums; registered voters does not,text
Holliston,2008,2008-05-20,precinct,1,2553,761,voted_only,,text
Holliston,2008,2008-05-20,precinct,2,2457,761,voted_only,,text
Holliston,2008,2008-05-20,precinct,3,2286,640,voted_only,,text
Holliston,2008,2008-05-20,precinct,4,2286,651,voted_only,,text
Hopedale,2008,2008-05-02,total,,3817,189,single,"a single undivided town, or no precinct detail printed",text
Hopkinton,2008,2008-05-19,total,,8963,3064,checked,precincts sum to both printed totals,text
Hopkinton,2008,2008-05-19,precinct,1,2188,844,checked,,text
Hopkinton,2008,2008-05-19,precinct,2,2363,784,checked,,text
Hopkinton,2008,2008-05-19,precinct,3,2328,745,checked,,text
Hopkinton,2008,2008-05-19,precinct,4,2084,691,checked,,text
Hubbardston,2008,2008-05-06,total,,2916,719,single,"a single undivided town, or no precinct detail printed",text
Hudson,2008,2008-05-12,total,,10806,394,checked,precincts sum to both printed totals,text
Hudson,2008,2008-05-12,precinct,1,1694,63,checked,,text
Hudson,2008,2008-05-12,precinct,2,1425,48,checked,,text
Hudson,2008,2008-05-12,precinct,3,1599,72,checked,,text
Hudson,2008,2008-05-12,precinct,4,1794,62,checked,,text
Hudson,2008,2008-05-12,precinct,5,1809,68,checked,,text
Hudson,2008,2008-05-12,precinct,6,1175,39,checked,,text
Hudson,2008,2008-05-12,precinct,7,1310,42,checked,,text
Hull,2008,2008-05-19,total,,7619,2108,checked,precincts sum to both printed totals,text
Hull,2008,2008-05-19,precinct,1,2537,799,checked,,text
Hull,2008,2008-05-19,precinct,2,2220,603,checked,,text
Hull,2008,2008-05-19,precinct,3,2862,706,checked,,text
Huntington,2008,2008-05-17,total,,1333,64,single,"a single undivided town, or no precinct detail printed",text
Ipswich,2008,2008-05-20,total,,9804,5140,checked,precincts sum to both printed totals,text
Ipswich,2008,2008-05-20,precinct,1,2226,1258,checked,,text
Ipswich,2008,2008-05-20,precinct,2,2597,1421,checked,,text
Ipswich,2008,2008-05-20,precinct,3,2506,1217,checked,,text
Ipswich,2008,2008-05-20,precinct,4,2475,1244,checked,,text
Kingston,2008,2008-04-26,total,,8387,1273,checked,precincts sum to both printed totals,text
Kingston,2008,2008-04-26,precinct,1,2070,326,checked,,text
Kingston,2008,2008-04-26,precinct,2,2189,295,checked,,text
Kingston,2008,2008-04-26,precinct,3,2040,363,checked,,text
Kingston,2008,2008-04-26,precinct,4,2088,289,checked,,text
Lakeville,2008,2008-04-07,total,,6617,1098,checked,precincts sum to both printed totals,text
Lakeville,2008,2008-04-07,precinct,1,2132,292,checked,,text
Lakeville,2008,2008-04-07,precinct,2,2213,424,checked,,text
Lakeville,2008,2008-04-07,precinct,3,2272,382,checked,,text
Lancaster,2008,2008-05-12,total,,4456,426,checked,precincts sum to both printed totals,text
Lancaster,2008,2008-05-12,precinct,1,1742,173,checked,,text
Lancaster,2008,2008-05-12,precinct,2,2714,253,checked,,text
Lanesborough,2008,2008-05-20,total,,2095,489,single,"a single undivided town, or no precinct detail printed",text
Lee,2008,2008-05-12,total,,3768,375,checked,precincts sum to both printed totals,text
Lee,2008,2008-05-12,precinct,1,606,45,checked,,text
Lee,2008,2008-05-12,precinct,2,642,92,checked,,text
Lee,2008,2008-05-12,precinct,3,597,58,checked,,text
Lee,2008,2008-05-12,precinct,4,754,73,checked,,text
Lee,2008,2008-05-12,precinct,5,561,57,checked,,text
Lee,2008,2008-05-12,precinct,6,608,50,checked,,text
Leicester,2008,2008-04-07,total,,6573,2232,checked,precincts sum to both printed totals,text
Leicester,2008,2008-04-07,precinct,1,1679,580,checked,,text
Leicester,2008,2008-04-07,precinct,2,1543,484,checked,,text
Leicester,2008,2008-04-07,precinct,3,1678,542,checked,,text
Leicester,2008,2008-04-07,precinct,4,1673,626,checked,,text
Lenox,2008,2008-05-05,total,,3539,795,single,"a single undivided town, or no precinct detail printed",text
Leverett,2008,2008-04-26,total,,1868,175,single,"a single undivided town, or no precinct detail printed",text
Lexington,2008,2008-03-03,total,,20466,2188,checked,precincts sum to both printed totals,text
Lexington,2008,2008-03-03,precinct,1,2071,178,checked,,text
Lexington,2008,2008-03-03,precinct,2,2398,317,checked,,text
Lexington,2008,2008-03-03,precinct,3,2190,314,checked,,text
Lexington,2008,2008-03-03,precinct,4,2368,350,checked,,text
Lexington,2008,2008-03-03,precinct,5,2287,212,checked,,text
Lexington,2008,2008-03-03,precinct,6,2359,253,checked,,text
Lexington,2008,2008-03-03,precinct,7,2354,177,checked,,text
Lexington,2008,2008-03-03,precinct,8,2241,186,checked,,text
Lexington,2008,2008-03-03,precinct,9,2198,201,checked,,text
Leyden,2008,2008-05-17,total,,,,no_total,no TOTALS row was read,text
Leyden,2008,2008-05-17,precinct,1,553,89,no_total,,text
Lincoln,2008,2008-03-31,total,,,,no_total,no TOTALS row was read,text
Lincoln,2008,2008-03-31,precinct,1,2019,209,no_total,,text
Lincoln,2008,2008-03-31,precinct,2,1890,143,no_total,,text
Lincoln,2008,2008-03-31,precinct,3,3,350,no_total,,text
Lincoln,2008,2008-03-31,precinct,4,4259,352,no_total,,text
Littleton,2008,2008-05-10,total,,5777,1352,checked,precincts sum to both printed totals; the TOTALS label was unreadable and was identified by the sum,text
Littleton,2008,2008-05-10,precinct,1,2049,486,checked,,text
Littleton,2008,2008-05-10,precinct,2,1969,404,checked,,text
Littleton,2008,2008-05-10,precinct,3,1759,462,checked,,text
Longmeadow,2008,2008-06-10,total,,11396,1576,checked,precincts sum to both printed totals; the TOTALS label was unreadable and was identified by the sum,text
Longmeadow,2008,2008-06-10,precinct,1,2315,356,checked,,text
Longmeadow,2008,2008-06-10,precinct,B,2194,334,checked,,text
Longmeadow,2008,2008-06-10,precinct,C,2181,250,checked,,text
Longmeadow,2008,2008-06-10,precinct,D,2356,366,checked,,text
Longmeadow,2008,2008-06-10,precinct,E,2350,270,checked,,text
Ludlow,2008,2008-03-24,total,,13308,4176,checked,precincts sum to both printed totals; the TOTALS label was unreadable and was identified by the sum,text
Ludlow,2008,2008-03-24,precinct,1,2275,644,checked,,text
Ludlow,2008,2008-03-24,precinct,2,1962,568,checked,,text
Ludlow,2008,2008-03-24,precinct,3,2786,896,checked,,text
Ludlow,2008,2008-03-24,precinct,4,2348,770,checked,,text
Ludlow,2008,2008-03-24,precinct,5,1246,394,checked,,text
Ludlow,2008,2008-03-24,precinct,6,2691,904,checked,,text
Lunenburg,2008,2008-05-17,total,,6928,269,checked,precincts sum to both printed totals; the TOTALS label was unreadable and was identified by the sum,text
Lunenburg,2008,2008-05-17,precinct,1,1804,66,checked,,text
Lunenburg,2008,2008-05-17,precinct,B,1632,64,checked,,text
Lunenburg,2008,2008-05-17,precinct,C,1806,67,checked,,text
Lunenburg,2008,2008-05-17,precinct,D,1686,72,checked,,text
Lynnfield,2008,2008-04-14,total,,8637,1261,checked,precincts sum to both printed totals; the TOTALS label was unreadable and was identified by the sum,text
Lynnfield,2008,2008-04-14,precinct,1,2208,317,checked,,text
Lynnfield,2008,2008-04-14,precinct,2,2239,310,checked,,text
Lynnfield,2008,2008-04-14,precinct,3,1914,268,checked,,text
Lynnfield,2008,2008-04-14,precinct,4,2276,366,checked,,text
Mansfield,2008,2008-05-13,total,,11725,2450,checked,precincts sum to both printed totals; the TOTALS label was unreadable and was identified by the sum,text
Mansfield,2008,2008-05-13,precinct,1,2142,459,checked,,text
Mansfield,2008,2008-05-13,precinct,2,2127,480,checked,,text
Mansfield,2008,2008-05-13,precinct,3,1974,472,checked,,text
Mansfield,2008,2008-05-13,precinct,4,1909,330,checked,,text
Mansfield,2008,2008-05-13,precinct,5,1745,348,checked,,text
Mansfield,2008,2008-05-13,precinct,6,1828,361,checked,,text
Marblehead,2008,2008-05-12,total,,15002,1210,checked,precincts sum to both printed totals; the TOTALS label was unreadable and was identified by the sum,text
Marblehead,2008,2008-05-12,precinct,1,2270,206,checked,,text
Marblehead,2008,2008-05-12,precinct,2,2077,138,checked,,text
Marblehead,2008,2008-05-12,precinct,3,1970,160,checked,,text
Marblehead,2008,2008-05-12,precinct,4,2200,170,checked,,text
Marblehead,2008,2008-05-12,precinct,5,2123,134,checked,,text
Marblehead,2008,2008-05-12,precinct,6,2193,221,checked,,text
Marblehead,2008,2008-05-12,precinct,7,2169,181,checked,,text
Marion,2008,2008-05-23,total,,3631,1173,single,"a single undivided town, or no precinct detail printed",text
Marshfield,2008,2008-05-03,total,,,,no_total,no TOTALS row was read,text
Marshfield,2008,2008-05-03,precinct,1,2547,277,no_total,,text
Marshfield,2008,2008-05-03,precinct,2,2576,305,no_total,,text
Marshfield,2008,2008-05-03,precinct,3,2232,306,no_total,,text
Marshfield,2008,2008-05-03,precinct,4,2131,241,no_total,,text
Marshfield,2008,2008-05-03,precinct,5,2234,270,no_total,,text
Marshfield,2008,2008-05-03,precinct,6,2719,394,no_total,,text
Marshfield,2008,2008-05-03,precinct,7,2448,288,no_total,,text
Marshfield,2008,2008-05-03,precinct,8,2081,,no_total,,text
Mashpee,2008,2008-05-15,total,,9490,713,checked,precincts sum to both printed totals,text
Mashpee,2008,2008-05-15,precinct,1,2117,199,checked,,text
Mashpee,2008,2008-05-15,precinct,2,2068,158,checked,,text
Mashpee,2008,2008-05-15,precinct,3,1536,77,checked,,text
Mashpee,2008,2008-05-15,precinct,4,1829,124,checked,,text
Mashpee,2008,2008-05-15,precinct,5,1940,155,checked,,text
Mattapoisett,2008,2008-05-20,total,,4473,1294,checked,precincts sum to both printed totals,text
Mattapoisett,2008,2008-05-20,precinct,1,2287,737,checked,,text
Mattapoisett,2008,2008-05-20,precinct,2,2186,557,checked,,text
May,2008,2008-05-05,total,,,,no_total,no TOTALS row was read,text
May,2008,2008-05-05,precinct,1,2565,590,no_total,,text
May,2008,2008-05-05,precinct,2,1952,591,no_total,,text
May,2008,2008-05-05,precinct,2,2093,605,no_total,,text
May,2008,2008-05-05,precinct,2,2025,93,no_total,,text
May,2008,2008-05-05,precinct,2,2323,284,no_total,,text
May,2008,2008-05-05,precinct,2,2065,453,no_total,,text
May,2008,2008-05-05,precinct,2,2064,265,no_total,,text
May,2008,2008-05-05,precinct,2,2350,474,no_total,,text
May,2008,2008-05-05,precinct,2,2372,466,no_total,,text
May,2008,2008-05-05,precinct,3,2246,727,no_total,,text
May,2008,2008-05-05,precinct,3,1795,179,no_total,,text
May,2008,2008-05-05,precinct,3,2275,380,no_total,,text
May,2008,2008-05-05,precinct,3,2307,278,no_total,,text
May,2008,2008-05-05,precinct,3,2583,390,no_total,,text
May,2008,2008-05-05,precinct,3,2546,526,no_total,,text
May,2008,2008-05-05,precinct,4,2095,696,no_total,,text
May,2008,2008-05-05,precinct,4,1902,135,no_total,,text
May,2008,2008-05-05,precinct,4,2221,325,no_total,,text
May,2008,2008-05-05,precinct,4,2451,389,no_total,,text
May,2008,2008-05-05,precinct,5,8858,2604,no_total,,text
May,2008,2008-05-05,precinct,5,1918,157,no_total,,text
May,2008,2008-05-05,precinct,5,2683,557,no_total,,text
May,2008,2008-05-05,precinct,6,1103,150,no_total,,text
May,2008,2008-05-05,precinct,6,2000,131,no_total,,text
May,2008,2008-05-05,precinct,6,2349,392,no_total,,text
May,2008,2008-05-05,precinct,7,2064,680,no_total,,text
May,2008,2008-05-05,precinct,7,1842,87,no_total,,text
May,2008,2008-05-05,precinct,8,2096,92,no_total,,text
May,2008,2008-05-05,precinct,9,4157,1285,no_total,,text
May,2008,2008-05-05,precinct,B,2460,115,no_total,,text
May,2008,2008-05-05,precinct,C,2495,218,no_total,,text
May,2008,2008-05-05,precinct,D,2531,190,no_total,,text
May,2008,2008-05-05,precinct,10,1785,92,no_total,,text
May,2008,2008-05-05,precinct,18,15363,966,no_total,,text
May,2008,2008-05-05,precinct,19,2317,463,no_total,,text
May,2008,2008-05-05,precinct,22,6915,1127,no_total,,text
May,2008,2008-05-05,precinct,23,4625,864,no_total,,text
May,2008,2008-05-05,precinct,24,2506,575,no_total,,text
May,2008,2008-05-05,precinct,26,4571,1029,no_total,,text
May,2008,2008-05-05,precinct,27,520,109,no_total,,text
May,2008,2008-05-05,precinct,28,2106,264,no_total,,text
May,2008,2008-05-05,precinct,31,6477,807,no_total,,text
May,2008,2008-05-05,precinct,32,2479,459,no_total,,text
May,2008,2008-05-05,precinct,36,9633,1648,no_total,,text
May,2008,2008-05-05,precinct,37,2274,401,no_total,,text
May,2008,2008-05-05,precinct,43,14675,2731,no_total,,text
May,2008,2008-05-05,precinct,44,3930,1029,no_total,,text
May,2008,2008-05-05,precinct,45,3688,804,no_total,,text
May,2008,2008-05-05,precinct,46,7618,1833,no_total,,text
May,2008,2008-05-05,precinct,47,1114,96,no_total,,text
May,2008,2008-05-05,precinct,48,2508,159,no_total,,text
May,2008,2008-05-05,precinct,52,9994,682,no_total,,text
Maynard,2008,2008-05-06,total,,6942,692,checked,precincts sum to both printed totals,text
Maynard,2008,2008-05-06,precinct,1,1698,183,checked,,text
Maynard,2008,2008-05-06,precinct,2,1650,137,checked,,text
Maynard,2008,2008-05-06,precinct,3,1855,196,checked,,text
Maynard,2008,2008-05-06,precinct,4,1739,176,checked,,text
Medfield,2008,2008-03-31,total,,8006,2124,checked,precincts sum to both printed totals,text
Medfield,2008,2008-03-31,precinct,1,1963,620,checked,,text
Medfield,2008,2008-03-31,precinct,2,2027,538,checked,,text
Medfield,2008,2008-03-31,precinct,3,2107,495,checked,,text
Medfield,2008,2008-03-31,precinct,4,1909,471,checked,,text
Medway,2008,2008-05-07,total,,8562,1044,checked,precincts sum to both printed totals,text
Medway,2008,2008-05-07,precinct,1,2320,234,checked,,text
Medway,2008,2008-05-07,precinct,2,1978,231,checked,,text
Medway,2008,2008-05-07,precinct,3,2101,274,checked,,text
Medway,2008,2008-05-07,precinct,4,2163,305,checked,,text
Mendon,2008,2008-05-13,total,,4062,324,single,"a single undivided town, or no precinct detail printed",text
Merrimac,2008,2008-05-05,total,,3926,532,single,"a single undivided town, or no precinct detail printed",text
Methuen,2008,,total,,,,no_election,the volume states no election was held this year,text
Middleborough,2008,2008-04-05,total,,15101,2066,checked,precincts sum to both printed totals,text
Middleborough,2008,2008-04-05,precinct,1,3627,627,checked,,text
Middleborough,2008,2008-04-05,precinct,2,2178,283,checked,,text
Middleborough,2008,2008-04-05,precinct,3,2527,323,checked,,text
Middleborough,2008,2008-04-05,precinct,4,1888,258,checked,,text
Middleborough,2008,2008-04-05,precinct,5,2679,349,checked,,text
Middleborough,2008,2008-04-05,precinct,6,2202,226,checked,,text
Middlefield,2008,2008-05-03,total,,341,75,single,"a single undivided town, or no precinct detail printed",text
Middleton,2008,2008-05-19,total,,5004,184,checked,precincts sum to both printed totals,text
Middleton,2008,2008-05-19,precinct,1,2721,124,checked,,text
Middleton,2008,2008-05-19,precinct,2,2283,60,checked,,text
Milford,2008,2008-04-07,total,,14393,3246,checked,precincts sum to both printed totals,text
Milford,2008,2008-04-07,precinct,1,1630,327,checked,,text
Milford,2008,2008-04-07,precinct,2,2063,496,checked,,text
Milford,2008,2008-04-07,precinct,3,1880,393,checked,,text
Milford,2008,2008-04-07,precinct,4,1777,449,checked,,text
Milford,2008,2008-04-07,precinct,5,2428,600,checked,,text
Milford,2008,2008-04-07,precinct,6,2146,511,checked,,text
Milford,2008,2008-04-07,precinct,7,2469,470,checked,,text
Millbury,2008,2008-04-29,total,,8280,384,checked,precincts sum to both printed totals,text
Millbury,2008,2008-04-29,precinct,1,1956,96,checked,,text
Millbury,2008,2008-04-29,precinct,2,2450,106,checked,,text
Millbury,2008,2008-04-29,precinct,3,1870,82,checked,,text
Millbury,2008,2008-04-29,precinct,4,2004,100,checked,,text
Millis,2008,2008-05-05,total,,5068,1049,checked,precincts sum to both printed totals,text
Millis,2008,2008-05-05,precinct,1,1565,307,checked,,text
Millis,2008,2008-05-05,precinct,2,1661,321,checked,,text
Millis,2008,2008-05-05,precinct,3,1842,421,checked,,text
Millville,2008,2008-04-07,total,,1854,409,single,"a single undivided town, or no precinct detail printed",text
Milton,2008,2008-05-15,total,,17051,2529,mismatch,"precincts sum to 28423 registered, the printed total says 17051",text
Milton,2008,2008-05-15,precinct,1,2106,1077,mismatch,,text
Milton,2008,2008-05-15,precinct,2,1918,1063,mismatch,,text
Milton,2008,2008-05-15,precinct,2,1538,315,mismatch,,text
Milton,2008,2008-05-15,precinct,3,1662,669,mismatch,,text
Milton,2008,2008-05-15,precinct,3,1539,229,mismatch,,text
Milton,2008,2008-05-15,precinct,4,5686,2809,mismatch,,text
Milton,2008,2008-05-15,precinct,4,1466,224,mismatch,,text
Milton,2008,2008-05-15,precinct,5,1335,72,mismatch,,text
Milton,2008,2008-05-15,precinct,5,1349,200,mismatch,,text
Milton,2008,2008-05-15,precinct,6,1684,220,mismatch,,text
Milton,2008,2008-05-15,precinct,7,1540,266,mismatch,,text
Milton,2008,2008-05-15,precinct,8,1696,313,mismatch,,text
Milton,2008,2008-05-15,precinct,9,1598,354,mismatch,,text
Milton,2008,2008-05-15,precinct,10,1708,219,mismatch,,text
Milton,2008,2008-05-15,precinct,11,1598,117,mismatch,,text
Monroe,2008,2008-05-05,total,,63,17,single,"a single undivided town, or no precinct detail printed",text
Monson,2008,2008-04-07,total,,5518,239,checked,precincts sum to both printed totals,text
Monson,2008,2008-04-07,precinct,1,1690,72,checked,,text
Monson,2008,2008-04-07,precinct,B,1939,74,checked,,text
Monson,2008,2008-04-07,precinct,C,1889,93,checked,,text
Montague,2008,2008-05-19,total,,5574,524,checked,precincts sum to both printed totals,text
Montague,2008,2008-05-19,precinct,1,1119,160,checked,,text
Montague,2008,2008-05-19,precinct,2,973,83,checked,,text
Montague,2008,2008-05-19,precinct,3,945,84,checked,,text
Montague,2008,2008-05-19,precinct,4,955,83,checked,,text
Montague,2008,2008-05-19,precinct,5,695,53,checked,,text
Montague,2008,2008-05-19,precinct,6,887,61,checked,,text
Monterey,2008,2008-05-03,total,,650,139,single,"a single undivided town, or no precinct detail printed",text
Montgomery,2008,2008-05-05,total,,591,140,single,"a single undivided town, or no precinct detail printed",text
Mount Washington,2008,2008-05-13,total,,118,38,single,"a single undivided town, or no precinct detail printed",text
Nahant,2008,2008-04-26,total,,2439,402,single,"a single undivided town, or no precinct detail printed",text
Nantucket,2008,2008-04-15,total,,8109,3549,single,"a single undivided town, or no precinct detail printed",text
Natick,2008,2008-03-25,total,,21273,9737,checked,precincts sum to both printed totals,text
Natick,2008,2008-03-25,precinct,1,1885,292,checked,,text
Natick,2008,2008-03-25,precinct,2,2040,1071,checked,,text
Natick,2008,2008-03-25,precinct,3,2150,1072,checked,,text
Natick,2008,2008-03-25,precinct,4,1887,828,checked,,text
Natick,2008,2008-03-25,precinct,5,2043,990,checked,,text
Natick,2008,2008-03-25,precinct,6,2186,1021,checked,,text
Natick,2008,2008-03-25,precinct,7,2289,1118,checked,,text
Natick,2008,2008-03-25,precinct,8,2094,1044,checked,,text
Natick,2008,2008-03-25,precinct,9,2197,1049,checked,,text
Natick,2008,2008-03-25,precinct,10,2502,1252,checked,,text
Needham,2008,2008-04-08,total,,20329,4013,checked,precincts sum to both printed totals,text
Needham,2008,2008-04-08,precinct,1,1980,287,checked,,text
Needham,2008,2008-04-08,precinct,1,2105,467,checked,,text
Needham,2008,2008-04-08,precinct,B,2004,370,checked,,text
Needham,2008,2008-04-08,precinct,C,1879,377,checked,,text
Needham,2008,2008-04-08,precinct,D,2030,343,checked,,text
Needham,2008,2008-04-08,precinct,E,2113,444,checked,,text
Needham,2008,2008-04-08,precinct,F,2202,396,checked,,text
Needham,2008,2008-04-08,precinct,G,2046,465,checked,,text
Needham,2008,2008-04-08,precinct,H,2129,515,checked,,text
Needham,2008,2008-04-08,precinct,J,1841,349,checked,,text
New,2008,2008-05-12,total,,1115,369,single,"a single undivided town, or no precinct detail printed",text
New Braintree,2008,2008-05-05,total,,664,155,single,"a single undivided town, or no precinct detail printed",text
New Salem,2008,2008-05-05,total,,744,85,single,"a single undivided town, or no precinct detail printed",text
Newbury,2008,2008-05-13,total,,4870,1423,checked,precincts sum to both printed totals,text
Newbury,2008,2008-05-13,precinct,1,2500,789,checked,,text
Newbury,2008,2008-05-13,precinct,2,2370,634,checked,,text
Norfolk,2008,2008-05-06,total,,5973,1503,checked,precincts sum to both printed totals,text
Norfolk,2008,2008-05-06,precinct,1,1836,509,checked,,text
Norfolk,2008,2008-05-06,precinct,2,1846,452,checked,,text
Norfolk,2008,2008-05-06,precinct,3,1705,432,checked,,text
Norfolk,2008,2008-05-06,precinct,4,586,110,checked,,text
North,2008,2008-04-01,total,,,,no_total,no TOTALS row was read,text
North,2008,2008-04-01,precinct,1,12,8,no_total,,text
North,2008,2008-04-01,precinct,2,1385,15,no_total,,text
North,2008,2008-04-01,precinct,3,1754,29,no_total,,text
North,2008,2008-04-01,precinct,4,2495,40,no_total,,text
North,2008,2008-04-01,precinct,5,1733,17,no_total,,text
North,2008,2008-04-01,precinct,6,1750,25,no_total,,text
North,2008,2008-04-01,precinct,7,2031,39,no_total,,text
North,2008,2008-04-01,precinct,8,2186,31,no_total,,text
North,2008,2008-04-01,precinct,9,2463,44,no_total,,text
North,2008,2008-04-01,precinct,10,2121,27,no_total,,text
North,2008,2008-04-01,precinct,11,17918,271,no_total,,text
North,2008,2008-04-01,precinct,12,520,8,no_total,,text
North,2008,2008-04-01,precinct,13,2871,55,no_total,,text
North,2008,2008-04-01,precinct,14,620,8,no_total,,text
North,2008,2008-04-01,precinct,15,2714,11,no_total,,text
North,2008,2008-04-01,precinct,16,2319,81,no_total,,text
North,2008,2008-04-01,precinct,17,2266,81,no_total,,text
North,2008,2008-04-01,precinct,18,2540,10,no_total,,text
North,2008,2008-04-01,precinct,19,9839,378,no_total,,text
North Andover,2008,2008-03-25,total,,16787,3366,checked,precincts sum to both printed totals,text
North Andover,2008,2008-03-25,precinct,1,1992,408,checked,,text
North Andover,2008,2008-03-25,precinct,2,1990,472,checked,,text
North Andover,2008,2008-03-25,precinct,3,2220,378,checked,,text
North Andover,2008,2008-03-25,precinct,4,2352,492,checked,,text
North Andover,2008,2008-03-25,precinct,5,1067,157,checked,,text
North Andover,2008,2008-03-25,precinct,6,2460,542,checked,,text
North Andover,2008,2008-03-25,precinct,7,2450,438,checked,,text
North Andover,2008,2008-03-25,precinct,8,2256,479,checked,,text
Northb,2008,2008-05-12,total,,,,no_total,no TOTALS row was read,text
Northb,2008,2008-05-12,precinct,1,122,8,no_total,,text
Northb,2008,2008-05-12,precinct,2,2252,50,no_total,,text
Northb,2008,2008-05-12,precinct,3,2259,59,no_total,,text
Northb,2008,2008-05-12,precinct,4,2318,54,no_total,,text
Northb,2008,2008-05-12,precinct,5,2354,64,no_total,,text
Northb,2008,2008-05-12,precinct,6,9183,228,no_total,,text
Northb,2008,2008-05-12,precinct,7,202,8,no_total,,text
Northb,2008,2008-05-12,precinct,8,2528,55,no_total,,text
Northb,2008,2008-05-12,precinct,9,2604,45,no_total,,text
Northb,2008,2008-05-12,precinct,10,1713,30,no_total,,text
Northb,2008,2008-05-12,precinct,11,2601,57,no_total,,text
Northb,2008,2008-05-12,precinct,12,9446,18,no_total,,text
Northfield,2008,2008-05-06,total,,,,no_total,no TOTALS row was read,text
Northfield,2008,2008-05-06,precinct,1,620,8,no_total,,text
Northfield,2008,2008-05-06,precinct,2,2088,28,no_total,,text
Norton,2008,2008-04-29,total,,122,,mismatch,"precincts sum to 11065 registered, the printed total says 122",text
Norton,2008,2008-04-29,precinct,1,2462,28,mismatch,,text
Norton,2008,2008-04-29,precinct,2,2530,26,mismatch,,text
Norton,2008,2008-04-29,precinct,3,2257,21,mismatch,,text
Norton,2008,2008-04-29,precinct,4,2419,26,mismatch,,text
Norton,2008,2008-04-29,precinct,5,1397,19,mismatch,,text
Norwell,2008,2008-04-05,total,,,,no_total,no TOTALS row was read,text
Norwell,2008,2008-04-05,precinct,1,52,8,no_total,,text
Norwell,2008,2008-04-05,precinct,2,2268,30,no_total,,text
Norwell,2008,2008-04-05,precinct,3,2437,43,no_total,,text
Norwell,2008,2008-04-05,precinct,4,2339,41,no_total,,text
Norwell,2008,2008-04-05,precinct,5,7044,115,no_total,,text
Norwood,2008,2008-04-07,total,,,,no_total,no TOTALS row was read,text
Norwood,2008,2008-04-07,precinct,1,72,8,no_total,,text
Norwood,2008,2008-04-07,precinct,2,1882,41,no_total,,text
Norwood,2008,2008-04-07,precinct,3,1714,46,no_total,,text
Norwood,2008,2008-04-07,precinct,4,1784,44,no_total,,text
Norwood,2008,2008-04-07,precinct,5,2134,73,no_total,,text
Norwood,2008,2008-04-07,precinct,6,1135,18,no_total,,text
Norwood,2008,2008-04-07,precinct,7,1680,30,no_total,,text
Norwood,2008,2008-04-07,precinct,8,1916,37,no_total,,text
Norwood,2008,2008-04-07,precinct,9,1971,35,no_total,,text
Norwood,2008,2008-04-07,precinct,10,2052,44,no_total,,text
Norwood,2008,2008-04-07,precinct,11,16268,370,no_total,,text
Oxford,2008,2008-05-27,total,,,,no_total,no TOTALS row was read,text
Oxford,2008,2008-05-27,precinct,1,6,8,no_total,,text
Oxford,2008,2008-05-27,precinct,17,17,,no_total,,text
Oxford,2008,2008-05-27,precinct,19,1037,293,no_total,,text
Plainfield,2008,2008-05-05,total,,,,no_total,no TOTALS row was read,text
Plainfield,2008,2008-05-05,precinct,1,11,8,no_total,,text
Plainfield,2008,2008-05-05,precinct,47,47,,no_total,,text
Plainfield,2008,2008-05-05,precinct,63,1129,251,no_total,,text
Plainville,2008,2008-05-03,total,,,,no_total,no TOTALS row was read,text
Plainville,2008,2008-05-03,precinct,1,32,8,no_total,,text
Plainville,2008,2008-05-03,precinct,01,1,,no_total,,text
Plainville,2008,2008-05-03,precinct,83,420,64,no_total,,text
Plymouth,2008,2008-05-10,total,,36369,9736,mismatch,"precincts sum to 36289 registered, the printed total says 36369",text
Plymouth,2008,2008-05-10,precinct,1,2024,515,mismatch,,text
Plymouth,2008,2008-05-10,precinct,2,2735,675,mismatch,,text
Plymouth,2008,2008-05-10,precinct,3,2041,519,mismatch,,text
Plymouth,2008,2008-05-10,precinct,4,2548,842,mismatch,,text
Plymouth,2008,2008-05-10,precinct,5,3596,981,mismatch,,text
Plymouth,2008,2008-05-10,precinct,6,2487,677,mismatch,,text
Plymouth,2008,2008-05-10,precinct,7,2470,625,mismatch,,text
Plymouth,2008,2008-05-10,precinct,8,2941,742,mismatch,,text
Plymouth,2008,2008-05-10,precinct,9,2306,562,mismatch,,text
Plymouth,2008,2008-05-10,precinct,10,1759,452,mismatch,,text
Plymouth,2008,2008-05-10,precinct,11,2760,759,mismatch,,text
Plymouth,2008,2008-05-10,precinct,12,2554,126,mismatch,,text
Plymouth,2008,2008-05-10,precinct,13,2672,699,mismatch,,text
Plymouth,2008,2008-05-10,precinct,14,3396,894,mismatch,,text
Plympton,2008,2008-05-17,total,,1919,515,single,"a single undivided town, or no precinct detail printed",text
Princeton,2008,2008-05-12,total,,2637,103,single,"a single undivided town, or no precinct detail printed",text
Provincetown,2008,2008-05-06,total,,2834,1157,single,"a single undivided town, or no precinct detail printed",text
Randolph,2008,2008-04-01,total,,18549,6675,checked,precincts sum to both printed totals,text
Randolph,2008,2008-04-01,precinct,1,2363,918,checked,,text
Randolph,2008,2008-04-01,precinct,2,2177,712,checked,,text
Randolph,2008,2008-04-01,precinct,3,2191,842,checked,,text
Randolph,2008,2008-04-01,precinct,4,2357,845,checked,,text
Randolph,2008,2008-04-01,precinct,5,2264,721,checked,,text
Randolph,2008,2008-04-01,precinct,6,2350,821,checked,,text
Randolph,2008,2008-04-01,precinct,7,2364,857,checked,,text
Randolph,2008,2008-04-01,precinct,8,2483,959,checked,,text
Raynham,2008,2008-04-26,total,,8555,208,checked,precincts sum to both printed totals,text
Raynham,2008,2008-04-26,precinct,1,2818,92,checked,,text
Raynham,2008,2008-04-26,precinct,2,2949,61,checked,,text
Raynham,2008,2008-04-26,precinct,3,2788,55,checked,,text
Reading,2008,2008-02-05,total,,16248,8279,checked,precincts sum to both printed totals,text
Reading,2008,2008-02-05,precinct,1,2099,1222,checked,,text
Reading,2008,2008-02-05,precinct,2,1985,875,checked,,text
Reading,2008,2008-02-05,precinct,3,1947,906,checked,,text
Reading,2008,2008-02-05,precinct,4,2088,1129,checked,,text
Reading,2008,2008-02-05,precinct,5,1939,953,checked,,text
Reading,2008,2008-02-05,precinct,6,2157,1072,checked,,text
Reading,2008,2008-02-05,precinct,7,1991,1131,checked,,text
Reading,2008,2008-02-05,precinct,8,2042,991,checked,,text
Rehoboth,2008,2008-04-07,total,,7547,2807,checked,precincts sum to both printed totals,text
Rehoboth,2008,2008-04-07,precinct,1,2457,768,checked,,text
Rehoboth,2008,2008-04-07,precinct,2,2583,1040,checked,,text
Rehoboth,2008,2008-04-07,precinct,3,2507,999,checked,,text
Richmond,2008,2008-05-31,total,,1093,70,single,"a single undivided town, or no precinct detail printed",text
Rochester,2008,2008-04-09,total,,3770,1106,single,"a single undivided town, or no precinct detail printed",text
Rockland,2008,2008-04-12,total,,10276,3179,checked,precincts sum to both printed totals; the TOTALS label was unreadable and was identified by the sum,text
Rockland,2008,2008-04-12,precinct,1,1707,472,checked,,text
Rockland,2008,2008-04-12,precinct,2,2024,671,checked,,text
Rockland,2008,2008-04-12,precinct,3,1407,357,checked,,text
Rockland,2008,2008-04-12,precinct,4,1525,395,checked,,text
Rockland,2008,2008-04-12,precinct,5,1815,698,checked,,text
Rockland,2008,2008-04-12,precinct,6,1798,586,checked,,text
Rockport,2008,2008-05-06,total,,5238,1789,checked,precincts sum to both printed totals; the TOTALS label was unreadable and was identified by the sum,text
Rockport,2008,2008-05-06,precinct,1,1348,514,checked,,text
Rockport,2008,2008-05-06,precinct,2,1784,561,checked,,text
Rockport,2008,2008-05-06,precinct,3,2106,714,checked,,text
Rowe,2008,2008-05-17,total,,,,no_total,no TOTALS row was read,text
Rowe,2008,2008-05-17,precinct,1,296,198,no_total,,text
Rowley,2008,2008-05-13,total,,,,no_total,no TOTALS row was read,text
Rowley,2008,2008-05-13,precinct,1,3812,1003,no_total,,text
Royals,2008,2008-04-07,total,,874,177,checked,precincts sum to both printed totals; the TOTALS label was unreadable and was identified by the sum,text
Royals,2008,2008-04-07,precinct,1,523,122,checked,,text
Royals,2008,2008-04-07,precinct,2,351,55,checked,,text
Russell,2008,2008-05-05,total,,,,no_total,no TOTALS row was read,text
Russell,2008,2008-05-05,precinct,1,953,142,no_total,,text
Rutland,2008,2008-05-12,total,,727,,mismatch,"precincts sum to 4946 registered, the printed total says 727",text
Rutland,2008,2008-05-12,precinct,1,2495,379,mismatch,,text
Rutland,2008,2008-05-12,precinct,2,2451,348,mismatch,,text
Salisbury,2008,2008-05-13,total,,5638,279,checked,precincts sum to both printed totals; the TOTALS label was unreadable and was identified by the sum,text
Salisbury,2008,2008-05-13,precinct,1,2779,144,checked,,text
Salisbury,2008,2008-05-13,precinct,2,2859,135,checked,,text
Sandisfield,2008,2008-05-19,total,,,,no_total,no TOTALS row was read,text
Sandisfield,2008,2008-05-19,precinct,1,542,190,no_total,,text
Sandwich,2008,2008-05-08,total,,15018,,reg_only,registered voters sum; people who voted does not,text
Sandwich,2008,2008-05-08,precinct,1,2225,586,reg_only,,text
Sandwich,2008,2008-05-08,precinct,2,2406,493,reg_only,,text
Sandwich,2008,2008-05-08,precinct,3,2259,476,reg_only,,text
Sandwich,2008,2008-05-08,precinct,4,2262,257,reg_only,,text
Sandwich,2008,2008-05-08,precinct,5,2117,324,reg_only,,text
Sandwich,2008,2008-05-08,precinct,6,1823,364,reg_only,,text
Sandwich,2008,2008-05-08,precinct,7,1926,304,reg_only,,text
Saugus,2008,,total,,,,no_election,the volume states no election was held this year,text
Savoy,2008,2008-05-21,total,,,,no_total,no TOTALS row was read,text
Savoy,2008,2008-05-21,precinct,1,520,54,no_total,,text
Scituate,2008,2008-04-26,total,,12882,2588,checked,precincts sum to both printed totals; the TOTALS label was unreadable and was identified by the sum,text
Scituate,2008,2008-04-26,precinct,1,2279,486,checked,,text
Scituate,2008,2008-04-26,precinct,2,2226,484,checked,,text
Scituate,2008,2008-04-26,precinct,3,2044,380,checked,,text
Scituate,2008,2008-04-26,precinct,4,2287,432,checked,,text
Scituate,2008,2008-04-26,precinct,5,1974,417,checked,,text
Scituate,2008,2008-04-26,precinct,6,2072,389,checked,,text
Seekonk,2008,2008-04-07,total,,9048,16,reg_only,registered voters sum; people who voted does not,text
Seekonk,2008,2008-04-07,precinct,1,2296,40,reg_only,,text
Seekonk,2008,2008-04-07,precinct,2,2286,56,reg_only,,text
Seekonk,2008,2008-04-07,precinct,3,2331,37,reg_only,,text
Seekonk,2008,2008-04-07,precinct,4,2135,34,reg_only,,text
Sharon,2008,2008-05-20,total,,11855,181,reg_only,registered voters sum; people who voted does not,text
Sharon,2008,2008-05-20,precinct,1,2372,36,reg_only,,text
Sharon,2008,2008-05-20,precinct,2,2338,36,reg_only,,text
Sharon,2008,2008-05-20,precinct,3,2476,41,reg_only,,text
Sharon,2008,2008-05-20,precinct,4,2325,35,reg_only,,text
Sharon,2008,2008-05-20,precinct,5,2344,31,reg_only,,text
Sheffield,2008,2008-05-12,total,,2157,50,single,"a single undivided town, or no precinct detail printed",text
Shelburne,2008,2008-06-09,total,,1307,33,single,"a single undivided town, or no precinct detail printed",text
Sherborn,2008,2008-05-13,total,,,,no_total,no TOTALS row was read,text
Sherborn,2008,2008-05-13,precinct,1,81,,no_total,,text
Shirley,2008,2008-05-13,total,,3726,77,single,"a single undivided town, or no precinct detail printed",text
Shrewsbury,2008,2008-05-06,total,,21418,902,reg_only,registered voters sum; people who voted does not,text
Shrewsbury,2008,2008-05-06,precinct,1,2416,11,reg_only,,text
Shrewsbury,2008,2008-05-06,precinct,2,2261,90,reg_only,,text
Shrewsbury,2008,2008-05-06,precinct,3,1971,68,reg_only,,text
Shrewsbury,2008,2008-05-06,precinct,4,2458,96,reg_only,,text
Shrewsbury,2008,2008-05-06,precinct,5,2317,99,reg_only,,text
Shrewsbury,2008,2008-05-06,precinct,6,2309,96,reg_only,,text
Shrewsbury,2008,2008-05-06,precinct,7,2644,11,reg_only,,text
Shrewsbury,2008,2008-05-06,precinct,8,2773,12,reg_only,,text
Shrewsbury,2008,2008-05-06,precinct,9,2269,91,reg_only,,text
Shutesbury,2008,2008-05-03,total,,1421,34,single,"a single undivided town, or no precinct detail printed",text
Somerset,2008,2008-05-12,total,,12396,384,reg_only,registered voters sum; people who voted does not,text
Somerset,2008,2008-05-12,precinct,1,2610,92,reg_only,,text
Somerset,2008,2008-05-12,precinct,2,2600,94,reg_only,,text
Somerset,2008,2008-05-12,precinct,3,2515,80,reg_only,,text
Somerset,2008,2008-05-12,precinct,4,2311,57,reg_only,,text
Somerset,2008,2008-05-12,precinct,5,2360,60,reg_only,,text
South Hadley,2008,2008-04-07,total,,10744,265,reg_only,registered voters sum; people who voted does not,text
South Hadley,2008,2008-04-07,precinct,1,2000,34,reg_only,,text
South Hadley,2008,2008-04-07,precinct,B,2500,67,reg_only,,text
South Hadley,2008,2008-04-07,precinct,C,2355,62,reg_only,,text
South Hadley,2008,2008-04-07,precinct,D,1403,42,reg_only,,text
South Hadley,2008,2008-04-07,precinct,E,2486,59,reg_only,,text
Southampton,2008,2008-05-05,total,,3786,66,single,"a single undivided town, or no precinct detail printed",text
Southborough,2008,2008-05-12,total,,6384,74,reg_only,registered voters sum; people who voted does not,text
Southborough,2008,2008-05-12,precinct,1,2319,26,reg_only,,text
Southborough,2008,2008-05-12,precinct,2,2001,23,reg_only,,text
Southborough,2008,2008-05-12,precinct,3,2064,24,reg_only,,text
Sturbridge,2008,2008-05-13,total,,,,no_total,no TOTALS row was read,text
Sturbridge,2008,2008-05-13,precinct,44,4464,360,no_total,,text
Sturbridge,2008,2008-05-13,precinct,70,70,,no_total,,text
Sunderland,2008,2008-05-03,total,,2281,79,single,"a single undivided town, or no precinct detail printed",text
Sutton,2008,2008-05-27,total,,6514,276,checked,precincts sum to both printed totals,text
Sutton,2008,2008-05-27,precinct,1,2267,100,checked,,text
Sutton,2008,2008-05-27,precinct,2,2191,97,checked,,text
Sutton,2008,2008-05-27,precinct,3,2056,79,checked,,text
Swampscott,2008,2008-04-29,total,,9886,1786,checked,precincts sum to both printed totals,text
Swampscott,2008,2008-04-29,precinct,1,1857,247,checked,,text
Swampscott,2008,2008-04-29,precinct,2,1340,283,checked,,text
Swampscott,2008,2008-04-29,precinct,3,1593,211,checked,,text
Swampscott,2008,2008-04-29,precinct,4,1669,368,checked,,text
Swampscott,2008,2008-04-29,precinct,5,1640,318,checked,,text
Swampscott,2008,2008-04-29,precinct,6,1787,359,checked,,text
Swansea,2008,2008-04-14,total,,10654,2500,checked,precincts sum to both printed totals,text
Swansea,2008,2008-04-14,precinct,1,2245,440,checked,,text
Swansea,2008,2008-04-14,precinct,2,2077,558,checked,,text
Swansea,2008,2008-04-14,precinct,3,1978,523,checked,,text
Swansea,2008,2008-04-14,precinct,4,2152,472,checked,,text
Swansea,2008,2008-04-14,precinct,5,2202,507,checked,,text
Templeton,2008,2008-05-05,total,,4881,875,checked,precincts sum to both printed totals,text
Templeton,2008,2008-05-05,precinct,1,2697,470,checked,,text
Templeton,2008,2008-05-05,precinct,B,2184,405,checked,,text
Tewksbury,2008,2008-04-05,total,,19177,3285,checked,precincts sum to both printed totals,text
Tewksbury,2008,2008-04-05,precinct,1,2542,396,checked,,text
Tewksbury,2008,2008-04-05,precinct,2,2367,448,checked,,text
Tewksbury,2008,2008-04-05,precinct,2,2292,337,checked,,text
Tewksbury,2008,2008-04-05,precinct,3,2674,393,checked,,text
Tewksbury,2008,2008-04-05,precinct,4,2268,402,checked,,text
Tewksbury,2008,2008-04-05,precinct,4,2163,338,checked,,text
Tewksbury,2008,2008-04-05,precinct,6,2444,448,checked,,text
Tewksbury,2008,2008-04-05,precinct,8,2427,523,checked,,text
Tisbury,2008,2008-04-15,total,,2715,1401,single,"a single undivided town, or no precinct detail printed",text
Tolland,2008,2008-06-07,total,,325,42,single,"a single undivided town, or no precinct detail printed",text
Topsfield,2008,2008-04-16,total,,4094,1423,single,"a single undivided town, or no precinct detail printed",text
Townsend,2008,2008-04-28,total,,9360,1292,checked,precincts sum to both printed totals,text
Townsend,2008,2008-04-28,precinct,1,3062,451,checked,,text
Townsend,2008,2008-04-28,precinct,2,3276,482,checked,,text
Townsend,2008,2008-04-28,precinct,3,3022,359,checked,,text
Truro,2008,2008-05-13,total,,1658,204,single,"a single undivided town, or no precinct detail printed",text
Tyngsborough,2008,2008-05-13,total,,7533,1757,checked,precincts sum to both printed totals,text
Tyngsborough,2008,2008-05-13,precinct,1,1835,511,checked,,text
Tyngsborough,2008,2008-05-13,precinct,2,1812,354,checked,,text
Tyngsborough,2008,2008-05-13,precinct,3,1800,350,checked,,text
Tyngsborough,2008,2008-05-13,precinct,4,2086,542,checked,,text
Tyringham,2008,2008-05-19,total,,288,102,single,"a single undivided town, or no precinct detail printed",text
UNKNOWN,2008,2008-04-10,total,,5375,1684,no_election,the volume states no election was held this year,text
UNKNOWN,2008,2008-04-10,precinct,00,1500,295,no_election,,text
UNKNOWN,2008,2008-04-10,precinct,01,2376,505,no_election,,text
UNKNOWN,2008,2008-04-10,precinct,3,2,8,no_election,,text
UNKNOWN,2008,2008-04-10,precinct,03,2095,187,no_election,,text
UNKNOWN,2008,2008-04-10,precinct,03,1080,206,no_election,,text
UNKNOWN,2008,2008-04-10,precinct,03,2039,338,no_election,,text
UNKNOWN,2008,2008-04-10,precinct,04,1725,533,no_election,,text
UNKNOWN,2008,2008-04-10,precinct,06,5386,836,no_election,,text
UNKNOWN,2008,2008-04-10,precinct,10,2741,706,no_election,,text
UNKNOWN,2008,2008-04-10,precinct,10,2539,425,no_election,,text
UNKNOWN,2008,2008-04-10,precinct,11,11,,no_election,,text
UNKNOWN,2008,2008-04-10,precinct,11,11,,no_election,,text
UNKNOWN,2008,2008-04-10,precinct,12,46,8,no_election,,text
UNKNOWN,2008,2008-04-10,precinct,12,6516,1392,no_election,,text
UNKNOWN,2008,2008-04-10,precinct,12,1984,314,no_election,,text
UNKNOWN,2008,2008-04-10,precinct,13,13,,no_election,,text
UNKNOWN,2008,2008-04-10,precinct,14,2011,131,no_election,,text
UNKNOWN,2008,2008-04-10,precinct,15,2197,178,no_election,,text
UNKNOWN,2008,2008-04-10,precinct,15,1838,350,no_election,,text
UNKNOWN,2008,2008-04-10,precinct,16,2272,136,no_election,,text
UNKNOWN,2008,2008-04-10,precinct,21,53,8,no_election,,text
UNKNOWN,2008,2008-04-10,precinct,24,2354,517,no_election,,text
UNKNOWN,2008,2008-04-10,precinct,25,2111,422,no_election,,text
UNKNOWN,2008,2008-04-10,precinct,25,2554,569,no_election,,text
UNKNOWN,2008,2008-04-10,precinct,26,2538,786,no_election,,text
UNKNOWN,2008,2008-04-10,precinct,27,2264,511,no_election,,text
UNKNOWN,2008,2008-04-10,precinct,27,2945,848,no_election,,text
UNKNOWN,2008,2008-04-10,precinct,28,2071,448,no_election,,text
UNKNOWN,2008,2008-04-10,precinct,29,14781,2179,no_election,,text
UNKNOWN,2008,2008-04-10,precinct,31,31,,no_election,,text
UNKNOWN,2008,2008-04-10,precinct,31,2179,824,no_election,,text
UNKNOWN,2008,2008-04-10,precinct,33,559,208,no_election,,text
UNKNOWN,2008,2008-04-10,precinct,34,7587,2487,no_election,,text
UNKNOWN,2008,2008-04-10,precinct,36,76,8,no_election,,text
UNKNOWN,2008,2008-04-10,precinct,41,41,,no_election,,text
UNKNOWN,2008,2008-04-10,precinct,42,2364,137,no_election,,text
UNKNOWN,2008,2008-04-10,precinct,43,2953,517,no_election,,text
UNKNOWN,2008,2008-04-10,precinct,43,1900,498,no_election,,text
UNKNOWN,2008,2008-04-10,precinct,43,43,4231,no_election,,text
UNKNOWN,2008,2008-04-10,precinct,43,43,,no_election,,text
UNKNOWN,2008,2008-04-10,precinct,45,2584,595,no_election,,text
UNKNOWN,2008,2008-04-10,precinct,45,67,8,no_election,,text
UNKNOWN,2008,2008-04-10,precinct,47,2242,513,no_election,,text
UNKNOWN,2008,2008-04-10,precinct,47,16805,4137,no_election,,text
UNKNOWN,2008,2008-04-10,precinct,50,2433,319,no_election,,text
UNKNOWN,2008,2008-04-10,precinct,51,2013,624,no_election,,text
UNKNOWN,2008,2008-04-10,precinct,53,1919,714,no_election,,text
UNKNOWN,2008,2008-04-10,precinct,54,2634,978,no_election,,text
UNKNOWN,2008,2008-04-10,precinct,54,2324,535,no_election,,text
UNKNOWN,2008,2008-04-10,precinct,54,1930,616,no_election,,text
UNKNOWN,2008,2008-04-10,precinct,55,3019,885,no_election,,text
UNKNOWN,2008,2008-04-10,precinct,57,57,,no_election,,text
UNKNOWN,2008,2008-04-10,precinct,57,57,,no_election,,text
UNKNOWN,2008,2008-04-10,precinct,57,2844,326,no_election,,text
UNKNOWN,2008,2008-04-10,precinct,59,6229,1789,no_election,,text
UNKNOWN,2008,2008-04-10,precinct,60,6,8,no_election,,text
UNKNOWN,2008,2008-04-10,precinct,62,2350,946,no_election,,text
UNKNOWN,2008,2008-04-10,precinct,63,2354,507,no_election,,text
UNKNOWN,2008,2008-04-10,precinct,64,64,,no_election,,text
UNKNOWN,2008,2008-04-10,precinct,64,2098,277,no_election,,text
UNKNOWN,2008,2008-04-10,precinct,65,2003,290,no_election,,text
UNKNOWN,2008,2008-04-10,precinct,67,2283,226,no_election,,text
UNKNOWN,2008,2008-04-10,precinct,69,2674,500,no_election,,text
UNKNOWN,2008,2008-04-10,precinct,69,2213,832,no_election,,text
UNKNOWN,2008,2008-04-10,precinct,70,1227,388,no_election,,text
UNKNOWN,2008,2008-04-10,precinct,70,2135,549,no_election,,text
UNKNOWN,2008,2008-04-10,precinct,71,2053,563,no_election,,text
UNKNOWN,2008,2008-04-10,precinct,73,73,,no_election,,text
UNKNOWN,2008,2008-04-10,precinct,73,2455,317,no_election,,text
UNKNOWN,2008,2008-04-10,precinct,74,74,,no_election,,text
UNKNOWN,2008,2008-04-10,precinct,77,2061,428,no_election,,text
UNKNOWN,2008,2008-04-10,precinct,78,4636,273,no_election,,text
UNKNOWN,2008,2008-04-10,precinct,80,80,,no_election,,text
UNKNOWN,2008,2008-04-10,precinct,81,10982,2386,no_election,,text
UNKNOWN,2008,2008-04-10,precinct,82,2132,808,no_election,,text
UNKNOWN,2008,2008-04-10,precinct,83,2174,821,no_election,,text
UNKNOWN,2008,2008-04-10,precinct,84,2182,488,no_election,,text
UNKNOWN,2008,2008-04-10,precinct,86,2000,297,no_election,,text
UNKNOWN,2008,2008-04-10,precinct,86,2141,308,no_election,,text
UNKNOWN,2008,2008-04-10,precinct,88,2218,178,no_election,,text
UNKNOWN,2008,2008-04-10,precinct,88,2157,160,no_election,,text
UNKNOWN,2008,2008-04-10,precinct,88,2236,337,no_election,,text
UNKNOWN,2008,2008-04-10,precinct,90,8521,674,no_election,,text
UNKNOWN,2008,2008-04-10,precinct,91,2319,356,no_election,,text
UNKNOWN,2008,2008-04-10,precinct,93,93,,no_election,,text
UNKNOWN,2008,2008-04-10,precinct,97,2553,655,no_election,,text
UNKNOWN,2008,2008-04-10,precinct,97,3284,941,no_election,,text
Upton,2008,2008-05-05,total,,4484,788,single,"a single undivided town, or no precinct detail printed",text
Uxbridge,2008,2008-05-20,total,,9092,1242,checked,precincts sum to both printed totals,text
Uxbridge,2008,2008-05-20,precinct,1,2052,276,checked,,text
Uxbridge,2008,2008-05-20,precinct,2,2544,386,checked,,text
Uxbridge,2008,2008-05-20,precinct,3,2412,256,checked,,text
Uxbridge,2008,2008-05-20,precinct,4,2084,324,checked,,text
Wakefield,2008,2008-04-22,total,,16440,2702,checked,precincts sum to both printed totals,text
Wakefield,2008,2008-04-22,precinct,1,2530,420,checked,,text
Wakefield,2008,2008-04-22,precinct,2,1975,274,checked,,text
Wakefield,2008,2008-04-22,precinct,3,2337,307,checked,,text
Wakefield,2008,2008-04-22,precinct,4,2543,382,checked,,text
Wakefield,2008,2008-04-22,precinct,5,2288,376,checked,,text
Wakefield,2008,2008-04-22,precinct,6,2356,461,checked,,text
Wakefield,2008,2008-04-22,precinct,7,2411,482,checked,,text
Wales,2008,2008-05-27,total,,1241,389,single,"a single undivided town, or no precinct detail printed",text
Walpole,2008,2008-06-07,total,,15934,3853,checked,precincts sum to both printed totals,text
Walpole,2008,2008-06-07,precinct,1,2038,380,checked,,text
Walpole,2008,2008-06-07,precinct,2,2032,499,checked,,text
Walpole,2008,2008-06-07,precinct,3,2030,437,checked,,text
Walpole,2008,2008-06-07,precinct,4,2265,632,checked,,text
Walpole,2008,2008-06-07,precinct,5,1428,450,checked,,text
Walpole,2008,2008-06-07,precinct,6,2051,464,checked,,text
Walpole,2008,2008-06-07,precinct,7,2096,568,checked,,text
Walpole,2008,2008-06-07,precinct,8,1994,423,checked,,text
Ware,2008,2008-04-14,total,,6037,1145,checked,precincts sum to both printed totals,text
Ware,2008,2008-04-14,precinct,1,1767,387,checked,,text
Ware,2008,2008-04-14,precinct,B,1980,346,checked,,text
Ware,2008,2008-04-14,precinct,C,2290,412,checked,,text
Wareham,2008,2008-04-01,total,,14283,2154,checked,precincts sum to both printed totals,text
Wareham,2008,2008-04-01,precinct,1,2392,356,checked,,text
Wareham,2008,2008-04-01,precinct,2,2477,430,checked,,text
Wareham,2008,2008-04-01,precinct,3,2324,462,checked,,text
Wareham,2008,2008-04-01,precinct,4,2403,322,checked,,text
Wareham,2008,2008-04-01,precinct,5,2528,410,checked,,text
Wareham,2008,2008-04-01,precinct,6,2159,174,checked,,text
Warren,2008,2008-05-06,total,,2911,733,checked,precincts sum to both printed totals,text
Warren,2008,2008-05-06,precinct,1,2124,498,checked,,text
Warren,2008,2008-05-06,precinct,B,787,235,checked,,text
Warwick,2008,2008-05-19,total,,503,151,single,"a single undivided town, or no precinct detail printed",text
Washington,2008,2008-05-17,total,,401,114,single,"a single undivided town, or no precinct detail printed",text
Watertown,2008,,total,,,,no_election,the volume states no election was held this year,text
Wayland,2008,2008-04-08,total,,8760,4446,checked,precincts sum to both printed totals,text
Wayland,2008,2008-04-08,precinct,1,2140,1117,checked,,text
Wayland,2008,2008-04-08,precinct,2,2195,1123,checked,,text
Wayland,2008,2008-04-08,precinct,3,2072,978,checked,,text
Wayland,2008,2008-04-08,precinct,4,2353,1228,checked,,text
Webster,2008,2008-05-05,total,,11024,1348,checked,precincts sum to both printed totals,text
Webster,2008,2008-05-05,precinct,1,2002,277,checked,,text
Webster,2008,2008-05-05,precinct,2,1968,161,checked,,text
Webster,2008,2008-05-05,precinct,3,2189,227,checked,,text
Webster,2008,2008-05-05,precinct,4,2683,365,checked,,text
Webster,2008,2008-05-05,precinct,5,2182,318,checked,,text
Wellesley,2008,2008-03-04,total,,15719,3201,checked,precincts sum to both printed totals,text
Wellesley,2008,2008-03-04,precinct,1,2495,523,checked,,text
Wellesley,2008,2008-03-04,precinct,B,2543,534,checked,,text
Wellesley,2008,2008-03-04,precinct,C,2598,560,checked,,text
Wellesley,2008,2008-03-04,precinct,D,2220,479,checked,,text
Wellesley,2008,2008-03-04,precinct,E,2479,567,checked,,text
Wellesley,2008,2008-03-04,precinct,F,1989,364,checked,,text
Wellesley,2008,2008-03-04,precinct,G,1395,174,checked,,text
Wellfleet,2008,2008-05-05,total,,2505,471,single,"a single undivided town, or no precinct detail printed",text
Wendell,2008,2008-05-05,total,,662,62,single,"a single undivided town, or no precinct detail printed",text
Wenham,2008,2008-05-03,total,,2683,259,single,"a single undivided town, or no precinct detail printed",text
West Boylston,2008,2008-04-01,total,,4676,283,checked,precincts sum to both printed totals,text
West Boylston,2008,2008-04-01,precinct,1,2203,127,checked,,text
West Boylston,2008,2008-04-01,precinct,2,2473,156,checked,,text
West Bridgewater,2008,2008-04-12,total,,4458,647,checked,precincts sum to both printed totals,text
West Bridgewater,2008,2008-04-12,precinct,1,2292,305,checked,,text
West Bridgewater,2008,2008-04-12,precinct,2,2166,342,checked,,text
West Brookfield,2008,2008-05-06,total,,2159,621,single,"a single undivided town, or no precinct detail printed",text
West Newbury,2008,2008-05-05,total,,3002,759,single,"a single undivided town, or no precinct detail printed",text
West Springfield,2008,,total,,,,no_election,the volume states no election was held this year,text
West Stockbridge,2008,2008-05-12,total,,1004,412,single,"a single undivided town, or no precinct detail printed",text
West Tisbury,2008,2008-04-10,total,,2145,724,single,"a single undivided town, or no precinct detail printed",text
Westborough,2008,2008-05-06,total,,11323,2301,checked,precincts sum to both printed totals,text
Westborough,2008,2008-05-06,precinct,1,1760,230,checked,,text
Westborough,2008,2008-05-06,precinct,2,2173,327,checked,,text
Westborough,2008,2008-05-06,precinct,3,2249,441,checked,,text
Westborough,2008,2008-05-06,precinct,4,2604,664,checked,,text
Westborough,2008,2008-05-06,precinct,5,2537,639,checked,,text
Westhampton,2008,2008-06-07,total,,,,no_total,no TOTALS row was read,text
Westhampton,2008,2008-06-07,precinct,1,1234,346,no_total,,text
Westminster,2008,2008-04-29,total,,5298,304,checked,precincts sum to both printed totals; the TOTALS label was unreadable and was identified by the sum,text
Westminster,2008,2008-04-29,precinct,1,2726,119,checked,,text
Westminster,2008,2008-04-29,precinct,2,2572,185,checked,,text
Weymouth,2008,,total,,,,no_election,the volume states no election was held this year,text
Whitman,2008,2008-05-17,total,,9166,860,checked,precincts sum to both printed totals; the TOTALS label was unreadable and was identified by the sum,text
Whitman,2008,2008-05-17,precinct,1,2408,237,checked,,text
Whitman,2008,2008-05-17,precinct,2,2239,171,checked,,text
Whitman,2008,2008-05-17,precinct,3,2284,231,checked,,text
Whitman,2008,2008-05-17,precinct,4,2235,221,checked,,text
Williamsburg,2008,2008-05-05,total,,,,no_total,no TOTALS row was read,text
Williamsburg,2008,2008-05-05,precinct,1,1834,325,no_total,,text
Williamstown,2008,2008-05-13,total,,4573,968,checked,precincts sum to both printed totals; the TOTALS label was unreadable and was identified by the sum,text
Williamstown,2008,2008-05-13,precinct,1,1884,430,checked,,text
Williamstown,2008,2008-05-13,precinct,2,694,149,checked,,text
Williamstown,2008,2008-05-13,precinct,3,1995,389,checked,,text
Wilmington,2008,2008-04-26,total,,15402,3624,checked,precincts sum to both printed totals; the TOTALS label was unreadable and was identified by the sum,text
Wilmington,2008,2008-04-26,precinct,1,2377,468,checked,,text
Wilmington,2008,2008-04-26,precinct,2,2507,684,checked,,text
Wilmington,2008,2008-04-26,precinct,3,2551,588,checked,,text
Wilmington,2008,2008-04-26,precinct,4,2465,678,checked,,text
Wilmington,2008,2008-04-26,precinct,5,2860,762,checked,,text
Wilmington,2008,2008-04-26,precinct,6,2642,444,checked,,text
Winchendon,2008,2008-05-05,total,,,,no_total,no TOTALS row was read,text
Winchendon,2008,2008-05-05,precinct,1,1667,146,no_total,,text
Winchendon,2008,2008-05-05,precinct,2,2040,118,no_total,,text
Winchendon,2008,2008-05-05,precinct,3,1777,184,no_total,,text
Winchendon,2008,2008-05-05,precinct,4,5404,448,no_total,,text
Winchester,2008,2008-03-25,total,,13694,955,checked,precincts sum to both printed totals; the TOTALS label was unreadable and was identified by the sum,text
Winchester,2008,2008-03-25,precinct,1,1736,159,checked,,text
Winchester,2008,2008-03-25,precinct,2,1389,75,checked,,text
Winchester,2008,2008-03-25,precinct,3,1815,97,checked,,text
Winchester,2008,2008-03-25,precinct,4,1871,118,checked,,text
Winchester,2008,2008-03-25,precinct,5,1783,98,checked,,text
Winchester,2008,2008-03-25,precinct,6,1785,139,checked,,text
Winchester,2008,2008-03-25,precinct,7,1772,146,checked,,text
Winchester,2008,2008-03-25,precinct,8,1543,123,checked,,text
Windsor,2008,2008-05-12,total,,621,230,single,"a single undivided town, or no precinct detail printed",text
Winthrop,2008,,total,,,,no_election,the volume states no election was held this year,text
Worthington,2008,2008-05-03,total,,947,201,single,"a single undivided town, or no precinct detail printed",text
Wrentham,2008,2008-04-07,total,,7296,1537,checked,precincts sum to both printed totals,text
Wrentham,2008,2008-04-07,precinct,1,2260,500,checked,,text
Wrentham,2008,2008-04-07,precinct,2,2969,578,checked,,text
Wrentham,2008,2008-04-07,precinct,3,2067,459,checked,,text
Yarmouth,2008,2008-05-06,total,,16441,6546,checked,precincts sum to both printed totals,text
Yarmouth,2008,2008-05-06,precinct,1,2402,1131,checked,,text
Yarmouth,2008,2008-05-06,precinct,2,2610,1024,checked,,text
Yarmouth,2008,2008-05-06,precinct,3,1949,717,checked,,text
Yarmouth,2008,2008-05-06,precinct,4,2354,968,checked,,text
Yarmouth,2008,2008-05-06,precinct,5,2203,759,checked,,text
Yarmouth,2008,2008-05-06,precinct,6,2082,648,checked,,text
Yarmouth,2008,2008-05-06,precinct,7,2841,1299,checked,,text
Abington,2010,2010-04-24,total,,10187,2470,checked,precincts sum to both printed totals; the TOTALS label was unreadable and was identified by the sum,text
Abington,2010,2010-04-24,precinct,1,2560,583,checked,,text
Abington,2010,2010-04-24,precinct,2,2138,551,checked,,text
Abington,2010,2010-04-24,precinct,3,2387,610,checked,,text
Abington,2010,2010-04-24,precinct,4,3102,726,checked,,text
Acton,2010,2010-03-30,total,,13530,2611,checked,precincts sum to both printed totals; the TOTALS label was unreadable and was identified by the sum,text
Acton,2010,2010-03-30,precinct,1,2409,290,checked,,text
Acton,2010,2010-03-30,precinct,2,2206,460,checked,,text
Acton,2010,2010-03-30,precinct,3,2423,603,checked,,text
Acton,2010,2010-03-30,precinct,4,2196,480,checked,,text
Acton,2010,2010-03-30,precinct,5,2194,376,checked,,text
Acton,2010,2010-03-30,precinct,6,2102,402,checked,,text
Acushnet,2010,2010-04-05,total,,7465,460,checked,precincts sum to both printed totals; the TOTALS label was unreadable and was identified by the sum,text
Acushnet,2010,2010-04-05,precinct,1,2154,116,checked,,text
Acushnet,2010,2010-04-05,precinct,2,2650,177,checked,,text
Acushnet,2010,2010-04-05,precinct,3,2661,167,checked,,text
Adams,2010,2010-05-03,total,,5780,1030,checked,precincts sum to both printed totals; the TOTALS label was unreadable and was identified by the sum,text
Adams,2010,2010-05-03,precinct,1,1048,154,checked,,text
Adams,2010,2010-05-03,precinct,2,1175,229,checked,,text
Adams,2010,2010-05-03,precinct,3,1196,213,checked,,text
Adams,2010,2010-05-03,precinct,4,1116,169,checked,,text
Adams,2010,2010-05-03,precinct,5,1245,265,checked,,text
Agawam,2010,,total,,,,no_election,the volume states no election was held this year,text
Alford,2010,2010-05-18,total,,,,no_total,no TOTALS row was read,text
Alford,2010,2010-05-18,precinct,1,380,58,no_total,,text
Amesbury,2010,,total,,,,no_election,the volume states no election was held this year,text
Amherst,2010,2010-03-23,total,,16591,5347,checked,precincts sum to both printed totals; the TOTALS label was unreadable and was identified by the sum,text
Amherst,2010,2010-03-23,precinct,1,1490,326,checked,,text
Amherst,2010,2010-03-23,precinct,2,1443,684,checked,,text
Amherst,2010,2010-03-23,precinct,3,1258,316,checked,,text
Amherst,2010,2010-03-23,precinct,4,1343,252,checked,,text
Amherst,2010,2010-03-23,precinct,5,1470,445,checked,,text
Amherst,2010,2010-03-23,precinct,6,2081,861,checked,,text
Amherst,2010,2010-03-23,precinct,7,1878,594,checked,,text
Amherst,2010,2010-03-23,precinct,8,2350,1119,checked,,text
Amherst,2010,2010-03-23,precinct,9,1981,528,checked,,text
Amherst,2010,2010-03-23,precinct,10,1297,222,checked,,text
Andover,2010,2010-03-23,total,,22449,1639,checked,precincts sum to both printed totals; the TOTALS label was unreadable and was identified by the sum,text
Andover,2010,2010-03-23,precinct,1,2422,206,checked,,text
Andover,2010,2010-03-23,precinct,2,2454,179,checked,,text
Andover,2010,2010-03-23,precinct,3,2639,205,checked,,text
Andover,2010,2010-03-23,precinct,4,2412,156,checked,,text
Andover,2010,2010-03-23,precinct,5,2467,171,checked,,text
Andover,2010,2010-03-23,precinct,6,2439,136,checked,,text
Andover,2010,2010-03-23,precinct,7,2537,150,checked,,text
Andover,2010,2010-03-23,precinct,8,2561,209,checked,,text
Andover,2010,2010-03-23,precinct,9,2518,227,checked,,text
April,2010,2010-04-26,total,,,,no_total,no TOTALS row was read,text
April,2010,2010-04-26,precinct,1,2099,,no_total,,text
April,2010,2010-04-26,precinct,2,2382,463,no_total,,text
April,2010,2010-04-26,precinct,2,2129,374,no_total,,text
April,2010,2010-04-26,precinct,2,2199,429,no_total,,text
April,2010,2010-04-26,precinct,2,1670,322,no_total,,text
April,2010,2010-04-26,precinct,2,2533,612,no_total,,text
April,2010,2010-04-26,precinct,2,1714,300,no_total,,text
April,2010,2010-04-26,precinct,2,2337,385,no_total,,text
April,2010,2010-04-26,precinct,2,2,2663,no_total,,text
April,2010,2010-04-26,precinct,2,2,2191,no_total,,text
April,2010,2010-04-26,precinct,2,2,2056,no_total,,text
April,2010,2010-04-26,precinct,2,2,2582,no_total,,text
April,2010,2010-04-26,precinct,3,2041,331,no_total,,text
April,2010,2010-04-26,precinct,3,2198,175,no_total,,text
April,2010,2010-04-26,precinct,3,2175,380,no_total,,text
April,2010,2010-04-26,precinct,3,3,2620,no_total,,text
April,2010,2010-04-26,precinct,3,3,2314,no_total,,text
April,2010,2010-04-26,precinct,3,3,2115,no_total,,text
April,2010,2010-04-26,precinct,3,3,2550,no_total,,text
April,2010,2010-04-26,precinct,4,2348,517,no_total,,text
April,2010,2010-04-26,precinct,4,2822,633,no_total,,text
April,2010,2010-04-26,precinct,4,4,2017,no_total,,text
April,2010,2010-04-26,precinct,4,4,2691,no_total,,text
April,2010,2010-04-26,precinct,4,4,2428,no_total,,text
April,2010,2010-04-26,precinct,5,6552,1168,no_total,,text
April,2010,2010-04-26,precinct,5,2539,659,no_total,,text
April,2010,2010-04-26,precinct,5,2151,392,no_total,,text
April,2010,2010-04-26,precinct,5,5,2235,no_total,,text
April,2010,2010-04-26,precinct,5,5,1971,no_total,,text
April,2010,2010-04-26,precinct,6,3025,122,no_total,,text
April,2010,2010-04-26,precinct,6,2329,499,no_total,,text
April,2010,2010-04-26,precinct,6,2156,397,no_total,,text
April,2010,2010-04-26,precinct,6,6,2128,no_total,,text
April,2010,2010-04-26,precinct,6,6,2443,no_total,,text
April,2010,2010-04-26,precinct,7,2552,620,no_total,,text
April,2010,2010-04-26,precinct,7,2462,540,no_total,,text
April,2010,2010-04-26,precinct,7,2482,484,no_total,,text
April,2010,2010-04-26,precinct,7,7,2035,no_total,,text
April,2010,2010-04-26,precinct,7,7,2217,no_total,,text
April,2010,2010-04-26,precinct,8,2200,631,no_total,,text
April,2010,2010-04-26,precinct,8,8,1577,no_total,,text
April,2010,2010-04-26,precinct,9,4751,1049,no_total,,text
April,2010,2010-04-26,precinct,9,2600,946,no_total,,text
April,2010,2010-04-26,precinct,A,2272,,no_total,,text
April,2010,2010-04-26,precinct,B,2571,,no_total,,text
April,2010,2010-04-26,precinct,C,1989,,no_total,,text
April,2010,2010-04-26,precinct,D,2110,,no_total,,text
April,2010,2010-04-26,precinct,E,2576,,no_total,,text
April,2010,2010-04-26,precinct,10,1805,443,no_total,,text
April,2010,2010-04-26,precinct,10,2506,808,no_total,,text
April,2010,2010-04-26,precinct,12,3475,765,no_total,,text
April,2010,2010-04-26,precinct,13,2706,683,no_total,,text
April,2010,2010-04-26,precinct,15,5239,1295,no_total,,text
April,2010,2010-04-26,precinct,16,1389,347,no_total,,text
April,2010,2010-04-26,precinct,17,2317,340,no_total,,text
April,2010,2010-04-26,precinct,27,23213,5415,no_total,,text
April,2010,2010-04-26,precinct,28,2502,492,no_total,,text
April,2010,2010-04-26,precinct,35,16625,3163,no_total,,text
April,2010,2010-04-26,precinct,36,3611,1298,no_total,,text
April,2010,2010-04-26,precinct,37,1776,255,no_total,,text
April,2010,2010-04-26,precinct,38,2792,,no_total,,text
April,2010,2010-04-26,precinct,41,8075,,no_total,,text
April,2010,2010-04-26,precinct,42,2042,,no_total,,text
April,2010,2010-04-26,precinct,49,14962,,no_total,,text
April,2010,2010-04-26,precinct,50,2348,,no_total,,text
April,2010,2010-04-26,precinct,58,17418,,no_total,,text
April,2010,2010-04-26,precinct,64,11518,,no_total,,text
April,2010,2010-04-26,precinct,65,2573,,no_total,,text
April,2010,2010-04-26,precinct,69,10133,,no_total,,text
Aquinnah,2010,2010-05-12,total,,,,no_total,no TOTALS row was read,text
Aquinnah,2010,2010-05-12,precinct,1,398,71,no_total,,text
Ashburnham,2010,2010-04-27,total,,,,no_total,no TOTALS row was read,text
Ashburnham,2010,2010-04-27,precinct,1,3904,,no_total,,text
Ashfield,2010,2010-05-01,total,,,,no_total,no TOTALS row was read,text
Ashfield,2010,2010-05-01,precinct,1,2663,,no_total,,text
Ashfield,2010,2010-05-01,precinct,2,2,2627,no_total,,text
Ashfield,2010,2010-05-01,precinct,3,3,2355,no_total,,text
Ashfield,2010,2010-05-01,precinct,4,4,2309,no_total,,text
Ashfield,2010,2010-05-01,precinct,5,5,2295,no_total,,text
Ashfield,2010,2010-05-01,precinct,6,6,2807,no_total,,text
Ashfield,2010,2010-05-01,precinct,7,7,2523,no_total,,text
Ashfield,2010,2010-05-01,precinct,8,17579,,no_total,,text
Becket,2010,2010-05-15,total,,1251,141,single,"a single undivided town, or no precinct detail printed",text
Bedford,2010,2010-03-13,total,,9276,1386,checked,precincts sum to both printed totals,text
Bedford,2010,2010-03-13,precinct,1,2411,411,checked,,text
Bedford,2010,2010-03-13,precinct,2,2026,225,checked,,text
Bedford,2010,2010-03-13,precinct,3,2570,388,checked,,text
Bedford,2010,2010-03-13,precinct,4,2269,362,checked,,text
Belchertown,2010,2010-05-17,total,,9112,1440,checked,precincts sum to both printed totals,text
Belchertown,2010,2010-05-17,precinct,1,2122,343,checked,,text
Belchertown,2010,2010-05-17,precinct,B,2371,322,checked,,text
Belchertown,2010,2010-05-17,precinct,C,2571,506,checked,,text
Belchertown,2010,2010-05-17,precinct,D,2048,269,checked,,text
Bellingham,2010,2010-05-04,total,,10342,1769,checked,precincts sum to both printed totals,text
Bellingham,2010,2010-05-04,precinct,1,2087,305,checked,,text
Bellingham,2010,2010-05-04,precinct,2,1849,349,checked,,text
Bellingham,2010,2010-05-04,precinct,3,2134,371,checked,,text
Bellingham,2010,2010-05-04,precinct,4,2355,405,checked,,text
Bellingham,2010,2010-05-04,precinct,5,1917,339,checked,,text
Belmont,2010,2010-04-05,total,,16181,4750,checked,precincts sum to both printed totals,text
Belmont,2010,2010-04-05,precinct,1,2063,800,checked,,text
Belmont,2010,2010-04-05,precinct,2,2224,638,checked,,text
Belmont,2010,2010-04-05,precinct,3,1835,579,checked,,text
Belmont,2010,2010-04-05,precinct,4,1880,445,checked,,text
Belmont,2010,2010-04-05,precinct,5,1979,552,checked,,text
Belmont,2010,2010-04-05,precinct,6,1981,643,checked,,text
Belmont,2010,2010-04-05,precinct,7,2022,362,checked,,text
Belmont,2010,2010-04-05,precinct,8,2197,731,checked,,text
Berkley,2010,2010-05-08,total,,4111,981,single,"a single undivided town, or no precinct detail printed",text
Berlin,2010,2010-05-10,total,,1992,800,single,"a single undivided town, or no precinct detail printed",text
Bernardston,2010,2010-05-03,total,,1555,93,single,"a single undivided town, or no precinct detail printed",text
Billerica,2010,2010-04-10,total,,24149,4791,checked,precincts sum to both printed totals,text
Billerica,2010,2010-04-10,precinct,1,2253,411,checked,,text
Billerica,2010,2010-04-10,precinct,2,2208,443,checked,,text
Billerica,2010,2010-04-10,precinct,3,2197,430,checked,,text
Billerica,2010,2010-04-10,precinct,4,2282,450,checked,,text
Billerica,2010,2010-04-10,precinct,5,2442,550,checked,,text
Billerica,2010,2010-04-10,precinct,6,1800,361,checked,,text
Billerica,2010,2010-04-10,precinct,7,2248,385,checked,,text
Billerica,2010,2010-04-10,precinct,8,2300,462,checked,,text
Billerica,2010,2010-04-10,precinct,9,2119,399,checked,,text
Billerica,2010,2010-04-10,precinct,10,2244,478,checked,,text
Billerica,2010,2010-04-10,precinct,11,2056,422,checked,,text
Blackstone,2010,2010-04-05,total,,5243,1484,checked,precincts sum to both printed totals,text
Blackstone,2010,2010-04-05,precinct,1,1914,472,checked,,text
Blackstone,2010,2010-04-05,precinct,2,1987,465,checked,,text
Blackstone,2010,2010-04-05,precinct,3,1342,547,checked,,text
Blandford,2010,2010-05-08,total,,859,213,single,"a single undivided town, or no precinct detail printed",text
Bolton,2010,2010-05-10,total,,3171,789,single,"a single undivided town, or no precinct detail printed",text
Bourne,2010,2010-05-18,total,,12949,1721,checked,precincts sum to both printed totals,text
Bourne,2010,2010-05-18,precinct,1,2275,230,checked,,text
Bourne,2010,2010-05-18,precinct,2,2259,294,checked,,text
Bourne,2010,2010-05-18,precinct,3,1829,234,checked,,text
Bourne,2010,2010-05-18,precinct,4,2473,270,checked,,text
Bourne,2010,2010-05-18,precinct,5,2420,394,checked,,text
Bourne,2010,2010-05-18,precinct,6,1693,299,checked,,text
Boxborough,2010,2010-05-17,total,,3341,,single,"a single undivided town, or no precinct detail printed",text
Boxford,2010,2010-05-18,total,,5844,1564,checked,precincts sum to both printed totals,text
Boxford,2010,2010-05-18,precinct,1,1876,398,checked,,text
Boxford,2010,2010-05-18,precinct,2,2109,601,checked,,text
Boxford,2010,2010-05-18,precinct,3,1859,565,checked,,text
Boylston,2010,2010-05-10,total,,3051,,single,"a single undivided town, or no precinct detail printed",text
Braintree,2010,,total,,,,no_election,the volume states no election was held this year,text
Brewster,2010,2010-05-18,total,,8029,,mismatch,"precincts sum to 2705 registered, the printed total says 8029",text
Brewster,2010,2010-05-18,precinct,1,2700,,mismatch,,text
Brewster,2010,2010-05-18,precinct,2,2,2677,mismatch,,text
Brewster,2010,2010-05-18,precinct,3,3,2652,mismatch,,text
Bridgewater,2010,2010-04-24,total,,15399,,mismatch,"precincts sum to 2876 registered, the printed total says 15399",text
Bridgewater,2010,2010-04-24,precinct,1,2849,,mismatch,,text
Bridgewater,2010,2010-04-24,precinct,2,2,2727,mismatch,,text
Bridgewater,2010,2010-04-24,precinct,3,3,2868,mismatch,,text
Bridgewater,2010,2010-04-24,precinct,4,4,920,mismatch,,text
Bridgewater,2010,2010-04-24,precinct,5,5,1217,mismatch,,text
Bridgewater,2010,2010-04-24,precinct,6,6,2337,mismatch,,text
Bridgewater,2010,2010-04-24,precinct,7,7,2481,mismatch,,text
Brimfield,2010,2010-06-07,total,,2597,,single,"a single undivided town, or no precinct detail printed",text
Brookfield,2010,2010-05-03,total,,2334,771,single,"a single undivided town, or no precinct detail printed",text
Brookline,2010,2010-05-04,total,,35036,,mismatch,"precincts sum to 2233 registered, the printed total says 35036",text
Brookline,2010,2010-05-04,precinct,1,2098,,mismatch,,text
Brookline,2010,2010-05-04,precinct,2,2,1690,mismatch,,text
Brookline,2010,2010-05-04,precinct,3,3,2207,mismatch,,text
Brookline,2010,2010-05-04,precinct,4,4,1985,mismatch,,text
Brookline,2010,2010-05-04,precinct,5,5,2058,mismatch,,text
Brookline,2010,2010-05-04,precinct,6,6,2130,mismatch,,text
Brookline,2010,2010-05-04,precinct,7,7,2170,mismatch,,text
Brookline,2010,2010-05-04,precinct,8,8,2124,mismatch,,text
Brookline,2010,2010-05-04,precinct,9,9,2166,mismatch,,text
Brookline,2010,2010-05-04,precinct,10,10,2189,mismatch,,text
Brookline,2010,2010-05-04,precinct,11,11,2318,mismatch,,text
Brookline,2010,2010-05-04,precinct,12,12,2356,mismatch,,text
Brookline,2010,2010-05-04,precinct,13,13,2244,mismatch,,text
Brookline,2010,2010-05-04,precinct,14,14,2504,mismatch,,text
Brookline,2010,2010-05-04,precinct,15,15,2582,mismatch,,text
Brookline,2010,2010-05-04,precinct,16,16,2215,mismatch,,text
Buckland,2010,2010-05-03,total,,1128,,single,"a single undivided town, or no precinct detail printed",text
Burlington,2010,2010-04-10,total,,14861,3473,checked,precincts sum to both printed totals,text
Burlington,2010,2010-04-10,precinct,1,2596,660,checked,,text
Burlington,2010,2010-04-10,precinct,2,2282,343,checked,,text
Burlington,2010,2010-04-10,precinct,3,2868,610,checked,,text
Burlington,2010,2010-04-10,precinct,4,2053,491,checked,,text
Burlington,2010,2010-04-10,precinct,5,2594,682,checked,,text
Burlington,2010,2010-04-10,precinct,6,2468,687,checked,,text
By-The-Sea,2010,2010-05-18,total,,3755,1198,single,"a single undivided town, or no precinct detail printed",text
Canton,2010,2010-04-06,total,,14258,590,checked,precincts sum to both printed totals,text
Canton,2010,2010-04-06,precinct,1,2262,95,checked,,text
Canton,2010,2010-04-06,precinct,2,2423,113,checked,,text
Canton,2010,2010-04-06,precinct,3,2420,64,checked,,text
Canton,2010,2010-04-06,precinct,4,2408,113,checked,,text
Canton,2010,2010-04-06,precinct,5,2458,99,checked,,text
Canton,2010,2010-04-06,precinct,6,2287,106,checked,,text
Carlisle,2010,2010-05-18,total,,3654,884,single,"a single undivided town, or no precinct detail printed",text
Carver,2010,2010-04-24,total,,11633,2023,checked,precincts sum to both printed totals,text
Carver,2010,2010-04-24,precinct,1,4135,615,checked,,text
Carver,2010,2010-04-24,precinct,2,3868,661,checked,,text
Carver,2010,2010-04-24,precinct,3,3630,747,checked,,text
Charlemont,2010,2010-05-25,total,,804,114,single,"a single undivided town, or no precinct detail printed",text
Charlton,2010,2010-05-01,total,,9053,868,checked,precincts sum to both printed totals,text
Charlton,2010,2010-05-01,precinct,1,3029,279,checked,,text
Charlton,2010,2010-05-01,precinct,2,3016,300,checked,,text
Charlton,2010,2010-05-01,precinct,3,3008,289,checked,,text
Chatham,2010,2010-05-13,total,,5622,2000,checked,precincts sum to both printed totals,text
Chatham,2010,2010-05-13,precinct,1,2670,928,checked,,text
Chatham,2010,2010-05-13,precinct,2,2952,1072,checked,,text
Chelmsford,2010,2010-04-06,total,,23536,4876,checked,precincts sum to both printed totals,text
Chelmsford,2010,2010-04-06,precinct,1,2543,554,checked,,text
Chelmsford,2010,2010-04-06,precinct,2,2484,325,checked,,text
Chelmsford,2010,2010-04-06,precinct,3,2480,509,checked,,text
Chelmsford,2010,2010-04-06,precinct,4,2401,404,checked,,text
Chelmsford,2010,2010-04-06,precinct,5,2611,569,checked,,text
Chelmsford,2010,2010-04-06,precinct,6,2775,624,checked,,text
Chelmsford,2010,2010-04-06,precinct,7,2775,718,checked,,text
Chelmsford,2010,2010-04-06,precinct,8,2794,597,checked,,text
Chelmsford,2010,2010-04-06,precinct,9,2673,576,checked,,text
Cheshire,2010,2010-05-03,total,,2268,350,single,"a single undivided town, or no precinct detail printed",text
Chester,2010,2010-05-01,total,,918,296,single,"a single undivided town, or no precinct detail printed",text
Chesterfield,2010,2010-05-03,total,,847,157,single,"a single undivided town, or no precinct detail printed",text
Chilmark,2010,2010-04-28,total,,861,430,single,"a single undivided town, or no precinct detail printed",text
Clarksburg,2010,2010-05-18,total,,1122,284,single,"a single undivided town, or no precinct detail printed",text
Cummington,2010,2010-05-07,total,,,,no_total,no TOTALS row was read,text
Cummington,2010,2010-05-07,precinct,1,638,101,no_total,,text
Deerfield,2010,2010-05-03,total,,3563,163,single,"a single undivided town, or no precinct detail printed",text
Dennis,2010,2010-05-11,total,,11399,3645,checked,precincts sum to both printed totals,text
Dennis,2010,2010-05-11,precinct,1,2447,969,checked,,text
Dennis,2010,2010-05-11,precinct,2,2379,942,checked,,text
Dennis,2010,2010-05-11,precinct,3,1995,431,checked,,text
Dennis,2010,2010-05-11,precinct,4,2325,681,checked,,text
Dennis,2010,2010-05-11,precinct,5,2253,622,checked,,text
Dighton,2010,2010-04-10,total,,4605,1186,single,"a single undivided town, or no precinct detail printed",text
Douglas,2010,2010-05-11,total,,6189,1145,checked,precincts sum to both printed totals,text
Douglas,2010,2010-05-11,precinct,1,3188,610,checked,,text
Douglas,2010,2010-05-11,precinct,2,3001,535,checked,,text
Dover,2010,2010-05-17,total,,3752,801,mismatch,"precincts sum to 18264 registered, the printed total says 3752",text
Dover,2010,2010-05-17,precinct,1,2199,518,mismatch,,text
Dover,2010,2010-05-17,precinct,2,2284,501,mismatch,,text
Dover,2010,2010-05-17,precinct,3,2301,532,mismatch,,text
Dover,2010,2010-05-17,precinct,4,2348,455,mismatch,,text
Dover,2010,2010-05-17,precinct,5,9132,2006,mismatch,,text
Dracut,2010,2010-05-03,total,,19791,4484,checked,precincts sum to both printed totals,text
Dracut,2010,2010-05-03,precinct,1,2393,482,checked,,text
Dracut,2010,2010-05-03,precinct,2,2016,444,checked,,text
Dracut,2010,2010-05-03,precinct,3,2099,574,checked,,text
Dracut,2010,2010-05-03,precinct,4,2328,514,checked,,text
Dracut,2010,2010-05-03,precinct,5,2062,428,checked,,text
Dracut,2010,2010-05-03,precinct,6,2058,407,checked,,text
Dracut,2010,2010-05-03,precinct,7,99,51,checked,,text
Dracut,2010,2010-05-03,precinct,7,2160,350,checked,,text
Dracut,2010,2010-05-03,precinct,8,2444,706,checked,,text
Dracut,2010,2010-05-03,precinct,9,2132,528,checked,,text
Dudley,2010,2010-05-03,total,,7011,1481,checked,precincts sum to both printed totals,text
Dudley,2010,2010-05-03,precinct,1,1678,391,checked,,text
Dudley,2010,2010-05-03,precinct,2,1665,273,checked,,text
Dudley,2010,2010-05-03,precinct,3,2109,507,checked,,text
Dudley,2010,2010-05-03,precinct,4,1559,310,checked,,text
Dunstable,2010,2010-05-17,total,,2135,877,no_election,the volume states no election was held this year,text
Duxbury,2010,2010-03-27,total,,10893,3112,checked,precincts sum to both printed totals,text
Duxbury,2010,2010-03-27,precinct,1,1854,578,checked,,text
Duxbury,2010,2010-03-27,precinct,2,2145,820,checked,,text
Duxbury,2010,2010-03-27,precinct,3,1810,550,checked,,text
Duxbury,2010,2010-03-27,precinct,4,1660,416,checked,,text
Duxbury,2010,2010-03-27,precinct,5,1660,410,checked,,text
Duxbury,2010,2010-03-27,precinct,6,1764,338,checked,,text
East Bridgewater,2010,2010-04-10,total,,8500,705,checked,precincts sum to both printed totals,text
East Bridgewater,2010,2010-04-10,precinct,1,1980,141,checked,,text
East Bridgewater,2010,2010-04-10,precinct,2,2223,183,checked,,text
East Bridgewater,2010,2010-04-10,precinct,3,2319,194,checked,,text
East Bridgewater,2010,2010-04-10,precinct,4,1978,187,checked,,text
East Brookfield,2010,2010-05-11,total,,1486,116,single,"a single undivided town, or no precinct detail printed",text
East Longmeadow,2010,2010-04-13,total,,11157,2586,checked,precincts sum to both printed totals; the TOTALS label was unreadable and was identified by the sum,text
East Longmeadow,2010,2010-04-13,precinct,1,2658,700,checked,,text
East Longmeadow,2010,2010-04-13,precinct,2,2627,516,checked,,text
East Longmeadow,2010,2010-04-13,precinct,3,2930,689,checked,,text
East Longmeadow,2010,2010-04-13,precinct,4,2942,681,checked,,text
Eastham,2010,2010-05-18,total,,,,no_total,no TOTALS row was read,text
Eastham,2010,2010-05-18,precinct,1,4227,1288,no_total,,text
Easton,2010,2010-04-27,total,,14918,416,checked,precincts sum to both printed totals; the TOTALS label was unreadable and was identified by the sum,text
Easton,2010,2010-04-27,precinct,1,1721,49,checked,,text
Easton,2010,2010-04-27,precinct,2,2751,148,checked,,text
Easton,2010,2010-04-27,precinct,3,2570,32,checked,,text
Easton,2010,2010-04-27,precinct,4,2508,92,checked,,text
Easton,2010,2010-04-27,precinct,5,2753,63,checked,,text
Easton,2010,2010-04-27,precinct,6,2615,32,checked,,text
Edgartown,2010,2010-04-15,total,,,,no_total,no TOTALS row was read,text
Edgartown,2010,2010-04-15,precinct,1,3130,425,no_total,,text
Egremont,2010,2010-05-11,total,,,,no_total,no TOTALS row was read,text
Egremont,2010,2010-05-11,precinct,1,937,540,no_total,,text
Erving,2010,2010-05-03,total,,,,no_total,no TOTALS row was read,text
Erving,2010,2010-05-03,precinct,1,1093,281,no_total,,text
Essex,2010,2010-05-10,total,,,,no_total,no TOTALS row was read,text
Essex,2010,2010-05-10,precinct,1,2533,842,no_total,,text
Fairhaven,2010,2010-04-07,total,,10715,1766,checked,precincts sum to both printed totals; the TOTALS label was unreadable and was identified by the sum,text
Fairhaven,2010,2010-04-07,precinct,1,1727,248,checked,,text
Fairhaven,2010,2010-04-07,precinct,2,1895,307,checked,,text
Fairhaven,2010,2010-04-07,precinct,3,1676,240,checked,,text
Fairhaven,2010,2010-04-07,precinct,4,1752,282,checked,,text
Fairhaven,2010,2010-04-07,precinct,5,1791,404,checked,,text
Fairhaven,2010,2010-04-07,precinct,6,1874,285,checked,,text
Falmouth,2010,2010-05-18,total,,25725,5885,checked,precincts sum to both printed totals; the TOTALS label was unreadable and was identified by the sum,text
Falmouth,2010,2010-05-18,precinct,1,2755,847,checked,,text
Falmouth,2010,2010-05-18,precinct,2,2697,712,checked,,text
Falmouth,2010,2010-05-18,precinct,3,2852,630,checked,,text
Falmouth,2010,2010-05-18,precinct,4,2827,727,checked,,text
Falmouth,2010,2010-05-18,precinct,5,3069,773,checked,,text
Falmouth,2010,2010-05-18,precinct,6,2910,666,checked,,text
Falmouth,2010,2010-05-18,precinct,7,2751,490,checked,,text
Falmouth,2010,2010-05-18,precinct,8,3034,494,checked,,text
Falmouth,2010,2010-05-18,precinct,9,2830,546,checked,,text
Florida,2010,2010-05-03,total,,,,no_total,no TOTALS row was read,text
Florida,2010,2010-05-03,precinct,1,540,85,no_total,,text
Foxborough,2010,2010-05-03,total,,10539,2876,checked,precincts sum to both printed totals; the TOTALS label was unreadable and was identified by the sum,text
Foxborough,2010,2010-05-03,precinct,1,1888,404,checked,,text
Foxborough,2010,2010-05-03,precinct,2,2093,560,checked,,text
Foxborough,2010,2010-05-03,precinct,3,2218,643,checked,,text
Foxborough,2010,2010-05-03,precinct,4,2162,655,checked,,text
Foxborough,2010,2010-05-03,precinct,5,2178,614,checked,,text
Framingham,2010,2010-04-13,total,,34230,4084,checked,precincts sum to both printed totals,text
Framingham,2010,2010-04-13,precinct,1,2587,371,checked,,text
Framingham,2010,2010-04-13,precinct,2,2587,393,checked,,text
Framingham,2010,2010-04-13,precinct,3,2245,263,checked,,text
Framingham,2010,2010-04-13,precinct,4,2583,403,checked,,text
Framingham,2010,2010-04-13,precinct,5,2534,334,checked,,text
Framingham,2010,2010-04-13,precinct,6,2442,320,checked,,text
Framingham,2010,2010-04-13,precinct,7,2263,319,checked,,text
Framingham,2010,2010-04-13,precinct,8,2198,254,checked,,text
Framingham,2010,2010-04-13,precinct,9,1755,156,checked,,text
Framingham,2010,2010-04-13,precinct,10,1565,90,checked,,text
Framingham,2010,2010-04-13,precinct,11,2795,426,checked,,text
Framingham,2010,2010-04-13,precinct,12,1318,147,checked,,text
Framingham,2010,2010-04-13,precinct,13,1677,188,checked,,text
Framingham,2010,2010-04-13,precinct,14,1331,83,checked,,text
Framingham,2010,2010-04-13,precinct,15,1482,167,checked,,text
Framingham,2010,2010-04-13,precinct,16,688,57,checked,,text
Framingham,2010,2010-04-13,precinct,17,921,35,checked,,text
Framingham,2010,2010-04-13,precinct,18,1259,78,checked,,text
Franklin,2010,,total,,,,no_election,the volume states no election was held this year,text
Freetown,2010,2010-04-05,total,,5697,274,checked,precincts sum to both printed totals,text
Freetown,2010,2010-04-05,precinct,1,1919,108,checked,,text
Freetown,2010,2010-04-05,precinct,2,1879,92,checked,,text
Freetown,2010,2010-04-05,precinct,3,1899,74,checked,,text
Georgetown,2010,2010-05-10,total,,5878,986,checked,precincts sum to both printed totals,text
Georgetown,2010,2010-05-10,precinct,1,2946,431,checked,,text
Georgetown,2010,2010-05-10,precinct,2,2932,555,checked,,text
Gill,2010,2010-05-17,total,,1046,233,single,"a single undivided town, or no precinct detail printed",text
Goshen,2010,2010-05-01,total,,676,162,single,"a single undivided town, or no precinct detail printed",text
Gosnold,2010,2010-05-24,total,,141,78,single,"a single undivided town, or no precinct detail printed",text
Grafton,2010,2010-05-03,total,,11549,993,checked,precincts sum to both printed totals,text
Grafton,2010,2010-05-03,precinct,1,2576,212,checked,,text
Grafton,2010,2010-05-03,precinct,2,3282,292,checked,,text
Grafton,2010,2010-05-03,precinct,3,2766,280,checked,,text
Grafton,2010,2010-05-03,precinct,4,2925,209,checked,,text
Granby,2010,2010-05-17,total,,4443,635,single,"a single undivided town, or no precinct detail printed",text
Granville,2010,2010-04-12,total,,1148,209,single,"a single undivided town, or no precinct detail printed",text
Great Barrington,2010,2010-05-10,total,,4460,1352,checked,precincts sum to both printed totals,text
Great Barrington,2010,2010-05-10,precinct,1,1224,362,checked,,text
Great Barrington,2010,2010-05-10,precinct,B,1177,373,checked,,text
Great Barrington,2010,2010-05-10,precinct,C,915,234,checked,,text
Great Barrington,2010,2010-05-10,precinct,D,1144,383,checked,,text
Greenfield,2010,2010-06-18,total,,11289,3950,checked,precincts sum to both printed totals; the TOTALS label was unreadable and was identified by the sum,text
Greenfield,2010,2010-06-18,precinct,1,1300,432,checked,,text
Greenfield,2010,2010-06-18,precinct,2,1520,686,checked,,text
Greenfield,2010,2010-06-18,precinct,3,1187,436,checked,,text
Greenfield,2010,2010-06-18,precinct,4,1290,515,checked,,text
Greenfield,2010,2010-06-18,precinct,5,1287,486,checked,,text
Greenfield,2010,2010-06-18,precinct,6,1180,372,checked,,text
Greenfield,2010,2010-06-18,precinct,7,1276,363,checked,,text
Greenfield,2010,2010-06-18,precinct,8,1172,299,checked,,text
Greenfield,2010,2010-06-18,precinct,9,1077,361,checked,,text
Hampden,2010,2010-05-03,total,,,,no_total,no TOTALS row was read,text
Hampden,2010,2010-05-03,precinct,1,3543,334,no_total,,text
Hatfield,2010,2010-05-18,total,,2465,407,single,"a single undivided town, or no precinct detail printed",text
Hawley,2010,2010-05-03,total,,219,44,single,"a single undivided town, or no precinct detail printed",text
Heath,2010,2010-05-07,total,,519,56,single,"a single undivided town, or no precinct detail printed",text
Hingham,2010,2010-05-01,total,,15731,4410,checked,precincts sum to both printed totals,text
Hingham,2010,2010-05-01,precinct,1,2394,619,checked,,text
Hingham,2010,2010-05-01,precinct,2,2496,691,checked,,text
Hingham,2010,2010-05-01,precinct,3,2528,736,checked,,text
Hingham,2010,2010-05-01,precinct,4,2448,696,checked,,text
Hingham,2010,2010-05-01,precinct,5,2334,703,checked,,text
Hingham,2010,2010-05-01,precinct,6,3531,965,checked,,text
Hinsdale,2010,2010-05-22,total,,1394,145,single,"a single undivided town, or no precinct detail printed",text
Holbrook,2010,2010-04-06,total,,6622,551,checked,precincts sum to both printed totals,text
Holbrook,2010,2010-04-06,precinct,1,1636,153,checked,,text
Holbrook,2010,2010-04-06,precinct,2,1727,125,checked,,text
Holbrook,2010,2010-04-06,precinct,3,1712,149,checked,,text
Holbrook,2010,2010-04-06,precinct,4,1547,124,checked,,text
Holden,2010,2010-05-10,total,,12324,1137,checked,precincts sum to both printed totals,text
Holden,2010,2010-05-10,precinct,1,2302,207,checked,,text
Holden,2010,2010-05-10,precinct,2,2704,261,checked,,text
Holden,2010,2010-05-10,precinct,3,2449,293,checked,,text
Holden,2010,2010-05-10,precinct,4,2557,191,checked,,text
Holden,2010,2010-05-10,precinct,5,2312,185,checked,,text
Holland,2010,2010-06-07,total,,1803,540,single,"a single undivided town, or no precinct detail printed",text
Holliston,2010,2010-05-25,total,,9858,4287,checked,precincts sum to both printed totals,text
Holliston,2010,2010-05-25,precinct,1,2657,1220,checked,,text
Holliston,2010,2010-05-25,precinct,2,2527,1095,checked,,text
Holliston,2010,2010-05-25,precinct,3,2317,948,checked,,text
Holliston,2010,2010-05-25,precinct,4,2357,1024,checked,,text
Hopedale,2010,2010-05-11,total,,3829,901,single,"a single undivided town, or no precinct detail printed",text
Hopkinton,2010,2010-05-17,total,,9578,2279,checked,precincts sum to both printed totals,text
Hopkinton,2010,2010-05-17,precinct,1,2276,600,checked,,text
Hopkinton,2010,2010-05-17,precinct,2,2559,586,checked,,text
Hopkinton,2010,2010-05-17,precinct,3,2496,573,checked,,text
Hopkinton,2010,2010-05-17,precinct,4,2247,520,checked,,text
Hubbardston,2010,2010-06-08,total,,3035,524,single,"a single undivided town, or no precinct detail printed",text
Hudson,2010,2010-05-10,total,,12590,1587,checked,precincts sum to both printed totals,text
Hudson,2010,2010-05-10,precinct,1,1896,318,checked,,text
Hudson,2010,2010-05-10,precinct,2,1714,253,checked,,text
Hudson,2010,2010-05-10,precinct,3,1773,263,checked,,text
Hudson,2010,2010-05-10,precinct,4,2060,194,checked,,text
Hudson,2010,2010-05-10,precinct,5,2007,231,checked,,text
Hudson,2010,2010-05-10,precinct,6,1512,170,checked,,text
Hudson,2010,2010-05-10,precinct,7,1628,158,checked,,text
Hull,2010,2010-05-17,total,,7829,,mismatch,"precincts sum to 2610 registered, the printed total says 7829",text
Hull,2010,2010-05-17,precinct,1,2605,,mismatch,,text
Hull,2010,2010-05-17,precinct,2,2,2289,mismatch,,text
Hull,2010,2010-05-17,precinct,3,3,2935,mismatch,,text
Huntington,2010,2010-05-15,total,,1381,,single,"a single undivided town, or no precinct detail printed",text
Ipswich,2010,2010-05-25,total,,10079,,mismatch,"precincts sum to 2302 registered, the printed total says 10079",text
Ipswich,2010,2010-05-25,precinct,1,2293,,mismatch,,text
Ipswich,2010,2010-05-25,precinct,2,2,2603,mismatch,,text
Ipswich,2010,2010-05-25,precinct,3,3,2625,mismatch,,text
Ipswich,2010,2010-05-25,precinct,4,4,2558,mismatch,,text
June,2010,2010-06-14,total,,,,no_total,no TOTALS row was read,text
June,2010,2010-06-14,precinct,1,2763,439,no_total,,text
June,2010,2010-06-14,precinct,2,2069,443,no_total,,text
June,2010,2010-06-14,precinct,3,2373,554,no_total,,text
June,2010,2010-06-14,precinct,4,2183,557,no_total,,text
June,2010,2010-06-14,precinct,5,9388,1993,no_total,,text
June,2010,2010-06-14,precinct,6,584,,no_total,,text
June,2010,2010-06-14,precinct,7,1122,,no_total,,text
Kingston,2010,2010-04-10,total,,8566,,mismatch,"precincts sum to 61502 registered, the printed total says 8566",text
Kingston,2010,2010-04-10,precinct,1,1043,169,mismatch,,text
Kingston,2010,2010-04-10,precinct,2,1392,301,mismatch,,text
Kingston,2010,2010-04-10,precinct,2,2,2258,mismatch,,text
Kingston,2010,2010-04-10,precinct,3,1413,239,mismatch,,text
Kingston,2010,2010-04-10,precinct,3,3,2085,mismatch,,text
Kingston,2010,2010-04-10,precinct,4,1338,227,mismatch,,text
Kingston,2010,2010-04-10,precinct,4,4,2136,mismatch,,text
Kingston,2010,2010-04-10,precinct,5,1379,198,mismatch,,text
Kingston,2010,2010-04-10,precinct,6,1562,261,mismatch,,text
Kingston,2010,2010-04-10,precinct,7,1337,245,mismatch,,text
Kingston,2010,2010-04-10,precinct,8,1552,403,mismatch,,text
Kingston,2010,2010-04-10,precinct,9,1589,323,mismatch,,text
Kingston,2010,2010-04-10,precinct,10,1514,358,mismatch,,text
Kingston,2010,2010-04-10,precinct,11,1403,373,mismatch,,text
Kingston,2010,2010-04-10,precinct,12,1553,398,mismatch,,text
Kingston,2010,2010-04-10,precinct,13,1484,393,mismatch,,text
Kingston,2010,2010-04-10,precinct,14,1356,223,mismatch,,text
Kingston,2010,2010-04-10,precinct,15,1548,389,mismatch,,text
Kingston,2010,2010-04-10,precinct,16,1424,358,mismatch,,text
Kingston,2010,2010-04-10,precinct,17,1066,110,mismatch,,text
Kingston,2010,2010-04-10,precinct,18,1468,291,mismatch,,text
Kingston,2010,2010-04-10,precinct,19,1478,343,mismatch,,text
Kingston,2010,2010-04-10,precinct,20,1434,233,mismatch,,text
Kingston,2010,2010-04-10,precinct,21,1370,233,mismatch,,text
Kingston,2010,2010-04-10,precinct,22,29703,6068,mismatch,,text
Kingston,2010,2010-04-10,precinct,23,2087,,mismatch,,text
Lakeville,2010,2010-04-05,total,,6893,,mismatch,"precincts sum to 2245 registered, the printed total says 6893",text
Lakeville,2010,2010-04-05,precinct,1,2240,,mismatch,,text
Lakeville,2010,2010-04-05,precinct,2,2,2292,mismatch,,text
Lakeville,2010,2010-04-05,precinct,3,3,2361,mismatch,,text
Lancaster,2010,2010-05-10,total,,4610,,mismatch,"precincts sum to 1774 registered, the printed total says 4610",text
Lancaster,2010,2010-05-10,precinct,1,1772,,mismatch,,text
Lancaster,2010,2010-05-10,precinct,2,2,2838,mismatch,,text
Lanesborough,2010,2010-06-15,total,,2552,,single,"a single undivided town, or no precinct detail printed",text
Lee,2010,2010-05-17,total,,3807,,mismatch,"precincts sum to 644 registered, the printed total says 3807",text
Lee,2010,2010-05-17,precinct,1,624,,mismatch,,text
Lee,2010,2010-05-17,precinct,2,2,639,mismatch,,text
Lee,2010,2010-05-17,precinct,3,3,612,mismatch,,text
Lee,2010,2010-05-17,precinct,4,4,773,mismatch,,text
Lee,2010,2010-05-17,precinct,5,5,562,mismatch,,text
Lee,2010,2010-05-17,precinct,6,6,597,mismatch,,text
Leicester,2010,2010-06-08,total,,7315,,mismatch,"precincts sum to 1906 registered, the printed total says 7315",text
Leicester,2010,2010-06-08,precinct,1,1897,,mismatch,,text
Leicester,2010,2010-06-08,precinct,2,2,1740,mismatch,,text
Leicester,2010,2010-06-08,precinct,3,3,1881,mismatch,,text
Leicester,2010,2010-06-08,precinct,4,4,1797,mismatch,,text
Lenox,2010,2010-05-10,total,,3660,,single,"a single undivided town, or no precinct detail printed",text
Leverett,2010,2010-04-24,total,,1396,,single,"a single undivided town, or no precinct detail printed",text
Lexington,2010,2010-03-01,total,,21278,,mismatch,"precincts sum to 2150 registered, the printed total says 21278",text
Lexington,2010,2010-03-01,precinct,1,2106,,mismatch,,text
Lexington,2010,2010-03-01,precinct,2,2,2465,mismatch,,text
Lexington,2010,2010-03-01,precinct,3,3,2472,mismatch,,text
Lexington,2010,2010-03-01,precinct,4,4,2406,mismatch,,text
Lexington,2010,2010-03-01,precinct,5,5,2391,mismatch,,text
Lexington,2010,2010-03-01,precinct,6,6,2424,mismatch,,text
Lexington,2010,2010-03-01,precinct,7,7,2428,mismatch,,text
Lexington,2010,2010-03-01,precinct,8,8,2314,mismatch,,text
Lexington,2010,2010-03-01,precinct,9,9,2272,mismatch,,text
Leyden,2010,2010-05-15,total,,556,81,single,"a single undivided town, or no precinct detail printed",text
Lincoln,2010,2010-03-29,total,,4329,718,mismatch,"precincts sum to 4032 registered, the printed total says 4329",text
Lincoln,2010,2010-03-29,precinct,1,2095,438,mismatch,,text
Lincoln,2010,2010-03-29,precinct,2,1934,280,mismatch,,text
Lincoln,2010,2010-03-29,precinct,3,3,300,mismatch,,text
Littleton,2010,2010-05-08,total,,6058,3036,checked,precincts sum to both printed totals,text
Littleton,2010,2010-05-08,precinct,1,2132,1028,checked,,text
Littleton,2010,2010-05-08,precinct,2,2089,968,checked,,text
Littleton,2010,2010-05-08,precinct,3,1837,1040,checked,,text
Longmeadow,2010,2010-06-08,total,,11916,6522,checked,precincts sum to both printed totals,text
Longmeadow,2010,2010-06-08,precinct,1,2383,1376,checked,,text
Longmeadow,2010,2010-06-08,precinct,B,2293,1296,checked,,text
Longmeadow,2010,2010-06-08,precinct,C,2279,1200,checked,,text
Longmeadow,2010,2010-06-08,precinct,D,2484,1372,checked,,text
Longmeadow,2010,2010-06-08,precinct,E,2477,1278,checked,,text
Ludlow,2010,2010-03-22,total,,13865,3071,checked,precincts sum to both printed totals,text
Ludlow,2010,2010-03-22,precinct,1,2386,445,checked,,text
Ludlow,2010,2010-03-22,precinct,2,2089,410,checked,,text
Ludlow,2010,2010-03-22,precinct,3,2917,659,checked,,text
Ludlow,2010,2010-03-22,precinct,4,2395,648,checked,,text
Ludlow,2010,2010-03-22,precinct,5,1309,257,checked,,text
Ludlow,2010,2010-03-22,precinct,6,2769,652,checked,,text
Lunenburg,2010,2010-05-15,total,,7017,926,checked,precincts sum to both printed totals,text
Lunenburg,2010,2010-05-15,precinct,A,1798,244,checked,,text
Lunenburg,2010,2010-05-15,precinct,B,1665,223,checked,,text
Lunenburg,2010,2010-05-15,precinct,C,1820,200,checked,,text
Lunenburg,2010,2010-05-15,precinct,D,1734,259,checked,,text
Lynnfield,2010,2010-04-12,total,,8993,454,checked,precincts sum to both printed totals,text
Lynnfield,2010,2010-04-12,precinct,1,2268,122,checked,,text
Lynnfield,2010,2010-04-12,precinct,2,2403,113,checked,,text
Lynnfield,2010,2010-04-12,precinct,3,1994,80,checked,,text
Lynnfield,2010,2010-04-12,precinct,4,2328,139,checked,,text
Mansfield,2010,2010-05-11,total,,11537,2175,checked,precincts sum to both printed totals,text
Mansfield,2010,2010-05-11,precinct,1,2138,426,checked,,text
Mansfield,2010,2010-05-11,precinct,2,2004,399,checked,,text
Mansfield,2010,2010-05-11,precinct,3,1951,403,checked,,text
Mansfield,2010,2010-05-11,precinct,4,1922,295,checked,,text
Mansfield,2010,2010-05-11,precinct,5,1734,302,checked,,text
Mansfield,2010,2010-05-11,precinct,6,1788,350,checked,,text
Marblehead,2010,2010-05-10,total,,14525,3559,checked,precincts sum to both printed totals,text
Marblehead,2010,2010-05-10,precinct,1,2199,538,checked,,text
Marblehead,2010,2010-05-10,precinct,2,1922,460,checked,,text
Marblehead,2010,2010-05-10,precinct,3,1861,416,checked,,text
Marblehead,2010,2010-05-10,precinct,4,2159,595,checked,,text
Marblehead,2010,2010-05-10,precinct,5,2118,500,checked,,text
Marblehead,2010,2010-05-10,precinct,6,2147,553,checked,,text
Marblehead,2010,2010-05-10,precinct,7,2119,497,checked,,text
March,2010,2010-03-23,total,,,,no_total,no TOTALS row was read,text
March,2010,2010-03-23,precinct,1,1858,378,no_total,,text
March,2010,2010-03-23,precinct,2,2667,422,no_total,,text
March,2010,2010-03-23,precinct,2,2,2081,no_total,,text
March,2010,2010-03-23,precinct,2,2,2565,no_total,,text
March,2010,2010-03-23,precinct,2,2,2291,no_total,,text
March,2010,2010-03-23,precinct,3,2555,509,no_total,,text
March,2010,2010-03-23,precinct,3,3,2158,no_total,,text
March,2010,2010-03-23,precinct,3,3,2361,no_total,,text
March,2010,2010-03-23,precinct,4,2445,385,no_total,,text
March,2010,2010-03-23,precinct,4,4,1970,no_total,,text
March,2010,2010-03-23,precinct,4,4,2342,no_total,,text
March,2010,2010-03-23,precinct,5,2580,418,no_total,,text
March,2010,2010-03-23,precinct,5,5,2396,no_total,,text
March,2010,2010-03-23,precinct,6,12105,2112,no_total,,text
March,2010,2010-03-23,precinct,7,2023,,no_total,,text
March,2010,2010-03-23,precinct,11,8232,,no_total,,text
March,2010,2010-03-23,precinct,12,2303,,no_total,,text
March,2010,2010-03-23,precinct,14,4868,,no_total,,text
March,2010,2010-03-23,precinct,15,940,,no_total,,text
March,2010,2010-03-23,precinct,16,2536,,no_total,,text
March,2010,2010-03-23,precinct,21,11926,,no_total,,text
Mattapoisett,2010,2010-05-18,total,,,,no_total,no TOTALS row was read,text
Mattapoisett,2010,2010-05-18,precinct,1,2371,,no_total,,text
Mattapoisett,2010,2010-05-18,precinct,2,2,2237,no_total,,text
Mattapoisett,2010,2010-05-18,precinct,3,4608,,no_total,,text
May,2010,2010-05-01,total,,,,no_total,no TOTALS row was read,text
May,2010,2010-05-01,precinct,1,1255,,no_total,,text
May,2010,2010-05-01,precinct,2,2668,509,no_total,,text
May,2010,2010-05-01,precinct,2,2720,641,no_total,,text
May,2010,2010-05-01,precinct,2,2263,422,no_total,,text
May,2010,2010-05-01,precinct,2,2110,427,no_total,,text
May,2010,2010-05-01,precinct,2,2226,87,no_total,,text
May,2010,2010-05-01,precinct,2,2430,745,no_total,,text
May,2010,2010-05-01,precinct,2,2552,380,no_total,,text
May,2010,2010-05-01,precinct,2,2122,423,no_total,,text
May,2010,2010-05-01,precinct,2,2452,660,no_total,,text
May,2010,2010-05-01,precinct,2,2,2210,no_total,,text
May,2010,2010-05-01,precinct,2,2031,83,no_total,,text
May,2010,2010-05-01,precinct,2,2,2700,no_total,,text
May,2010,2010-05-01,precinct,2,2,2078,no_total,,text
May,2010,2010-05-01,precinct,2,2,1650,no_total,,text
May,2010,2010-05-01,precinct,2,2,1763,no_total,,text
May,2010,2010-05-01,precinct,2,2,3019,no_total,,text
May,2010,2010-05-01,precinct,2,2,2222,no_total,,text
May,2010,2010-05-01,precinct,3,2520,458,no_total,,text
May,2010,2010-05-01,precinct,3,2386,381,no_total,,text
May,2010,2010-05-01,precinct,3,2047,58,no_total,,text
May,2010,2010-05-01,precinct,3,2334,929,no_total,,text
May,2010,2010-05-01,precinct,3,2391,385,no_total,,text
May,2010,2010-05-01,precinct,3,2741,520,no_total,,text
May,2010,2010-05-01,precinct,3,3,1687,no_total,,text
May,2010,2010-05-01,precinct,3,2184,64,no_total,,text
May,2010,2010-05-01,precinct,3,3,2260,no_total,,text
May,2010,2010-05-01,precinct,3,3,2151,no_total,,text
May,2010,2010-05-01,precinct,3,3,1966,no_total,,text
May,2010,2010-05-01,precinct,3,3,2109,no_total,,text
May,2010,2010-05-01,precinct,4,2643,271,no_total,,text
May,2010,2010-05-01,precinct,4,2221,390,no_total,,text
May,2010,2010-05-01,precinct,4,2043,98,no_total,,text
May,2010,2010-05-01,precinct,4,2258,443,no_total,,text
May,2010,2010-05-01,precinct,4,4,2007,no_total,,text
May,2010,2010-05-01,precinct,4,2279,83,no_total,,text
May,2010,2010-05-01,precinct,4,4,2153,no_total,,text
May,2010,2010-05-01,precinct,4,4,1931,no_total,,text
May,2010,2010-05-01,precinct,5,2335,358,no_total,,text
May,2010,2010-05-01,precinct,5,2089,144,no_total,,text
May,2010,2010-05-01,precinct,5,5,2006,no_total,,text
May,2010,2010-05-01,precinct,6,10551,1879,no_total,,text
May,2010,2010-05-01,precinct,6,2217,66,no_total,,text
May,2010,2010-05-01,precinct,7,2348,413,no_total,,text
May,2010,2010-05-01,precinct,7,2083,75,no_total,,text
May,2010,2010-05-01,precinct,8,2672,73,no_total,,text
May,2010,2010-05-01,precinct,B,2535,,no_total,,text
May,2010,2010-05-01,precinct,C,2542,,no_total,,text
May,2010,2010-05-01,precinct,D,2576,,no_total,,text
May,2010,2010-05-01,precinct,12,11553,1964,no_total,,text
May,2010,2010-05-01,precinct,13,1168,361,no_total,,text
May,2010,2010-05-01,precinct,14,2141,508,no_total,,text
May,2010,2010-05-01,precinct,16,4251,935,no_total,,text
May,2010,2010-05-01,precinct,17,2112,54,no_total,,text
May,2010,2010-05-01,precinct,25,17489,655,no_total,,text
May,2010,2010-05-01,precinct,26,2376,1011,no_total,,text
May,2010,2010-05-01,precinct,29,7140,2685,no_total,,text
May,2010,2010-05-01,precinct,30,4730,1367,no_total,,text
May,2010,2010-05-01,precinct,31,3016,,no_total,,text
May,2010,2010-05-01,precinct,33,5568,862,no_total,,text
May,2010,2010-05-01,precinct,34,508,87,no_total,,text
May,2010,2010-05-01,precinct,35,2165,367,no_total,,text
May,2010,2010-05-01,precinct,38,6678,1175,no_total,,text
May,2010,2010-05-01,precinct,39,4031,1217,no_total,,text
May,2010,2010-05-01,precinct,40,2570,,no_total,,text
May,2010,2010-05-01,precinct,44,10021,2311,no_total,,text
May,2010,2010-05-01,precinct,45,3621,,no_total,,text
May,2010,2010-05-01,precinct,46,2286,,no_total,,text
May,2010,2010-05-01,precinct,51,10196,,no_total,,text
May,2010,2010-05-01,precinct,52,2456,67,no_total,,text
May,2010,2010-05-01,precinct,56,8950,297,no_total,,text
May,2010,2010-05-01,precinct,57,4154,1692,no_total,,text
May,2010,2010-05-01,precinct,58,4027,886,no_total,,text
May,2010,2010-05-01,precinct,59,1296,,no_total,,text
May,2010,2010-05-01,precinct,60,2648,,no_total,,text
May,2010,2010-05-01,precinct,62,5348,,no_total,,text
May,2010,2010-05-01,precinct,63,1085,,no_total,,text
May,2010,2010-05-01,precinct,64,2253,,no_total,,text
May,2010,2010-05-01,precinct,68,8744,,no_total,,text
May,2010,2010-05-01,precinct,69,3149,,no_total,,text
May,2010,2010-05-01,precinct,70,1150,,no_total,,text
May,2010,2010-05-01,precinct,71,2268,,no_total,,text
May,2010,2010-05-01,precinct,74,6069,,no_total,,text
May,2010,2010-05-01,precinct,75,2057,,no_total,,text
May,2010,2010-05-01,precinct,79,7717,,no_total,,text
May,2010,2010-05-01,precinct,80,2623,,no_total,,text
May,2010,2010-05-01,precinct,82,5642,,no_total,,text
May,2010,2010-05-01,precinct,83,4671,,no_total,,text
May,2010,2010-05-01,precinct,84,2306,,no_total,,text
May,2010,2010-05-01,precinct,87,6637,,no_total,,text
May,2010,2010-05-01,precinct,88,4032,,no_total,,text
May,2010,2010-05-01,precinct,89,3709,,no_total,,text
May,2010,2010-05-01,precinct,90,7741,,no_total,,text
May,2010,2010-05-01,precinct,91,2548,,no_total,,text
May,2010,2010-05-01,precinct,95,10201,,no_total,,text
Maynard,2010,2010-05-04,total,,,,no_total,no TOTALS row was read,text
Maynard,2010,2010-05-04,precinct,1,1816,,no_total,,text
Maynard,2010,2010-05-04,precinct,2,2,1741,no_total,,text
Maynard,2010,2010-05-04,precinct,3,3,1923,no_total,,text
Maynard,2010,2010-05-04,precinct,4,4,1838,no_total,,text
Maynard,2010,2010-05-04,precinct,5,7318,,no_total,,text
Mfflville,2010,2010-04-05,total,,1876,299,single,"a single undivided town, or no precinct detail printed",text
Middleborough,2010,2010-04-03,total,,15498,3389,checked,precincts sum to both printed totals; the TOTALS label was unreadable and was identified by the sum,text
Middleborough,2010,2010-04-03,precinct,1,3694,823,checked,,text
Middleborough,2010,2010-04-03,precinct,2,2259,421,checked,,text
Middleborough,2010,2010-04-03,precinct,3,2678,581,checked,,text
Middleborough,2010,2010-04-03,precinct,4,1858,406,checked,,text
Middleborough,2010,2010-04-03,precinct,5,2786,679,checked,,text
Middleborough,2010,2010-04-03,precinct,6,2223,479,checked,,text
Middlefield,2010,2010-05-01,total,,,,no_total,no TOTALS row was read,text
Middlefield,2010,2010-05-01,precinct,1,363,144,no_total,,text
Middleton,2010,,total,,5164,593,checked,precincts sum to both printed totals,text
Middleton,2010,,precinct,1,2776,367,checked,,text
Middleton,2010,,precinct,2,2388,226,checked,,text
Milford,2010,2010-04-05,total,,16620,3605,voted_only,people who voted sums; registered voters does not,text
Milford,2010,2010-04-05,precinct,1,1960,383,voted_only,,text
Milford,2010,2010-04-05,precinct,2,2447,555,voted_only,,text
Milford,2010,2010-04-05,precinct,3,2226,467,voted_only,,text
Milford,2010,2010-04-05,precinct,4,2072,509,voted_only,,text
Milford,2010,2010-04-05,precinct,5,5,633,voted_only,,text
Milford,2010,2010-04-05,precinct,6,2402,564,voted_only,,text
Milford,2010,2010-04-05,precinct,7,7,494,voted_only,,text
Millbury,2010,2010-04-27,total,,8595,1887,checked,precincts sum to both printed totals,text
Millbury,2010,2010-04-27,precinct,1,2027,447,checked,,text
Millbury,2010,2010-04-27,precinct,2,2496,589,checked,,text
Millbury,2010,2010-04-27,precinct,3,1978,444,checked,,text
Millbury,2010,2010-04-27,precinct,4,2094,407,checked,,text
Millis,2010,2010-05-11,total,,5387,2509,checked,precincts sum to both printed totals,text
Millis,2010,2010-05-11,precinct,1,1647,756,checked,,text
Millis,2010,2010-05-11,precinct,2,1788,821,checked,,text
Millis,2010,2010-05-11,precinct,3,1952,932,checked,,text
Milton,2010,2010-05-20,total,,17685,6048,mismatch,"precincts sum to 29277 registered, the printed total says 17685",text
Milton,2010,2010-05-20,precinct,1,2150,,mismatch,,text
Milton,2010,2010-05-20,precinct,2,1992,438,mismatch,,text
Milton,2010,2010-05-20,precinct,2,1618,597,mismatch,,text
Milton,2010,2010-05-20,precinct,3,1654,361,mismatch,,text
Milton,2010,2010-05-20,precinct,3,1597,583,mismatch,,text
Milton,2010,2010-05-20,precinct,4,5796,1287,mismatch,,text
Milton,2010,2010-05-20,precinct,4,1492,541,mismatch,,text
Milton,2010,2010-05-20,precinct,5,1434,369,mismatch,,text
Milton,2010,2010-05-20,precinct,5,1366,426,mismatch,,text
Milton,2010,2010-05-20,precinct,6,1750,617,mismatch,,text
Milton,2010,2010-05-20,precinct,7,1595,529,mismatch,,text
Milton,2010,2010-05-20,precinct,8,1712,604,mismatch,,text
Milton,2010,2010-05-20,precinct,9,1660,684,mismatch,,text
Milton,2010,2010-05-20,precinct,10,1716,626,mismatch,,text
Milton,2010,2010-05-20,precinct,11,1745,472,mismatch,,text
Monroe,2010,2010-05-03,total,,71,23,single,"a single undivided town, or no precinct detail printed",text
Monson,2010,2010-04-05,total,,5669,806,checked,precincts sum to both printed totals,text
Monson,2010,2010-04-05,precinct,1,1721,225,checked,,text
Monson,2010,2010-04-05,precinct,B,1999,268,checked,,text
Monson,2010,2010-04-05,precinct,C,1949,313,checked,,text
Montague,2010,2010-05-17,total,,5793,976,checked,precincts sum to both printed totals,text
Montague,2010,2010-05-17,precinct,1,1172,219,checked,,text
Montague,2010,2010-05-17,precinct,2,963,128,checked,,text
Montague,2010,2010-05-17,precinct,3,992,215,checked,,text
Montague,2010,2010-05-17,precinct,4,1001,199,checked,,text
Montague,2010,2010-05-17,precinct,5,747,96,checked,,text
Montague,2010,2010-05-17,precinct,6,918,119,checked,,text
Monterey,2010,2010-05-01,total,,705,123,single,"a single undivided town, or no precinct detail printed",text
Montgomery,2010,2010-05-03,total,,581,99,single,"a single undivided town, or no precinct detail printed",text
Mount Washington,2010,2010-05-11,total,,,,no_total,no TOTALS row was read,text
Mount Washington,2010,2010-05-11,precinct,1,129,53,no_total,,text
Nahant,2010,2010-04-24,total,,,,no_total,no TOTALS row was read,text
Nahant,2010,2010-04-24,precinct,1,2514,683,no_total,,text
Nantucket,2010,2010-04-13,total,,,,no_total,no TOTALS row was read,text
Nantucket,2010,2010-04-13,precinct,1,7727,2626,no_total,,text
Natick,2010,2010-03-30,total,,22643,8569,checked,precincts sum to both printed totals; the TOTALS label was unreadable and was identified by the sum,text
Natick,2010,2010-03-30,precinct,1,2038,253,checked,,text
Natick,2010,2010-03-30,precinct,2,2253,1022,checked,,text
Natick,2010,2010-03-30,precinct,3,2243,958,checked,,text
Natick,2010,2010-03-30,precinct,4,2082,715,checked,,text
Natick,2010,2010-03-30,precinct,5,2137,850,checked,,text
Natick,2010,2010-03-30,precinct,6,2328,891,checked,,text
Natick,2010,2010-03-30,precinct,7,2414,1020,checked,,text
Natick,2010,2010-03-30,precinct,8,2229,873,checked,,text
Natick,2010,2010-03-30,precinct,9,2332,931,checked,,text
Natick,2010,2010-03-30,precinct,10,2587,1056,checked,,text
Needham,2010,2010-04-13,total,,19475,3749,checked,precincts sum to both printed totals; the TOTALS label was unreadable and was identified by the sum,text
Needham,2010,2010-04-13,precinct,1,1807,242,checked,,text
Needham,2010,2010-04-13,precinct,B,1927,309,checked,,text
Needham,2010,2010-04-13,precinct,C,1829,317,checked,,text
Needham,2010,2010-04-13,precinct,D,1904,333,checked,,text
Needham,2010,2010-04-13,precinct,E,2032,357,checked,,text
Needham,2010,2010-04-13,precinct,F,2098,427,checked,,text
Needham,2010,2010-04-13,precinct,G,1960,484,checked,,text
Needham,2010,2010-04-13,precinct,H,2076,458,checked,,text
Needham,2010,2010-04-13,precinct,I,2056,458,checked,,text
Needham,2010,2010-04-13,precinct,J,1786,364,checked,,text
New Braintree,2010,2010-05-03,total,,,,no_total,no TOTALS row was read,text
New Braintree,2010,2010-05-03,precinct,1,685,90,no_total,,text
New Marlborough,2010,2010-05-10,total,,,,no_total,no TOTALS row was read,text
New Marlborough,2010,2010-05-10,precinct,1,1123,158,no_total,,text
New Salem,2010,2010-05-03,total,,,,no_total,no TOTALS row was read,text
New Salem,2010,2010-05-03,precinct,1,791,261,no_total,,text
Newbury,2010,2010-05-11,total,,4998,1140,checked,precincts sum to both printed totals; the TOTALS label was unreadable and was identified by the sum,text
Newbury,2010,2010-05-11,precinct,1,2518,515,checked,,text
Newbury,2010,2010-05-11,precinct,2,2480,625,checked,,text
Norfolk,2010,2010-05-11,total,,6250,1869,checked,precincts sum to both printed totals; the TOTALS label was unreadable and was identified by the sum,text
Norfolk,2010,2010-05-11,precinct,1,1926,626,checked,,text
Norfolk,2010,2010-05-11,precinct,2,1962,586,checked,,text
Norfolk,2010,2010-05-11,precinct,3,1770,507,checked,,text
Norfolk,2010,2010-05-11,precinct,4,592,150,checked,,text
North Andover,2010,2010-03-30,total,,18094,1202,checked,precincts sum to both printed totals; the TOTALS label was unreadable and was identified by the sum,text
North Andover,2010,2010-03-30,precinct,1,2151,206,checked,,text
North Andover,2010,2010-03-30,precinct,2,2164,242,checked,,text
North Andover,2010,2010-03-30,precinct,3,2424,139,checked,,text
North Andover,2010,2010-03-30,precinct,4,2496,199,checked,,text
North Andover,2010,2010-03-30,precinct,5,1193,39,checked,,text
North Andover,2010,2010-03-30,precinct,6,2600,147,checked,,text
North Andover,2010,2010-03-30,precinct,7,2686,128,checked,,text
North Andover,2010,2010-03-30,precinct,8,2380,102,checked,,text
North Attleborough,2010,2010-04-06,total,,,,no_total,no TOTALS row was read,text
North Attleborough,2010,2010-04-06,precinct,1,62,10,no_total,,text
North Attleborough,2010,2010-04-06,precinct,2,1534,169,no_total,,text
North Attleborough,2010,2010-04-06,precinct,3,1919,301,no_total,,text
North Attleborough,2010,2010-04-06,precinct,4,2613,576,no_total,,text
North Attleborough,2010,2010-04-06,precinct,5,1796,202,no_total,,text
North Attleborough,2010,2010-04-06,precinct,6,1740,259,no_total,,text
North Attleborough,2010,2010-04-06,precinct,7,2029,434,no_total,,text
North Attleborough,2010,2010-04-06,precinct,8,2208,389,no_total,,text
North Attleborough,2010,2010-04-06,precinct,9,2486,492,no_total,,text
North Attleborough,2010,2010-04-06,precinct,10,2153,331,no_total,,text
North Attleborough,2010,2010-04-06,precinct,11,18478,3153,no_total,,text
North Brookfield,2010,2010-05-03,total,,,,no_total,no TOTALS row was read,text
North Brookfield,2010,2010-05-03,precinct,1,320,10,no_total,,text
North Brookfield,2010,2010-05-03,precinct,2,2950,305,no_total,,text
North Reading,2010,2010-05-04,total,,,,no_total,no TOTALS row was read,text
North Reading,2010,2010-05-04,precinct,1,420,10,no_total,,text
North Reading,2010,2010-05-04,precinct,2,2709,503,no_total,,text
North Reading,2010,2010-05-04,precinct,3,2336,325,no_total,,text
North Reading,2010,2010-05-04,precinct,4,2520,336,no_total,,text
North Reading,2010,2010-05-04,precinct,5,2628,472,no_total,,text
North Reading,2010,2010-05-04,precinct,6,10193,1636,no_total,,text
Northborough,2010,2010-05-10,total,,,,no_total,no TOTALS row was read,text
Northborough,2010,2010-05-10,precinct,1,102,10,no_total,,text
Northborough,2010,2010-05-10,precinct,2,2380,56,no_total,,text
Northborough,2010,2010-05-10,precinct,3,2459,80,no_total,,text
Northborough,2010,2010-05-10,precinct,4,2477,85,no_total,,text
Northborough,2010,2010-05-10,precinct,5,2478,85,no_total,,text
Northborough,2010,2010-05-10,precinct,6,9794,306,no_total,,text
Northbridge,2010,2010-05-18,total,,,,no_total,no TOTALS row was read,text
Northbridge,2010,2010-05-18,precinct,1,182,10,no_total,,text
Northbridge,2010,2010-05-18,precinct,2,2386,412,no_total,,text
Northbridge,2010,2010-05-18,precinct,3,2586,405,no_total,,text
Northbridge,2010,2010-05-18,precinct,4,1616,279,no_total,,text
Northbridge,2010,2010-05-18,precinct,5,2580,485,no_total,,text
Northbridge,2010,2010-05-18,precinct,6,9168,1581,no_total,,text
Northfield,2010,2010-05-04,total,,,,no_total,no TOTALS row was read,text
Northfield,2010,2010-05-04,precinct,1,420,10,no_total,,text
Northfield,2010,2010-05-04,precinct,2,2121,282,no_total,,text
Norton,2010,2010-04-27,total,,11404,1435,checked,precincts sum to both printed totals; the TOTALS label was unreadable and was identified by the sum,text
Norton,2010,2010-04-27,precinct,1,2519,344,checked,,text
Norton,2010,2010-04-27,precinct,2,2633,309,checked,,text
Norton,2010,2010-04-27,precinct,3,2311,254,checked,,text
Norton,2010,2010-04-27,precinct,4,2489,321,checked,,text
Norton,2010,2010-04-27,precinct,5,1452,207,checked,,text
Norwell,2010,,total,,7275,2467,checked,precincts sum to both printed totals; the TOTALS label was unreadable and was identified by the sum,text
Norwell,2010,,precinct,1,2348,659,checked,,text
Norwell,2010,,precinct,2,2479,873,checked,,text
Norwell,2010,,precinct,3,2448,935,checked,,text
Norwood,2010,2010-04-05,total,,,,no_total,no TOTALS row was read,text
Norwood,2010,2010-04-05,precinct,1,52,10,no_total,,text
Norwood,2010,2010-04-05,precinct,2,1914,431,no_total,,text
Norwood,2010,2010-04-05,precinct,3,1791,479,no_total,,text
Norwood,2010,2010-04-05,precinct,4,1830,419,no_total,,text
Norwood,2010,2010-04-05,precinct,5,2168,710,no_total,,text
Norwood,2010,2010-04-05,precinct,6,1141,201,no_total,,text
Norwood,2010,2010-04-05,precinct,7,1756,359,no_total,,text
Norwood,2010,2010-04-05,precinct,8,1966,435,no_total,,text
Norwood,2010,2010-04-05,precinct,9,2104,364,no_total,,text
Norwood,2010,2010-04-05,precinct,10,2110,458,no_total,,text
Norwood,2010,2010-04-05,precinct,11,16780,3856,no_total,,text
ODD,2010,,total,,,,no_election,the volume states no election was held this year,text
Oak Bluffs,2010,2010-04-15,total,,,,no_total,no TOTALS row was read,text
Oak Bluffs,2010,2010-04-15,precinct,1,3105,,no_total,,text
Pembroke,2010,2010-05-01,total,,,,no_total,no TOTALS row was read,text
Pembroke,2010,2010-05-01,precinct,1,2472,,no_total,,text
Pembroke,2010,2010-05-01,precinct,2,2,2241,no_total,,text
Pembroke,2010,2010-05-01,precinct,3,3,2243,no_total,,text
Pembroke,2010,2010-05-01,precinct,4,4,2357,no_total,,text
Pembroke,2010,2010-05-01,precinct,5,5,2168,no_total,,text
Pembroke,2010,2010-05-01,precinct,6,11481,,no_total,,text
Phillipston,2010,2010-05-03,total,,,,no_total,no TOTALS row was read,text
Phillipston,2010,2010-05-03,precinct,1,1156,,no_total,,text
Plainfield,2010,2010-05-01,total,,,,no_total,no TOTALS row was read,text
Plainfield,2010,2010-05-01,precinct,1,439,,no_total,,text
Plainville,2010,2010-04-05,total,,,,no_total,no TOTALS row was read,text
Plainville,2010,2010-04-05,precinct,1,2510,,no_total,,text
Plainville,2010,2010-04-05,precinct,2,2,3007,no_total,,text
Plainville,2010,2010-04-05,precinct,3,5517,,no_total,,text
Plymouth,2010,2010-05-08,total,,37269,4633,checked,precincts sum to both printed totals,text
Plymouth,2010,2010-05-08,precinct,1,2101,288,checked,,text
Plymouth,2010,2010-05-08,precinct,2,2789,349,checked,,text
Plymouth,2010,2010-05-08,precinct,3,2140,258,checked,,text
Plymouth,2010,2010-05-08,precinct,4,2500,434,checked,,text
Plymouth,2010,2010-05-08,precinct,5,3848,663,checked,,text
Plymouth,2010,2010-05-08,precinct,6,2524,307,checked,,text
Plymouth,2010,2010-05-08,precinct,7,2519,200,checked,,text
Plymouth,2010,2010-05-08,precinct,8,3006,284,checked,,text
Plymouth,2010,2010-05-08,precinct,9,2410,199,checked,,text
Plymouth,2010,2010-05-08,precinct,10,1780,247,checked,,text
Plymouth,2010,2010-05-08,precinct,11,2696,338,checked,,text
Plymouth,2010,2010-05-08,precinct,12,2579,405,checked,,text
Plymouth,2010,2010-05-08,precinct,13,2654,307,checked,,text
Plymouth,2010,2010-05-08,precinct,14,3723,354,checked,,text
Plympton,2010,2010-05-15,total,,1986,182,single,"a single undivided town, or no precinct detail printed",text
Princeton,2010,2010-05-10,total,,2752,167,single,"a single undivided town, or no precinct detail printed",text
Provincetown,2010,2010-05-04,total,,2781,408,single,"a single undivided town, or no precinct detail printed",text
Randolph,2010,,total,,,,no_election,the volume states no election was held this year,text
Raynham,2010,2010-04-24,total,,9187,508,checked,precincts sum to both printed totals,text
Raynham,2010,2010-04-24,precinct,1,3011,193,checked,,text
Raynham,2010,2010-04-24,precinct,2,3154,177,checked,,text
Raynham,2010,2010-04-24,precinct,3,3022,138,checked,,text
Reading,2010,2010-04-06,total,,16571,2218,checked,precincts sum to both printed totals,text
Reading,2010,2010-04-06,precinct,1,2145,400,checked,,text
Reading,2010,2010-04-06,precinct,2,1994,184,checked,,text
Reading,2010,2010-04-06,precinct,3,1963,151,checked,,text
Reading,2010,2010-04-06,precinct,4,2119,310,checked,,text
Reading,2010,2010-04-06,precinct,5,1926,257,checked,,text
Reading,2010,2010-04-06,precinct,6,2338,280,checked,,text
Reading,2010,2010-04-06,precinct,7,2022,353,checked,,text
Reading,2010,2010-04-06,precinct,8,2064,283,checked,,text
Rehoboth,2010,2010-04-05,total,,7807,2368,checked,precincts sum to both printed totals,text
Rehoboth,2010,2010-04-05,precinct,1,2552,620,checked,,text
Rehoboth,2010,2010-04-05,precinct,2,2636,870,checked,,text
Rehoboth,2010,2010-04-05,precinct,3,2619,878,checked,,text
Richmond,2010,2010-05-29,total,,1156,40,single,"a single undivided town, or no precinct detail printed",text
Rochester,2010,2010-04-14,total,,3931,585,single,"a single undivided town, or no precinct detail printed",text
Rockland,2010,2010-04-10,total,,10561,2617,checked,precincts sum to both printed totals,text
Rockland,2010,2010-04-10,precinct,1,1788,417,checked,,text
Rockland,2010,2010-04-10,precinct,2,2075,535,checked,,text
Rockland,2010,2010-04-10,precinct,3,1432,304,checked,,text
Rockland,2010,2010-04-10,precinct,4,1574,361,checked,,text
Rockland,2010,2010-04-10,precinct,5,1845,537,checked,,text
Rockland,2010,2010-04-10,precinct,6,1847,463,checked,,text
Rockport,2010,2010-05-04,total,,5528,,mismatch,"precincts sum to 1419 registered, the printed total says 5528",text
Rockport,2010,2010-05-04,precinct,1,1414,,mismatch,,text
Rockport,2010,2010-05-04,precinct,2,2,1908,mismatch,,text
Rockport,2010,2010-05-04,precinct,3,3,2206,mismatch,,text
Rowe,2010,2010-05-15,total,,313,,single,"a single undivided town, or no precinct detail printed",text
Rowley,2010,2010-05-11,total,,3869,,single,"a single undivided town, or no precinct detail printed",text
Royalston,2010,2010-04-05,total,,886,,mismatch,"precincts sum to 527 registered, the printed total says 886",text
Royalston,2010,2010-04-05,precinct,1,525,,mismatch,,text
Royalston,2010,2010-04-05,precinct,2,2,361,mismatch,,text
Russell,2010,2010-05-03,total,,995,,single,"a single undivided town, or no precinct detail printed",text
Rutland,2010,2010-05-10,total,,5315,,mismatch,"precincts sum to 2689 registered, the printed total says 5315",text
Rutland,2010,2010-05-10,precinct,1,2687,,mismatch,,text
Rutland,2010,2010-05-10,precinct,2,2,2628,mismatch,,text
Salisbury,2010,2010-05-11,total,,5876,,mismatch,"precincts sum to 2978 registered, the printed total says 5876",text
Salisbury,2010,2010-05-11,precinct,1,2976,,mismatch,,text
Salisbury,2010,2010-05-11,precinct,2,2,2900,mismatch,,text
Sandisfield,2010,2010-05-17,total,,572,,single,"a single undivided town, or no precinct detail printed",text
Sandwich,2010,2010-05-06,total,,15307,,mismatch,"precincts sum to 2325 registered, the printed total says 15307",text
Sandwich,2010,2010-05-06,precinct,1,2298,,mismatch,,text
Sandwich,2010,2010-05-06,precinct,2,2,2443,mismatch,,text
Sandwich,2010,2010-05-06,precinct,3,3,2259,mismatch,,text
Sandwich,2010,2010-05-06,precinct,4,4,2297,mismatch,,text
Sandwich,2010,2010-05-06,precinct,5,5,2170,mismatch,,text
Sandwich,2010,2010-05-06,precinct,6,6,1869,mismatch,,text
Sandwich,2010,2010-05-06,precinct,7,7,1971,mismatch,,text
Saugus,2010,,total,,,,no_election,the volume states no election was held this year,text
Savoy,2010,2010-05-19,total,,428,,single,"a single undivided town, or no precinct detail printed",text
Scituate,2010,2010-05-08,total,,13923,,mismatch,"precincts sum to 2321 registered, the printed total says 13923",text
Scituate,2010,2010-05-08,precinct,1,2301,,mismatch,,text
Scituate,2010,2010-05-08,precinct,2,2,2294,mismatch,,text
Scituate,2010,2010-05-08,precinct,3,3,2058,mismatch,,text
Scituate,2010,2010-05-08,precinct,4,4,2269,mismatch,,text
Scituate,2010,2010-05-08,precinct,5,5,2943,mismatch,,text
Scituate,2010,2010-05-08,precinct,6,6,2058,mismatch,,text
Seekonk,2010,2010-04-07,total,,9422,,mismatch,"precincts sum to 2425 registered, the printed total says 9422",text
Seekonk,2010,2010-04-07,precinct,1,2416,,mismatch,,text
Seekonk,2010,2010-04-07,precinct,2,2,2397,mismatch,,text
Seekonk,2010,2010-04-07,precinct,3,3,2419,mismatch,,text
Seekonk,2010,2010-04-07,precinct,4,4,2190,mismatch,,text
Sharon,2010,2010-05-18,total,,12313,3478,checked,precincts sum to both printed totals,text
Sharon,2010,2010-05-18,precinct,1,2450,749,checked,,text
Sharon,2010,2010-05-18,precinct,2,2378,733,checked,,text
Sharon,2010,2010-05-18,precinct,3,2501,771,checked,,text
Sharon,2010,2010-05-18,precinct,4,2431,646,checked,,text
Sharon,2010,2010-05-18,precinct,5,2553,579,checked,,text
Sheffield,2010,,total,,2275,515,single,"a single undivided town, or no precinct detail printed",text
Shelburne,2010,2010-06-14,total,,1342,120,single,"a single undivided town, or no precinct detail printed",text
Sherborn,2010,2010-05-11,total,,2934,1334,single,"a single undivided town, or no precinct detail printed",text
Shirley,2010,2010-05-11,total,,3915,1126,single,"a single undivided town, or no precinct detail printed",text
Shrewsbury,2010,2010-05-04,total,,22123,2072,checked,precincts sum to both printed totals,text
Shrewsbury,2010,2010-05-04,precinct,1,2481,275,checked,,text
Shrewsbury,2010,2010-05-04,precinct,2,2331,221,checked,,text
Shrewsbury,2010,2010-05-04,precinct,3,2011,119,checked,,text
Shrewsbury,2010,2010-05-04,precinct,4,2593,131,checked,,text
Shrewsbury,2010,2010-05-04,precinct,5,2370,281,checked,,text
Shrewsbury,2010,2010-05-04,precinct,6,2347,230,checked,,text
Shrewsbury,2010,2010-05-04,precinct,7,2651,281,checked,,text
Shrewsbury,2010,2010-05-04,precinct,8,2853,387,checked,,text
Shrewsbury,2010,2010-05-04,precinct,9,2486,147,checked,,text
Shutesbury,2010,2010-05-01,total,,1400,201,single,"a single undivided town, or no precinct detail printed",text
Somerset,2010,2010-05-10,total,,12714,3254,checked,precincts sum to both printed totals,text
Somerset,2010,2010-05-10,precinct,1,2715,764,checked,,text
Somerset,2010,2010-05-10,precinct,2,2641,856,checked,,text
Somerset,2010,2010-05-10,precinct,3,2573,648,checked,,text
Somerset,2010,2010-05-10,precinct,4,2374,477,checked,,text
Somerset,2010,2010-05-10,precinct,5,2411,509,checked,,text
South Hadley,2010,2010-04-05,total,,9881,647,checked,precincts sum to both printed totals,text
South Hadley,2010,2010-04-05,precinct,1,1838,108,checked,,text
South Hadley,2010,2010-04-05,precinct,B,2288,134,checked,,text
South Hadley,2010,2010-04-05,precinct,C,2247,136,checked,,text
South Hadley,2010,2010-04-05,precinct,D,1216,120,checked,,text
South Hadley,2010,2010-04-05,precinct,E,2292,149,checked,,text
Southampton,2010,2010-05-03,total,,3974,442,single,"a single undivided town, or no precinct detail printed",text
Southborough,2010,2010-05-10,total,,6623,1619,checked,precincts sum to both printed totals,text
Southborough,2010,2010-05-10,precinct,1,2383,575,checked,,text
Southborough,2010,2010-05-10,precinct,2,2094,500,checked,,text
Southborough,2010,2010-05-10,precinct,3,2146,544,checked,,text
Southbridge,2010,2010-06-29,total,,11942,1722,checked,precincts sum to both printed totals,text
Southbridge,2010,2010-06-29,precinct,1,2158,367,checked,,text
Southbridge,2010,2010-06-29,precinct,2,2345,236,checked,,text
Southbridge,2010,2010-06-29,precinct,3,2478,356,checked,,text
Southbridge,2010,2010-06-29,precinct,4,2652,614,checked,,text
Southbridge,2010,2010-06-29,precinct,5,2309,149,checked,,text
Stockbridge,2010,2010-05-18,total,,,,no_total,no TOTALS row was read,text
Stockbridge,2010,2010-05-18,precinct,1,1452,,no_total,,text
Sturbridge,2010,2010-04-12,total,,,,no_total,no TOTALS row was read,text
Sturbridge,2010,2010-04-12,precinct,1,3049,,no_total,,text
Sturbridge,2010,2010-04-12,precinct,2,2,3412,no_total,,text
Sturbridge,2010,2010-04-12,precinct,3,6461,,no_total,,text
Sunderland,2010,2010-05-01,total,,,,no_total,no TOTALS row was read,text
Sunderland,2010,2010-05-01,precinct,1,2371,,no_total,,text
Swampscott,2010,2010-04-27,total,,10261,1868,voted_only,people who voted sums; registered voters does not,text
Swampscott,2010,2010-04-27,precinct,1,1917,274,voted_only,,text
Swampscott,2010,2010-04-27,precinct,2,2,249,voted_only,,text
Swampscott,2010,2010-04-27,precinct,3,1654,263,voted_only,,text
Swampscott,2010,2010-04-27,precinct,4,1731,388,voted_only,,text
Swampscott,2010,2010-04-27,precinct,5,1741,345,voted_only,,text
Swampscott,2010,2010-04-27,precinct,6,1832,349,voted_only,,text
Swansea,2010,2010-04-12,total,,11033,2020,checked,precincts sum to both printed totals,text
Swansea,2010,2010-04-12,precinct,1,2315,386,checked,,text
Swansea,2010,2010-04-12,precinct,2,2187,483,checked,,text
Swansea,2010,2010-04-12,precinct,3,1982,376,checked,,text
Swansea,2010,2010-04-12,precinct,4,2202,346,checked,,text
Swansea,2010,2010-04-12,precinct,5,2347,429,checked,,text
Templeton,2010,2010-05-03,total,,4986,1056,checked,precincts sum to both printed totals,text
Templeton,2010,2010-05-03,precinct,1,2771,543,checked,,text
Templeton,2010,2010-05-03,precinct,B,2215,513,checked,,text
Tewksbury,2010,2010-04-10,total,,20201,2525,checked,precincts sum to both printed totals,text
Tewksbury,2010,2010-04-10,precinct,1,2732,368,checked,,text
Tewksbury,2010,2010-04-10,precinct,2,2393,305,checked,,text
Tewksbury,2010,2010-04-10,precinct,2,2406,259,checked,,text
Tewksbury,2010,2010-04-10,precinct,3,2882,374,checked,,text
Tewksbury,2010,2010-04-10,precinct,4,2394,227,checked,,text
Tewksbury,2010,2010-04-10,precinct,4,2272,244,checked,,text
Tewksbury,2010,2010-04-10,precinct,6,2572,382,checked,,text
Tewksbury,2010,2010-04-10,precinct,8,2550,366,checked,,text
Tisbury,2010,2010-04-27,total,,2902,1639,single,"a single undivided town, or no precinct detail printed",text
Tolland,2010,2010-06-15,total,,350,94,single,"a single undivided town, or no precinct detail printed",text
Topsfield,2010,2010-05-06,total,,4203,1134,single,"a single undivided town, or no precinct detail printed",text
Townsend,2010,2010-04-26,total,,6301,356,checked,precincts sum to both printed totals,text
Townsend,2010,2010-04-26,precinct,1,2029,126,checked,,text
Townsend,2010,2010-04-26,precinct,2,2216,159,checked,,text
Townsend,2010,2010-04-26,precinct,3,2056,71,checked,,text
Truro,2010,2010-05-11,total,,1681,404,single,"a single undivided town, or no precinct detail printed",text
Tyngsborough,2010,2010-05-11,total,,7929,391,checked,precincts sum to both printed totals,text
Tyngsborough,2010,2010-05-11,precinct,1,1892,106,checked,,text
Tyngsborough,2010,2010-05-11,precinct,2,1886,80,checked,,text
Tyngsborough,2010,2010-05-11,precinct,3,1960,103,checked,,text
Tyngsborough,2010,2010-05-11,precinct,4,2191,102,checked,,text
Tyringham,2010,2010-05-17,total,,301,46,single,"a single undivided town, or no precinct detail printed",text
Upton,2010,2010-05-03,total,,4834,491,single,"a single undivided town, or no precinct detail printed",text
Uxbridge,2010,2010-05-25,total,,9767,,reg_only,registered voters sum; people who voted does not,text
Uxbridge,2010,2010-05-25,precinct,1,2251,,reg_only,,text
Uxbridge,2010,2010-05-25,precinct,2,2682,,reg_only,,text
Uxbridge,2010,2010-05-25,precinct,3,2577,,reg_only,,text
Uxbridge,2010,2010-05-25,precinct,4,2257,,reg_only,,text
Wakefield,2010,2010-04-27,total,,16446,,reg_only,registered voters sum; people who voted does not,text
Wakefield,2010,2010-04-27,precinct,1,2559,,reg_only,,text
Wakefield,2010,2010-04-27,precinct,2,1992,,reg_only,,text
Wakefield,2010,2010-04-27,precinct,3,2231,,reg_only,,text
Wakefield,2010,2010-04-27,precinct,4,2552,,reg_only,,text
Wakefield,2010,2010-04-27,precinct,5,2329,,reg_only,,text
Wakefield,2010,2010-04-27,precinct,6,2380,,reg_only,,text
Wakefield,2010,2010-04-27,precinct,7,2403,,reg_only,,text
Wales,2010,2010-05-25,total,,1289,,single,"a single undivided town, or no precinct detail printed",text
Walpole,2010,2010-06-05,total,,16174,,reg_only,registered voters sum; people who voted does not,text
Walpole,2010,2010-06-05,precinct,1,2154,,reg_only,,text
Walpole,2010,2010-06-05,precinct,2,2078,,reg_only,,text
Walpole,2010,2010-06-05,precinct,3,2025,,reg_only,,text
Walpole,2010,2010-06-05,precinct,4,2330,,reg_only,,text
Walpole,2010,2010-06-05,precinct,5,1452,,reg_only,,text
Walpole,2010,2010-06-05,precinct,6,2006,,reg_only,,text
Walpole,2010,2010-06-05,precinct,7,2117,,reg_only,,text
Walpole,2010,2010-06-05,precinct,8,2012,,reg_only,,text
Ware,2010,2010-04-12,total,,6362,,reg_only,registered voters sum; people who voted does not,text
Ware,2010,2010-04-12,precinct,1,1904,,reg_only,,text
Ware,2010,2010-04-12,precinct,B,2031,,reg_only,,text
Ware,2010,2010-04-12,precinct,C,2427,,reg_only,,text
Wareham,2010,2010-04-06,total,,15156,,reg_only,registered voters sum; people who voted does not,text
Wareham,2010,2010-04-06,precinct,1,2574,,reg_only,,text
Wareham,2010,2010-04-06,precinct,2,2611,,reg_only,,text
Wareham,2010,2010-04-06,precinct,3,2393,,reg_only,,text
Wareham,2010,2010-04-06,precinct,4,2539,,reg_only,,text
Wareham,2010,2010-04-06,precinct,5,2750,,reg_only,,text
Wareham,2010,2010-04-06,precinct,6,2289,,reg_only,,text
Warren,2010,2010-05-04,total,,2940,,reg_only,registered voters sum; people who voted does not,text
Warren,2010,2010-05-04,precinct,1,2142,,reg_only,,text
Warren,2010,2010-05-04,precinct,B,798,,reg_only,,text
Warwick,2010,2010-05-17,total,,533,,single,"a single undivided town, or no precinct detail printed",text
Washington,2010,2010-05-15,total,,430,,single,"a single undivided town, or no precinct detail printed",text
Watertown,2010,,total,,,,no_election,the volume states no election was held this year,text
Wayland,2010,2010-05-11,total,,8968,,mismatch,"precincts sum to 2179 registered, the printed total says 8968",text
Wayland,2010,2010-05-11,precinct,1,2170,,mismatch,,text
Wayland,2010,2010-05-11,precinct,2,2,2270,mismatch,,text
Wayland,2010,2010-05-11,precinct,3,3,2109,mismatch,,text
Wayland,2010,2010-05-11,precinct,4,4,2419,mismatch,,text
Webster,2010,2010-05-03,total,,11382,1295,checked,precincts sum to both printed totals,text
Webster,2010,2010-05-03,precinct,1,2057,230,checked,,text
Webster,2010,2010-05-03,precinct,2,2113,159,checked,,text
Webster,2010,2010-05-03,precinct,3,2268,238,checked,,text
Webster,2010,2010-05-03,precinct,4,2758,382,checked,,text
Webster,2010,2010-05-03,precinct,5,2186,286,checked,,text
Wellesley,2010,2010-03-02,total,,16084,2784,checked,precincts sum to both printed totals,text
Wellesley,2010,2010-03-02,precinct,1,2547,462,checked,,text
Wellesley,2010,2010-03-02,precinct,B,2665,432,checked,,text
Wellesley,2010,2010-03-02,precinct,C,2606,557,checked,,text
Wellesley,2010,2010-03-02,precinct,D,2335,420,checked,,text
Wellesley,2010,2010-03-02,precinct,E,2580,513,checked,,text
Wellesley,2010,2010-03-02,precinct,F,2019,254,checked,,text
Wellesley,2010,2010-03-02,precinct,G,1332,146,checked,,text
Wellfleet,2010,2010-05-03,total,,2529,802,single,"a single undivided town, or no precinct detail printed",text
Wendell,2010,2010-05-03,total,,652,263,single,"a single undivided town, or no precinct detail printed",text
Wenham,2010,2010-05-01,total,,2767,716,single,"a single undivided town, or no precinct detail printed",text
West Boylston,2010,2010-04-06,total,,4805,595,checked,precincts sum to both printed totals,text
West Boylston,2010,2010-04-06,precinct,1,2281,247,checked,,text
West Boylston,2010,2010-04-06,precinct,2,2524,348,checked,,text
West Bridgewater,2010,2010-04-10,total,,4632,1382,checked,precincts sum to both printed totals,text
West Bridgewater,2010,2010-04-10,precinct,1,2379,694,checked,,text
West Bridgewater,2010,2010-04-10,precinct,2,2253,688,checked,,text
West Brookfield,2010,2010-05-04,total,,2079,300,single,"a single undivided town, or no precinct detail printed",text
West Newbury,2010,2010-05-03,total,,3224,1263,single,"a single undivided town, or no precinct detail printed",text
West Springfield,2010,,total,,,,no_election,the volume states no election was held this year,text
West Stockbridge,2010,2010-05-10,total,,1035,337,single,"a single undivided town, or no precinct detail printed",text
West Tisbury,2010,2010-04-15,total,,2270,229,single,"a single undivided town, or no precinct detail printed",text
Westborough,2010,2010-05-04,total,,11541,769,checked,precincts sum to both printed totals,text
Westborough,2010,2010-05-04,precinct,1,1820,89,checked,,text
Westborough,2010,2010-05-04,precinct,2,2221,121,checked,,text
Westborough,2010,2010-05-04,precinct,3,2200,164,checked,,text
Westborough,2010,2010-05-04,precinct,4,2644,204,checked,,text
Westborough,2010,2010-05-04,precinct,5,2656,191,checked,,text
Westford,2010,2010-05-04,total,,15182,672,checked,precincts sum to both printed totals,text
Westford,2010,2010-05-04,precinct,1,2479,109,checked,,text
Westford,2010,2010-05-04,precinct,2,2431,103,checked,,text
Westford,2010,2010-05-04,precinct,3,2589,106,checked,,text
Westford,2010,2010-05-04,precinct,4,2512,127,checked,,text
Westford,2010,2010-05-04,precinct,5,2755,123,checked,,text
Westford,2010,2010-05-04,precinct,6,2416,104,checked,,text
Westhampton,2010,2010-06-05,total,,,,no_total,no TOTALS row was read,text
Westhampton,2010,2010-06-05,precinct,1,1230,,no_total,,text
Westminster,2010,2010-04-27,total,,,,no_total,no TOTALS row was read,text
Westminster,2010,2010-04-27,precinct,1,2764,,no_total,,text
Westminster,2010,2010-04-27,precinct,2,2,2624,no_total,,text
Westminster,2010,2010-04-27,precinct,3,5388,,no_total,,text
Weymouth,2010,,total,,,,no_election,the volume states no election was held this year,text
Whitman,2010,2010-05-15,total,,,,no_total,no TOTALS row was read,text
Whitman,2010,2010-05-15,precinct,1,2473,,no_total,,text
Whitman,2010,2010-05-15,precinct,2,2,2324,no_total,,text
Whitman,2010,2010-05-15,precinct,3,3,2387,no_total,,text
Whitman,2010,2010-05-15,precinct,4,4,2314,no_total,,text
Whitman,2010,2010-05-15,precinct,5,9498,,no_total,,text
Williamsburg,2010,2010-05-03,total,,,,no_total,no TOTALS row was read,text
Williamsburg,2010,2010-05-03,precinct,1,1906,,no_total,,text
Williamstown,2010,2010-05-11,total,,,,no_total,no TOTALS row was read,text
Williamstown,2010,2010-05-11,precinct,1,1816,,no_total,,text
Williamstown,2010,2010-05-11,precinct,2,2,753,no_total,,text
Williamstown,2010,2010-05-11,precinct,3,3,1935,no_total,,text
Williamstown,2010,2010-05-11,precinct,4,4504,,no_total,,text
Wilmington,2010,2010-04-24,total,,,,no_total,no TOTALS row was read,text
Wilmington,2010,2010-04-24,precinct,1,2428,,no_total,,text
Wilmington,2010,2010-04-24,precinct,2,2,2528,no_total,,text
Wilmington,2010,2010-04-24,precinct,3,3,2639,no_total,,text
Wilmington,2010,2010-04-24,precinct,4,4,2485,no_total,,text
Wilmington,2010,2010-04-24,precinct,5,5,2750,no_total,,text
Wilmington,2010,2010-04-24,precinct,6,6,2461,no_total,,text
Wilmington,2010,2010-04-24,precinct,7,15291,,no_total,,text
Winchendon,2010,2010-05-03,total,,6716,944,checked,precincts sum to both printed totals; the TOTALS label was unreadable and was identified by the sum,text
Winchendon,2010,2010-05-03,precinct,1,2104,312,checked,,text
Winchendon,2010,2010-05-03,precinct,2,2493,313,checked,,text
Winchendon,2010,2010-05-03,precinct,3,2119,319,checked,,text
Winchester,2010,2010-03-30,total,,13802,1705,checked,precincts sum to both printed totals,text
Winchester,2010,2010-03-30,precinct,1,1765,223,checked,,text
Winchester,2010,2010-03-30,precinct,2,1383,114,checked,,text
Winchester,2010,2010-03-30,precinct,3,1833,312,checked,,text
Winchester,2010,2010-03-30,precinct,4,1884,261,checked,,text
Winchester,2010,2010-03-30,precinct,5,1814,210,checked,,text
Winchester,2010,2010-03-30,precinct,6,1763,181,checked,,text
Winchester,2010,2010-03-30,precinct,7,1767,287,checked,,text
Winchester,2010,2010-03-30,precinct,8,1593,117,checked,,text
Windsor,2010,2010-05-10,total,,628,122,single,"a single undivided town, or no precinct detail printed",text
Winthrop,2010,,total,,,,no_election,the volume states no election was held this year,text
Worthington,2010,2010-05-01,total,,908,167,single,"a single undivided town, or no precinct detail printed",text
Wrentham,2010,2010-04-05,total,,7544,1011,checked,precincts sum to both printed totals,text
Wrentham,2010,2010-04-05,precinct,1,2357,349,checked,,text
Wrentham,2010,2010-04-05,precinct,2,3114,359,checked,,text
Wrentham,2010,2010-04-05,precinct,3,2073,303,checked,,text
Yarmouth,2010,2010-05-11,total,,16604,4975,checked,precincts sum to both printed totals,text
Yarmouth,2010,2010-05-11,precinct,1,2415,840,checked,,text
Yarmouth,2010,2010-05-11,precinct,2,2661,794,checked,,text
Yarmouth,2010,2010-05-11,precinct,3,1978,560,checked,,text
Yarmouth,2010,2010-05-11,precinct,4,2349,743,checked,,text
Yarmouth,2010,2010-05-11,precinct,5,2260,575,checked,,text
Yarmouth,2010,2010-05-11,precinct,6,2078,438,checked,,text
Yarmouth,2010,2010-05-11,precinct,7,2863,1025,checked,,text
Abington,2012,2012-04-28,total,,,,no_total,no TOTALS row was read,text
Abington,2012,2012-04-28,precinct,1,2099,792,no_total,,text
Abington,2012,2012-04-28,precinct,2,1977,828,no_total,,text
Abington,2012,2012-04-28,precinct,3,2051,986,no_total,,text
Abington,2012,2012-04-28,precinct,4,2308,1012,no_total,,text
Abington,2012,2012-04-28,precinct,5,5,,no_total,,text
Abington,2012,2012-04-28,precinct,6,10679,4654,no_total,,text
Acton,2012,2012-03-27,total,,13481,765,checked,precincts sum to both printed totals; the TOTALS label was unreadable and was identified by the sum,text
Acton,2012,2012-03-27,precinct,1,2107,82,checked,,text
Acton,2012,2012-03-27,precinct,2,2238,143,checked,,text
Acton,2012,2012-03-27,precinct,3,2367,203,checked,,text
Acton,2012,2012-03-27,precinct,4,2404,116,checked,,text
Acton,2012,2012-03-27,precinct,5,2340,120,checked,,text
Acton,2012,2012-03-27,precinct,6,2025,101,checked,,text
Acushnet,2012,2012-04-02,total,,7284,268,checked,precincts sum to both printed totals; the TOTALS label was unreadable and was identified by the sum,text
Acushnet,2012,2012-04-02,precinct,1,2264,98,checked,,text
Acushnet,2012,2012-04-02,precinct,2,2465,89,checked,,text
Acushnet,2012,2012-04-02,precinct,3,2555,81,checked,,text
Adams,2012,2012-05-07,total,,5826,1471,checked,precincts sum to both printed totals; the TOTALS label was unreadable and was identified by the sum,text
Adams,2012,2012-05-07,precinct,1,1100,251,checked,,text
Adams,2012,2012-05-07,precinct,2,1151,341,checked,,text
Adams,2012,2012-05-07,precinct,3,1193,266,checked,,text
Adams,2012,2012-05-07,precinct,4,1120,256,checked,,text
Adams,2012,2012-05-07,precinct,5,1262,357,checked,,text
Agawam,2012,,total,,,,no_election,the volume states no election was held this year,text
Alford,2012,2012-05-05,total,,,,no_total,no TOTALS row was read,text
Alford,2012,2012-05-05,precinct,1,374,59,no_total,,text
Amesbury,2012,,total,,,,no_election,the volume states no election was held this year,text
Amherst,2012,2012-04-03,total,,16006,2430,checked,precincts sum to both printed totals; the TOTALS label was unreadable and was identified by the sum,text
Amherst,2012,2012-04-03,precinct,1,1518,203,checked,,text
Amherst,2012,2012-04-03,precinct,2,1683,258,checked,,text
Amherst,2012,2012-04-03,precinct,3,1097,107,checked,,text
Amherst,2012,2012-04-03,precinct,4,963,108,checked,,text
Amherst,2012,2012-04-03,precinct,5,1398,194,checked,,text
Amherst,2012,2012-04-03,precinct,6,2163,366,checked,,text
Amherst,2012,2012-04-03,precinct,7,2083,317,checked,,text
Amherst,2012,2012-04-03,precinct,8,2244,459,checked,,text
Amherst,2012,2012-04-03,precinct,9,1708,302,checked,,text
Amherst,2012,2012-04-03,precinct,10,1149,116,checked,,text
Andover,2012,2012-03-27,total,,22580,2046,checked,precincts sum to both printed totals; the TOTALS label was unreadable and was identified by the sum,text
Andover,2012,2012-03-27,precinct,1,2034,173,checked,,text
Andover,2012,2012-03-27,precinct,2,2715,216,checked,,text
Andover,2012,2012-03-27,precinct,3,2608,256,checked,,text
Andover,2012,2012-03-27,precinct,4,2489,204,checked,,text
Andover,2012,2012-03-27,precinct,5,2549,192,checked,,text
Andover,2012,2012-03-27,precinct,6,2554,206,checked,,text
Andover,2012,2012-03-27,precinct,7,2007,259,checked,,text
Andover,2012,2012-03-27,precinct,8,582,38,checked,,text
Andover,2012,2012-03-27,precinct,8,2515,231,checked,,text
Andover,2012,2012-03-27,precinct,9,2516,267,checked,,text
Andover,2012,2012-03-27,precinct,11,11,4,checked,,text
April,2012,2012-04-23,total,,,,no_total,no TOTALS row was read,text
April,2012,2012-04-23,precinct,1,2083,400,no_total,,text
April,2012,2012-04-23,precinct,2,2311,384,no_total,,text
April,2012,2012-04-23,precinct,2,1985,262,no_total,,text
April,2012,2012-04-23,precinct,2,2200,302,no_total,,text
April,2012,2012-04-23,precinct,2,1638,240,no_total,,text
April,2012,2012-04-23,precinct,2,2477,222,no_total,,text
April,2012,2012-04-23,precinct,2,2674,186,no_total,,text
April,2012,2012-04-23,precinct,2,2184,529,no_total,,text
April,2012,2012-04-23,precinct,2,2120,350,no_total,,text
April,2012,2012-04-23,precinct,2,2618,329,no_total,,text
April,2012,2012-04-23,precinct,3,2106,280,no_total,,text
April,2012,2012-04-23,precinct,3,2412,212,no_total,,text
April,2012,2012-04-23,precinct,3,2566,198,no_total,,text
April,2012,2012-04-23,precinct,3,2299,685,no_total,,text
April,2012,2012-04-23,precinct,3,2071,375,no_total,,text
April,2012,2012-04-23,precinct,3,2589,232,no_total,,text
April,2012,2012-04-23,precinct,4,2308,249,no_total,,text
April,2012,2012-04-23,precinct,4,1962,516,no_total,,text
April,2012,2012-04-23,precinct,4,2486,480,no_total,,text
April,2012,2012-04-23,precinct,4,2409,291,no_total,,text
April,2012,2012-04-23,precinct,5,6402,926,no_total,,text
April,2012,2012-04-23,precinct,5,2449,268,no_total,,text
April,2012,2012-04-23,precinct,5,2188,642,no_total,,text
April,2012,2012-04-23,precinct,5,2038,297,no_total,,text
April,2012,2012-04-23,precinct,6,2753,288,no_total,,text
April,2012,2012-04-23,precinct,6,2581,362,no_total,,text
April,2012,2012-04-23,precinct,6,2069,555,no_total,,text
April,2012,2012-04-23,precinct,6,2594,329,no_total,,text
April,2012,2012-04-23,precinct,7,2324,425,no_total,,text
April,2012,2012-04-23,precinct,7,2468,274,no_total,,text
April,2012,2012-04-23,precinct,7,1988,587,no_total,,text
April,2012,2012-04-23,precinct,7,2046,235,no_total,,text
April,2012,2012-04-23,precinct,8,1810,226,no_total,,text
April,2012,2012-04-23,precinct,9,4524,727,no_total,,text
April,2012,2012-04-23,precinct,B,2399,812,no_total,,text
April,2012,2012-04-23,precinct,C,2216,500,no_total,,text
April,2012,2012-04-23,precinct,D,2092,541,no_total,,text
April,2012,2012-04-23,precinct,E,2560,757,no_total,,text
April,2012,2012-04-23,precinct,10,1733,305,no_total,,text
April,2012,2012-04-23,precinct,12,3371,545,no_total,,text
April,2012,2012-04-23,precinct,13,2415,321,no_total,,text
April,2012,2012-04-23,precinct,20,17110,1908,no_total,,text
April,2012,2012-04-23,precinct,21,3668,966,no_total,,text
April,2012,2012-04-23,precinct,22,2628,192,no_total,,text
April,2012,2012-04-23,precinct,25,7868,576,no_total,,text
April,2012,2012-04-23,precinct,26,2024,517,no_total,,text
April,2012,2012-04-23,precinct,33,14714,4031,no_total,,text
April,2012,2012-04-23,precinct,34,2209,364,no_total,,text
April,2012,2012-04-23,precinct,42,17374,2656,no_total,,text
April,2012,2012-04-23,precinct,43,2093,513,no_total,,text
April,2012,2012-04-23,precinct,48,11360,3123,no_total,,text
April,2012,2012-04-23,precinct,49,2613,223,no_total,,text
April,2012,2012-04-23,precinct,53,10229,1075,no_total,,text
Aquinnah,2012,2012-05-09,total,,,,no_total,no TOTALS row was read,text
Aquinnah,2012,2012-05-09,precinct,1,385,54,no_total,,text
Ashburnham,2012,2012-04-24,total,,,,no_total,no TOTALS row was read,text
Ashburnham,2012,2012-04-24,precinct,1,4127,126,no_total,,text
Ashfield,2012,2012-04-28,total,,17938,1451,checked,precincts sum to both printed totals; the TOTALS label was unreadable and was identified by the sum,text
Ashfield,2012,2012-04-28,precinct,1,2654,244,checked,,text
Ashfield,2012,2012-04-28,precinct,2,2670,246,checked,,text
Ashfield,2012,2012-04-28,precinct,3,2608,207,checked,,text
Ashfield,2012,2012-04-28,precinct,4,2432,178,checked,,text
Ashfield,2012,2012-04-28,precinct,5,2265,183,checked,,text
Ashfield,2012,2012-04-28,precinct,6,2714,223,checked,,text
Ashfield,2012,2012-04-28,precinct,7,2595,170,checked,,text
Becket,2012,2012-05-19,total,,1292,495,single,"a single undivided town, or no precinct detail printed",text
Bedford,2012,2012-03-10,total,,9448,1517,checked,precincts sum to both printed totals,text
Bedford,2012,2012-03-10,precinct,1,2550,464,checked,,text
Bedford,2012,2012-03-10,precinct,2,2270,307,checked,,text
Bedford,2012,2012-03-10,precinct,3,2375,366,checked,,text
Bedford,2012,2012-03-10,precinct,4,2253,380,checked,,text
Belchertown,2012,2012-05-21,total,,9254,1317,checked,precincts sum to both printed totals,text
Belchertown,2012,2012-05-21,precinct,1,2188,337,checked,,text
Belchertown,2012,2012-05-21,precinct,B,2265,277,checked,,text
Belchertown,2012,2012-05-21,precinct,C,2495,429,checked,,text
Belchertown,2012,2012-05-21,precinct,D,2306,274,checked,,text
Bellingham,2012,2012-05-01,total,,10309,995,checked,precincts sum to both printed totals,text
Bellingham,2012,2012-05-01,precinct,1,2013,128,checked,,text
Bellingham,2012,2012-05-01,precinct,2,2270,200,checked,,text
Bellingham,2012,2012-05-01,precinct,3,1988,196,checked,,text
Bellingham,2012,2012-05-01,precinct,4,1978,232,checked,,text
Bellingham,2012,2012-05-01,precinct,5,2060,239,checked,,text
Belmont,2012,2012-04-02,total,,16903,4423,checked,precincts sum to both printed totals,text
Belmont,2012,2012-04-02,precinct,1,2151,759,checked,,text
Belmont,2012,2012-04-02,precinct,2,2280,583,checked,,text
Belmont,2012,2012-04-02,precinct,3,1973,521,checked,,text
Belmont,2012,2012-04-02,precinct,4,1972,376,checked,,text
Belmont,2012,2012-04-02,precinct,5,2097,508,checked,,text
Belmont,2012,2012-04-02,precinct,6,2044,594,checked,,text
Belmont,2012,2012-04-02,precinct,7,2131,363,checked,,text
Belmont,2012,2012-04-02,precinct,8,2255,719,checked,,text
Berkley,2012,2012-05-12,total,,4260,751,checked,precincts sum to both printed totals,text
Berkley,2012,2012-05-12,precinct,1,2197,329,checked,,text
Berkley,2012,2012-05-12,precinct,2,2063,422,checked,,text
Berlin,2012,2012-05-14,total,,2013,339,single,"a single undivided town, or no precinct detail printed",text
Bernardston,2012,2012-05-07,total,,1475,193,single,"a single undivided town, or no precinct detail printed",text
Billerica,2012,2012-04-14,total,,25029,2690,checked,precincts sum to both printed totals,text
Billerica,2012,2012-04-14,precinct,1,2606,240,checked,,text
Billerica,2012,2012-04-14,precinct,2,2368,320,checked,,text
Billerica,2012,2012-04-14,precinct,3,2213,241,checked,,text
Billerica,2012,2012-04-14,precinct,4,1925,193,checked,,text
Billerica,2012,2012-04-14,precinct,5,2471,339,checked,,text
Billerica,2012,2012-04-14,precinct,6,1850,216,checked,,text
Billerica,2012,2012-04-14,precinct,7,2214,194,checked,,text
Billerica,2012,2012-04-14,precinct,8,2552,294,checked,,text
Billerica,2012,2012-04-14,precinct,9,2257,196,checked,,text
Billerica,2012,2012-04-14,precinct,10,2395,230,checked,,text
Billerica,2012,2012-04-14,precinct,11,2178,227,checked,,text
Blackstone,2012,2012-04-02,total,,1059,,mismatch,"precincts sum to 6086 registered, the printed total says 1059",text
Blackstone,2012,2012-04-02,precinct,1,2037,368,mismatch,,text
Blackstone,2012,2012-04-02,precinct,2,2001,313,mismatch,,text
Blackstone,2012,2012-04-02,precinct,3,2048,378,mismatch,,text
Bolton,2012,2012-05-14,total,,3281,912,single,"a single undivided town, or no precinct detail printed",text
Bourne,2012,2012-05-15,total,,13177,1392,checked,precincts sum to both printed totals,text
Bourne,2012,2012-05-15,precinct,1,1913,131,checked,,text
Bourne,2012,2012-05-15,precinct,2,2129,184,checked,,text
Bourne,2012,2012-05-15,precinct,3,1305,149,checked,,text
Bourne,2012,2012-05-15,precinct,4,2142,261,checked,,text
Bourne,2012,2012-05-15,precinct,5,2075,286,checked,,text
Bourne,2012,2012-05-15,precinct,6,1636,252,checked,,text
Bourne,2012,2012-05-15,precinct,7,1977,129,checked,,text
Boxborough,2012,2012-05-21,total,,3401,684,single,"a single undivided town, or no precinct detail printed",text
Boxford,2012,2012-05-15,total,,5837,1221,checked,precincts sum to both printed totals,text
Boxford,2012,2012-05-15,precinct,1,1968,329,checked,,text
Boxford,2012,2012-05-15,precinct,2,1978,456,checked,,text
Boxford,2012,2012-05-15,precinct,3,1891,436,checked,,text
Boylston,2012,2012-05-14,total,,3014,488,single,"a single undivided town, or no precinct detail printed",text
Braintree,2012,,total,,,,no_election,the volume states no election was held this year,text
Brewster,2012,2012-05-22,total,,7955,1760,checked,precincts sum to both printed totals,text
Brewster,2012,2012-05-22,precinct,1,2684,663,checked,,text
Brewster,2012,2012-05-22,precinct,2,2652,600,checked,,text
Brewster,2012,2012-05-22,precinct,3,2619,497,checked,,text
Bridgewater,2012,2012-04-28,total,,14992,2197,checked,precincts sum to both printed totals,text
Bridgewater,2012,2012-04-28,precinct,1,2843,479,checked,,text
Bridgewater,2012,2012-04-28,precinct,2,2595,452,checked,,text
Bridgewater,2012,2012-04-28,precinct,3,2852,400,checked,,text
Bridgewater,2012,2012-04-28,precinct,4,1278,171,checked,,text
Bridgewater,2012,2012-04-28,precinct,5,790,138,checked,,text
Bridgewater,2012,2012-04-28,precinct,6,2164,193,checked,,text
Bridgewater,2012,2012-04-28,precinct,7,2470,364,checked,,text
Brimfield,2012,2012-06-04,total,,2504,701,single,"a single undivided town, or no precinct detail printed",text
Brookfield,2012,2012-05-07,total,,2156,438,single,"a single undivided town, or no precinct detail printed",text
Brookline,2012,2012-05-01,total,,37445,3011,checked,precincts sum to both printed totals,text
Brookline,2012,2012-05-01,precinct,1,2273,218,checked,,text
Brookline,2012,2012-05-01,precinct,2,1757,84,checked,,text
Brookline,2012,2012-05-01,precinct,3,2341,102,checked,,text
Brookline,2012,2012-05-01,precinct,4,2296,223,checked,,text
Brookline,2012,2012-05-01,precinct,5,2540,223,checked,,text
Brookline,2012,2012-05-01,precinct,6,2306,291,checked,,text
Brookline,2012,2012-05-01,precinct,7,2346,139,checked,,text
Brookline,2012,2012-05-01,precinct,8,2306,107,checked,,text
Brookline,2012,2012-05-01,precinct,9,2337,190,checked,,text
Brookline,2012,2012-05-01,precinct,10,2418,73,checked,,text
Brookline,2012,2012-05-01,precinct,11,2477,163,checked,,text
Brookline,2012,2012-05-01,precinct,12,2791,242,checked,,text
Brookline,2012,2012-05-01,precinct,13,2428,415,checked,,text
Brookline,2012,2012-05-01,precinct,14,2354,172,checked,,text
Brookline,2012,2012-05-01,precinct,15,2465,155,checked,,text
Brookline,2012,2012-05-01,precinct,16,2010,214,checked,,text
Buckland,2012,2012-05-07,total,,1205,52,single,"a single undivided town, or no precinct detail printed",text
Burlington,2012,2012-04-14,total,,15160,2921,checked,precincts sum to both printed totals,text
Burlington,2012,2012-04-14,precinct,1,2522,461,checked,,text
Burlington,2012,2012-04-14,precinct,2,1576,233,checked,,text
Burlington,2012,2012-04-14,precinct,3,2216,538,checked,,text
Burlington,2012,2012-04-14,precinct,4,2016,390,checked,,text
Burlington,2012,2012-04-14,precinct,5,2390,503,checked,,text
Burlington,2012,2012-04-14,precinct,6,2366,476,checked,,text
Burlington,2012,2012-04-14,precinct,7,2074,320,checked,,text
Canton,2012,2012-04-03,total,,12906,1360,mismatch,"precincts sum to 12938 registered, the printed total says 12906",text
Canton,2012,2012-04-03,precinct,1,32,12,mismatch,,text
Canton,2012,2012-04-03,precinct,2,1964,182,mismatch,,text
Canton,2012,2012-04-03,precinct,2,2264,297,mismatch,,text
Canton,2012,2012-04-03,precinct,3,1942,149,mismatch,,text
Canton,2012,2012-04-03,precinct,4,2385,256,mismatch,,text
Canton,2012,2012-04-03,precinct,5,2251,254,mismatch,,text
Canton,2012,2012-04-03,precinct,6,2100,222,mismatch,,text
Carlisle,2012,2012-05-08,total,,3773,701,mismatch,"precincts sum to 20 registered, the printed total says 3773",text
Carlisle,2012,2012-05-08,precinct,1,20,12,mismatch,,text
Carver,2012,2012-04-28,total,,7981,1790,checked,precincts sum to both printed totals,text
Carver,2012,2012-04-28,precinct,1,2568,521,checked,,text
Carver,2012,2012-04-28,precinct,2,2628,590,checked,,text
Carver,2012,2012-04-28,precinct,3,2785,679,checked,,text
Charlemont,2012,2012-05-02,total,,821,217,mismatch,"precincts sum to 22 registered, the printed total says 821",text
Charlemont,2012,2012-05-02,precinct,1,22,12,mismatch,,text
Charlton,2012,2012-05-05,total,,9186,1091,mismatch,"precincts sum to 9206 registered, the printed total says 9186",text
Charlton,2012,2012-05-05,precinct,1,20,12,mismatch,,text
Charlton,2012,2012-05-05,precinct,2,2317,245,mismatch,,text
Charlton,2012,2012-05-05,precinct,2,2354,301,mismatch,,text
Charlton,2012,2012-05-05,precinct,3,2330,229,mismatch,,text
Charlton,2012,2012-05-05,precinct,4,2185,316,mismatch,,text
Chatham,2012,2012-05-01,total,,5407,1762,mismatch,"precincts sum to 72 registered, the printed total says 5407",text
Chatham,2012,2012-05-01,precinct,1,72,12,mismatch,,text
Chelmsford,2012,2012-04-03,total,,23627,6008,mismatch,"precincts sum to 23659 registered, the printed total says 23627",text
Chelmsford,2012,2012-04-03,precinct,1,32,12,mismatch,,text
Chelmsford,2012,2012-04-03,precinct,2,2685,737,mismatch,,text
Chelmsford,2012,2012-04-03,precinct,2,2536,405,mismatch,,text
Chelmsford,2012,2012-04-03,precinct,3,2578,673,mismatch,,text
Chelmsford,2012,2012-04-03,precinct,4,2426,471,mismatch,,text
Chelmsford,2012,2012-04-03,precinct,5,2600,627,mismatch,,text
Chelmsford,2012,2012-04-03,precinct,6,2777,771,mismatch,,text
Chelmsford,2012,2012-04-03,precinct,7,2723,878,mismatch,,text
Chelmsford,2012,2012-04-03,precinct,8,2593,712,mismatch,,text
Chelmsford,2012,2012-04-03,precinct,9,2709,734,mismatch,,text
Cheshire,2012,2012-05-07,total,,2030,429,mismatch,"precincts sum to 20 registered, the printed total says 2030",text
Cheshire,2012,2012-05-07,precinct,1,20,12,mismatch,,text
Chester,2012,2012-05-05,total,,850,275,mismatch,"precincts sum to 20 registered, the printed total says 850",text
Chester,2012,2012-05-05,precinct,1,20,12,mismatch,,text
Chesterfield,2012,2012-05-07,total,,844,70,mismatch,"precincts sum to 20 registered, the printed total says 844",text
Chesterfield,2012,2012-05-07,precinct,1,20,12,mismatch,,text
Chilmark,2012,2012-04-25,total,,878,261,single,"a single undivided town, or no precinct detail printed",text
Clarkshnrg,2012,2012-05-15,total,,1066,285,mismatch,"precincts sum to 152 registered, the printed total says 1066",text
Clarkshnrg,2012,2012-05-15,precinct,1,152,12,mismatch,,text
Cummington,2012,2012-05-15,total,,,,no_total,no TOTALS row was read,text
Cummington,2012,2012-05-15,precinct,1,638,51,no_total,,text
Dartmouth,2012,2012-04-03,total,,22714,7785,checked,precincts sum to both printed totals; the TOTALS label was unreadable and was identified by the sum,text
Dartmouth,2012,2012-04-03,precinct,1,2725,570,checked,,text
Dartmouth,2012,2012-04-03,precinct,2,1875,528,checked,,text
Dartmouth,2012,2012-04-03,precinct,3,1641,0,checked,,text
Dartmouth,2012,2012-04-03,precinct,4,2458,583,checked,,text
Dartmouth,2012,2012-04-03,precinct,5,2807,936,checked,,text
Dartmouth,2012,2012-04-03,precinct,6,2463,812,checked,,text
Dartmouth,2012,2012-04-03,precinct,7,2656,1128,checked,,text
Dartmouth,2012,2012-04-03,precinct,8,2983,1742,checked,,text
Dartmouth,2012,2012-04-03,precinct,9,3106,1486,checked,,text
Deerfield,2012,2012-05-07,total,,3486,501,mismatch,"precincts sum to 720 registered, the printed total says 3486",text
Deerfield,2012,2012-05-07,precinct,1,720,12,mismatch,,text
Dennis,2012,2012-05-15,total,,11372,1778,mismatch,"precincts sum to 11524 registered, the printed total says 11372",text
Dennis,2012,2012-05-15,precinct,1,152,12,mismatch,,text
Dennis,2012,2012-05-15,precinct,2,2410,517,mismatch,,text
Dennis,2012,2012-05-15,precinct,2,2482,498,mismatch,,text
Dennis,2012,2012-05-15,precinct,3,2084,208,mismatch,,text
Dennis,2012,2012-05-15,precinct,4,2315,302,mismatch,,text
Dennis,2012,2012-05-15,precinct,5,2081,253,mismatch,,text
Dighton,2012,2012-04-07,total,,4698,686,mismatch,"precincts sum to 4770 registered, the printed total says 4698",text
Dighton,2012,2012-04-07,precinct,1,72,12,mismatch,,text
Dighton,2012,2012-04-07,precinct,2,2360,315,mismatch,,text
Dighton,2012,2012-04-07,precinct,2,2338,371,mismatch,,text
Douglas,2012,2012-05-08,total,,5988,688,mismatch,"precincts sum to 6808 registered, the printed total says 5988",text
Douglas,2012,2012-05-08,precinct,1,820,12,mismatch,,text
Douglas,2012,2012-05-08,precinct,2,1985,234,mismatch,,text
Douglas,2012,2012-05-08,precinct,2,2075,223,mismatch,,text
Douglas,2012,2012-05-08,precinct,3,1928,231,mismatch,,text
Dover,2012,2012-05-21,total,,3780,197,mismatch,"precincts sum to 212 registered, the printed total says 3780",text
Dover,2012,2012-05-21,precinct,1,212,12,mismatch,,text
Dracut,2012,2012-05-07,total,,19285,3220,mismatch,"precincts sum to 20005 registered, the printed total says 19285",text
Dracut,2012,2012-05-07,precinct,1,720,12,mismatch,,text
Dracut,2012,2012-05-07,precinct,2,1787,224,mismatch,,text
Dracut,2012,2012-05-07,precinct,2,1915,228,mismatch,,text
Dracut,2012,2012-05-07,precinct,3,2267,472,mismatch,,text
Dracut,2012,2012-05-07,precinct,4,2325,358,mismatch,,text
Dracut,2012,2012-05-07,precinct,5,2039,355,mismatch,,text
Dracut,2012,2012-05-07,precinct,6,2167,339,mismatch,,text
Dracut,2012,2012-05-07,precinct,7,1937,224,mismatch,,text
Dracut,2012,2012-05-07,precinct,8,89,31,mismatch,,text
Dracut,2012,2012-05-07,precinct,8,2542,533,mismatch,,text
Dracut,2012,2012-05-07,precinct,9,2217,456,mismatch,,text
Dudley,2012,2012-05-07,total,,6871,620,mismatch,"precincts sum to 7591 registered, the printed total says 6871",text
Dudley,2012,2012-05-07,precinct,1,720,12,mismatch,,text
Dudley,2012,2012-05-07,precinct,2,2591,256,mismatch,,text
Dudley,2012,2012-05-07,precinct,2,2290,196,mismatch,,text
Dudley,2012,2012-05-07,precinct,3,1990,168,mismatch,,text
Dunstable,2012,2012-05-17,total,,2152,171,no_election,the volume states no election was held this year,text
Dunstable,2012,2012-05-17,precinct,1,172,12,no_election,,text
Duxbury,2012,,total,,10984,1059,checked,precincts sum to both printed totals,text
Duxbury,2012,,precinct,1,1978,209,checked,,text
Duxbury,2012,,precinct,2,1874,284,checked,,text
Duxbury,2012,,precinct,3,1700,181,checked,,text
Duxbury,2012,,precinct,4,1817,141,checked,,text
Duxbury,2012,,precinct,5,1816,116,checked,,text
Duxbury,2012,,precinct,6,1799,128,checked,,text
East Bridgewater,2012,2012-04-07,total,,8462,1221,mismatch,"precincts sum to 8534 registered, the printed total says 8462",text
East Bridgewater,2012,2012-04-07,precinct,1,72,12,mismatch,,text
East Bridgewater,2012,2012-04-07,precinct,2,2065,253,mismatch,,text
East Bridgewater,2012,2012-04-07,precinct,2,2147,269,mismatch,,text
East Bridgewater,2012,2012-04-07,precinct,3,2267,368,mismatch,,text
East Bridgewater,2012,2012-04-07,precinct,4,1983,331,mismatch,,text
East Brookfield,2012,2012-05-08,total,,1462,104,mismatch,"precincts sum to 820 registered, the printed total says 1462",text
East Brookfield,2012,2012-05-08,precinct,1,820,12,mismatch,,text
East L,2012,2012-04-10,total,,11070,1783,checked,precincts sum to both printed totals; the TOTALS label was unreadable and was identified by the sum,text
East L,2012,2012-04-10,precinct,1,2830,495,checked,,text
East L,2012,2012-04-10,precinct,2,2637,402,checked,,text
East L,2012,2012-04-10,precinct,3,2720,425,checked,,text
East L,2012,2012-04-10,precinct,4,2883,461,checked,,text
Eastham,2012,2012-05-15,total,,,,no_total,no TOTALS row was read,text
Eastham,2012,2012-05-15,precinct,1,152,12,no_total,,text
Eastham,2012,2012-05-15,precinct,2,4121,400,no_total,,text
Easthampton,2012,,total,,,,no_election,the volume states no election was held this year,text
Easton,2012,2012-04-24,total,,15179,1541,checked,precincts sum to both printed totals; the TOTALS label was unreadable and was identified by the sum,text
Easton,2012,2012-04-24,precinct,1,1389,158,checked,,text
Easton,2012,2012-04-24,precinct,2,2817,403,checked,,text
Easton,2012,2012-04-24,precinct,3,2701,167,checked,,text
Easton,2012,2012-04-24,precinct,4,2761,391,checked,,text
Easton,2012,2012-04-24,precinct,5,2828,239,checked,,text
Easton,2012,2012-04-24,precinct,6,2683,183,checked,,text
Edgartown,2012,2012-04-12,total,,,,no_total,no TOTALS row was read,text
Edgartown,2012,2012-04-12,precinct,1,3162,706,no_total,,text
Egremont,2012,2012-05-08,total,,,,no_total,no TOTALS row was read,text
Egremont,2012,2012-05-08,precinct,1,820,12,no_total,,text
Egremont,2012,2012-05-08,precinct,2,924,487,no_total,,text
Erving,2012,2012-05-07,total,,,,no_total,no TOTALS row was read,text
Erving,2012,2012-05-07,precinct,1,720,12,no_total,,text
Erving,2012,2012-05-07,precinct,2,1076,233,no_total,,text
Essex,2012,2012-05-14,total,,,,no_total,no TOTALS row was read,text
Essex,2012,2012-05-14,precinct,1,142,12,no_total,,text
Essex,2012,2012-05-14,precinct,2,2256,468,no_total,,text
Fairhaven,2012,2012-04-02,total,,,,no_total,no TOTALS row was read,text
Fairhaven,2012,2012-04-02,precinct,1,22,12,no_total,,text
Fairhaven,2012,2012-04-02,precinct,2,1864,481,no_total,,text
Fairhaven,2012,2012-04-02,precinct,3,1824,404,no_total,,text
Fairhaven,2012,2012-04-02,precinct,4,1505,339,no_total,,text
Fairhaven,2012,2012-04-02,precinct,5,1916,449,no_total,,text
Fairhaven,2012,2012-04-02,precinct,6,1972,636,no_total,,text
Fairhaven,2012,2012-04-02,precinct,7,1721,483,no_total,,text
Fairhaven,2012,2012-04-02,precinct,8,10802,2792,no_total,,text
Falmouth,2012,2012-05-15,total,,,,no_total,no TOTALS row was read,text
Falmouth,2012,2012-05-15,precinct,1,152,12,no_total,,text
Falmouth,2012,2012-05-15,precinct,2,2931,997,no_total,,text
Falmouth,2012,2012-05-15,precinct,3,2707,710,no_total,,text
Falmouth,2012,2012-05-15,precinct,4,2708,523,no_total,,text
Falmouth,2012,2012-05-15,precinct,5,2760,641,no_total,,text
Falmouth,2012,2012-05-15,precinct,6,2913,641,no_total,,text
Falmouth,2012,2012-05-15,precinct,7,2856,676,no_total,,text
Falmouth,2012,2012-05-15,precinct,8,2606,420,no_total,,text
Falmouth,2012,2012-05-15,precinct,9,2599,421,no_total,,text
Falmouth,2012,2012-05-15,precinct,10,2525,466,no_total,,text
Falmouth,2012,2012-05-15,precinct,11,24605,5495,no_total,,text
Florida,2012,2012-05-07,total,,,,no_total,no TOTALS row was read,text
Florida,2012,2012-05-07,precinct,1,720,12,no_total,,text
Florida,2012,2012-05-07,precinct,2,541,38,no_total,,text
Foxborough,2012,2012-05-07,total,,,,no_total,no TOTALS row was read,text
Foxborough,2012,2012-05-07,precinct,1,720,12,no_total,,text
Foxborough,2012,2012-05-07,precinct,2,1945,941,no_total,,text
Foxborough,2012,2012-05-07,precinct,3,2321,1405,no_total,,text
Foxborough,2012,2012-05-07,precinct,4,2236,1360,no_total,,text
Foxborough,2012,2012-05-07,precinct,5,2262,1330,no_total,,text
Foxborough,2012,2012-05-07,precinct,6,2004,1160,no_total,,text
Foxborough,2012,2012-05-07,precinct,7,10768,6196,no_total,,text
Framingham,2012,2012-04-03,total,,34942,3507,checked,precincts sum to both printed totals,text
Framingham,2012,2012-04-03,precinct,1,2743,364,checked,,text
Framingham,2012,2012-04-03,precinct,2,2623,314,checked,,text
Framingham,2012,2012-04-03,precinct,3,2254,226,checked,,text
Framingham,2012,2012-04-03,precinct,4,2592,416,checked,,text
Framingham,2012,2012-04-03,precinct,5,2523,287,checked,,text
Framingham,2012,2012-04-03,precinct,6,2499,273,checked,,text
Framingham,2012,2012-04-03,precinct,7,2274,269,checked,,text
Framingham,2012,2012-04-03,precinct,8,2290,201,checked,,text
Framingham,2012,2012-04-03,precinct,9,1785,110,checked,,text
Framingham,2012,2012-04-03,precinct,10,1570,68,checked,,text
Framingham,2012,2012-04-03,precinct,11,2728,364,checked,,text
Framingham,2012,2012-04-03,precinct,12,1331,119,checked,,text
Framingham,2012,2012-04-03,precinct,13,1837,150,checked,,text
Framingham,2012,2012-04-03,precinct,14,1331,92,checked,,text
Framingham,2012,2012-04-03,precinct,15,1470,123,checked,,text
Framingham,2012,2012-04-03,precinct,16,822,45,checked,,text
Framingham,2012,2012-04-03,precinct,17,975,26,checked,,text
Framingham,2012,2012-04-03,precinct,18,1295,60,checked,,text
Franklin,2012,,total,,,,no_election,the volume states no election was held this year,text
Freetown,2012,2012-04-02,total,,5671,723,checked,precincts sum to both printed totals,text
Freetown,2012,2012-04-02,precinct,1,1877,238,checked,,text
Freetown,2012,2012-04-02,precinct,2,1892,263,checked,,text
Freetown,2012,2012-04-02,precinct,3,1902,222,checked,,text
Georgetown,2012,2012-05-14,total,,5997,449,checked,precincts sum to both printed totals,text
Georgetown,2012,2012-05-14,precinct,1,2216,164,checked,,text
Georgetown,2012,2012-05-14,precinct,2,1919,152,checked,,text
Georgetown,2012,2012-05-14,precinct,3,1862,133,checked,,text
Gill,2012,2012-05-21,total,,1025,325,single,"a single undivided town, or no precinct detail printed",text
Goshen,2012,2012-05-05,total,,710,134,single,"a single undivided town, or no precinct detail printed",text
Gosnold,2012,2012-05-21,total,,148,60,single,"a single undivided town, or no precinct detail printed",text
Grafton,2012,2012-05-15,total,,11828,1791,checked,precincts sum to both printed totals,text
Grafton,2012,2012-05-15,precinct,1,2616,318,checked,,text
Grafton,2012,2012-05-15,precinct,2,2398,386,checked,,text
Grafton,2012,2012-05-15,precinct,3,2175,349,checked,,text
Grafton,2012,2012-05-15,precinct,4,2083,283,checked,,text
Grafton,2012,2012-05-15,precinct,5,2556,455,checked,,text
Granby,2012,2012-05-21,total,,4420,342,checked,precincts sum to both printed totals,text
Granby,2012,2012-05-21,precinct,1,2318,197,checked,,text
Granby,2012,2012-05-21,precinct,2,2102,145,checked,,text
Granville,2012,2012-04-09,total,,1139,205,single,"a single undivided town, or no precinct detail printed",text
Great Barrington,2012,2012-05-17,total,,4307,482,checked,precincts sum to both printed totals,text
Great Barrington,2012,2012-05-17,precinct,1,1158,119,checked,,text
Great Barrington,2012,2012-05-17,precinct,B,1170,112,checked,,text
Great Barrington,2012,2012-05-17,precinct,C,832,72,checked,,text
Great Barrington,2012,2012-05-17,precinct,D,1147,179,checked,,text
Greenfield,2012,2012-06-12,total,,11130,1236,checked,precincts sum to both printed totals; the TOTALS label was unreadable and was identified by the sum,text
Greenfield,2012,2012-06-12,precinct,1,1271,137,checked,,text
Greenfield,2012,2012-06-12,precinct,2,1401,177,checked,,text
Greenfield,2012,2012-06-12,precinct,3,1210,134,checked,,text
Greenfield,2012,2012-06-12,precinct,4,1317,175,checked,,text
Greenfield,2012,2012-06-12,precinct,5,1329,175,checked,,text
Greenfield,2012,2012-06-12,precinct,6,1254,148,checked,,text
Greenfield,2012,2012-06-12,precinct,7,1187,109,checked,,text
Greenfield,2012,2012-06-12,precinct,8,1133,69,checked,,text
Greenfield,2012,2012-06-12,precinct,9,1028,112,checked,,text
Hampden,2012,2012-05-07,total,,,,no_total,no TOTALS row was read,text
Hampden,2012,2012-05-07,precinct,1,3712,83,no_total,,text
Hancock,2012,2012-05-14,total,,,,no_total,no TOTALS row was read,text
Hancock,2012,2012-05-14,precinct,1,505,136,no_total,,text
Hardwick,2012,2012-04-09,total,,,,no_total,no TOTALS row was read,text
Hardwick,2012,2012-04-09,precinct,1,1704,164,no_total,,text
Harwich,2012,2012-05-15,total,,10142,1286,checked,precincts sum to both printed totals; the TOTALS label was unreadable and was identified by the sum,text
Harwich,2012,2012-05-15,precinct,1,2669,362,checked,,text
Harwich,2012,2012-05-15,precinct,2,2525,402,checked,,text
Harwich,2012,2012-05-15,precinct,3,2553,277,checked,,text
Harwich,2012,2012-05-15,precinct,4,2395,245,checked,,text
Hatfield,2012,2012-05-15,total,,2457,644,single,"a single undivided town, or no precinct detail printed",text
Hawley,2012,2012-05-07,total,,237,160,single,"a single undivided town, or no precinct detail printed",text
Heath,2012,2012-05-11,total,,495,214,single,"a single undivided town, or no precinct detail printed",text
Hingham,2012,2012-04-28,total,,16153,3660,checked,precincts sum to both printed totals,text
Hingham,2012,2012-04-28,precinct,1,2469,508,checked,,text
Hingham,2012,2012-04-28,precinct,2,2747,592,checked,,text
Hingham,2012,2012-04-28,precinct,3,2753,691,checked,,text
Hingham,2012,2012-04-28,precinct,4,2666,618,checked,,text
Hingham,2012,2012-04-28,precinct,5,1905,418,checked,,text
Hingham,2012,2012-04-28,precinct,6,1047,252,checked,,text
Hingham,2012,2012-04-28,precinct,6,2566,581,checked,,text
Hinsdale,2012,2012-05-19,total,,1340,225,single,"a single undivided town, or no precinct detail printed",text
Holbrook,2012,2012-04-03,total,,6716,1401,checked,precincts sum to both printed totals,text
Holbrook,2012,2012-04-03,precinct,1,1661,351,checked,,text
Holbrook,2012,2012-04-03,precinct,2,1732,357,checked,,text
Holbrook,2012,2012-04-03,precinct,3,1707,381,checked,,text
Holbrook,2012,2012-04-03,precinct,4,1616,312,checked,,text
Holden,2012,2012-05-14,total,,12514,1970,checked,precincts sum to both printed totals,text
Holden,2012,2012-05-14,precinct,1,2584,386,checked,,text
Holden,2012,2012-05-14,precinct,2,2456,434,checked,,text
Holden,2012,2012-05-14,precinct,3,2363,418,checked,,text
Holden,2012,2012-05-14,precinct,4,2415,371,checked,,text
Holden,2012,2012-05-14,precinct,5,2696,361,checked,,text
Holland,2012,2012-06-11,total,,1677,260,single,"a single undivided town, or no precinct detail printed",text
Holliston,2012,2012-05-22,total,,10174,737,checked,precincts sum to both printed totals,text
Holliston,2012,2012-05-22,precinct,1,2777,222,checked,,text
Holliston,2012,2012-05-22,precinct,2,2596,190,checked,,text
Holliston,2012,2012-05-22,precinct,3,2411,145,checked,,text
Holliston,2012,2012-05-22,precinct,4,2390,180,checked,,text
Hopedale,2012,2012-05-08,total,,3774,163,single,"a single undivided town, or no precinct detail printed",text
Hopkinton,2012,2012-05-21,total,,9829,1830,checked,precincts sum to both printed totals,text
Hopkinton,2012,2012-05-21,precinct,1,2387,489,checked,,text
Hopkinton,2012,2012-05-21,precinct,2,2465,445,checked,,text
Hopkinton,2012,2012-05-21,precinct,3,2469,459,checked,,text
Hopkinton,2012,2012-05-21,precinct,4,2508,437,checked,,text
Hubbardston,2012,2012-06-12,total,,3044,1124,single,"a single undivided town, or no precinct detail printed",text
Hudson,2012,2012-05-14,total,,12457,2009,checked,precincts sum to both printed totals,text
Hudson,2012,2012-05-14,precinct,1,1882,328,checked,,text
Hudson,2012,2012-05-14,precinct,2,1619,252,checked,,text
Hudson,2012,2012-05-14,precinct,3,1941,401,checked,,text
Hudson,2012,2012-05-14,precinct,4,1901,290,checked,,text
Hudson,2012,2012-05-14,precinct,5,1948,319,checked,,text
Hudson,2012,2012-05-14,precinct,6,1515,209,checked,,text
Hudson,2012,2012-05-14,precinct,7,1651,210,checked,,text
Hull,2012,2012-05-21,total,,7535,1600,checked,precincts sum to both printed totals,text
Hull,2012,2012-05-21,precinct,1,2605,612,checked,,text
Hull,2012,2012-05-21,precinct,2,2391,482,checked,,text
Hull,2012,2012-05-21,precinct,3,2539,506,checked,,text
Huntington,2012,2012-05-19,total,,1381,95,single,"a single undivided town, or no precinct detail printed",text
Ipswich,2012,2012-05-15,total,,10098,2427,checked,precincts sum to both printed totals,text
Ipswich,2012,2012-05-15,precinct,1,2418,617,checked,,text
Ipswich,2012,2012-05-15,precinct,2,2737,792,checked,,text
Ipswich,2012,2012-05-15,precinct,3,2456,441,checked,,text
Ipswich,2012,2012-05-15,precinct,4,2487,577,checked,,text
June,2012,2012-06-11,total,,,,no_total,no TOTALS row was read,text
June,2012,2012-06-11,precinct,1,2336,128,no_total,,text
June,2012,2012-06-11,precinct,2,2180,199,no_total,,text
June,2012,2012-06-11,precinct,2,2079,429,no_total,,text
June,2012,2012-06-11,precinct,3,2158,138,no_total,,text
June,2012,2012-06-11,precinct,3,1783,380,no_total,,text
June,2012,2012-06-11,precinct,4,2263,202,no_total,,text
June,2012,2012-06-11,precinct,4,1912,368,no_total,,text
June,2012,2012-06-11,precinct,5,8937,667,no_total,,text
June,2012,2012-06-11,precinct,6,2234,436,no_total,,text
June,2012,2012-06-11,precinct,10,8008,1613,no_total,,text
June,2012,2012-06-11,precinct,11,574,246,no_total,,text
June,2012,2012-06-11,precinct,12,1112,120,no_total,,text
Kingston,2012,2012-04-10,total,,8593,2333,mismatch,"precincts sum to 65985 registered, the printed total says 8593",text
Kingston,2012,2012-04-10,precinct,1,1008,141,mismatch,,text
Kingston,2012,2012-04-10,precinct,2,1406,381,mismatch,,text
Kingston,2012,2012-04-10,precinct,2,2201,624,mismatch,,text
Kingston,2012,2012-04-10,precinct,3,1297,277,mismatch,,text
Kingston,2012,2012-04-10,precinct,3,2164,596,mismatch,,text
Kingston,2012,2012-04-10,precinct,4,1354,273,mismatch,,text
Kingston,2012,2012-04-10,precinct,4,2089,566,mismatch,,text
Kingston,2012,2012-04-10,precinct,5,1337,244,mismatch,,text
Kingston,2012,2012-04-10,precinct,6,1341,256,mismatch,,text
Kingston,2012,2012-04-10,precinct,7,1373,366,mismatch,,text
Kingston,2012,2012-04-10,precinct,8,1498,437,mismatch,,text
Kingston,2012,2012-04-10,precinct,9,1417,366,mismatch,,text
Kingston,2012,2012-04-10,precinct,10,1470,465,mismatch,,text
Kingston,2012,2012-04-10,precinct,11,1444,463,mismatch,,text
Kingston,2012,2012-04-10,precinct,12,1533,603,mismatch,,text
Kingston,2012,2012-04-10,precinct,13,1452,496,mismatch,,text
Kingston,2012,2012-04-10,precinct,14,1275,320,mismatch,,text
Kingston,2012,2012-04-10,precinct,15,1323,454,mismatch,,text
Kingston,2012,2012-04-10,precinct,16,1285,418,mismatch,,text
Kingston,2012,2012-04-10,precinct,17,1118,170,mismatch,,text
Kingston,2012,2012-04-10,precinct,18,1485,421,mismatch,,text
Kingston,2012,2012-04-10,precinct,19,1476,417,mismatch,,text
Kingston,2012,2012-04-10,precinct,20,1436,304,mismatch,,text
Kingston,2012,2012-04-10,precinct,21,1368,269,mismatch,,text
Kingston,2012,2012-04-10,precinct,22,28696,7541,mismatch,,text
Kingston,2012,2012-04-10,precinct,23,2139,547,mismatch,,text
Lakeville,2012,2012-04-02,total,,6971,943,checked,precincts sum to both printed totals,text
Lakeville,2012,2012-04-02,precinct,1,2231,334,checked,,text
Lakeville,2012,2012-04-02,precinct,2,2296,353,checked,,text
Lakeville,2012,2012-04-02,precinct,3,2444,256,checked,,text
Lancaster,2012,2012-05-14,total,,4637,401,checked,precincts sum to both printed totals,text
Lancaster,2012,2012-05-14,precinct,1,2275,218,checked,,text
Lancaster,2012,2012-05-14,precinct,2,2362,183,checked,,text
Lanesborough,2012,2012-06-19,total,,2123,156,single,"a single undivided town, or no precinct detail printed",text
Lee,2012,2012-05-14,total,,3823,1140,single,"a single undivided town, or no precinct detail printed",text
Leicester,2012,2012-06-12,total,,7281,1299,checked,precincts sum to both printed totals,text
Leicester,2012,2012-06-12,precinct,1,1893,345,checked,,text
Leicester,2012,2012-06-12,precinct,2,1732,254,checked,,text
Leicester,2012,2012-06-12,precinct,3,1849,309,checked,,text
Leicester,2012,2012-06-12,precinct,4,1807,391,checked,,text
Lenox,2012,2012-05-07,total,,3546,1091,single,"a single undivided town, or no precinct detail printed",text
Leverett,2012,2012-04-28,total,,1378,263,single,"a single undivided town, or no precinct detail printed",text
Lexington,2012,2012-03-06,total,,21520,5117,checked,precincts sum to both printed totals,text
Lexington,2012,2012-03-06,precinct,1,2135,410,checked,,text
Lexington,2012,2012-03-06,precinct,2,2503,569,checked,,text
Lexington,2012,2012-03-06,precinct,3,2127,524,checked,,text
Lexington,2012,2012-03-06,precinct,4,2514,579,checked,,text
Lexington,2012,2012-03-06,precinct,5,2646,555,checked,,text
Lexington,2012,2012-03-06,precinct,6,2482,600,checked,,text
Lexington,2012,2012-03-06,precinct,7,2415,571,checked,,text
Lexington,2012,2012-03-06,precinct,8,2328,679,checked,,text
Lexington,2012,2012-03-06,precinct,9,2370,630,checked,,text
Leyden,2012,2012-05-19,total,,536,214,single,"a single undivided town, or no precinct detail printed",text
Lincoln,2012,,total,,4224,353,checked,precincts sum to both printed totals,text
Lincoln,2012,,precinct,1,2468,230,checked,,text
Lincoln,2012,,precinct,2,1756,123,checked,,text
Littleton,2012,2012-05-12,total,,6145,1881,mismatch,"precincts sum to 6267 registered, the printed total says 6145",text
Littleton,2012,2012-05-12,precinct,1,122,12,mismatch,,text
Littleton,2012,2012-05-12,precinct,2,2120,621,mismatch,,text
Littleton,2012,2012-05-12,precinct,2,2149,636,mismatch,,text
Littleton,2012,2012-05-12,precinct,3,1876,624,mismatch,,text
Longmeadow,2012,2012-05-15,total,,11869,344,mismatch,"precincts sum to 12021 registered, the printed total says 11869",text
Longmeadow,2012,2012-05-15,precinct,1,152,12,mismatch,,text
Longmeadow,2012,2012-05-15,precinct,2,2366,71,mismatch,,text
Longmeadow,2012,2012-05-15,precinct,B,2112,56,mismatch,,text
Longmeadow,2012,2012-05-15,precinct,C,2533,56,mismatch,,text
Longmeadow,2012,2012-05-15,precinct,D,2469,75,mismatch,,text
Longmeadow,2012,2012-05-15,precinct,E,2389,86,mismatch,,text
Ludlow,2012,,total,,13208,2912,checked,precincts sum to both printed totals,text
Ludlow,2012,,precinct,1,2371,424,checked,,text
Ludlow,2012,,precinct,2,1941,354,checked,,text
Ludlow,2012,,precinct,3,2399,582,checked,,text
Ludlow,2012,,precinct,4,2250,587,checked,,text
Ludlow,2012,,precinct,5,1639,378,checked,,text
Ludlow,2012,,precinct,6,2608,587,checked,,text
Lunenburg,2012,2012-05-19,total,,7137,3374,mismatch,"precincts sum to 7329 registered, the printed total says 7137",text
Lunenburg,2012,2012-05-19,precinct,1,192,12,mismatch,,text
Lunenburg,2012,2012-05-19,precinct,2,1899,920,mismatch,,text
Lunenburg,2012,2012-05-19,precinct,B,1678,718,mismatch,,text
Lunenburg,2012,2012-05-19,precinct,C,1770,840,mismatch,,text
Lunenburg,2012,2012-05-19,precinct,D,1790,896,mismatch,,text
Lynnfield,2012,2012-04-09,total,,3823,1221,mismatch,"precincts sum to 9183 registered, the printed total says 3823",text
Lynnfield,2012,2012-04-09,precinct,1,92,12,mismatch,,text
Lynnfield,2012,2012-04-09,precinct,2,2331,510,mismatch,,text
Lynnfield,2012,2012-04-09,precinct,2,2102,313,mismatch,,text
Lynnfield,2012,2012-04-09,precinct,3,2255,403,mismatch,,text
Lynnfield,2012,2012-04-09,precinct,4,2403,552,mismatch,,text
Mansfield,2012,2012-05-08,total,,14506,840,mismatch,"precincts sum to 15326 registered, the printed total says 14506",text
Mansfield,2012,2012-05-08,precinct,1,820,12,mismatch,,text
Mansfield,2012,2012-05-08,precinct,2,2533,168,mismatch,,text
Mansfield,2012,2012-05-08,precinct,2,2505,155,mismatch,,text
Mansfield,2012,2012-05-08,precinct,3,2509,158,mismatch,,text
Mansfield,2012,2012-05-08,precinct,4,2376,130,mismatch,,text
Mansfield,2012,2012-05-08,precinct,5,2218,101,mismatch,,text
Mansfield,2012,2012-05-08,precinct,6,2365,128,mismatch,,text
Marblehead,2012,2012-05-14,total,,1797,,mismatch,"precincts sum to 14781 registered, the printed total says 1797",text
Marblehead,2012,2012-05-14,precinct,1,142,12,mismatch,,text
Marblehead,2012,2012-05-14,precinct,2,2561,363,mismatch,,text
Marblehead,2012,2012-05-14,precinct,2,2524,372,mismatch,,text
Marblehead,2012,2012-05-14,precinct,3,2280,263,mismatch,,text
Marblehead,2012,2012-05-14,precinct,4,2526,274,mismatch,,text
Marblehead,2012,2012-05-14,precinct,5,2373,220,mismatch,,text
Marblehead,2012,2012-05-14,precinct,6,2375,305,mismatch,,text
March,2012,2012-03-06,total,,,,no_total,no TOTALS row was read,text
March,2012,2012-03-06,precinct,1,2495,622,no_total,,text
March,2012,2012-03-06,precinct,2,2647,609,no_total,,text
March,2012,2012-03-06,precinct,2,2043,322,no_total,,text
March,2012,2012-03-06,precinct,2,2336,421,no_total,,text
March,2012,2012-03-06,precinct,2,2270,634,no_total,,text
March,2012,2012-03-06,precinct,3,2678,634,no_total,,text
March,2012,2012-03-06,precinct,3,2138,317,no_total,,text
March,2012,2012-03-06,precinct,3,2383,746,no_total,,text
March,2012,2012-03-06,precinct,4,2756,696,no_total,,text
March,2012,2012-03-06,precinct,4,1939,260,no_total,,text
March,2012,2012-03-06,precinct,4,2342,713,no_total,,text
March,2012,2012-03-06,precinct,5,1799,370,no_total,,text
March,2012,2012-03-06,precinct,5,2352,617,no_total,,text
March,2012,2012-03-06,precinct,6,12375,2931,no_total,,text
March,2012,2012-03-06,precinct,7,1971,399,no_total,,text
March,2012,2012-03-06,precinct,11,8091,1298,no_total,,text
March,2012,2012-03-06,precinct,12,2290,447,no_total,,text
March,2012,2012-03-06,precinct,14,4626,868,no_total,,text
March,2012,2012-03-06,precinct,15,939,150,no_total,,text
March,2012,2012-03-06,precinct,16,2496,690,no_total,,text
March,2012,2012-03-06,precinct,21,11843,3400,no_total,,text
Marion,2012,2012-05-25,total,,3671,808,mismatch,"precincts sum to 252 registered, the printed total says 3671",text
Marion,2012,2012-05-25,precinct,1,252,12,mismatch,,text
Mattapoisett,2012,2012-05-22,total,,,,no_total,no TOTALS row was read,text
Mattapoisett,2012,2012-05-22,precinct,1,4559,357,no_total,,text
May,2012,2012-05-05,total,,,,no_total,no TOTALS row was read,text
May,2012,2012-05-05,precinct,1,1266,337,no_total,,text
May,2012,2012-05-05,precinct,2,2032,306,no_total,,text
May,2012,2012-05-05,precinct,2,1945,322,no_total,,text
May,2012,2012-05-05,precinct,2,2334,435,no_total,,text
May,2012,2012-05-05,precinct,2,2651,606,no_total,,text
May,2012,2012-05-05,precinct,2,2072,284,no_total,,text
May,2012,2012-05-05,precinct,2,2282,221,no_total,,text
May,2012,2012-05-05,precinct,2,2473,365,no_total,,text
May,2012,2012-05-05,precinct,2,2227,594,no_total,,text
May,2012,2012-05-05,precinct,2,2567,111,no_total,,text
May,2012,2012-05-05,precinct,2,2343,215,no_total,,text
May,2012,2012-05-05,precinct,2,2373,677,no_total,,text
May,2012,2012-05-05,precinct,2,1878,154,no_total,,text
May,2012,2012-05-05,precinct,2,2191,384,no_total,,text
May,2012,2012-05-05,precinct,2,2179,421,no_total,,text
May,2012,2012-05-05,precinct,2,2626,89,no_total,,text
May,2012,2012-05-05,precinct,2,2046,78,no_total,,text
May,2012,2012-05-05,precinct,2,1939,790,no_total,,text
May,2012,2012-05-05,precinct,2,1765,197,no_total,,text
May,2012,2012-05-05,precinct,2,2878,621,no_total,,text
May,2012,2012-05-05,precinct,2,2261,255,no_total,,text
May,2012,2012-05-05,precinct,2,1976,57,no_total,,text
May,2012,2012-05-05,precinct,3,2021,269,no_total,,text
May,2012,2012-05-05,precinct,3,2384,351,no_total,,text
May,2012,2012-05-05,precinct,3,2114,186,no_total,,text
May,2012,2012-05-05,precinct,3,2389,476,no_total,,text
May,2012,2012-05-05,precinct,3,2278,190,no_total,,text
May,2012,2012-05-05,precinct,3,2163,462,no_total,,text
May,2012,2012-05-05,precinct,3,1812,105,no_total,,text
May,2012,2012-05-05,precinct,3,2228,434,no_total,,text
May,2012,2012-05-05,precinct,3,2230,106,no_total,,text
May,2012,2012-05-05,precinct,3,2043,903,no_total,,text
May,2012,2012-05-05,precinct,3,1980,233,no_total,,text
May,2012,2012-05-05,precinct,3,1871,29,no_total,,text
May,2012,2012-05-05,precinct,4,2129,196,no_total,,text
May,2012,2012-05-05,precinct,4,2209,371,no_total,,text
May,2012,2012-05-05,precinct,4,2223,268,no_total,,text
May,2012,2012-05-05,precinct,4,2258,168,no_total,,text
May,2012,2012-05-05,precinct,4,1912,132,no_total,,text
May,2012,2012-05-05,precinct,4,2311,472,no_total,,text
May,2012,2012-05-05,precinct,4,2136,88,no_total,,text
May,2012,2012-05-05,precinct,4,1943,233,no_total,,text
May,2012,2012-05-05,precinct,5,2027,318,no_total,,text
May,2012,2012-05-05,precinct,5,2188,370,no_total,,text
May,2012,2012-05-05,precinct,5,2407,359,no_total,,text
May,2012,2012-05-05,precinct,5,2360,200,no_total,,text
May,2012,2012-05-05,precinct,6,2390,337,no_total,,text
May,2012,2012-05-05,precinct,7,10154,1411,no_total,,text
May,2012,2012-05-05,precinct,7,2265,303,no_total,,text
May,2012,2012-05-05,precinct,8,2324,420,no_total,,text
May,2012,2012-05-05,precinct,8,2122,160,no_total,,text
May,2012,2012-05-05,precinct,B,2489,234,no_total,,text
May,2012,2012-05-05,precinct,C,2484,302,no_total,,text
May,2012,2012-05-05,precinct,D,2620,364,no_total,,text
May,2012,2012-05-05,precinct,13,11439,1947,no_total,,text
May,2012,2012-05-05,precinct,14,2773,674,no_total,,text
May,2012,2012-05-05,precinct,16,5424,1280,no_total,,text
May,2012,2012-05-05,precinct,17,1132,220,no_total,,text
May,2012,2012-05-05,precinct,18,418,,no_total,,text
May,2012,2012-05-05,precinct,19,2104,350,no_total,,text
May,2012,2012-05-05,precinct,21,4176,634,no_total,,text
May,2012,2012-05-05,precinct,22,2259,216,no_total,,text
May,2012,2012-05-05,precinct,30,18062,2050,no_total,,text
May,2012,2012-05-05,precinct,31,2460,548,no_total,,text
May,2012,2012-05-05,precinct,34,7322,1389,no_total,,text
May,2012,2012-05-05,precinct,35,2336,606,no_total,,text
May,2012,2012-05-05,precinct,37,4563,1200,no_total,,text
May,2012,2012-05-05,precinct,38,2668,124,no_total,,text
May,2012,2012-05-05,precinct,40,5235,235,no_total,,text
May,2012,2012-05-05,precinct,41,2182,204,no_total,,text
May,2012,2012-05-05,precinct,45,9061,777,no_total,,text
May,2012,2012-05-05,precinct,46,2168,511,no_total,,text
May,2012,2012-05-05,precinct,49,6704,1650,no_total,,text
May,2012,2012-05-05,precinct,50,4068,1554,no_total,,text
May,2012,2012-05-05,precinct,51,2152,195,no_total,,text
May,2012,2012-05-05,precinct,56,10114,786,no_total,,text
May,2012,2012-05-05,precinct,57,2143,306,no_total,,text
May,2012,2012-05-05,precinct,61,8873,1596,no_total,,text
May,2012,2012-05-05,precinct,62,4171,398,no_total,,text
May,2012,2012-05-05,precinct,63,2247,365,no_total,,text
May,2012,2012-05-05,precinct,65,4426,786,no_total,,text
May,2012,2012-05-05,precinct,66,2642,75,no_total,,text
May,2012,2012-05-05,precinct,68,5268,164,no_total,,text
May,2012,2012-05-05,precinct,69,1298,135,no_total,,text
May,2012,2012-05-05,precinct,70,5257,2169,no_total,,text
May,2012,2012-05-05,precinct,71,1092,101,no_total,,text
May,2012,2012-05-05,precinct,72,2242,112,no_total,,text
May,2012,2012-05-05,precinct,76,8654,384,no_total,,text
May,2012,2012-05-05,precinct,77,3064,620,no_total,,text
May,2012,2012-05-05,precinct,78,973,99,no_total,,text
May,2012,2012-05-05,precinct,79,2239,1076,no_total,,text
May,2012,2012-05-05,precinct,82,6221,2769,no_total,,text
May,2012,2012-05-05,precinct,83,1946,233,no_total,,text
May,2012,2012-05-05,precinct,87,7634,896,no_total,,text
May,2012,2012-05-05,precinct,88,2839,704,no_total,,text
May,2012,2012-05-05,precinct,90,5717,1325,no_total,,text
May,2012,2012-05-05,precinct,91,2507,237,no_total,,text
May,2012,2012-05-05,precinct,93,4768,492,no_total,,text
May,2012,2012-05-05,precinct,94,2108,65,no_total,,text
May,2012,2012-05-05,precinct,97,5955,151,no_total,,text
May,2012,2012-05-05,precinct,98,4052,952,no_total,,text
May,2012,2012-05-05,precinct,99,3748,668,no_total,,text
May,2012,2012-05-05,precinct,100,7800,1620,no_total,,text
May,2012,2012-05-05,precinct,101,2528,291,no_total,,text
May,2012,2012-05-05,precinct,105,10121,1191,no_total,,text
Maynard,2012,2012-05-01,total,,7075,301,checked,precincts sum to both printed totals; the TOTALS label was unreadable and was identified by the sum,text
Maynard,2012,2012-05-01,precinct,1,1735,91,checked,,text
Maynard,2012,2012-05-01,precinct,2,1821,67,checked,,text
Maynard,2012,2012-05-01,precinct,3,1764,61,checked,,text
Maynard,2012,2012-05-01,precinct,4,1755,82,checked,,text
Methuen,2012,,total,,,,no_election,the volume states no election was held this year,text
Middleborough,2012,2012-04-07,total,,15497,1570,checked,precincts sum to both printed totals; the TOTALS label was unreadable and was identified by the sum,text
Middleborough,2012,2012-04-07,precinct,1,3031,362,checked,,text
Middleborough,2012,2012-04-07,precinct,2,2359,227,checked,,text
Middleborough,2012,2012-04-07,precinct,3,2656,269,checked,,text
Middleborough,2012,2012-04-07,precinct,4,2263,196,checked,,text
Middleborough,2012,2012-04-07,precinct,5,2760,301,checked,,text
Middleborough,2012,2012-04-07,precinct,6,2428,215,checked,,text
Middlefield,2012,2012-05-05,total,,,,no_total,no TOTALS row was read,text
Middlefield,2012,2012-05-05,precinct,1,347,140,no_total,,text
Milford,2012,2012-04-02,total,,16860,2954,mismatch,"precincts sum to 16882 registered, the printed total says 16860",text
Milford,2012,2012-04-02,precinct,1,22,12,mismatch,,text
Milford,2012,2012-04-02,precinct,2,1655,289,mismatch,,text
Milford,2012,2012-04-02,precinct,2,1985,370,mismatch,,text
Milford,2012,2012-04-02,precinct,3,1883,332,mismatch,,text
Milford,2012,2012-04-02,precinct,4,1851,265,mismatch,,text
Milford,2012,2012-04-02,precinct,5,2709,537,mismatch,,text
Milford,2012,2012-04-02,precinct,6,2155,444,mismatch,,text
Milford,2012,2012-04-02,precinct,7,2218,305,mismatch,,text
Milford,2012,2012-04-02,precinct,8,2404,412,mismatch,,text
Millbury,2012,2012-04-24,total,,8829,3480,checked,precincts sum to both printed totals,text
Millbury,2012,2012-04-24,precinct,1,2157,774,checked,,text
Millbury,2012,2012-04-24,precinct,2,2394,1086,checked,,text
Millbury,2012,2012-04-24,precinct,3,2280,802,checked,,text
Millbury,2012,2012-04-24,precinct,4,1998,818,checked,,text
Millis,2012,2012-05-07,total,,5459,924,mismatch,"precincts sum to 6179 registered, the printed total says 5459",text
Millis,2012,2012-05-07,precinct,1,720,12,mismatch,,text
Millis,2012,2012-05-07,precinct,2,1828,309,mismatch,,text
Millis,2012,2012-05-07,precinct,2,1783,294,mismatch,,text
Millis,2012,2012-05-07,precinct,3,1848,321,mismatch,,text
Millville,2012,2012-04-02,total,,1956,277,mismatch,"precincts sum to 22 registered, the printed total says 1956",text
Millville,2012,2012-04-02,precinct,1,22,12,mismatch,,text
Milton,2012,2012-05-24,total,,17688,6374,mismatch,"precincts sum to 29078 registered, the printed total says 17688",text
Milton,2012,2012-05-24,precinct,1,1959,260,mismatch,,text
Milton,2012,2012-05-24,precinct,2,1959,202,mismatch,,text
Milton,2012,2012-05-24,precinct,2,1883,747,mismatch,,text
Milton,2012,2012-05-24,precinct,3,1777,193,mismatch,,text
Milton,2012,2012-05-24,precinct,3,1901,660,mismatch,,text
Milton,2012,2012-05-24,precinct,4,5695,655,mismatch,,text
Milton,2012,2012-05-24,precinct,4,1820,655,mismatch,,text
Milton,2012,2012-05-24,precinct,5,1707,430,mismatch,,text
Milton,2012,2012-05-24,precinct,5,1473,527,mismatch,,text
Milton,2012,2012-05-24,precinct,6,1968,742,mismatch,,text
Milton,2012,2012-05-24,precinct,7,1788,698,mismatch,,text
Milton,2012,2012-05-24,precinct,8,1910,751,mismatch,,text
Milton,2012,2012-05-24,precinct,9,1982,842,mismatch,,text
Milton,2012,2012-05-24,precinct,10,1256,322,mismatch,,text
Monroe,2012,2012-05-07,total,,69,16,mismatch,"precincts sum to 720 registered, the printed total says 69",text
Monroe,2012,2012-05-07,precinct,1,720,12,mismatch,,text
Monson,2012,2012-04-02,total,,5625,409,mismatch,"precincts sum to 5647 registered, the printed total says 5625",text
Monson,2012,2012-04-02,precinct,1,22,12,mismatch,,text
Monson,2012,2012-04-02,precinct,2,1862,118,mismatch,,text
Monson,2012,2012-04-02,precinct,B,1831,144,mismatch,,text
Monson,2012,2012-04-02,precinct,C,1932,147,mismatch,,text
Montague,2012,2012-05-21,total,,5615,769,mismatch,"precincts sum to 5827 registered, the printed total says 5615",text
Montague,2012,2012-05-21,precinct,1,212,12,mismatch,,text
Montague,2012,2012-05-21,precinct,2,1125,228,mismatch,,text
Montague,2012,2012-05-21,precinct,2,1006,138,mismatch,,text
Montague,2012,2012-05-21,precinct,3,904,21,mismatch,,text
Montague,2012,2012-05-21,precinct,4,977,206,mismatch,,text
Montague,2012,2012-05-21,precinct,5,715,78,mismatch,,text
Montague,2012,2012-05-21,precinct,6,888,98,mismatch,,text
Monterey,2012,2012-05-08,total,,723,187,mismatch,"precincts sum to 820 registered, the printed total says 723",text
Monterey,2012,2012-05-08,precinct,1,820,12,mismatch,,text
Montgomery,2012,2012-05-07,total,,608,50,mismatch,"precincts sum to 720 registered, the printed total says 608",text
Montgomery,2012,2012-05-07,precinct,1,720,12,mismatch,,text
Mount Washington,2012,2012-05-08,total,,122,97,mismatch,"precincts sum to 820 registered, the printed total says 122",text
Mount Washington,2012,2012-05-08,precinct,1,820,12,mismatch,,text
Nahant,2012,2012-04-28,total,,2530,1103,single,"a single undivided town, or no precinct detail printed",text
Nantucket,2012,2012-04-12,total,,8112,2617,single,"a single undivided town, or no precinct detail printed",text
Natick,2012,2012-03-27,total,,26296,3698,checked,precincts sum to both printed totals,text
Natick,2012,2012-03-27,precinct,1,2051,98,checked,,text
Natick,2012,2012-03-27,precinct,2,5174,302,checked,,text
Natick,2012,2012-03-27,precinct,3,2349,389,checked,,text
Natick,2012,2012-03-27,precinct,4,2249,401,checked,,text
Natick,2012,2012-03-27,precinct,5,2388,380,checked,,text
Natick,2012,2012-03-27,precinct,6,2290,355,checked,,text
Natick,2012,2012-03-27,precinct,7,2374,477,checked,,text
Natick,2012,2012-03-27,precinct,8,2278,366,checked,,text
Natick,2012,2012-03-27,precinct,9,2479,419,checked,,text
Natick,2012,2012-03-27,precinct,10,2664,511,checked,,text
Needham,2012,2012-04-10,total,,19389,4418,checked,precincts sum to both printed totals,text
Needham,2012,2012-04-10,precinct,1,1787,257,checked,,text
Needham,2012,2012-04-10,precinct,B,1986,402,checked,,text
Needham,2012,2012-04-10,precinct,C,1965,406,checked,,text
Needham,2012,2012-04-10,precinct,D,1883,331,checked,,text
Needham,2012,2012-04-10,precinct,E,1966,448,checked,,text
Needham,2012,2012-04-10,precinct,F,1958,477,checked,,text
Needham,2012,2012-04-10,precinct,G,1985,558,checked,,text
Needham,2012,2012-04-10,precinct,H,2029,507,checked,,text
Needham,2012,2012-04-10,precinct,I,1956,565,checked,,text
Needham,2012,2012-04-10,precinct,J,1874,467,checked,,text
New,2012,2012-05-14,total,,1108,263,single,"a single undivided town, or no precinct detail printed",text
New Braintree,2012,2012-05-07,total,,699,177,single,"a single undivided town, or no precinct detail printed",text
Newbury,2012,2012-05-08,total,,4946,1318,checked,precincts sum to both printed totals,text
Newbury,2012,2012-05-08,precinct,1,2450,670,checked,,text
Newbury,2012,2012-05-08,precinct,2,2496,648,checked,,text
Norfolk,2012,2012-05-01,total,,6382,1360,checked,precincts sum to both printed totals,text
Norfolk,2012,2012-05-01,precinct,1,1410,277,checked,,text
Norfolk,2012,2012-05-01,precinct,2,2609,606,checked,,text
Norfolk,2012,2012-05-01,precinct,3,2363,477,checked,,text
North,2012,2012-05-07,total,,,,no_total,no TOTALS row was read,text
North,2012,2012-05-07,precinct,1,20,12,no_total,,text
North,2012,2012-05-07,precinct,2,2922,416,no_total,,text
North Andover,2012,2012-03-27,total,,18307,3073,checked,precincts sum to both printed totals,text
North Andover,2012,2012-03-27,precinct,1,2222,375,checked,,text
North Andover,2012,2012-03-27,precinct,2,2461,580,checked,,text
North Andover,2012,2012-03-27,precinct,3,2380,314,checked,,text
North Andover,2012,2012-03-27,precinct,4,2511,532,checked,,text
North Andover,2012,2012-03-27,precinct,5,1769,220,checked,,text
North Andover,2012,2012-03-27,precinct,6,2514,477,checked,,text
North Andover,2012,2012-03-27,precinct,7,2128,251,checked,,text
North Andover,2012,2012-03-27,precinct,8,2322,324,checked,,text
North Attleborough,2012,2012-04-03,total,,,,no_total,no TOTALS row was read,text
North Attleborough,2012,2012-04-03,precinct,1,32,12,no_total,,text
North Attleborough,2012,2012-04-03,precinct,2,1844,190,no_total,,text
North Attleborough,2012,2012-04-03,precinct,3,2177,392,no_total,,text
North Attleborough,2012,2012-04-03,precinct,4,2084,373,no_total,,text
North Attleborough,2012,2012-04-03,precinct,5,1898,200,no_total,,text
North Attleborough,2012,2012-04-03,precinct,6,2010,280,no_total,,text
North Attleborough,2012,2012-04-03,precinct,7,2120,419,no_total,,text
North Attleborough,2012,2012-04-03,precinct,8,2371,367,no_total,,text
North Attleborough,2012,2012-04-03,precinct,9,2041,457,no_total,,text
North Attleborough,2012,2012-04-03,precinct,10,1999,341,no_total,,text
North Attleborough,2012,2012-04-03,precinct,11,18544,3019,no_total,,text
North Reading,2012,2012-05-08,total,,,,no_total,no TOTALS row was read,text
North Reading,2012,2012-05-08,precinct,1,20,12,no_total,,text
North Reading,2012,2012-05-08,precinct,2,2676,480,no_total,,text
North Reading,2012,2012-05-08,precinct,3,2574,314,no_total,,text
North Reading,2012,2012-05-08,precinct,4,2703,475,no_total,,text
North Reading,2012,2012-05-08,precinct,5,2670,626,no_total,,text
North Reading,2012,2012-05-08,precinct,6,10623,1895,no_total,,text
Northborough,2012,2012-05-01,total,,,,no_total,no TOTALS row was read,text
Northborough,2012,2012-05-01,precinct,1,42,12,no_total,,text
Northborough,2012,2012-05-01,precinct,2,2586,346,no_total,,text
Northborough,2012,2012-05-01,precinct,3,2505,365,no_total,,text
Northborough,2012,2012-05-01,precinct,4,2594,464,no_total,,text
Northborough,2012,2012-05-01,precinct,5,2492,464,no_total,,text
Northborough,2012,2012-05-01,precinct,6,10177,1639,no_total,,text
Northbridge,2012,2012-05-01,total,,,,no_total,no TOTALS row was read,text
Northbridge,2012,2012-05-01,precinct,1,52,12,no_total,,text
Northbridge,2012,2012-05-01,precinct,2,2524,424,no_total,,text
Northbridge,2012,2012-05-01,precinct,3,2531,346,no_total,,text
Northbridge,2012,2012-05-01,precinct,4,2308,410,no_total,,text
Northbridge,2012,2012-05-01,precinct,5,2674,575,no_total,,text
Northbridge,2012,2012-05-01,precinct,6,10037,1755,no_total,,text
Northfield,2012,2012-05-08,total,,,,no_total,no TOTALS row was read,text
Northfield,2012,2012-05-08,precinct,1,20,12,no_total,,text
Northfield,2012,2012-05-08,precinct,2,2093,420,no_total,,text
Norton,2012,2012-04-24,total,,11474,1271,checked,precincts sum to both printed totals; the TOTALS label was unreadable and was identified by the sum,text
Norton,2012,2012-04-24,precinct,1,2588,313,checked,,text
Norton,2012,2012-04-24,precinct,2,2500,292,checked,,text
Norton,2012,2012-04-24,precinct,3,2501,267,checked,,text
Norton,2012,2012-04-24,precinct,4,2341,224,checked,,text
Norton,2012,2012-04-24,precinct,5,1544,175,checked,,text
Norwell,2012,,total,,5362,2898,checked,precincts sum to both printed totals; the TOTALS label was unreadable and was identified by the sum,text
Norwell,2012,,precinct,1,2343,1293,checked,,text
Norwell,2012,,precinct,2,1480,777,checked,,text
Norwell,2012,,precinct,3,1539,828,checked,,text
Norwood,2012,2012-04-02,total,,,,no_total,no TOTALS row was read,text
Norwood,2012,2012-04-02,precinct,1,22,12,no_total,,text
Norwood,2012,2012-04-02,precinct,2,2034,276,no_total,,text
Norwood,2012,2012-04-02,precinct,3,1817,340,no_total,,text
Norwood,2012,2012-04-02,precinct,4,2001,318,no_total,,text
Norwood,2012,2012-04-02,precinct,5,2184,471,no_total,,text
Norwood,2012,2012-04-02,precinct,6,1338,121,no_total,,text
Norwood,2012,2012-04-02,precinct,7,1523,155,no_total,,text
Norwood,2012,2012-04-02,precinct,8,1883,226,no_total,,text
Norwood,2012,2012-04-02,precinct,9,2105,247,no_total,,text
Norwood,2012,2012-04-02,precinct,10,2063,243,no_total,,text
Norwood,2012,2012-04-02,precinct,11,16948,2397,no_total,,text
Oak,2012,2012-04-12,total,,,,no_total,no TOTALS row was read,text
Oak,2012,2012-04-12,precinct,1,3245,891,no_total,,text
Pembroke,2012,2012-04-28,total,,12119,895,checked,precincts sum to both printed totals; the TOTALS label was unreadable and was identified by the sum,text
Pembroke,2012,2012-04-28,precinct,1,2496,169,checked,,text
Pembroke,2012,2012-04-28,precinct,2,2417,194,checked,,text
Pembroke,2012,2012-04-28,precinct,3,2463,178,checked,,text
Pembroke,2012,2012-04-28,precinct,4,2415,182,checked,,text
Pembroke,2012,2012-04-28,precinct,5,2328,172,checked,,text
Phillipston,2012,2012-05-07,total,,,,no_total,no TOTALS row was read,text
Phillipston,2012,2012-05-07,precinct,1,1097,227,no_total,,text
Plainville,2012,2012-04-02,total,,5585,513,checked,precincts sum to both printed totals; the TOTALS label was unreadable and was identified by the sum,text
Plainville,2012,2012-04-02,precinct,1,1881,180,checked,,text
Plainville,2012,2012-04-02,precinct,2,1795,143,checked,,text
Plainville,2012,2012-04-02,precinct,3,1909,190,checked,,text
Plymouth,2012,2012-05-12,total,,37692,5724,checked,precincts sum to both printed totals,text
Plymouth,2012,2012-05-12,precinct,1,2015,302,checked,,text
Plymouth,2012,2012-05-12,precinct,2,2531,420,checked,,text
Plymouth,2012,2012-05-12,precinct,3,2209,323,checked,,text
Plymouth,2012,2012-05-12,precinct,4,2312,484,checked,,text
Plymouth,2012,2012-05-12,precinct,5,2655,555,checked,,text
Plymouth,2012,2012-05-12,precinct,6,2573,424,checked,,text
Plymouth,2012,2012-05-12,precinct,7,2515,306,checked,,text
Plymouth,2012,2012-05-12,precinct,8,2731,258,checked,,text
Plymouth,2012,2012-05-12,precinct,9,2242,140,checked,,text
Plymouth,2012,2012-05-12,precinct,10,1796,265,checked,,text
Plymouth,2012,2012-05-12,precinct,11,2889,382,checked,,text
Plymouth,2012,2012-05-12,precinct,12,2545,381,checked,,text
Plymouth,2012,2012-05-12,precinct,13,2614,313,checked,,text
Plymouth,2012,2012-05-12,precinct,14,2613,298,checked,,text
Plymouth,2012,2012-05-12,precinct,15,3452,873,checked,,text
Princeton,2012,2012-05-14,total,,2670,594,single,"a single undivided town, or no precinct detail printed",text
Provincetown,2012,2012-05-01,total,,2867,1084,single,"a single undivided town, or no precinct detail printed",text
Randolph,2012,,total,,,,no_election,the volume states no election was held this year,text
Raynham,2012,2012-04-28,total,,9464,916,checked,precincts sum to both printed totals,text
Raynham,2012,2012-04-28,precinct,1,2318,225,checked,,text
Raynham,2012,2012-04-28,precinct,2,2454,299,checked,,text
Raynham,2012,2012-04-28,precinct,3,2353,141,checked,,text
Raynham,2012,2012-04-28,precinct,4,2339,251,checked,,text
Reading,2012,2012-04-06,total,,16988,4157,checked,precincts sum to both printed totals,text
Reading,2012,2012-04-06,precinct,1,2421,652,checked,,text
Reading,2012,2012-04-06,precinct,2,2189,466,checked,,text
Reading,2012,2012-04-06,precinct,3,2047,454,checked,,text
Reading,2012,2012-04-06,precinct,4,2193,522,checked,,text
Reading,2012,2012-04-06,precinct,5,2093,508,checked,,text
Reading,2012,2012-04-06,precinct,6,1624,411,checked,,text
Reading,2012,2012-04-06,precinct,7,2235,556,checked,,text
Reading,2012,2012-04-06,precinct,8,2186,588,checked,,text
Rehoboth,2012,2012-04-02,total,,7712,1340,checked,precincts sum to both printed totals,text
Rehoboth,2012,2012-04-02,precinct,1,2502,373,checked,,text
Rehoboth,2012,2012-04-02,precinct,2,2621,482,checked,,text
Rehoboth,2012,2012-04-02,precinct,3,2589,485,checked,,text
Richmond,2012,2012-05-26,total,,1121,56,single,"a single undivided town, or no precinct detail printed",text
Rochester,2012,2012-04-11,total,,3985,265,single,"a single undivided town, or no precinct detail printed",text
Rockland,2012,2012-04-14,total,,11953,2890,checked,precincts sum to both printed totals,text
Rockland,2012,2012-04-14,precinct,1,2028,417,checked,,text
Rockland,2012,2012-04-14,precinct,2,2142,587,checked,,text
Rockland,2012,2012-04-14,precinct,3,1698,370,checked,,text
Rockland,2012,2012-04-14,precinct,4,1930,386,checked,,text
Rockland,2012,2012-04-14,precinct,5,2048,622,checked,,text
Rockland,2012,2012-04-14,precinct,6,2107,508,checked,,text
Rockport,2012,2012-05-08,total,,5554,2162,checked,precincts sum to both printed totals,text
Rockport,2012,2012-05-08,precinct,1,1432,577,checked,,text
Rockport,2012,2012-05-08,precinct,2,1912,709,checked,,text
Rockport,2012,2012-05-08,precinct,3,2210,876,checked,,text
Rowe,2012,2012-05-19,total,,283,183,single,"a single undivided town, or no precinct detail printed",text
Rowley,2012,2012-05-08,total,,3850,726,single,"a single undivided town, or no precinct detail printed",text
Royalston,2012,2012-04-02,total,,865,200,checked,precincts sum to both printed totals,text
Royalston,2012,2012-04-02,precinct,1,500,124,checked,,text
Royalston,2012,2012-04-02,precinct,2,365,76,checked,,text
Russell,2012,2012-05-20,total,,952,483,single,"a single undivided town, or no precinct detail printed",text
Rutland,2012,2012-05-14,total,,5581,1646,checked,precincts sum to both printed totals,text
Rutland,2012,2012-05-14,precinct,1,1775,514,checked,,text
Rutland,2012,2012-05-14,precinct,2,1919,558,checked,,text
Rutland,2012,2012-05-14,precinct,3,1887,574,checked,,text
Salisbury,2012,2012-05-10,total,,5670,292,checked,precincts sum to both printed totals,text
Salisbury,2012,2012-05-10,precinct,1,1894,120,checked,,text
Salisbury,2012,2012-05-10,precinct,2,1931,102,checked,,text
Salisbury,2012,2012-05-10,precinct,3,1845,70,checked,,text
Sandisfield,2012,2012-05-14,total,,591,189,single,"a single undivided town, or no precinct detail printed",text
Sandwich,2012,2012-05-10,total,,2112,,mismatch,"precincts sum to 15093 registered, the printed total says 2112",text
Sandwich,2012,2012-05-10,precinct,1,2710,492,mismatch,,text
Sandwich,2012,2012-05-10,precinct,2,2685,502,mismatch,,text
Sandwich,2012,2012-05-10,precinct,3,2416,316,mismatch,,text
Sandwich,2012,2012-05-10,precinct,4,2523,233,mismatch,,text
Sandwich,2012,2012-05-10,precinct,5,2435,273,mismatch,,text
Sandwich,2012,2012-05-10,precinct,6,2324,296,mismatch,,text
Saugus,2012,,total,,,,no_election,the volume states no election was held this year,text
Savoy,2012,2012-05-16,total,,458,124,single,"a single undivided town, or no precinct detail printed",text
Scituate,2012,2012-05-19,total,,13215,1499,checked,precincts sum to both printed totals,text
Scituate,2012,2012-05-19,precinct,1,2246,247,checked,,text
Scituate,2012,2012-05-19,precinct,2,2157,242,checked,,text
Scituate,2012,2012-05-19,precinct,3,2163,190,checked,,text
Scituate,2012,2012-05-19,precinct,4,2300,301,checked,,text
Scituate,2012,2012-05-19,precinct,5,2200,225,checked,,text
Scituate,2012,2012-05-19,precinct,6,2149,294,checked,,text
Seekonk,2012,2012-04-02,total,,9241,2487,checked,precincts sum to both printed totals,text
Seekonk,2012,2012-04-02,precinct,1,2288,629,checked,,text
Seekonk,2012,2012-04-02,precinct,2,2416,714,checked,,text
Seekonk,2012,2012-04-02,precinct,3,2149,566,checked,,text
Seekonk,2012,2012-04-02,precinct,4,2388,578,checked,,text
Sharon,2012,2012-05-15,total,,12369,1245,mismatch,"precincts sum to 12521 registered, the printed total says 12369",text
Sharon,2012,2012-05-15,precinct,1,152,12,mismatch,,text
Sharon,2012,2012-05-15,precinct,2,2576,250,mismatch,,text
Sharon,2012,2012-05-15,precinct,2,2361,260,mismatch,,text
Sharon,2012,2012-05-15,precinct,3,2617,314,mismatch,,text
Sharon,2012,2012-05-15,precinct,4,2543,242,mismatch,,text
Sharon,2012,2012-05-15,precinct,5,2272,179,mismatch,,text
Sheffield,2012,2012-05-14,total,,2249,321,mismatch,"precincts sum to 142 registered, the printed total says 2249",text
Sheffield,2012,2012-05-14,precinct,1,142,12,mismatch,,text
Shelburne,2012,2012-06-11,total,,1314,402,single,"a single undivided town, or no precinct detail printed",text
Sherborn,2012,2012-05-08,total,,2906,614,mismatch,"precincts sum to 820 registered, the printed total says 2906",text
Sherborn,2012,2012-05-08,precinct,1,820,12,mismatch,,text
Shirley,2012,2012-05-15,total,,3972,530,mismatch,"precincts sum to 152 registered, the printed total says 3972",text
Shirley,2012,2012-05-15,precinct,1,152,12,mismatch,,text
Shrewsbury,2012,2012-05-01,total,,22367,3522,mismatch,"precincts sum to 22487 registered, the printed total says 22367",text
Shrewsbury,2012,2012-05-01,precinct,1,120,12,mismatch,,text
Shrewsbury,2012,2012-05-01,precinct,2,2579,512,mismatch,,text
Shrewsbury,2012,2012-05-01,precinct,2,2199,303,mismatch,,text
Shrewsbury,2012,2012-05-01,precinct,3,2020,191,mismatch,,text
Shrewsbury,2012,2012-05-01,precinct,4,2120,224,mismatch,,text
Shrewsbury,2012,2012-05-01,precinct,5,2026,338,mismatch,,text
Shrewsbury,2012,2012-05-01,precinct,6,2438,494,mismatch,,text
Shrewsbury,2012,2012-05-01,precinct,7,2563,424,mismatch,,text
Shrewsbury,2012,2012-05-01,precinct,8,2617,540,mismatch,,text
Shrewsbury,2012,2012-05-01,precinct,9,1643,213,mismatch,,text
Shrewsbury,2012,2012-05-01,precinct,10,2162,283,mismatch,,text
Shutesbury,2012,2012-05-05,total,,1418,741,mismatch,"precincts sum to 520 registered, the printed total says 1418",text
Shutesbury,2012,2012-05-05,precinct,1,520,12,mismatch,,text
Somerset,2012,2012-05-14,total,,10583,2060,mismatch,"precincts sum to 21591 registered, the printed total says 10583",text
Somerset,2012,2012-05-14,precinct,1,142,12,mismatch,,text
Somerset,2012,2012-05-14,precinct,2,2577,701,mismatch,,text
Somerset,2012,2012-05-14,precinct,2,2809,757,mismatch,,text
Somerset,2012,2012-05-14,precinct,3,2687,607,mismatch,,text
Somerset,2012,2012-05-14,precinct,4,2564,435,mismatch,,text
Somerset,2012,2012-05-14,precinct,5,2491,455,mismatch,,text
Somerset,2012,2012-05-14,precinct,7,6,324,mismatch,,text
Somerset,2012,2012-05-14,precinct,B,2216,509,mismatch,,text
Somerset,2012,2012-05-14,precinct,C,2399,436,mismatch,,text
Somerset,2012,2012-05-14,precinct,D,1362,306,mismatch,,text
Somerset,2012,2012-05-14,precinct,E,2338,485,mismatch,,text
Southampton,2012,2012-05-07,total,,4029,372,mismatch,"precincts sum to 720 registered, the printed total says 4029",text
Southampton,2012,2012-05-07,precinct,1,720,12,mismatch,,text
Southborough,2012,2012-05-14,total,,6877,1461,checked,precincts sum to both printed totals,text
Southborough,2012,2012-05-14,precinct,1,2441,542,checked,,text
Southborough,2012,2012-05-14,precinct,2,2223,450,checked,,text
Southborough,2012,2012-05-14,precinct,3,2213,469,checked,,text
Southbridge,2012,2012-06-26,total,,10720,2184,checked,precincts sum to both printed totals,text
Southbridge,2012,2012-06-26,precinct,1,2181,502,checked,,text
Southbridge,2012,2012-06-26,precinct,2,2116,269,checked,,text
Southbridge,2012,2012-06-26,precinct,3,2117,462,checked,,text
Southbridge,2012,2012-06-26,precinct,4,2365,758,checked,,text
Southbridge,2012,2012-06-26,precinct,5,1941,193,checked,,text
Stockbridge,2012,2012-05-22,total,,,,no_total,no TOTALS row was read,text
Stockbridge,2012,2012-05-22,precinct,1,1458,406,no_total,,text
Sturbridge,2012,2012-04-09,total,,6548,1436,checked,precincts sum to both printed totals; the TOTALS label was unreadable and was identified by the sum,text
Sturbridge,2012,2012-04-09,precinct,1,2155,483,checked,,text
Sturbridge,2012,2012-04-09,precinct,2,2294,494,checked,,text
Sturbridge,2012,2012-04-09,precinct,3,2099,459,checked,,text
Sunderland,2012,2012-05-05,total,,,,no_total,no TOTALS row was read,text
Sunderland,2012,2012-05-05,precinct,1,2287,200,no_total,,text
Swampscott,2012,2012-04-24,total,,9336,2149,checked,precincts sum to both printed totals,text
Swampscott,2012,2012-04-24,precinct,1,1592,283,checked,,text
Swampscott,2012,2012-04-24,precinct,2,1690,428,checked,,text
Swampscott,2012,2012-04-24,precinct,3,1628,248,checked,,text
Swampscott,2012,2012-04-24,precinct,4,1715,445,checked,,text
Swampscott,2012,2012-04-24,precinct,5,1703,355,checked,,text
Swampscott,2012,2012-04-24,precinct,6,1008,390,checked,,text
Swansea,2012,2012-04-09,total,,9719,561,checked,precincts sum to both printed totals,text
Swansea,2012,2012-04-09,precinct,1,1969,98,checked,,text
Swansea,2012,2012-04-09,precinct,2,1998,150,checked,,text
Swansea,2012,2012-04-09,precinct,3,1927,125,checked,,text
Swansea,2012,2012-04-09,precinct,4,1924,77,checked,,text
Swansea,2012,2012-04-09,precinct,5,1901,111,checked,,text
Templeton,2012,2012-05-07,total,,1642,,mismatch,"precincts sum to 5009 registered, the printed total says 1642",text
Templeton,2012,2012-05-07,precinct,1,1736,538,mismatch,,text
Templeton,2012,2012-05-07,precinct,B,1728,567,mismatch,,text
Templeton,2012,2012-05-07,precinct,C,1545,537,mismatch,,text
Tewksbury,2012,2012-04-14,total,,20709,4441,checked,precincts sum to both printed totals,text
Tewksbury,2012,2012-04-14,precinct,1,2526,507,checked,,text
Tewksbury,2012,2012-04-14,precinct,2,2779,665,checked,,text
Tewksbury,2012,2012-04-14,precinct,2,2483,454,checked,,text
Tewksbury,2012,2012-04-14,precinct,3,2748,566,checked,,text
Tewksbury,2012,2012-04-14,precinct,4,2417,498,checked,,text
Tewksbury,2012,2012-04-14,precinct,4,2480,504,checked,,text
Tewksbury,2012,2012-04-14,precinct,6,2649,635,checked,,text
Tewksbury,2012,2012-04-14,precinct,8,2627,612,checked,,text
Tisbury,2012,2012-04-24,total,,2929,926,single,"a single undivided town, or no precinct detail printed",text
Tolland,2012,2012-06-19,total,,353,42,single,"a single undivided town, or no precinct detail printed",text
Topsfield,2012,2012-05-03,total,,4283,599,single,"a single undivided town, or no precinct detail printed",text
Townsend,2012,2012-04-23,total,,6006,724,checked,precincts sum to both printed totals,text
Townsend,2012,2012-04-23,precinct,1,2034,252,checked,,text
Townsend,2012,2012-04-23,precinct,2,1935,253,checked,,text
Townsend,2012,2012-04-23,precinct,3,2037,219,checked,,text
Truro,2012,2012-05-08,total,,1674,653,single,"a single undivided town, or no precinct detail printed",text
Tyngsborough,2012,2012-05-08,total,,7868,1548,checked,precincts sum to both printed totals,text
Tyngsborough,2012,2012-05-08,precinct,1,2033,456,checked,,text
Tyngsborough,2012,2012-05-08,precinct,2,2064,388,checked,,text
Tyngsborough,2012,2012-05-08,precinct,3,1859,329,checked,,text
Tyngsborough,2012,2012-05-08,precinct,4,1912,375,checked,,text
Tyringham,2012,2012-05-14,total,,300,54,single,"a single undivided town, or no precinct detail printed",text
UNKNOWN,2012,2012-05-19,total,,2012,563,single,"a single undivided town, or no precinct detail printed",text
Upton,2012,2012-05-07,total,,4882,1002,checked,precincts sum to both printed totals,text
Upton,2012,2012-05-07,precinct,1,2405,496,checked,,text
Upton,2012,2012-05-07,precinct,2,2477,506,checked,,text
Uxbridge,2012,2012-05-22,total,,9961,903,checked,precincts sum to both printed totals,text
Uxbridge,2012,2012-05-22,precinct,1,2456,212,checked,,text
Uxbridge,2012,2012-05-22,precinct,2,2621,249,checked,,text
Uxbridge,2012,2012-05-22,precinct,3,2424,222,checked,,text
Uxbridge,2012,2012-05-22,precinct,4,2460,220,checked,,text
Wakefield,2012,2012-04-24,total,,16498,3559,checked,precincts sum to both printed totals,text
Wakefield,2012,2012-04-24,precinct,1,2496,580,checked,,text
Wakefield,2012,2012-04-24,precinct,2,2121,377,checked,,text
Wakefield,2012,2012-04-24,precinct,3,2296,410,checked,,text
Wakefield,2012,2012-04-24,precinct,4,2232,488,checked,,text
Wakefield,2012,2012-04-24,precinct,5,2556,500,checked,,text
Wakefield,2012,2012-04-24,precinct,6,2434,566,checked,,text
Wakefield,2012,2012-04-24,precinct,7,2363,638,checked,,text
Wales,2012,2012-05-29,total,,1259,387,single,"a single undivided town, or no precinct detail printed",text
Walpole,2012,2012-06-02,total,,16257,7511,checked,precincts sum to both printed totals,text
Walpole,2012,2012-06-02,precinct,1,1857,786,checked,,text
Walpole,2012,2012-06-02,precinct,2,2123,1088,checked,,text
Walpole,2012,2012-06-02,precinct,3,2206,935,checked,,text
Walpole,2012,2012-06-02,precinct,4,1936,961,checked,,text
Walpole,2012,2012-06-02,precinct,5,1781,880,checked,,text
Walpole,2012,2012-06-02,precinct,6,2210,979,checked,,text
Walpole,2012,2012-06-02,precinct,7,2095,999,checked,,text
Walpole,2012,2012-06-02,precinct,8,2049,883,checked,,text
Ware,2012,2012-04-09,total,,6182,844,checked,precincts sum to both printed totals,text
Ware,2012,2012-04-09,precinct,1,1876,286,checked,,text
Ware,2012,2012-04-09,precinct,B,1960,247,checked,,text
Ware,2012,2012-04-09,precinct,C,2346,311,checked,,text
Wareham,2012,2012-04-03,total,,14703,2656,checked,precincts sum to both printed totals,text
Wareham,2012,2012-04-03,precinct,1,2483,454,checked,,text
Wareham,2012,2012-04-03,precinct,2,2506,494,checked,,text
Wareham,2012,2012-04-03,precinct,3,2523,589,checked,,text
Wareham,2012,2012-04-03,precinct,4,2367,377,checked,,text
Wareham,2012,2012-04-03,precinct,5,2553,467,checked,,text
Wareham,2012,2012-04-03,precinct,6,2271,275,checked,,text
Warren,2012,2012-05-01,total,,3086,508,single,"a single undivided town, or no precinct detail printed",text
Warwick,2012,2012-05-21,total,,529,178,single,"a single undivided town, or no precinct detail printed",text
Washington,2012,2012-05-19,total,,431,166,single,"a single undivided town, or no precinct detail printed",text
Watertown,2012,,total,,,,no_election,the volume states no election was held this year,text
Wayland,2012,2012-04-03,total,,9008,1948,checked,precincts sum to both printed totals,text
Wayland,2012,2012-04-03,precinct,1,2262,552,checked,,text
Wayland,2012,2012-04-03,precinct,2,2255,531,checked,,text
Wayland,2012,2012-04-03,precinct,3,2105,363,checked,,text
Wayland,2012,2012-04-03,precinct,4,2386,502,checked,,text
Webster,2012,2012-05-07,total,,11231,1330,mismatch,"precincts sum to 11251 registered, the printed total says 11231",text
Webster,2012,2012-05-07,precinct,1,20,12,mismatch,,text
Webster,2012,2012-05-07,precinct,2,2254,253,mismatch,,text
Webster,2012,2012-05-07,precinct,2,2047,144,mismatch,,text
Webster,2012,2012-05-07,precinct,3,2116,195,mismatch,,text
Webster,2012,2012-05-07,precinct,4,2625,399,mismatch,,text
Webster,2012,2012-05-07,precinct,5,2189,339,mismatch,,text
Wellesley,2012,2012-03-13,total,,15478,3952,checked,precincts sum to both printed totals,text
Wellesley,2012,2012-03-13,precinct,1,2096,530,checked,,text
Wellesley,2012,2012-03-13,precinct,B,2288,590,checked,,text
Wellesley,2012,2012-03-13,precinct,C,2289,577,checked,,text
Wellesley,2012,2012-03-13,precinct,D,2241,600,checked,,text
Wellesley,2012,2012-03-13,precinct,E,1999,502,checked,,text
Wellesley,2012,2012-03-13,precinct,F,1368,304,checked,,text
Wellesley,2012,2012-03-13,precinct,G,999,240,checked,,text
Wellesley,2012,2012-03-13,precinct,H,2198,609,checked,,text
Wellfleet,2012,2012-04-30,total,,2576,218,single,"a single undivided town, or no precinct detail printed",text
Wendell,2012,2012-05-07,total,,659,81,mismatch,"precincts sum to 20 registered, the printed total says 659",text
Wendell,2012,2012-05-07,precinct,1,20,12,mismatch,,text
Wenham,2012,2012-05-05,total,,2780,352,mismatch,"precincts sum to 20 registered, the printed total says 2780",text
Wenham,2012,2012-05-05,precinct,1,20,12,mismatch,,text
West Boylston,2012,2012-06-05,total,,4908,966,mismatch,"precincts sum to 4960 registered, the printed total says 4908",text
West Boylston,2012,2012-06-05,precinct,1,52,12,mismatch,,text
West Boylston,2012,2012-06-05,precinct,2,2782,576,mismatch,,text
West Boylston,2012,2012-06-05,precinct,2,2126,390,mismatch,,text
West Bridgewater,2012,2012-04-14,total,,4554,1021,checked,precincts sum to both printed totals,text
West Bridgewater,2012,2012-04-14,precinct,1,2327,536,checked,,text
West Bridgewater,2012,2012-04-14,precinct,2,2227,485,checked,,text
West Brookfield,2012,2012-05-01,total,,2178,124,mismatch,"precincts sum to 20 registered, the printed total says 2178",text
West Brookfield,2012,2012-05-01,precinct,1,20,12,mismatch,,text
West Newbury,2012,2012-05-07,total,,3044,673,mismatch,"precincts sum to 20 registered, the printed total says 3044",text
West Newbury,2012,2012-05-07,precinct,1,20,12,mismatch,,text
West Springfield,2012,,total,,,,no_election,the volume states no election was held this year,text
West Stockbridge,2012,2012-05-01,total,,1055,96,mismatch,"precincts sum to 42 registered, the printed total says 1055",text
West Stockbridge,2012,2012-05-01,precinct,1,42,1,mismatch,,text
West Tisbury,2012,2012-04-12,total,,2313,718,single,"a single undivided town, or no precinct detail printed",text
Westborough,2012,,total,,11163,2605,checked,precincts sum to both printed totals,text
Westborough,2012,,precinct,1,1884,362,checked,,text
Westborough,2012,,precinct,2,1774,378,checked,,text
Westborough,2012,,precinct,3,2241,507,checked,,text
Westborough,2012,,precinct,4,2557,707,checked,,text
Westborough,2012,,precinct,5,2707,651,checked,,text
Westford,2012,2012-05-01,total,,15430,564,mismatch,"precincts sum to 15450 registered, the printed total says 15430",text
Westford,2012,2012-05-01,precinct,1,20,12,mismatch,,text
Westford,2012,2012-05-01,precinct,2,2648,156,mismatch,,text
Westford,2012,2012-05-01,precinct,2,2545,97,mismatch,,text
Westford,2012,2012-05-01,precinct,3,2715,102,mismatch,,text
Westford,2012,2012-05-01,precinct,4,2545,80,mismatch,,text
Westford,2012,2012-05-01,precinct,5,2582,66,mismatch,,text
Westford,2012,2012-05-01,precinct,6,2395,63,mismatch,,text
Westhampton,2012,2012-06-02,total,,,,no_total,no TOTALS row was read,text
Westhampton,2012,2012-06-02,precinct,1,1212,140,no_total,,text
Westminster,2012,2012-04-24,total,,5327,650,checked,precincts sum to both printed totals; the TOTALS label was unreadable and was identified by the sum,text
Westminster,2012,2012-04-24,precinct,1,2621,250,checked,,text
Westminster,2012,2012-04-24,precinct,2,2706,400,checked,,text
Weymouth,2012,,total,,,,no_election,the volume states no election was held this year,text
Whitman,2012,2012-05-19,total,,9582,797,checked,precincts sum to both printed totals; the TOTALS label was unreadable and was identified by the sum,text
Whitman,2012,2012-05-19,precinct,1,2512,209,checked,,text
Whitman,2012,2012-05-19,precinct,2,2304,185,checked,,text
Whitman,2012,2012-05-19,precinct,3,2397,209,checked,,text
Whitman,2012,2012-05-19,precinct,4,2369,194,checked,,text
Williamsburg,2012,2012-05-07,total,,,,no_total,no TOTALS row was read,text
Williamsburg,2012,2012-05-07,precinct,1,1806,136,no_total,,text
Williamstown,2012,2012-05-08,total,,3995,538,checked,precincts sum to both printed totals; the TOTALS label was unreadable and was identified by the sum,text
Williamstown,2012,2012-05-08,precinct,1,1612,215,checked,,text
Williamstown,2012,2012-05-08,precinct,2,676,84,checked,,text
Williamstown,2012,2012-05-08,precinct,3,1707,239,checked,,text
Wilmington,2012,2012-04-28,total,,14846,1883,checked,precincts sum to both printed totals; the TOTALS label was unreadable and was identified by the sum,text
Wilmington,2012,2012-04-28,precinct,1,2505,270,checked,,text
Wilmington,2012,2012-04-28,precinct,2,2438,297,checked,,text
Wilmington,2012,2012-04-28,precinct,3,2238,250,checked,,text
Wilmington,2012,2012-04-28,precinct,4,2568,369,checked,,text
Wilmington,2012,2012-04-28,precinct,5,2524,357,checked,,text
Wilmington,2012,2012-04-28,precinct,6,2573,340,checked,,text
Winchendon,2012,2012-05-07,total,,6093,530,checked,precincts sum to both printed totals; the TOTALS label was unreadable and was identified by the sum,text
Winchendon,2012,2012-05-07,precinct,1,2046,188,checked,,text
Winchendon,2012,2012-05-07,precinct,2,2088,143,checked,,text
Winchendon,2012,2012-05-07,precinct,3,1959,199,checked,,text
Winchester,2012,2012-03-27,total,,13981,1358,checked,precincts sum to both printed totals,text
Winchester,2012,2012-03-27,precinct,1,1762,172,checked,,text
Winchester,2012,2012-03-27,precinct,2,1570,160,checked,,text
Winchester,2012,2012-03-27,precinct,3,1924,230,checked,,text
Winchester,2012,2012-03-27,precinct,4,1891,189,checked,,text
Winchester,2012,2012-03-27,precinct,5,1769,164,checked,,text
Winchester,2012,2012-03-27,precinct,6,1833,167,checked,,text
Winchester,2012,2012-03-27,precinct,7,1804,140,checked,,text
Winchester,2012,2012-03-27,precinct,8,1428,136,checked,,text
Windsor,2012,2012-05-14,total,,656,87,single,"a single undivided town, or no precinct detail printed",text
Winthrop,2012,,total,,,,no_election,the volume states no election was held this year,text
Worthington,2012,2012-05-05,total,,932,107,single,"a single undivided town, or no precinct detail printed",text
Wrentham,2012,2012-04-02,total,,7547,876,checked,precincts sum to both printed totals,text
Wrentham,2012,2012-04-02,precinct,1,2558,286,checked,,text
Wrentham,2012,2012-04-02,precinct,2,2527,254,checked,,text
Wrentham,2012,2012-04-02,precinct,3,2462,336,checked,,text
Yarmouth,2012,2012-05-15,total,,16313,2952,checked,precincts sum to both printed totals,text
Yarmouth,2012,2012-05-15,precinct,1,2446,564,checked,,text
Yarmouth,2012,2012-05-15,precinct,2,2601,450,checked,,text
Yarmouth,2012,2012-05-15,precinct,3,1901,310,checked,,text
Yarmouth,2012,2012-05-15,precinct,4,2327,498,checked,,text
Yarmouth,2012,2012-05-15,precinct,5,2079,278,checked,,text
Yarmouth,2012,2012-05-15,precinct,6,2176,240,checked,,text
Yarmouth,2012,2012-05-15,precinct,7,2783,612,checked,,text
Abington,2014,2014-04-26,total,,10589,1535,checked,precincts sum to both printed totals,text
Abington,2014,2014-04-26,precinct,1,2056,260,checked,,text
Abington,2014,2014-04-26,precinct,2,1925,258,checked,,text
Abington,2014,2014-04-26,precinct,3,2069,343,checked,,text
Abington,2014,2014-04-26,precinct,4,2298,328,checked,,text
Abington,2014,2014-04-26,precinct,5,2241,346,checked,,text
Acton,2014,2014-04-01,total,,13798,457,checked,precincts sum to both printed totals,text
Acton,2014,2014-04-01,precinct,1,2214,53,checked,,text
Acton,2014,2014-04-01,precinct,2,2225,59,checked,,text
Acton,2014,2014-04-01,precinct,3,2385,123,checked,,text
Acton,2014,2014-04-01,precinct,4,2466,88,checked,,text
Acton,2014,2014-04-01,precinct,5,2391,61,checked,,text
Acton,2014,2014-04-01,precinct,6,2117,73,checked,,text
Acushnet,2014,2014-04-07,total,,7291,843,checked,precincts sum to both printed totals,text
Acushnet,2014,2014-04-07,precinct,1,2227,248,checked,,text
Acushnet,2014,2014-04-07,precinct,2,2490,288,checked,,text
Acushnet,2014,2014-04-07,precinct,3,2574,307,checked,,text
Adams,2014,2014-05-05,total,,5861,1175,checked,precincts sum to both printed totals,text
Adams,2014,2014-05-05,precinct,1,1098,219,checked,,text
Adams,2014,2014-05-05,precinct,2,1164,251,checked,,text
Adams,2014,2014-05-05,precinct,3,1205,228,checked,,text
Adams,2014,2014-05-05,precinct,4,1134,190,checked,,text
Adams,2014,2014-05-05,precinct,5,1260,287,checked,,text
Agawam,2014,,total,,,,no_election,the volume states no election was held this year,text
Alford,2014,2014-05-20,total,,336,41,single,"a single undivided town, or no precinct detail printed",text
Amesbury,2014,,total,,,,no_election,the volume states no election was held this year,text
Amherst,2014,2014-03-25,total,,17552,2665,checked,precincts sum to both printed totals,text
Amherst,2014,2014-03-25,precinct,1,1425,211,checked,,text
Amherst,2014,2014-03-25,precinct,2,1971,372,checked,,text
Amherst,2014,2014-03-25,precinct,3,1428,99,checked,,text
Amherst,2014,2014-03-25,precinct,4,1557,109,checked,,text
Amherst,2014,2014-03-25,precinct,5,1601,198,checked,,text
Amherst,2014,2014-03-25,precinct,6,2000,380,checked,,text
Amherst,2014,2014-03-25,precinct,7,1957,358,checked,,text
Amherst,2014,2014-03-25,precinct,8,2384,487,checked,,text
Amherst,2014,2014-03-25,precinct,9,1907,314,checked,,text
Amherst,2014,2014-03-25,precinct,10,1322,137,checked,,text
Andover,2014,2014-03-25,total,,22944,1277,checked,precincts sum to both printed totals,text
Andover,2014,2014-03-25,precinct,1,2070,145,checked,,text
Andover,2014,2014-03-25,precinct,2,2779,148,checked,,text
Andover,2014,2014-03-25,precinct,3,2624,168,checked,,text
Andover,2014,2014-03-25,precinct,4,2563,130,checked,,text
Andover,2014,2014-03-25,precinct,5,2600,92,checked,,text
Andover,2014,2014-03-25,precinct,6,2575,84,checked,,text
Andover,2014,2014-03-25,precinct,7,2000,147,checked,,text
Andover,2014,2014-03-25,precinct,8,589,25,checked,,text
Andover,2014,2014-03-25,precinct,8,2547,161,checked,,text
Andover,2014,2014-03-25,precinct,9,2581,174,checked,,text
Andover,2014,2014-03-25,precinct,11,16,3,checked,,text
April,2014,2014-04-05,total,,15057,166,mismatch,"precincts sum to 321152 registered, the printed total says 15057",text
April,2014,2014-04-05,precinct,1,1173,167,mismatch,,text
April,2014,2014-04-05,precinct,1,2805,35,mismatch,,text
April,2014,2014-04-05,precinct,1,2549,668,mismatch,,text
April,2014,2014-04-05,precinct,1,1448,108,mismatch,,text
April,2014,2014-04-05,precinct,1,1898,356,mismatch,,text
April,2014,2014-04-05,precinct,1,2162,341,mismatch,,text
April,2014,2014-04-05,precinct,1,2253,217,mismatch,,text
April,2014,2014-04-05,precinct,1,2375,235,mismatch,,text
April,2014,2014-04-05,precinct,1,2344,253,mismatch,,text
April,2014,2014-04-05,precinct,1,2326,836,mismatch,,text
April,2014,2014-04-05,precinct,2,1487,292,mismatch,,text
April,2014,2014-04-05,precinct,2,2566,23,mismatch,,text
April,2014,2014-04-05,precinct,2,2625,663,mismatch,,text
April,2014,2014-04-05,precinct,2,2869,233,mismatch,,text
April,2014,2014-04-05,precinct,2,1851,327,mismatch,,text
April,2014,2014-04-05,precinct,2,2328,320,mismatch,,text
April,2014,2014-04-05,precinct,2,2360,336,mismatch,,text
April,2014,2014-04-05,precinct,2,2492,321,mismatch,,text
April,2014,2014-04-05,precinct,2,2456,246,mismatch,,text
April,2014,2014-04-05,precinct,2,2184,761,mismatch,,text
April,2014,2014-04-05,precinct,3,1486,189,mismatch,,text
April,2014,2014-04-05,precinct,3,2810,33,mismatch,,text
April,2014,2014-04-05,precinct,3,2554,519,mismatch,,text
April,2014,2014-04-05,precinct,3,2792,66,mismatch,,text
April,2014,2014-04-05,precinct,3,1497,235,mismatch,,text
April,2014,2014-04-05,precinct,3,2272,350,mismatch,,text
April,2014,2014-04-05,precinct,3,2517,302,mismatch,,text
April,2014,2014-04-05,precinct,3,2291,281,mismatch,,text
April,2014,2014-04-05,precinct,3,2448,307,mismatch,,text
April,2014,2014-04-05,precinct,3,2101,621,mismatch,,text
April,2014,2014-04-05,precinct,4,1430,189,mismatch,,text
April,2014,2014-04-05,precinct,4,1320,11,mismatch,,text
April,2014,2014-04-05,precinct,4,2565,536,mismatch,,text
April,2014,2014-04-05,precinct,4,2830,192,mismatch,,text
April,2014,2014-04-05,precinct,4,1852,317,mismatch,,text
April,2014,2014-04-05,precinct,4,2115,312,mismatch,,text
April,2014,2014-04-05,precinct,4,2423,224,mismatch,,text
April,2014,2014-04-05,precinct,4,2322,176,mismatch,,text
April,2014,2014-04-05,precinct,4,2374,804,mismatch,,text
April,2014,2014-04-05,precinct,5,1424,221,mismatch,,text
April,2014,2014-04-05,precinct,5,957,17,mismatch,,text
April,2014,2014-04-05,precinct,5,2511,753,mismatch,,text
April,2014,2014-04-05,precinct,5,2929,111,mismatch,,text
April,2014,2014-04-05,precinct,5,1956,467,mismatch,,text
April,2014,2014-04-05,precinct,5,2533,246,mismatch,,text
April,2014,2014-04-05,precinct,6,1397,175,mismatch,,text
April,2014,2014-04-05,precinct,6,2115,22,mismatch,,text
April,2014,2014-04-05,precinct,6,2711,722,mismatch,,text
April,2014,2014-04-05,precinct,6,2808,106,mismatch,,text
April,2014,2014-04-05,precinct,6,1733,373,mismatch,,text
April,2014,2014-04-05,precinct,6,2342,108,mismatch,,text
April,2014,2014-04-05,precinct,7,1425,214,mismatch,,text
April,2014,2014-04-05,precinct,7,2484,25,mismatch,,text
April,2014,2014-04-05,precinct,7,2530,740,mismatch,,text
April,2014,2014-04-05,precinct,8,1562,438,mismatch,,text
April,2014,2014-04-05,precinct,9,1446,295,mismatch,,text
April,2014,2014-04-05,precinct,A,1931,163,mismatch,,text
April,2014,2014-04-05,precinct,B,1944,175,mismatch,,text
April,2014,2014-04-05,precinct,C,2341,203,mismatch,,text
April,2014,2014-04-05,precinct,10,1516,386,mismatch,,text
April,2014,2014-04-05,precinct,11,1522,372,mismatch,,text
April,2014,2014-04-05,precinct,12,1591,490,mismatch,,text
April,2014,2014-04-05,precinct,13,1519,368,mismatch,,text
April,2014,2014-04-05,precinct,14,1428,283,mismatch,,text
April,2014,2014-04-05,precinct,15,1407,431,mismatch,,text
April,2014,2014-04-05,precinct,16,1360,330,mismatch,,text
April,2014,2014-04-05,precinct,17,1364,143,mismatch,,text
April,2014,2014-04-05,precinct,18,1498,329,mismatch,,text
April,2014,2014-04-05,precinct,19,1507,332,mismatch,,text
April,2014,2014-04-05,precinct,20,1463,257,mismatch,,text
April,2014,2014-04-05,precinct,21,1406,205,mismatch,,text
April,2014,2014-04-05,precinct,22,30411,6106,mismatch,,text
April,2014,2014-04-05,precinct,23,4193,671,mismatch,,text
April,2014,2014-04-05,precinct,24,2126,783,mismatch,,text
April,2014,2014-04-05,precinct,25,2291,169,mismatch,,text
April,2014,2014-04-05,precinct,26,2005,122,mismatch,,text
April,2014,2014-04-05,precinct,27,2031,140,mismatch,,text
April,2014,2014-04-05,precinct,28,6327,431,mismatch,,text
April,2014,2014-04-05,precinct,29,2845,555,mismatch,,text
April,2014,2014-04-05,precinct,30,2574,592,mismatch,,text
April,2014,2014-04-05,precinct,31,2520,405,mismatch,,text
April,2014,2014-04-05,precinct,32,5094,997,mismatch,,text
April,2014,2014-04-05,precinct,33,1775,102,mismatch,,text
April,2014,2014-04-05,precinct,34,1691,75,mismatch,,text
April,2014,2014-04-05,precinct,35,3466,177,mismatch,,text
April,2014,2014-04-05,precinct,50,18045,4601,mismatch,,text
April,2014,2014-04-05,precinct,57,15676,816,mismatch,,text
April,2014,2014-04-05,precinct,58,3262,267,mismatch,,text
April,2014,2014-04-05,precinct,65,10787,2075,mismatch,,text
April,2014,2014-04-05,precinct,66,3589,568,mismatch,,text
April,2014,2014-04-05,precinct,71,8877,1323,mismatch,,text
April,2014,2014-04-05,precinct,75,7130,855,mismatch,,text
April,2014,2014-04-05,precinct,80,9581,1061,mismatch,,text
April,2014,2014-04-05,precinct,84,6216,541,mismatch,,text
April,2014,2014-04-05,precinct,91,14445,1336,mismatch,,text
April,2014,2014-04-05,precinct,96,8985,3022,mismatch,,text
Aquinnah,2014,2014-05-14,total,,368,163,single,"a single undivided town, or no precinct detail printed",text
Bedford,2014,,total,,9753,299,checked,precincts sum to both printed totals,text
Bedford,2014,,precinct,1,2638,97,checked,,text
Bedford,2014,,precinct,2,2335,61,checked,,text
Bedford,2014,,precinct,3,2523,69,checked,,text
Bedford,2014,,precinct,4,2257,72,checked,,text
Belchertown,2014,,total,,9362,1607,checked,precincts sum to both printed totals,text
Belchertown,2014,,precinct,A,2199,468,checked,,text
Belchertown,2014,,precinct,B,2298,379,checked,,text
Belchertown,2014,,precinct,C,2522,505,checked,,text
Belchertown,2014,,precinct,D,2343,255,checked,,text
Bellingham,2014,,total,,10509,270,checked,precincts sum to both printed totals,text
Bellingham,2014,,precinct,1,2052,41,checked,,text
Bellingham,2014,,precinct,2,2317,59,checked,,text
Bellingham,2014,,precinct,3,2040,55,checked,,text
Bellingham,2014,,precinct,4,2031,60,checked,,text
Bellingham,2014,,precinct,5,2069,55,checked,,text
Belmont,2014,2014-05-01,total,,18087,5949,mismatch,"precincts sum to 19025 registered, the printed total says 18087",text
Belmont,2014,2014-05-01,precinct,1,2257,966,mismatch,,text
Belmont,2014,2014-05-01,precinct,2,2355,790,mismatch,,text
Belmont,2014,2014-05-01,precinct,3,2235,735,mismatch,,text
Belmont,2014,2014-05-01,precinct,4,2111,527,mismatch,,text
Belmont,2014,2014-05-01,precinct,5,2309,656,mismatch,,text
Belmont,2014,2014-05-01,precinct,6,2178,822,mismatch,,text
Belmont,2014,2014-05-01,precinct,7,2304,517,mismatch,,text
Belmont,2014,2014-05-01,precinct,8,2338,936,mismatch,,text
Belmont,2014,2014-05-01,precinct,9,938,409,mismatch,,text
Berkley,2014,,total,,4192,744,checked,precincts sum to both printed totals,text
Berkley,2014,,precinct,1,2168,406,checked,,text
Berkley,2014,,precinct,2,2024,338,checked,,text
Berlin,2014,2014-05-12,total,,2082,727,single,"a single undivided town, or no precinct detail printed",text
Bernardston,2014,,total,,1449,76,single,"a single undivided town, or no precinct detail printed",text
Billerica,2014,,total,,25974,5261,checked,precincts sum to both printed totals,text
Billerica,2014,,precinct,1,2697,494,checked,,text
Billerica,2014,,precinct,2,2468,508,checked,,text
Billerica,2014,,precinct,3,2345,369,checked,,text
Billerica,2014,,precinct,4,2015,423,checked,,text
Billerica,2014,,precinct,5,2569,620,checked,,text
Billerica,2014,,precinct,6,1965,397,checked,,text
Billerica,2014,,precinct,7,2261,422,checked,,text
Billerica,2014,,precinct,8,2606,646,checked,,text
Billerica,2014,,precinct,9,2356,419,checked,,text
Billerica,2014,,precinct,10,2449,476,checked,,text
Billerica,2014,,precinct,11,2243,487,checked,,text
Blackstone,2014,,total,,6197,1198,checked,precincts sum to both printed totals,text
Blackstone,2014,,precinct,1,2056,415,checked,,text
Blackstone,2014,,precinct,2,2080,375,checked,,text
Blackstone,2014,,precinct,3,2061,408,checked,,text
Blandford,2014,,total,,670,200,single,"a single undivided town, or no precinct detail printed",text
Burlington,2014,2014-04-12,total,,15347,1599,checked,precincts sum to both printed totals,text
Burlington,2014,2014-04-12,precinct,1,2542,324,checked,,text
Burlington,2014,2014-04-12,precinct,2,1633,104,checked,,text
Burlington,2014,2014-04-12,precinct,3,2219,267,checked,,text
Burlington,2014,2014-04-12,precinct,4,2051,210,checked,,text
Burlington,2014,2014-04-12,precinct,5,2418,304,checked,,text
Burlington,2014,2014-04-12,precinct,6,2371,274,checked,,text
Burlington,2014,2014-04-12,precinct,7,2113,116,checked,,text
Canton,2014,2014-04-08,total,,13330,428,checked,precincts sum to both printed totals,text
Canton,2014,2014-04-08,precinct,1,2285,57,checked,,text
Canton,2014,2014-04-08,precinct,2,2461,104,checked,,text
Canton,2014,2014-04-08,precinct,3,1173,37,checked,,text
Canton,2014,2014-04-08,precinct,4,2623,72,checked,,text
Canton,2014,2014-04-08,precinct,5,2455,76,checked,,text
Canton,2014,2014-04-08,precinct,6,2333,82,checked,,text
Carlisle,2014,2014-05-06,total,,3644,210,single,"a single undivided town, or no precinct detail printed",text
Carver,2014,2014-04-26,total,,7901,1520,checked,precincts sum to both printed totals,text
Carver,2014,2014-04-26,precinct,1,2592,461,checked,,text
Carver,2014,2014-04-26,precinct,2,2543,519,checked,,text
Carver,2014,2014-04-26,precinct,3,2766,540,checked,,text
Charlemont,2014,2014-05-27,total,,779,121,single,"a single undivided town, or no precinct detail printed",text
Charlton,2014,2014-05-03,total,,9620,486,checked,precincts sum to both printed totals,text
Charlton,2014,2014-05-03,precinct,1,2416,112,checked,,text
Charlton,2014,2014-05-03,precinct,2,2457,137,checked,,text
Charlton,2014,2014-05-03,precinct,3,2475,113,checked,,text
Charlton,2014,2014-05-03,precinct,4,2272,124,checked,,text
Chatham,2014,2014-05-15,total,,5508,1480,single,"a single undivided town, or no precinct detail printed",text
Chelmsford,2014,2014-04-01,total,,23794,3916,checked,precincts sum to both printed totals,text
Chelmsford,2014,2014-04-01,precinct,1,2703,530,checked,,text
Chelmsford,2014,2014-04-01,precinct,2,2553,252,checked,,text
Chelmsford,2014,2014-04-01,precinct,3,2623,373,checked,,text
Chelmsford,2014,2014-04-01,precinct,4,2421,362,checked,,text
Chelmsford,2014,2014-04-01,precinct,5,2614,477,checked,,text
Chelmsford,2014,2014-04-01,precinct,6,2802,456,checked,,text
Chelmsford,2014,2014-04-01,precinct,7,2710,577,checked,,text
Chelmsford,2014,2014-04-01,precinct,8,2627,399,checked,,text
Chelmsford,2014,2014-04-01,precinct,9,2741,490,checked,,text
Cheshire,2014,2014-05-05,total,,2254,544,single,"a single undivided town, or no precinct detail printed",text
Chester,2014,2014-05-03,total,,902,188,single,"a single undivided town, or no precinct detail printed",text
Chesterfield,2014,2014-05-05,total,,873,262,single,"a single undivided town, or no precinct detail printed",text
Chilmark,2014,2014-04-30,total,,917,134,single,"a single undivided town, or no precinct detail printed",text
Clarksburg,2014,2014-05-27,total,,1062,246,single,"a single undivided town, or no precinct detail printed",text
Clinton,2014,2014-06-09,total,,9449,791,checked,precincts sum to both printed totals; the TOTALS label was unreadable and was identified by the sum,text
Clinton,2014,2014-06-09,precinct,1,2364,157,checked,,text
Clinton,2014,2014-06-09,precinct,2,2387,234,checked,,text
Clinton,2014,2014-06-09,precinct,3,2324,177,checked,,text
Clinton,2014,2014-06-09,precinct,4,2374,223,checked,,text
Cohasset,2014,2014-05-10,total,,5679,2102,checked,precincts sum to both printed totals; the TOTALS label was unreadable and was identified by the sum,text
Cohasset,2014,2014-05-10,precinct,1,2834,1099,checked,,text
Cohasset,2014,2014-05-10,precinct,2,2845,1003,checked,,text
Colrain,2014,2014-05-05,total,,,,no_total,no TOTALS row was read,text
Colrain,2014,2014-05-05,precinct,1,1115,79,no_total,,text
Concord,2014,2014-03-25,total,,12674,2194,checked,precincts sum to both printed totals; the TOTALS label was unreadable and was identified by the sum,text
Concord,2014,2014-03-25,precinct,1,2471,486,checked,,text
Concord,2014,2014-03-25,precinct,2,2879,496,checked,,text
Concord,2014,2014-03-25,precinct,3,2726,451,checked,,text
Concord,2014,2014-03-25,precinct,4,2786,492,checked,,text
Concord,2014,2014-03-25,precinct,5,1812,269,checked,,text
Cummington,2014,2014-05-12,total,,,,no_total,no TOTALS row was read,text
Cummington,2014,2014-05-12,precinct,1,710,28,no_total,,text
Danvers,2014,2014-05-06,total,,18770,1413,checked,precincts sum to both printed totals; the TOTALS label was unreadable and was identified by the sum,text
Danvers,2014,2014-05-06,precinct,1,2431,133,checked,,text
Danvers,2014,2014-05-06,precinct,2,2370,150,checked,,text
Danvers,2014,2014-05-06,precinct,3,2215,130,checked,,text
Danvers,2014,2014-05-06,precinct,4,2291,203,checked,,text
Danvers,2014,2014-05-06,precinct,5,2452,261,checked,,text
Danvers,2014,2014-05-06,precinct,6,2411,270,checked,,text
Danvers,2014,2014-05-06,precinct,7,2332,181,checked,,text
Danvers,2014,2014-05-06,precinct,8,2268,85,checked,,text
Dartmouth,2014,2014-04-01,total,,23201,3371,checked,precincts sum to both printed totals; the TOTALS label was unreadable and was identified by the sum,text
Dartmouth,2014,2014-04-01,precinct,1,2780,255,checked,,text
Dartmouth,2014,2014-04-01,precinct,2,1912,264,checked,,text
Dartmouth,2014,2014-04-01,precinct,3,1814,1,checked,,text
Dartmouth,2014,2014-04-01,precinct,4,2704,307,checked,,text
Dartmouth,2014,2014-04-01,precinct,5,2825,446,checked,,text
Dartmouth,2014,2014-04-01,precinct,6,2420,301,checked,,text
Dartmouth,2014,2014-04-01,precinct,7,2610,448,checked,,text
Dartmouth,2014,2014-04-01,precinct,8,2979,694,checked,,text
Dartmouth,2014,2014-04-01,precinct,9,3157,655,checked,,text
Deerfield,2014,2014-05-05,total,,,,no_total,no TOTALS row was read,text
Deerfield,2014,2014-05-05,precinct,1,3538,378,no_total,,text
Dennis,2014,,total,,11728,2514,checked,precincts sum to both printed totals; the TOTALS label was unreadable and was identified by the sum,text
Dennis,2014,,precinct,1,2435,712,checked,,text
Dennis,2014,,precinct,2,2514,752,checked,,text
Dennis,2014,,precinct,3,2236,258,checked,,text
Dennis,2014,,precinct,4,2377,412,checked,,text
Dennis,2014,,precinct,5,2166,380,checked,,text
Dighton,2014,,total,,4817,817,checked,precincts sum to both printed totals; the TOTALS label was unreadable and was identified by the sum,text
Dighton,2014,,precinct,1,2376,432,checked,,text
Dighton,2014,,precinct,2,2441,385,checked,,text
Douglas,2014,,total,,5947,225,checked,precincts sum to both printed totals; the TOTALS label was unreadable and was identified by the sum,text
Douglas,2014,,precinct,1,2025,72,checked,,text
Douglas,2014,,precinct,2,2036,69,checked,,text
Douglas,2014,,precinct,3,1886,84,checked,,text
Dover,2014,2014-05-19,total,,,,no_total,no TOTALS row was read,text
Dover,2014,2014-05-19,precinct,1,3925,187,no_total,,text
Dracut,2014,,total,,20575,3560,checked,precincts sum to both printed totals; the TOTALS label was unreadable and was identified by the sum,text
Dracut,2014,,precinct,1,1985,215,checked,,text
Dracut,2014,,precinct,2,2081,324,checked,,text
Dracut,2014,,precinct,3,2322,513,checked,,text
Dracut,2014,,precinct,4,2524,457,checked,,text
Dracut,2014,,precinct,5,2176,371,checked,,text
Dracut,2014,,precinct,6,2288,330,checked,,text
Dracut,2014,,precinct,7,85,35,checked,,text
Dracut,2014,,precinct,8,2142,269,checked,,text
Dracut,2014,,precinct,9,2667,599,checked,,text
Dracut,2014,,precinct,10,2305,447,checked,,text
Dudley,2014,,total,,,,no_total,no TOTALS row was read,text
Dudley,2014,,precinct,1,2598,422,no_total,,text
Dudley,2014,,precinct,2,2366,339,no_total,,text
Dudley,2014,,precinct,3,1962,290,no_total,,text
Dudley,2014,,precinct,4,6926,1051,no_total,,text
Dudley,2014,,precinct,5,2206,773,no_total,,text
Duxbury,2014,,total,,,,no_total,no TOTALS row was read,text
Duxbury,2014,,precinct,1,1996,287,no_total,,text
Duxbury,2014,,precinct,2,1934,282,no_total,,text
Duxbury,2014,,precinct,3,1743,180,no_total,,text
Duxbury,2014,,precinct,4,1854,128,no_total,,text
Duxbury,2014,,precinct,5,1829,134,no_total,,text
Duxbury,2014,,precinct,6,1768,139,no_total,,text
Duxbury,2014,,precinct,7,11124,1150,no_total,,text
Duxbury,2014,,precinct,8,2182,249,no_total,,text
Duxbury,2014,,precinct,9,2212,280,no_total,,text
Duxbury,2014,,precinct,10,2336,306,no_total,,text
Duxbury,2014,,precinct,11,2054,292,no_total,,text
Duxbury,2014,,precinct,12,8784,1127,no_total,,text
Duxbury,2014,,precinct,13,1476,291,no_total,,text
Duxbury,2014,,precinct,14,2858,360,no_total,,text
Duxbury,2014,,precinct,15,2668,326,no_total,,text
Duxbury,2014,,precinct,16,2779,388,no_total,,text
Duxbury,2014,,precinct,17,2891,452,no_total,,text
Duxbury,2014,,precinct,18,11196,1526,no_total,,text
Easton,2014,2014-04-07,total,,879,203,checked,precincts sum to both printed totals; the TOTALS label was unreadable and was identified by the sum,text
Easton,2014,2014-04-07,precinct,1,511,118,checked,,text
Easton,2014,2014-04-07,precinct,2,368,85,checked,,text
Everett,2014,2014-05-03,total,,,,no_total,no TOTALS row was read,text
Everett,2014,2014-05-03,precinct,1,1412,215,no_total,,text
Foxborough,2014,2014-05-05,total,,10953,1671,checked,precincts sum to both printed totals; the TOTALS label was unreadable and was identified by the sum,text
Foxborough,2014,2014-05-05,precinct,1,2000,226,checked,,text
Foxborough,2014,2014-05-05,precinct,2,2315,384,checked,,text
Foxborough,2014,2014-05-05,precinct,3,2285,347,checked,,text
Foxborough,2014,2014-05-05,precinct,4,2276,375,checked,,text
Foxborough,2014,2014-05-05,precinct,5,2077,339,checked,,text
Framingham,2014,2014-04-01,total,,37590,3710,checked,precincts sum to both printed totals,text
Framingham,2014,2014-04-01,precinct,1,2879,373,checked,,text
Framingham,2014,2014-04-01,precinct,2,2754,358,checked,,text
Framingham,2014,2014-04-01,precinct,3,2369,250,checked,,text
Framingham,2014,2014-04-01,precinct,4,2723,355,checked,,text
Framingham,2014,2014-04-01,precinct,5,2669,272,checked,,text
Framingham,2014,2014-04-01,precinct,6,2598,293,checked,,text
Framingham,2014,2014-04-01,precinct,7,2409,307,checked,,text
Framingham,2014,2014-04-01,precinct,8,2476,265,checked,,text
Framingham,2014,2014-04-01,precinct,9,1972,140,checked,,text
Framingham,2014,2014-04-01,precinct,10,1714,71,checked,,text
Framingham,2014,2014-04-01,precinct,11,2824,361,checked,,text
Framingham,2014,2014-04-01,precinct,12,1430,139,checked,,text
Framingham,2014,2014-04-01,precinct,13,1984,156,checked,,text
Framingham,2014,2014-04-01,precinct,14,1563,93,checked,,text
Framingham,2014,2014-04-01,precinct,15,1604,119,checked,,text
Framingham,2014,2014-04-01,precinct,16,945,60,checked,,text
Framingham,2014,2014-04-01,precinct,17,1201,31,checked,,text
Framingham,2014,2014-04-01,precinct,18,1476,67,checked,,text
Freetown,2014,2014-04-07,total,,5609,333,checked,precincts sum to both printed totals,text
Freetown,2014,2014-04-07,precinct,1,1887,88,checked,,text
Freetown,2014,2014-04-07,precinct,2,1855,118,checked,,text
Freetown,2014,2014-04-07,precinct,3,1867,127,checked,,text
Georgetown,2014,2014-05-12,total,,6103,739,checked,precincts sum to both printed totals,text
Georgetown,2014,2014-05-12,precinct,1,2265,255,checked,,text
Georgetown,2014,2014-05-12,precinct,2,1982,234,checked,,text
Georgetown,2014,2014-05-12,precinct,3,1856,250,checked,,text
Gill,2014,2014-05-19,total,,1045,197,single,"a single undivided town, or no precinct detail printed",text
Goshen,2014,2014-05-03,total,,694,57,single,"a single undivided town, or no precinct detail printed",text
Gosnold,2014,2014-05-19,total,,147,60,single,"a single undivided town, or no precinct detail printed",text
Grafton,2014,2014-05-20,total,,11943,1801,checked,precincts sum to both printed totals,text
Grafton,2014,2014-05-20,precinct,1,2609,341,checked,,text
Grafton,2014,2014-05-20,precinct,2,2389,404,checked,,text
Grafton,2014,2014-05-20,precinct,3,2256,317,checked,,text
Grafton,2014,2014-05-20,precinct,4,2144,321,checked,,text
Grafton,2014,2014-05-20,precinct,5,2545,418,checked,,text
Granby,2014,2014-05-19,total,,4324,1248,checked,precincts sum to both printed totals,text
Granby,2014,2014-05-19,precinct,1,2272,670,checked,,text
Granby,2014,2014-05-19,precinct,2,2052,578,checked,,text
Granville,2014,2014-04-14,total,,1135,55,single,"a single undivided town, or no precinct detail printed",text
Great Barrington,2014,2014-05-13,total,,4357,1396,checked,precincts sum to both printed totals,text
Great Barrington,2014,2014-05-13,precinct,A,1165,347,checked,,text
Great Barrington,2014,2014-05-13,precinct,B,1174,348,checked,,text
Great Barrington,2014,2014-05-13,precinct,C,847,265,checked,,text
Great Barrington,2014,2014-05-13,precinct,D,1171,436,checked,,text
Greenfield,2014,2014-06-10,total,,10968,3163,checked,precincts sum to both printed totals; the TOTALS label was unreadable and was identified by the sum,text
Greenfield,2014,2014-06-10,precinct,1,1236,332,checked,,text
Greenfield,2014,2014-06-10,precinct,2,1403,476,checked,,text
Greenfield,2014,2014-06-10,precinct,3,1208,397,checked,,text
Greenfield,2014,2014-06-10,precinct,4,1286,415,checked,,text
Greenfield,2014,2014-06-10,precinct,5,1315,476,checked,,text
Greenfield,2014,2014-06-10,precinct,6,1271,356,checked,,text
Greenfield,2014,2014-06-10,precinct,7,1129,238,checked,,text
Greenfield,2014,2014-06-10,precinct,8,1128,197,checked,,text
Greenfield,2014,2014-06-10,precinct,9,992,276,checked,,text
Groveland,2014,2014-05-05,total,,4762,843,checked,precincts sum to both printed totals; the TOTALS label was unreadable and was identified by the sum,text
Groveland,2014,2014-05-05,precinct,1,2377,400,checked,,text
Groveland,2014,2014-05-05,precinct,2,2385,443,checked,,text
Halifax,2014,2014-05-17,total,,5194,1230,checked,precincts sum to both printed totals; the TOTALS label was unreadable and was identified by the sum,text
Halifax,2014,2014-05-17,precinct,1,2676,689,checked,,text
Halifax,2014,2014-05-17,precinct,2,2518,541,checked,,text
Hampden,2014,2014-04-28,total,,,,no_total,no TOTALS row was read,text
Hampden,2014,2014-04-28,precinct,1,3685,519,no_total,,text
Hancock,2014,2014-05-12,total,,,,no_total,no TOTALS row was read,text
Hancock,2014,2014-05-12,precinct,1,511,63,no_total,,text
Hardwick,2014,2014-04-14,total,,,,no_total,no TOTALS row was read,text
Hardwick,2014,2014-04-14,precinct,1,1754,436,no_total,,text
Harvard,2014,2014-04-08,total,,,,no_total,no TOTALS row was read,text
Harvard,2014,2014-04-08,precinct,1,4089,658,no_total,,text
Harwich,2014,2014-05-20,total,,10201,996,checked,precincts sum to both printed totals; the TOTALS label was unreadable and was identified by the sum,text
Harwich,2014,2014-05-20,precinct,1,2669,325,checked,,text
Harwich,2014,2014-05-20,precinct,2,2522,320,checked,,text
Harwich,2014,2014-05-20,precinct,3,2600,202,checked,,text
Harwich,2014,2014-05-20,precinct,4,2410,149,checked,,text
Hatfield,2014,2014-05-20,total,,,,no_total,no TOTALS row was read,text
Hatfield,2014,2014-05-20,precinct,1,651,,no_total,,text
Hawley,2014,,total,,,,no_total,no TOTALS row was read,text
Hawley,2014,,precinct,1,254,148,no_total,,text
Heath,2014,,total,,,,no_total,no TOTALS row was read,text
Heath,2014,,precinct,1,499,59,no_total,,text
Hingham,2014,,total,,16591,2976,checked,precincts sum to both printed totals; the TOTALS label was unreadable and was identified by the sum,text
Hingham,2014,,precinct,1,2691,360,checked,,text
Hingham,2014,,precinct,2,2828,412,checked,,text
Hingham,2014,,precinct,3,2792,542,checked,,text
Hingham,2014,,precinct,4,2692,527,checked,,text
Hingham,2014,,precinct,5,1921,341,checked,,text
Hingham,2014,,precinct,6,1071,243,checked,,text
Hingham,2014,,precinct,7,2596,551,checked,,text
Hinsdale,2014,,total,,,,no_total,no TOTALS row was read,text
Hinsdale,2014,,precinct,1,1401,736,no_total,,text
Hinsdale,2014,,precinct,2,1,344,no_total,,text
Hinsdale,2014,,precinct,3,1748,385,no_total,,text
Hinsdale,2014,,precinct,4,1707,376,no_total,,text
Hinsdale,2014,,precinct,5,1657,273,no_total,,text
Hinsdale,2014,,precinct,6,6816,1378,no_total,,text
Holden,2014,,total,,12615,1433,checked,precincts sum to both printed totals; the TOTALS label was unreadable and was identified by the sum,text
Holden,2014,,precinct,1,2601,262,checked,,text
Holden,2014,,precinct,2,2463,304,checked,,text
Holden,2014,,precinct,3,2341,328,checked,,text
Holden,2014,,precinct,4,2520,291,checked,,text
Holden,2014,,precinct,5,2690,248,checked,,text
Holland,2014,,total,,,,no_total,no TOTALS row was read,text
Holland,2014,,precinct,1,1868,437,no_total,,text
Hudson,2014,,total,,12713,2589,checked,precincts sum to both printed totals; the TOTALS label was unreadable and was identified by the sum,text
Hudson,2014,,precinct,1,1928,407,checked,,text
Hudson,2014,,precinct,2,1664,317,checked,,text
Hudson,2014,,precinct,3,1979,526,checked,,text
Hudson,2014,,precinct,4,1986,421,checked,,text
Hudson,2014,,precinct,5,1960,406,checked,,text
Hudson,2014,,precinct,6,1561,263,checked,,text
Hudson,2014,,precinct,7,1635,249,checked,,text
Huntington,2014,2014-05-17,total,,,,no_total,no TOTALS row was read,text
Huntington,2014,2014-05-17,precinct,1,1398,116,no_total,,text
June,2014,2014-06-02,total,,2586,408,mismatch,"precincts sum to 51785 registered, the printed total says 2586",text
June,2014,2014-06-02,precinct,1,2307,380,mismatch,,text
June,2014,2014-06-02,precinct,1,1980,254,mismatch,,text
June,2014,2014-06-02,precinct,2,2126,344,mismatch,,text
June,2014,2014-06-02,precinct,2,2203,455,mismatch,,text
June,2014,2014-06-02,precinct,3,1835,246,mismatch,,text
June,2014,2014-06-02,precinct,3,2218,337,mismatch,,text
June,2014,2014-06-02,precinct,4,2003,250,mismatch,,text
June,2014,2014-06-02,precinct,4,2015,332,mismatch,,text
June,2014,2014-06-02,precinct,5,8271,1220,mismatch,,text
June,2014,2014-06-02,precinct,5,1838,279,mismatch,,text
June,2014,2014-06-02,precinct,6,594,302,mismatch,,text
June,2014,2014-06-02,precinct,6,2238,285,mismatch,,text
June,2014,2014-06-02,precinct,7,1277,267,mismatch,,text
June,2014,2014-06-02,precinct,7,2076,376,mismatch,,text
June,2014,2014-06-02,precinct,8,2118,329,mismatch,,text
June,2014,2014-06-02,precinct,16,16686,2647,mismatch,,text
Kingston,2014,2014-03-03,total,,21562,4259,checked,precincts sum to both printed totals; the TOTALS label was unreadable and was identified by the sum,text
Kingston,2014,2014-03-03,precinct,1,2075,312,checked,,text
Kingston,2014,2014-03-03,precinct,2,2508,455,checked,,text
Kingston,2014,2014-03-03,precinct,3,2104,367,checked,,text
Kingston,2014,2014-03-03,precinct,4,2499,606,checked,,text
Kingston,2014,2014-03-03,precinct,5,2646,497,checked,,text
Kingston,2014,2014-03-03,precinct,6,2492,598,checked,,text
Kingston,2014,2014-03-03,precinct,7,2431,456,checked,,text
Kingston,2014,2014-03-03,precinct,8,2392,487,checked,,text
Kingston,2014,2014-03-03,precinct,9,2415,481,checked,,text
Lee,2014,,total,,,,no_total,no TOTALS row was read,text
Lee,2014,,precinct,1,2719,133,no_total,,text
Lee,2014,,precinct,2,2561,150,no_total,,text
Lee,2014,,precinct,3,2398,104,no_total,,text
Lee,2014,,precinct,4,2317,116,no_total,,text
Lee,2014,,precinct,5,9995,503,no_total,,text
Lee,2014,,precinct,6,3784,259,no_total,,text
Lee,2014,,precinct,7,2544,617,no_total,,text
Lee,2014,,precinct,8,2644,527,no_total,,text
Lee,2014,,precinct,9,2641,501,no_total,,text
Lee,2014,,precinct,10,2590,488,no_total,,text
Lee,2014,,precinct,11,10419,2133,no_total,,text
Lee,2014,,precinct,12,3172,404,no_total,,text
Lincoln,2014,2014-03-31,total,,4386,875,checked,precincts sum to both printed totals,text
Lincoln,2014,2014-03-31,precinct,1,2549,569,checked,,text
Lincoln,2014,2014-03-31,precinct,2,1837,306,checked,,text
Littleton,2014,2014-05-10,total,,6139,1639,checked,precincts sum to both printed totals,text
Littleton,2014,2014-05-10,precinct,1,2102,592,checked,,text
Littleton,2014,2014-05-10,precinct,2,2152,515,checked,,text
Littleton,2014,2014-05-10,precinct,3,1885,532,checked,,text
Longmeadow,2014,2014-06-20,total,,11521,585,checked,precincts sum to both printed totals,text
Longmeadow,2014,2014-06-20,precinct,A,2313,135,checked,,text
Longmeadow,2014,2014-06-20,precinct,B,2060,110,checked,,text
Longmeadow,2014,2014-06-20,precinct,C,2387,100,checked,,text
Longmeadow,2014,2014-06-20,precinct,D,2450,110,checked,,text
Longmeadow,2014,2014-06-20,precinct,E,2311,130,checked,,text
Ludlow,2014,2014-03-02,total,,13211,1410,checked,precincts sum to both printed totals,text
Ludlow,2014,2014-03-02,precinct,1,2359,190,checked,,text
Ludlow,2014,2014-03-02,precinct,2,1919,125,checked,,text
Ludlow,2014,2014-03-02,precinct,3,2413,302,checked,,text
Ludlow,2014,2014-03-02,precinct,4,2283,237,checked,,text
Ludlow,2014,2014-03-02,precinct,5,1647,229,checked,,text
Ludlow,2014,2014-03-02,precinct,6,2590,327,checked,,text
Lunenburg,2014,2014-05-20,total,,7083,1248,checked,precincts sum to both printed totals,text
Lunenburg,2014,2014-05-20,precinct,A,1822,347,checked,,text
Lunenburg,2014,2014-05-20,precinct,B,1658,241,checked,,text
Lunenburg,2014,2014-05-20,precinct,C,1843,323,checked,,text
Lunenburg,2014,2014-05-20,precinct,D,1760,337,checked,,text
Lynnfield,2014,2014-04-14,total,,9267,403,checked,precincts sum to both printed totals,text
Lynnfield,2014,2014-04-14,precinct,1,2339,102,checked,,text
Lynnfield,2014,2014-04-14,precinct,2,2207,81,checked,,text
Lynnfield,2014,2014-04-14,precinct,3,2291,75,checked,,text
Lynnfield,2014,2014-04-14,precinct,4,2430,145,checked,,text
Manchester By The,2014,2014-05-20,total,,3874,1357,single,"a single undivided town, or no precinct detail printed",text
Mansfield,2014,2014-05-13,total,,13588,1425,checked,precincts sum to both printed totals,text
Mansfield,2014,2014-05-13,precinct,1,2432,199,checked,,text
Mansfield,2014,2014-05-13,precinct,2,2396,228,checked,,text
Mansfield,2014,2014-05-13,precinct,3,2404,309,checked,,text
Mansfield,2014,2014-05-13,precinct,4,2290,281,checked,,text
Mansfield,2014,2014-05-13,precinct,5,1994,182,checked,,text
Mansfield,2014,2014-05-13,precinct,6,2072,226,checked,,text
Marblehead,2014,2014-05-13,total,,16201,945,mismatch,"precincts sum to 14992 registered, the printed total says 16201",text
Marblehead,2014,2014-05-13,precinct,1,2551,400,mismatch,,text
Marblehead,2014,2014-05-13,precinct,2,2643,381,mismatch,,text
Marblehead,2014,2014-05-13,precinct,3,2365,312,mismatch,,text
Marblehead,2014,2014-05-13,precinct,4,2590,347,mismatch,,text
Marblehead,2014,2014-05-13,precinct,5,2435,272,mismatch,,text
Marblehead,2014,2014-05-13,precinct,6,2408,333,mismatch,,text
March,2014,2014-03-03,total,,4696,649,checked,precincts sum to both printed totals; the TOTALS label was unreadable and was identified by the sum,text
March,2014,2014-03-03,precinct,1,2300,345,checked,,text
March,2014,2014-03-03,precinct,2,2396,304,checked,,text
Marshfield,2014,2014-05-03,total,,17710,1598,checked,precincts sum to both printed totals; the TOTALS label was unreadable and was identified by the sum,text
Marshfield,2014,2014-05-03,precinct,1,2577,193,checked,,text
Marshfield,2014,2014-05-03,precinct,2,2639,220,checked,,text
Marshfield,2014,2014-05-03,precinct,3,2579,192,checked,,text
Marshfield,2014,2014-05-03,precinct,4,2468,246,checked,,text
Marshfield,2014,2014-05-03,precinct,5,2228,172,checked,,text
Marshfield,2014,2014-05-03,precinct,6,2703,271,checked,,text
Marshfield,2014,2014-05-03,precinct,7,2516,304,checked,,text
Mashpee,2014,2014-05-17,total,,10284,1129,checked,precincts sum to both printed totals; the TOTALS label was unreadable and was identified by the sum,text
Mashpee,2014,2014-05-17,precinct,1,2247,248,checked,,text
Mashpee,2014,2014-05-17,precinct,2,1943,200,checked,,text
Mashpee,2014,2014-05-17,precinct,3,1824,167,checked,,text
Mashpee,2014,2014-05-17,precinct,4,1895,200,checked,,text
Mashpee,2014,2014-05-17,precinct,5,2375,314,checked,,text
Mattapoisett,2014,2014-05-20,total,,,,no_total,no TOTALS row was read,text
Mattapoisett,2014,2014-05-20,precinct,1,4641,1389,no_total,,text
May,2014,2014-05-03,total,,3456,124,mismatch,"precincts sum to 478637 registered, the printed total says 3456",text
May,2014,2014-05-03,precinct,1,1252,244,mismatch,,text
May,2014,2014-05-03,precinct,1,2009,57,mismatch,,text
May,2014,2014-05-03,precinct,1,2003,514,mismatch,,text
May,2014,2014-05-03,precinct,1,2592,629,mismatch,,text
May,2014,2014-05-03,precinct,1,2337,252,mismatch,,text
May,2014,2014-05-03,precinct,1,2250,81,mismatch,,text
May,2014,2014-05-03,precinct,1,2856,1133,mismatch,,text
May,2014,2014-05-03,precinct,1,2678,447,mismatch,,text
May,2014,2014-05-03,precinct,1,2277,147,mismatch,,text
May,2014,2014-05-03,precinct,1,2247,1051,mismatch,,text
May,2014,2014-05-03,precinct,1,2777,592,mismatch,,text
May,2014,2014-05-03,precinct,1,2565,1000,mismatch,,text
May,2014,2014-05-03,precinct,1,2277,187,mismatch,,text
May,2014,2014-05-03,precinct,1,2165,170,mismatch,,text
May,2014,2014-05-03,precinct,1,2209,123,mismatch,,text
May,2014,2014-05-03,precinct,1,1367,397,mismatch,,text
May,2014,2014-05-03,precinct,1,1885,399,mismatch,,text
May,2014,2014-05-03,precinct,1,2829,652,mismatch,,text
May,2014,2014-05-03,precinct,1,2377,290,mismatch,,text
May,2014,2014-05-03,precinct,1,2582,253,mismatch,,text
May,2014,2014-05-03,precinct,1,2191,53,mismatch,,text
May,2014,2014-05-03,precinct,1,2474,188,mismatch,,text
May,2014,2014-05-03,precinct,2,2069,40,mismatch,,text
May,2014,2014-05-03,precinct,2,2196,105,mismatch,,text
May,2014,2014-05-03,precinct,2,2072,671,mismatch,,text
May,2014,2014-05-03,precinct,2,2613,636,mismatch,,text
May,2014,2014-05-03,precinct,2,1834,133,mismatch,,text
May,2014,2014-05-03,precinct,2,2216,78,mismatch,,text
May,2014,2014-05-03,precinct,2,2718,919,mismatch,,text
May,2014,2014-05-03,precinct,2,2516,330,mismatch,,text
May,2014,2014-05-03,precinct,2,2436,156,mismatch,,text
May,2014,2014-05-03,precinct,2,2411,1275,mismatch,,text
May,2014,2014-05-03,precinct,2,2550,431,mismatch,,text
May,2014,2014-05-03,precinct,2,2801,1244,mismatch,,text
May,2014,2014-05-03,precinct,2,2411,152,mismatch,,text
May,2014,2014-05-03,precinct,2,2236,227,mismatch,,text
May,2014,2014-05-03,precinct,2,2008,79,mismatch,,text
May,2014,2014-05-03,precinct,2,1853,437,mismatch,,text
May,2014,2014-05-03,precinct,2,1941,339,mismatch,,text
May,2014,2014-05-03,precinct,2,2778,626,mismatch,,text
May,2014,2014-05-03,precinct,2,2295,197,mismatch,,text
May,2014,2014-05-03,precinct,2,2319,244,mismatch,,text
May,2014,2014-05-03,precinct,2,2016,75,mismatch,,text
May,2014,2014-05-03,precinct,2,2565,175,mismatch,,text
May,2014,2014-05-03,precinct,3,2066,39,mismatch,,text
May,2014,2014-05-03,precinct,3,1319,52,mismatch,,text
May,2014,2014-05-03,precinct,3,1957,547,mismatch,,text
May,2014,2014-05-03,precinct,3,2512,502,mismatch,,text
May,2014,2014-05-03,precinct,3,2437,295,mismatch,,text
May,2014,2014-05-03,precinct,3,2650,829,mismatch,,text
May,2014,2014-05-03,precinct,3,2445,443,mismatch,,text
May,2014,2014-05-03,precinct,3,2337,160,mismatch,,text
May,2014,2014-05-03,precinct,3,2229,1043,mismatch,,text
May,2014,2014-05-03,precinct,3,2806,347,mismatch,,text
May,2014,2014-05-03,precinct,3,2565,998,mismatch,,text
May,2014,2014-05-03,precinct,3,2267,243,mismatch,,text
May,2014,2014-05-03,precinct,3,2220,549,mismatch,,text
May,2014,2014-05-03,precinct,3,1929,449,mismatch,,text
May,2014,2014-05-03,precinct,3,2518,345,mismatch,,text
May,2014,2014-05-03,precinct,3,2295,284,mismatch,,text
May,2014,2014-05-03,precinct,3,1992,46,mismatch,,text
May,2014,2014-05-03,precinct,3,2418,150,mismatch,,text
May,2014,2014-05-03,precinct,4,2132,36,mismatch,,text
May,2014,2014-05-03,precinct,4,2194,112,mismatch,,text
May,2014,2014-05-03,precinct,4,2377,268,mismatch,,text
May,2014,2014-05-03,precinct,4,2772,788,mismatch,,text
May,2014,2014-05-03,precinct,4,2334,147,mismatch,,text
May,2014,2014-05-03,precinct,4,2578,987,mismatch,,text
May,2014,2014-05-03,precinct,4,2303,257,mismatch,,text
May,2014,2014-05-03,precinct,4,2128,91,mismatch,,text
May,2014,2014-05-03,precinct,4,2643,270,mismatch,,text
May,2014,2014-05-03,precinct,4,2456,269,mismatch,,text
May,2014,2014-05-03,precinct,4,2463,228,mismatch,,text
May,2014,2014-05-03,precinct,5,2159,51,mismatch,,text
May,2014,2014-05-03,precinct,5,2181,146,mismatch,,text
May,2014,2014-05-03,precinct,5,2649,436,mismatch,,text
May,2014,2014-05-03,precinct,5,2908,877,mismatch,,text
May,2014,2014-05-03,precinct,5,2555,310,mismatch,,text
May,2014,2014-05-03,precinct,5,2268,256,mismatch,,text
May,2014,2014-05-03,precinct,6,2089,45,mismatch,,text
May,2014,2014-05-03,precinct,6,1620,122,mismatch,,text
May,2014,2014-05-03,precinct,6,2481,497,mismatch,,text
May,2014,2014-05-03,precinct,6,2819,934,mismatch,,text
May,2014,2014-05-03,precinct,6,2423,350,mismatch,,text
May,2014,2014-05-03,precinct,6,2211,253,mismatch,,text
May,2014,2014-05-03,precinct,7,10515,211,mismatch,,text
May,2014,2014-05-03,precinct,7,2037,65,mismatch,,text
May,2014,2014-05-03,precinct,7,2413,186,mismatch,,text
May,2014,2014-05-03,precinct,7,2639,645,mismatch,,text
May,2014,2014-05-03,precinct,8,2345,503,mismatch,,text
May,2014,2014-05-03,precinct,8,2362,247,mismatch,,text
May,2014,2014-05-03,precinct,8,2584,656,mismatch,,text
May,2014,2014-05-03,precinct,9,2354,388,mismatch,,text
May,2014,2014-05-03,precinct,9,2450,233,mismatch,,text
May,2014,2014-05-03,precinct,9,2450,650,mismatch,,text
May,2014,2014-05-03,precinct,A,2301,609,mismatch,,text
May,2014,2014-05-03,precinct,B,868,230,mismatch,,text
May,2014,2014-05-03,precinct,10,2429,389,mismatch,,text
May,2014,2014-05-03,precinct,10,2564,251,mismatch,,text
May,2014,2014-05-03,precinct,11,2258,337,mismatch,,text
May,2014,2014-05-03,precinct,11,2617,194,mismatch,,text
May,2014,2014-05-03,precinct,12,2175,319,mismatch,,text
May,2014,2014-05-03,precinct,12,2869,314,mismatch,,text
May,2014,2014-05-03,precinct,13,11561,1936,mismatch,,text
May,2014,2014-05-03,precinct,13,2477,235,mismatch,,text
May,2014,2014-05-03,precinct,14,2509,228,mismatch,,text
May,2014,2014-05-03,precinct,15,2531,212,mismatch,,text
May,2014,2014-05-03,precinct,16,2100,293,mismatch,,text
May,2014,2014-05-03,precinct,43,1464,214,mismatch,,text
May,2014,2014-05-03,precinct,46,4466,159,mismatch,,text
May,2014,2014-05-03,precinct,47,4036,1484,mismatch,,text
May,2014,2014-05-03,precinct,48,1067,224,mismatch,,text
May,2014,2014-05-03,precinct,49,2400,177,mismatch,,text
May,2014,2014-05-03,precinct,59,24396,7431,mismatch,,text
May,2014,2014-05-03,precinct,60,531,68,mismatch,,text
May,2014,2014-05-03,precinct,64,7639,1220,mismatch,,text
May,2014,2014-05-03,precinct,69,9384,610,mismatch,,text
May,2014,2014-05-03,precinct,73,6887,3369,mismatch,,text
May,2014,2014-05-03,precinct,77,8133,1370,mismatch,,text
May,2014,2014-05-03,precinct,82,10509,4229,mismatch,,text
May,2014,2014-05-03,precinct,85,4688,339,mismatch,,text
May,2014,2014-05-03,precinct,86,3803,1029,mismatch,,text
May,2014,2014-05-03,precinct,87,3742,245,mismatch,,text
May,2014,2014-05-03,precinct,88,541,141,mismatch,,text
May,2014,2014-05-03,precinct,93,8971,897,mismatch,,text
May,2014,2014-05-03,precinct,94,4134,305,mismatch,,text
May,2014,2014-05-03,precinct,95,1068,177,mismatch,,text
May,2014,2014-05-03,precinct,98,2260,76,mismatch,,text
May,2014,2014-05-03,precinct,100,8605,369,mismatch,,text
May,2014,2014-05-03,precinct,101,3078,250,mismatch,,text
May,2014,2014-05-03,precinct,102,1051,213,mismatch,,text
May,2014,2014-05-03,precinct,106,5440,1383,mismatch,,text
May,2014,2014-05-03,precinct,107,269,157,mismatch,,text
May,2014,2014-05-03,precinct,108,4075,722,mismatch,,text
May,2014,2014-05-03,precinct,109,968,213,mismatch,,text
May,2014,2014-05-03,precinct,113,5755,1187,mismatch,,text
May,2014,2014-05-03,precinct,120,15746,2553,mismatch,,text
May,2014,2014-05-03,precinct,121,471,69,mismatch,,text
May,2014,2014-05-03,precinct,128,13902,1549,mismatch,,text
May,2014,2014-05-03,precinct,131,4901,497,mismatch,,text
May,2014,2014-05-03,precinct,135,6199,174,mismatch,,text
May,2014,2014-05-03,precinct,140,9920,741,mismatch,,text
May,2014,2014-05-03,precinct,143,3169,839,mismatch,,text
May,2014,2014-05-03,precinct,144,543,159,mismatch,,text
May,2014,2014-05-03,precinct,145,4156,439,mismatch,,text
May,2014,2014-05-03,precinct,146,3974,340,mismatch,,text
May,2014,2014-05-03,precinct,147,8130,779,mismatch,,text
Maynard,2014,2014-05-06,total,,6953,1742,checked,precincts sum to both printed totals; the TOTALS label was unreadable and was identified by the sum,text
Maynard,2014,2014-05-06,precinct,1,1741,528,checked,,text
Maynard,2014,2014-05-06,precinct,2,1748,384,checked,,text
Maynard,2014,2014-05-06,precinct,3,1728,484,checked,,text
Maynard,2014,2014-05-06,precinct,4,1736,346,checked,,text
Medfield,2014,2014-03-31,total,,,,no_total,no TOTALS row was read,text
Medfield,2014,2014-03-31,precinct,1,1988,405,no_total,,text
Medfield,2014,2014-03-31,precinct,1,2575,142,no_total,,text
Medfield,2014,2014-03-31,precinct,2,2075,356,no_total,,text
Medfield,2014,2014-03-31,precinct,2,2309,114,no_total,,text
Medfield,2014,2014-03-31,precinct,3,2189,327,no_total,,text
Medfield,2014,2014-03-31,precinct,3,2443,107,no_total,,text
Medfield,2014,2014-03-31,precinct,4,1974,302,no_total,,text
Medfield,2014,2014-03-31,precinct,4,2296,105,no_total,,text
Medfield,2014,2014-03-31,precinct,5,8226,1390,no_total,,text
Medfield,2014,2014-03-31,precinct,5,2634,174,no_total,,text
Medfield,2014,2014-03-31,precinct,6,2601,164,no_total,,text
Medfield,2014,2014-03-31,precinct,7,2415,181,no_total,,text
Medfield,2014,2014-03-31,precinct,13,17273,987,no_total,,text
Merrimac,2014,2014-05-05,total,,4476,366,checked,precincts sum to both printed totals; the TOTALS label was unreadable and was identified by the sum,text
Merrimac,2014,2014-05-05,precinct,1,2245,155,checked,,text
Merrimac,2014,2014-05-05,precinct,2,2231,211,checked,,text
Methuen,2014,,total,,,,no_election,the volume states no election was held this year,text
Middleborough,2014,2014-04-05,total,,15934,290,checked,precincts sum to both printed totals; the TOTALS label was unreadable and was identified by the sum,text
Middleborough,2014,2014-04-05,precinct,1,3100,75,checked,,text
Middleborough,2014,2014-04-05,precinct,2,2446,48,checked,,text
Middleborough,2014,2014-04-05,precinct,3,2699,63,checked,,text
Middleborough,2014,2014-04-05,precinct,4,2366,40,checked,,text
Middleborough,2014,2014-04-05,precinct,5,2840,37,checked,,text
Middleborough,2014,2014-04-05,precinct,6,2483,27,checked,,text
Middlefield,2014,2014-05-03,total,,,,no_total,no TOTALS row was read,text
Middlefield,2014,2014-05-03,precinct,1,337,193,no_total,,text
Middleton,2014,2014-05-19,total,,5479,450,checked,precincts sum to both printed totals; the TOTALS label was unreadable and was identified by the sum,text
Middleton,2014,2014-05-19,precinct,1,2745,289,checked,,text
Middleton,2014,2014-05-19,precinct,2,2734,161,checked,,text
Milford,2014,,total,,16438,4007,checked,precincts sum to both printed totals,text
Milford,2014,,precinct,1,1538,377,checked,,text
Milford,2014,,precinct,2,1943,505,checked,,text
Milford,2014,,precinct,3,1860,412,checked,,text
Milford,2014,,precinct,4,1818,408,checked,,text
Milford,2014,,precinct,5,2646,694,checked,,text
Milford,2014,,precinct,6,2088,629,checked,,text
Milford,2014,,precinct,7,2204,402,checked,,text
Milford,2014,,precinct,8,2341,580,checked,,text
Millbury,2014,,total,,8522,1485,checked,precincts sum to both printed totals,text
Millbury,2014,,precinct,1,2015,346,checked,,text
Millbury,2014,,precinct,2,2387,499,checked,,text
Millbury,2014,,precinct,3,2182,324,checked,,text
Millbury,2014,,precinct,4,1938,316,checked,,text
Millis,2014,,total,,5430,242,checked,precincts sum to both printed totals,text
Millis,2014,,precinct,1,1805,78,checked,,text
Millis,2014,,precinct,2,1809,94,checked,,text
Millis,2014,,precinct,3,1816,70,checked,,text
Millville,2014,,total,,168,,single,"a single undivided town, or no precinct detail printed",text
Milton,2014,2014-04-10,total,,18778,2556,mismatch,"precincts sum to 30100 registered, the printed total says 18778",text
Milton,2014,2014-04-10,precinct,1,1975,390,mismatch,,text
Milton,2014,2014-04-10,precinct,1,1916,116,mismatch,,text
Milton,2014,2014-04-10,precinct,2,1935,322,mismatch,,text
Milton,2014,2014-04-10,precinct,2,1992,289,mismatch,,text
Milton,2014,2014-04-10,precinct,3,1751,304,mismatch,,text
Milton,2014,2014-04-10,precinct,3,2019,338,mismatch,,text
Milton,2014,2014-04-10,precinct,4,5661,1016,mismatch,,text
Milton,2014,2014-04-10,precinct,4,1988,229,mismatch,,text
Milton,2014,2014-04-10,precinct,5,1570,242,mismatch,,text
Milton,2014,2014-04-10,precinct,6,2039,247,mismatch,,text
Milton,2014,2014-04-10,precinct,7,1877,248,mismatch,,text
Milton,2014,2014-04-10,precinct,8,1977,370,mismatch,,text
Milton,2014,2014-04-10,precinct,9,1990,360,mismatch,,text
Milton,2014,2014-04-10,precinct,10,1410,117,mismatch,,text
Monroe,2014,,total,,66,12,single,"a single undivided town, or no precinct detail printed",text
Monson,2014,,total,,5620,769,checked,precincts sum to both printed totals,text
Monson,2014,,precinct,A,1838,240,checked,,text
Monson,2014,,precinct,B,1822,259,checked,,text
Monson,2014,,precinct,C,1960,270,checked,,text
Montague,2014,,total,,5772,393,checked,precincts sum to both printed totals,text
Montague,2014,,precinct,1,1135,94,checked,,text
Montague,2014,,precinct,2,1009,53,checked,,text
Montague,2014,,precinct,3,918,69,checked,,text
Montague,2014,,precinct,4,1019,70,checked,,text
Montague,2014,,precinct,5,779,52,checked,,text
Montague,2014,,precinct,6,912,55,checked,,text
Monterey,2014,,total,,601,158,single,"a single undivided town, or no precinct detail printed",text
Montgomery,2014,,total,,608,47,single,"a single undivided town, or no precinct detail printed",text
Mount Washington,2014,,total,,122,45,single,"a single undivided town, or no precinct detail printed",text
Nahant,2014,,total,,2533,214,single,"a single undivided town, or no precinct detail printed",text
Nantucket,2014,2014-04-01,total,,8494,1845,single,"a single undivided town, or no precinct detail printed",text
Natick,2014,2014-03-25,total,,22568,1626,checked,precincts sum to both printed totals,text
Natick,2014,2014-03-25,precinct,1,1691,44,checked,,text
Natick,2014,2014-03-25,precinct,2,2317,134,checked,,text
Natick,2014,2014-03-25,precinct,3,2337,200,checked,,text
Natick,2014,2014-03-25,precinct,4,2107,156,checked,,text
Natick,2014,2014-03-25,precinct,5,2301,210,checked,,text
Natick,2014,2014-03-25,precinct,6,2238,139,checked,,text
Natick,2014,2014-03-25,precinct,7,2294,184,checked,,text
Natick,2014,2014-03-25,precinct,8,2315,148,checked,,text
Natick,2014,2014-03-25,precinct,9,2337,185,checked,,text
Natick,2014,2014-03-25,precinct,10,2631,226,checked,,text
Needham,2014,2014-04-08,total,,20087,5328,checked,precincts sum to both printed totals,text
Needham,2014,2014-04-08,precinct,A,1834,419,checked,,text
Needham,2014,2014-04-08,precinct,B,2048,457,checked,,text
Needham,2014,2014-04-08,precinct,C,2022,500,checked,,text
Needham,2014,2014-04-08,precinct,D,2015,475,checked,,text
Needham,2014,2014-04-08,precinct,E,2046,573,checked,,text
Needham,2014,2014-04-08,precinct,F,1975,535,checked,,text
Needham,2014,2014-04-08,precinct,G,2067,623,checked,,text
Needham,2014,2014-04-08,precinct,H,2043,619,checked,,text
Needham,2014,2014-04-08,precinct,I,1973,658,checked,,text
Needham,2014,2014-04-08,precinct,J,2064,469,checked,,text
New Ashford,2014,2014-05-20,total,,180,47,single,"a single undivided town, or no precinct detail printed",text
New Braintree,2014,2014-05-05,total,,716,66,single,"a single undivided town, or no precinct detail printed",text
New Marlborough,2014,2014-05-12,total,,1010,443,single,"a single undivided town, or no precinct detail printed",text
New Salem,2014,2014-05-05,total,,709,506,single,"a single undivided town, or no precinct detail printed",text
Newbury,2014,2014-04-01,total,,4958,858,checked,precincts sum to both printed totals,text
Newbury,2014,2014-04-01,precinct,1,2470,492,checked,,text
Newbury,2014,2014-04-01,precinct,2,2488,366,checked,,text
Norfolk,2014,2014-05-06,total,,6554,1297,checked,precincts sum to both printed totals,text
Norfolk,2014,2014-05-06,precinct,1,1450,312,checked,,text
Norfolk,2014,2014-05-06,precinct,2,2720,564,checked,,text
Norfolk,2014,2014-05-06,precinct,3,2384,421,checked,,text
North Andover,2014,2014-03-25,total,,18887,1263,checked,precincts sum to both printed totals,text
North Andover,2014,2014-03-25,precinct,1,2315,197,checked,,text
North Andover,2014,2014-03-25,precinct,2,2521,278,checked,,text
North Andover,2014,2014-03-25,precinct,3,2445,133,checked,,text
North Andover,2014,2014-03-25,precinct,4,2617,176,checked,,text
North Andover,2014,2014-03-25,precinct,5,1794,77,checked,,text
North Andover,2014,2014-03-25,precinct,6,2568,159,checked,,text
North Andover,2014,2014-03-25,precinct,7,2254,107,checked,,text
North Andover,2014,2014-03-25,precinct,8,2373,136,checked,,text
North Attleborough,2014,2014-04-01,total,,18813,2039,checked,precincts sum to both printed totals,text
North Attleborough,2014,2014-04-01,precinct,1,1854,157,checked,,text
North Attleborough,2014,2014-04-01,precinct,2,2186,278,checked,,text
North Attleborough,2014,2014-04-01,precinct,3,2069,309,checked,,text
North Attleborough,2014,2014-04-01,precinct,4,1928,142,checked,,text
North Attleborough,2014,2014-04-01,precinct,5,2009,194,checked,,text
North Attleborough,2014,2014-04-01,precinct,6,2191,248,checked,,text
North Attleborough,2014,2014-04-01,precinct,7,2403,233,checked,,text
North Attleborough,2014,2014-04-01,precinct,8,2095,281,checked,,text
North Attleborough,2014,2014-04-01,precinct,9,2078,197,checked,,text
North Brookfield,2014,2014-05-05,total,,2964,841,single,"a single undivided town, or no precinct detail printed",text
North Reading,2014,2014-05-06,total,,10907,1616,checked,precincts sum to both printed totals,text
North Reading,2014,2014-05-06,precinct,1,2796,431,checked,,text
North Reading,2014,2014-05-06,precinct,2,2635,283,checked,,text
North Reading,2014,2014-05-06,precinct,3,2729,417,checked,,text
North Reading,2014,2014-05-06,precinct,4,2747,485,checked,,text
Northborough,2014,2014-05-13,total,,10509,1284,mismatch,"precincts sum to 7819 registered, the printed total says 10509",text
Northborough,2014,2014-05-13,precinct,2,2593,413,mismatch,,text
Northborough,2014,2014-05-13,precinct,3,2652,238,mismatch,,text
Northborough,2014,2014-05-13,precinct,4,2574,344,mismatch,,text
Northbridge,2014,2014-05-20,total,,10349,3776,checked,precincts sum to both printed totals,text
Northbridge,2014,2014-05-20,precinct,1,2618,866,checked,,text
Northbridge,2014,2014-05-20,precinct,2,2584,893,checked,,text
Northbridge,2014,2014-05-20,precinct,3,2369,839,checked,,text
Northbridge,2014,2014-05-20,precinct,4,2778,1178,checked,,text
Northfield,2014,2014-05-07,total,,2130,358,single,"a single undivided town, or no precinct detail printed",text
Norton,2014,2014-04-29,total,,11854,292,checked,precincts sum to both printed totals,text
Norton,2014,2014-04-29,precinct,1,2619,54,checked,,text
Norton,2014,2014-04-29,precinct,2,2562,75,checked,,text
Norton,2014,2014-04-29,precinct,3,2620,71,checked,,text
Norton,2014,2014-04-29,precinct,4,2476,44,checked,,text
Norton,2014,2014-04-29,precinct,5,1577,48,checked,,text
Norwell,2014,2014-05-17,total,,7512,1719,checked,precincts sum to both printed totals,text
Norwell,2014,2014-05-17,precinct,1,2514,556,checked,,text
Norwell,2014,2014-05-17,precinct,2,2484,543,checked,,text
Norwell,2014,2014-05-17,precinct,3,2514,620,checked,,text
Norwood,2014,2014-04-07,total,,17449,3300,checked,precincts sum to both printed totals,text
Norwood,2014,2014-04-07,precinct,1,2053,380,checked,,text
Norwood,2014,2014-04-07,precinct,2,1870,435,checked,,text
Norwood,2014,2014-04-07,precinct,3,2014,396,checked,,text
Norwood,2014,2014-04-07,precinct,4,2174,581,checked,,text
Norwood,2014,2014-04-07,precinct,5,1484,160,checked,,text
Norwood,2014,2014-04-07,precinct,6,1646,199,checked,,text
Norwood,2014,2014-04-07,precinct,7,1970,393,checked,,text
Norwood,2014,2014-04-07,precinct,8,2134,354,checked,,text
Norwood,2014,2014-04-07,precinct,9,2104,402,checked,,text
ODD,2014,,total,,,,no_election,the volume states no election was held this year,text
ODD YEAR S ONLY TO,2014,,total,,,,no_election,the volume states no election was held this year,text
Oak Bluffs,2014,2014-04-10,total,,3655,896,single,"a single undivided town, or no precinct detail printed",text
Oakham,2014,2014-05-19,total,,1293,330,single,"a single undivided town, or no precinct detail printed",text
Orleans,2014,2014-05-20,total,,,,no_total,no TOTALS row was read,text
Orleans,2014,2014-05-20,precinct,1,5259,1709,no_total,,text
Pembroke,2014,2014-04-26,total,,12022,1612,checked,precincts sum to both printed totals; the TOTALS label was unreadable and was identified by the sum,text
Pembroke,2014,2014-04-26,precinct,1,2510,333,checked,,text
Pembroke,2014,2014-04-26,precinct,2,2436,340,checked,,text
Pembroke,2014,2014-04-26,precinct,3,2360,340,checked,,text
Pembroke,2014,2014-04-26,precinct,4,2393,346,checked,,text
Pembroke,2014,2014-04-26,precinct,5,2323,253,checked,,text
Pepperell,2014,2014-04-28,total,,8022,2099,checked,precincts sum to both printed totals; the TOTALS label was unreadable and was identified by the sum,text
Pepperell,2014,2014-04-28,precinct,1,2732,610,checked,,text
Pepperell,2014,2014-04-28,precinct,2,2666,728,checked,,text
Pepperell,2014,2014-04-28,precinct,3,2624,761,checked,,text
Petersham,2014,2014-03-03,total,,,,no_total,no TOTALS row was read,text
Petersham,2014,2014-03-03,precinct,1,903,398,no_total,,text
Phillipston,2014,2014-05-05,total,,,,no_total,no TOTALS row was read,text
Phillipston,2014,2014-05-05,precinct,1,1161,139,no_total,,text
Plainfield,2014,2014-05-03,total,,,,no_total,no TOTALS row was read,text
Plainfield,2014,2014-05-03,precinct,1,449,70,no_total,,text
Plainville,2014,2014-04-07,total,,5607,824,checked,precincts sum to both printed totals; the TOTALS label was unreadable and was identified by the sum,text
Plainville,2014,2014-04-07,precinct,1,1883,269,checked,,text
Plainville,2014,2014-04-07,precinct,2,1803,267,checked,,text
Plainville,2014,2014-04-07,precinct,3,1921,288,checked,,text
Randolph,2014,,total,,,,no_election,the volume states no election was held this year,text
Raynham,2014,,total,,9816,497,checked,precincts sum to both printed totals; the TOTALS label was unreadable and was identified by the sum,text
Raynham,2014,,precinct,1,2444,120,checked,,text
Raynham,2014,,precinct,2,2524,104,checked,,text
Raynham,2014,,precinct,3,2453,135,checked,,text
Raynham,2014,,precinct,4,2395,138,checked,,text
Reading,2014,,total,,17900,4468,checked,precincts sum to both printed totals; the TOTALS label was unreadable and was identified by the sum,text
Reading,2014,,precinct,1,2547,762,checked,,text
Reading,2014,,precinct,2,2328,439,checked,,text
Reading,2014,,precinct,3,2231,440,checked,,text
Reading,2014,,precinct,4,2243,571,checked,,text
Reading,2014,,precinct,5,2232,531,checked,,text
Reading,2014,,precinct,6,1727,441,checked,,text
Reading,2014,,precinct,7,2334,707,checked,,text
Reading,2014,,precinct,8,2258,577,checked,,text
Sandisfield,2014,2014-05-01,total,,,,no_total,no TOTALS row was read,text
Sandisfield,2014,2014-05-01,precinct,1,557,196,no_total,,text
Savoy,2014,,total,,,,no_total,no TOTALS row was read,text
Savoy,2014,,precinct,1,2618,392,no_total,,text
Savoy,2014,,precinct,2,2714,512,no_total,,text
Savoy,2014,,precinct,3,2746,458,no_total,,text
Savoy,2014,,precinct,4,8078,1362,no_total,,text
Savoy,2014,,precinct,5,1106,341,no_total,,text
Savoy,2014,,precinct,6,4032,402,no_total,,text
Savoy,2014,,precinct,7,2134,322,no_total,,text
Savoy,2014,,precinct,8,2249,517,no_total,,text
Savoy,2014,,precinct,9,1778,248,no_total,,text
Savoy,2014,,precinct,10,2042,262,no_total,,text
Savoy,2014,,precinct,11,2090,447,no_total,,text
Savoy,2014,,precinct,12,2198,351,no_total,,text
Savoy,2014,,precinct,13,12491,2147,no_total,,text
Sharon,2014,2014-05-20,total,,12398,2279,checked,precincts sum to both printed totals,text
Sharon,2014,2014-05-20,precinct,1,2646,488,checked,,text
Sharon,2014,2014-05-20,precinct,2,2326,434,checked,,text
Sharon,2014,2014-05-20,precinct,3,2614,536,checked,,text
Sharon,2014,2014-05-20,precinct,4,2512,442,checked,,text
Sharon,2014,2014-05-20,precinct,5,2300,379,checked,,text
Sheffield,2014,2014-05-12,total,,2312,1041,single,"a single undivided town, or no precinct detail printed",text
Shelburne,2014,2014-05-19,total,,1259,219,single,"a single undivided town, or no precinct detail printed",text
Sherborn,2014,2014-05-13,total,,2923,528,single,"a single undivided town, or no precinct detail printed",text
Shirley,2014,2014-04-13,total,,4008,397,single,"a single undivided town, or no precinct detail printed",text
Shrewsbury,2014,2014-05-06,total,,22715,4104,checked,precincts sum to both printed totals,text
Shrewsbury,2014,2014-05-06,precinct,1,2636,572,checked,,text
Shrewsbury,2014,2014-05-06,precinct,2,2218,321,checked,,text
Shrewsbury,2014,2014-05-06,precinct,3,1987,234,checked,,text
Shrewsbury,2014,2014-05-06,precinct,4,2223,327,checked,,text
Shrewsbury,2014,2014-05-06,precinct,5,2032,362,checked,,text
Shrewsbury,2014,2014-05-06,precinct,6,2397,528,checked,,text
Shrewsbury,2014,2014-05-06,precinct,7,2619,535,checked,,text
Shrewsbury,2014,2014-05-06,precinct,8,2642,568,checked,,text
Shrewsbury,2014,2014-05-06,precinct,9,1700,273,checked,,text
Shrewsbury,2014,2014-05-06,precinct,10,2261,384,checked,,text
Shutesbury,2014,2014-05-03,total,,1429,272,single,"a single undivided town, or no precinct detail printed",text
Somerset,2014,2014-05-12,total,,13568,3485,checked,precincts sum to both printed totals,text
Somerset,2014,2014-05-12,precinct,1,2718,817,checked,,text
Somerset,2014,2014-05-12,precinct,2,2851,868,checked,,text
Somerset,2014,2014-05-12,precinct,3,2778,752,checked,,text
Somerset,2014,2014-05-12,precinct,4,2644,530,checked,,text
Somerset,2014,2014-05-12,precinct,5,2577,518,checked,,text
South Hadley,2014,2014-04-20,total,,10702,1098,checked,precincts sum to both printed totals,text
South Hadley,2014,2014-04-20,precinct,A,2204,182,checked,,text
South Hadley,2014,2014-04-20,precinct,B,2254,282,checked,,text
South Hadley,2014,2014-04-20,precinct,C,2382,231,checked,,text
South Hadley,2014,2014-04-20,precinct,D,1544,173,checked,,text
South Hadley,2014,2014-04-20,precinct,E,2318,230,checked,,text
Southampton,2014,2014-05-05,total,,4192,934,single,"a single undivided town, or no precinct detail printed",text
Southborough,2014,2014-05-12,total,,7096,1694,checked,precincts sum to both printed totals,text
Southborough,2014,2014-05-12,precinct,1,2500,606,checked,,text
Southborough,2014,2014-05-12,precinct,2,2280,572,checked,,text
Southborough,2014,2014-05-12,precinct,3,2316,516,checked,,text
Southbridge,2014,2014-06-24,total,,11513,1743,checked,precincts sum to both printed totals,text
Southbridge,2014,2014-06-24,precinct,1,2358,420,checked,,text
Southbridge,2014,2014-06-24,precinct,2,2337,221,checked,,text
Southbridge,2014,2014-06-24,precinct,3,2202,352,checked,,text
Southbridge,2014,2014-06-24,precinct,4,2409,582,checked,,text
Southbridge,2014,2014-06-24,precinct,5,2207,168,checked,,text
Southwick,2014,2014-05-13,total,,6150,278,checked,precincts sum to both printed totals; the TOTALS label was unreadable and was identified by the sum,text
Southwick,2014,2014-05-13,precinct,1,2362,114,checked,,text
Southwick,2014,2014-05-13,precinct,2,1673,84,checked,,text
Southwick,2014,2014-05-13,precinct,3,2115,80,checked,,text
Spencer,2014,2014-05-13,total,,7496,2093,checked,precincts sum to both printed totals; the TOTALS label was unreadable and was identified by the sum,text
Spencer,2014,2014-05-13,precinct,1,1904,499,checked,,text
Spencer,2014,2014-05-13,precinct,2,1731,407,checked,,text
Spencer,2014,2014-05-13,precinct,3,1982,622,checked,,text
Spencer,2014,2014-05-13,precinct,4,1879,565,checked,,text
Sterling,2014,2014-05-12,total,,5677,1374,checked,precincts sum to both printed totals; the TOTALS label was unreadable and was identified by the sum,text
Sterling,2014,2014-05-12,precinct,1,2823,751,checked,,text
Sterling,2014,2014-05-12,precinct,2,2854,623,checked,,text
Stockbridge,2014,2014-05-20,total,,,,no_total,no TOTALS row was read,text
Stockbridge,2014,2014-05-20,precinct,1,1484,574,no_total,,text
Stoneham,2014,2014-04-01,total,,15541,6531,checked,precincts sum to both printed totals; the TOTALS label was unreadable and was identified by the sum,text
Stoneham,2014,2014-04-01,precinct,1,2148,836,checked,,text
Stoneham,2014,2014-04-01,precinct,2,2339,845,checked,,text
Stoneham,2014,2014-04-01,precinct,3,2406,1125,checked,,text
Stoneham,2014,2014-04-01,precinct,4,2094,816,checked,,text
Stoneham,2014,2014-04-01,precinct,5,2306,1039,checked,,text
Stoneham,2014,2014-04-01,precinct,6,2140,991,checked,,text
Stoneham,2014,2014-04-01,precinct,7,2108,879,checked,,text
Stoughton,2014,2014-04-08,total,,18203,2914,checked,precincts sum to both printed totals; the TOTALS label was unreadable and was identified by the sum,text
Stoughton,2014,2014-04-08,precinct,1,2503,331,checked,,text
Stoughton,2014,2014-04-08,precinct,2,2162,360,checked,,text
Stoughton,2014,2014-04-08,precinct,3,2157,386,checked,,text
Stoughton,2014,2014-04-08,precinct,4,2537,584,checked,,text
Stoughton,2014,2014-04-08,precinct,5,2102,385,checked,,text
Stoughton,2014,2014-04-08,precinct,6,2742,357,checked,,text
Stoughton,2014,2014-04-08,precinct,7,2087,265,checked,,text
Stoughton,2014,2014-04-08,precinct,8,1913,246,checked,,text
Sturbridge,2014,2014-04-14,total,,6648,819,checked,precincts sum to both printed totals; the TOTALS label was unreadable and was identified by the sum,text
Sturbridge,2014,2014-04-14,precinct,1,2184,290,checked,,text
Sturbridge,2014,2014-04-14,precinct,2,2309,273,checked,,text
Sturbridge,2014,2014-04-14,precinct,3,2155,256,checked,,text
Sudbury,2014,2014-03-31,total,,11929,3148,checked,precincts sum to both printed totals; the TOTALS label was unreadable and was identified by the sum,text
Sudbury,2014,2014-03-31,precinct,1,2499,568,checked,,text
Sudbury,2014,2014-03-31,precinct,2,2293,636,checked,,text
Sudbury,2014,2014-03-31,precinct,3,2429,663,checked,,text
Sudbury,2014,2014-03-31,precinct,4,2352,608,checked,,text
Sudbury,2014,2014-03-31,precinct,5,2356,673,checked,,text
Sunderland,2014,2014-05-03,total,,,,no_total,no TOTALS row was read,text
Sunderland,2014,2014-05-03,precinct,1,2328,200,no_total,,text
Tisbury,2014,2014-05-01,total,,,,no_total,no TOTALS row was read,text
Tisbury,2014,2014-05-01,precinct,1,1990,356,no_total,,text
Tisbury,2014,2014-05-01,precinct,2,2029,364,no_total,,text
Tisbury,2014,2014-05-01,precinct,3,1868,265,no_total,,text
Tisbury,2014,2014-05-01,precinct,4,5887,985,no_total,,text
Tisbury,2014,2014-05-01,precinct,5,3207,770,no_total,,text
Tolland,2014,,total,,,,no_total,no TOTALS row was read,text
Tolland,2014,,precinct,1,362,29,no_total,,text
Tolland,2014,,precinct,2,4585,1129,no_total,,text
Tolland,2014,,precinct,3,2052,666,no_total,,text
Tolland,2014,,precinct,4,2006,615,no_total,,text
Tolland,2014,,precinct,5,2111,584,no_total,,text
Tolland,2014,,precinct,6,6169,1865,no_total,,text
Truro,2014,,total,,,,no_total,no TOTALS row was read,text
Truro,2014,,precinct,1,1731,496,no_total,,text
Upton,2014,,total,,5035,282,checked,precincts sum to both printed totals; the TOTALS label was unreadable and was identified by the sum,text
Upton,2014,,precinct,1,2586,159,checked,,text
Upton,2014,,precinct,2,2449,123,checked,,text
Ware,2014,,total,,,,no_total,no TOTALS row was read,text
Ware,2014,,precinct,1,2012,124,no_total,,text
Ware,2014,,precinct,2,2038,65,no_total,,text
Ware,2014,,precinct,3,1968,109,no_total,,text
Ware,2014,,precinct,4,1952,108,no_total,,text
Ware,2014,,precinct,5,7970,406,no_total,,text
Ware,2014,,precinct,6,312,178,no_total,,text
Washington,2014,2014-05-17,total,,,,no_total,no TOTALS row was read,text
Washington,2014,2014-05-17,precinct,1,424,72,no_total,,text
Webster,2014,2014-06-10,total,,11491,1368,mismatch,"precincts sum to 26079 registered, the printed total says 11491",text
Webster,2014,2014-06-10,precinct,1,1900,117,mismatch,,text
Webster,2014,2014-06-10,precinct,1,2321,222,mismatch,,text
Webster,2014,2014-06-10,precinct,2,1755,38,mismatch,,text
Webster,2014,2014-06-10,precinct,2,2063,144,mismatch,,text
Webster,2014,2014-06-10,precinct,3,1860,71,mismatch,,text
Webster,2014,2014-06-10,precinct,3,2127,205,mismatch,,text
Webster,2014,2014-06-10,precinct,4,1779,120,mismatch,,text
Webster,2014,2014-06-10,precinct,4,2699,466,mismatch,,text
Webster,2014,2014-06-10,precinct,5,7294,346,mismatch,,text
Webster,2014,2014-06-10,precinct,5,2281,331,mismatch,,text
Wellesley,2014,2014-03-04,total,,16102,2938,checked,precincts sum to both printed totals,text
Wellesley,2014,2014-03-04,precinct,A,2165,506,checked,,text
Wellesley,2014,2014-03-04,precinct,B,2362,459,checked,,text
Wellesley,2014,2014-03-04,precinct,C,2317,458,checked,,text
Wellesley,2014,2014-03-04,precinct,D,2345,432,checked,,text
Wellesley,2014,2014-03-04,precinct,E,2060,296,checked,,text
Wellesley,2014,2014-03-04,precinct,F,1427,245,checked,,text
Wellesley,2014,2014-03-04,precinct,G,1226,174,checked,,text
Wellesley,2014,2014-03-04,precinct,H,2200,368,checked,,text
Wellfleet,2014,2014-05-05,total,,2546,841,single,"a single undivided town, or no precinct detail printed",text
Wendell,2014,2014-05-05,total,,663,112,single,"a single undivided town, or no precinct detail printed",text
Wenham,2014,2014-04-10,total,,2749,824,single,"a single undivided town, or no precinct detail printed",text
West Boylston,2014,2014-06-03,total,,5136,471,checked,precincts sum to both printed totals,text
West Boylston,2014,2014-06-03,precinct,1,2208,155,checked,,text
West Boylston,2014,2014-06-03,precinct,2,2928,316,checked,,text
West Bridgewater,2014,2014-04-12,total,,4600,308,checked,precincts sum to both printed totals,text
West Bridgewater,2014,2014-04-12,precinct,1,2356,144,checked,,text
West Bridgewater,2014,2014-04-12,precinct,2,2244,164,checked,,text
West Brookfield,2014,2014-05-06,total,,2459,523,single,"a single undivided town, or no precinct detail printed",text
West Newbury,2014,2014-05-05,total,,3261,304,single,"a single undivided town, or no precinct detail printed",text
West Springfield,2014,,total,,,,no_election,the volume states no election was held this year,text
West Stockbridge,2014,2014-05-12,total,,1146,366,single,"a single undivided town, or no precinct detail printed",text
West Tisbury,2014,2014-04-10,total,,2466,237,single,"a single undivided town, or no precinct detail printed",text
Westborough,2014,2014-06-17,total,,10962,493,mismatch,"precincts sum to 13057 registered, the printed total says 10962",text
Westborough,2014,2014-06-17,precinct,1,2095,140,mismatch,,text
Westborough,2014,2014-06-17,precinct,1,1960,47,mismatch,,text
Westborough,2014,2014-06-17,precinct,2,1674,62,mismatch,,text
Westborough,2014,2014-06-17,precinct,3,2191,98,mismatch,,text
Westborough,2014,2014-06-17,precinct,4,2500,159,mismatch,,text
Westborough,2014,2014-06-17,precinct,5,2637,127,mismatch,,text
Westford,2014,2014-05-06,total,,15968,2036,checked,precincts sum to both printed totals,text
Westford,2014,2014-05-06,precinct,1,2771,327,checked,,text
Westford,2014,2014-05-06,precinct,2,2714,415,checked,,text
Westford,2014,2014-05-06,precinct,3,2739,405,checked,,text
Westford,2014,2014-05-06,precinct,4,2645,319,checked,,text
Westford,2014,2014-05-06,precinct,5,2645,355,checked,,text
Westford,2014,2014-05-06,precinct,6,2454,215,checked,,text
Westhampton,2014,2014-06-07,total,,,,no_election,the volume states no election was held this year,text
Westhampton,2014,2014-06-07,precinct,1,1270,145,no_election,,text
Westminster,2014,2014-04-29,total,,5221,79,checked,precincts sum to both printed totals; the TOTALS label was unreadable and was identified by the sum,text
Westminster,2014,2014-04-29,precinct,1,2583,24,checked,,text
Westminster,2014,2014-04-29,precinct,2,2638,55,checked,,text
Westport,2014,2014-05-03,total,,11381,3593,checked,precincts sum to both printed totals; the TOTALS label was unreadable and was identified by the sum,text
Westport,2014,2014-05-03,precinct,A,2175,600,checked,,text
Westport,2014,2014-05-03,precinct,B,2425,892,checked,,text
Westport,2014,2014-05-03,precinct,C,2145,622,checked,,text
Westport,2014,2014-05-03,precinct,D,2083,607,checked,,text
Westport,2014,2014-05-03,precinct,E,2553,872,checked,,text
Westwood,2014,2014-04-29,total,,10603,2622,checked,precincts sum to both printed totals; the TOTALS label was unreadable and was identified by the sum,text
Westwood,2014,2014-04-29,precinct,1,2690,624,checked,,text
Westwood,2014,2014-04-29,precinct,2,2723,690,checked,,text
Westwood,2014,2014-04-29,precinct,3,2724,677,checked,,text
Westwood,2014,2014-04-29,precinct,4,2466,631,checked,,text
Weymouth,2014,,total,,,,no_election,the volume states no election was held this year,text
Whately,2014,2014-06-10,total,,,,no_total,no TOTALS row was read,text
Whately,2014,2014-06-10,precinct,1,1125,558,no_total,,text
Whitman,2014,2014-05-17,total,,9697,339,checked,precincts sum to both printed totals; the TOTALS label was unreadable and was identified by the sum,text
Whitman,2014,2014-05-17,precinct,1,2588,94,checked,,text
Whitman,2014,2014-05-17,precinct,2,2249,81,checked,,text
Whitman,2014,2014-05-17,precinct,3,2483,90,checked,,text
Whitman,2014,2014-05-17,precinct,4,2377,74,checked,,text
Wilbraham,2014,2014-05-17,total,,10098,1459,checked,precincts sum to both printed totals; the TOTALS label was unreadable and was identified by the sum,text
Wilbraham,2014,2014-05-17,precinct,A,2534,355,checked,,text
Wilbraham,2014,2014-05-17,precinct,B,2481,316,checked,,text
Wilbraham,2014,2014-05-17,precinct,C,2482,335,checked,,text
Wilbraham,2014,2014-05-17,precinct,D,2601,453,checked,,text
Williamsburg,2014,2014-05-05,total,,,,no_total,no TOTALS row was read,text
Williamsburg,2014,2014-05-05,precinct,1,1866,113,no_total,,text
Williamstown,2014,2014-05-13,total,,4631,1065,checked,precincts sum to both printed totals; the TOTALS label was unreadable and was identified by the sum,text
Williamstown,2014,2014-05-13,precinct,1,1732,475,checked,,text
Williamstown,2014,2014-05-13,precinct,2,1070,141,checked,,text
Williamstown,2014,2014-05-13,precinct,3,1829,449,checked,,text
Wilmington,2014,2014-04-26,total,,15543,922,checked,precincts sum to both printed totals; the TOTALS label was unreadable and was identified by the sum,text
Wilmington,2014,2014-04-26,precinct,1,2618,177,checked,,text
Wilmington,2014,2014-04-26,precinct,2,2566,191,checked,,text
Wilmington,2014,2014-04-26,precinct,3,2425,164,checked,,text
Wilmington,2014,2014-04-26,precinct,4,2668,22,checked,,text
Wilmington,2014,2014-04-26,precinct,5,2659,199,checked,,text
Wilmington,2014,2014-04-26,precinct,6,2607,169,checked,,text
Winchendon,2014,2014-05-05,total,,5391,237,checked,precincts sum to both printed totals; the TOTALS label was unreadable and was identified by the sum,text
Winchendon,2014,2014-05-05,precinct,1,1795,91,checked,,text
Winchendon,2014,2014-05-05,precinct,2,1827,51,checked,,text
Winchendon,2014,2014-05-05,precinct,3,1769,95,checked,,text
Winthrop,2014,,total,,16693,503,no_election,the volume states no election was held this year,text
Winthrop,2014,,precinct,1,2581,239,no_election,,text
Winthrop,2014,,precinct,1,2458,92,no_election,,text
Winthrop,2014,,precinct,2,2589,212,no_election,,text
Winthrop,2014,,precinct,2,2598,72,no_election,,text
Winthrop,2014,,precinct,3,2531,221,no_election,,text
Winthrop,2014,,precinct,3,2022,44,no_election,,text
Winthrop,2014,,precinct,4,2373,70,no_election,,text
Winthrop,2014,,precinct,5,2158,34,no_election,,text
Winthrop,2014,,precinct,6,2189,61,no_election,,text
Winthrop,2014,,precinct,7,2895,130,no_election,,text
Abington,2016,2016-04-30,total,,9967,1286,checked,precincts sum to both printed totals,text
Abington,2016,2016-04-30,precinct,1,1901,221,checked,,text
Abington,2016,2016-04-30,precinct,2,1826,260,checked,,text
Abington,2016,2016-04-30,precinct,3,1960,247,checked,,text
Abington,2016,2016-04-30,precinct,4,2175,267,checked,,text
Abington,2016,2016-04-30,precinct,5,2105,291,checked,,text
Acton,2016,2016-03-29,total,,14512,360,checked,precincts sum to both printed totals,text
Acton,2016,2016-03-29,precinct,1,2449,50,checked,,text
Acton,2016,2016-03-29,precinct,2,2423,43,checked,,text
Acton,2016,2016-03-29,precinct,3,2447,69,checked,,text
Acton,2016,2016-03-29,precinct,4,2547,70,checked,,text
Acton,2016,2016-03-29,precinct,5,2486,61,checked,,text
Acton,2016,2016-03-29,precinct,6,2160,67,checked,,text
Acushnet,2016,2016-04-04,total,,7165,1220,checked,precincts sum to both printed totals; the TOTALS label was unreadable and was identified by the sum,text
Acushnet,2016,2016-04-04,precinct,1,2176,384,checked,,text
Acushnet,2016,2016-04-04,precinct,2,2454,416,checked,,text
Acushnet,2016,2016-04-04,precinct,3,2535,420,checked,,text
Adams,2016,2016-05-02,total,,5763,779,checked,precincts sum to both printed totals,text
Adams,2016,2016-05-02,precinct,1,1099,118,checked,,text
Adams,2016,2016-05-02,precinct,2,1177,168,checked,,text
Adams,2016,2016-05-02,precinct,3,1184,150,checked,,text
Adams,2016,2016-05-02,precinct,4,1077,139,checked,,text
Adams,2016,2016-05-02,precinct,5,1226,204,checked,,text
Agawam,2016,,total,,,,no_election,the volume states no election was held this year,text
Alford,2016,2016-05-17,total,,352,80,single,"a single undivided town, or no precinct detail printed",text
Amesb,2016,,total,,,,no_election,the volume states no election was held this year,text
Amherst,2016,2016-03-29,total,,19676,3489,checked,precincts sum to both printed totals,text
Amherst,2016,2016-03-29,precinct,1,1637,246,checked,,text
Amherst,2016,2016-03-29,precinct,2,2294,430,checked,,text
Amherst,2016,2016-03-29,precinct,3,1483,174,checked,,text
Amherst,2016,2016-03-29,precinct,4,1775,136,checked,,text
Amherst,2016,2016-03-29,precinct,5,1691,279,checked,,text
Amherst,2016,2016-03-29,precinct,6,2198,483,checked,,text
Amherst,2016,2016-03-29,precinct,7,2187,459,checked,,text
Amherst,2016,2016-03-29,precinct,8,2465,691,checked,,text
Amherst,2016,2016-03-29,precinct,9,2071,410,checked,,text
Amherst,2016,2016-03-29,precinct,10,1875,181,checked,,text
Andover,2016,2016-03-22,total,,23302,4584,checked,precincts sum to both printed totals,text
Andover,2016,2016-03-22,precinct,1,2060,529,checked,,text
Andover,2016,2016-03-22,precinct,2,2929,449,checked,,text
Andover,2016,2016-03-22,precinct,3,2668,597,checked,,text
Andover,2016,2016-03-22,precinct,4,2679,481,checked,,text
Andover,2016,2016-03-22,precinct,5,2665,478,checked,,text
Andover,2016,2016-03-22,precinct,6,2562,365,checked,,text
Andover,2016,2016-03-22,precinct,7,2047,413,checked,,text
Andover,2016,2016-03-22,precinct,8,580,85,checked,,text
Andover,2016,2016-03-22,precinct,9,2492,617,checked,,text
Andover,2016,2016-03-22,precinct,9,2602,565,checked,,text
Andover,2016,2016-03-22,precinct,11,18,5,checked,,text
April,2016,2016-04-02,total,,30922,4769,mismatch,"precincts sum to 187212 registered, the printed total says 30922",text
April,2016,2016-04-02,precinct,1,1247,138,mismatch,,text
April,2016,2016-04-02,precinct,1,2536,397,mismatch,,text
April,2016,2016-04-02,precinct,1,2728,183,mismatch,,text
April,2016,2016-04-02,precinct,1,2553,339,mismatch,,text
April,2016,2016-04-02,precinct,1,1571,215,mismatch,,text
April,2016,2016-04-02,precinct,1,1950,325,mismatch,,text
April,2016,2016-04-02,precinct,1,2019,312,mismatch,,text
April,2016,2016-04-02,precinct,1,2116,249,mismatch,,text
April,2016,2016-04-02,precinct,1,2329,75,mismatch,,text
April,2016,2016-04-02,precinct,1,1590,292,mismatch,,text
April,2016,2016-04-02,precinct,1,2342,214,mismatch,,text
April,2016,2016-04-02,precinct,1,314,,mismatch,,text
April,2016,2016-04-02,precinct,1,2413,231,mismatch,,text
April,2016,2016-04-02,precinct,2,1493,271,mismatch,,text
April,2016,2016-04-02,precinct,2,2559,278,mismatch,,text
April,2016,2016-04-02,precinct,2,1781,253,mismatch,,text
April,2016,2016-04-02,precinct,2,1889,193,mismatch,,text
April,2016,2016-04-02,precinct,2,2622,311,mismatch,,text
April,2016,2016-04-02,precinct,2,3089,587,mismatch,,text
April,2016,2016-04-02,precinct,2,1864,270,mismatch,,text
April,2016,2016-04-02,precinct,2,1976,258,mismatch,,text
April,2016,2016-04-02,precinct,2,2338,173,mismatch,,text
April,2016,2016-04-02,precinct,2,2450,135,mismatch,,text
April,2016,2016-04-02,precinct,2,2137,419,mismatch,,text
April,2016,2016-04-02,precinct,2,2572,243,mismatch,,text
April,2016,2016-04-02,precinct,2,2306,247,mismatch,,text
April,2016,2016-04-02,precinct,2,2266,220,mismatch,,text
April,2016,2016-04-02,precinct,3,1509,164,mismatch,,text
April,2016,2016-04-02,precinct,3,2031,29,mismatch,,text
April,2016,2016-04-02,precinct,3,637,,mismatch,,text
April,2016,2016-04-02,precinct,3,2451,181,mismatch,,text
April,2016,2016-04-02,precinct,3,2831,267,mismatch,,text
April,2016,2016-04-02,precinct,3,1541,213,mismatch,,text
April,2016,2016-04-02,precinct,3,1658,244,mismatch,,text
April,2016,2016-04-02,precinct,3,2348,194,mismatch,,text
April,2016,2016-04-02,precinct,3,2604,97,mismatch,,text
April,2016,2016-04-02,precinct,3,2318,209,mismatch,,text
April,2016,2016-04-02,precinct,3,2380,348,mismatch,,text
April,2016,2016-04-02,precinct,3,2210,148,mismatch,,text
April,2016,2016-04-02,precinct,4,1457,204,mismatch,,text
April,2016,2016-04-02,precinct,4,2580,201,mismatch,,text
April,2016,2016-04-02,precinct,4,2508,267,mismatch,,text
April,2016,2016-04-02,precinct,4,2926,492,mismatch,,text
April,2016,2016-04-02,precinct,4,2084,234,mismatch,,text
April,2016,2016-04-02,precinct,4,1855,325,mismatch,,text
April,2016,2016-04-02,precinct,4,200,,mismatch,,text
April,2016,2016-04-02,precinct,4,2268,207,mismatch,,text
April,2016,2016-04-02,precinct,4,2503,279,mismatch,,text
April,2016,2016-04-02,precinct,5,1413,218,mismatch,,text
April,2016,2016-04-02,precinct,5,2742,288,mismatch,,text
April,2016,2016-04-02,precinct,5,2549,292,mismatch,,text
April,2016,2016-04-02,precinct,5,2966,353,mismatch,,text
April,2016,2016-04-02,precinct,5,1943,337,mismatch,,text
April,2016,2016-04-02,precinct,5,2719,676,mismatch,,text
April,2016,2016-04-02,precinct,5,2540,251,mismatch,,text
April,2016,2016-04-02,precinct,6,1418,170,mismatch,,text
April,2016,2016-04-02,precinct,6,2331,231,mismatch,,text
April,2016,2016-04-02,precinct,6,2776,377,mismatch,,text
April,2016,2016-04-02,precinct,6,2848,307,mismatch,,text
April,2016,2016-04-02,precinct,6,1782,255,mismatch,,text
April,2016,2016-04-02,precinct,6,2149,546,mismatch,,text
April,2016,2016-04-02,precinct,6,2400,165,mismatch,,text
April,2016,2016-04-02,precinct,7,2545,317,mismatch,,text
April,2016,2016-04-02,precinct,7,2554,325,mismatch,,text
April,2016,2016-04-02,precinct,7,2450,432,mismatch,,text
April,2016,2016-04-02,precinct,8,1611,259,mismatch,,text
April,2016,2016-04-02,precinct,8,3002,480,mismatch,,text
April,2016,2016-04-02,precinct,8,2376,545,mismatch,,text
April,2016,2016-04-02,precinct,9,1423,278,mismatch,,text
April,2016,2016-04-02,precinct,9,3076,494,mismatch,,text
April,2016,2016-04-02,precinct,A,1879,165,mismatch,,text
April,2016,2016-04-02,precinct,B,1894,159,mismatch,,text
April,2016,2016-04-02,precinct,L,1391,201,mismatch,,text
April,2016,2016-04-02,precinct,c,2379,198,mismatch,,text
April,2016,2016-04-02,precinct,10,1557,286,mismatch,,text
April,2016,2016-04-02,precinct,11,1575,252,mismatch,,text
April,2016,2016-04-02,precinct,12,1601,366,mismatch,,text
April,2016,2016-04-02,precinct,13,1514,291,mismatch,,text
April,2016,2016-04-02,precinct,14,1383,161,mismatch,,text
April,2016,2016-04-02,precinct,15,1551,326,mismatch,,text
April,2016,2016-04-02,precinct,16,1359,273,mismatch,,text
April,2016,2016-04-02,precinct,17,1472,104,mismatch,,text
April,2016,2016-04-02,precinct,18,1530,232,mismatch,,text
April,2016,2016-04-02,precinct,19,1508,201,mismatch,,text
April,2016,2016-04-02,precinct,20,1463,184,mismatch,,text
April,2016,2016-04-02,precinct,21,1447,190,mismatch,,text
April,2016,2016-04-02,precinct,22,2294,29,mismatch,,text
April,2016,2016-04-02,precinct,23,2112,34,mismatch,,text
April,2016,2016-04-02,precinct,27,1791,406,mismatch,,text
April,2016,2016-04-02,precinct,54,1901,273,mismatch,,text
April,2016,2016-04-02,precinct,69,2049,387,mismatch,,text
Aquinnah,2016,2016-05-11,total,,367,163,single,"a single undivided town, or no precinct detail printed",text
Becket,2016,2016-05-21,total,,1361,255,single,"a single undivided town, or no precinct detail printed",text
Bedford,2016,2016-03-12,total,,9593,618,checked,precincts sum to both printed totals,text
Bedford,2016,2016-03-12,precinct,1,2606,170,checked,,text
Bedford,2016,2016-03-12,precinct,2,2386,134,checked,,text
Bedford,2016,2016-03-12,precinct,3,2433,146,checked,,text
Bedford,2016,2016-03-12,precinct,4,2168,168,checked,,text
Belchertown,2016,2016-05-16,total,,9732,179,checked,precincts sum to both printed totals; the TOTALS label was unreadable and was identified by the sum,text
Belchertown,2016,2016-05-16,precinct,2,2425,34,checked,,text
Belchertown,2016,2016-05-16,precinct,A,2312,48,checked,,text
Belchertown,2016,2016-05-16,precinct,C,2578,52,checked,,text
Belchertown,2016,2016-05-16,precinct,D,2417,45,checked,,text
Bellingham,2016,2016-05-03,total,,10583,912,checked,precincts sum to both printed totals; the TOTALS label was unreadable and was identified by the sum,text
Bellingham,2016,2016-05-03,precinct,1,2045,122,checked,,text
Bellingham,2016,2016-05-03,precinct,2,2254,226,checked,,text
Bellingham,2016,2016-05-03,precinct,3,2080,199,checked,,text
Bellingham,2016,2016-05-03,precinct,4,2115,192,checked,,text
Bellingham,2016,2016-05-03,precinct,5,2089,173,checked,,text
Belmont,2016,2016-04-05,total,,,,no_total,no TOTALS row was read,text
Belmont,2016,2016-04-05,precinct,1,2197,648,no_total,,text
Belmont,2016,2016-04-05,precinct,2,2313,500,no_total,,text
Belmont,2016,2016-04-05,precinct,3,2147,475,no_total,,text
Belmont,2016,2016-04-05,precinct,4,1944,377,no_total,,text
Belmont,2016,2016-04-05,precinct,5,393,,no_total,,text
Belmont,2016,2016-04-05,precinct,6,2148,549,no_total,,text
Belmont,2016,2016-04-05,precinct,7,2121,332,no_total,,text
Belmont,2016,2016-04-05,precinct,8,2302,634,no_total,,text
Belmont,2016,2016-04-05,precinct,9,17328,3908,no_total,,text
Berkley,2016,2016-05-07,total,,4567,437,checked,precincts sum to both printed totals; the TOTALS label was unreadable and was identified by the sum,text
Berkley,2016,2016-05-07,precinct,1,2415,225,checked,,text
Berkley,2016,2016-05-07,precinct,2,2152,212,checked,,text
Berlin,2016,2016-05-09,total,,,,no_total,no TOTALS row was read,text
Berlin,2016,2016-05-09,precinct,1,2134,313,no_total,,text
Bernardston,2016,2016-05-02,total,,,,no_total,no TOTALS row was read,text
Bernardston,2016,2016-05-02,precinct,1,1487,56,no_total,,text
Billerica,2016,2016-04-04,total,,26511,6457,checked,precincts sum to both printed totals,text
Billerica,2016,2016-04-04,precinct,1,2693,569,checked,,text
Billerica,2016,2016-04-04,precinct,2,2532,660,checked,,text
Billerica,2016,2016-04-04,precinct,3,2421,491,checked,,text
Billerica,2016,2016-04-04,precinct,4,2053,527,checked,,text
Billerica,2016,2016-04-04,precinct,5,2595,795,checked,,text
Billerica,2016,2016-04-04,precinct,6,2060,417,checked,,text
Billerica,2016,2016-04-04,precinct,7,2366,485,checked,,text
Billerica,2016,2016-04-04,precinct,8,2618,756,checked,,text
Billerica,2016,2016-04-04,precinct,9,2391,549,checked,,text
Billerica,2016,2016-04-04,precinct,10,2466,670,checked,,text
Billerica,2016,2016-04-04,precinct,11,2316,538,checked,,text
Blackstone,2016,2016-04-04,total,,5938,173,checked,precincts sum to both printed totals; the TOTALS label was unreadable and was identified by the sum,text
Blackstone,2016,2016-04-04,precinct,1,1928,58,checked,,text
Blackstone,2016,2016-04-04,precinct,2,2000,66,checked,,text
Blackstone,2016,2016-04-04,precinct,3,2010,49,checked,,text
Blandford,2016,2016-05-07,total,,856,141,single,"a single undivided town, or no precinct detail printed",text
Boylston,2016,2016-05-09,total,,3192,135,single,"a single undivided town, or no precinct detail printed",text
Braintree,2016,,total,,,,no_election,the volume states no election was held this year,text
Bridgewater,2016,2016-04-23,total,,15584,,reg_only,registered voters sum; people who voted does not,text
Bridgewater,2016,2016-04-23,precinct,1,2999,76,reg_only,,text
Bridgewater,2016,2016-04-23,precinct,2,2645,74,reg_only,,text
Bridgewater,2016,2016-04-23,precinct,3,2933,54,reg_only,,text
Bridgewater,2016,2016-04-23,precinct,4,1360,33,reg_only,,text
Bridgewater,2016,2016-04-23,precinct,5,878,23,reg_only,,text
Bridgewater,2016,2016-04-23,precinct,6,2208,25,reg_only,,text
Bridgewater,2016,2016-04-23,precinct,7,2561,157,reg_only,,text
Brookfield,2016,2016-05-02,total,,2186,107,single,"a single undivided town, or no precinct detail printed",text
Brookline,2016,2016-05-03,total,,36677,2287,checked,precincts sum to both printed totals,text
Brookline,2016,2016-05-03,precinct,1,2211,118,checked,,text
Brookline,2016,2016-05-03,precinct,2,1715,97,checked,,text
Brookline,2016,2016-05-03,precinct,3,2372,110,checked,,text
Brookline,2016,2016-05-03,precinct,4,2125,170,checked,,text
Brookline,2016,2016-05-03,precinct,5,2533,158,checked,,text
Brookline,2016,2016-05-03,precinct,6,2376,251,checked,,text
Brookline,2016,2016-05-03,precinct,7,2197,112,checked,,text
Brookline,2016,2016-05-03,precinct,8,2232,111,checked,,text
Brookline,2016,2016-05-03,precinct,9,2239,139,checked,,text
Brookline,2016,2016-05-03,precinct,10,2304,72,checked,,text
Brookline,2016,2016-05-03,precinct,11,2426,86,checked,,text
Brookline,2016,2016-05-03,precinct,12,2677,122,checked,,text
Brookline,2016,2016-05-03,precinct,13,2377,86,checked,,text
Brookline,2016,2016-05-03,precinct,14,2450,105,checked,,text
Brookline,2016,2016-05-03,precinct,15,2449,180,checked,,text
Brookline,2016,2016-05-03,precinct,16,1994,370,checked,,text
Burlington,2016,2016-04-11,total,,15476,3712,checked,precincts sum to both printed totals,text
Burlington,2016,2016-04-11,precinct,1,2585,730,checked,,text
Burlington,2016,2016-04-11,precinct,2,1327,239,checked,,text
Burlington,2016,2016-04-11,precinct,3,2295,577,checked,,text
Burlington,2016,2016-04-11,precinct,4,2081,502,checked,,text
Burlington,2016,2016-04-11,precinct,5,2478,672,checked,,text
Burlington,2016,2016-04-11,precinct,6,2433,659,checked,,text
Burlington,2016,2016-04-11,precinct,7,2277,333,checked,,text
Canton,2016,2016-04-05,total,,14487,334,checked,precincts sum to both printed totals,text
Canton,2016,2016-04-05,precinct,1,2228,38,checked,,text
Canton,2016,2016-04-05,precinct,2,2541,88,checked,,text
Canton,2016,2016-04-05,precinct,3,2363,29,checked,,text
Canton,2016,2016-04-05,precinct,4,2657,47,checked,,text
Canton,2016,2016-04-05,precinct,5,2449,76,checked,,text
Canton,2016,2016-04-05,precinct,6,2249,56,checked,,text
Carlisle,2016,2016-05-17,total,,3709,302,single,"a single undivided town, or no precinct detail printed",text
Charlemont,2016,2016-05-24,total,,856,141,single,"a single undivided town, or no precinct detail printed",text
Charlton,2016,2016-05-07,total,,9096,678,checked,precincts sum to both printed totals,text
Charlton,2016,2016-05-07,precinct,1,2211,207,checked,,text
Charlton,2016,2016-05-07,precinct,2,2332,154,checked,,text
Charlton,2016,2016-05-07,precinct,3,2340,166,checked,,text
Charlton,2016,2016-05-07,precinct,4,2213,151,checked,,text
Chatham,2016,2016-05-12,total,,5367,1915,single,"a single undivided town, or no precinct detail printed",text
Chelmsford,2016,2016-04-05,total,,24135,2998,checked,precincts sum to both printed totals,text
Chelmsford,2016,2016-04-05,precinct,1,2679,347,checked,,text
Chelmsford,2016,2016-04-05,precinct,2,2538,252,checked,,text
Chelmsford,2016,2016-04-05,precinct,3,2679,353,checked,,text
Chelmsford,2016,2016-04-05,precinct,4,2504,272,checked,,text
Chelmsford,2016,2016-04-05,precinct,5,2655,311,checked,,text
Chelmsford,2016,2016-04-05,precinct,6,2856,384,checked,,text
Chelmsford,2016,2016-04-05,precinct,7,2809,395,checked,,text
Chelmsford,2016,2016-04-05,precinct,8,2648,336,checked,,text
Chelmsford,2016,2016-04-05,precinct,9,2767,348,checked,,text
Cheshire,2016,2016-05-02,total,,2303,595,single,"a single undivided town, or no precinct detail printed",text
Chester,2016,2016-05-07,total,,859,292,single,"a single undivided town, or no precinct detail printed",text
Chesterfield,2016,2016-05-02,total,,908,143,single,"a single undivided town, or no precinct detail printed",text
Chilmark,2016,2016-04-27,total,,933,283,single,"a single undivided town, or no precinct detail printed",text
Clarksburg,2016,2016-05-24,total,,1105,44,single,"a single undivided town, or no precinct detail printed",text
Dennis,2016,2016-05-10,total,,11651,1376,checked,precincts sum to both printed totals,text
Dennis,2016,2016-05-10,precinct,1,2393,431,checked,,text
Dennis,2016,2016-05-10,precinct,2,2455,343,checked,,text
Dennis,2016,2016-05-10,precinct,3,2254,160,checked,,text
Dennis,2016,2016-05-10,precinct,4,2375,252,checked,,text
Dennis,2016,2016-05-10,precinct,5,2174,190,checked,,text
Dighton,2016,2016-04-09,total,,4986,865,checked,precincts sum to both printed totals,text
Dighton,2016,2016-04-09,precinct,1,2432,444,checked,,text
Dighton,2016,2016-04-09,precinct,2,2554,421,checked,,text
Douglas,2016,2016-05-10,total,,5884,2793,checked,precincts sum to both printed totals,text
Douglas,2016,2016-05-10,precinct,1,2000,1021,checked,,text
Douglas,2016,2016-05-10,precinct,2,2010,938,checked,,text
Douglas,2016,2016-05-10,precinct,3,1874,834,checked,,text
Dover,2016,2016-05-16,total,,4084,192,single,"a single undivided town, or no precinct detail printed",text
Dracut,2016,2016-05-02,total,,20705,5021,mismatch,"precincts sum to 18983 registered, the printed total says 20705",text
Dracut,2016,2016-05-02,precinct,1,2002,377,mismatch,,text
Dracut,2016,2016-05-02,precinct,2,2057,404,mismatch,,text
Dracut,2016,2016-05-02,precinct,3,2297,620,mismatch,,text
Dracut,2016,2016-05-02,precinct,4,2618,689,mismatch,,text
Dracut,2016,2016-05-02,precinct,5,2201,545,mismatch,,text
Dracut,2016,2016-05-02,precinct,6,2283,654,mismatch,,text
Dracut,2016,2016-05-02,precinct,7,95,43,mismatch,,text
Dracut,2016,2016-05-02,precinct,8,413,,mismatch,,text
Dracut,2016,2016-05-02,precinct,8,2703,856,mismatch,,text
Dracut,2016,2016-05-02,precinct,9,2314,618,mismatch,,text
Dudley,2016,2016-06-13,total,,6905,714,reg_only,registered voters sum; people who voted does not,text
Dudley,2016,2016-06-13,precinct,1,2585,166,reg_only,,text
Dudley,2016,2016-06-13,precinct,2,2354,145,reg_only,,text
Dudley,2016,2016-06-13,precinct,3,1966,106,reg_only,,text
Dunstable,2016,2016-05-16,total,,2290,938,single,"a single undivided town, or no precinct detail printed",text
Duxbury,2016,2016-03-26,total,,11667,1934,checked,precincts sum to both printed totals,text
Duxbury,2016,2016-03-26,precinct,1,2122,390,checked,,text
Duxbury,2016,2016-03-26,precinct,2,2018,451,checked,,text
Duxbury,2016,2016-03-26,precinct,3,1839,320,checked,,text
Duxbury,2016,2016-03-26,precinct,4,1908,267,checked,,text
Duxbury,2016,2016-03-26,precinct,5,1972,270,checked,,text
Duxbury,2016,2016-03-26,precinct,6,1808,236,checked,,text
East Bridgewater,2016,2016-04-09,total,,9078,853,checked,precincts sum to both printed totals,text
East Bridgewater,2016,2016-04-09,precinct,1,2273,200,checked,,text
East Bridgewater,2016,2016-04-09,precinct,2,2270,194,checked,,text
East Bridgewater,2016,2016-04-09,precinct,3,2434,250,checked,,text
East Bridgewater,2016,2016-04-09,precinct,4,2101,209,checked,,text
East Brookfield,2016,2016-05-10,total,,1444,419,single,"a single undivided town, or no precinct detail printed",text
East Longmeadow,2016,2016-04-02,total,,11114,4048,checked,precincts sum to both printed totals,text
East Longmeadow,2016,2016-04-02,precinct,1,2864,1024,checked,,text
East Longmeadow,2016,2016-04-02,precinct,2,2659,900,checked,,text
East Longmeadow,2016,2016-04-02,precinct,3,2745,1010,checked,,text
East Longmeadow,2016,2016-04-02,precinct,4,2846,1114,checked,,text
Foxborough,2016,2016-05-01,total,,2232,216,mismatch,"precincts sum to 36873 registered, the printed total says 2232",text
Foxborough,2016,2016-05-01,precinct,1,3555,130,mismatch,,text
Foxborough,2016,2016-05-01,precinct,2,3219,474,mismatch,,text
Foxborough,2016,2016-05-01,precinct,3,2569,259,mismatch,,text
Foxborough,2016,2016-05-01,precinct,3,4,,mismatch,,text
Foxborough,2016,2016-05-01,precinct,5,2859,35,mismatch,,text
Foxborough,2016,2016-05-01,precinct,5,2913,365,mismatch,,text
Foxborough,2016,2016-05-01,precinct,6,2501,269,mismatch,,text
Foxborough,2016,2016-05-01,precinct,6,2596,262,mismatch,,text
Foxborough,2016,2016-05-01,precinct,9,16657,1983,mismatch,,text
Framingham,2016,2016-03-29,total,,37629,5442,reg_only,registered voters sum; people who voted does not,text
Framingham,2016,2016-03-29,precinct,1,2866,475,reg_only,,text
Framingham,2016,2016-03-29,precinct,2,2870,335,reg_only,,text
Framingham,2016,2016-03-29,precinct,3,2395,353,reg_only,,text
Framingham,2016,2016-03-29,precinct,4,2691,501,reg_only,,text
Framingham,2016,2016-03-29,precinct,5,2638,481,reg_only,,text
Framingham,2016,2016-03-29,precinct,6,2622,480,reg_only,,text
Framingham,2016,2016-03-29,precinct,7,2379,419,reg_only,,text
Framingham,2016,2016-03-29,precinct,8,2466,380,reg_only,,text
Framingham,2016,2016-03-29,precinct,9,1906,206,reg_only,,text
Framingham,2016,2016-03-29,precinct,10,1697,101,reg_only,,text
Framingham,2016,2016-03-29,precinct,11,2812,542,reg_only,,text
Framingham,2016,2016-03-29,precinct,12,1434,207,reg_only,,text
Framingham,2016,2016-03-29,precinct,13,1974,264,reg_only,,text
Framingham,2016,2016-03-29,precinct,14,1480,116,reg_only,,text
Framingham,2016,2016-03-29,precinct,15,1653,172,reg_only,,text
Framingham,2016,2016-03-29,precinct,16,1006,54,reg_only,,text
Framingham,2016,2016-03-29,precinct,17,1227,32,reg_only,,text
Framingham,2016,2016-03-29,precinct,18,1513,126,reg_only,,text
Franklin,2016,,total,,,,no_election,the volume states no election was held this year,text
Freetown,2016,2016-04-04,total,,3582,182,reg_only,registered voters sum; people who voted does not,text
Freetown,2016,2016-04-04,precinct,1,1175,77,reg_only,,text
Freetown,2016,2016-04-04,precinct,2,1177,56,reg_only,,text
Freetown,2016,2016-04-04,precinct,3,1230,94,reg_only,,text
Georgetown,2016,2016-05-09,total,,6052,708,checked,precincts sum to both printed totals,text
Georgetown,2016,2016-05-09,precinct,1,2254,235,checked,,text
Georgetown,2016,2016-05-09,precinct,2,1962,279,checked,,text
Georgetown,2016,2016-05-09,precinct,3,1836,194,checked,,text
Gill,2016,2016-05-16,total,,1089,96,single,"a single undivided town, or no precinct detail printed",text
Goshen,2016,2016-05-07,total,,717,110,single,"a single undivided town, or no precinct detail printed",text
Gosnold,2016,2016-05-23,total,,139,34,single,"a single undivided town, or no precinct detail printed",text
Grafton,2016,2016-05-17,total,,12232,1700,checked,precincts sum to both printed totals,text
Grafton,2016,2016-05-17,precinct,1,2670,325,checked,,text
Grafton,2016,2016-05-17,precinct,2,2374,370,checked,,text
Grafton,2016,2016-05-17,precinct,3,2332,328,checked,,text
Grafton,2016,2016-05-17,precinct,4,2216,234,checked,,text
Grafton,2016,2016-05-17,precinct,5,2640,443,checked,,text
Granby,2016,2016-05-16,total,,4834,656,checked,precincts sum to both printed totals,text
Granby,2016,2016-05-16,precinct,1,2694,342,checked,,text
Granby,2016,2016-05-16,precinct,2,2140,314,checked,,text
Granville,2016,2016-04-11,total,,1135,97,single,"a single undivided town, or no precinct detail printed",text
Great Barrington,2016,2016-05-17,total,,4590,576,checked,precincts sum to both printed totals,text
Great Barrington,2016,2016-05-17,precinct,A,1197,139,checked,,text
Great Barrington,2016,2016-05-17,precinct,B,1241,177,checked,,text
Great Barrington,2016,2016-05-17,precinct,C,903,96,checked,,text
Great Barrington,2016,2016-05-17,precinct,D,1249,164,checked,,text
Greenfield,2016,,total,,,,no_election,the volume states no election was held this year,text
Hingham,2016,2016-04-30,total,,16802,2045,checked,precincts sum to both printed totals,text
Hingham,2016,2016-04-30,precinct,1,2739,241,checked,,text
Hingham,2016,2016-04-30,precinct,2,2885,295,checked,,text
Hingham,2016,2016-04-30,precinct,3,2755,342,checked,,text
Hingham,2016,2016-04-30,precinct,4,2690,320,checked,,text
Hingham,2016,2016-04-30,precinct,5,1950,263,checked,,text
Hingham,2016,2016-04-30,precinct,6,1155,266,checked,,text
Hingham,2016,2016-04-30,precinct,6,2628,318,checked,,text
Hinsdale,2016,2016-05-21,total,,1393,401,single,"a single undivided town, or no precinct detail printed",text
Holbrook,2016,2016-04-05,total,,6922,1070,checked,precincts sum to both printed totals,text
Holbrook,2016,2016-04-05,precinct,1,1694,267,checked,,text
Holbrook,2016,2016-04-05,precinct,2,1783,268,checked,,text
Holbrook,2016,2016-04-05,precinct,3,1735,289,checked,,text
Holbrook,2016,2016-04-05,precinct,4,1710,246,checked,,text
Holden,2016,2016-05-09,total,,13086,1149,checked,precincts sum to both printed totals,text
Holden,2016,2016-05-09,precinct,1,2607,189,checked,,text
Holden,2016,2016-05-09,precinct,2,2608,222,checked,,text
Holden,2016,2016-05-09,precinct,3,2408,245,checked,,text
Holden,2016,2016-05-09,precinct,4,2728,251,checked,,text
Holden,2016,2016-05-09,precinct,5,2735,242,checked,,text
Holland,2016,2016-06-13,total,,1839,313,single,"a single undivided town, or no precinct detail printed",text
Holliston,2016,2016-05-24,total,,10155,1789,checked,precincts sum to both printed totals,text
Holliston,2016,2016-05-24,precinct,1,2763,480,checked,,text
Holliston,2016,2016-05-24,precinct,2,2620,509,checked,,text
Holliston,2016,2016-05-24,precinct,3,2413,427,checked,,text
Holliston,2016,2016-05-24,precinct,4,2359,373,checked,,text
Hopedale,2016,2016-05-10,total,,3739,1063,single,"a single undivided town, or no precinct detail printed",text
Hopkinton,2016,2016-05-16,total,,11012,1800,checked,precincts sum to both printed totals,text
Hopkinton,2016,2016-05-16,precinct,1,2855,487,checked,,text
Hopkinton,2016,2016-05-16,precinct,2,2799,496,checked,,text
Hopkinton,2016,2016-05-16,precinct,3,2677,447,checked,,text
Hopkinton,2016,2016-05-16,precinct,4,2681,370,checked,,text
Hubbardston,2016,2016-06-14,total,,3265,666,single,"a single undivided town, or no precinct detail printed",text
Hudson,2016,2016-05-09,total,,12769,377,reg_only,registered voters sum; people who voted does not,text
Hudson,2016,2016-05-09,precinct,1,1936,52,reg_only,,text
Hudson,2016,2016-05-09,precinct,2,1635,42,reg_only,,text
Hudson,2016,2016-05-09,precinct,3,1950,64,reg_only,,text
Hudson,2016,2016-05-09,precinct,4,1997,65,reg_only,,text
Hudson,2016,2016-05-09,precinct,5,2079,61,reg_only,,text
Hudson,2016,2016-05-09,precinct,6,1564,5,reg_only,,text
Hudson,2016,2016-05-09,precinct,7,1608,34,reg_only,,text
Hull,2016,2016-05-10,total,,8713,3573,checked,precincts sum to both printed totals,text
Hull,2016,2016-05-10,precinct,1,2943,1355,checked,,text
Hull,2016,2016-05-10,precinct,2,2710,1086,checked,,text
Hull,2016,2016-05-10,precinct,3,3060,1132,checked,,text
Huntington,2016,2016-05-21,total,,1455,187,single,"a single undivided town, or no precinct detail printed",text
June,2016,2016-06-06,total,,2692,721,mismatch,"precincts sum to 41794 registered, the printed total says 2692",text
June,2016,2016-06-06,precinct,1,2338,233,mismatch,,text
June,2016,2016-06-06,precinct,1,1899,329,mismatch,,text
June,2016,2016-06-06,precinct,1,2165,177,mismatch,,text
June,2016,2016-06-06,precinct,1,2079,273,mismatch,,text
June,2016,2016-06-06,precinct,2,2340,247,mismatch,,text
June,2016,2016-06-06,precinct,2,1808,206,mismatch,,text
June,2016,2016-06-06,precinct,2,2073,258,mismatch,,text
June,2016,2016-06-06,precinct,2,2243,342,mismatch,,text
June,2016,2016-06-06,precinct,3,2278,227,mismatch,,text
June,2016,2016-06-06,precinct,3,1840,275,mismatch,,text
June,2016,2016-06-06,precinct,3,1793,145,mismatch,,text
June,2016,2016-06-06,precinct,3,2316,334,mismatch,,text
June,2016,2016-06-06,precinct,4,2306,244,mismatch,,text
June,2016,2016-06-06,precinct,4,1785,309,mismatch,,text
June,2016,2016-06-06,precinct,4,1985,172,mismatch,,text
June,2016,2016-06-06,precinct,4,2072,352,mismatch,,text
June,2016,2016-06-06,precinct,5,1861,300,mismatch,,text
June,2016,2016-06-06,precinct,6,2257,332,mismatch,,text
June,2016,2016-06-06,precinct,7,2167,330,mismatch,,text
June,2016,2016-06-06,precinct,8,2189,275,mismatch,,text
Kingston,2016,2016-05-09,total,,720,142,single,"a single undivided town, or no precinct detail printed",text
Longmeadow,2016,2016-06-14,total,,11300,551,checked,precincts sum to both printed totals,text
Longmeadow,2016,2016-06-14,precinct,2,2064,119,checked,,text
Longmeadow,2016,2016-06-14,precinct,3,2413,101,checked,,text
Longmeadow,2016,2016-06-14,precinct,A,2251,104,checked,,text
Longmeadow,2016,2016-06-14,precinct,D,2331,108,checked,,text
Longmeadow,2016,2016-06-14,precinct,E,2241,119,checked,,text
Ludlow,2016,2016-03-28,total,,13255,1565,checked,precincts sum to both printed totals,text
Ludlow,2016,2016-03-28,precinct,1,2361,228,checked,,text
Ludlow,2016,2016-03-28,precinct,2,1882,171,checked,,text
Ludlow,2016,2016-03-28,precinct,3,2437,320,checked,,text
Ludlow,2016,2016-03-28,precinct,4,2249,296,checked,,text
Ludlow,2016,2016-03-28,precinct,5,1688,215,checked,,text
Ludlow,2016,2016-03-28,precinct,6,2638,335,checked,,text
Lunenburg,2016,2016-05-21,total,,7187,363,reg_only,registered voters sum; people who voted does not,text
Lunenburg,2016,2016-05-21,precinct,1,1854,105,reg_only,,text
Lunenburg,2016,2016-05-21,precinct,2,1685,47,reg_only,,text
Lunenburg,2016,2016-05-21,precinct,4,1733,106,reg_only,,text
Lunenburg,2016,2016-05-21,precinct,C,1915,78,reg_only,,text
Lynnfield,2016,2016-04-11,total,,8930,1671,checked,precincts sum to both printed totals,text
Lynnfield,2016,2016-04-11,precinct,1,2201,462,checked,,text
Lynnfield,2016,2016-04-11,precinct,2,2328,341,checked,,text
Lynnfield,2016,2016-04-11,precinct,3,2103,350,checked,,text
Lynnfield,2016,2016-04-11,precinct,4,2298,518,checked,,text
Manchester By The Sea,2016,2016-05-17,total,,3923,545,single,"a single undivided town, or no precinct detail printed",text
Mansfield,2016,2016-05-10,total,,15772,1309,checked,precincts sum to both printed totals,text
Mansfield,2016,2016-05-10,precinct,1,2729,218,checked,,text
Mansfield,2016,2016-05-10,precinct,2,2696,246,checked,,text
Mansfield,2016,2016-05-10,precinct,3,2711,284,checked,,text
Mansfield,2016,2016-05-10,precinct,4,2621,216,checked,,text
Mansfield,2016,2016-05-10,precinct,5,2446,159,checked,,text
Mansfield,2016,2016-05-10,precinct,6,2569,186,checked,,text
Marblehead,2016,2016-05-10,total,,15133,3295,checked,precincts sum to both printed totals,text
Marblehead,2016,2016-05-10,precinct,1,2566,711,checked,,text
Marblehead,2016,2016-05-10,precinct,2,2638,652,checked,,text
Marblehead,2016,2016-05-10,precinct,3,2401,475,checked,,text
Marblehead,2016,2016-05-10,precinct,4,2636,549,checked,,text
Marblehead,2016,2016-05-10,precinct,5,2446,412,checked,,text
Marblehead,2016,2016-05-10,precinct,6,2446,496,checked,,text
March,2016,2016-03-01,total,,12875,6844,mismatch,"precincts sum to 63966 registered, the printed total says 12875",text
March,2016,2016-03-01,precinct,1,2491,1470,mismatch,,text
March,2016,2016-03-01,precinct,1,2615,260,mismatch,,text
March,2016,2016-03-01,precinct,2,2949,1244,mismatch,,text
March,2016,2016-03-01,precinct,2,2507,1279,mismatch,,text
March,2016,2016-03-01,precinct,2,1833,131,mismatch,,text
March,2016,2016-03-01,precinct,2,2100,753,mismatch,,text
March,2016,2016-03-01,precinct,3,2764,1515,mismatch,,text
March,2016,2016-03-01,precinct,3,2208,309,mismatch,,text
March,2016,2016-03-01,precinct,4,2824,1593,mismatch,,text
March,2016,2016-03-01,precinct,4,2486,1427,mismatch,,text
March,2016,2016-03-01,precinct,4,2087,309,mismatch,,text
March,2016,2016-03-01,precinct,5,1847,1022,mismatch,,text
March,2016,2016-03-01,precinct,5,2592,1314,mismatch,,text
March,2016,2016-03-01,precinct,6,2075,946,mismatch,,text
March,2016,2016-03-01,precinct,6,2431,1278,mismatch,,text
March,2016,2016-03-01,precinct,7,2384,1350,mismatch,,text
March,2016,2016-03-01,precinct,8,2110,1057,mismatch,,text
March,2016,2016-03-01,precinct,8,2333,1271,mismatch,,text
March,2016,2016-03-01,precinct,9,2454,1227,mismatch,,text
March,2016,2016-03-01,precinct,A,2202,699,mismatch,,text
March,2016,2016-03-01,precinct,B,2394,764,mismatch,,text
March,2016,2016-03-01,precinct,F,1439,434,mismatch,,text
March,2016,2016-03-01,precinct,G,1170,353,mismatch,,text
March,2016,2016-03-01,precinct,H,2227,719,mismatch,,text
March,2016,2016-03-01,precinct,L,2609,294,mismatch,,text
March,2016,2016-03-01,precinct,c,2314,625,mismatch,,text
March,2016,2016-03-01,precinct,24,2433,744,mismatch,,text
March,2016,2016-03-01,precinct,25,2088,669,mismatch,,text
Marion,2016,2016-05-13,total,,3786,1117,single,"a single undivided town, or no precinct detail printed",text
Marshfield,2016,2016-05-10,total,,18662,1598,checked,precincts sum to both printed totals,text
Marshfield,2016,2016-05-10,precinct,1,2747,210,checked,,text
Marshfield,2016,2016-05-10,precinct,2,2752,233,checked,,text
Marshfield,2016,2016-05-10,precinct,3,2669,212,checked,,text
Marshfield,2016,2016-05-10,precinct,4,2579,239,checked,,text
Marshfield,2016,2016-05-10,precinct,5,2354,222,checked,,text
Marshfield,2016,2016-05-10,precinct,6,2882,257,checked,,text
Marshfield,2016,2016-05-10,precinct,7,2679,225,checked,,text
May,2016,2016-05-07,total,,1364,216,mismatch,"precincts sum to 312488 registered, the printed total says 1364",text
May,2016,2016-05-07,precinct,1,2090,814,mismatch,,text
May,2016,2016-05-07,precinct,1,1991,89,mismatch,,text
May,2016,2016-05-07,precinct,1,2617,485,mismatch,,text
May,2016,2016-05-07,precinct,1,2833,774,mismatch,,text
May,2016,2016-05-07,precinct,1,2298,534,mismatch,,text
May,2016,2016-05-07,precinct,1,2812,856,mismatch,,text
May,2016,2016-05-07,precinct,1,2091,348,mismatch,,text
May,2016,2016-05-07,precinct,1,2783,1051,mismatch,,text
May,2016,2016-05-07,precinct,1,2367,555,mismatch,,text
May,2016,2016-05-07,precinct,1,2795,182,mismatch,,text
May,2016,2016-05-07,precinct,1,2397,319,mismatch,,text
May,2016,2016-05-07,precinct,1,2373,720,mismatch,,text
May,2016,2016-05-07,precinct,1,2739,461,mismatch,,text
May,2016,2016-05-07,precinct,1,2568,422,mismatch,,text
May,2016,2016-05-07,precinct,1,2386,257,mismatch,,text
May,2016,2016-05-07,precinct,1,2330,510,mismatch,,text
May,2016,2016-05-07,precinct,1,2374,392,mismatch,,text
May,2016,2016-05-07,precinct,1,2336,181,mismatch,,text
May,2016,2016-05-07,precinct,1,3090,,mismatch,,text
May,2016,2016-05-07,precinct,1,2242,202,mismatch,,text
May,2016,2016-05-07,precinct,1,1919,444,mismatch,,text
May,2016,2016-05-07,precinct,1,2068,505,mismatch,,text
May,2016,2016-05-07,precinct,1,2843,447,mismatch,,text
May,2016,2016-05-07,precinct,1,2421,468,mismatch,,text
May,2016,2016-05-07,precinct,1,2629,665,mismatch,,text
May,2016,2016-05-07,precinct,1,2607,216,mismatch,,text
May,2016,2016-05-07,precinct,1,3182,436,mismatch,,text
May,2016,2016-05-07,precinct,1,1979,290,mismatch,,text
May,2016,2016-05-07,precinct,2,2179,1026,mismatch,,text
May,2016,2016-05-07,precinct,2,2230,163,mismatch,,text
May,2016,2016-05-07,precinct,2,2640,492,mismatch,,text
May,2016,2016-05-07,precinct,2,3024,680,mismatch,,text
May,2016,2016-05-07,precinct,2,2424,166,mismatch,,text
May,2016,2016-05-07,precinct,2,2744,620,mismatch,,text
May,2016,2016-05-07,precinct,2,2336,457,mismatch,,text
May,2016,2016-05-07,precinct,2,2659,837,mismatch,,text
May,2016,2016-05-07,precinct,2,2430,475,mismatch,,text
May,2016,2016-05-07,precinct,2,2549,202,mismatch,,text
May,2016,2016-05-07,precinct,2,2605,252,mismatch,,text
May,2016,2016-05-07,precinct,2,2449,832,mismatch,,text
May,2016,2016-05-07,precinct,2,2582,447,mismatch,,text
May,2016,2016-05-07,precinct,2,2792,520,mismatch,,text
May,2016,2016-05-07,precinct,2,2522,250,mismatch,,text
May,2016,2016-05-07,precinct,2,2257,513,mismatch,,text
May,2016,2016-05-07,precinct,2,1976,241,mismatch,,text
May,2016,2016-05-07,precinct,2,2308,194,mismatch,,text
May,2016,2016-05-07,precinct,2,2328,195,mismatch,,text
May,2016,2016-05-07,precinct,2,2089,130,mismatch,,text
May,2016,2016-05-07,precinct,2,2058,448,mismatch,,text
May,2016,2016-05-07,precinct,2,2047,422,mismatch,,text
May,2016,2016-05-07,precinct,2,2715,728,mismatch,,text
May,2016,2016-05-07,precinct,2,2305,234,mismatch,,text
May,2016,2016-05-07,precinct,2,2372,570,mismatch,,text
May,2016,2016-05-07,precinct,2,2419,244,mismatch,,text
May,2016,2016-05-07,precinct,2,3094,291,mismatch,,text
May,2016,2016-05-07,precinct,2,1632,172,mismatch,,text
May,2016,2016-05-07,precinct,3,2183,726,mismatch,,text
May,2016,2016-05-07,precinct,3,1297,94,mismatch,,text
May,2016,2016-05-07,precinct,3,2511,359,mismatch,,text
May,2016,2016-05-07,precinct,3,2203,351,mismatch,,text
May,2016,2016-05-07,precinct,3,2379,409,mismatch,,text
May,2016,2016-05-07,precinct,3,2527,971,mismatch,,text
May,2016,2016-05-07,precinct,3,2450,260,mismatch,,text
May,2016,2016-05-07,precinct,3,2332,673,mismatch,,text
May,2016,2016-05-07,precinct,3,2529,250,mismatch,,text
May,2016,2016-05-07,precinct,3,2049,520,mismatch,,text
May,2016,2016-05-07,precinct,3,1836,186,mismatch,,text
May,2016,2016-05-07,precinct,3,2277,208,mismatch,,text
May,2016,2016-05-07,precinct,3,2266,174,mismatch,,text
May,2016,2016-05-07,precinct,3,1983,418,mismatch,,text
May,2016,2016-05-07,precinct,3,1884,337,mismatch,,text
May,2016,2016-05-07,precinct,3,2449,475,mismatch,,text
May,2016,2016-05-07,precinct,3,2317,323,mismatch,,text
May,2016,2016-05-07,precinct,3,2634,689,mismatch,,text
May,2016,2016-05-07,precinct,3,1923,277,mismatch,,text
May,2016,2016-05-07,precinct,4,2140,542,mismatch,,text
May,2016,2016-05-07,precinct,4,2181,242,mismatch,,text
May,2016,2016-05-07,precinct,4,2335,234,mismatch,,text
May,2016,2016-05-07,precinct,4,2339,477,mismatch,,text
May,2016,2016-05-07,precinct,4,2494,274,mismatch,,text
May,2016,2016-05-07,precinct,4,2390,273,mismatch,,text
May,2016,2016-05-07,precinct,4,2605,322,mismatch,,text
May,2016,2016-05-07,precinct,4,2000,,mismatch,,text
May,2016,2016-05-07,precinct,4,2342,219,mismatch,,text
May,2016,2016-05-07,precinct,4,2192,135,mismatch,,text
May,2016,2016-05-07,precinct,4,2571,407,mismatch,,text
May,2016,2016-05-07,precinct,4,2465,418,mismatch,,text
May,2016,2016-05-07,precinct,4,2521,625,mismatch,,text
May,2016,2016-05-07,precinct,4,2597,505,mismatch,,text
May,2016,2016-05-07,precinct,5,2074,722,mismatch,,text
May,2016,2016-05-07,precinct,5,2103,241,mismatch,,text
May,2016,2016-05-07,precinct,5,2102,236,mismatch,,text
May,2016,2016-05-07,precinct,5,2477,263,mismatch,,text
May,2016,2016-05-07,precinct,5,2825,613,mismatch,,text
May,2016,2016-05-07,precinct,5,2116,469,mismatch,,text
May,2016,2016-05-07,precinct,5,2468,511,mismatch,,text
May,2016,2016-05-07,precinct,5,2340,144,mismatch,,text
May,2016,2016-05-07,precinct,5,2325,426,mismatch,,text
May,2016,2016-05-07,precinct,5,2139,379,mismatch,,text
May,2016,2016-05-07,precinct,6,2320,340,mismatch,,text
May,2016,2016-05-07,precinct,6,1470,194,mismatch,,text
May,2016,2016-05-07,precinct,6,2434,239,mismatch,,text
May,2016,2016-05-07,precinct,6,2313,94,mismatch,,text
May,2016,2016-05-07,precinct,6,2261,528,mismatch,,text
May,2016,2016-05-07,precinct,7,2357,317,mismatch,,text
May,2016,2016-05-07,precinct,7,2005,134,mismatch,,text
May,2016,2016-05-07,precinct,7,2335,215,mismatch,,text
May,2016,2016-05-07,precinct,7,2674,433,mismatch,,text
May,2016,2016-05-07,precinct,8,2371,312,mismatch,,text
May,2016,2016-05-07,precinct,9,2205,302,mismatch,,text
May,2016,2016-05-07,precinct,9,2496,447,mismatch,,text
May,2016,2016-05-07,precinct,A,2259,384,mismatch,,text
May,2016,2016-05-07,precinct,B,848,153,mismatch,,text
May,2016,2016-05-07,precinct,L,1771,48,mismatch,,text
May,2016,2016-05-07,precinct,L,2166,134,mismatch,,text
May,2016,2016-05-07,precinct,l,2434,182,mismatch,,text
May,2016,2016-05-07,precinct,11,3585,535,mismatch,,text
May,2016,2016-05-07,precinct,22,7768,1336,mismatch,,text
May,2016,2016-05-07,precinct,26,2268,464,mismatch,,text
May,2016,2016-05-07,precinct,34,2393,139,mismatch,,text
May,2016,2016-05-07,precinct,37,2613,513,mismatch,,text
May,2016,2016-05-07,precinct,38,2707,517,mismatch,,text
May,2016,2016-05-07,precinct,40,2767,650,mismatch,,text
May,2016,2016-05-07,precinct,42,2596,446,mismatch,,text
May,2016,2016-05-07,precinct,54,6,,mismatch,,text
May,2016,2016-05-07,precinct,66,2607,385,mismatch,,text
May,2016,2016-05-07,precinct,81,217,,mismatch,,text
May,2016,2016-05-07,precinct,82,2393,365,mismatch,,text
May,2016,2016-05-07,precinct,83,1826,51,mismatch,,text
May,2016,2016-05-07,precinct,92,630,,mismatch,,text
May,2016,2016-05-07,precinct,93,3106,569,mismatch,,text
May,2016,2016-05-07,precinct,125,3192,262,mismatch,,text
Millbury,2016,2016-04-26,total,,8846,3138,checked,precincts sum to both printed totals,text
Millbury,2016,2016-04-26,precinct,1,2124,732,checked,,text
Millbury,2016,2016-04-26,precinct,2,2480,1084,checked,,text
Millbury,2016,2016-04-26,precinct,3,2238,722,checked,,text
Millbury,2016,2016-04-26,precinct,4,2004,600,checked,,text
Millis,2016,2016-05-02,total,,5727,880,checked,precincts sum to both printed totals,text
Millis,2016,2016-05-02,precinct,1,1929,302,checked,,text
Millis,2016,2016-05-02,precinct,2,1894,272,checked,,text
Millis,2016,2016-05-02,precinct,3,1904,306,checked,,text
Millville,2016,2016-04-04,total,,2079,238,single,"a single undivided town, or no precinct detail printed",text
Milton,2016,2016-04-26,total,,17132,5803,reg_only,registered voters sum; people who voted does not,text
Milton,2016,2016-04-26,precinct,1,1669,370,reg_only,,text
Milton,2016,2016-04-26,precinct,2,1798,643,reg_only,,text
Milton,2016,2016-04-26,precinct,3,1899,668,reg_only,,text
Milton,2016,2016-04-26,precinct,4,1737,537,reg_only,,text
Milton,2016,2016-04-26,precinct,5,1473,524,reg_only,,text
Milton,2016,2016-04-26,precinct,6,1884,723,reg_only,,text
Milton,2016,2016-04-26,precinct,7,1707,651,reg_only,,text
Milton,2016,2016-04-26,precinct,8,1877,762,reg_only,,text
Milton,2016,2016-04-26,precinct,9,1865,765,reg_only,,text
Milton,2016,2016-04-26,precinct,10,1223,952,reg_only,,text
Monroe,2016,2016-05-02,total,,72,31,single,"a single undivided town, or no precinct detail printed",text
Monson,2016,2016-06-14,total,,5643,290,checked,precincts sum to both printed totals,text
Monson,2016,2016-06-14,precinct,A,1866,78,checked,,text
Monson,2016,2016-06-14,precinct,B,1867,108,checked,,text
Monson,2016,2016-06-14,precinct,c,1910,104,checked,,text
Montague,2016,2016-05-16,total,,6113,548,checked,precincts sum to both printed totals,text
Montague,2016,2016-05-16,precinct,1,1201,127,checked,,text
Montague,2016,2016-05-16,precinct,2,1039,69,checked,,text
Montague,2016,2016-05-16,precinct,3,965,110,checked,,text
Montague,2016,2016-05-16,precinct,4,1083,115,checked,,text
Montague,2016,2016-05-16,precinct,5,879,65,checked,,text
Montague,2016,2016-05-16,precinct,6,946,62,checked,,text
Monterey,2016,2016-05-10,total,,621,217,single,"a single undivided town, or no precinct detail printed",text
Montgomery,2016,2016-05-02,total,,609,105,single,"a single undivided town, or no precinct detail printed",text
Mount Washington,2016,2016-05-10,total,,127,51,single,"a single undivided town, or no precinct detail printed",text
Nahant,2016,2016-04-30,total,,2581,1077,single,"a single undivided town, or no precinct detail printed",text
Nantucket,2016,2016-04-12,total,,8812,1978,single,"a single undivided town, or no precinct detail printed",text
Natick,2016,2016-03-29,total,,22729,4364,checked,precincts sum to both printed totals; the TOTALS label was unreadable and was identified by the sum,text
Natick,2016,2016-03-29,precinct,0,2136,438,checked,,text
Natick,2016,2016-03-29,precinct,2,1563,107,checked,,text
Natick,2016,2016-03-29,precinct,2,2339,486,checked,,text
Natick,2016,2016-03-29,precinct,2,2454,451,checked,,text
Natick,2016,2016-03-29,precinct,2,2283,514,checked,,text
Natick,2016,2016-03-29,precinct,4,2472,388,checked,,text
Natick,2016,2016-03-29,precinct,6,2249,455,checked,,text
Natick,2016,2016-03-29,precinct,6,2632,592,checked,,text
Natick,2016,2016-03-29,precinct,7,2336,520,checked,,text
Natick,2016,2016-03-29,precinct,8,2265,413,checked,,text
New Marlborough,2016,2016-05-02,total,,,,no_total,no TOTALS row was read,text
New Marlborough,2016,2016-05-02,precinct,1,715,107,no_total,,text
New Salem,2016,2016-05-09,total,,,,no_total,no TOTALS row was read,text
New Salem,2016,2016-05-09,precinct,8,1002,262,no_total,,text
New Salem,2016,2016-05-09,precinct,8,8,,no_total,,text
Newbury,2016,2016-05-02,total,,,,no_total,no TOTALS row was read,text
Newbury,2016,2016-05-02,precinct,0,707,69,no_total,,text
North Andover,2016,2016-03-29,total,,18487,2853,checked,precincts sum to both printed totals,text
North Andover,2016,2016-03-29,precinct,1,2218,355,checked,,text
North Andover,2016,2016-03-29,precinct,1,1657,219,checked,,text
North Andover,2016,2016-03-29,precinct,3,2350,282,checked,,text
North Andover,2016,2016-03-29,precinct,4,2545,383,checked,,text
North Andover,2016,2016-03-29,precinct,5,2432,591,checked,,text
North Andover,2016,2016-03-29,precinct,6,2551,367,checked,,text
North Andover,2016,2016-03-29,precinct,7,2399,316,checked,,text
North Andover,2016,2016-03-29,precinct,7,2335,340,checked,,text
North Brookfield,2016,2016-05-02,total,,3096,452,single,"a single undivided town, or no precinct detail printed",text
North Reading,2016,2016-05-03,total,,10917,1327,checked,precincts sum to both printed totals,text
North Reading,2016,2016-05-03,precinct,1,2796,354,checked,,text
North Reading,2016,2016-05-03,precinct,2,2636,225,checked,,text
North Reading,2016,2016-05-03,precinct,3,2740,329,checked,,text
North Reading,2016,2016-05-03,precinct,4,2745,419,checked,,text
Northborough,2016,2016-05-09,total,,10733,366,checked,precincts sum to both printed totals,text
Northborough,2016,2016-05-09,precinct,1,2778,99,checked,,text
Northborough,2016,2016-05-09,precinct,2,2616,86,checked,,text
Northborough,2016,2016-05-09,precinct,3,2657,108,checked,,text
Northborough,2016,2016-05-09,precinct,4,2682,73,checked,,text
Northbridge,2016,2016-05-17,total,,10592,870,checked,precincts sum to both printed totals,text
Northbridge,2016,2016-05-17,precinct,1,2643,230,checked,,text
Northbridge,2016,2016-05-17,precinct,2,2693,155,checked,,text
Northbridge,2016,2016-05-17,precinct,3,2390,207,checked,,text
Northbridge,2016,2016-05-17,precinct,4,2866,278,checked,,text
Northfield,2016,2016-05-03,total,,2165,269,single,"a single undivided town, or no precinct detail printed",text
Norton,2016,2016-04-26,total,,12136,873,checked,precincts sum to both printed totals,text
Norton,2016,2016-04-26,precinct,1,2643,217,checked,,text
Norton,2016,2016-04-26,precinct,2,2569,203,checked,,text
Norton,2016,2016-04-26,precinct,3,2669,156,checked,,text
Norton,2016,2016-04-26,precinct,4,2554,168,checked,,text
Norton,2016,2016-04-26,precinct,5,1701,129,checked,,text
Norwell,2016,2016-05-10,total,,7581,1760,checked,precincts sum to both printed totals; the TOTALS label was unreadable and was identified by the sum,text
Norwell,2016,2016-05-10,precinct,1,2501,528,checked,,text
Norwell,2016,2016-05-10,precinct,2,2525,604,checked,,text
Norwell,2016,2016-05-10,precinct,3,2555,628,checked,,text
Norwood,2016,2016-04-04,total,,17702,3584,checked,precincts sum to both printed totals,text
Norwood,2016,2016-04-04,precinct,1,2089,421,checked,,text
Norwood,2016,2016-04-04,precinct,2,1904,409,checked,,text
Norwood,2016,2016-04-04,precinct,3,2045,458,checked,,text
Norwood,2016,2016-04-04,precinct,4,2211,693,checked,,text
Norwood,2016,2016-04-04,precinct,5,1480,178,checked,,text
Norwood,2016,2016-04-04,precinct,6,1673,246,checked,,text
Norwood,2016,2016-04-04,precinct,7,2004,358,checked,,text
Norwood,2016,2016-04-04,precinct,8,2151,388,checked,,text
Norwood,2016,2016-04-04,precinct,9,2145,433,checked,,text
ODD,2016,,total,,,,no_election,the volume states no election was held this year,text
Oak Bluffs,2016,2016-04-14,total,,3794,358,single,"a single undivided town, or no precinct detail printed",text
Oakham,2016,2016-05-16,total,,1303,69,single,"a single undivided town, or no precinct detail printed",text
Orange,2016,2016-03-07,total,,4784,678,checked,precincts sum to both printed totals,text
Orange,2016,2016-03-07,precinct,1,2395,336,checked,,text
Orange,2016,2016-03-07,precinct,2,2389,342,checked,,text
Orleans,2016,2016-05-17,total,,5427,2123,single,"a single undivided town, or no precinct detail printed",text
Otis,2016,2016-05-24,total,,1118,410,single,"a single undivided town, or no precinct detail printed",text
Oxford,2016,2016-05-01,total,,6025,1641,checked,precincts sum to both printed totals; the TOTALS label was unreadable and was identified by the sum,text
Oxford,2016,2016-05-01,precinct,1,1994,476,checked,,text
Oxford,2016,2016-05-01,precinct,2,2084,604,checked,,text
Oxford,2016,2016-05-01,precinct,3,1947,561,checked,,text
Pembroke,2016,2016-05-14,total,,12464,1057,reg_only,registered voters sum; people who voted does not,text
Pembroke,2016,2016-05-14,precinct,1,2576,218,reg_only,,text
Pembroke,2016,2016-05-14,precinct,2,2461,213,reg_only,,text
Pembroke,2016,2016-05-14,precinct,3,2492,214,reg_only,,text
Pembroke,2016,2016-05-14,precinct,4,2546,952,reg_only,,text
Pembroke,2016,2016-05-14,precinct,5,2389,351,reg_only,,text
Pepperell,2016,2016-04-25,total,,8250,630,mismatch,"precincts sum to 5602 registered, the printed total says 8250",text
Pepperell,2016,2016-04-25,precinct,1,177,,mismatch,,text
Pepperell,2016,2016-04-25,precinct,2,2752,219,mismatch,,text
Pepperell,2016,2016-04-25,precinct,3,2673,234,mismatch,,text
Petersham,2016,2016-03-07,total,,918,380,single,"a single undivided town, or no precinct detail printed",text
Phillipston,2016,2016-05-02,total,,1166,315,single,"a single undivided town, or no precinct detail printed",text
Plainfield,2016,2016-05-07,total,,454,95,single,"a single undivided town, or no precinct detail printed",text
Plainville,2016,2016-04-04,total,,5811,730,checked,precincts sum to both printed totals,text
Plainville,2016,2016-04-04,precinct,1,1956,239,checked,,text
Plainville,2016,2016-04-04,precinct,2,1907,210,checked,,text
Plainville,2016,2016-04-04,precinct,3,1948,281,checked,,text
Plympton,2016,2016-05-21,total,,2709,141,mismatch,"precincts sum to 16 registered, the printed total says 2709",text
Plympton,2016,2016-05-21,precinct,1,16,,mismatch,,text
Provincetown,2016,2016-05-03,total,,2875,1040,single,"a single undivided town, or no precinct detail printed",text
Raynhf,2016,2016-04-23,total,,10545,328,reg_only,registered voters sum; people who voted does not,text
Raynhf,2016,2016-04-23,precinct,1,2629,87,reg_only,,text
Raynhf,2016,2016-04-23,precinct,2,2683,74,reg_only,,text
Raynhf,2016,2016-04-23,precinct,3,2681,85,reg_only,,text
Raynhf,2016,2016-04-23,precinct,4,2552,109,reg_only,,text
Reading,2016,2016-03-01,total,,17912,6163,reg_only,registered voters sum; people who voted does not,text
Reading,2016,2016-03-01,precinct,1,2461,909,reg_only,,text
Reading,2016,2016-03-01,precinct,2,2286,681,reg_only,,text
Reading,2016,2016-03-01,precinct,3,2430,977,reg_only,,text
Reading,2016,2016-03-01,precinct,4,2230,737,reg_only,,text
Reading,2016,2016-03-01,precinct,5,2227,675,reg_only,,text
Reading,2016,2016-03-01,precinct,6,1719,652,reg_only,,text
Reading,2016,2016-03-01,precinct,7,2312,917,reg_only,,text
Reading,2016,2016-03-01,precinct,8,2247,813,reg_only,,text
Rehoboth,2016,2016-04-04,total,,8163,375,checked,precincts sum to both printed totals,text
Rehoboth,2016,2016-04-04,precinct,1,2634,119,checked,,text
Rehoboth,2016,2016-04-04,precinct,2,2688,124,checked,,text
Rehoboth,2016,2016-04-04,precinct,3,2841,132,checked,,text
Richmond,2016,2016-05-21,total,,1101,175,single,"a single undivided town, or no precinct detail printed",text
Rochester,2016,2016-04-13,total,,4264,415,single,"a single undivided town, or no precinct detail printed",text
Rockland,2016,2016-05-02,total,,11662,1988,mismatch,"precincts sum to 12931 registered, the printed total says 11662",text
Rockland,2016,2016-05-02,precinct,1,1269,105,mismatch,,text
Rockland,2016,2016-05-02,precinct,1,2087,279,mismatch,,text
Rockland,2016,2016-05-02,precinct,2,2155,331,mismatch,,text
Rockland,2016,2016-05-02,precinct,3,1602,253,mismatch,,text
Rockland,2016,2016-05-02,precinct,4,1800,952,mismatch,,text
Rockland,2016,2016-05-02,precinct,5,1969,482,mismatch,,text
Rockland,2016,2016-05-02,precinct,6,2049,384,mismatch,,text
Rockport,2016,2016-05-03,total,,5519,1487,checked,precincts sum to both printed totals,text
Rockport,2016,2016-05-03,precinct,1,1363,369,checked,,text
Rockport,2016,2016-05-03,precinct,2,1909,542,checked,,text
Rockport,2016,2016-05-03,precinct,3,2247,576,checked,,text
Rowe,2016,2016-05-14,total,,277,128,single,"a single undivided town, or no precinct detail printed",text
Rowley,2016,2016-05-10,total,,4280,891,single,"a single undivided town, or no precinct detail printed",text
Royalston,2016,2016-04-04,total,,854,140,reg_only,registered voters sum; people who voted does not,text
Royalston,2016,2016-04-04,precinct,1,496,91,reg_only,,text
Royalston,2016,2016-04-04,precinct,2,358,94,reg_only,,text
Russell,2016,2016-05-02,total,,1052,170,single,"a single undivided town, or no precinct detail printed",text
Shrewsbury,2016,2016-05-03,total,,22864,1296,mismatch,"precincts sum to 20818 registered, the printed total says 22864",text
Shrewsbury,2016,2016-05-03,precinct,1,2708,202,mismatch,,text
Shrewsbury,2016,2016-05-03,precinct,2,2166,97,mismatch,,text
Shrewsbury,2016,2016-05-03,precinct,3,1977,84,mismatch,,text
Shrewsbury,2016,2016-05-03,precinct,4,2243,77,mismatch,,text
Shrewsbury,2016,2016-05-03,precinct,5,5,107,mismatch,,text
Shrewsbury,2016,2016-05-03,precinct,6,2399,155,mismatch,,text
Shrewsbury,2016,2016-05-03,precinct,7,2713,,mismatch,,text
Shrewsbury,2016,2016-05-03,precinct,8,2683,20,mismatch,,text
Shrewsbury,2016,2016-05-03,precinct,9,1628,58,mismatch,,text
Shrewsbury,2016,2016-05-03,precinct,10,2296,128,mismatch,,text
Shutesbury,2016,2016-05-07,total,,1459,208,single,"a single undivided town, or no precinct detail printed",text
Somerset,2016,2016-05-09,total,,13039,3601,checked,precincts sum to both printed totals,text
Somerset,2016,2016-05-09,precinct,1,2646,782,checked,,text
Somerset,2016,2016-05-09,precinct,2,2746,865,checked,,text
Somerset,2016,2016-05-09,precinct,3,2709,758,checked,,text
Somerset,2016,2016-05-09,precinct,4,2466,652,checked,,text
Somerset,2016,2016-05-09,precinct,5,2472,544,checked,,text
South Hadley,2016,2016-04-12,total,,10536,1552,checked,precincts sum to both printed totals,text
South Hadley,2016,2016-04-12,precinct,A,2206,224,checked,,text
South Hadley,2016,2016-04-12,precinct,B,2258,371,checked,,text
South Hadley,2016,2016-04-12,precinct,C,2336,294,checked,,text
South Hadley,2016,2016-04-12,precinct,D,1399,302,checked,,text
South Hadley,2016,2016-04-12,precinct,E,2337,361,checked,,text
Southampton,2016,2016-05-02,total,,4424,706,single,"a single undivided town, or no precinct detail printed",text
Southborough,2016,2016-05-09,total,,7029,850,checked,precincts sum to both printed totals,text
Southborough,2016,2016-05-09,precinct,1,2449,327,checked,,text
Southborough,2016,2016-05-09,precinct,2,2233,240,checked,,text
Southborough,2016,2016-05-09,precinct,3,2347,283,checked,,text
Southbridge,2016,2016-06-28,total,,10965,989,checked,precincts sum to both printed totals,text
Southbridge,2016,2016-06-28,precinct,1,2240,240,checked,,text
Southbridge,2016,2016-06-28,precinct,2,2181,146,checked,,text
Southbridge,2016,2016-06-28,precinct,3,2103,175,checked,,text
Southbridge,2016,2016-06-28,precinct,4,2351,319,checked,,text
Southbridge,2016,2016-06-28,precinct,5,2090,109,checked,,text
Southwick,2016,2016-05-10,total,,6742,633,checked,precincts sum to both printed totals,text
Southwick,2016,2016-05-10,precinct,1,2441,257,checked,,text
Southwick,2016,2016-05-10,precinct,2,2077,161,checked,,text
Southwick,2016,2016-05-10,precinct,3,2224,215,checked,,text
Spencer,2016,2016-05-10,total,,7475,2499,checked,precincts sum to both printed totals,text
Spencer,2016,2016-05-10,precinct,1,1862,597,checked,,text
Spencer,2016,2016-05-10,precinct,2,1740,491,checked,,text
Spencer,2016,2016-05-10,precinct,3,1959,750,checked,,text
Spencer,2016,2016-05-10,precinct,4,1914,661,checked,,text
Sterling,2016,2016-05-09,total,,5781,920,checked,precincts sum to both printed totals,text
Sterling,2016,2016-05-09,precinct,1,2841,511,checked,,text
Sterling,2016,2016-05-09,precinct,2,2940,409,checked,,text
Stockbridge,2016,2016-05-17,total,,1632,220,single,"a single undivided town, or no precinct detail printed",text
Stoneham,2016,2016-04-05,total,,15628,2279,reg_only,registered voters sum; people who voted does not,text
Stoneham,2016,2016-04-05,precinct,1,2163,273,reg_only,,text
Stoneham,2016,2016-04-05,precinct,2,2357,299,reg_only,,text
Stoneham,2016,2016-04-05,precinct,3,2410,793,reg_only,,text
Stoneham,2016,2016-04-05,precinct,4,2103,260,reg_only,,text
Stoneham,2016,2016-04-05,precinct,5,2297,395,reg_only,,text
Stoneham,2016,2016-04-05,precinct,6,2145,306,reg_only,,text
Stoneham,2016,2016-04-05,precinct,7,2153,349,reg_only,,text
Stoughton,2016,2016-04-05,total,,18111,2355,mismatch,"precincts sum to 13355 registered, the printed total says 18111",text
Stoughton,2016,2016-04-05,precinct,1,2488,259,mismatch,,text
Stoughton,2016,2016-04-05,precinct,2,2192,312,mismatch,,text
Stoughton,2016,2016-04-05,precinct,4,2698,315,mismatch,,text
Stoughton,2016,2016-04-05,precinct,5,2078,279,mismatch,,text
Stoughton,2016,2016-04-05,precinct,7,2062,197,mismatch,,text
Stoughton,2016,2016-04-05,precinct,8,1837,177,mismatch,,text
Sturbridge,2016,2016-04-11,total,,6744,204,checked,precincts sum to both printed totals,text
Sturbridge,2016,2016-04-11,precinct,1,2260,62,checked,,text
Sturbridge,2016,2016-04-11,precinct,2,2329,67,checked,,text
Sturbridge,2016,2016-04-11,precinct,3,2155,75,checked,,text
Sudbury,2016,2016-03-28,total,,12334,1978,checked,precincts sum to both printed totals,text
Sudbury,2016,2016-03-28,precinct,1,2537,358,checked,,text
Sudbury,2016,2016-03-28,precinct,2,2369,415,checked,,text
Sudbury,2016,2016-03-28,precinct,3,2503,416,checked,,text
Sudbury,2016,2016-03-28,precinct,4,2515,385,checked,,text
Sudbury,2016,2016-03-28,precinct,5,2410,404,checked,,text
Sunderland,2016,2016-05-07,total,,2349,60,single,"a single undivided town, or no precinct detail printed",text
Swampscott,2016,2016-04-26,total,,10294,1641,checked,precincts sum to both printed totals,text
Swampscott,2016,2016-04-26,precinct,1,1637,182,checked,,text
Swampscott,2016,2016-04-26,precinct,2,1723,293,checked,,text
Swampscott,2016,2016-04-26,precinct,3,1611,158,checked,,text
Swampscott,2016,2016-04-26,precinct,4,1766,431,checked,,text
Swampscott,2016,2016-04-26,precinct,5,1743,252,checked,,text
Swampscott,2016,2016-04-26,precinct,6,1814,325,checked,,text
Swansea,2016,2016-04-11,total,,11109,2083,checked,precincts sum to both printed totals,text
Swansea,2016,2016-04-11,precinct,1,2244,386,checked,,text
Swansea,2016,2016-04-11,precinct,2,2275,516,checked,,text
Swansea,2016,2016-04-11,precinct,3,2179,414,checked,,text
Swansea,2016,2016-04-11,precinct,4,2203,359,checked,,text
Swansea,2016,2016-04-11,precinct,5,2208,408,checked,,text
Templeton,2016,2016-05-02,total,,4888,685,checked,precincts sum to both printed totals,text
Templeton,2016,2016-05-02,precinct,A,1756,226,checked,,text
Templeton,2016,2016-05-02,precinct,B,1643,240,checked,,text
Templeton,2016,2016-05-02,precinct,c,1489,219,checked,,text
Tisbury,2016,2016-04-26,total,,3371,435,single,"a single undivided town, or no precinct detail printed",text
Tolland,2016,2016-06-20,total,,369,44,single,"a single undivided town, or no precinct detail printed",text
Topsf,2016,2016-05-05,total,,4807,1508,single,"a single undivided town, or no precinct detail printed",text
Town,2016,2016-04-25,total,,6378,340,mismatch,"precincts sum to 4448 registered, the printed total says 6378",text
Town,2016,2016-04-25,precinct,1,2153,132,mismatch,,text
Town,2016,2016-04-25,precinct,2,123,,mismatch,,text
Town,2016,2016-04-25,precinct,3,2172,85,mismatch,,text
Truro,2016,2016-05-10,total,,1743,502,single,"a single undivided town, or no precinct detail printed",text
Tyngs,2016,2016-05-10,total,,8323,820,voted_only,people who voted sums; registered voters does not,text
Tyngs,2016,2016-05-10,precinct,1,2055,237,voted_only,,text
Tyngs,2016,2016-05-10,precinct,2,2109,178,voted_only,,text
Tyngs,2016,2016-05-10,precinct,3,2133,187,voted_only,,text
Tyngs,2016,2016-05-10,precinct,4,6202,218,voted_only,,text
Tyrin,2016,2016-05-16,total,,329,100,single,"a single undivided town, or no precinct detail printed",text
UNKNOWN,2016,2016-04-23,total,,7930,806,mismatch,"precincts sum to 82996 registered, the printed total says 7930",text
UNKNOWN,2016,2016-04-23,precinct,0,2080,99,mismatch,,text
UNKNOWN,2016,2016-04-23,precinct,0,5019,877,mismatch,,text
UNKNOWN,2016,2016-04-23,precinct,1,2633,266,mismatch,,text
UNKNOWN,2016,2016-04-23,precinct,1,2143,119,mismatch,,text
UNKNOWN,2016,2016-04-23,precinct,1,1917,149,mismatch,,text
UNKNOWN,2016,2016-04-23,precinct,2,2533,280,mismatch,,text
UNKNOWN,2016,2016-04-23,precinct,2,20551,1185,mismatch,,text
UNKNOWN,2016,2016-04-23,precinct,2,1477,156,mismatch,,text
UNKNOWN,2016,2016-04-23,precinct,2,2188,307,mismatch,,text
UNKNOWN,2016,2016-04-23,precinct,3,2764,260,mismatch,,text
UNKNOWN,2016,2016-04-23,precinct,3,3,93,mismatch,,text
UNKNOWN,2016,2016-04-23,precinct,3,1980,131,mismatch,,text
UNKNOWN,2016,2016-04-23,precinct,3,3,,mismatch,,text
UNKNOWN,2016,2016-04-23,precinct,3,2465,229,mismatch,,text
UNKNOWN,2016,2016-04-23,precinct,3,2137,310,mismatch,,text
UNKNOWN,2016,2016-04-23,precinct,4,1919,129,mismatch,,text
UNKNOWN,2016,2016-04-23,precinct,5,2111,144,mismatch,,text
UNKNOWN,2016,2016-04-23,precinct,5,5,,mismatch,,text
UNKNOWN,2016,2016-04-23,precinct,5,5,,mismatch,,text
UNKNOWN,2016,2016-04-23,precinct,5,2010,195,mismatch,,text
UNKNOWN,2016,2016-04-23,precinct,6,2272,271,mismatch,,text
UNKNOWN,2016,2016-04-23,precinct,7,2131,172,mismatch,,text
UNKNOWN,2016,2016-04-23,precinct,7,2504,447,mismatch,,text
UNKNOWN,2016,2016-04-23,precinct,7,7,,mismatch,,text
UNKNOWN,2016,2016-04-23,precinct,7,2399,314,mismatch,,text
UNKNOWN,2016,2016-04-23,precinct,8,1873,81,mismatch,,text
UNKNOWN,2016,2016-04-23,precinct,8,2004,158,mismatch,,text
UNKNOWN,2016,2016-04-23,precinct,8,2939,306,mismatch,,text
UNKNOWN,2016,2016-04-23,precinct,8,2122,318,mismatch,,text
UNKNOWN,2016,2016-04-23,precinct,9,9,,mismatch,,text
UNKNOWN,2016,2016-04-23,precinct,9,2515,430,mismatch,,text
UNKNOWN,2016,2016-04-23,precinct,9,2143,223,mismatch,,text
UNKNOWN,2016,2016-04-23,precinct,B,2128,119,mismatch,,text
UNKNOWN,2016,2016-04-23,precinct,C,2007,69,mismatch,,text
Upton,2016,2016-04-12,total,,4997,1114,checked,precincts sum to both printed totals,text
Upton,2016,2016-04-12,precinct,1,2553,572,checked,,text
Upton,2016,2016-04-12,precinct,2,2444,542,checked,,text
Uxbri,2016,2016-05-24,total,,9673,225,checked,precincts sum to both printed totals,text
Uxbri,2016,2016-05-24,precinct,1,2454,63,checked,,text
Uxbri,2016,2016-05-24,precinct,2,2446,61,checked,,text
Uxbri,2016,2016-05-24,precinct,3,2357,53,checked,,text
Uxbri,2016,2016-05-24,precinct,4,2416,48,checked,,text
Wake,2016,2016-04-26,total,,18167,2679,checked,precincts sum to both printed totals,text
Wake,2016,2016-04-26,precinct,1,2740,445,checked,,text
Wake,2016,2016-04-26,precinct,2,2370,263,checked,,text
Wake,2016,2016-04-26,precinct,3,2600,341,checked,,text
Wake,2016,2016-04-26,precinct,4,2419,352,checked,,text
Wake,2016,2016-04-26,precinct,5,2746,370,checked,,text
Wake,2016,2016-04-26,precinct,6,2744,417,checked,,text
Wake,2016,2016-04-26,precinct,7,2548,491,checked,,text
Wales,2016,2016-05-31,total,,1205,471,single,"a single undivided town, or no precinct detail printed",text
Wenham,2016,2016-04-07,total,,2647,335,single,"a single undivided town, or no precinct detail printed",text
West,2016,2016-05-02,total,,3361,811,single,"a single undivided town, or no precinct detail printed",text
West B,2016,2016-06-07,total,,5288,980,mismatch,"precincts sum to 9958 registered, the printed total says 5288",text
West B,2016,2016-06-07,precinct,1,2276,408,mismatch,,text
West B,2016,2016-06-07,precinct,1,2397,370,mismatch,,text
West B,2016,2016-06-07,precinct,2,3012,572,mismatch,,text
West B,2016,2016-06-07,precinct,2,2273,386,mismatch,,text
West Stockbridge,2016,,total,,,,no_election,the volume states no election was held this year,text
West T,2016,2016-04-14,total,,2487,246,single,"a single undivided town, or no precinct detail printed",text
WestS,2016,2016-05-09,total,,1180,168,single,"a single undivided town, or no precinct detail printed",text
Westb,2016,2016-03-01,total,,11455,4475,checked,precincts sum to both printed totals,text
Westb,2016,2016-03-01,precinct,1,1776,461,checked,,text
Westb,2016,2016-03-01,precinct,2,1898,631,checked,,text
Westb,2016,2016-03-01,precinct,3,2347,913,checked,,text
Westb,2016,2016-03-01,precinct,4,2673,1194,checked,,text
Westb,2016,2016-03-01,precinct,5,2761,1276,checked,,text
Westford,2016,2016-05-03,total,,13338,1299,mismatch,"precincts sum to 16266 registered, the printed total says 13338",text
Westford,2016,2016-05-03,precinct,1,2928,256,mismatch,,text
Westford,2016,2016-05-03,precinct,2,2819,244,mismatch,,text
Westford,2016,2016-05-03,precinct,3,2764,327,mismatch,,text
Westford,2016,2016-05-03,precinct,4,2639,247,mismatch,,text
Westford,2016,2016-05-03,precinct,5,2640,285,mismatch,,text
Westford,2016,2016-05-03,precinct,6,2476,196,mismatch,,text
Westh,2016,2016-06-04,total,,1255,197,single,"a single undivided town, or no precinct detail printed",text
Westm,2016,2016-04-26,total,,5420,238,checked,precincts sum to both printed totals,text
Westm,2016,2016-04-26,precinct,1,2700,98,checked,,text
Westm,2016,2016-04-26,precinct,2,2720,140,checked,,text
Weston,2016,2016-05-09,total,,8110,914,checked,precincts sum to both printed totals,text
Weston,2016,2016-05-09,precinct,1,4160,523,checked,,text
Weston,2016,2016-05-09,precinct,2,3950,391,checked,,text
Westp,2016,2016-04-12,total,,11317,2231,checked,precincts sum to both printed totals,text
Westp,2016,2016-04-12,precinct,3,2149,311,checked,,text
Westp,2016,2016-04-12,precinct,5,2578,630,checked,,text
Westp,2016,2016-04-12,precinct,A,2117,302,checked,,text
Westp,2016,2016-04-12,precinct,B,2403,606,checked,,text
Westp,2016,2016-04-12,precinct,D,2070,382,checked,,text
Westw,2016,2016-04-26,total,,10811,2150,checked,precincts sum to both printed totals,text
Westw,2016,2016-04-26,precinct,1,2755,501,checked,,text
Westw,2016,2016-04-26,precinct,2,2767,652,checked,,text
Westw,2016,2016-04-26,precinct,3,2746,580,checked,,text
Westw,2016,2016-04-26,precinct,4,2543,417,checked,,text
Weymouth,2016,2016-05-14,total,,37725,5446,no_election,the volume states no election was held this year,text
Weymouth,2016,2016-05-14,precinct,2,2639,364,no_election,,text
Weymouth,2016,2016-05-14,precinct,3,2320,269,no_election,,text
Weymouth,2016,2016-05-14,precinct,4,2381,363,no_election,,text
Weymouth,2016,2016-05-14,precinct,5,2719,431,no_election,,text
Weymouth,2016,2016-05-14,precinct,6,2769,321,no_election,,text
Weymouth,2016,2016-05-14,precinct,7,2705,277,no_election,,text
Weymouth,2016,2016-05-14,precinct,8,2843,291,no_election,,text
Weymouth,2016,2016-05-14,precinct,9,2313,93,no_election,,text
Weymouth,2016,2016-05-14,precinct,L,2086,232,no_election,,text
Weymouth,2016,2016-05-14,precinct,10,1764,218,no_election,,text
Weymouth,2016,2016-05-14,precinct,11,2932,369,no_election,,text
Weymouth,2016,2016-05-14,precinct,12,2633,295,no_election,,text
Weymouth,2016,2016-05-14,precinct,13,2726,311,no_election,,text
Weymouth,2016,2016-05-14,precinct,14,2693,230,no_election,,text
Weymouth,2016,2016-05-14,precinct,15,4288,1614,no_election,,text
Whately,2016,2016-06-01,total,,1174,48,mismatch,"precincts sum to 4201 registered, the printed total says 1174",text
Whately,2016,2016-06-01,precinct,1,4201,6,mismatch,,text
Whitman,2016,2016-05-21,total,,9922,1957,mismatch,"precincts sum to 10123 registered, the printed total says 9922",text
Whitman,2016,2016-05-21,precinct,1,201,6,mismatch,,text
Whitman,2016,2016-05-21,precinct,1,2644,509,mismatch,,text
Whitman,2016,2016-05-21,precinct,2,2296,465,mismatch,,text
Whitman,2016,2016-05-21,precinct,4,2577,574,mismatch,,text
Whitman,2016,2016-05-21,precinct,4,2405,508,mismatch,,text
Wilbraham,2016,,total,,10215,792,checked,precincts sum to both printed totals,text
Wilbraham,2016,,precinct,1,2604,293,checked,,text
Wilbraham,2016,,precinct,B,2510,181,checked,,text
Wilbraham,2016,,precinct,C,2488,22,checked,,text
Wilbraham,2016,,precinct,D,2613,296,checked,,text
Williamsburg,2016,2016-05-02,total,,1936,198,single,"a single undivided town, or no precinct detail printed",text
Williamstown,2016,2016-05-10,total,,4798,1562,mismatch,"precincts sum to 4999 registered, the printed total says 4798",text
Williamstown,2016,2016-05-10,precinct,1,201,6,mismatch,,text
Williamstown,2016,2016-05-10,precinct,1,1726,691,mismatch,,text
Williamstown,2016,2016-05-10,precinct,2,1240,230,mismatch,,text
Williamstown,2016,2016-05-10,precinct,3,1832,641,mismatch,,text
Wilmington,2016,2016-04-02,total,,16348,2007,mismatch,"precincts sum to 19549 registered, the printed total says 16348",text
Wilmington,2016,2016-04-02,precinct,1,3201,6,mismatch,,text
Wilmington,2016,2016-04-02,precinct,2,2686,328,mismatch,,text
Wilmington,2016,2016-04-02,precinct,3,2578,294,mismatch,,text
Wilmington,2016,2016-04-02,precinct,4,2813,973,mismatch,,text
Wilmington,2016,2016-04-02,precinct,5,2783,382,mismatch,,text
Wilmington,2016,2016-04-02,precinct,6,2759,328,mismatch,,text
Wilmington,2016,2016-04-02,precinct,L,2729,296,mismatch,,text
Winchendon,2016,2016-05-02,total,,6530,454,checked,precincts sum to both printed totals,text
Winchendon,2016,2016-05-02,precinct,1,2190,175,checked,,text
Winchendon,2016,2016-05-02,precinct,2,2211,99,checked,,text
Winchendon,2016,2016-05-02,precinct,3,2129,180,checked,,text
Winchester,2016,2016-03-29,total,,14245,2407,mismatch,"precincts sum to 17165 registered, the printed total says 14245",text
Winchester,2016,2016-03-29,precinct,1,2920,16,mismatch,,text
Winchester,2016,2016-03-29,precinct,2,1605,234,mismatch,,text
Winchester,2016,2016-03-29,precinct,3,1921,359,mismatch,,text
Winchester,2016,2016-03-29,precinct,4,1930,346,mismatch,,text
Winchester,2016,2016-03-29,precinct,5,1822,259,mismatch,,text
Winchester,2016,2016-03-29,precinct,6,1847,336,mismatch,,text
Winchester,2016,2016-03-29,precinct,7,1901,293,mismatch,,text
Winchester,2016,2016-03-29,precinct,8,1416,278,mismatch,,text
Winchester,2016,2016-03-29,precinct,L,1803,302,mismatch,,text
Windsor,2016,2016-05-09,total,,636,86,single,"a single undivided town, or no precinct detail printed",text
Winthrop,2016,,total,,,,no_election,the volume states no election was held this year,text
Worthington,2016,2016-05-07,total,,920,202,single,"a single undivided town, or no precinct detail printed",text
Wrentham,2016,2016-04-04,total,,8015,495,checked,precincts sum to both printed totals,text
Wrentham,2016,2016-04-04,precinct,1,2638,161,checked,,text
Wrentham,2016,2016-04-04,precinct,2,2717,131,checked,,text
Wrentham,2016,2016-04-04,precinct,3,2660,203,checked,,text
Yarmouth,2016,2016-05-17,total,,,,no_total,no TOTALS row was read,text
Yarmouth,2016,2016-05-17,precinct,1,2408,212,no_total,,text
Yarmouth,2016,2016-05-17,precinct,2,2725,317,no_total,,text
Yarmouth,2016,2016-05-17,precinct,3,2405,602,no_total,,text
Yarmouth,2016,2016-05-17,precinct,4,2617,211,no_total,,text
Yarmouth,2016,2016-05-17,precinct,5,3121,509,no_total,,text
Yarmouth,2016,2016-05-17,precinct,6,88672,244,no_total,,text
Abington,2018,,total,,14932,2039,mismatch,"precincts sum to 30820 registered, the printed total says 14932",text
Abington,2018,,precinct,1,3091,210,mismatch,,text
Abington,2018,,precinct,2,3139,254,mismatch,,text
Abington,2018,,precinct,2,2590,369,mismatch,,text
Abington,2018,,precinct,3,2995,286,mismatch,,text
Abington,2018,,precinct,3,2498,436,mismatch,,text
Abington,2018,,precinct,4,3312,254,mismatch,,text
Abington,2018,,precinct,4,2571,418,mismatch,,text
Abington,2018,,precinct,5,3351,322,mismatch,,text
Abington,2018,,precinct,5,2554,310,mismatch,,text
Abington,2018,,precinct,6,2480,228,mismatch,,text
Abington,2018,,precinct,6,2239,278,mismatch,,text
Acushnet,2018,,total,,5863,1134,mismatch,"precincts sum to 13294 registered, the printed total says 5863",text
Acushnet,2018,,precinct,1,2262,101,mismatch,,text
Acushnet,2018,,precinct,2,2554,154,mismatch,,text
Acushnet,2018,,precinct,2,1189,253,mismatch,,text
Acushnet,2018,,precinct,3,2615,140,mismatch,,text
Acushnet,2018,,precinct,3,1200,226,mismatch,,text
Acushnet,2018,,precinct,4,1133,181,mismatch,,text
Acushnet,2018,,precinct,4,1088,198,mismatch,,text
Acushnet,2018,,precinct,5,1253,276,mismatch,,text
Agawam,2018,,total,,,,no_election,the volume states no election was held this year,text
Amesbury,2018,,total,,,,no_election,the volume states no election was held this year,text
Amherst,2018,,total,,21040,6030,checked,precincts sum to both printed totals,text
Amherst,2018,,precinct,1,1779,364,checked,,text
Amherst,2018,,precinct,2,2338,787,checked,,text
Amherst,2018,,precinct,3,1655,283,checked,,text
Amherst,2018,,precinct,4,1900,216,checked,,text
Amherst,2018,,precinct,5,1817,562,checked,,text
Amherst,2018,,precinct,6,2297,921,checked,,text
Amherst,2018,,precinct,7,2340,813,checked,,text
Amherst,2018,,precinct,8,2500,1228,checked,,text
Amherst,2018,,precinct,9,2252,605,checked,,text
Amherst,2018,,precinct,10,2162,251,checked,,text
Andover,2018,,total,,23867,4734,reg_only,registered voters sum; people who voted does not,text
Andover,2018,,precinct,1,2107,561,reg_only,,text
Andover,2018,,precinct,2,2975,466,reg_only,,text
Andover,2018,,precinct,3,2716,587,reg_only,,text
Andover,2018,,precinct,4,2758,547,reg_only,,text
Andover,2018,,precinct,5,2731,500,reg_only,,text
Andover,2018,,precinct,6,2753,456,reg_only,,text
Andover,2018,,precinct,7,2050,410,reg_only,,text
Andover,2018,,precinct,8,617,96,reg_only,,text
Andover,2018,,precinct,8,2558,558,reg_only,,text
Andover,2018,,precinct,9,2602,355,reg_only,,text
Aquinnah,2018,,total,,356,169,single,"a single undivided town, or no precinct detail printed",text
Arlington,2018,2018-04-07,total,,30597,8716,checked,precincts sum to both printed totals; the TOTALS label was unreadable and was identified by the sum,text
Arlington,2018,2018-04-07,precinct,0,1199,284,checked,,text
Arlington,2018,2018-04-07,precinct,0,1481,430,checked,,text
Arlington,2018,2018-04-07,precinct,0,1498,298,checked,,text
Arlington,2018,2018-04-07,precinct,2,1436,334,checked,,text
Arlington,2018,2018-04-07,precinct,4,1515,829,checked,,text
Arlington,2018,2018-04-07,precinct,4,1418,272,checked,,text
Arlington,2018,2018-04-07,precinct,5,1405,274,checked,,text
Arlington,2018,2018-04-07,precinct,6,1500,409,checked,,text
Arlington,2018,2018-04-07,precinct,6,1391,252,checked,,text
Arlington,2018,2018-04-07,precinct,6,1544,465,checked,,text
Arlington,2018,2018-04-07,precinct,7,1406,300,checked,,text
Arlington,2018,2018-04-07,precinct,8,1550,584,checked,,text
Arlington,2018,2018-04-07,precinct,8,1380,375,checked,,text
Arlington,2018,2018-04-07,precinct,8,1590,619,checked,,text
Arlington,2018,2018-04-07,precinct,8,1377,376,checked,,text
Arlington,2018,2018-04-07,precinct,9,1551,520,checked,,text
Arlington,2018,2018-04-07,precinct,9,1588,599,checked,,text
Arlington,2018,2018-04-07,precinct,16,1345,467,checked,,text
Arlington,2018,2018-04-07,precinct,17,1412,241,checked,,text
Arlington,2018,2018-04-07,precinct,18,1525,423,checked,,text
Arlington,2018,2018-04-07,precinct,19,1486,365,checked,,text
Ashburnham,2018,2018-04-24,total,,,,no_total,no TOTALS row was read,text
Ashburnham,2018,2018-04-24,precinct,3,4370,406,no_total,,text
Ashburnham,2018,2018-04-24,precinct,6,6,,no_total,,text
Ashby,2018,2018-04-23,total,,,,no_total,no TOTALS row was read,text
Ashby,2018,2018-04-23,precinct,6,2198,458,no_total,,text
Ashfield,2018,2018-05-05,total,,,,no_total,no TOTALS row was read,text
Ashfield,2018,2018-05-05,precinct,1,1339,219,no_total,,text
Ashland,2018,2018-05-15,total,,,,no_total,no TOTALS row was read,text
Ashland,2018,2018-05-15,precinct,1,2241,654,no_total,,text
Ashland,2018,2018-05-15,precinct,2,2276,665,no_total,,text
Ashland,2018,2018-05-15,precinct,3,2268,470,no_total,,text
Ashland,2018,2018-05-15,precinct,3,3,,no_total,,text
Ashland,2018,2018-05-15,precinct,4,2252,332,no_total,,text
Ashland,2018,2018-05-15,precinct,5,2333,944,no_total,,text
Ashland,2018,2018-05-15,precinct,6,11370,2372,no_total,,text
Athol,2018,2018-04-02,total,,,,no_total,no TOTALS row was read,text
Athol,2018,2018-04-02,precinct,1,6,8,no_total,,text
Athol,2018,2018-04-02,precinct,2,2365,129,no_total,,text
Athol,2018,2018-04-02,precinct,3,2220,91,no_total,,text
Athol,2018,2018-04-02,precinct,3,2204,99,no_total,,text
Athol,2018,2018-04-02,precinct,5,6789,319,no_total,,text
Auburn,2018,2018-05-15,total,,11646,1488,checked,precincts sum to both printed totals; the TOTALS label was unreadable and was identified by the sum,text
Auburn,2018,2018-05-15,precinct,1,2334,336,checked,,text
Auburn,2018,2018-05-15,precinct,2,2446,323,checked,,text
Auburn,2018,2018-05-15,precinct,3,2398,305,checked,,text
Auburn,2018,2018-05-15,precinct,4,2296,251,checked,,text
Auburn,2018,2018-05-15,precinct,6,2172,273,checked,,text
Avon,2018,2018-04-10,total,,,,no_total,no TOTALS row was read,text
Avon,2018,2018-04-10,precinct,6,3227,756,no_total,,text
Ayer,2018,2018-04-23,total,,,,no_total,no TOTALS row was read,text
Ayer,2018,2018-04-23,precinct,1,6,18,no_total,,text
Ayer,2018,2018-04-23,precinct,2,2735,255,no_total,,text
Ayer,2018,2018-04-23,precinct,3,2754,200,no_total,,text
Ayer,2018,2018-04-23,precinct,4,5489,554,no_total,,text
Barnstable,2018,,total,,,,no_election,the volume states no election was held this year,text
Barre,2018,2018-04-02,total,,3678,518,checked,precincts sum to both printed totals; the TOTALS label was unreadable and was identified by the sum,text
Barre,2018,2018-04-02,precinct,1,1864,289,checked,,text
Barre,2018,2018-04-02,precinct,2,1814,229,checked,,text
Belchertown,2018,,total,,10364,1304,checked,precincts sum to both printed totals,text
Belchertown,2018,,precinct,1,2477,373,checked,,text
Belchertown,2018,,precinct,4,2569,254,checked,,text
Belchertown,2018,,precinct,B,2624,299,checked,,text
Belchertown,2018,,precinct,C,2694,378,checked,,text
Bellingham,2018,,total,,17111,2820,mismatch,"precincts sum to 27994 registered, the printed total says 17111",text
Bellingham,2018,,precinct,1,2152,41,mismatch,,text
Bellingham,2018,,precinct,2,2305,60,mismatch,,text
Bellingham,2018,,precinct,3,2187,62,mismatch,,text
Bellingham,2018,,precinct,3,2135,347,mismatch,,text
Bellingham,2018,,precinct,4,2050,69,mismatch,,text
Bellingham,2018,,precinct,4,1925,212,mismatch,,text
Bellingham,2018,,precinct,5,2189,69,mismatch,,text
Bellingham,2018,,precinct,6,2153,481,mismatch,,text
Bellingham,2018,,precinct,6,2131,430,mismatch,,text
Bellingham,2018,,precinct,7,2269,307,mismatch,,text
Bellingham,2018,,precinct,7,2150,239,mismatch,,text
Bellingham,2018,,precinct,8,2266,460,mismatch,,text
Bellingham,2018,,precinct,10,2082,344,mismatch,,text
Berkley,2018,,total,,4842,1271,checked,precincts sum to both printed totals,text
Berkley,2018,,precinct,1,2573,696,checked,,text
Berkley,2018,,precinct,2,2269,575,checked,,text
Berlin,2018,,total,,2254,532,single,"a single undivided town, or no precinct detail printed",text
Bernardston,2018,,total,,1572,308,single,"a single undivided town, or no precinct detail printed",text
Billerica,2018,,total,,28379,2000,checked,precincts sum to both printed totals,text
Billerica,2018,,precinct,1,2979,171,checked,,text
Billerica,2018,,precinct,2,2702,226,checked,,text
Billerica,2018,,precinct,3,2600,156,checked,,text
Billerica,2018,,precinct,4,2221,158,checked,,text
Billerica,2018,,precinct,5,2702,261,checked,,text
Billerica,2018,,precinct,6,2236,130,checked,,text
Billerica,2018,,precinct,7,2563,143,checked,,text
Billerica,2018,,precinct,8,2780,219,checked,,text
Billerica,2018,,precinct,9,2531,165,checked,,text
Billerica,2018,,precinct,10,2575,207,checked,,text
Billerica,2018,,precinct,11,2490,164,checked,,text
Blackstone,2018,,total,,6377,147,checked,precincts sum to both printed totals,text
Blackstone,2018,,precinct,1,2090,48,checked,,text
Blackstone,2018,,precinct,2,2198,47,checked,,text
Blackstone,2018,,precinct,3,2089,52,checked,,text
Blandford,2018,,total,,906,194,single,"a single undivided town, or no precinct detail printed",text
Bourne,2018,2018-05-14,total,,3786,665,single,"a single undivided town, or no precinct detail printed",text
Boxford,2018,2018-05-22,total,,3692,344,single,"a single undivided town, or no precinct detail printed",text
Braintree,2018,2018-05-14,total,,3414,330,single,"a single undivided town, or no precinct detail printed",text
Brewster,2018,,total,,,,no_election,the volume states no election was held this year,text
Brookfield,2018,2018-06-04,total,,2736,749,mismatch,"precincts sum to 8 registered, the printed total says 2736",text
Brookfield,2018,2018-06-04,precinct,8,8,,mismatch,,text
Brookline,2018,2018-05-07,total,,2319,250,mismatch,"precincts sum to 1 registered, the printed total says 2319",text
Brookline,2018,2018-05-07,precinct,1,1,,mismatch,,text
Chesterfield,2018,,total,,1167,110,single,"a single undivided town, or no precinct detail printed",text
Colrain,2018,2018-05-12,total,,,,no_total,no TOTALS row was read,text
Colrain,2018,2018-05-12,precinct,2,2978,560,no_total,,text
Colrain,2018,2018-05-12,precinct,2,2,,no_total,,text
Colrain,2018,2018-05-12,precinct,7,2802,653,no_total,,text
Colrain,2018,2018-05-12,precinct,T,5780,1213,no_total,,text
Danvers,2018,2018-05-14,total,,,,no_total,no TOTALS row was read,text
Danvers,2018,2018-05-14,precinct,1,2287,106,no_total,,text
Danvers,2018,2018-05-14,precinct,2,2244,120,no_total,,text
Danvers,2018,2018-05-14,precinct,3,4531,226,no_total,,text
Danvers,2018,2018-05-14,precinct,3,3,,no_total,,text
Dennis,2018,,total,,5355,481,mismatch,"precincts sum to 16915 registered, the printed total says 5355",text
Dennis,2018,,precinct,1,2348,668,mismatch,,text
Dennis,2018,,precinct,2,2397,639,mismatch,,text
Dennis,2018,,precinct,2,2817,256,mismatch,,text
Dennis,2018,,precinct,3,2271,316,mismatch,,text
Dennis,2018,,precinct,4,2340,393,mismatch,,text
Dennis,2018,,precinct,5,2204,406,mismatch,,text
Dennis,2018,,precinct,6,2538,225,mismatch,,text
Douglas,2018,,total,,6281,2656,checked,precincts sum to both printed totals,text
Douglas,2018,,precinct,1,2154,968,checked,,text
Douglas,2018,,precinct,2,2118,915,checked,,text
Douglas,2018,,precinct,3,2009,773,checked,,text
Dover,2018,,total,,4064,683,single,"a single undivided town, or no precinct detail printed",text
Dracut,2018,,total,,7215,301,mismatch,"precincts sum to 28440 registered, the printed total says 7215",text
Dracut,2018,,precinct,1,2110,201,mismatch,,text
Dracut,2018,,precinct,2,2039,281,mismatch,,text
Dracut,2018,,precinct,2,2469,102,mismatch,,text
Dracut,2018,,precinct,3,2257,402,mismatch,,text
Dracut,2018,,precinct,4,2691,396,mismatch,,text
Dracut,2018,,precinct,5,2297,318,mismatch,,text
Dracut,2018,,precinct,6,2336,244,mismatch,,text
Dracut,2018,,precinct,7,95,43,mismatch,,text
Dracut,2018,,precinct,7,2194,242,mismatch,,text
Dracut,2018,,precinct,8,2866,565,mismatch,,text
Dracut,2018,,precinct,10,2340,374,mismatch,,text
Dracut,2018,,precinct,11,2702,99,mismatch,,text
Dracut,2018,,precinct,13,2044,100,mismatch,,text
Dunstable,2018,,total,,2426,576,single,"a single undivided town, or no precinct detail printed",text
Duxbury,2018,,total,,12132,256,reg_only,registered voters sum; people who voted does not,text
Duxbury,2018,,precinct,1,2198,94,reg_only,,text
Duxbury,2018,,precinct,2,2102,60,reg_only,,text
Duxbury,2018,,precinct,3,1945,38,reg_only,,text
Duxbury,2018,,precinct,4,1944,35,reg_only,,text
Duxbury,2018,,precinct,5,2038,38,reg_only,,text
Duxbury,2018,,precinct,6,1905,36,reg_only,,text
East Bridgewater,2018,,total,,9996,1795,checked,precincts sum to both printed totals,text
East Bridgewater,2018,,precinct,1,2512,412,checked,,text
East Bridgewater,2018,,precinct,2,2442,412,checked,,text
East Bridgewater,2018,,precinct,3,2686,513,checked,,text
East Bridgewater,2018,,precinct,4,2356,458,checked,,text
East Brookfield,2018,,total,,1497,336,single,"a single undivided town, or no precinct detail printed",text
East Longmeadow,2018,,total,,11675,1169,checked,precincts sum to both printed totals,text
East Longmeadow,2018,,precinct,1,2989,279,checked,,text
East Longmeadow,2018,,precinct,2,2804,298,checked,,text
East Longmeadow,2018,,precinct,3,2917,282,checked,,text
East Longmeadow,2018,,precinct,4,2965,310,checked,,text
Eastham,2018,2018-05-15,total,,,,no_total,no TOTALS row was read,text
Eastham,2018,2018-05-15,precinct,1,4148,575,no_total,,text
Easthampton,2018,,total,,,,no_election,the volume states no election was held this year,text
Easton,2018,2018-04-24,total,,16581,1374,checked,precincts sum to both printed totals; the TOTALS label was unreadable and was identified by the sum,text
Easton,2018,2018-04-24,precinct,1,1558,141,checked,,text
Easton,2018,2018-04-24,precinct,2,3107,362,checked,,text
Easton,2018,2018-04-24,precinct,3,2888,130,checked,,text
Easton,2018,2018-04-24,precinct,4,2926,329,checked,,text
Easton,2018,2018-04-24,precinct,5,3189,253,checked,,text
Easton,2018,2018-04-24,precinct,6,2913,159,checked,,text
Edgartown,2018,2018-04-01,total,,,,no_total,no TOTALS row was read,text
Edgartown,2018,2018-04-01,precinct,T,3627,969,no_total,,text
Egremont,2018,2018-05-08,total,,,,no_total,no TOTALS row was read,text
Egremont,2018,2018-05-08,precinct,T,996,128,no_total,,text
Erving,2018,2018-05-07,total,,,,no_total,no TOTALS row was read,text
Erving,2018,2018-05-07,precinct,T,1131,49,no_total,,text
Essex,2018,2018-05-14,total,,,,no_total,no TOTALS row was read,text
Essex,2018,2018-05-14,precinct,T,2514,798,no_total,,text
Fairhaven,2018,2018-04-01,total,,11270,713,checked,precincts sum to both printed totals; the TOTALS label was unreadable and was identified by the sum,text
Fairhaven,2018,2018-04-01,precinct,1,1946,118,checked,,text
Fairhaven,2018,2018-04-01,precinct,3,1617,72,checked,,text
Fairhaven,2018,2018-04-01,precinct,4,1914,105,checked,,text
Fairhaven,2018,2018-04-01,precinct,4,1957,98,checked,,text
Fairhaven,2018,2018-04-01,precinct,4,1815,115,checked,,text
Fairhaven,2018,2018-04-01,precinct,5,2021,205,checked,,text
Falmouth,2018,2018-05-15,total,,,,no_total,no TOTALS row was read,text
Falmouth,2018,2018-05-15,precinct,0,2547,752,no_total,,text
Falmouth,2018,2018-05-15,precinct,0,0,,no_total,,text
Falmouth,2018,2018-05-15,precinct,2,2641,847,no_total,,text
Falmouth,2018,2018-05-15,precinct,4,2742,557,no_total,,text
Falmouth,2018,2018-05-15,precinct,5,2891,835,no_total,,text
Falmouth,2018,2018-05-15,precinct,6,6,2733,no_total,,text
Falmouth,2018,2018-05-15,precinct,6,2624,667,no_total,,text
Falmouth,2018,2018-05-15,precinct,7,895,,no_total,,text
Falmouth,2018,2018-05-15,precinct,9,2821,1097,no_total,,text
Falmouth,2018,2018-05-15,precinct,9,2609,718,no_total,,text
Falmouth,2018,2018-05-15,precinct,10,2517,635,no_total,,text
Falmouth,2018,2018-05-15,precinct,11,24125,7201,no_total,,text
Florida,2018,2018-04-03,total,,,,no_total,no TOTALS row was read,text
Florida,2018,2018-04-03,precinct,0,2753,317,no_total,,text
Florida,2018,2018-04-03,precinct,2,3090,613,no_total,,text
Florida,2018,2018-04-03,precinct,4,3,260,no_total,,text
Florida,2018,2018-04-03,precinct,5,2795,222,no_total,,text
Florida,2018,2018-04-03,precinct,6,1899,166,no_total,,text
Florida,2018,2018-04-03,precinct,6,2360,232,no_total,,text
Florida,2018,2018-04-03,precinct,7,2588,367,no_total,,text
Florida,2018,2018-04-03,precinct,8,2955,218,no_total,,text
Florida,2018,2018-04-03,precinct,8,2997,604,no_total,,text
Florida,2018,2018-04-03,precinct,8,8,,no_total,,text
Florida,2018,2018-04-03,precinct,T,21697,2739,no_total,,text
Florida,2018,2018-04-03,precinct,11,518,104,no_total,,text
Foxborough,2018,2018-05-07,total,,,,no_total,no TOTALS row was read,text
Foxborough,2018,2018-05-07,precinct,2,2417,443,no_total,,text
Foxborough,2018,2018-05-07,precinct,2,2469,518,no_total,,text
Foxborough,2018,2018-05-07,precinct,2,2283,417,no_total,,text
Foxborough,2018,2018-05-07,precinct,3,2455,418,no_total,,text
Foxborough,2018,2018-05-07,precinct,6,2168,286,no_total,,text
Foxborough,2018,2018-05-07,precinct,6,11792,2082,no_total,,text
Foxborough,2018,2018-05-07,precinct,8,8,,no_total,,text
Franklin,2018,,total,,,,no_election,the volume states no election was held this year,text
Freetown,2018,2018-04-02,total,,,,no_total,no TOTALS row was read,text
Freetown,2018,2018-04-02,precinct,0,0,,no_total,,text
Freetown,2018,2018-04-02,precinct,2,1956,176,no_total,,text
Freetown,2018,2018-04-02,precinct,2,2,,no_total,,text
Freetown,2018,2018-04-02,precinct,3,1958,185,no_total,,text
Freetown,2018,2018-04-02,precinct,4,5861,517,no_total,,text
Freetown,2018,2018-04-02,precinct,6,1947,156,no_total,,text
Freetown,2018,2018-04-02,precinct,8,8,,no_total,,text
Freetown,2018,2018-04-02,precinct,9,9,,no_total,,text
Georgetown,2018,,total,,710,91,mismatch,"precincts sum to 6156 registered, the printed total says 710",text
Georgetown,2018,,precinct,1,2227,190,mismatch,,text
Georgetown,2018,,precinct,2,1997,183,mismatch,,text
Georgetown,2018,,precinct,3,1932,169,mismatch,,text
Gosnold,2018,,total,,137,52,single,"a single undivided town, or no precinct detail printed",text
Grafton,2018,,total,,4509,558,mismatch,"precincts sum to 17248 registered, the printed total says 4509",text
Grafton,2018,,precinct,1,2740,287,mismatch,,text
Grafton,2018,,precinct,2,2533,351,mismatch,,text
Grafton,2018,,precinct,2,2145,263,mismatch,,text
Grafton,2018,,precinct,3,2463,318,mismatch,,text
Grafton,2018,,precinct,4,2360,295,mismatch,,text
Grafton,2018,,precinct,5,2643,416,mismatch,,text
Grafton,2018,,precinct,6,2364,295,mismatch,,text
Granville,2018,,total,,1160,367,single,"a single undivided town, or no precinct detail printed",text
Great Barrington,2018,,total,,4574,1031,checked,precincts sum to both printed totals,text
Great Barrington,2018,,precinct,1,1219,267,checked,,text
Great Barrington,2018,,precinct,3,897,159,checked,,text
Great Barrington,2018,,precinct,B,1232,277,checked,,text
Great Barrington,2018,,precinct,D,1226,328,checked,,text
Greenfield,2018,,total,,8012,1626,no_election,the volume states no election was held this year,text
Greenfield,2018,,precinct,1,2826,660,no_election,,text
Greenfield,2018,,precinct,2,2674,411,no_election,,text
Greenfield,2018,,precinct,3,2512,555,no_election,,text
Groveland,2018,,total,,3784,968,mismatch,"precincts sum to 4876 registered, the printed total says 3784",text
Groveland,2018,,precinct,1,2422,592,mismatch,,text
Groveland,2018,,precinct,2,2454,680,mismatch,,text
Halifax,2018,,total,,5610,260,checked,precincts sum to both printed totals,text
Halifax,2018,,precinct,1,2921,126,checked,,text
Halifax,2018,,precinct,2,2689,134,checked,,text
Hamilton,2018,,total,,8430,1058,checked,precincts sum to both printed totals,text
Hamilton,2018,,precinct,1,2832,424,checked,,text
Hamilton,2018,,precinct,2,2859,307,checked,,text
Hamilton,2018,,precinct,3,2739,327,checked,,text
Hampden,2018,,total,,3880,196,single,"a single undivided town, or no precinct detail printed",text
Hancock,2018,,total,,502,198,single,"a single undivided town, or no precinct detail printed",text
Hardwick,2018,2018-05-08,total,,,,no_total,no TOTALS row was read,text
Hardwick,2018,2018-05-08,precinct,1,4412,2033,no_total,,text
Hardwick,2018,2018-05-08,precinct,8,8,,no_total,,text
Harvard,2018,2018-05-15,total,,,,no_total,no TOTALS row was read,text
Harvard,2018,2018-05-15,precinct,1,5,8,no_total,,text
Harvard,2018,2018-05-15,precinct,3,2672,461,no_total,,text
Harvard,2018,2018-05-15,precinct,3,3,,no_total,,text
Harvard,2018,2018-05-15,precinct,5,2498,314,no_total,,text
Harvard,2018,2018-05-15,precinct,5,10672,1881,no_total,,text
Harvard,2018,2018-05-15,precinct,6,2821,536,no_total,,text
Harvard,2018,2018-05-15,precinct,7,2681,570,no_total,,text
Hatfield,2018,2018-05-07,total,,,,no_total,no TOTALS row was read,text
Hatfield,2018,2018-05-07,precinct,1,271,36,no_total,,text
Hawley,2018,2018-05-11,total,,,,no_total,no TOTALS row was read,text
Hawley,2018,2018-05-11,precinct,1,7,8,no_total,,text
Hawley,2018,2018-05-11,precinct,7,519,201,no_total,,text
Hawley,2018,2018-05-11,precinct,9,9,,no_total,,text
Heath,2018,2018-04-28,total,,,,no_total,no TOTALS row was read,text
Heath,2018,2018-04-28,precinct,0,1174,334,no_total,,text
Heath,2018,2018-04-28,precinct,1,8,18,no_total,,text
Heath,2018,2018-04-28,precinct,2,2800,322,no_total,,text
Heath,2018,2018-04-28,precinct,2,2911,394,no_total,,text
Heath,2018,2018-04-28,precinct,3,2839,462,no_total,,text
Heath,2018,2018-04-28,precinct,4,2766,500,no_total,,text
Heath,2018,2018-04-28,precinct,5,1976,310,no_total,,text
Heath,2018,2018-04-28,precinct,5,17138,2865,no_total,,text
Heath,2018,2018-04-28,precinct,6,2672,543,no_total,,text
Heath,2018,2018-04-28,precinct,6,6,,no_total,,text
Hinsdale,2018,2018-04-07,total,,7373,,reg_only,registered voters sum; people who voted does not,text
Hinsdale,2018,2018-04-07,precinct,1,0,8,reg_only,,text
Hinsdale,2018,2018-04-07,precinct,2,1847,264,reg_only,,text
Hinsdale,2018,2018-04-07,precinct,2,1914,277,reg_only,,text
Hinsdale,2018,2018-04-07,precinct,3,1828,286,reg_only,,text
Hinsdale,2018,2018-04-07,precinct,8,1784,301,reg_only,,text
Holliston,2018,,total,,10295,1164,checked,precincts sum to both printed totals,text
Holliston,2018,,precinct,1,2788,283,checked,,text
Holliston,2018,,precinct,2,2650,289,checked,,text
Holliston,2018,,precinct,3,2469,266,checked,,text
Holliston,2018,,precinct,4,2388,326,checked,,text
Hopedale,2018,,total,,3639,174,single,"a single undivided town, or no precinct detail printed",text
Hopkinton,2018,,total,,11770,1513,checked,precincts sum to both printed totals,text
Hopkinton,2018,,precinct,1,3171,426,checked,,text
Hopkinton,2018,,precinct,2,2941,425,checked,,text
Hopkinton,2018,,precinct,3,2885,356,checked,,text
Hopkinton,2018,,precinct,4,2773,306,checked,,text
Hubbardston,2018,,total,,3307,581,single,"a single undivided town, or no precinct detail printed",text
Hudson,2018,,total,,8921,1590,mismatch,"precincts sum to 22095 registered, the printed total says 8921",text
Hudson,2018,,precinct,1,1964,90,mismatch,,text
Hudson,2018,,precinct,2,1692,91,mismatch,,text
Hudson,2018,,precinct,3,1953,158,mismatch,,text
Hudson,2018,,precinct,3,3207,470,mismatch,,text
Hudson,2018,,precinct,4,1991,121,mismatch,,text
Hudson,2018,,precinct,5,2285,116,mismatch,,text
Hudson,2018,,precinct,6,1623,79,mismatch,,text
Hudson,2018,,precinct,7,1666,78,mismatch,,text
Hudson,2018,,precinct,8,2944,632,mismatch,,text
Hudson,2018,,precinct,9,2770,488,mismatch,,text
Huntington,2018,,total,,1497,114,single,"a single undivided town, or no precinct detail printed",text
Ipswich,2018,,total,,11045,3327,checked,precincts sum to both printed totals,text
Ipswich,2018,,precinct,1,2689,876,checked,,text
Ipswich,2018,,precinct,2,2925,1003,checked,,text
Ipswich,2018,,precinct,3,2650,679,checked,,text
Ipswich,2018,,precinct,4,2781,769,checked,,text
Kingston,2018,,total,,9436,1595,checked,precincts sum to both printed totals,text
Kingston,2018,,precinct,1,2219,410,checked,,text
Kingston,2018,,precinct,2,2506,450,checked,,text
Kingston,2018,,precinct,3,2526,392,checked,,text
Kingston,2018,,precinct,4,2185,343,checked,,text
Lakeville,2018,,total,,7749,161,checked,precincts sum to both printed totals,text
Lakeville,2018,,precinct,1,2438,36,checked,,text
Lakeville,2018,,precinct,2,2594,80,checked,,text
Lakeville,2018,,precinct,3,2717,45,checked,,text
Lancaster,2018,,total,,5136,392,checked,precincts sum to both printed totals,text
Lancaster,2018,,precinct,1,2483,222,checked,,text
Lancaster,2018,,precinct,2,2653,170,checked,,text
Lanesborough,2018,,total,,2214,337,single,"a single undivided town, or no precinct detail printed",text
Lee,2018,,total,,4077,104,single,"a single undivided town, or no precinct detail printed",text
Leicester,2018,2018-06-12,total,,7334,635,checked,precincts sum to both printed totals; the TOTALS label was unreadable and was identified by the sum,text
Leicester,2018,2018-06-12,precinct,1,1860,179,checked,,text
Leicester,2018,2018-06-12,precinct,2,1880,133,checked,,text
Leicester,2018,2018-06-12,precinct,3,1815,140,checked,,text
Leicester,2018,2018-06-12,precinct,4,1779,183,checked,,text
Lenox,2018,2018-05-07,total,,,,no_total,no TOTALS row was read,text
Lenox,2018,2018-05-07,precinct,1,3704,380,no_total,,text
Leverett,2018,2018-04-29,total,,,,no_total,no TOTALS row was read,text
Leverett,2018,2018-04-29,precinct,1,1406,207,no_total,,text
Lexington,2018,2018-03-05,total,,21557,1976,checked,precincts sum to both printed totals; the TOTALS label was unreadable and was identified by the sum,text
Lexington,2018,2018-03-05,precinct,1,2115,159,checked,,text
Lexington,2018,2018-03-05,precinct,2,2571,204,checked,,text
Lexington,2018,2018-03-05,precinct,3,2106,186,checked,,text
Lexington,2018,2018-03-05,precinct,4,2500,262,checked,,text
Lexington,2018,2018-03-05,precinct,5,2587,195,checked,,text
Lexington,2018,2018-03-05,precinct,6,2409,283,checked,,text
Lexington,2018,2018-03-05,precinct,7,2438,273,checked,,text
Lexington,2018,2018-03-05,precinct,8,2335,257,checked,,text
Lexington,2018,2018-03-05,precinct,9,2496,157,checked,,text
Leyden,2018,2018-05-19,total,,,,no_total,no TOTALS row was read,text
Leyden,2018,2018-05-19,precinct,1,570,110,no_total,,text
Lincoln,2018,2018-03-26,total,,,,no_total,no TOTALS row was read,text
Lincoln,2018,2018-03-26,precinct,1,2697,655,no_total,,text
Lincoln,2018,2018-03-26,precinct,2,1918,321,no_total,,text
Lincoln,2018,2018-03-26,precinct,3,4615,976,no_total,,text
Lincoln,2018,2018-03-26,precinct,8,8,,no_total,,text
Littleton,2018,2018-05-12,total,,6862,975,checked,precincts sum to both printed totals; the TOTALS label was unreadable and was identified by the sum,text
Littleton,2018,2018-05-12,precinct,0,2477,345,checked,,text
Littleton,2018,2018-05-12,precinct,2,2281,323,checked,,text
Littleton,2018,2018-05-12,precinct,3,2104,307,checked,,text
Longmeadow,2018,2018-06-12,total,,11779,2038,checked,precincts sum to both printed totals; the TOTALS label was unreadable and was identified by the sum,text
Longmeadow,2018,2018-06-12,precinct,3,2159,401,checked,,text
Longmeadow,2018,2018-06-12,precinct,6,2357,405,checked,,text
Longmeadow,2018,2018-06-12,precinct,7,2303,388,checked,,text
Longmeadow,2018,2018-06-12,precinct,9,2526,418,checked,,text
Longmeadow,2018,2018-06-12,precinct,9,2434,426,checked,,text
Ludlow,2018,2018-03-26,total,,,,no_total,no TOTALS row was read,text
Ludlow,2018,2018-03-26,precinct,0,2498,505,no_total,,text
Ludlow,2018,2018-03-26,precinct,0,0,,no_total,,text
Ludlow,2018,2018-03-26,precinct,1,0,18,no_total,,text
Ludlow,2018,2018-03-26,precinct,2,2007,308,no_total,,text
Ludlow,2018,2018-03-26,precinct,3,2576,591,no_total,,text
Ludlow,2018,2018-03-26,precinct,5,2395,556,no_total,,text
Ludlow,2018,2018-03-26,precinct,6,1743,400,no_total,,text
Ludlow,2018,2018-03-26,precinct,6,2731,673,no_total,,text
Ludlow,2018,2018-03-26,precinct,6,13950,3033,no_total,,text
Lunenburg,2018,2018-05-19,total,,,,no_total,no TOTALS row was read,text
Lunenburg,2018,2018-05-19,precinct,0,7799,1201,no_total,,text
Lunenburg,2018,2018-05-19,precinct,1,5,18,no_total,,text
Lunenburg,2018,2018-05-19,precinct,1,1947,378,no_total,,text
Lunenburg,2018,2018-05-19,precinct,2,1855,362,no_total,,text
Lunenburg,2018,2018-05-19,precinct,2,2,,no_total,,text
Lunenburg,2018,2018-05-19,precinct,B,1856,221,no_total,,text
Lunenburg,2018,2018-05-19,precinct,C,2141,240,no_total,,text
Lynnfield,2018,2018-04-10,total,,9042,1255,checked,precincts sum to both printed totals; the TOTALS label was unreadable and was identified by the sum,text
Lynnfield,2018,2018-04-10,precinct,1,2203,383,checked,,text
Lynnfield,2018,2018-04-10,precinct,3,2125,303,checked,,text
Lynnfield,2018,2018-04-10,precinct,4,2275,299,checked,,text
Lynnfield,2018,2018-04-10,precinct,7,2439,270,checked,,text
Manchester,2018,,total,,3930,1205,single,"a single undivided town, or no precinct detail printed",text
Mansfield,2018,,total,,19571,1379,mismatch,"precincts sum to 51627 registered, the printed total says 19571",text
Mansfield,2018,,precinct,1,2798,132,mismatch,,text
Mansfield,2018,,precinct,2,2780,153,mismatch,,text
Mansfield,2018,,precinct,2,2702,344,mismatch,,text
Mansfield,2018,,precinct,2,2846,190,mismatch,,text
Mansfield,2018,,precinct,3,2831,216,mismatch,,text
Mansfield,2018,,precinct,3,2466,973,mismatch,,text
Mansfield,2018,,precinct,3,2778,228,mismatch,,text
Mansfield,2018,,precinct,4,2720,195,mismatch,,text
Mansfield,2018,,precinct,4,2709,336,mismatch,,text
Mansfield,2018,,precinct,4,2802,182,mismatch,,text
Mansfield,2018,,precinct,5,2634,133,mismatch,,text
Mansfield,2018,,precinct,5,2500,295,mismatch,,text
Mansfield,2018,,precinct,5,2490,193,mismatch,,text
Mansfield,2018,,precinct,6,2718,124,mismatch,,text
Mansfield,2018,,precinct,6,2518,345,mismatch,,text
Mansfield,2018,,precinct,6,3044,229,mismatch,,text
Mansfield,2018,,precinct,7,2680,498,mismatch,,text
Mansfield,2018,,precinct,7,2766,177,mismatch,,text
Mansfield,2018,,precinct,13,2845,180,mismatch,,text
Mashpee,2018,,total,,10810,1449,checked,precincts sum to both printed totals,text
Mashpee,2018,,precinct,1,2359,408,checked,,text
Mashpee,2018,,precinct,2,2059,300,checked,,text
Mashpee,2018,,precinct,3,1858,208,checked,,text
Mashpee,2018,,precinct,4,2093,207,checked,,text
Mashpee,2018,,precinct,5,2441,326,checked,,text
Mattapoisett,2018,,total,,7517,715,checked,precincts sum to both printed totals,text
Mattapoisett,2018,,precinct,1,1892,191,checked,,text
Mattapoisett,2018,,precinct,2,1880,147,checked,,text
Mattapoisett,2018,,precinct,3,1865,218,checked,,text
Mattapoisett,2018,,precinct,4,1880,159,checked,,text
Medfield,2018,,total,,8645,1450,reg_only,registered voters sum; people who voted does not,text
Medfield,2018,,precinct,1,2178,342,reg_only,,text
Medfield,2018,,precinct,2,2151,773,reg_only,,text
Medfield,2018,,precinct,3,2241,381,reg_only,,text
Medfield,2018,,precinct,4,2075,350,reg_only,,text
Medway,2018,,total,,9507,1750,checked,precincts sum to both printed totals,text
Medway,2018,,precinct,1,2243,322,checked,,text
Medway,2018,,precinct,2,2432,430,checked,,text
Medway,2018,,precinct,3,2370,440,checked,,text
Medway,2018,,precinct,4,2462,558,checked,,text
Mendon,2018,,total,,4318,522,single,"a single undivided town, or no precinct detail printed",text
Methuen,2018,2018-05-07,total,,4999,553,voted_only,people who voted sums; registered voters does not,text
Methuen,2018,2018-05-07,precinct,2,2464,262,voted_only,,text
Methuen,2018,2018-05-07,precinct,2,2,,voted_only,,text
Methuen,2018,2018-05-07,precinct,5,2535,291,voted_only,,text
Milford,2018,2018-05-15,total,,,,no_total,no TOTALS row was read,text
Milford,2018,2018-05-15,precinct,1,6,8,no_total,,text
Milford,2018,2018-05-15,precinct,2,3212,119,no_total,,text
Milford,2018,2018-05-15,precinct,2,3258,112,no_total,,text
Milford,2018,2018-05-15,precinct,3,6470,231,no_total,,text
Natick,2018,,total,,,,no_total,no TOTALS row was read,text
Natick,2018,,precinct,1,1586,138,no_total,,text
Natick,2018,,precinct,2,2489,653,no_total,,text
Natick,2018,,precinct,3,2332,745,no_total,,text
Natick,2018,,precinct,4,2165,484,no_total,,text
Natick,2018,,precinct,5,2292,524,no_total,,text
Natick,2018,,precinct,6,2190,518,no_total,,text
Natick,2018,,precinct,7,2312,485,no_total,,text
Natick,2018,,precinct,8,2426,654,no_total,,text
Natick,2018,,precinct,9,2253,617,no_total,,text
Natick,2018,,precinct,B,2183,313,no_total,,text
Natick,2018,,precinct,C,2052,222,no_total,,text
Natick,2018,,precinct,E,2159,245,no_total,,text
Natick,2018,,precinct,F,2040,240,no_total,,text
Natick,2018,,precinct,H,2094,333,no_total,,text
Natick,2018,,precinct,I,2037,437,no_total,,text
Natick,2018,,precinct,J,2190,288,no_total,,text
Natick,2018,,precinct,10,2635,768,no_total,,text
Natick,2018,,precinct,11,22680,5685,no_total,,text
Natick,2018,,precinct,12,1928,156,no_total,,text
Natick,2018,,precinct,15,2093,229,no_total,,text
Natick,2018,,precinct,18,2083,367,no_total,,text
Natick,2018,,precinct,22,20859,2830,no_total,,text
Natick,2018,,precinct,23,741,177,no_total,,text
Natick,2018,,precinct,24,1050,460,no_total,,text
Natick,2018,,precinct,25,728,154,no_total,,text
North Reading,2018,2018-05-07,total,,,,no_total,no TOTALS row was read,text
North Reading,2018,2018-05-07,precinct,4,3154,333,no_total,,text
North Reading,2018,2018-05-07,precinct,8,8,,no_total,,text
Norton,2018,2018-05-08,total,,,,no_total,no TOTALS row was read,text
Norton,2018,2018-05-08,precinct,7,2205,712,no_total,,text
Norwell,2018,,total,,7855,1542,checked,precincts sum to both printed totals,text
Norwell,2018,,precinct,1,2552,399,checked,,text
Norwell,2018,,precinct,2,2676,615,checked,,text
Norwell,2018,,precinct,3,2627,528,checked,,text
Norwood,2018,,total,,18212,2175,checked,precincts sum to both printed totals,text
Norwood,2018,,precinct,1,2253,311,checked,,text
Norwood,2018,,precinct,2,1981,315,checked,,text
Norwood,2018,,precinct,3,2096,273,checked,,text
Norwood,2018,,precinct,4,2235,405,checked,,text
Norwood,2018,,precinct,5,1641,110,checked,,text
Norwood,2018,,precinct,6,1684,99,checked,,text
Norwood,2018,,precinct,7,1979,187,checked,,text
Norwood,2018,,precinct,8,2204,215,checked,,text
Norwood,2018,,precinct,9,2139,260,checked,,text
Oak Bluffs,2018,,total,,3865,1032,single,"a single undivided town, or no precinct detail printed",text
Oakham,2018,,total,,1326,79,single,"a single undivided town, or no precinct detail printed",text
Orange,2018,,total,,4750,689,checked,precincts sum to both printed totals,text
Orange,2018,,precinct,1,2300,368,checked,,text
Orange,2018,,precinct,2,2450,321,checked,,text
Orleans,2018,,total,,5267,904,single,"a single undivided town, or no precinct detail printed",text
Otis,2018,,total,,1128,363,single,"a single undivided town, or no precinct detail printed",text
Oxford,2018,,total,,9116,1471,checked,precincts sum to both printed totals,text
Oxford,2018,,precinct,1,2318,425,checked,,text
Oxford,2018,,precinct,2,2210,280,checked,,text
Oxford,2018,,precinct,3,2364,401,checked,,text
Oxford,2018,,precinct,4,2224,365,checked,,text
Palmer,2018,,total,,8058,239,checked,precincts sum to both printed totals,text
Palmer,2018,,precinct,1,2188,58,checked,,text
Palmer,2018,,precinct,2,2132,66,checked,,text
Palmer,2018,,precinct,3,1825,54,checked,,text
Palmer,2018,,precinct,4,1913,61,checked,,text
Paxton,2018,,total,,3284,573,single,"a single undivided town, or no precinct detail printed",text
Pct,2018,2018-05-03,total,,,,no_total,no TOTALS row was read,text
Pct,2018,2018-05-03,precinct,4,4457,1525,no_total,,text
Pct,2018,2018-05-03,precinct,4,4,,no_total,,text
Pct.l,2018,2018-05-05,total,,,,no_total,no TOTALS row was read,text
Pct.l,2018,2018-05-05,precinct,6,2415,585,no_total,,text
Pct.l,2018,2018-05-05,precinct,9,9,,no_total,,text
Pel,2018,2018-05-14,total,,,,no_total,no TOTALS row was read,text
Pel,2018,2018-05-14,precinct,T,632,181,no_total,,text
Pelham,2018,,total,,1075,113,single,"a single undivided town, or no precinct detail printed",text
Pembroke,2018,,total,,12831,2071,checked,precincts sum to both printed totals,text
Pembroke,2018,,precinct,1,2705,458,checked,,text
Pembroke,2018,,precinct,2,2488,382,checked,,text
Pembroke,2018,,precinct,3,2611,423,checked,,text
Pembroke,2018,,precinct,4,2584,474,checked,,text
Pembroke,2018,,precinct,5,2443,334,checked,,text
Pepperell,2018,,total,,8294,1819,reg_only,registered voters sum; people who voted does not,text
Pepperell,2018,,precinct,1,2814,394,reg_only,,text
Pepperell,2018,,precinct,2,2760,637,reg_only,,text
Pepperell,2018,,precinct,3,2720,689,reg_only,,text
Peru,2018,2018-06-09,total,,,,no_total,no TOTALS row was read,text
Peru,2018,2018-06-09,precinct,5,5,,no_total,,text
Peru,2018,2018-06-09,precinct,9,607,100,no_total,,text
Petersham,2018,2018-03-05,total,,,,no_total,no TOTALS row was read,text
Petersham,2018,2018-03-05,precinct,1,8,18,no_total,,text
Petersham,2018,2018-03-05,precinct,2,941,133,no_total,,text
Phillipston,2018,2018-05-07,total,,,,no_total,no TOTALS row was read,text
Phillipston,2018,2018-05-07,precinct,1,1191,260,no_total,,text
Phillipston,2018,2018-05-07,precinct,5,5,,no_total,,text
Plainfield,2018,2018-05-05,total,,,,no_total,no TOTALS row was read,text
Plainfield,2018,2018-05-05,precinct,0,0,,no_total,,text
Plainfield,2018,2018-05-05,precinct,5,465,56,no_total,,text
Plainville,2018,2018-04-02,total,,,,no_total,no TOTALS row was read,text
Plainville,2018,2018-04-02,precinct,0,2044,332,no_total,,text
Plainville,2018,2018-04-02,precinct,1,9,8,no_total,,text
Plainville,2018,2018-04-02,precinct,5,2010,320,no_total,,text
Plainville,2018,2018-04-02,precinct,5,6236,940,no_total,,text
Plainville,2018,2018-04-02,precinct,7,2182,288,no_total,,text
Plymouth,2018,2018-05-19,total,,42460,4505,checked,precincts sum to both printed totals,text
Plymouth,2018,2018-05-19,precinct,2,2224,239,checked,,text
Plymouth,2018,2018-05-19,precinct,2,2810,310,checked,,text
Plymouth,2018,2018-05-19,precinct,3,2337,318,checked,,text
Plymouth,2018,2018-05-19,precinct,3,4898,927,checked,,text
Plymouth,2018,2018-05-19,precinct,4,2817,265,checked,,text
Plymouth,2018,2018-05-19,precinct,5,3785,311,checked,,text
Plymouth,2018,2018-05-19,precinct,6,2805,293,checked,,text
Plymouth,2018,2018-05-19,precinct,8,2718,237,checked,,text
Plymouth,2018,2018-05-19,precinct,8,2874,252,checked,,text
Plymouth,2018,2018-05-19,precinct,9,2455,300,checked,,text
Plymouth,2018,2018-05-19,precinct,9,2418,114,checked,,text
Plymouth,2018,2018-05-19,precinct,10,1820,222,checked,,text
Plymouth,2018,2018-05-19,precinct,11,2954,260,checked,,text
Plymouth,2018,2018-05-19,precinct,13,2783,269,checked,,text
Plymouth,2018,2018-05-19,precinct,14,2762,188,checked,,text
Plympton,2018,2018-05-19,total,,2234,135,single,"a single undivided town, or no precinct detail printed",text
Princeton,2018,2018-05-14,total,,2779,152,single,"a single undivided town, or no precinct detail printed",text
Provincetown,2018,2018-05-01,total,,,,no_total,no TOTALS row was read,text
Provincetown,2018,2018-05-01,precinct,6,6,,no_total,,text
Provincetown,2018,2018-05-01,precinct,8,2882,1047,no_total,,text
Randolph,2018,,total,,,,no_election,the volume states no election was held this year,text
Raynham,2018,2018-04-28,total,,11607,408,checked,precincts sum to both printed totals,text
Raynham,2018,2018-04-28,precinct,1,2877,116,checked,,text
Raynham,2018,2018-04-28,precinct,2,2969,105,checked,,text
Raynham,2018,2018-04-28,precinct,3,3073,82,checked,,text
Raynham,2018,2018-04-28,precinct,4,2688,105,checked,,text
Reading,2018,2018-04-03,total,,19555,8563,checked,precincts sum to both printed totals,text
Reading,2018,2018-04-03,precinct,1,2603,1285,checked,,text
Reading,2018,2018-04-03,precinct,2,2463,876,checked,,text
Reading,2018,2018-04-03,precinct,3,2879,1022,checked,,text
Reading,2018,2018-04-03,precinct,4,2425,1146,checked,,text
Reading,2018,2018-04-03,precinct,5,2427,915,checked,,text
Reading,2018,2018-04-03,precinct,6,1905,901,checked,,text
Reading,2018,2018-04-03,precinct,7,2435,1271,checked,,text
Reading,2018,2018-04-03,precinct,8,2418,1147,checked,,text
Rehoboth,2018,2018-04-02,total,,8699,1627,checked,precincts sum to both printed totals,text
Rehoboth,2018,2018-04-02,precinct,1,2828,494,checked,,text
Rehoboth,2018,2018-04-02,precinct,2,2817,573,checked,,text
Rehoboth,2018,2018-04-02,precinct,3,3054,560,checked,,text
Rochester,2018,,total,,4372,673,single,"a single undivided town, or no precinct detail printed",text
Rockland,2018,,total,,11913,1421,checked,precincts sum to both printed totals,text
Rockland,2018,,precinct,1,2141,192,checked,,text
Rockland,2018,,precinct,2,2162,318,checked,,text
Rockland,2018,,precinct,3,1590,214,checked,,text
Rockland,2018,,precinct,4,1857,217,checked,,text
Rockland,2018,,precinct,5,2004,286,checked,,text
Rockland,2018,,precinct,6,2159,194,checked,,text
Rockport,2018,,total,,5689,2220,checked,precincts sum to both printed totals,text
Rockport,2018,,precinct,1,1365,544,checked,,text
Rockport,2018,,precinct,2,2001,746,checked,,text
Rockport,2018,,precinct,3,2323,930,checked,,text
Rowe,2018,,total,,276,101,single,"a single undivided town, or no precinct detail printed",text
Rowley,2018,,total,,900,88,checked,precincts sum to both printed totals,text
Rowley,2018,,precinct,1,519,54,checked,,text
Rowley,2018,,precinct,2,381,34,checked,,text
Russell,2018,,total,,1138,136,single,"a single undivided town, or no precinct detail printed",text
Rutland,2018,,total,,6210,946,checked,precincts sum to both printed totals,text
Rutland,2018,,precinct,1,2017,312,checked,,text
Rutland,2018,,precinct,2,2158,319,checked,,text
Rutland,2018,,precinct,3,2035,315,checked,,text
Salisbury,2018,,total,,6415,1646,checked,precincts sum to both printed totals,text
Salisbury,2018,,precinct,1,2313,572,checked,,text
Salisbury,2018,,precinct,2,2147,551,checked,,text
Salisbury,2018,,precinct,3,1955,523,checked,,text
Sandisfield,2018,,total,,595,265,single,"a single undivided town, or no precinct detail printed",text
Sandwich,2018,,total,,15527,1998,checked,precincts sum to both printed totals,text
Sandwich,2018,,precinct,1,2795,467,checked,,text
Sandwich,2018,,precinct,2,2689,430,checked,,text
Sandwich,2018,,precinct,3,2476,282,checked,,text
Sandwich,2018,,precinct,4,2611,211,checked,,text
Sandwich,2018,,precinct,5,2516,315,checked,,text
Sandwich,2018,,precinct,6,2440,293,checked,,text
Saugus,2018,,total,,,,no_election,the volume states no election was held this year,text
Savoy,2018,,total,,494,103,single,"a single undivided town, or no precinct detail printed",text
Shelburne,2018,2018-05-14,total,,,,no_total,no TOTALS row was read,text
Shelburne,2018,2018-05-14,precinct,8,2345,725,no_total,,text
Sherborn ''',2018,2018-05-14,total,,,,no_total,no TOTALS row was read,text
Sherborn ''',2018,2018-05-14,precinct,4,1389,114,no_total,,text
Sherborn ''',2018,2018-05-14,precinct,4,4,,no_total,,text
Shirley,2018,2018-05-08,total,,2984,741,single,"a single undivided town, or no precinct detail printed",text
Shrewsbury,2018,2018-05-01,total,,3947,419,single,"a single undivided town, or no precinct detail printed",text
Somerset,2018,2018-05-05,total,,1454,225,mismatch,"precincts sum to 7 registered, the printed total says 1454",text
Somerset,2018,2018-05-05,precinct,7,7,,mismatch,,text
Southborough,2018,,total,,7220,1203,checked,precincts sum to both printed totals,text
Southborough,2018,,precinct,1,2481,470,checked,,text
Southborough,2018,,precinct,2,2271,412,checked,,text
Southborough,2018,,precinct,3,2468,321,checked,,text
Southbridge,2018,,total,,11285,1547,reg_only,registered voters sum; people who voted does not,text
Southbridge,2018,,precinct,1,2334,943,reg_only,,text
Southbridge,2018,,precinct,2,2256,218,reg_only,,text
Southbridge,2018,,precinct,3,2202,306,reg_only,,text
Southbridge,2018,,precinct,4,2395,519,reg_only,,text
Southbridge,2018,,precinct,5,2098,155,reg_only,,text
Southwick,2018,,total,,6778,865,checked,precincts sum to both printed totals,text
Southwick,2018,,precinct,1,2420,344,checked,,text
Southwick,2018,,precinct,2,2124,256,checked,,text
Southwick,2018,,precinct,3,2234,265,checked,,text
Spencer,2018,,total,,7734,734,checked,precincts sum to both printed totals,text
Spencer,2018,,precinct,1,1893,185,checked,,text
Spencer,2018,,precinct,2,1881,188,checked,,text
Spencer,2018,,precinct,3,1989,189,checked,,text
Spencer,2018,,precinct,4,1971,172,checked,,text
Sterling,2018,,total,,5831,221,checked,precincts sum to both printed totals,text
Sterling,2018,,precinct,1,2783,121,checked,,text
Sterling,2018,,precinct,2,3048,100,checked,,text
Stockbridge,2018,,total,,1622,351,single,"a single undivided town, or no precinct detail printed",text
Stoneham,2018,,total,,16141,3752,checked,precincts sum to both printed totals,text
Stoneham,2018,,precinct,1,2262,460,checked,,text
Stoneham,2018,,precinct,2,2437,441,checked,,text
Stoneham,2018,,precinct,3,2474,669,checked,,text
Stoneham,2018,,precinct,4,2152,434,checked,,text
Stoneham,2018,,precinct,5,2352,682,checked,,text
Stoneham,2018,,precinct,6,2230,518,checked,,text
Stoneham,2018,,precinct,7,2234,548,checked,,text
Stoughton,2018,,total,,5159,984,mismatch,"precincts sum to 23912 registered, the printed total says 5159",text
Stoughton,2018,,precinct,1,2657,293,mismatch,,text
Stoughton,2018,,precinct,2,2239,317,mismatch,,text
Stoughton,2018,,precinct,2,2487,674,mismatch,,text
Stoughton,2018,,precinct,3,2261,352,mismatch,,text
Stoughton,2018,,precinct,4,2607,500,mismatch,,text
Stoughton,2018,,precinct,5,2161,300,mismatch,,text
Stoughton,2018,,precinct,6,2832,302,mismatch,,text
Stoughton,2018,,precinct,7,2025,222,mismatch,,text
Stoughton,2018,,precinct,8,1971,191,mismatch,,text
Stoughton,2018,,precinct,9,2672,310,mismatch,,text
Sturbridge,2018,,total,,6921,780,checked,precincts sum to both printed totals,text
Sturbridge,2018,,precinct,1,2322,239,checked,,text
Sturbridge,2018,,precinct,2,2433,279,checked,,text
Sturbridge,2018,,precinct,3,2166,262,checked,,text
Town,2018,2018-05-12,total,,10430,1811,checked,precincts sum to both printed totals; the TOTALS label was unreadable and was identified by the sum,text
Town,2018,2018-05-12,precinct,0,2560,467,checked,,text
Town,2018,2018-05-12,precinct,2,2591,464,checked,,text
Town,2018,2018-05-12,precinct,3,2711,419,checked,,text
Town,2018,2018-05-12,precinct,9,2568,461,checked,,text
Tyngsborough,2018,,total,,8628,1119,reg_only,registered voters sum; people who voted does not,text
Tyngsborough,2018,,precinct,1,2085,257,reg_only,,text
Tyngsborough,2018,,precinct,2,2197,264,reg_only,,text
Tyngsborough,2018,,precinct,3,2234,241,reg_only,,text
Tyngsborough,2018,,precinct,4,2112,753,reg_only,,text
Tyringham,2018,,total,,3568,594,checked,precincts sum to both printed totals,text
Tyringham,2018,,precinct,1,1818,295,checked,,text
Tyringham,2018,,precinct,2,1750,299,checked,,text
UNKNOWN,2018,2018-05-15,total,,13915,2842,no_election,the volume states no election was held this year,text
UNKNOWN,2018,2018-05-15,precinct,0,3254,49,no_election,,text
UNKNOWN,2018,2018-05-15,precinct,0,2165,437,no_election,,text
UNKNOWN,2018,2018-05-15,precinct,0,2303,319,no_election,,text
UNKNOWN,2018,2018-05-15,precinct,0,3127,148,no_election,,text
UNKNOWN,2018,2018-05-15,precinct,0,2586,525,no_election,,text
UNKNOWN,2018,2018-05-15,precinct,0,0,,no_election,,text
UNKNOWN,2018,2018-05-15,precinct,0,2699,340,no_election,,text
UNKNOWN,2018,2018-05-15,precinct,0,1680,255,no_election,,text
UNKNOWN,2018,2018-05-15,precinct,0,2218,365,no_election,,text
UNKNOWN,2018,2018-05-15,precinct,0,2303,270,no_election,,text
UNKNOWN,2018,2018-05-15,precinct,0,1465,301,no_election,,text
UNKNOWN,2018,2018-05-15,precinct,0,1815,423,no_election,,text
UNKNOWN,2018,2018-05-15,precinct,0,1157,155,no_election,,text
UNKNOWN,2018,2018-05-15,precinct,0,16797,3658,no_election,,text
UNKNOWN,2018,2018-05-15,precinct,0,2971,428,no_election,,text
UNKNOWN,2018,2018-05-15,precinct,0,7035,946,no_election,,text
UNKNOWN,2018,2018-05-15,precinct,0,11182,1475,no_election,,text
UNKNOWN,2018,2018-05-15,precinct,0,2466,226,no_election,,text
UNKNOWN,2018,2018-05-15,precinct,0,2842,44,no_election,,text
UNKNOWN,2018,2018-05-15,precinct,0,2412,409,no_election,,text
UNKNOWN,2018,2018-05-15,precinct,0,2599,473,no_election,,text
UNKNOWN,2018,2018-05-15,precinct,0,2580,437,no_election,,text
UNKNOWN,2018,2018-05-15,precinct,0,2349,235,no_election,,text
UNKNOWN,2018,2018-05-15,precinct,0,1709,400,no_election,,text
UNKNOWN,2018,2018-05-15,precinct,0,21887,1801,no_election,,text
UNKNOWN,2018,2018-05-15,precinct,0,0,,no_election,,text
UNKNOWN,2018,2018-05-15,precinct,0,16325,3175,no_election,,text
UNKNOWN,2018,2018-05-15,precinct,0,0,,no_election,,text
UNKNOWN,2018,2018-05-15,precinct,1,2131,447,no_election,,text
UNKNOWN,2018,2018-05-15,precinct,1,2219,42,no_election,,text
UNKNOWN,2018,2018-05-15,precinct,1,2293,477,no_election,,text
UNKNOWN,2018,2018-05-15,precinct,1,2405,205,no_election,,text
UNKNOWN,2018,2018-05-15,precinct,1,1,,no_election,,text
UNKNOWN,2018,2018-05-15,precinct,1,2619,176,no_election,,text
UNKNOWN,2018,2018-05-15,precinct,1,6070,756,no_election,,text
UNKNOWN,2018,2018-05-15,precinct,1,1666,350,no_election,,text
UNKNOWN,2018,2018-05-15,precinct,1,2566,350,no_election,,text
UNKNOWN,2018,2018-05-15,precinct,1,2767,292,no_election,,text
UNKNOWN,2018,2018-05-15,precinct,1,2751,420,no_election,,text
UNKNOWN,2018,2018-05-15,precinct,1,2568,533,no_election,,text
UNKNOWN,2018,2018-05-15,precinct,1,2464,222,no_election,,text
UNKNOWN,2018,2018-05-15,precinct,1,2409,231,no_election,,text
UNKNOWN,2018,2018-05-15,precinct,1,1,,no_election,,text
UNKNOWN,2018,2018-05-15,precinct,1,1541,334,no_election,,text
UNKNOWN,2018,2018-05-15,precinct,1,1,,no_election,,text
UNKNOWN,2018,2018-05-15,precinct,1,1,,no_election,,text
UNKNOWN,2018,2018-05-15,precinct,1,1,,no_election,,text
UNKNOWN,2018,2018-05-15,precinct,2,2295,434,no_election,,text
UNKNOWN,2018,2018-05-15,precinct,2,2146,353,no_election,,text
UNKNOWN,2018,2018-05-15,precinct,2,2612,683,no_election,,text
UNKNOWN,2018,2018-05-15,precinct,2,2731,111,no_election,,text
UNKNOWN,2018,2018-05-15,precinct,2,2,,no_election,,text
UNKNOWN,2018,2018-05-15,precinct,2,2494,588,no_election,,text
UNKNOWN,2018,2018-05-15,precinct,2,2545,103,no_election,,text
UNKNOWN,2018,2018-05-15,precinct,2,2594,232,no_election,,text
UNKNOWN,2018,2018-05-15,precinct,2,2,,no_election,,text
UNKNOWN,2018,2018-05-15,precinct,2,1933,298,no_election,,text
UNKNOWN,2018,2018-05-15,precinct,2,1988,272,no_election,,text
UNKNOWN,2018,2018-05-15,precinct,2,2050,219,no_election,,text
UNKNOWN,2018,2018-05-15,precinct,2,1775,354,no_election,,text
UNKNOWN,2018,2018-05-15,precinct,2,1889,452,no_election,,text
UNKNOWN,2018,2018-05-15,precinct,2,2,,no_election,,text
UNKNOWN,2018,2018-05-15,precinct,2,2290,957,no_election,,text
UNKNOWN,2018,2018-05-15,precinct,2,2221,1037,no_election,,text
UNKNOWN,2018,2018-05-15,precinct,2,2733,923,no_election,,text
UNKNOWN,2018,2018-05-15,precinct,2,2754,33,no_election,,text
UNKNOWN,2018,2018-05-15,precinct,2,2672,575,no_election,,text
UNKNOWN,2018,2018-05-15,precinct,2,2392,253,no_election,,text
UNKNOWN,2018,2018-05-15,precinct,2,2644,374,no_election,,text
UNKNOWN,2018,2018-05-15,precinct,2,2366,582,no_election,,text
UNKNOWN,2018,2018-05-15,precinct,2,2134,233,no_election,,text
UNKNOWN,2018,2018-05-15,precinct,2,1906,185,no_election,,text
UNKNOWN,2018,2018-05-15,precinct,2,10856,1026,no_election,,text
UNKNOWN,2018,2018-05-15,precinct,2,2584,175,no_election,,text
UNKNOWN,2018,2018-05-15,precinct,2,2696,260,no_election,,text
UNKNOWN,2018,2018-05-15,precinct,2,3455,1120,no_election,,text
UNKNOWN,2018,2018-05-15,precinct,2,2,6495,no_election,,text
UNKNOWN,2018,2018-05-15,precinct,2,1772,104,no_election,,text
UNKNOWN,2018,2018-05-15,precinct,2,2287,217,no_election,,text
UNKNOWN,2018,2018-05-15,precinct,3,1457,299,no_election,,text
UNKNOWN,2018,2018-05-15,precinct,3,1988,242,no_election,,text
UNKNOWN,2018,2018-05-15,precinct,3,2461,602,no_election,,text
UNKNOWN,2018,2018-05-15,precinct,3,2741,120,no_election,,text
UNKNOWN,2018,2018-05-15,precinct,3,2605,380,no_election,,text
UNKNOWN,2018,2018-05-15,precinct,3,3,,no_election,,text
UNKNOWN,2018,2018-05-15,precinct,3,2441,285,no_election,,text
UNKNOWN,2018,2018-05-15,precinct,3,2436,310,no_election,,text
UNKNOWN,2018,2018-05-15,precinct,3,3429,510,no_election,,text
UNKNOWN,2018,2018-05-15,precinct,3,3029,210,no_election,,text
UNKNOWN,2018,2018-05-15,precinct,3,17754,1589,no_election,,text
UNKNOWN,2018,2018-05-15,precinct,3,2766,624,no_election,,text
UNKNOWN,2018,2018-05-15,precinct,3,2032,265,no_election,,text
UNKNOWN,2018,2018-05-15,precinct,3,2413,381,no_election,,text
UNKNOWN,2018,2018-05-15,precinct,3,19725,7623,no_election,,text
UNKNOWN,2018,2018-05-15,precinct,3,2873,463,no_election,,text
UNKNOWN,2018,2018-05-15,precinct,3,2391,51,no_election,,text
UNKNOWN,2018,2018-05-15,precinct,3,2643,437,no_election,,text
UNKNOWN,2018,2018-05-15,precinct,3,2724,362,no_election,,text
UNKNOWN,2018,2018-05-15,precinct,3,2499,248,no_election,,text
UNKNOWN,2018,2018-05-15,precinct,3,2436,630,no_election,,text
UNKNOWN,2018,2018-05-15,precinct,3,2594,476,no_election,,text
UNKNOWN,2018,2018-05-15,precinct,3,2166,210,no_election,,text
UNKNOWN,2018,2018-05-15,precinct,3,1721,,no_election,,text
UNKNOWN,2018,2018-05-15,precinct,3,2993,284,no_election,,text
UNKNOWN,2018,2018-05-15,precinct,3,2389,613,no_election,,text
UNKNOWN,2018,2018-05-15,precinct,3,1942,144,no_election,,text
UNKNOWN,2018,2018-05-15,precinct,3,3117,282,no_election,,text
UNKNOWN,2018,2018-05-15,precinct,3,2367,574,no_election,,text
UNKNOWN,2018,2018-05-15,precinct,3,4912,1123,no_election,,text
UNKNOWN,2018,2018-05-15,precinct,4,2317,505,no_election,,text
UNKNOWN,2018,2018-05-15,precinct,4,2270,472,no_election,,text
UNKNOWN,2018,2018-05-15,precinct,4,2256,189,no_election,,text
UNKNOWN,2018,2018-05-15,precinct,4,2884,91,no_election,,text
UNKNOWN,2018,2018-05-15,precinct,4,2513,282,no_election,,text
UNKNOWN,2018,2018-05-15,precinct,4,2678,725,no_election,,text
UNKNOWN,2018,2018-05-15,precinct,4,2715,240,no_election,,text
UNKNOWN,2018,2018-05-15,precinct,4,2955,290,no_election,,text
UNKNOWN,2018,2018-05-15,precinct,4,2812,292,no_election,,text
UNKNOWN,2018,2018-05-15,precinct,4,2812,173,no_election,,text
UNKNOWN,2018,2018-05-15,precinct,4,2552,292,no_election,,text
UNKNOWN,2018,2018-05-15,precinct,4,2715,510,no_election,,text
UNKNOWN,2018,2018-05-15,precinct,4,2837,133,no_election,,text
UNKNOWN,2018,2018-05-15,precinct,4,2871,26,no_election,,text
UNKNOWN,2018,2018-05-15,precinct,4,2471,394,no_election,,text
UNKNOWN,2018,2018-05-15,precinct,4,6654,736,no_election,,text
UNKNOWN,2018,2018-05-15,precinct,4,4,,no_election,,text
UNKNOWN,2018,2018-05-15,precinct,4,4,,no_election,,text
UNKNOWN,2018,2018-05-15,precinct,4,2689,694,no_election,,text
UNKNOWN,2018,2018-05-15,precinct,4,2670,389,no_election,,text
UNKNOWN,2018,2018-05-15,precinct,4,2759,421,no_election,,text
UNKNOWN,2018,2018-05-15,precinct,4,3491,184,no_election,,text
UNKNOWN,2018,2018-05-15,precinct,5,2184,432,no_election,,text
UNKNOWN,2018,2018-05-15,precinct,5,864,34,no_election,,text
UNKNOWN,2018,2018-05-15,precinct,5,2147,468,no_election,,text
UNKNOWN,2018,2018-05-15,precinct,5,2271,202,no_election,,text
UNKNOWN,2018,2018-05-15,precinct,5,3042,266,no_election,,text
UNKNOWN,2018,2018-05-15,precinct,5,356,115,no_election,,text
UNKNOWN,2018,2018-05-15,precinct,5,5,,no_election,,text
UNKNOWN,2018,2018-05-15,precinct,5,5,,no_election,,text
UNKNOWN,2018,2018-05-15,precinct,5,5,,no_election,,text
UNKNOWN,2018,2018-05-15,precinct,5,2804,150,no_election,,text
UNKNOWN,2018,2018-05-15,precinct,5,2801,415,no_election,,text
UNKNOWN,2018,2018-05-15,precinct,5,1795,42,no_election,,text
UNKNOWN,2018,2018-05-15,precinct,5,2258,134,no_election,,text
UNKNOWN,2018,2018-05-15,precinct,5,5,,no_election,,text
UNKNOWN,2018,2018-05-15,precinct,5,2747,294,no_election,,text
UNKNOWN,2018,2018-05-15,precinct,5,2440,496,no_election,,text
UNKNOWN,2018,2018-05-15,precinct,5,1706,90,no_election,,text
UNKNOWN,2018,2018-05-15,precinct,5,1808,265,no_election,,text
UNKNOWN,2018,2018-05-15,precinct,5,2421,300,no_election,,text
UNKNOWN,2018,2018-05-15,precinct,5,2270,218,no_election,,text
UNKNOWN,2018,2018-05-15,precinct,5,5,,no_election,,text
UNKNOWN,2018,2018-05-15,precinct,5,5404,499,no_election,,text
UNKNOWN,2018,2018-05-15,precinct,6,1503,295,no_election,,text
UNKNOWN,2018,2018-05-15,precinct,6,1423,59,no_election,,text
UNKNOWN,2018,2018-05-15,precinct,6,2190,392,no_election,,text
UNKNOWN,2018,2018-05-15,precinct,6,2582,243,no_election,,text
UNKNOWN,2018,2018-05-15,precinct,6,2508,282,no_election,,text
UNKNOWN,2018,2018-05-15,precinct,6,6,,no_election,,text
UNKNOWN,2018,2018-05-15,precinct,6,6,,no_election,,text
UNKNOWN,2018,2018-05-15,precinct,6,2237,201,no_election,,text
UNKNOWN,2018,2018-05-15,precinct,6,6,,no_election,,text
UNKNOWN,2018,2018-05-15,precinct,6,2601,438,no_election,,text
UNKNOWN,2018,2018-05-15,precinct,6,2660,484,no_election,,text
UNKNOWN,2018,2018-05-15,precinct,6,2082,123,no_election,,text
UNKNOWN,2018,2018-05-15,precinct,6,1726,160,no_election,,text
UNKNOWN,2018,2018-05-15,precinct,6,6,,no_election,,text
UNKNOWN,2018,2018-05-15,precinct,6,6,,no_election,,text
UNKNOWN,2018,2018-05-15,precinct,6,6,,no_election,,text
UNKNOWN,2018,2018-05-15,precinct,6,6,,no_election,,text
UNKNOWN,2018,2018-05-15,precinct,7,2028,430,no_election,,text
UNKNOWN,2018,2018-05-15,precinct,7,2201,587,no_election,,text
UNKNOWN,2018,2018-05-15,precinct,7,2510,494,no_election,,text
UNKNOWN,2018,2018-05-15,precinct,7,2024,647,no_election,,text
UNKNOWN,2018,2018-05-15,precinct,7,7,,no_election,,text
UNKNOWN,2018,2018-05-15,precinct,7,7,,no_election,,text
UNKNOWN,2018,2018-05-15,precinct,7,2450,309,no_election,,text
UNKNOWN,2018,2018-05-15,precinct,7,2567,820,no_election,,text
UNKNOWN,2018,2018-05-15,precinct,7,13617,1472,no_election,,text
UNKNOWN,2018,2018-05-15,precinct,7,7,,no_election,,text
UNKNOWN,2018,2018-05-15,precinct,7,2575,391,no_election,,text
UNKNOWN,2018,2018-05-15,precinct,7,2303,259,no_election,,text
UNKNOWN,2018,2018-05-15,precinct,7,7,,no_election,,text
UNKNOWN,2018,2018-05-15,precinct,7,1856,416,no_election,,text
UNKNOWN,2018,2018-05-15,precinct,7,1662,414,no_election,,text
UNKNOWN,2018,2018-05-15,precinct,7,7,,no_election,,text
UNKNOWN,2018,2018-05-15,precinct,7,2541,247,no_election,,text
UNKNOWN,2018,2018-05-15,precinct,7,2651,73,no_election,,text
UNKNOWN,2018,2018-05-15,precinct,7,7,,no_election,,text
UNKNOWN,2018,2018-05-15,precinct,7,2679,229,no_election,,text
UNKNOWN,2018,2018-05-15,precinct,7,2354,293,no_election,,text
UNKNOWN,2018,2018-05-15,precinct,7,2760,206,no_election,,text
UNKNOWN,2018,2018-05-15,precinct,8,2036,220,no_election,,text
UNKNOWN,2018,2018-05-15,precinct,8,1556,256,no_election,,text
UNKNOWN,2018,2018-05-15,precinct,8,2366,538,no_election,,text
UNKNOWN,2018,2018-05-15,precinct,8,1881,73,no_election,,text
UNKNOWN,2018,2018-05-15,precinct,8,2854,873,no_election,,text
UNKNOWN,2018,2018-05-15,precinct,8,8,,no_election,,text
UNKNOWN,2018,2018-05-15,precinct,8,2773,221,no_election,,text
UNKNOWN,2018,2018-05-15,precinct,8,2223,327,no_election,,text
UNKNOWN,2018,2018-05-15,precinct,8,2575,380,no_election,,text
UNKNOWN,2018,2018-05-15,precinct,8,1870,469,no_election,,text
UNKNOWN,2018,2018-05-15,precinct,8,8,,no_election,,text
UNKNOWN,2018,2018-05-15,precinct,8,2226,1083,no_election,,text
UNKNOWN,2018,2018-05-15,precinct,8,2172,912,no_election,,text
UNKNOWN,2018,2018-05-15,precinct,8,2749,117,no_election,,text
UNKNOWN,2018,2018-05-15,precinct,8,2820,195,no_election,,text
UNKNOWN,2018,2018-05-15,precinct,8,8,,no_election,,text
UNKNOWN,2018,2018-05-15,precinct,8,2496,157,no_election,,text
UNKNOWN,2018,2018-05-15,precinct,8,1798,173,no_election,,text
UNKNOWN,2018,2018-05-15,precinct,8,8,206,no_election,,text
UNKNOWN,2018,2018-05-15,precinct,8,8,259,no_election,,text
UNKNOWN,2018,2018-05-15,precinct,8,8,,no_election,,text
UNKNOWN,2018,2018-05-15,precinct,8,1139,106,no_election,,text
UNKNOWN,2018,2018-05-15,precinct,8,2524,326,no_election,,text
UNKNOWN,2018,2018-05-15,precinct,8,8,,no_election,,text
UNKNOWN,2018,2018-05-15,precinct,9,9,,no_election,,text
UNKNOWN,2018,2018-05-15,precinct,9,2399,699,no_election,,text
UNKNOWN,2018,2018-05-15,precinct,9,2345,166,no_election,,text
UNKNOWN,2018,2018-05-15,precinct,9,9,,no_election,,text
UNKNOWN,2018,2018-05-15,precinct,9,2288,487,no_election,,text
UNKNOWN,2018,2018-05-15,precinct,9,2543,480,no_election,,text
UNKNOWN,2018,2018-05-15,precinct,9,9418,1110,no_election,,text
UNKNOWN,2018,2018-05-15,precinct,9,2152,433,no_election,,text
UNKNOWN,2018,2018-05-15,precinct,9,2636,663,no_election,,text
UNKNOWN,2018,2018-05-15,precinct,9,2563,584,no_election,,text
UNKNOWN,2018,2018-05-15,precinct,9,1769,352,no_election,,text
UNKNOWN,2018,2018-05-15,precinct,9,2299,1010,no_election,,text
UNKNOWN,2018,2018-05-15,precinct,9,2775,367,no_election,,text
UNKNOWN,2018,2018-05-15,precinct,9,2705,317,no_election,,text
UNKNOWN,2018,2018-05-15,precinct,9,9,,no_election,,text
UNKNOWN,2018,2018-05-15,precinct,9,1917,203,no_election,,text
UNKNOWN,2018,2018-05-15,precinct,9,5094,1171,no_election,,text
UNKNOWN,2018,2018-05-15,precinct,9,2094,544,no_election,,text
UNKNOWN,2018,2018-05-15,precinct,9,2196,443,no_election,,text
UNKNOWN,2018,2018-05-15,precinct,9,9,,no_election,,text
UNKNOWN,2018,2018-05-15,precinct,B,2452,562,no_election,,text
UNKNOWN,2018,2018-05-15,precinct,C,2407,604,no_election,,text
UNKNOWN,2018,2018-05-15,precinct,C,2284,543,no_election,,text
UNKNOWN,2018,2018-05-15,precinct,D,2432,500,no_election,,text
UNKNOWN,2018,2018-05-15,precinct,E,2110,342,no_election,,text
UNKNOWN,2018,2018-05-15,precinct,F,1402,279,no_election,,text
UNKNOWN,2018,2018-05-15,precinct,G,1189,193,no_election,,text
UNKNOWN,2018,2018-05-15,precinct,H,2260,493,no_election,,text
UNKNOWN,2018,2018-05-15,precinct,T,13178,499,no_election,,text
UNKNOWN,2018,2018-05-15,precinct,T,559,195,no_election,,text
UNKNOWN,2018,2018-05-15,precinct,10,2359,168,no_election,,text
UNKNOWN,2018,2018-05-15,precinct,11,2657,689,no_election,,text
UNKNOWN,2018,2018-05-15,precinct,13,2582,529,no_election,,text
UNKNOWN,2018,2018-05-15,precinct,15,0,18,no_election,,text
UNKNOWN,2018,2018-05-15,precinct,18,3145,78,no_election,,text
UNKNOWN,2018,2018-05-15,precinct,22,2624,85,no_election,,text
UNKNOWN,2018,2018-05-15,precinct,34,2341,486,no_election,,text
UNKNOWN,2018,2018-05-15,precinct,35,2648,662,no_election,,text
UNKNOWN,2018,2018-05-15,precinct,40,4,8,no_election,,text
UNKNOWN,2018,2018-05-15,precinct,45,9277,762,no_election,,text
UNKNOWN,2018,2018-05-15,precinct,47,1168,84,no_election,,text
UNKNOWN,2018,2018-05-15,precinct,55,1421,207,no_election,,text
UNKNOWN,2018,2018-05-15,precinct,59,2346,210,no_election,,text
UNKNOWN,2018,2018-05-15,precinct,65,20217,2114,no_election,,text
UNKNOWN,2018,2018-05-15,precinct,67,2599,818,no_election,,text
UNKNOWN,2018,2018-05-15,precinct,68,2653,680,no_election,,text
UNKNOWN,2018,2018-05-15,precinct,71,2665,792,no_election,,text
UNKNOWN,2018,2018-05-15,precinct,74,18602,5233,no_election,,text
UNKNOWN,2018,2018-05-15,precinct,76,3645,1216,no_election,,text
UNKNOWN,2018,2018-05-15,precinct,77,5,8,no_election,,text
UNKNOWN,2018,2018-05-15,precinct,78,2457,553,no_election,,text
UNKNOWN,2018,2018-05-15,precinct,79,2521,374,no_election,,text
UNKNOWN,2018,2018-05-15,precinct,81,7419,1014,no_election,,text
UNKNOWN,2018,2018-05-15,precinct,82,2,8,no_election,,text
UNKNOWN,2018,2018-05-15,precinct,83,1800,96,no_election,,text
UNKNOWN,2018,2018-05-15,precinct,84,8,8,no_election,,text
UNKNOWN,2018,2018-05-15,precinct,85,2557,658,no_election,,text
UNKNOWN,2018,2018-05-15,precinct,86,1353,362,no_election,,text
UNKNOWN,2018,2018-05-15,precinct,88,6,8,no_election,,text
UNKNOWN,2018,2018-05-15,precinct,96,8,8,no_election,,text
UNKNOWN,2018,2018-05-15,precinct,97,1800,301,no_election,,text
UNKNOWN,2018,2018-05-15,precinct,101,5,8,no_election,,text
UNKNOWN,2018,2018-05-15,precinct,105,2669,209,no_election,,text
UNKNOWN,2018,2018-05-15,precinct,120,8,18,no_election,,text
UNKNOWN,2018,2018-05-15,precinct,131,8,8,no_election,,text
UNKNOWN,2018,2018-05-15,precinct,134,1642,225,no_election,,text
UNKNOWN,2018,2018-05-15,precinct,147,2588,602,no_election,,text
UNKNOWN,2018,2018-05-15,precinct,150,1512,226,no_election,,text
UNKNOWN,2018,2018-05-15,precinct,155,5,18,no_election,,text
UNKNOWN,2018,2018-05-15,precinct,158,2453,330,no_election,,text
UNKNOWN,2018,2018-05-15,precinct,164,4,8,no_election,,text
UNKNOWN,2018,2018-05-15,precinct,165,1992,480,no_election,,text
UNKNOWN,2018,2018-05-15,precinct,168,2017,427,no_election,,text
UNKNOWN,2018,2018-05-15,precinct,169,2076,664,no_election,,text
UNKNOWN,2018,2018-05-15,precinct,171,2432,1053,no_election,,text
UNKNOWN,2018,2018-05-15,precinct,180,6,8,no_election,,text
UNKNOWN,2018,2018-05-15,precinct,187,3,18,no_election,,text
UNKNOWN,2018,2018-05-15,precinct,191,3007,313,no_election,,text
UNKNOWN,2018,2018-05-15,precinct,194,2794,28,no_election,,text
UNKNOWN,2018,2018-05-15,precinct,197,2456,93,no_election,,text
UNKNOWN,2018,2018-05-15,precinct,198,2356,52,no_election,,text
UNKNOWN,2018,2018-05-15,precinct,200,2466,37,no_election,,text
UNKNOWN,2018,2018-05-15,precinct,201,2301,58,no_election,,text
UNKNOWN,2018,2018-05-15,precinct,202,2276,37,no_election,,text
UNKNOWN,2018,2018-05-15,precinct,204,2421,389,no_election,,text
UNKNOWN,2018,2018-05-15,precinct,208,4,8,no_election,,text
UNKNOWN,2018,2018-05-15,precinct,212,2551,494,no_election,,text
UNKNOWN,2018,2018-05-15,precinct,213,2366,368,no_election,,text
UNKNOWN,2018,2018-05-15,precinct,217,2340,131,no_election,,text
UNKNOWN,2018,2018-05-15,precinct,218,2030,146,no_election,,text
UNKNOWN,2018,2018-05-15,precinct,225,0,8,no_election,,text
UNKNOWN,2018,2018-05-15,precinct,231,2402,399,no_election,,text
UNKNOWN,2018,2018-05-15,precinct,234,1406,423,no_election,,text
UNKNOWN,2018,2018-05-15,precinct,235,2462,589,no_election,,text
UNKNOWN,2018,2018-05-15,precinct,241,12548,2524,no_election,,text
UNKNOWN,2018,2018-05-15,precinct,243,5,8,no_election,,text
UNKNOWN,2018,2018-05-15,precinct,249,5,18,no_election,,text
UNKNOWN,2018,2018-05-15,precinct,258,2506,242,no_election,,text
UNKNOWN,2018,2018-05-15,precinct,263,12149,1230,no_election,,text
UNKNOWN,2018,2018-05-15,precinct,265,1844,437,no_election,,text
UNKNOWN,2018,2018-05-15,precinct,270,2,8,no_election,,text
UNKNOWN,2018,2018-05-15,precinct,274,2439,165,no_election,,text
UNKNOWN,2018,2018-05-15,precinct,275,3041,246,no_election,,text
UNKNOWN,2018,2018-05-15,precinct,281,2,8,no_election,,text
UNKNOWN,2018,2018-05-15,precinct,284,388,82,no_election,,text
UNKNOWN,2018,2018-05-15,precinct,285,2205,472,no_election,,text
UNKNOWN,2018,2018-05-15,precinct,289,1848,,no_election,,text
UNKNOWN,2018,2018-05-15,precinct,290,2609,744,no_election,,text
UNKNOWN,2018,2018-05-15,precinct,291,2238,706,no_election,,text
UNKNOWN,2018,2018-05-15,precinct,294,2024,167,no_election,,text
UNKNOWN,2018,2018-05-15,precinct,299,2196,461,no_election,,text
UNKNOWN,2018,2018-05-15,precinct,310,5,18,no_election,,text
UNKNOWN,2018,2018-05-15,precinct,313,5,8,no_election,,text
UNKNOWN,2018,2018-05-15,precinct,318,2545,549,no_election,,text
UNKNOWN,2018,2018-05-15,precinct,322,5,8,no_election,,text
UNKNOWN,2018,2018-05-15,precinct,323,6,8,no_election,,text
UNKNOWN,2018,2018-05-15,precinct,326,1,18,no_election,,text
Uxbridge,2018,,total,,9874,908,checked,precincts sum to both printed totals,text
Uxbridge,2018,,precinct,1,2485,245,checked,,text
Uxbridge,2018,,precinct,2,2483,230,checked,,text
Uxbridge,2018,,precinct,3,2405,199,checked,,text
Uxbridge,2018,,precinct,4,2501,234,checked,,text
Wakefield,2018,,total,,18390,3581,checked,precincts sum to both printed totals,text
Wakefield,2018,,precinct,1,2873,566,checked,,text
Wakefield,2018,,precinct,2,2428,343,checked,,text
Wakefield,2018,,precinct,3,2584,460,checked,,text
Wakefield,2018,,precinct,4,2434,516,checked,,text
Wakefield,2018,,precinct,5,2763,551,checked,,text
Wakefield,2018,,precinct,6,2782,495,checked,,text
Wakefield,2018,,precinct,7,2526,650,checked,,text
Wales,2018,,total,,14886,1478,mismatch,"precincts sum to 39060 registered, the printed total says 14886",text
Wales,2018,,precinct,1,2197,386,mismatch,,text
Wales,2018,,precinct,2,2322,485,mismatch,,text
Wales,2018,,precinct,2,2471,264,mismatch,,text
Wales,2018,,precinct,3,2387,444,mismatch,,text
Wales,2018,,precinct,3,2460,328,mismatch,,text
Wales,2018,,precinct,4,2151,411,mismatch,,text
Wales,2018,,precinct,5,1917,365,mismatch,,text
Wales,2018,,precinct,6,2328,442,mismatch,,text
Wales,2018,,precinct,7,2301,533,mismatch,,text
Wales,2018,,precinct,8,2237,455,mismatch,,text
Wales,2018,,precinct,9,1948,433,mismatch,,text
Wales,2018,,precinct,B,1975,453,mismatch,,text
Wales,2018,,precinct,C,2411,639,mismatch,,text
Wales,2018,,precinct,12,2434,226,mismatch,,text
Wales,2018,,precinct,15,2447,205,mismatch,,text
Wales,2018,,precinct,16,2624,304,mismatch,,text
Wales,2018,,precinct,17,2450,151,mismatch,,text
Warren,2018,,total,,3286,776,checked,precincts sum to both printed totals,text
Warren,2018,,precinct,1,2406,578,checked,,text
Warren,2018,,precinct,B,880,198,checked,,text
Warwick,2018,,total,,585,70,single,"a single undivided town, or no precinct detail printed",text
Wayland,2018,,total,,,,no_election,the volume states no election was held this year,text
West Stockbridge,2018,,total,,,,no_election,the volume states no election was held this year,text
West Stockbridge,2018,,precinct,4,4,,no_election,,text
Westborough,2018,,total,,16907,1364,mismatch,"precincts sum to 29161 registered, the printed total says 16907",text
Westborough,2018,,precinct,1,1821,115,mismatch,,text
Westborough,2018,,precinct,2,2045,81,mismatch,,text
Westborough,2018,,precinct,2,2953,242,mismatch,,text
Westborough,2018,,precinct,3,2489,272,mismatch,,text
Westborough,2018,,precinct,3,2836,239,mismatch,,text
Westborough,2018,,precinct,4,3040,341,mismatch,,text
Westborough,2018,,precinct,4,2763,239,mismatch,,text
Westborough,2018,,precinct,5,2859,298,mismatch,,text
Westborough,2018,,precinct,5,2737,217,mismatch,,text
Westborough,2018,,precinct,6,3016,205,mismatch,,text
Westborough,2018,,precinct,6,2602,222,mismatch,,text
Westhampton,2018,,total,,1225,350,single,"a single undivided town, or no precinct detail printed",text
Westminster,2018,,total,,11959,3446,mismatch,"precincts sum to 25770 registered, the printed total says 11959",text
Westminster,2018,,precinct,1,2862,336,mismatch,,text
Westminster,2018,,precinct,2,2821,375,mismatch,,text
Westminster,2018,,precinct,3,4158,311,mismatch,,text
Westminster,2018,,precinct,4,3970,198,mismatch,,text
Westminster,2018,,precinct,5,2307,462,mismatch,,text
Westminster,2018,,precinct,B,2550,944,mismatch,,text
Westminster,2018,,precinct,C,2259,494,mismatch,,text
Westminster,2018,,precinct,D,2136,592,mismatch,,text
Westminster,2018,,precinct,E,2707,954,mismatch,,text
Westwood,2018,,total,,11200,2702,checked,precincts sum to both printed totals,text
Westwood,2018,,precinct,1,2807,606,checked,,text
Westwood,2018,,precinct,2,2841,699,checked,,text
Westwood,2018,,precinct,3,2787,792,checked,,text
Westwood,2018,,precinct,4,2765,605,checked,,text
Weymouth,2018,,total,,,,no_election,the volume states no election was held this year,text
Whately,2018,,total,,1166,76,single,"a single undivided town, or no precinct detail printed",text
Whitman,2018,,total,,10589,737,checked,precincts sum to both printed totals,text
Whitman,2018,,precinct,1,2830,199,checked,,text
Whitman,2018,,precinct,2,2504,172,checked,,text
Whitman,2018,,precinct,3,2714,194,checked,,text
Whitman,2018,,precinct,4,2541,172,checked,,text
Wilbraham,2018,,total,,10477,970,checked,precincts sum to both printed totals,text
Wilbraham,2018,,precinct,1,2716,239,checked,,text
Wilbraham,2018,,precinct,B,2597,186,checked,,text
Wilbraham,2018,,precinct,C,2559,229,checked,,text
Wilbraham,2018,,precinct,D,2605,316,checked,,text
Williamsburg,2018,,total,,1960,564,single,"a single undivided town, or no precinct detail printed",text
Williamstown,2018,2018-05-08,total,,,,no_total,no TOTALS row was read,text
Williamstown,2018,2018-05-08,precinct,1,1793,265,no_total,,text
Williamstown,2018,2018-05-08,precinct,8,8,,no_total,,text
Williamstown,2018,2018-05-08,precinct,T,4862,702,no_total,,text
Wilmington,2018,2018-04-28,total,,16779,2640,checked,precincts sum to both printed totals; the TOTALS label was unreadable and was identified by the sum,text
Wilmington,2018,2018-04-28,precinct,1,2794,410,checked,,text
Wilmington,2018,2018-04-28,precinct,2,2711,433,checked,,text
Wilmington,2018,2018-04-28,precinct,3,2686,347,checked,,text
Wilmington,2018,2018-04-28,precinct,4,2860,450,checked,,text
Wilmington,2018,2018-04-28,precinct,5,2912,535,checked,,text
Wilmington,2018,2018-04-28,precinct,6,2816,465,checked,,text
Winchendon,2018,2018-05-07,total,,6508,223,checked,precincts sum to both printed totals; the TOTALS label was unreadable and was identified by the sum,text
Winchendon,2018,2018-05-07,precinct,1,2112,82,checked,,text
Winchendon,2018,2018-05-07,precinct,2,2160,44,checked,,text
Winchendon,2018,2018-05-07,precinct,3,2236,97,checked,,text
Winchester,2018,2018-03-27,total,,14156,2959,checked,precincts sum to both printed totals; the TOTALS label was unreadable and was identified by the sum,text
Winchester,2018,2018-03-27,precinct,1,1810,351,checked,,text
Winchester,2018,2018-03-27,precinct,2,1594,303,checked,,text
Winchester,2018,2018-03-27,precinct,3,1890,494,checked,,text
Winchester,2018,2018-03-27,precinct,4,1910,456,checked,,text
Winchester,2018,2018-03-27,precinct,5,1811,321,checked,,text
Winchester,2018,2018-03-27,precinct,8,1838,366,checked,,text
Winchester,2018,2018-03-27,precinct,8,1432,270,checked,,text
Winchester,2018,2018-03-27,precinct,9,1871,398,checked,,text
Windsor,2018,2018-05-14,total,,,,no_total,no TOTALS row was read,text
Windsor,2018,2018-05-14,precinct,1,657,112,no_total,,text
Windsor,2018,2018-05-14,precinct,2,2,,no_total,,text
Winthrop,2018,,total,,,,no_election,the volume states no election was held this year,text
Winthrop,2018,,precinct,6,6,,no_election,,text
Wrentham,2018,2018-04-02,total,,8344,752,checked,precincts sum to both printed totals; the TOTALS label was unreadable and was identified by the sum,text
Wrentham,2018,2018-04-02,precinct,2,2753,229,checked,,text
Wrentham,2018,2018-04-02,precinct,2,2786,255,checked,,text
Wrentham,2018,2018-04-02,precinct,5,2805,268,checked,,text
Yarmouth,2018,2018-05-15,total,,,,no_total,no TOTALS row was read,text
Yarmouth,2018,2018-05-15,precinct,0,0,,no_total,,text
Yarmouth,2018,2018-05-15,precinct,1,2868,485,no_total,,text
Yarmouth,2018,2018-05-15,precinct,2,2703,265,no_total,,text
Yarmouth,2018,2018-05-15,precinct,3,2530,255,no_total,,text
Yarmouth,2018,2018-05-15,precinct,4,2779,376,no_total,,text
Yarmouth,2018,2018-05-15,precinct,4,3205,606,no_total,,text
Yarmouth,2018,2018-05-15,precinct,4,4,,no_total,,text
Yarmouth,2018,2018-05-15,precinct,6,2957,385,no_total,,text
Yarmouth,2018,2018-05-15,precinct,6,6,,no_total,,text
Yarmouth,2018,2018-05-15,precinct,6,6,,no_total,,text
Yarmouth,2018,2018-05-15,precinct,7,7,,no_total,,text
Yarmouth,2018,2018-05-15,precinct,8,19548,2618,no_total,,text
Yarmouth,2018,2018-05-15,precinct,9,2506,246,no_total,,text
Yarmouth,2018,2018-05-15,precinct,9,9,,no_total,,text
Yarmouth,2018,2018-05-15,precinct,9,9,,no_total,,text
