municipality,year,election_type,expected,provenance,native_url,hosted_url,source,confidence,verification,priority,pdf_filename,has_pdf,has_json,status,markdown_url,conversion_method,known_bad_url,coverage_state,source_kind
Abington,2021,regular,yes,owner-supplied-2026-08-22-abington_annual_town_report_pp17-18,https://files-backend.assets.thrillshare.com/documents/asset/uploaded_file/4608/Toa/e7334ef5-0433-473a-b9fd-7cf0c6cfdb8f/text.pdf,https://jamesnicholsworley.github.io/civicatlasma/pdfs/Abington2021_d0.pdf,manual,,manual_ingest,,Abington2021_d0.pdf,yes,no,pdf_hosted,,docling-html,https://959watd.com/blog/2021/04/unofficial-abington-town-election-results/,published,official
Abington,2022,regular,yes,LEO,https://abingtonnews.org/2022/04/30/your-choice-22-vannest-christian-shepherd-grafton-chosen-by-voters/,,manual,,"landed 2026-08-25 from the Chrome ingest (news, -); 5 races",,,no,no,published,,,https://www.abingtonma.gov/sites/g/files/vyhlif236/f/file/file/special_municipal.pdf,published,news
Abington,2023,regular,yes,NEWS,https://abingtonnews.org/2023/04/29/your-choice-23-donovan-djusberg-coyle-whitney-hughes-win/,,manual,manual,runner_fetch,95,Abington2023_d0.pdf,no,yes,hosted,https://jamesnicholsworley.github.io/civicatlasma/markdown/Abington2023.md,docling-html,,published,news
Abington,2024,regular,yes,NEWS,https://abingtonnews.org/2024/04/28/your-choice-24-bunker-woods-wins-select-board-seats-in-a-squeaker/,,manual,,,,Abington2024_d0.pdf,,yes,hosted,https://jamesnicholsworley.github.io/civicatlasma/markdown/Abington2024.md,playwright+docling-2.66.0,,published,news
Abington,2025,regular,yes,LEO,https://www.abingtonma.gov/article/2171924,,manual_sources,manual,,95,Abington2025_d0.pdf,,yes,hosted,https://jamesnicholsworley.github.io/civicatlasma/markdown/Abington2025.md,playwright+docling-2.66.0,,published,official
Abington,2026,regular,yes,,https://959watd.com/blog/2026/04/new-members-elected-to-abington-select-board/,,,,"landed 2026-08-25 from the Chrome ingest (news, -); 2 races",,,no,no,missing,,,,published,news
Acton,2021,regular,yes,LEO,https://ma-acton2.civicplus.com/ArchiveCenter/ViewFile/Item/14138,https://jamesnicholsworley.github.io/civicatlasma/pdfs/Acton2021_d0.pdf,manual_sources,manual,,95,Acton2021_d0.pdf,yes,yes,hosted,https://jamesnicholsworley.github.io/civicatlasma/markdown/Acton2021.md,pypdf,,published,other
Acton,2022,regular,yes,LEO,https://ma-acton2.civicplus.com/ArchiveCenter/ViewFile/Item/15276,https://jamesnicholsworley.github.io/civicatlasma/pdfs/Acton2022_d0.pdf,manual_sources,manual,,95,Acton2022_d0.pdf,yes,yes,hosted,https://jamesnicholsworley.github.io/civicatlasma/markdown/Acton2022.md,pypdf,,published,other
Acton,2023,regular,yes,LEO,https://ma-acton2.civicplus.com/ArchiveCenter/ViewFile/Item/18407,https://jamesnicholsworley.github.io/civicatlasma/pdfs/Acton2023_d0.pdf,manual_sources,manual,,95,Acton2023_d0.pdf,yes,yes,hosted,https://jamesnicholsworley.github.io/civicatlasma/markdown/Acton2023.md,pypdf,,published,other
Acton,2024,regular,yes,LEO,https://www.acton-ma.gov/DocumentCenter/View/9561/Annual-Town-Election-43024-FINAL?bidId=,https://jamesnicholsworley.github.io/civicatlasma/pdfs/Acton2024_d0.pdf,manual_sources,manual,,95,Acton2024_d0.pdf,yes,yes,hosted,https://jamesnicholsworley.github.io/civicatlasma/markdown/Acton2024.md,pypdf,,published,official
Acton,2025,regular,yes,LEO,https://www.acton-ma.gov/DocumentCenter/View/10630/Annual-Town-Election-0429-2025-Final-Results?bidId=,https://jamesnicholsworley.github.io/civicatlasma/pdfs/Acton2025_d0.pdf,manual_sources,manual,,95,Acton2025_d0.pdf,yes,yes,hosted,https://jamesnicholsworley.github.io/civicatlasma/markdown/Acton2025.md,pypdf,,published,official
Acton,2026,regular,yes,cohort-2026,https://www.acton-ma.gov/DocumentCenter/View/11569,,,,,,,no,yes,hosted,,,,published,official
Acushnet,2021,regular,yes,LEO,https://acushnet.ma.us/DocumentCenter/View/334/1959,https://jamesnicholsworley.github.io/civicatlasma/pdfs/Acushnet2021_d0.pdf,collect-web,high,runner_fetch,70,Acushnet2021_d0.pdf,yes,yes,pdf_hosted,,,,published,official
Acushnet,2022,regular,yes,LEO,https://www.acushnet.ma.us/DocumentCenter/View/890/2022_report,,manual,low,landed 2026-09-10 from research/SESSION_2026-09-10_FINDINGS.md; transcribed from the certified return and checked against the 742 ballots it reports,70,Acushnet2022_d0.pdf,yes,no,discarded_not_results,,,https://www.acushnet.ma.us/documentcenter/view/887,published,official
Acushnet,2023,regular,yes,LEO,https://www.acushnet.ma.us/sites/g/files/vyhlif2721/f/news/final_election_results_05-13-2023.pdf,https://jamesnicholsworley.github.io/civicatlasma/pdfs/Acushnet2023_d0.pdf,wayback,manual,wayback,95,Acushnet2023_d0.pdf,yes,yes,hosted,https://jamesnicholsworley.github.io/civicatlasma/markdown/Acushnet2023.md,pypdf,,published,official
Acushnet,2024,regular,yes,NEWS,https://fairhavenneighborhoodnews.com/wp-content/uploads/2024/05/05-23-24-BlessBikes.pdf,,manual,medium,"landed 2026-08-27 from data/staging_2024 (INGEST_2024_GAPCLOSE.md); news, 10 races, 10 tallied; 498 ballots is a ceiling only, no race carries a blanks line",70,,no,no,missing,,docling-html,https://wbsm.com/acushnet-election-hours-controversy/,published,
Acushnet,2025,regular,yes,civicplus-site-search-2026-08-19,https://www.acushnet.ma.us/documentcenter/view/898,https://jamesnicholsworley.github.io/civicatlasma/pdfs/Acushnet2025_d0.pdf,town_website,high,"deadurl:no capture in wayback or commoncrawl | Jesse C. Ellis took the second School Committee seat as a write-in. The count is NOT published: the clerk's held sheet is the preliminary tally printed before write-ins were counted ('will be finalized within four days'), and the certified return is unrecoverable -- identified at https://www.acushnet.ma.us/sites/g/files/vyhlif2721/f/news/4-22-2025_annual_town_election_final_results.pdf (index title '***FINAL CERTIFIED VOTES***', from the file's interior text), 404 since the November 2025 Drupal->CivicEngage migration, absent from Wayback (9,546 domain captures, control passed), CommonCrawl (CCBot 403 - uninformative), the torn-down vendor origin host, and Google/Bing/DDG. WINNER EVIDENCE: an announced pre-election write-in campaign for this specific seat (Positively Acushnet posts, incl. 'When writing in your vote please include my name, Jesse Ellis'), plus four independent corroborations of tenure - the town's Elected Officials page ('Jesse C. Ellis, Term Expires 2028', a PLAIN term, unlike the 'Unexpired Term' label on the appointed Trust Funds seats), acushnetschools.us, BoardDocs and Ballotpedia. Recorded votes=-1, the uncontested-winner schema: he defeated nobody, the seat drew no printed candidate. The other four unresolved seats (Trust Funds x2, Library Trustee, Park Commissioner) are NOT landed - their occupants are known only from a roster, which is corroboration of who took office and not a return. | WRITE-IN WINNERS LANDED 2026-08-22 (owner instruction) at the -3 sentinel (qa/STANDARD.md: write-in winner, individual count not separable; excluded from closure math, may coexist with numeric rows). Ellis corrected from -1 to -3 -- at -1 he tripped check C3, which flags an office mixing -1 with numeric votes. NO VOTE COUNT IS RECORDED for any of the five; the certified return that carries them is identified but unrecoverable (404 since the Nov 2025 Drupal->CivicEngage migration; absent from Wayback, CommonCrawl, the torn-down vendor origin and every search index tested). EVIDENCE PER SEAT: Ellis - announced pre-election write-in campaign for this seat plus four independent tenure corroborations; Francis and Wilmarth-Guerette - roster diff of the Library Trustees' own minutes (Reale present 2025-04-11, both women present 2025-05-15 and Reale never again), plain terms to 2028; Hopkins - incumbent, plain term to 2028; Lipsett and Ferreira - ROSTER ONLY AND THE WEAKEST PAIR: Lipsett's tenure is labelled 'Unexpired Term Ending 2028' though the 2025 ballot seat was a full three-year term, which is the signature of a mid-term appointment under M.G.L. c.41 s.11 rather than an election, and Acushnet demonstrably uses that mechanism (2023 and 2024 joint meetings survive in Wayback). Board of Selectmen minutes are unpublished for 2025-26, so no 2025 joint meeting can be ruled in or out. The FY2025 Annual Town Report will settle it -- Acushnet's reports print the full certified return per precinct with every write-in named and counted -- and is not yet published. NOTE ON B4: none of the five is printed on the cited source, which is the PRELIMINARY call-in sheet reading 'TBD' for all five seats; they are grounded in other documents and carry no vote count. | TRUST FUNDS REVERTED 2026-08-22, same day as landing: Tommy Lipsett and Diane Ferreira were APPOINTED, not elected, and are removed from the 2025 election record. Both Commissioner of Trust Funds races revert to candidates=[] -- no candidate on the ballot, seat not filled by election, the same documented outcome as Southampton 2025 'Failure to elect' and Conway 2025 'Remains vacant'. PROOF, counted on the town's own Elected Officials page (https://www.acushnet.ma.us/1200/Elected-Officials, retrieved 2026-08-22): 'Term Expires' appears 39 times, 'Unexpired Term Ending' appears exactly TWICE -- Ferreira 2027 and Lipsett 2028, nobody else -- and 'VACANCY' once, on the same board's third seat. Lipsett's 2025 ballot seat was a FULL three-year term to 2028; an elected full term reads 'Term Expires 2028', which is precisely what the four write-in winners who REMAIN landed all carry (Ellis, Francis, Wilmarth-Guerette, Hopkins, all 'Term Expires 2028' on that same page). The label contradicts the ballot, and the control sits inside the same document. Commissioner of Trust Funds chronically draws no candidate in this town: the 2023 return shows the seat won on 4 and 5 write-in votes, and the roster's 'VACANCY, Term Ending 2029' shows the 2026 seat drew nobody at all. Lipsett and Ferreira hold the seats -- that is a fact about tenure, sourced from a roster, and not a fact about the 2025 election.",90,Acushnet2025_d0.pdf,yes,yes,pdf_hosted,,manual-transcription,https://www.acushnet.ma.us/sites/g/files/vyhlif2721/f/uploads/4-22-2025_town_election_results_to_fax.pdf,published,official
Acushnet,2026,regular,yes,cohort-2026,https://www.acushnet.ma.us/DocumentCenter/View/4693,,,,,,,no,yes,hosted,,,,published,official
Adams,2021,regular,yes,ATR,https://www.town.adams.ma.us/sites/g/files/vyhlif141/f/uploads/2021_full_adams_town_report.pdf,https://jamesnicholsworley.github.io/civicatlasma/pdfs/Adams2021_d0.pdf,atr_crop,high,atr_cropped,90,Adams2021_d0.pdf,yes,yes,hosted,https://jamesnicholsworley.github.io/civicatlasma/markdown/Adams2021.md,pypdf,,published,official
Adams,2022,regular,yes,ATR,https://www.town.adams.ma.us/sites/g/files/vyhlif141/f/uploads/2022_adams_town_report.pdf,https://jamesnicholsworley.github.io/civicatlasma/pdfs/Adams2022_d0.pdf,atr_crop,medium,atr_cropped,90,Adams2022_d0.pdf,yes,yes,hosted,https://jamesnicholsworley.github.io/civicatlasma/markdown/Adams2022.md,pypdf,,published,official
Adams,2023,regular,yes,NEWS,https://www.iberkshires.com/story/71649/Adams-Election-Results-2023.html,https://jamesnicholsworley.github.io/civicatlasma/pdfs/Adams2023_d0.pdf,manual_sources,manual,direct_fetch,95,Adams2023_d0.pdf,yes,yes,hosted,https://jamesnicholsworley.github.io/civicatlasma/markdown/Adams2023.md,playwright+docling-2.66.0,,published,news
Adams,2024,regular,yes,NEWS,https://archives.lib.state.ma.us/items/6e64df60-f1ce-4412-8a2d-278848db62da,,manual,low,annual_missing__special_set_aside_as_SAdams20240924,70,,no,no,pdf_hosted,,,https://www.berkshireeagle.com/news/northern_berkshires/ann-bartlett-john-duval-winn-adams-select-board-seats-town-election/article_ee979984-0bf5-11ef-bce3-232180e6dc32.html,published,official
Adams,2025,regular,yes,LEO,https://www.town.adams.ma.us/town-clerk/files/05052025-unofficial-election-results,https://jamesnicholsworley.github.io/civicatlasma/pdfs/Adams2025_d0.pdf,scraper_sheet9,high,,70,Adams2025_d0.pdf,yes,yes,hosted,https://jamesnicholsworley.github.io/civicatlasma/markdown/Adams2025.md,docling-2.66.0,,published,official
Adams,2026,regular,yes,detally-upgrade,https://www.town.adams.ma.us/town-clerk/files/may-4-2026-unofficial-election-results,https://jamesnicholsworley.github.io/civicatlasma/pdfs/Adams2026_d0.pdf,,,,,,yes,yes,pdf_hosted,,,,published,official
Agawam,2021,regular,yes,LEO,https://www.agawam.ma.us/DocumentCenter/View/1711/2021-Municipal-Election-Results,https://jamesnicholsworley.github.io/civicatlasma/pdfs/Agawam2021_d0.pdf,manual_sources,manual,,95,Agawam2021_d0.pdf,yes,yes,pdf_hosted,,,,published,official
Agawam,2022,regular,no,CITY_ODD_YEAR_CYCLE,,,,,,,Agawam2022_d0.pdf,,no,no_election,,,,no_election,other
Agawam,2023,regular,yes,detally-news-tally,https://www.agawam.ma.us/Archive.aspx;https://www.agawam.ma.us/231/Election-Information;https://www.agawam.ma.us/DocumentCenter/View/3464/Town-of-Agawam-Employment-Manual,,manual,manual,,95,Agawam2023_d0.pdf,,yes,hosted,https://jamesnicholsworley.github.io/civicatlasma/markdown/Agawam2023.md,playwright+docling-2.66.0,,published,official
Agawam,2024,regular,no,CITY_ODD_YEAR_CYCLE,,,,,,,Agawam2024_d0.pdf,,no,no_election,,,,no_election,other
Agawam,2025,regular,yes,LEO,https://www.agawam.ma.us/DocumentCenter/View/3428/2025-Resuts?bidId=,,manual_city,manual,"manual | CITATION DEAD, no replacement found 2026-08-21 (404 via curl_cffi chrome; DocumentCenter id 3428 deleted; no 2025 results doc on live site); artifact is held locally | SEATS CORRECTED 2026-08-21: City Council 16->11 and School Committee 7->6. The old values were CANDIDATE counts, not seats. Proven two ways: the ballot arithmetic (Mayor total 5,088 = ballots; Council 55,968 = 5,088 x 11; School Cttee 30,528 = 5,088 x 6) and WWLP 2025-11-04, which states Agawam has an ""11-member City Council, elected entirely at-large"" and ""seven candidates ... for the six-member Agawam School Committee"". That WWLP article is a PRE-ELECTION preview published 18:13 before polls closed at 20:00 and carries NO tallies - it corroborates seat counts only. Saved as data/sources/Agawam2025_seatcount_corroboration_wwlp.html. The cited DocumentCenter id 3428 is dead with no archive capture; the artifact is held. | CORROBORATED 2026-08-21 by MassLive ""Agawam incumbents, newcomers celebrate wins on Election Day"" (https://www.masslive.com/westernmass/2025/11/agawam-incumbents-newcomer-celebrate-wins-on-election-day.html): 24 of 32 named-candidate totals match the record EXACTLY, and it independently confirms the seat fix - ""Eleven councilors were elected from a field of 16 candidates"". Turnout 21.7% per Town Clerk Vincent Gioscia. The article calls the City Council figures an ""unofficial tally"". Mayor was on the ballot UNOPPOSED (2-year cycle, corroborated by our own 2021 and 2023 Agawam mayoral races); all other names in the MAYOR race are write-ins.",100,,no,no,hosted,,pypdf,,published,official
Agawam,2026,regular,no,,,,,,"no_election: even-year row seeded from the 2024 cohort, 2026-08-19",,,,,,,,,no_election,other
Alford,2021,regular,yes,LEO,https://www.townofalford.org/sites/g/files/vyhlif6926/f/uploads/alford_historic_district_extension_preliminary_study_report_2020.pdf,https://jamesnicholsworley.github.io/civicatlasma/pdfs/Alford2021_d0.pdf,scraper_sheet9,low,,70,Alford2021_d0.pdf,yes,yes,pdf_hosted,,,,published,official
Alford,2022,regular,yes,LEO,https://www.townofalford.org/sites/g/files/vyhlif6926/f/news/election_results.pdf,,verified_yes,medium,"landed 2026-09-01 from the round-10 news-window sweep (official; town news item ""Annual Election Results"", posted 18 May 2022); artifact only, parse and gate follow",90,Alford2022_d0.pdf,no,no,published,,,,published,official
Alford,2023,regular,yes,LEO,https://www.townofalford.org/home/town-clerk/news/results-annual-town-election-may-162023,,manual_sources,manual,,95,Alford2023_d0.pdf,,yes,hosted,https://jamesnicholsworley.github.io/civicatlasma/markdown/Alford2023.md,playwright+docling-2.66.0,,published,official
Alford,2024,regular,yes,owner-supplied-2026-08-22-small_towns_ingest,https://www.townofalford.org/sites/g/files/vyhlif6926/f/news/official_results_of_the_annual_town_election_52124_0.xlsx,,manual,medium,manual_ingest,90,Alford2024_d0.pdf,yes,no,hosted,https://jamesnicholsworley.github.io/civicatlasma/markdown/Alford2024.md,pandas-xlsx,,published,official
Alford,2025,regular,yes,LEO,https://www.townofalford.org/home/town-clerk-office/files/alford-annual-town-election-results-52025,,scraper_sheet9,spraped,,70,,no,no,hosted,,docling-2.66.0,,published,official
Alford,2026,regular,yes,cohort-2026,https://news.google.com/rss/articles/CBMi1gFBVV95cUxNYlpNQzFWaFVBelhQUVJSUGJXbXlJWlhCZEhkVUNQS0xCTTFxM3hQT2NrTHd4QnNwU19McGQxdk9MR0Y3OEcxeUY2d0tfdmJTaFA0ZkI2dzNXMV9PY2ZXaDVqS3oyN1VZVWRrczNQNDM2SDhoZUx5M3UxNUxRbmNoZ3N1T3lhNEpZYkd6OENLVkVMSTRtM0lsWG1MNElFeFc5T2oyMGgwaFhVLW1vMXd1Q3pOUG9xa1Z4bGE3X3I2dlJNWjdvYU05bkVNQ3RBcE1meVRFZWxn?oc=5,,,,,,,no,no,hosted,,,,published,news
Amesbury,2021,regular,yes,LEO,https://www.amesburyma.gov/DocumentCenter/View/2115/2021-Nov-2---Amesbury-Municipal-Election-Official-PDF,https://jamesnicholsworley.github.io/civicatlasma/pdfs/Amesbury2021_d0.pdf,manual_sources,manual,,95,Amesbury2021_d0.pdf,yes,yes,hosted,https://jamesnicholsworley.github.io/civicatlasma/markdown/Amesbury2021.md,pypdf,,published,official
Amesbury,2022,regular,no,CITY_ODD_YEAR_CYCLE,,,,,,,Amesbury2022_d0.pdf,,no,no_election,,,,no_election,other
Amesbury,2023,regular,yes,LEO,https://www.amesburyma.gov/DocumentCenter/View/4262/November-7-2023-Municipal-Election-Results-Unofficial,https://jamesnicholsworley.github.io/civicatlasma/pdfs/Amesbury2023_d0.pdf,manual_sources,manual,,95,Amesbury2023_d0.pdf,yes,yes,hosted,https://jamesnicholsworley.github.io/civicatlasma/markdown/Amesbury2023.md,pypdf,,published,official
Amesbury,2024,regular,no,CITY_ODD_YEAR_CYCLE,,,,,,,Amesbury2024_d0.pdf,,no,no_election,,,,no_election,other
Amesbury,2025,regular,yes,LEO,https://www.amesburyma.gov/DocumentCenter/View/5737/2025-11-04-Municipal-Election-Results-OFFICIAL,https://jamesnicholsworley.github.io/civicatlasma/pdfs/Amesbury2025_d0.pdf,manual_city,manual,"manual | CERTIFIED UPGRADE 2026-08-21: replaced the unofficial/preliminary source with the town's official document (""November 4, 2025 Municipal Election / OFFICIAL RESULTS"" (XL). The held unofficial at-large race summed to 16,026; the official is 16,041 = 3 x 5,347 ballots. Every named candidate gained 1-3 votes and Blanks rose in every race.",100,Amesbury2025_d0.pdf,yes,yes,hosted,https://jamesnicholsworley.github.io/civicatlasma/markdown/Amesbury2025.md,pypdf,,published,official
Amesbury,2026,regular,no,,,,,,"no_election: even-year row seeded from the 2024 cohort, 2026-08-19",,,,,,,,,no_election,other
Amherst,2021,regular,yes,LEO,https://www.amherstma.gov/DocumentCenter/View/59133/11-2-21-Official-Certified-Results-post-recount,https://jamesnicholsworley.github.io/civicatlasma/pdfs/Amherst2021_d0.pdf,manual_sources,manual,,95,Amherst2021_d0.pdf,yes,yes,hosted,https://jamesnicholsworley.github.io/civicatlasma/markdown/Amherst2021.md,pypdf,,published,official
Amherst,2022,regular,no,CITY_ODD_YEAR_CYCLE,,,,,,,Amherst2022_d0.pdf,,no,no_election,,,,no_election,other
Amherst,2023,regular,yes,LEO,https://www.amherstma.gov/DocumentCenter/View/69786/Unofficial-Results---11-7-23-Town-Election,https://jamesnicholsworley.github.io/civicatlasma/pdfs/Amherst2023_d0.pdf,manual_sources,manual,,95,Amherst2023_d0.pdf,yes,yes,hosted,https://jamesnicholsworley.github.io/civicatlasma/markdown/Amherst2023.md,pypdf,,published,official
Amherst,2024,regular,no,CITY_ODD_YEAR_CYCLE,,,,,,,Amherst2024_d0.pdf,,no,no_election,,,,no_election,other
Amherst,2025,regular,yes,LEO,https://www.amherstma.gov/DocumentCenter/View/83343/November-4-2025-Town-Election-Official-Certified-Results?bidId=,https://jamesnicholsworley.github.io/civicatlasma/pdfs/Amherst2025_d0.pdf,manual_city,manual,manual,100,Amherst2025_d0.pdf,yes,yes,hosted,https://jamesnicholsworley.github.io/civicatlasma/markdown/Amherst2025.md,pypdf,,published,official
Amherst,2026,regular,no,,,,,,"no_election: even-year row seeded from the 2024 cohort, 2026-08-19",,,,,,,,,no_election,other
Andover,2021,regular,yes,LEO,https://andoverma.gov/ArchiveCenter/ViewFile/Item/1553,,manual_sources,manual,,95,,no,no,hosted,,pypdf,,published,official
Andover,2022,regular,yes,LEO,https://andoverma.gov/ArchiveCenter/ViewFile/Item/1992,https://jamesnicholsworley.github.io/civicatlasma/pdfs/Andover2022_d0.pdf,manual_sources,manual,,95,Andover2022_d0.pdf,yes,yes,hosted,https://jamesnicholsworley.github.io/civicatlasma/markdown/Andover2022.md,pypdf,,published,official
Andover,2023,regular,yes,LEO,https://andoverma.gov/ArchiveCenter/ViewFile/Item/2012,https://jamesnicholsworley.github.io/civicatlasma/pdfs/Andover2023_d0.pdf,manual_sources,manual,,95,Andover2023_d0.pdf,yes,yes,hosted,https://jamesnicholsworley.github.io/civicatlasma/markdown/Andover2023.md,pypdf,,published,official
Andover,2024,regular,yes,LEO,https://andoverma.gov/ArchiveCenter/ViewFile/Item/2193,https://jamesnicholsworley.github.io/civicatlasma/pdfs/Andover2024_d0.pdf,manual_sources,manual,,95,Andover2024_d0.pdf,yes,yes,hosted,https://jamesnicholsworley.github.io/civicatlasma/markdown/Andover2024.md,pypdf,,published,official
Andover,2025,regular,yes,LEO,https://andoverma.gov/ArchiveCenter/ViewFile/Item/2678,https://jamesnicholsworley.github.io/civicatlasma/pdfs/Andover2025_d0.pdf,manual_sources,manual,,95,Andover2025_d0.pdf,yes,yes,hosted,https://jamesnicholsworley.github.io/civicatlasma/markdown/Andover2025.md,pypdf,,published,official
Andover,2026,regular,yes,custom-search-2026,https://andoverma.gov/ArchiveCenter/ViewFile/Item/2910,,,,citation found 2026-08-23 by sha256: bytes identical to the held PDF,,,no,no,pdf_hosted,,,,published,official
Aquinnah,2021,regular,yes,NEWS,https://www.mvtimes.com/2021/06/24/murphy-wins-three-way-race-select-board/,,manual,high,YES,90,Aquinnah2021_d0.pdf,,yes,hosted,https://jamesnicholsworley.github.io/civicatlasma/markdown/Aquinnah2021.md,playwright+docling-2.66.0,,published,news
Aquinnah,2022,regular,yes,NEWS,https://vineyardgazette.com/news/2022/05/12/aquinnah-sees-large-turnout-town-election,,manual,high,,70,Aquinnah2022_d0.pdf,,yes,hosted,https://jamesnicholsworley.github.io/civicatlasma/markdown/Aquinnah2022.md,playwright+docling-2.66.0,,published,news
Aquinnah,2023,regular,yes,LEO,https://www.aquinnah-ma.gov/home/news/aquinnah-annual-town-election-results-may-11-2023,,manual_sources,manual,,95,Aquinnah2023_d0.pdf,,yes,hosted,https://jamesnicholsworley.github.io/civicatlasma/markdown/Aquinnah2023.md,playwright+docling-2.66.0,,published,official
Aquinnah,2024,regular,yes,owner-supplied-2026-08-22-small_towns_ingest,https://www.aquinnah-ma.gov/sites/g/files/vyhlif261/f/news/atm_elections_results_2024.pdf,https://jamesnicholsworley.github.io/civicatlasma/pdfs/Aquinnah2024_d0.pdf,manual,low,manual_ingest,70,Aquinnah2024_d0.pdf,yes,no,pdf_hosted,,,https://www.aquinnah-ma.gov/sites/g/files/vyhlif261/f/news/2024_state_election_unofficial_results.pdf https://jamesnicholsworley.github.io/civicatlasma/pdfs/Aquinnah2024.pdf,published,official
Aquinnah,2025,regular,yes,NEWS,https://www.aquinnah-ma.gov/sites/g/files/vyhlif261/f/news/2025_aq_election_results.jpg,,manual,high,unrecovered_landing,90,,no,no,hosted,,playwright+docling-2.66.0,,published,official
Aquinnah,2026,regular,yes,custom-search-2026,https://www.aquinnah-ma.gov/sites/g/files/vyhlif261/f/news/unofficial_ate_may_142026_election_results.pdf,,,,,,,no,no,pdf_hosted,,,,published,official
Arlington,2021,regular,yes,LEO,https://www.arlingtonma.gov/home/showpublisheddocument/55830/637536860248300000,https://jamesnicholsworley.github.io/civicatlasma/pdfs/Arlington2021_d0.pdf,manual,manual,manual_ingest,95,Arlington2021_d0.pdf,yes,yes,pdf_hosted,,,,published,official
Arlington,2022,regular,yes,LEO,https://www.arlingtonma.gov/home/showpublisheddocument/63115/638047128835530000,https://jamesnicholsworley.github.io/civicatlasma/pdfs/Arlington2022_d0.pdf,manual,manual,manual_ingest,95,Arlington2022_d0.pdf,yes,yes,pdf_hosted,,,,published,official
Arlington,2023,regular,yes,LEO,https://www.arlingtonma.gov/home/showpublisheddocument/64777/638163962648670000,https://jamesnicholsworley.github.io/civicatlasma/pdfs/Arlington2023_d0.pdf,manual,manual,manual_ingest,95,Arlington2023_d0.pdf,yes,yes,pdf_hosted,,,,published,official
Arlington,2024,regular,yes,LEO,https://www.arlingtonma.gov/home/showpublisheddocument/69574/638484306153970000,https://jamesnicholsworley.github.io/civicatlasma/pdfs/Arlington2024_d0.pdf,manual,manual,manual_ingest,95,Arlington2024_d0.pdf,yes,yes,pdf_hosted,,,,published,official
Arlington,2025,regular,yes,LEO,https://www.arlingtonma.gov/home/showpublisheddocument/73627/638797318294870000,https://jamesnicholsworley.github.io/civicatlasma/pdfs/Arlington2025_d0.pdf,manual,manual,manual_ingest,95,Arlington2025_d0.pdf,yes,yes,pdf_hosted,,,,published,official
Arlington,2026,regular,yes,custom-search-2026,https://web.archive.org/web/20260608050904/https://www.arlingtonma.gov/home/showpublisheddocument/77319/639107221930030000,,,,citation found 2026-08-23 by sha256: bytes identical to the held PDF,,,no,no,pdf_hosted,,,,published,official
Ashburnham,2021,regular,yes,LEO,https://www.ashburnham-ma.gov/DocumentCenter/View/559,,crawl,high,"ballot (read 2026-08-23): 'EARLY / ABSENTEE OFFICIAL BALLOT ANNUAL TOWN ELECTION ASHBURNHAM, APRIL 27, 2021' -- an unmarked form",90,,no,no,missing,,pypdf(recrawl),https://www.ashburnham-ma.gov/DocumentCenter/View/499/Ballot-SAMPLE-for-Town-Election-April-27-2021-PDF,published,official
Ashburnham,2022,regular,yes,LEO,https://web.archive.org/web/20220522142334id_/https://www.ashburnham-ma.gov/sites/g/files/vyhlif266/f/alerts/town_election_results_4-26-2022.pdf,,fleet:docsweep,high,"ballot (read 2026-08-23): an unmarked official ballot dated APRIL 25, 2017",90,,no,no,missing,,pdf_only(needs_ocr),https://www.ashburnham-ma.gov/DocumentCenter/View/498/Ballot-Sample-for-Town-Election-April-26-2022-PDF; https://www.ashburnham-ma.gov/DocumentCenter/View/627,published,official
Ashburnham,2023,regular,yes,LEO,https://www.ashburnham-ma.gov/sites/g/files/vyhlif266/f/news/2023_ashburnham_town_election_-_official_results.pdf,https://jamesnicholsworley.github.io/civicatlasma/pdfs/Ashburnham2023_d0.pdf,manual,high,manual_ingest,90,Ashburnham2023_d0.pdf,yes,yes,pdf_hosted,,,,published,official
Ashburnham,2024,regular,yes,LEO,https://www.ashburnham-ma.gov/DocumentCenter/View/2027/2024-Town-Election-Results,,scraper_sheet9,spraped,,70,,no,no,hosted,,docling-2.66.0,,published,official
Ashburnham,2025,regular,yes,LEO,https://www.ashburnham-ma.gov/DocumentCenter/View/2326/2025-Election-Results,https://jamesnicholsworley.github.io/civicatlasma/pdfs/Ashburnham2025_d0.pdf,scraper_sheet9,spraped,"date CORRECTED 2025-05-06 -> 2025-04-29 on 2026-08-24: CORRECTION: the record read 2025-05-06 and the town's own warrant says otherwise -- ""WARRANT - 2025 Town Election / Tuesday the 29th day of April, 2025 / at 9:00 a.m. until 8:00 p.m."" (a scan, read at",70,Ashburnham2025_d0.pdf,yes,yes,hosted,https://jamesnicholsworley.github.io/civicatlasma/markdown/Ashburnham2025.md,docling-2.66.0,,published,official
Ashburnham,2026,regular,yes,custom-search,https://ashburnham-ma.gov/DocumentCenter/View/2718/Official-Election-Results-2026,,harvest-lead:sha256,,citation_proven_against_held_pdf,,,no,no,pdf_hosted,,,,published,official
Ashby,2021,regular,yes,ATR,https://drive.google.com/uc?export=download&id=1DUlVVGaRnzPpp3_KX17Bn6P_gvfs2zq0,https://jamesnicholsworley.github.io/civicatlasma/pdfs/Ashby2021_d0.pdf,dive_atr,high,atr_cropped,90,Ashby2021_d0.pdf,yes,yes,pdf_hosted,,,,published,official
Ashby,2022,regular,yes,ATR,https://drive.google.com/uc?export=download&id=17Fdp0LJbSLHJ7LOtSzAOUV0y2Rd-rHcC,https://jamesnicholsworley.github.io/civicatlasma/pdfs/Ashby2022_d0.pdf,dive_atr,high,atr_cropped,90,Ashby2022_d0.pdf,yes,yes,pdf_hosted,,,,published,official
Ashby,2023,regular,yes,ATR,https://drive.google.com/uc?export=download&id=1YRzQb19zslqov98vFBRoHiBmDaEP5ncP,https://jamesnicholsworley.github.io/civicatlasma/pdfs/Ashby2023_d0.pdf,dive_atr,manual,atr_cropped,95,Ashby2023_d0.pdf,yes,yes,pdf_hosted,,,,published,official
Ashby,2024,regular,yes,LEO,https://archives.lib.state.ma.us/server/api/core/bitstreams/8eb542bc-63af-4644-abe2-c634221df2ec/content,,collect-page,high,"REPOINTED 2026-09-03: The record was the 2026 election. Ashby 2024 cited `ci.ashby.ma.us/2024/04/23/unofficial-results-annual-town-election/` -- a permalink with 2024 in its path -- and that URL now serves `Unofficial Results of the Annual Town Election, April 27, 2026`, because the town runs WordPress and the 2026 post reused the slug. The 2024 post is gone; a site search returns only the June 2024 special and the November 2024 state election. Replaced from the town's own Annual Report for 2024 (State Library), pp. 107-109, which prints RESULTS OF ANNUAL TOWN ELECTION April 22, 2024 -- note the 22nd, not the 23rd the record carried. Every contest closes on the 230 ballots the clerk records at the close of the polls, and Library Trustee on 690, which is three seats. The one exception is Finance Committee 1YR, where the report prints `Blanks 459` against its own `Total Ballots Cast 230`: 459 is the line above repeated, and 1 write-in plus 229 blanks is the 230 the same block states.",90,Ashby2024_d0.pdf,no,yes,hosted,https://jamesnicholsworley.github.io/civicatlasma/markdown/Ashby2024.md,trafilatura,https://ci.ashby.ma.us/2024/04/23/unofficial-results-annual-town-election/,published,official
Ashby,2025,regular,yes,NEWS,https://ashby-ma-us.blogspot.com/2025/04/unofficial-results-of-annual-town.html,,manual,high,runner_fetch2,90,Ashby2025_d0.pdf,no,yes,hosted,https://jamesnicholsworley.github.io/civicatlasma/markdown/Ashby2025.md,docling-html,,published,news
Ashby,2026,regular,yes,cohort-2026,https://ci.ashby.ma.us/2026/04/28/unofficial-results-annual-town-election/,,,,,,,no,yes,hosted,,,,published,official
Ashfield,2021,regular,yes,NEWS,https://recorder.com/2021/06/08/incumbent-keeps-school-committee-seat-debt-exclusions-approved-in-ashfield-election-40825254/,https://jamesnicholsworley.github.io/civicatlasma/pdfs/Ashfield2021_d0.pdf,manual,medium,ocr_triage:wrong_doc,70,Ashfield2021_d0.pdf,yes,yes,hosted,,,,published,news
Ashfield,2022,regular,yes,owner-supplied-2026-08-23-small_towns_ingest_3,https://ashfield.org/DocumentCenter/View/8209/Results-Local-Election-20220507,https://jamesnicholsworley.github.io/civicatlasma/pdfs/Ashfield2022_d0.pdf,manual,low,manual_ingest,70,Ashfield2022_d0.pdf,yes,no,pdf_hosted,,,https://ashfield.org/DocumentCenter/View/3860/Annual-Town-Report---2017-PDF https://jamesnicholsworley.github.io/civicatlasma/pdfs/Ashfield2022.pdf,published,other
Ashfield,2023,regular,yes,LEO,https://www.ashfield.org/DocumentCenter/View/9161/Local-election-results-20230506,https://jamesnicholsworley.github.io/civicatlasma/pdfs/Ashfield2023_d0.pdf,manual_sources,manual,,95,Ashfield2023_d0.pdf,yes,yes,hosted,https://jamesnicholsworley.github.io/civicatlasma/markdown/Ashfield2023.md,pypdf,,published,other
Ashfield,2024,regular,yes,LEO,https://ashfield.org/DocumentCenter/View/10043/Ashfield-Town-Election-Results---May-4-2024,https://jamesnicholsworley.github.io/civicatlasma/pdfs/Ashfield2024_d0.pdf,verified_yes,high,YES,90,Ashfield2024_d0.pdf,yes,yes,hosted,https://jamesnicholsworley.github.io/civicatlasma/markdown/Ashfield2024.md,pypdf,,published,other
Ashfield,2025,regular,yes,LEO,https://ashfield.org/DocumentCenter/View/11014/Ashfield-May-3-2025-Election-results,https://jamesnicholsworley.github.io/civicatlasma/pdfs/Ashfield2025_d0.pdf,verified_yes,high,YES,90,Ashfield2025_d0.pdf,yes,yes,hosted,https://jamesnicholsworley.github.io/civicatlasma/markdown/Ashfield2025.md,pypdf,,published,other
Ashfield,2026,regular,yes,catalog,https://ashfield.org/DocumentCenter/View/12132,https://jamesnicholsworley.github.io/civicatlasma/pdfs/Ashfield2026_d0.pdf,manual,,manual_ingest,,Ashfield2026_d0.pdf,yes,no,pdf_hosted,,,,published,
Ashland,2021,regular,yes,LEO,https://www.ashlandmass.com/DocumentCenter/View/7891/Certified-Election-Results-May-18-2021-Annual-Town-Election,https://jamesnicholsworley.github.io/civicatlasma/pdfs/Ashland2021_d0.pdf,manual_sources,manual,,95,Ashland2021_d0.pdf,yes,yes,hosted,https://jamesnicholsworley.github.io/civicatlasma/markdown/Ashland2021.md,docling-2.66.0,,published,other
Ashland,2022,regular,yes,LEO,https://www.ashlandmass.com/DocumentCenter/View/9931/OFFICIAL-RESULTS-FOR-MAY-17-2022-ATE-ctl,https://jamesnicholsworley.github.io/civicatlasma/pdfs/Ashland2022_d0.pdf,manual_sources,manual,,95,Ashland2022_d0.pdf,yes,yes,hosted,https://jamesnicholsworley.github.io/civicatlasma/markdown/Ashland2022.md,pypdf,,published,other
Ashland,2023,regular,yes,LEO,https://www.ashlandmass.com/DocumentCenter/View/11941/UNOFFICIAL-RESULTS-FOR-MAY-16-2023-ATExlsx,https://jamesnicholsworley.github.io/civicatlasma/pdfs/Ashland2023_d0.pdf,manual_sources,manual,,95,Ashland2023_d0.pdf,yes,yes,hosted,https://jamesnicholsworley.github.io/civicatlasma/markdown/Ashland2023.md,pypdf,,published,other
Ashland,2024,regular,yes,LEO,https://www.ashlandmass.com/DocumentCenter/View/13901/Official-Results-for-May-21-2024-Annual-Town-Election,https://jamesnicholsworley.github.io/civicatlasma/pdfs/Ashland2024_d0.pdf,manual_sources,manual,,95,Ashland2024_d0.pdf,yes,yes,hosted,https://jamesnicholsworley.github.io/civicatlasma/markdown/Ashland2024.md,pypdf,,published,other
Ashland,2025,regular,yes,LEO,https://www.ashlandmass.com/DocumentCenter/View/15235/Official-Results-for-May-20-2025-Annual-Town-Election,https://jamesnicholsworley.github.io/civicatlasma/pdfs/Ashland2025_d0.pdf,manual_sources,manual,,95,Ashland2025_d0.pdf,yes,yes,hosted,https://jamesnicholsworley.github.io/civicatlasma/markdown/Ashland2025.md,pypdf,,published,other
Ashland,2026,regular,yes,custom-search,https://www.ashlandmass.com/DocumentCenter/View/16685,,fleet:docsweep,,citation_from_fetched_return,,,no,no,pdf_hosted,,,,published,official
Athol,2021,regular,yes,LEO,https://www.athol-ma.gov/sites/g/files/vyhlif2741/f/news/athol_election_results_4-5-2021_0.pdf,https://jamesnicholsworley.github.io/civicatlasma/pdfs/Athol2021_d0.pdf,manual,medium,manual_ingest,70,Athol2021_d0.pdf,yes,yes,pdf_hosted,,,,published,official
Athol,2022,regular,yes,LEO,https://web.archive.org/web/20220405014741id_/https://www.athol-ma.gov/sites/g/files/vyhlif2741/f/news/athol_election_results_4-4-2022.pdf,,collect-web,medium,duplicate:file declares Royalston,70,Athol2022_d0.pdf,no,no,missing,,pypdf,https://gardnermagazine.com/wp-content/uploads/2022/05/RoyalstonMA-electionresults-040422.pdf https://jamesnicholsworley.github.io/civicatlasma/pdfs/Athol2022.pdf,published,official
Athol,2023,regular,yes,NEWS,https://www.atholdailynews.com/Town-Elections-in-Athol-Royalston-50495540,,manual_sources,manual,wayback_render,95,Athol2023_d0.pdf,no,yes,hosted,https://jamesnicholsworley.github.io/civicatlasma/markdown/Athol2023.md,wayback+docling-2.66.0,,published,news
Athol,2024,regular,yes,LEO,https://web.archive.org/web/20240406084119id_/https://www.athol-ma.gov/sites/g/files/vyhlif2741/f/news/athol_election_results_4-1-2024.pdf,,manual,high,ocr_triage:wrong_doc,90,,no,no,published,,,https://www.athol-ma.gov/home/files/unofficial-results-town-of-athol-november-5-2024-state-election,published,official
Athol,2025,regular,yes,LEO,https://web.archive.org/web/20250430234421id_/https://www.athol-ma.gov/sites/g/files/vyhlif2741/f/uploads/athol_election_results_4-7-2025.pdf,https://jamesnicholsworley.github.io/civicatlasma/pdfs/Athol2025_d0.pdf,manual,high,manual_ingest | CITATION REPAIRED 2026-08-21 (Wayback capture cited): 200 via curl_cffi chrome; PDF p1 reads ANNUAL TOWN ELECTION RESULTS TOWN OF ATHOL APRIL 7 2025,70,Athol2025_d0.pdf,yes,yes,pdf_hosted,,,,published,official
Athol,2026,regular,yes,custom-search,https://franklincountynow.com/news/216612-athol-voters-soundly-defeat-overrides-raymond-blake-elected-to-selectboard/,,,,"citation found 2026-08-23 by overlap: 98% of the held reading's words and 100% of its 7 tallies are on this page, and 25% of the page is in the reading",,,no,no,hosted,,,,published,news
Attleboro,2021,regular,yes,LEO,https://www.wpri.com/wp-content/uploads/sites/23/2021/11/Attleboro-Municipal-Election-11-2-2021-Unofficial-Results.pdf,https://jamesnicholsworley.github.io/civicatlasma/pdfs/Attleboro2021_d0.pdf,manual_sources,manual,,95,Attleboro2021_d0.pdf,yes,yes,hosted,https://jamesnicholsworley.github.io/civicatlasma/markdown/Attleboro2021.md,docling-2.66.0,,published,other
Attleboro,2022,regular,no,CITY_ODD_YEAR_CYCLE,,,,,,,Attleboro2022_d0.pdf,,no,no_election,,,,no_election,other
Attleboro,2023,regular,yes,LEO,https://www.cityofattleboro.us/DocumentCenter/View/8671/All-Wards-Unofficial-Results,https://jamesnicholsworley.github.io/civicatlasma/pdfs/Attleboro2023_d0.pdf,manual_sources,manual,,95,Attleboro2023_d0.pdf,yes,yes,hosted,https://jamesnicholsworley.github.io/civicatlasma/markdown/Attleboro2023.md,docling-2.66.0,,published,official
Attleboro,2024,regular,no,CITY_ODD_YEAR_CYCLE,,,,,,,Attleboro2024_d0.pdf,,no,no_election,,,,no_election,other
Attleboro,2025,regular,yes,LEO,https://cityofattleboro.us/DocumentCenter/View/13416/Unofficial-Results-20251104-Municipal-Election,https://jamesnicholsworley.github.io/civicatlasma/pdfs/Attleboro2025_d0.pdf,manual_city,manual,manual,100,Attleboro2025_d0.pdf,yes,yes,hosted,https://jamesnicholsworley.github.io/civicatlasma/markdown/Attleboro2025.md,docling-2.66.0,,published,official
Attleboro,2026,regular,no,,,,,,"no_election: even-year row seeded from the 2024 cohort, 2026-08-19",,,,,,,,,no_election,other
Auburn,2021,regular,yes,LEO,https://www.auburnma.gov/ArchiveCenter/ViewFile/Item/1499,https://jamesnicholsworley.github.io/civicatlasma/pdfs/Auburn2021_d0.pdf,manual_sources,manual,,95,Auburn2021_d0.pdf,yes,yes,hosted,https://jamesnicholsworley.github.io/civicatlasma/markdown/Auburn2021.md,pypdf,,published,official
Auburn,2022,regular,yes,LEO,https://www.auburnma.gov/ArchiveCenter/ViewFile/Item/1528,https://jamesnicholsworley.github.io/civicatlasma/pdfs/Auburn2022_d0.pdf,manual_sources,manual,,95,Auburn2022_d0.pdf,yes,yes,hosted,https://jamesnicholsworley.github.io/civicatlasma/markdown/Auburn2022.md,pypdf,,published,official
Auburn,2023,regular,yes,LEO,https://www.auburnma.gov/Archive.aspx?ADID=1775,https://jamesnicholsworley.github.io/civicatlasma/pdfs/Auburn2023_d0.pdf,crawl,manual,auto_resourced,95,Auburn2023_d0.pdf,yes,yes,hosted,https://jamesnicholsworley.github.io/civicatlasma/markdown/Auburn2023.md,pypdf,,published,official
Auburn,2024,regular,yes,LEO,https://www.pakachoaggolfcourse.com/DocumentCenter/View/14358/UNOFFICIAL-election-Results-May-21-2024-PDF,https://jamesnicholsworley.github.io/civicatlasma/pdfs/Auburn2024_d0.pdf,manual_sources,manual,,95,Auburn2024_d0.pdf,yes,yes,hosted,https://jamesnicholsworley.github.io/civicatlasma/markdown/Auburn2024.md,docling-2.66.0,,published,other
Auburn,2025,regular,yes,LEO,https://www.auburnma.gov/Archive.aspx?ADID=1780,https://jamesnicholsworley.github.io/civicatlasma/pdfs/Auburn2025_d0.pdf,crawl,manual,crawl_verified,95,Auburn2025_d0.pdf,yes,yes,hosted,https://jamesnicholsworley.github.io/civicatlasma/markdown/Auburn2025.md,pypdf(recrawl),,published,official
Auburn,2026,regular,yes,cohort-2026,https://auburnma.gov/DocumentCenter/View/20023/May-19-2026-Official-Election-Results,,,,,,,no,yes,hosted,,,,published,official
Avon,2021,regular,yes,LEO,https://www.avon-ma.gov/DocumentCenter/View/3028/April-13-2021-Local-Election,https://jamesnicholsworley.github.io/civicatlasma/pdfs/Avon2021_d0.pdf,crawl,high,crawl_verified,90,Avon2021_d0.pdf,yes,yes,hosted,,pdf_only(needs_ocr),,published,official
Avon,2022,regular,yes,LEO,https://www.avon-ma.gov/DocumentCenter/View/3022/April-12-2022-Local-Election,https://jamesnicholsworley.github.io/civicatlasma/pdfs/Avon2022_d0.pdf,crawl,high,crawl_verified,70,Avon2022_d0.pdf,yes,yes,hosted,https://jamesnicholsworley.github.io/civicatlasma/markdown/Avon2022.md,pypdf(recrawl),,published,official
Avon,2023,regular,yes,LEO,https://www.avon-ma.gov/sites/g/files/vyhlif271/f/uploads/april_11_2023_results_final.pdf,https://jamesnicholsworley.github.io/civicatlasma/pdfs/Avon2023_d0.pdf,manual_sources,manual,,95,Avon2023_d0.pdf,yes,yes,hosted,https://jamesnicholsworley.github.io/civicatlasma/markdown/Avon2023.md,pypdf,,published,official
Avon,2024,regular,yes,LEO,https://www.avon-ma.gov/DocumentCenter/View/3016/April-9-2024-Local-Election,https://jamesnicholsworley.github.io/civicatlasma/pdfs/Avon2024_d0.pdf,crawl,high,crawl_verified,90,Avon2024_d0.pdf,yes,yes,hosted,https://jamesnicholsworley.github.io/civicatlasma/markdown/Avon2024.md,pypdf(recrawl),,published,official
Avon,2025,regular,yes,LEO,https://www.avon-ma.gov/DocumentCenter/View/3014/April-8-2025-Local-Election,https://jamesnicholsworley.github.io/civicatlasma/pdfs/Avon2025_d0.pdf,crawl,high,crawl_verified,90,Avon2025_d0.pdf,yes,yes,hosted,https://jamesnicholsworley.github.io/civicatlasma/markdown/Avon2025.md,pypdf(recrawl),,published,official
Avon,2026,regular,yes,custom-search,https://www.avon-ma.gov/DocumentCenter/View/7711/April-14-2026-Local-Election,,custom-search:recovered,,citation_recovered_by_rerunning_the_search_that_found_it; document text matches the held copy,,,no,no,pdf_hosted,,,,published,official
Ayer,2021,regular,yes,LEO,https://web.archive.org/web/20210512020521id_/https://www.ayer.ma.us/about-ayer/news/election-results-may-11-2021,,manual,high,"wrongyear:document dated 2013-04-30, no_row",90,Ayer2021_d0.pdf,no,no,missing,,,https://www.ayer.ma.us/sites/g/files/vyhlif2756/f/uploads/annual_town_report_2024.pdf https://jamesnicholsworley.github.io/civicatlasma/pdfs/Ayer2021.pdf,published,official
Ayer,2022,regular,yes,ATR,https://www.ayer.ma.us/sites/g/files/vyhlif2756/f/uploads/2022_annual_report_digital.pdf,,atr_crop,high,atr_cropped,90,,no,no,hosted,,pypdf,,published,official
Ayer,2023,regular,yes,LEO,https://www.ayer.ma.us/192/Election-Results,,exa,manual,auto_resourced,95,Ayer2023_d0.pdf,,yes,hosted,https://jamesnicholsworley.github.io/civicatlasma/markdown/Ayer2023.md,playwright+docling-2.66.0,,published,official
Ayer,2024,regular,yes,LEO,https://www.ayer.ma.us/DocumentCenter/View/465/Annual-Election---Offical-Election-Results-May-14-2024-PDF,https://jamesnicholsworley.github.io/civicatlasma/pdfs/Ayer2024_d0.pdf,crawl,high,crawl_verified,90,Ayer2024_d0.pdf,yes,yes,hosted,https://jamesnicholsworley.github.io/civicatlasma/markdown/Ayer2024.md,pypdf(recrawl),,published,official
Ayer,2025,regular,yes,LEO,https://www.ayer.ma.us/DocumentCenter/View/400/Annual-Official-Town-Election-Tally-Sheet-05132025-PDF,https://jamesnicholsworley.github.io/civicatlasma/pdfs/Ayer2025_d0.pdf,crawl,high,"auto_resourced | CERTIFIED UPGRADE 2026-08-21: replaced the unofficial/preliminary source with the town's official document (""Town of Ayer Official Election Results / Annual Town Electi). The official names the write-in winner (Joshua Beausoleil 5) where the held record had an undifferentiated Others 40, which appears nowhere in the official sheet. Library Trustee Blanks 163 -> 198.",90,Ayer2025_d0.pdf,yes,yes,hosted,https://jamesnicholsworley.github.io/civicatlasma/markdown/Ayer2025.md,pypdf,,published,official
Ayer,2026,regular,yes,cohort-2026,https://www.ayer.ma.us/DocumentCenter/View/14258/Annual-Town-Election-Official-Results-05122026,,,,,,,no,yes,hosted,,,,published,official
Barnstable,2021,regular,yes,LEO,https://town.barnstable.ma.us/Departments/TownClerk/Results/Unofficial_TownBarnstable2021ElectionResults.pdf,https://jamesnicholsworley.github.io/civicatlasma/pdfs/Barnstable2021_d0.pdf,manual_sources,manual,,95,Barnstable2021_d0.pdf,yes,yes,hosted,https://jamesnicholsworley.github.io/civicatlasma/markdown/Barnstable2021.md,docling-2.66.0,,published,official
Barnstable,2022,regular,no,CITY_ODD_YEAR_CYCLE,,,,,,,Barnstable2022_d0.pdf,,no,no_election,,,,no_election,other
Barnstable,2023,regular,yes,LEO,https://town.barnstable.ma.us/Departments/TownClerk/Results/110723/Town%20of%20Barnstable%20Official%20Election%20Results%20NOV%202023.pdf,https://jamesnicholsworley.github.io/civicatlasma/pdfs/Barnstable2023_d0.pdf,manual_sources,manual,,95,Barnstable2023_d0.pdf,yes,yes,hosted,https://jamesnicholsworley.github.io/civicatlasma/markdown/Barnstable2023.md,pypdf,,published,official
Barnstable,2024,regular,no,CITY_ODD_YEAR_CYCLE,,,,,,,Barnstable2024_d0.pdf,,no,no_election,,,,no_election,other
Barnstable,2025,regular,yes,LEO,https://tobweb.town.barnstable.ma.us/ElectionResults/OFFICIAL%20Results%20Municipal%20Election%20November%204%202025.pdf,https://jamesnicholsworley.github.io/civicatlasma/pdfs/Barnstable2025_d0.pdf,manual_city,manual,manual,100,Barnstable2025_d0.pdf,yes,yes,hosted,https://jamesnicholsworley.github.io/civicatlasma/markdown/Barnstable2025.md,pypdf,,published,official
Barnstable,2026,regular,no,,,,,,"no_election: even-year row seeded from the 2024 cohort, 2026-08-19",,,,,,,,,no_election,other
Barre,2021,regular,yes,LEO,https://www.townofbarre.com/vertical/sites/%7BBE114F1B-906E-45B0-8413-50FFE8B51C22%7D/uploads/2021-ATE-April_5th_Results.pdf,https://jamesnicholsworley.github.io/civicatlasma/pdfs/Barre2021_d0.pdf,verified_yes,scraped,YES,90,Barre2021_d0.pdf,yes,yes,hosted,https://jamesnicholsworley.github.io/civicatlasma/markdown/Barre2021.md,pypdf,,published,official
Barre,2022,regular,yes,LEO,https://www.townofbarre.com/vertical/sites/%7BBE114F1B-906E-45B0-8413-50FFE8B51C22%7D/uploads/2022-ATE-April_4th_Results-PDF(1).pdf,https://jamesnicholsworley.github.io/civicatlasma/pdfs/Barre2022_d0.pdf,verified_yes,scraped,YES,90,Barre2022_d0.pdf,yes,yes,hosted,https://jamesnicholsworley.github.io/civicatlasma/markdown/Barre2022.md,pypdf,,published,official
Barre,2023,regular,yes,LEO,https://townofbarre.com/vertical/Sites/%7BBE114F1B-906E-45B0-8413-50FFE8B51C22%7D/uploads/2023-ATE-April_3rd_unofficial-Results-pdf.pdf,https://jamesnicholsworley.github.io/civicatlasma/pdfs/Barre2023_d0.pdf,manual,manual,manual_ingest,95,Barre2023_d0.pdf,yes,yes,pdf_hosted,,,,published,official
Barre,2024,regular,yes,LEO,https://www.townofbarre.com/vertical/sites/%7BBE114F1B-906E-45B0-8413-50FFE8B51C22%7D/uploads/16-2024-11-5-Pres-Election-Results.pdf,https://jamesnicholsworley.github.io/civicatlasma/pdfs/Barre2024_d0.pdf,manual,high,runner_fetch2,90,Barre2024_d0.pdf,yes,yes,pdf_hosted,,,,published,official
Barre,2025,regular,yes,LEO,https://www.townofbarre.com/vertical/Sites/%7BBE114F1B-906E-45B0-8413-50FFE8B51C22%7D/uploads/unofficial-2025-8-5-Special_Town_Override_Election_-Results.pdf,https://jamesnicholsworley.github.io/civicatlasma/pdfs/Barre2025_d0.pdf,manual,high,runner_fetch2,90,Barre2025_d0.pdf,yes,yes,pdf_hosted,,,,published,official
Barre,2026,regular,yes,custom-search,https://www.townofbarre.com/vertical/sites/%7BBE114F1B-906E-45B0-8413-50FFE8B51C22%7D/uploads/2026-ATE-4-6-Results-8x11-pdf.pdf,,harvest-lead:sha256,,citation_proven_against_held_pdf,,,no,no,pdf_hosted,,,,published,official
Becket,2021,regular,yes,ATR,https://www.townofbecket.org/sites/g/files/vyhlif4146/f/uploads/becket_2020_town_report_for_web.pdf,https://jamesnicholsworley.github.io/civicatlasma/pdfs/Becket2021_d0.pdf,dive_atr,medium,atr_cropped,90,Becket2021_d0.pdf,yes,yes,pdf_hosted,,,,published,official
Becket,2022,regular,yes,LEO,https://www.townofbecket.org/town-clerk/files/annual-town-election-results-may-21-2022,https://jamesnicholsworley.github.io/civicatlasma/pdfs/Becket2022_d0.pdf,scraper_sheet9,spraped,,70,Becket2022_d0.pdf,yes,yes,hosted,https://jamesnicholsworley.github.io/civicatlasma/markdown/Becket2022.md,docling-2.66.0,,published,official
Becket,2023,regular,yes,LEO,https://www.townofbecket.org/sites/g/files/vyhlif4146/f/uploads/2023_atm_election_minutes.pdf,,manual_sources,manual,,95,,no,no,hosted,,pypdf,,published,official
Becket,2024,regular,yes,LEO,https://archives.lib.state.ma.us/items/fa96cf02-a422-4585-908b-a6d5caad87e5,,harvest-lead:sha256,medium,"ballot (read 2026-08-23): 'EARLY / ABSENTEE OFFICIAL BALLOT ... BECKET, MAY 18, 2024' -- unmarked",90,,no,no,missing,,pdf_only(needs_ocr),https://www.townofbecket.org/town-clerk/files/2024-annual-town-election-official-ballot; https://www.townofbecket.org/sites/g/files/vyhlif4146/f/uploads/2024_annual_town_election_ballot.pdf,published,official
Becket,2025,regular,yes,LEO,https://www.townofbecket.org/town-clerk/files/2025-annual-town-election-results,https://jamesnicholsworley.github.io/civicatlasma/pdfs/Becket2025_d0.pdf,manual,medium,manual_ingest,70,Becket2025_d0.pdf,yes,yes,pdf_hosted,,,,published,official
Becket,2026,regular,yes,custom-search-2026,https://www.townofbecket.org/town-clerk/files/2026-annual-town-election-results,,,,,,,no,no,pdf_hosted,,,,published,official
Bedford,2021,regular,yes,NEWS,https://thebedfordcitizen.org/2021/03/preliminary-town-election-results-march-13-2021/,,manual_sources,manual,,95,Bedford2021_d0.pdf,,yes,hosted,https://jamesnicholsworley.github.io/civicatlasma/markdown/Bedford2021.md,playwright+docling-2.66.0,,published,news
Bedford,2022,regular,yes,LEO,https://bedfordnh.org/DocumentCenter/View/5680/2022-TOWN-RESULTS,,collect-web,manual,"wrong state -- the document's heading reads 'BEDFORD, NEW HAMPSHIRE, MARCH 8, 2022' and it elects a Supervisor of the Checklist, an office Massachusetts does not have",95,Bedford2022_d0.pdf,no,no,discarded_wrong_state,https://jamesnicholsworley.github.io/civicatlasma/markdown/Bedford2022.md,pypdf,https://bedfordnh.org/DocumentCenter/View/5680/2022-TOWN-RESULTS,published,other
Bedford,2023,regular,yes,LEO,https://www.bedfordma.gov/DocumentCenter/View/2310/March-11-2023-Annual-Town-Election-Results,https://jamesnicholsworley.github.io/civicatlasma/pdfs/Bedford2023_d0.pdf,manual_sources,manual,,95,Bedford2023_d0.pdf,yes,yes,hosted,https://jamesnicholsworley.github.io/civicatlasma/markdown/Bedford2023.md,pypdf,,published,official
Bedford,2024,regular,yes,LEO,https://www.bedfordma.gov/DocumentCenter/View/3709/March-9-2024-Annual-Town-Election-Results-,https://jamesnicholsworley.github.io/civicatlasma/pdfs/Bedford2024_d0.pdf,manual_sources,manual,,95,Bedford2024_d0.pdf,yes,yes,hosted,https://jamesnicholsworley.github.io/civicatlasma/markdown/Bedford2024.md,pypdf,,published,official
Bedford,2025,regular,yes,LEO,https://www.bedfordma.gov/DocumentCenter/View/5132/March-8-2025-Annual-Town-Meeting-Results-PDF,https://jamesnicholsworley.github.io/civicatlasma/pdfs/Bedford2025_d0.pdf,manual_sources,manual,,95,Bedford2025_d0.pdf,yes,yes,hosted,https://jamesnicholsworley.github.io/civicatlasma/markdown/Bedford2025.md,pypdf,,published,official
Bedford,2026,regular,yes,cohort-2026,https://bedfordma.gov/DocumentCenter/View/6222/March-14-2026-Annual-Town-Election-Results,,,,,,,no,yes,hosted,,,,published,official
Belchertown,2021,regular,yes,LEO,https://www.belchertown.org/ArchiveCenter/ViewFile/Item/197,https://jamesnicholsworley.github.io/civicatlasma/pdfs/Belchertown2021_d0.pdf,manual_sources,manual,,95,Belchertown2021_d0.pdf,yes,yes,hosted,https://jamesnicholsworley.github.io/civicatlasma/markdown/Belchertown2021.md,pypdf,,published,other
Belchertown,2022,regular,yes,LEO,https://www.belchertown.org/ArchiveCenter/ViewFile/Item/198,https://jamesnicholsworley.github.io/civicatlasma/pdfs/Belchertown2022_d0.pdf,manual_sources,manual,,95,Belchertown2022_d0.pdf,yes,yes,hosted,https://jamesnicholsworley.github.io/civicatlasma/markdown/Belchertown2022.md,pypdf,,published,other
Belchertown,2023,regular,yes,LEO,https://www.belchertown.org/Archive.aspx?ADID=189,https://jamesnicholsworley.github.io/civicatlasma/pdfs/Belchertown2023_d0.pdf,crawl,manual,crawl_verified,95,Belchertown2023_d0.pdf,yes,yes,hosted,https://jamesnicholsworley.github.io/civicatlasma/markdown/Belchertown2023.md,pypdf(recrawl),,published,other
Belchertown,2024,regular,yes,LEO,https://www.belchertown.org/ArchiveCenter/ViewFile/Item/441,https://jamesnicholsworley.github.io/civicatlasma/pdfs/Belchertown2024_d0.pdf,manual_sources,manual,,95,Belchertown2024_d0.pdf,yes,yes,hosted,https://jamesnicholsworley.github.io/civicatlasma/markdown/Belchertown2024.md,pypdf,,published,other
Belchertown,2025,regular,yes,LEO,https://www.belchertown.org/ArchiveCenter/ViewFile/Item/505,https://jamesnicholsworley.github.io/civicatlasma/pdfs/Belchertown2025_d0.pdf,manual_sources,manual,,95,Belchertown2025_d0.pdf,yes,yes,hosted,https://jamesnicholsworley.github.io/civicatlasma/markdown/Belchertown2025.md,pypdf,,published,other
Belchertown,2026,regular,yes,custom-search-2026,https://www.belchertown.org/DocumentCenter/View/10769,,,,,,,no,no,pdf_hosted,,,,published,official
Bellingham,2021,regular,yes,LEO,https://www.bellinghamma.org/DocumentCenter/View/407/2021-Annual-Town-Election-PDF,https://jamesnicholsworley.github.io/civicatlasma/pdfs/Bellingham2021_d0.pdf,manual_sources,manual,,95,Bellingham2021_d0.pdf,yes,yes,hosted,https://jamesnicholsworley.github.io/civicatlasma/markdown/Bellingham2021.md,docling-2.66.0,,published,official
Bellingham,2022,regular,yes,LEO,https://www.bellinghamma.org/DocumentCenter/View/408/2022-Annual-Town-Election-PDF,https://jamesnicholsworley.github.io/civicatlasma/pdfs/Bellingham2022_d0.pdf,manual_sources,manual,,95,Bellingham2022_d0.pdf,yes,yes,hosted,https://jamesnicholsworley.github.io/civicatlasma/markdown/Bellingham2022.md,docling-2.66.0,,published,official
Bellingham,2023,regular,yes,LEO,https://www.bellinghamma.org/sites/g/files/vyhlif2796/f/uploads/ate05022023results_0.pdf,https://jamesnicholsworley.github.io/civicatlasma/pdfs/Bellingham2023_d0.pdf,manual_sources,manual,,95,Bellingham2023_d0.pdf,yes,yes,hosted,https://jamesnicholsworley.github.io/civicatlasma/markdown/Bellingham2023.md,pypdf,,published,official
Bellingham,2024,regular,yes,LEO,https://www.bellinghamma.org/DocumentCenter/View/1578/2024-Annual-Town-Election-PDF,https://jamesnicholsworley.github.io/civicatlasma/pdfs/Bellingham2024_d0.pdf,manual_sources,manual,,95,Bellingham2024_d0.pdf,yes,yes,hosted,https://jamesnicholsworley.github.io/civicatlasma/markdown/Bellingham2024.md,pypdf,,published,official
Bellingham,2025,regular,yes,LEO,https://www.bellinghamma.org/DocumentCenter/View/3617/2025-Annual-Town-Election-PDF,https://jamesnicholsworley.github.io/civicatlasma/pdfs/Bellingham2025_d0.pdf,manual_sources,manual,,95,Bellingham2025_d0.pdf,yes,yes,hosted,https://jamesnicholsworley.github.io/civicatlasma/markdown/Bellingham2025.md,docling-2.66.0,,published,official
Bellingham,2026,regular,yes,custom-search-2026,https://www.bellinghamma.org/DocumentCenter/View/7446/2026-Annual-Town-Election-PDF,,,,,,,no,no,pdf_hosted,,,,published,official
Belmont,2021,regular,yes,LEO,https://www.belmont-ma.gov/DocumentCenter/View/1523/April-6-2021-Local-Election-Results-Official-PDF,https://jamesnicholsworley.github.io/civicatlasma/pdfs/Belmont2021_d0.pdf,manual,manual,manual_ingest,95,Belmont2021_d0.pdf,yes,yes,pdf_hosted,,,,published,official
Belmont,2022,regular,yes,LEO,https://www.belmont-ma.gov/DocumentCenter/View/1524/April-5-2022-Local-Election-Results-Official-PDF,https://jamesnicholsworley.github.io/civicatlasma/pdfs/Belmont2022_d0.pdf,manual_sources,manual,,95,Belmont2022_d0.pdf,yes,yes,hosted,https://jamesnicholsworley.github.io/civicatlasma/markdown/Belmont2022.md,pypdf,,published,official
Belmont,2023,regular,yes,LEO,https://www.belmont-ma.gov/DocumentCenter/View/1527/April-4-2023-Local-Election-Results-Official-PDF,https://jamesnicholsworley.github.io/civicatlasma/pdfs/Belmont2023_d0.pdf,exa,manual,auto_resourced,95,Belmont2023_d0.pdf,yes,yes,hosted,https://jamesnicholsworley.github.io/civicatlasma/markdown/Belmont2023.md,pypdf,,published,official
Belmont,2024,regular,yes,LEO,https://www.belmont-ma.gov/DocumentCenter/View/7646/April-2-2024-Local-Election-Official-Results-Post-Recount-PDF,https://jamesnicholsworley.github.io/civicatlasma/pdfs/Belmont2024_d0.pdf,manual_sources,manual,,95,Belmont2024_d0.pdf,yes,yes,hosted,https://jamesnicholsworley.github.io/civicatlasma/markdown/Belmont2024.md,pypdf,,published,official
Belmont,2025,regular,yes,LEO,https://www.belmont-ma.gov/DocumentCenter/View/8887/2025-04-01-Local-Election-Results-UPDATED-OFFICIAL-POST-RECOUNT,https://jamesnicholsworley.github.io/civicatlasma/pdfs/Belmont2025_d0.pdf,manual_sources,manual,,95,Belmont2025_d0.pdf,yes,yes,hosted,https://jamesnicholsworley.github.io/civicatlasma/markdown/Belmont2025.md,pypdf,,published,official
Belmont,2026,regular,yes,cohort-2026,https://belmont-ma.gov/DocumentCenter/View/13880/2026-04-07-Local-Election-Results-Official-PDF,,,,,,,no,yes,hosted,,,,published,official
Berkley,2021,regular,yes,LEO,https://townofberkleyma.gov/wp-content/uploads/2025/09/May-8-2021-Town-Election-Results.pdf,https://jamesnicholsworley.github.io/civicatlasma/pdfs/Berkley2021_d0.pdf,manual,,manual_ingest,,Berkley2021_d0.pdf,yes,yes,pdf_hosted,,,,published,official
Berkley,2022,regular,yes,LEO,,,manual,,"WORDPRESS MEDIA INDEX READ WHOLE, AND THE MINUTES CHANNEL TESTED AND EMPTY. wp-json/wp/v2/media paged to 3,000 items gives every file the town hosts, read unfiltered. Berkley posts a results PDF for every other election it has held -- May 8 2021, December 11 2021 special, the 2022 state primary and state election, the March 5 2022 special district election, and every year 2023 through 2026 -- and there is NO annual town election results file for May 2022. It is the one gap in an otherwise complete series. ONE NEAR MISS RULED OUT, AND IT MATTERS. The library holds 2022-Annual-Town-Election-Schedule.pdf, which does list every office, the seats, and a person against each one -- but its column heading is INCUMBENT, not candidate. It is the nomination-paper notice saying which seats were up and who then held them. It is not a ballot and must not be used as one. It does fix the election as Saturday 7 May 2022, 10am to 6pm, at the Berkley Community School. TOWN CLERK MINUTES TESTED, the Phillipston route the maintainer asked for. Every Board of Selectmen minutes file for April and May 2022 is a pure scan carrying 0 to 3 characters of text, which is the silent-zero shape, so they were rendered at 300 dpi and OCRd rather than read. OCR produced 12,823 / 4,271 / 18,309 characters for the 11, 18 and 25 May meetings, so the sweep demonstrably ran. None of the three contains any of election, sworn, ballot, votes cast or registered. Berkley does not record the return in Selectmen minutes. Measured negative with a working control, not a silence. PARTIAL RESULT KEPT. 2022-Elected-Officials.pdf lists every officer with a SWORN IN date, and those sworn 9-12 May 2022 with terms expiring May 2025 are the 2022 winners: George Moitoza (Assessors), Robert Longton (Cemetery), Wendy Cochrane (Collector), Robert Rose (Highway Surveyor and Tree Warden), Paula Dugan (Library Trustee), George Miller (Selectman chair and Moderator), Michael Ricardo and Kaitlyn Robichaud (School Committee), Michael Leger (Planning Board, one-year seat, term ends May 2023). Note also that Ann-Marie Rapoza appears on the Board of Health as APPOINTED on 1 June 2022, not elected, so that seat was not filled at the election. Names only; no count and no turnout, so the row stays open. STRUCTURAL NEGATIVE on the town's own complete evidence. Berkley's live host is townofberkleyma.gov (WordPress); the townofberkleyma.com Site Factory site is DEAD DNS, which is why earlier probes of it proved nothing. Its WordPress media library was read whole: 57 items match 'election'. Every year from 2020 to 2026 has a '...Town-Election-Results.pdf'. 2022 has only '2022-Annual-Town-Election-Schedule.pdf' -- no result -- even though the town DID publish, and backfilled into a 2025/09 upload folder, its 2022 state election results, both 2022 state primary results, and a March 2022 special district election result. The town published everything else it held for that year.",,,no,no,missing,,,https://www.tauntongazette.com/story/news/politics/elections/local/2022/05/08/berkley-election-2022-selectman-george-miller-re-elected-proposition-2-1-2-debt-exclusion/9632891002/,no_source,
Berkley,2023,regular,yes,LEO,https://townofberkleyma.gov/wp-content/uploads/2024/12/2023-Annual-Town-Election-Official-Results.pdf,https://jamesnicholsworley.github.io/civicatlasma/pdfs/Berkley2023_d0.pdf,manual,manual,manual_ingest,95,Berkley2023_d0.pdf,yes,yes,pdf_hosted,,,,published,official
Berkley,2024,regular,yes,LEO,https://townofberkleyma.gov/wp-content/uploads/2024/12/2024-Annual-Town-Election-Official-Results.pdf,https://jamesnicholsworley.github.io/civicatlasma/pdfs/Berkley2024_d0.pdf,manual,,manual_ingest,,Berkley2024_d0.pdf,yes,yes,pdf_hosted,,,,published,official
Berkley,2025,regular,yes,owner-verified-2026-08-19,https://townofberkleyma.gov/wp-content/uploads/2025/05/Annual-Town-Election-Official-Results-5.10.2025-2.pdf,,collect-web,,"wrongyear:document dated 2018-05-12, no_row",,,no,no,pdf_hosted,,pypdf,https://townofberkleyma.gov/wp-content/uploads/2025/09/May-12th-Annual-Town-Election.pdf https://jamesnicholsworley.github.io/civicatlasma/pdfs/Berkley2025.pdf,published,official
Berkley,2026,regular,yes,custom-search-2026,https://townofberkleyma.gov/wp-content/uploads/2026/05/ATE-5-9-2025-Unofficial-Results.pdf,,,,,,,no,no,pdf_hosted,,,,published,official
Berlin,2021,regular,yes,LEO,https://www.townofberlin.com/sites/g/files/vyhlif4156/f/pages/town_reports_2020_online_-_final_4-20-2021.pdf,https://jamesnicholsworley.github.io/civicatlasma/pdfs/Berlin2021_d0.pdf,manual,high,manual_ingest,90,Berlin2021_d0.pdf,yes,yes,pdf_hosted,,,,published,official
Berlin,2022,regular,yes,LEO,https://www.townofberlin.com/DocumentCenter/View/314,https://jamesnicholsworley.github.io/civicatlasma/pdfs/Berlin2022_d0.pdf,refetch_leads,high,auto_refetch,90,Berlin2022_d0.pdf,yes,no,pdf_hosted,,,https://www.townofberlin.com/sites/g/files/vyhlif4156/f/pages/town_reports_2022_online_4-5-2023.pdf,published,official
Berlin,2023,regular,yes,ATR,https://townofberlin.com/DocumentCenter/View/1164/2023-Annual-Town-Report,https://jamesnicholsworley.github.io/civicatlasma/pdfs/Berlin2023_d0.pdf,dive_atr,manual,atr_cropped,95,Berlin2023_d0.pdf,yes,yes,pdf_hosted,,,,published,official
Berlin,2024,regular,yes,LEO,https://www.townofberlin.com/DocumentCenter/View/318/2024-Local-Town-Election,,manual,high,"wrong_scope (read 2026-08-23): 'Berlin Massachusetts - November 5, 2024 State Election - Unofficial Results'",70,,no,no,missing,,,https://www.townofberlin.com/sites/g/files/vyhlif4156/f/uploads/berlin_ma_-_nov_5_2024_-_unofficial_results_0.pdf,published,official
Berlin,2025,regular,yes,LEO,https://www.townofberlin.com/DocumentCenter/View/308/2025-Local-Town-Election,https://jamesnicholsworley.github.io/civicatlasma/pdfs/Berlin2025_d0.pdf,collect-crawl,high,auto_resourced,90,Berlin2025_d0.pdf,yes,yes,pdf_hosted,,,,published,official
Berlin,2026,regular,yes,custom-search,https://www.townofberlin.com/DocumentCenter/View/1612/2026-Local-Town-Election,,custom-search:recovered,,citation_recovered_by_rerunning_the_search_that_found_it; document text matches the held copy,,,no,no,pdf_hosted,,,,published,official
Bernardston,2021,regular,yes,ATR,https://www.recorder.com/2021/05/11/up-to-3m-for-fire-station-addition-approved-in-bernardston-election-40403242/,,scraper_sheet9,low,"landed 2026-09-01 from the round-10 news-window sweep (news; Greenfield Recorder, 11 May 2021); artifact only, parse and gate follow",70,,no,no,published,,,https://www.townofbernardston.org/sites/g/files/vyhlif12736/files/media/selectboard/file/4966/Bernardston_Annual%20Report_2024.pdf,published,news
Bernardston,2022,regular,yes,LEO,https://web.archive.org/web/20220522163030id_/https://townofbernardston.org/images/clerk/Election_Results/2022_Town_Election_Results.pdf,,manual,high,ocr_triage:wrong_doc,70,,no,no,published,,,http://www.townofbernardston.org/images/2022_10/2022_11_08_gen_election.pdf,published,official
Bernardston,2023,regular,yes,NEWS,https://www.recorder.com/Assessors-seat-still-vacant-following-Bernardston-election-50846904,,manual_sources,manual,wayback_render,95,Bernardston2023_d0.pdf,no,yes,hosted,https://jamesnicholsworley.github.io/civicatlasma/markdown/Bernardston2023.md,wayback+docling-2.66.0,,published,news
Bernardston,2024,regular,yes,NEWS,https://www.recorder.com/Bernardston-election-ushers-in-new-Selectboard-member-55037161,,manual,high,unrecovered_landing,90,Bernardston2024_d0.pdf,no,yes,hosted,https://jamesnicholsworley.github.io/civicatlasma/markdown/Bernardston2024.md,playwright+docling-2.66.0,,published,news
Bernardston,2025,regular,yes,LEO,https://www.townofbernardston.org/media/5021,https://jamesnicholsworley.github.io/civicatlasma/pdfs/Bernardston2025_d0.pdf,exa_reviewed,spraped,auto_resourced,70,Bernardston2025_d0.pdf,yes,yes,hosted,https://jamesnicholsworley.github.io/civicatlasma/markdown/Bernardston2025.md,pypdf,,published,official
Bernardston,2026,regular,yes,,https://recorder.com/2026/05/05/bernardston-voters-elect-incumbents/,,,,,,,no,no,missing,,,,published,news
Beverly,2021,regular,yes,LEO,https://www.beverlyma.gov/DocumentCenter/View/2174/November-2-2021-Election-Official-Results-PDF,https://jamesnicholsworley.github.io/civicatlasma/pdfs/Beverly2021_d0.pdf,manual_sources,manual,,95,Beverly2021_d0.pdf,yes,yes,hosted,https://jamesnicholsworley.github.io/civicatlasma/markdown/Beverly2021.md,docling-2.66.0,,published,official
Beverly,2022,regular,no,CITY_ODD_YEAR_CYCLE,,,,,,,Beverly2022_d0.pdf,,no,no_election,,,,no_election,other
Beverly,2023,regular,yes,LEO,https://www.beverlyma.gov/DocumentCenter/View/4758/November-7-2023-Municipal-Election-Results-PDF,https://jamesnicholsworley.github.io/civicatlasma/pdfs/Beverly2023_d0.pdf,manual_sources,manual,,95,Beverly2023_d0.pdf,yes,yes,hosted,https://jamesnicholsworley.github.io/civicatlasma/markdown/Beverly2023.md,pypdf,,published,official
Beverly,2024,regular,no,CITY_ODD_YEAR_CYCLE,,,,,,,Beverly2024_d0.pdf,,no,no_election,,,,no_election,other
Beverly,2025,regular,yes,LEO,https://www.beverlyma.gov/DocumentCenter/View/6863/November-4-2025-Municipal-Election-Official-Result-PDF,https://jamesnicholsworley.github.io/civicatlasma/pdfs/Beverly2025_d0.pdf,manual_city,manual,"manual | CERTIFIED UPGRADE 2026-08-21: replaced the unofficial/preliminary source with the town's official document (""CITY OF BEVERLY, MASSACHUSETTS / MUNICIPAL ELECTION / OFFIC). Seat counts corrected by the official: at-large is 3 seats (held 6) and both School Committee districts are 1 (held 2). Held ""Others"" rows replaced by named write-in lines.",100,Beverly2025_d0.pdf,yes,yes,hosted,https://jamesnicholsworley.github.io/civicatlasma/markdown/Beverly2025.md,pypdf,,published,official
Beverly,2026,regular,no,,,,,,"no_election: even-year row seeded from the 2024 cohort, 2026-08-19",,,,,,,,,no_election,other
Billerica,2021,regular,yes,LEO,https://town.billerica.ma.us/DocumentCenter/View/9216/OFFICIAL-RESULTS-4102021,https://jamesnicholsworley.github.io/civicatlasma/pdfs/Billerica2021_d0.pdf,manual_sources,manual,,95,Billerica2021_d0.pdf,yes,yes,hosted,https://jamesnicholsworley.github.io/civicatlasma/markdown/Billerica2021.md,docling-2.66.0,,published,official
Billerica,2022,regular,yes,LEO,https://www.town.billerica.ma.us/DocumentCenter/View/9530/April-2-2022-Town-Election-Unofficial-Results,https://jamesnicholsworley.github.io/civicatlasma/pdfs/Billerica2022_d0.pdf,manual_sources,manual,,95,Billerica2022_d0.pdf,yes,yes,hosted,https://jamesnicholsworley.github.io/civicatlasma/markdown/Billerica2022.md,docling-2.66.0,,published,official
Billerica,2023,regular,yes,LEO,https://billerica.gov/DocumentCenter/View/11232/April-2023-Official-Town-Election-Results,https://jamesnicholsworley.github.io/civicatlasma/pdfs/Billerica2023_d0.pdf,manual,manual,manual_ingest,95,Billerica2023_d0.pdf,yes,yes,pdf_hosted,,playwright+docling-2.66.0,https://www.facebook.com/billericatownhall/posts/04012023-annual-town-election-unofficial-results/598507465651132/,published,official
Billerica,2024,regular,yes,LEO,https://billerica.gov/DocumentCenter/View/11976/April-6th-2024-Official-Annual-Town-Elections-Results-,,manual,manual,manual_ingest,95,Billerica2024_d0.pdf,yes,yes,hosted,https://jamesnicholsworley.github.io/civicatlasma/markdown/Billerica2024.md,pandas-xlsx,,published,official
Billerica,2025,regular,yes,LEO,https://billerica.gov/DocumentCenter/View/12982/Official-Annual-Town-Election-Results---April-5-2025,https://jamesnicholsworley.github.io/civicatlasma/pdfs/Billerica2025_d0.pdf,manual,manual,manual_ingest,95,Billerica2025_d0.pdf,yes,yes,pdf_hosted,,,,published,official
Billerica,2026,regular,yes,cohort-2026,https://news.google.com/rss/articles/CBMijgFBVV95cUxQcmdQZVlKNW1ONzA5OWZrZW9vZFV3bVVETWJBSE54LUlPSWU0cE1uTFBUaVl0Rnk5UTNsS0VMdXRBckllRnlsVTQ5N2VJUl9qcVEydmZOV2NRbmJFYVJXMUJwbDhWZE95aXgzMGJYNUh0VGtaaWtPbV9LMVk5c1ZJeUo5RjR1cVZQWElYUDlB?oc=5,,,,,,,no,yes,hosted,,,,published,news
Blackstone,2021,regular,yes,LEO,https://www.townofblackstone.org/DocumentCenter/View/584/Official-Results-Ate-2021-PDF,https://jamesnicholsworley.github.io/civicatlasma/pdfs/Blackstone2021_d0.pdf,crawl,scraped,crawl_verified,90,Blackstone2021_d0.pdf,yes,yes,hosted,,pdf_only(needs_ocr),,published,official
Blackstone,2022,regular,yes,LEO,https://www.townofblackstone.org/DocumentCenter/View/610/Ate-2022-Official-Results-PDF,https://jamesnicholsworley.github.io/civicatlasma/pdfs/Blackstone2022_d0.pdf,crawl,scraped,crawl_verified,90,Blackstone2022_d0.pdf,yes,yes,hosted,,pdf_only(needs_ocr),,published,official
Blackstone,2023,regular,yes,LEO,https://www.townofblackstone.org/DocumentCenter/View/242/2023-Annual-Town-Election-Official-Results-PDF,https://jamesnicholsworley.github.io/civicatlasma/pdfs/Blackstone2023_d0.pdf,manual_sources,manual,,95,Blackstone2023_d0.pdf,yes,yes,hosted,https://jamesnicholsworley.github.io/civicatlasma/markdown/Blackstone2023.md,pypdf,,published,official
Blackstone,2024,regular,yes,LEO,https://www.townofblackstone.org/DocumentCenter/View/1352/2024-Annual-Town-Election-Official-Results,https://jamesnicholsworley.github.io/civicatlasma/pdfs/Blackstone2024_d0.pdf,crawl,scraped,crawl_verified,90,Blackstone2024_d0.pdf,yes,yes,hosted,https://jamesnicholsworley.github.io/civicatlasma/markdown/Blackstone2024.md,pypdf(recrawl),,published,official
Blackstone,2025,regular,yes,LEO,https://www.townofblackstone.org/DocumentCenter/View/2451/Annual-Town-Election-Results-2025,https://jamesnicholsworley.github.io/civicatlasma/pdfs/Blackstone2025_d0.pdf,crawl,scraped,crawl_verified,90,Blackstone2025_d0.pdf,yes,yes,hosted,https://jamesnicholsworley.github.io/civicatlasma/markdown/Blackstone2025.md,pypdf(recrawl),,published,official
Blackstone,2026,regular,yes,cohort-2026,https://townofblackstone.org/DocumentCenter/View/2481/Official-Results---Annual-Town-Election-April-6-2026,,,,,,,no,yes,hosted,,,,published,official
Blandford,2021,regular,yes,LEO,https://townofblandford.gov/2021/06/28/2021-election-results/,https://jamesnicholsworley.github.io/civicatlasma/pdfs/Blandford2021_d0.pdf,manual,medium,manual_ingest,70,Blandford2021_d0.pdf,yes,yes,hosted,,,,published,official
Blandford,2022,regular,yes,ATR,https://townofblandford.com/wp-content/uploads/2024/05/annual-town-report-2022-2023.pdf,https://jamesnicholsworley.github.io/civicatlasma/pdfs/Blandford2022_d0.pdf,dive_atr,high,atr_cropped,90,Blandford2022_d0.pdf,yes,yes,pdf_hosted,,,,published,official
Blandford,2023,regular,yes,owner-supplied-2026-08-23-small_towns_ingest_2,https://townofblandford.gov/2023/06/10/2023-annual-town-election-results/,https://jamesnicholsworley.github.io/civicatlasma/pdfs/Blandford2023_d0.pdf,manual,manual,manual_ingest,95,Blandford2023_d0.pdf,yes,no,pdf_hosted,,,,published,official
Blandford,2024,regular,yes,owner-supplied-2026-08-23-small_towns_ingest_2,https://townofblandford.gov/wp-content/uploads/2024/06/election-results-060824.pdf,,manual,high,manual_ingest,70,,no,no,pdf_hosted,,,https://townofblandford.com/wp-content/uploads/2020/01/Municipal-Energy-Use.pdf,published,official
Blandford,2025,regular,yes,LEO,https://townofblandford.gov/wp-content/uploads/2026/05/Annual-Town-Report-2025-2026-web.pdf,,collect-web,high,"SOURCE REPLACED 2026-08-21: the previous citation was annual-town-report-2023-2024.pdf, which cannot contain a 2025 election. The 2025 return is on p.40 of the Annual Town Report 2025-2026 ADDENDA, headed 'Local Election Results 2025'. DATE CORRECTED: the election was Saturday 14 June 2025, not May - Blandford votes in June (2023-06-10, 2024-06-08, 2025-06-14). 156 ballots cast. All four previously-uncounted races now carry real counts (Hopson 132, Girard 127, Benson 131, Thayer 131); the two existing counts (Coury 117/Allen 32, Massee 75/Gaeta 73) are CONFIRMED identically in two independent town documents. Corroborating source: the town news post https://townofblandford.gov/2025/06/14/2025-annual-town-election-results/ , which names the four winners without counts and is almost certainly where the previous record came from. LEVER WORTH REUSING: Blandford publishes results as POST BODY TEXT, not as an uploaded file - a media-library or crawl-only sweep misses it entirely; /wp-json/wp/v2/posts?search=election found it. NOT RECORDED, deliberately: Fence Viewer (3yr, 2yr) and Field Driver all tied - failure to elect, no names or counts; Cemetery Commissioner had a vote-getter who is never named. No Blanks are printed, so none were derived. The report contains its own typo 'Petr Thayer', corrected from a visual read.",90,Blandford2025_d0.pdf,,no,hosted,,,,published,official
Blandford,2026,regular,yes,custom-search-2026,https://townofblandford.gov/2026/06/13/2026-annual-town-election-results/,,,,"citation found 2026-08-23 by overlap: 100% of the held reading's words and 100% of its 15 tallies are on this page, and 18% of the page is in the reading",,,no,no,hosted,,,,published,official
Bolton,2021,regular,yes,LEO,,,manual,medium,"RETIRED 2026-09-03: The record is Bolton's MAY 2022 annual town election, identical to Bolton 2022's to the vote across eleven contests. Bolton's 2021 Annual Report records the May 10, 2021 election as 158 votes cast against 4,160 registered, a 4% turnout; this record carries a Select Board winner on 601. The report prints that summary and no contest table, so Bolton 2021 is an open gap and is now recorded as one.",90,Bolton2021_d0.pdf,yes,no,discarded_not_results,https://jamesnicholsworley.github.io/civicatlasma/markdown/Bolton2021.md,docling-html,https://eu.telegram.com/story/news/local/the-item/2021/05/12/election-results-winner-victorious-bolton-select-board-race/9715517002/,no_source,
Bolton,2022,regular,yes,NEWS,https://eu.telegram.com/story/news/local/the-item/2022/05/12/election-results-winner-victorious-bolton-select-board-race/9715517002/,,exa_reviewed,high,auto_resourced,90,Bolton2022_d0.pdf,,yes,hosted,https://jamesnicholsworley.github.io/civicatlasma/markdown/Bolton2022.md,playwright+docling-2.66.0,,published,news
Bolton,2023,regular,yes,LEO,https://www.bolton-ma.gov/DocumentCenter/View/425/ate_5-8-23_official_results,,crawl,manual,auto_resourced,95,Bolton2023_d0.pdf,yes,yes,hosted,https://jamesnicholsworley.github.io/civicatlasma/markdown/Bolton2023.md,xlsx+docling-2.66.0,,published,official
Bolton,2024,regular,yes,LEO,https://www.bolton-ma.gov/DocumentCenter/View/434/May-13-2024---Annual-Town-Election,https://jamesnicholsworley.github.io/civicatlasma/pdfs/Bolton2024_d0.pdf,crawl,high,auto_resourced,90,Bolton2024_d0.pdf,yes,yes,hosted,https://jamesnicholsworley.github.io/civicatlasma/markdown/Bolton2024.md,pypdf,,published,official
Bolton,2025,regular,yes,LEO,https://www.bolton-ma.gov/DocumentCenter/View/429/Tally-Sheet---Unofficial,https://jamesnicholsworley.github.io/civicatlasma/pdfs/Bolton2025_d0.pdf,crawl,scraped,auto_resourced,90,Bolton2025_d0.pdf,yes,yes,hosted,https://jamesnicholsworley.github.io/civicatlasma/markdown/Bolton2025.md,pypdf,,published,official
Bolton,2026,regular,yes,cohort-2026,https://www.bolton-ma.gov/DocumentCenter/View/5414,,,,,,,no,yes,hosted,,,,published,official
Boston,2021,regular,yes,LEO,https://www.boston.gov/departments/elections/state-and-city-boston-election-results,https://jamesnicholsworley.github.io/civicatlasma/pdfs/Boston2021_d0.pdf,manual,,manual_ingest,,Boston2021_d0.pdf,yes,yes,pdf_hosted,,,,published,official
Boston,2022,regular,no,CITY_ODD_YEAR_CYCLE,,,,,,,Boston2022_d0.pdf,,no,no_election,,,,no_election,other
Boston,2023,regular,yes,LEO,https://www.boston.gov/departments/elections/state-and-city-boston-election-results,https://jamesnicholsworley.github.io/civicatlasma/pdfs/Boston2023_d0.pdf,manual,manual,manual_ingest,95,Boston2023_d0.pdf,yes,yes,pdf_hosted,,,,published,official
Boston,2024,regular,no,CITY_ODD_YEAR_CYCLE,,,,,,,Boston2024_d0.pdf,,no,no_election,,,,no_election,other
Boston,2025,regular,yes,LEO,https://www.boston.gov/sites/default/files/file/2025/11/2025-11-04-Mayor.pdf,https://jamesnicholsworley.github.io/civicatlasma/pdfs/Boston2025_d0.pdf,collect-exa,,"CITATION REPLACED 2026-09-01: the previous citation was the elections LANDING PAGE and the file held under the stem is a 53-page turnout report naming no candidates. Boston publishes one PDF per contest under /sites/default/files/file/2025/11/ -- Mayor, City-Councillor-at-Large and City-Councillor-District-1..7. Districts 8 and 9 do not follow that naming and are outstanding.",,Boston2025_d0.pdf,yes,yes,pdf_hosted,,,,published,official
Boston,2026,regular,no,,,,,,"no_election: even-year row seeded from the 2024 cohort, 2026-08-19",,,,,,,,,no_election,other
Bourne,2021,regular,yes,ATR,https://www.bourne-ma.gov/DocumentCenter/View/3317/2021-Town-Report,https://jamesnicholsworley.github.io/civicatlasma/pdfs/Bourne2021_d0.pdf,dive_atr,,atr_cropped,,Bourne2021_d0.pdf,yes,yes,pdf_hosted,,,,published,official
Bourne,2022,regular,yes,NEWS,https://www.bourne-ma.gov/DocumentCenter/View/3317/2022-Town-Report,,manual,manual,"not_a_return (read 2026-08-23): the held document is a nomination notice: 'TOWN ELECTION-MAY 17, 2022 Positions and Important Dates NOMINATION PAPERS ARE NOW AVAILABLE IN THE OFFICE OF THE TOWN CLERK' -- a list of offices and paper-pulling deadlines, no candidates and no votes",95,,no,no,missing,,playwright+docling-2.66.0,https://www.capenews.net/bourne/news/low-turnout-for-bourne-annual-town-election/article_c88cf8b0-8acd-40fc-b8da-839f134b657e.html https://jamesnicholsworley.github.io/civicatlasma/pdfs/Bourne2022.pdf,published,official
Bourne,2023,regular,yes,LEO,https://www.bourne-ma.gov/DocumentCenter/View/3318/2023-Town-Report,,manual,manual,runner_fetch,95,,no,no,pdf_hosted,,,,published,official
Bourne,2024,regular,yes,NEWS,https://www.capenews.net/bourne/news/bourne-voters-make-history-in-electing-ms-mastrangelo-ms-azarovitz-to-select-board/article_c84a9413-7220-512f-9e14-bdcbfe73bb36.html,,manual,manual,,95,Bourne2024_d0.pdf,,yes,hosted,https://jamesnicholsworley.github.io/civicatlasma/markdown/Bourne2024.md,playwright+docling-2.66.0,,published,news
Bourne,2025,regular,yes,ATR,https://www.bourne-ma.gov/DocumentCenter/View/11920,https://jamesnicholsworley.github.io/civicatlasma/pdfs/Bourne2025_d0.pdf,dive_atr,manual,atr_cropped,95,Bourne2025_d0.pdf,yes,yes,pdf_hosted,,,,published,official
Bourne,2026,regular,yes,cohort-2026,https://townofbourne.com/CivicAlerts.aspx?AID=63,,,,,,,no,yes,hosted,,,,published,official
Boxborough,2021,regular,yes,LEO,https://www.boxborough-ma.gov/DocumentCenter/View/1529/05-18-2021-Annual-Town-Election-PDF,https://jamesnicholsworley.github.io/civicatlasma/pdfs/Boxborough2021_d0.pdf,verified_yes,scraped,YES,90,Boxborough2021_d0.pdf,yes,yes,hosted,https://jamesnicholsworley.github.io/civicatlasma/markdown/Boxborough2021.md,pypdf,,published,official
Boxborough,2022,regular,yes,LEO,https://www.boxborough-ma.gov/DocumentCenter/View/2305/05-17-2022-Annual-Town-Election-PDF,https://jamesnicholsworley.github.io/civicatlasma/pdfs/Boxborough2022_d0.pdf,verified_yes,scraped,YES,90,Boxborough2022_d0.pdf,yes,yes,hosted,https://jamesnicholsworley.github.io/civicatlasma/markdown/Boxborough2022.md,pypdf,,published,official
Boxborough,2023,regular,yes,LEO,https://www.boxborough-ma.gov/DocumentCenter/View/3282/Election-results-May-16-2023,https://jamesnicholsworley.github.io/civicatlasma/pdfs/Boxborough2023_d0.pdf,manual_sources,manual,,95,Boxborough2023_d0.pdf,yes,yes,hosted,https://jamesnicholsworley.github.io/civicatlasma/markdown/Boxborough2023.md,pypdf,,published,official
Boxborough,2024,regular,yes,LEO,https://www.boxborough-ma.gov/DocumentCenter/View/4806/05-21-2024-Town-Election-Results-PDF,https://jamesnicholsworley.github.io/civicatlasma/pdfs/Boxborough2024_d0.pdf,verified_yes,scraped,YES,90,Boxborough2024_d0.pdf,yes,yes,hosted,https://jamesnicholsworley.github.io/civicatlasma/markdown/Boxborough2024.md,pypdf,,published,official
Boxborough,2025,regular,yes,LEO,https://www.boxborough-ma.gov/DocumentCenter/View/6367/05-20-2025-Annual-Town-Election-PDF,https://jamesnicholsworley.github.io/civicatlasma/pdfs/Boxborough2025_d0.pdf,collect-crawl,medium,auto_resourced,70,Boxborough2025_d0.pdf,yes,yes,hosted,https://jamesnicholsworley.github.io/civicatlasma/markdown/Boxborough2025.md,pypdf,,published,official
Boxborough,2026,regular,yes,custom-search-2026,https://www.boxborough-ma.gov/DocumentCenter/View/6556,,,,,,,no,no,pdf_hosted,,,,published,official
Boxford,2021,regular,yes,LEO,https://www.boxfordma.gov/DocumentCenter/View/799/Annual-Report-2021-PDF,https://jamesnicholsworley.github.io/civicatlasma/pdfs/Boxford2021_d0.pdf,manual,,manual_ingest,,Boxford2021_d0.pdf,yes,yes,pdf_hosted,,,,published,official
Boxford,2022,regular,yes,LEO,https://www.boxfordma.gov/DocumentCenter/View/788/Results---Annual-Town-Election-May-17-2022-PDF,https://jamesnicholsworley.github.io/civicatlasma/pdfs/Boxford2022_d0.pdf,manual,low,manual_ingest,70,Boxford2022_d0.pdf,yes,yes,pdf_hosted,,,,published,official
Boxford,2023,regular,yes,LEO,https://www.boxfordma.gov/DocumentCenter/View/1621/Annual-Town-Election-Results-May-16-2023,https://jamesnicholsworley.github.io/civicatlasma/pdfs/Boxford2023_d0.pdf,manual,manual,manual_ingest,95,Boxford2023_d0.pdf,yes,yes,pdf_hosted,,,,published,official
Boxford,2024,regular,yes,LEO,https://www.boxfordma.gov/DocumentCenter/View/2963/Annual-Report-2024,,manual,medium,"landed 2026-08-25 from the Chrome ingest (official, #pages 59-60); 8 races; date 2024-05-21 established from the same document",70,,no,no,published,,,https://www.town.boxford.ma.us/sites/g/files/vyhlif321/f/pages/230530_boxford_communityengagementresults_002.pdf,published,official
Boxford,2025,regular,yes,NEWS,https://www.boxfordma.gov/DocumentCenter/View/2367,https://jamesnicholsworley.github.io/civicatlasma/pdfs/Boxford2025_d0.pdf,manual,medium,manual_ingest | citation corrected 2026-08-20 (data was already verified good),70,Boxford2025_d0.pdf,yes,no,pdf_hosted,,,,published,official
Boxford,2026,regular,yes,,https://www.boxfordma.gov/DocumentCenter/View/3163,,,,"landed 2026-08-25 from the Chrome ingest (official, View/3163..3167 = 5 JPEG pages, merged locally into one PDF); 13 races",,,no,no,missing,,,,published,official
Boylston,2021,regular,yes,ATR,https://cms3.revize.com/revize/boylstonma/Documents/Services/Treasurer%20Collector/Documents%20&%20Forms/Boylston%20financials%2021.pdf,https://jamesnicholsworley.github.io/civicatlasma/pdfs/Boylston2021_d0.pdf,manual,medium,manual_ingest,70,Boylston2021_d0.pdf,yes,no,pdf_hosted,,,https://cms3.revize.com/revize/boylstonma/Documents/Services/Treasurer%20Collector/Documents%20&%20Forms/Boylston%20financials%2021.pdf,published,official
Boylston,2022,regular,yes,LEO,https://archives.lib.state.ma.us/items/36902fea-49af-418f-bb1d-654122b2f4a8,,manual,high,runner_fetch2,90,,no,no,published,,,https://www.boylston-ma.gov/Documents/Government/Board%20of%20Selectman/Town%20Meeting/STM%202022%20Results.pdf,published,official
Boylston,2023,regular,yes,LEO,https://www.boylston-ma.gov/Documents/Government/Board%20of%20Selectman/Annual%20Town%20Reports/2023%20Annual%20Town%20Report.pdf,https://jamesnicholsworley.github.io/civicatlasma/pdfs/Boylston2023_d0.pdf,manual,manual,manual_ingest,95,Boylston2023_d0.pdf,yes,yes,pdf_hosted,,,,published,official
Boylston,2024,regular,yes,LEO,https://www.boylston-ma.gov/sites/g/files/vyhlif4171/f/uploads/2024_town_election_official_results.pdf,https://jamesnicholsworley.github.io/civicatlasma/pdfs/Boylston2024_d0.pdf,manual,high,manual_ingest,90,Boylston2024_d0.pdf,yes,yes,pdf_hosted,,,,published,official
Boylston,2025,regular,yes,LEO,https://cms3.revize.com/revize/boylstonma/Documents/Community/Government/Board%20of%20Selectman/Annual%20Town%20Report/2025%20Annual%20Town%20Report.pdf,https://jamesnicholsworley.github.io/civicatlasma/pdfs/Boylston2025_d0.pdf,manual,spraped,manual_ingest,70,Boylston2025_d0.pdf,yes,yes,pdf_hosted,,,,published,other
Boylston,2026,regular,yes,harvest-lead,https://www.boylston-ma.gov/Documents/Government/Town%20Clerk/2026%20ATE%20Official%20Results.pdf?t=202605140835380,https://jamesnicholsworley.github.io/civicatlasma/pdfs/Boylston2026_d0.pdf,manual,,manual_ingest,,Boylston2026_d0.pdf,yes,no,pdf_hosted,,,,published,official
Braintree,2021,regular,yes,LEO,https://braintreema.gov/DocumentCenter/View/8616/Nov-2-2021-Regular-Town-Election-Certified-Results,https://jamesnicholsworley.github.io/civicatlasma/pdfs/Braintree2021_d0.pdf,manual_sources,manual,,95,Braintree2021_d0.pdf,yes,yes,hosted,https://jamesnicholsworley.github.io/civicatlasma/markdown/Braintree2021.md,pypdf,,published,official
Braintree,2022,regular,no,CITY_ODD_YEAR_CYCLE,,,,,,,Braintree2022_d0.pdf,,no,no_election,,,,no_election,other
Braintree,2023,regular,yes,LEO,https://www.braintreema.gov/DocumentCenter/View/12394/Nov-7-2023-Regular-Town-Election-Official-Certified-Results,https://jamesnicholsworley.github.io/civicatlasma/pdfs/Braintree2023_d0.pdf,manual_sources,manual,,95,Braintree2023_d0.pdf,yes,yes,hosted,https://jamesnicholsworley.github.io/civicatlasma/markdown/Braintree2023.md,pypdf,,published,official
Braintree,2024,regular,no,CITY_ODD_YEAR_CYCLE,,,,,,,Braintree2024_d0.pdf,,no,no_election,,,,no_election,other
Braintree,2025,regular,yes,LEO,https://www.braintreema.gov/DocumentCenter/View/17245/Nov-4-2025-Regular-Town-Election-Official-Results,https://jamesnicholsworley.github.io/civicatlasma/pdfs/Braintree2025_d0.pdf,manual_city,manual,"manual | CITATION REPAIRED 2026-08-21 (Wayback capture cited): 200 via curl_cffi chrome; 3pg PDF p1 reads November 4 2025 Regular Town Election UNOFFICIAL ELECTION NIGHT RESULTS | UPGRADED 2026-08-21: replaced the UNOFFICIAL election-night tally with the town's CERTIFIED RESULTS (generated 2026-01-28). All 5 town-wide races close exactly on 5,347 x seats and the 6 district totals sum to 5,347. Note the certified sheet carries a stale template footer reading ""Braintree Local Election - November 7, 2023"".",100,Braintree2025_d0.pdf,yes,yes,hosted,https://jamesnicholsworley.github.io/civicatlasma/markdown/Braintree2025.md,pypdf,,published,official
Braintree,2026,regular,no,,,,,,"no_election: even-year row seeded from the 2024 cohort, 2026-08-19",,,,,,,,,no_election,other
Brewster,2021,regular,yes,ATR,https://archives.lib.state.ma.us/server/api/core/bitstreams/aeffa18f-54eb-454e-849b-e443d07e58bd/content,https://jamesnicholsworley.github.io/civicatlasma/pdfs/Brewster2021_d0.pdf,scraper_sheet9,medium,"landed 2026-08-25 from the Chrome ingest (ATR, #pages 155-158 of Brewster-2021.pdf (issued 2022)); 14 races",70,Brewster2021_d0.pdf,no,no,published,,,https://www.brewster-ma.gov/sites/g/files/vyhlif16031/f/uploads/2022_annual_report_final_electronic_file.pdf,published,official
Brewster,2022,regular,yes,ATR,https://www.brewster-ma.gov/sites/g/files/vyhlif16031/f/uploads/2022_annual_report_final_electronic_file.pdf,https://jamesnicholsworley.github.io/civicatlasma/pdfs/Brewster2022_d0.pdf,verified_yes,medium,orphan_crop:3pp_naming_2022,90,Brewster2022_d0.pdf,yes,yes,pdf_hosted,,,,published,official
Brewster,2023,regular,yes,NEWS,https://archives.lib.state.ma.us/server/api/core/bitstreams/85b94dd8-e044-4b7a-a714-5e226154c9fb/content,,manual,manual,"landed 2026-08-25 from the Chrome ingest (ATR, #pages 250-253 of Brewster-2023.pdf (issued 2024)); 9 races",95,Brewster2023_d0.pdf,no,no,missing,,playwright+docling-2.66.0,https://www.brewster-ma.gov/town-clerk/news/official-annual-town-election-results https://jamesnicholsworley.github.io/civicatlasma/pdfs/Brewster2023.pdf,published,official
Brewster,2024,regular,yes,LEO,https://www.brewster-ma.gov/sites/g/files/vyhlif16031/f/uploads/2024-05-28_-_total_tally_sheet.pdf,,crawl,high,state_doc_sweep:no_source,70,,no,no,pdf_hosted,,pdf_only(needs_ocr),https://www.brewster-ma.gov/town-clerk/files/march-5-2024-official-primary-results,published,official
Brewster,2025,regular,yes,owner-verified-2026-08-19,https://www.brewster-ma.gov/town-clerk/news/official-annual-town-election-results,,manual,spraped,"pipeline:no_tally_in_full_text | VISUAL REVIEW 2026-08-20: certified return signed by Town Clerk Colette M. Williams; all races close on 1591 ballots. Clerk typos exist in PRECINCT-TOTAL FOOTER rows only (Selectmen Prec.3 printed 854 vs actual 954; Housing Authority Prec.1 printed 532 vs 562) - candidate figures unaffected. Cited clerk news page 403s to a plain client (transport block, not a dead URL)",70,,no,no,pdf_hosted,,playwright+docling-2.66.0,,published,official
Brewster,2026,regular,yes,custom-search,https://www.brewster-ma.gov/home/files/unofficial-annual-town-election-results-51926,,custom-search:recovered,,citation_recovered_by_rerunning_the_search_that_found_it; document text matches the held copy,,,no,no,pdf_hosted,,,,published,official
Bridgewater,2021,regular,yes,LEO,https://www.bridgewaterma.org/DocumentCenter/View/4026/Annual-Town-Election-4-24-2021-Results,https://jamesnicholsworley.github.io/civicatlasma/pdfs/Bridgewater2021_d0.pdf,manual_sources,manual,,95,Bridgewater2021_d0.pdf,yes,yes,hosted,https://jamesnicholsworley.github.io/civicatlasma/markdown/Bridgewater2021.md,pypdf,,published,official
Bridgewater,2022,regular,yes,LEO,https://www.bridgewaterma.org/Documents/Government/Town%20Clerk/Elections/Election%20Results%20and%20Specimen%20Ballots/ATE4.23.2022%20Unofficial%20Results_202204260917054871.pdf,https://jamesnicholsworley.github.io/civicatlasma/pdfs/Bridgewater2022_d0.pdf,manual,manual,manual_ingest,95,Bridgewater2022_d0.pdf,yes,yes,pdf_hosted,,,,published,official
Bridgewater,2023,regular,yes,LEO,https://www.bridgewaterma.gov/Documents/Government/Town%20Clerk/Elections/Election%20Results%20and%20Specimen%20Ballots/ATE%204-22-2023%20Results_202306021013297520.pdf,https://jamesnicholsworley.github.io/civicatlasma/pdfs/Bridgewater2023_d0.pdf,manual,manual,manual_ingest,95,Bridgewater2023_d0.pdf,yes,yes,pdf_hosted,,,,published,official
Bridgewater,2024,regular,yes,LEO,https://www.bridgewaterma.gov/Documents/Government/Town%20Clerk/Elections/Election%20Results%20and%20Specimen%20Ballots/ATE%204.27.2024%20%20Results_202404291008567870.pdf,https://jamesnicholsworley.github.io/civicatlasma/pdfs/Bridgewater2024_d0.pdf,manual,manual,manual_ingest,95,Bridgewater2024_d0.pdf,yes,yes,pdf_hosted,,,,published,official
Bridgewater,2025,regular,yes,LEO,https://www.bridgewaterma.gov/Documents/Government/Town%20Clerk/Elections/Election%20Results%20and%20Specimen%20Ballots/ATE%2004262025%20Results_202504280921277710.pdf,https://jamesnicholsworley.github.io/civicatlasma/pdfs/Bridgewater2025_d0.pdf,manual,manual,manual_ingest,95,Bridgewater2025_d0.pdf,yes,yes,pdf_hosted,,,,published,official
Bridgewater,2026,regular,yes,cohort-2026,https://www.bridgewaterma.gov/Documents/Government/Town%20Clerk/Elections/Election%20Results%20and%20Specimen%20Ballots/ATE%2004252026%20Results.pdf,,,,landed 2026-09-10 from research/SESSION_2026-09-10_FINDINGS.md; transcribed from the certified return and checked against the 2045 ballots it reports,,,no,no,discarded_not_results,,,https://news.google.com/rss/articles/CBMidkFVX3lxTE1fdXcxa0lrSG1IZmZfYlZaV05VNnNVNmVhLTRXZFdMTDB0aUpmQkRYYVBiRlFMQk5lNTQ2MDJxbTBnbVN6cjBxazhudF84SjN2aTMwazhuc0d1N3o3dHlwdUo5c2U0WTF0c1RaVWZzdzNZQUYtY0E?oc=5,published,official
Brimfield,2021,regular,yes,LEO,https://www.brimfieldma.org/sites/g/files/vyhlif4181/f/pages/townreport2021.pdf,https://jamesnicholsworley.github.io/civicatlasma/pdfs/Brimfield2021_d0.pdf,manual,spraped,manual_ingest,70,Brimfield2021_d0.pdf,yes,yes,pdf_hosted,,,,published,official
Brimfield,2022,regular,yes,LEO,https://archives.thereminder.com/localnews/hampden-county/adams-soto-beat-out-brimfield-board-of-selectmen-i/,https://jamesnicholsworley.github.io/civicatlasma/pdfs/Brimfield2022_d0.pdf,manual,high,"landed 2026-09-01 from The Reminder, 27 June 2022. Annual Town Election 21 June 2022; 671 of 2,873 registered, 'likely the highest turnout in over 20 years' (Town Clerk Debra Fagerstrom). LABELLED UNOFFICIAL by the source. Selectmen 2 seats: Soto 435, Adams 430, unseating incumbents Doyle 206 and McCarthy 206 (same figure, as printed). Moderator Miller 329 over write-in Frazier 184. Eleven further offices named without counts. ELEMENTARY SCHOOL COMMITTEE SECOND SEAT UNFILLED - do not assign. Blanks not reported.",90,Brimfield2022_d0.pdf,yes,no,pdf_hosted,,,,published,news
Brimfield,2023,regular,yes,LEO,https://www.brimfieldma.org/sites/g/files/vyhlif4181/f/news/brimfield_ate_june_20_2023_counter_tally_sheets.pdf,,manual_sources,manual,,95,,no,no,hosted,,pypdf,,published,official
Brimfield,2024,regular,yes,LEO,https://www.brimfieldma.org/sites/g/files/vyhlif4181/f/pages/unofficial_results_ate_2024.pdf,https://jamesnicholsworley.github.io/civicatlasma/pdfs/Brimfield2024_d0.pdf,manual,medium,manual_ingest,70,Brimfield2024_d0.pdf,yes,yes,pdf_hosted,,,,published,official
Brimfield,2025,regular,yes,LEO,https://www.brimfieldma.org/sites/g/files/vyhlif4181/f/news/brimfield_local_town_election_june_12_2025_results_0.pdf,https://jamesnicholsworley.github.io/civicatlasma/pdfs/Brimfield2025_d0.pdf,scraper_sheet9,spraped,"CITATION DEAD, no replacement found 2026-08-21 (404 via curl_cffi chrome; the June 12 2025 results node redirects to /user/login and a Way); artifact is held locally | SOURCE RECOVERED 2026-08-21 (owner-supplied URL): Town Clerk Debra Fagerstrom's ""UNOFFICIAL RESULTS - Brimfield Annual Town Election June 12, 2025"", 2pp, 547 ballots. All 12 races close exactly on 547 x seats. Note the filename carries Drupal's _0 collision suffix - the same pattern that hides other towns' returns.",70,Brimfield2025_d0.pdf,yes,yes,pdf_hosted,,,,published,official
Brimfield,2026,regular,yes,custom-search-2026,https://www.brimfieldma.org/sites/g/files/vyhlif4181/f/news/brimfield_local_election_tally_sheet_may_21_2026.pdf,,,,,,,no,no,pdf_hosted,,,,published,official
Brockton,2021,regular,yes,LEO,https://brockton.ma.us/wp-content/uploads/2021/11/Nov2021_Unofficial_Election_Results.pdf,https://jamesnicholsworley.github.io/civicatlasma/pdfs/Brockton2021_d0.pdf,manual_sources,manual,,95,Brockton2021_d0.pdf,yes,yes,hosted,https://jamesnicholsworley.github.io/civicatlasma/markdown/Brockton2021.md,pypdf,,published,official
Brockton,2022,regular,no,CITY_ODD_YEAR_CYCLE,,,,,,,Brockton2022_d0.pdf,,no,no_election,,,,no_election,other
Brockton,2023,regular,yes,LEO,https://brockton.ma.us/wp-content/uploads/2023/11/2023-NOVEMBER-7.pdf,https://jamesnicholsworley.github.io/civicatlasma/pdfs/Brockton2023_d0.pdf,manual_sources,manual,refetch_curl,95,Brockton2023_d0.pdf,yes,yes,hosted,https://jamesnicholsworley.github.io/civicatlasma/markdown/Brockton2023.md,pypdf,,published,official
Brockton,2024,regular,no,CITY_ODD_YEAR_CYCLE,,,,,,,Brockton2024_d0.pdf,,no,no_election,,,,no_election,other
Brockton,2025,regular,yes,LEO,https://brockton.ma.us/wp-content/uploads/2025/12/Official-Recounted-November-2025-Election-Results.pdf,https://jamesnicholsworley.github.io/civicatlasma/pdfs/Brockton2025_d0.pdf,manual_city,manual,manual,100,Brockton2025_d0.pdf,yes,yes,hosted,https://jamesnicholsworley.github.io/civicatlasma/markdown/Brockton2025.md,pypdf,,published,official
Brockton,2026,regular,no,,,,,,"no_election: even-year row seeded from the 2024 cohort, 2026-08-19",,,,,,,,,no_election,other
Brookfield,2021,regular,yes,LEO,https://www.brookfieldma.us/wp-content/uploads/2026/01/atr_2021.pdf,https://jamesnicholsworley.github.io/civicatlasma/pdfs/Brookfield2021_d0.pdf,manual,high,manual_ingest,90,Brookfield2021_d0.pdf,yes,yes,pdf_hosted,,,,published,official
Brookfield,2022,regular,yes,ATR,https://www.brookfieldma.us/wp-content/uploads/2026/01/brookfield_tr_22_web_cc_0.pdf,https://jamesnicholsworley.github.io/civicatlasma/pdfs/Brookfield2022_d0.pdf,dive_atr,medium,atr_cropped,70,Brookfield2022_d0.pdf,yes,yes,pdf_hosted,,,,published,official
Brookfield,2023,regular,yes,LEO,https://www.brookfieldma.us/wp-content/uploads/2026/01/brookfield_tr_23_web_cc_1.pdf,https://jamesnicholsworley.github.io/civicatlasma/pdfs/Brookfield2023_d0.pdf,manual,spraped,runner_fetch2,70,Brookfield2023_d0.pdf,yes,yes,pdf_hosted,,,,published,official
Brookfield,2024,regular,yes,LEO,https://www.brookfieldma.us/wp-content/uploads/2026/01/brookfield_tr_24_web_cc_for_website.pdf,,manual,spraped,runner_fetch2,70,,no,no,pdf_hosted,,,,published,official
Brookfield,2025,regular,yes,NEWS,https://www.brookfieldma.us/annual-town-election-results-report/,,manual,high,YES,90,Brookfield2025_d0.pdf,,yes,hosted,https://jamesnicholsworley.github.io/civicatlasma/markdown/Brookfield2025.md,playwright+docling-2.66.0,,published,official
Brookfield,2026,regular,yes,cohort-2026,https://www.brookfieldma.us/wp-content/uploads/2026/05/Annual-Town-Election-Results.pdf,,,,,,,no,yes,hosted,,,,published,official
Brookline,2021,regular,yes,LEO,https://www.brooklinema.gov/DocumentCenter/View/24670/May-4-2021-Official-Results,https://jamesnicholsworley.github.io/civicatlasma/pdfs/Brookline2021_d0.pdf,manual_sources,manual,,95,Brookline2021_d0.pdf,yes,yes,hosted,https://jamesnicholsworley.github.io/civicatlasma/markdown/Brookline2021.md,pypdf,,published,official
Brookline,2022,regular,yes,LEO,https://www.brooklinema.gov/DocumentCenter/View/32231/UPDATED-5-10-2022-Unofficial-Election-Results-05-03-2022-PDF,https://jamesnicholsworley.github.io/civicatlasma/pdfs/Brookline2022_d0.pdf,manual_sources,manual,,95,Brookline2022_d0.pdf,yes,yes,hosted,https://jamesnicholsworley.github.io/civicatlasma/markdown/Brookline2022.md,pypdf,,published,official
Brookline,2023,regular,yes,LEO,https://www.brooklinema.gov/DocumentCenter/View/41390/Official-Annual-Town-Election-Results-May-2-2023-PDF,https://jamesnicholsworley.github.io/civicatlasma/pdfs/Brookline2023_d0.pdf,manual_sources,manual,,95,Brookline2023_d0.pdf,yes,yes,hosted,https://jamesnicholsworley.github.io/civicatlasma/markdown/Brookline2023.md,pypdf,,published,official
Brookline,2024,regular,yes,LEO,https://www.brooklinema.gov/DocumentCenter/View/50683/Election-Results-Annual-Town-Election-May-7-2024-PDF,https://jamesnicholsworley.github.io/civicatlasma/pdfs/Brookline2024_d0.pdf,manual_sources,manual,,95,Brookline2024_d0.pdf,yes,yes,hosted,https://jamesnicholsworley.github.io/civicatlasma/markdown/Brookline2024.md,pypdf,,published,official
Brookline,2025,regular,yes,LEO,https://www.brooklinema.gov/DocumentCenter/View/57605/Official-Results-Annual-Town-Election-May-6-2025-PDF,https://jamesnicholsworley.github.io/civicatlasma/pdfs/Brookline2025_d0.pdf,manual_sources,manual,,95,Brookline2025_d0.pdf,yes,yes,hosted,https://jamesnicholsworley.github.io/civicatlasma/markdown/Brookline2025.md,pypdf,,published,official
Brookline,2026,regular,yes,custom-search-2026,https://www.brooklinema.gov/DocumentCenter/View/62408/Official-Results-Annual-Town-Election-May-5-2026-PDF,,harvest-lead:sha256,,citation_proven_against_held_pdf,,,no,no,pdf_hosted,,,,published,official
Buckland,2021,regular,yes,LEO,https://www.town.buckland.ma.us/town-clerk/files/annual-town-election-results-2021,https://jamesnicholsworley.github.io/civicatlasma/pdfs/Buckland2021_d0.pdf,scraper_sheet9,spraped,,70,Buckland2021_d0.pdf,yes,yes,hosted,https://jamesnicholsworley.github.io/civicatlasma/markdown/Buckland2021.md,docling-2.66.0,,published,official
Buckland,2022,regular,yes,LEO,https://www.town.buckland.ma.us/sites/g/files/vyhlif356/f/uploads/ate_2022_results.pdf,https://jamesnicholsworley.github.io/civicatlasma/pdfs/Buckland2022_d0.pdf,scraper_sheet9,spraped,,70,Buckland2022_d0.pdf,yes,yes,hosted,https://jamesnicholsworley.github.io/civicatlasma/markdown/Buckland2022.md,docling-2.66.0,,published,official
Buckland,2023,regular,yes,LEO,https://www.town.buckland.ma.us/sites/g/files/vyhlif356/f/uploads/ate_results_2023.pdf,https://jamesnicholsworley.github.io/civicatlasma/pdfs/Buckland2023_d0.pdf,manual_sources,manual,,95,Buckland2023_d0.pdf,yes,yes,hosted,https://jamesnicholsworley.github.io/civicatlasma/markdown/Buckland2023.md,docling-2.66.0,,published,official
Buckland,2024,regular,yes,LEO,https://www.town.buckland.ma.us/town-clerk/files/ate-results-642024,https://jamesnicholsworley.github.io/civicatlasma/pdfs/Buckland2024_d0.pdf,scraper_sheet9,spraped,,70,Buckland2024_d0.pdf,yes,yes,hosted,https://jamesnicholsworley.github.io/civicatlasma/markdown/Buckland2024.md,docling-2.66.0,,published,official
Buckland,2025,regular,yes,LEO,https://www.town.buckland.ma.us/home/files/annual-town-election-results-632025,https://jamesnicholsworley.github.io/civicatlasma/pdfs/Buckland2025_d0.pdf,scraper_sheet9,spraped,,70,Buckland2025_d0.pdf,yes,yes,hosted,https://jamesnicholsworley.github.io/civicatlasma/markdown/Buckland2025.md,docling-2.66.0,,published,official
Buckland,2026,regular,yes,custom-search-2026,https://www.town.buckland.ma.us/town-clerk/files/ate-results-6226,,,,,,,no,no,pdf_hosted,,,,published,official
Burlington,2021,regular,yes,LEO,https://www.burlington.org/DocumentCenter/View/3694/Town-Election-2021,https://jamesnicholsworley.github.io/civicatlasma/pdfs/Burlington2021_d0.pdf,manual_sources,manual,,95,Burlington2021_d0.pdf,yes,yes,hosted,https://jamesnicholsworley.github.io/civicatlasma/markdown/Burlington2021.md,pypdf,,published,other
Burlington,2022,regular,yes,LEO,https://www.burlington.org/DocumentCenter/View/7205/Town-Election-2022,https://jamesnicholsworley.github.io/civicatlasma/pdfs/Burlington2022_d0.pdf,manual_sources,manual,,95,Burlington2022_d0.pdf,yes,yes,hosted,https://jamesnicholsworley.github.io/civicatlasma/markdown/Burlington2022.md,pypdf,,published,other
Burlington,2023,regular,yes,LEO,https://www.burlington.org/DocumentCenter/View/13011/Town-Election-2023,https://jamesnicholsworley.github.io/civicatlasma/pdfs/Burlington2023_d0.pdf,manual_sources,manual,,95,Burlington2023_d0.pdf,yes,yes,hosted,https://jamesnicholsworley.github.io/civicatlasma/markdown/Burlington2023.md,pypdf,,published,other
Burlington,2024,regular,yes,LEO,https://www.burlington.org/DocumentCenter/View/14668/Town-Election-2024,https://jamesnicholsworley.github.io/civicatlasma/pdfs/Burlington2024_d0.pdf,manual_sources,manual,,95,Burlington2024_d0.pdf,yes,yes,hosted,https://jamesnicholsworley.github.io/civicatlasma/markdown/Burlington2024.md,pypdf,,published,other
Burlington,2025,regular,yes,LEO,https://www.burlington.org/DocumentCenter/View/17564/Town-Election-2025,https://jamesnicholsworley.github.io/civicatlasma/pdfs/Burlington2025_d0.pdf,manual_sources,manual,,95,Burlington2025_d0.pdf,yes,yes,hosted,https://jamesnicholsworley.github.io/civicatlasma/markdown/Burlington2025.md,pypdf,,published,other
Burlington,2026,regular,yes,cohort-2026,https://burlington.org/DocumentCenter/View/20831,,,,,,,no,yes,hosted,,,,published,official
Cambridge,2021,regular,yes,LEO,https://www.cambridgema.gov/election2021/ccouncil-official/21CouncilFinal%20Round.htm,https://jamesnicholsworley.github.io/civicatlasma/pdfs/Cambridge2021_d0.pdf,collect-web,certified,"auto_resourced | RCV ROUNDS LANDED 2026-08-22 from Cambridge's own ChoicePlus Pro round-detail reports (https://www.cambridgema.gov/election2021/ccouncil-official/21CouncilFinal%20Round.htm). votes = first-preference count; winners carry elected=true; full per-round tally, elected/eliminated and exhausted pile stored under `rcv`, on the RCTab model. Every round checked: sum(tally)+exhausted == valid ballots. Prior record held School Committee at 4 seats for a 6-seat contest and no City Council at all.",,Cambridge2021_d0.pdf,yes,yes,hosted,https://jamesnicholsworley.github.io/civicatlasma/markdown/Cambridge2021.md,pypdf,,published,official
Cambridge,2022,regular,no,CITY_ODD_YEAR_CYCLE,,,,,,,Cambridge2022_d0.pdf,,no,no_election,,,,no_election,other
Cambridge,2023,regular,yes,LEO,https://www.cambridgema.gov/Election2023/Official/Council%20Round.htm,,crawl,certified,"crawl_verified | RCV ROUNDS LANDED 2026-08-22 from Cambridge's own ChoicePlus Pro round-detail reports (https://www.cambridgema.gov/Election2023/Official/Council%20Round.htm). votes = first-preference count; winners carry elected=true; full per-round tally, elected/eliminated and exhausted pile stored under `rcv`, on the RCTab model. Every round checked: sum(tally)+exhausted == valid ballots. Prior record held City Council only, as first choices by precinct, dated 2023-11-17 (the REPORT date; the election was 2023-11-07). School Committee added.",95,,no,no,hosted,,pypdf(recrawl),,published,official
Cambridge,2024,regular,no,CITY_ODD_YEAR_CYCLE,,,,,,,Cambridge2024_d0.pdf,,no,no_election,,,,no_election,other
Cambridge,2025,regular,yes,owner-directed-2026-08-19,https://www.cambridgema.gov/Election2025/Official/Council%20Round.htm,,manual_city,certified,"manual | RCV ROUNDS LANDED 2026-08-22 from Cambridge's own ChoicePlus Pro round-detail reports (https://www.cambridgema.gov/Election2025/Official/Council%20Round.htm). votes = first-preference count; winners carry elected=true; full per-round tally, elected/eliminated and exhausted pile stored under `rcv`, on the RCTab model. Every round checked: sum(tally)+exhausted == valid ballots. RE-SOURCED from /Election2025/Unofficial/ ('Unofficial Results (Friday) November 7, 2025') to /Election2025/Official/ ('Final Election Results November 14, 2025'): Council 25,355 valid/quota 2536 -> 25,366/2537, School Committee 23,104/3301 -> 23,115/3303, and first preferences move with them (McGovern 2863->2864, Al-Zubi 2489->2493, Sobrinho-Wheeler 1890->1892, Wilson 1031->1032).",100,,,no,hosted,,playwright+docling-2.66.0,https://www.cambridgema.gov/Departments/electioncommission/news/2025/11/2025municipalelectionofficialresultsnovember14thupdate,published,official
Cambridge,2026,regular,no,,,,,,"no_election: even-year row seeded from the 2024 cohort, 2026-08-19",,,,,,,,,no_election,other
Canton,2021,regular,yes,LEO,https://www.town.canton.ma.us/DocumentCenter/View/7878/2021-Town-Election-Results,https://jamesnicholsworley.github.io/civicatlasma/pdfs/Canton2021_d0.pdf,manual_sources,manual,,95,Canton2021_d0.pdf,yes,yes,hosted,https://jamesnicholsworley.github.io/civicatlasma/markdown/Canton2021.md,docling-2.66.0,,published,official
Canton,2022,regular,yes,ATR,file://C:\Users\Owner\documents\CivicAtlasMA\data\incoming\atrcrops\Canton2022_atr.pdf,https://jamesnicholsworley.github.io/civicatlasma/pdfs/Canton2022_d0.pdf,manual,manual,manual_ingest,95,Canton2022_d0.pdf,yes,no,pdf_hosted,,,https://www.town.canton.ma.us/DocumentCenter/View/10251/2022-State-Election-Results-PDF,published,official
Canton,2023,regular,yes,LEO,https://www.town.canton.ma.us/DocumentCenter/View/10443/2023-Annual-Town-Election-Results,https://jamesnicholsworley.github.io/civicatlasma/pdfs/Canton2023_d0.pdf,manual_sources,manual,,95,Canton2023_d0.pdf,yes,yes,hosted,https://jamesnicholsworley.github.io/civicatlasma/markdown/Canton2023.md,pypdf,,published,official
Canton,2024,regular,yes,LEO,https://www.town.canton.ma.us/DocumentCenter/View/11058/2024-Annual-Town-Election-Results,https://jamesnicholsworley.github.io/civicatlasma/pdfs/Canton2024_d0.pdf,manual_sources,manual,,95,Canton2024_d0.pdf,yes,yes,hosted,https://jamesnicholsworley.github.io/civicatlasma/markdown/Canton2024.md,pypdf,,published,official
Canton,2025,regular,yes,LEO,https://www.town.canton.ma.us/DocumentCenter/View/11848/2025-Annual-Town-Election-Results,,manual_sources,manual,"VISUAL REVIEW 2026-08-20: official tally sheet 2025-04-08, 7 precincts; seat counts corrected against the arithmetic (5103 = 1 x ballots); write-ins printed as ""Others""",95,,no,no,hosted,,pypdf,,published,official
Canton,2026,regular,yes,custom-search,https://www.town.canton.ma.us/DocumentCenter/View/13192/2026-Annual-Town-Election-Results,,,,"citation found 2026-08-23 by overlap: 59% of the held reading's words and 82% of its 49 tallies are on this page, and 26% of the page is in the reading",,,no,no,pdf_hosted,,,,published,official
Carlisle,2021,regular,yes,LEO,https://www.carlislema.gov/DocumentCenter/View/3313/2021-06-22-Annual-Town-Election-Results-PDF,https://jamesnicholsworley.github.io/civicatlasma/pdfs/Carlisle2021_d0.pdf,collect-exa,low,auto_resourced,70,Carlisle2021_d0.pdf,yes,yes,hosted,https://jamesnicholsworley.github.io/civicatlasma/markdown/Carlisle2021.md,pypdf,,published,official
Carlisle,2022,regular,yes,LEO,https://carlislema.gov/DocumentCenter/View/3954/2022-05-10-Annual-Town-Election-Results-PDF,https://jamesnicholsworley.github.io/civicatlasma/pdfs/Carlisle2022_d0.pdf,collect-exa,high,auto_resourced,70,Carlisle2022_d0.pdf,yes,yes,hosted,https://jamesnicholsworley.github.io/civicatlasma/markdown/Carlisle2022.md,pypdf,,published,official
Carlisle,2023,regular,yes,LEO,https://www.carlislema.gov/DocumentCenter/View/4904/2023-05-16-Annual-Town-Election-Results?bidId=,https://jamesnicholsworley.github.io/civicatlasma/pdfs/Carlisle2023_d0.pdf,manual_sources,manual,,95,Carlisle2023_d0.pdf,yes,yes,hosted,https://jamesnicholsworley.github.io/civicatlasma/markdown/Carlisle2023.md,pypdf,,published,official
Carlisle,2024,regular,yes,LEO,https://www.carlislema.gov/DocumentCenter/View/5926/2024-05-21-Town-Election-Results-Preliminary,,scraper_sheet9,high,state_doc_sweep:no_source,70,,no,no,pdf_hosted,,pypdf,https://www.carlislema.gov/DocumentCenter/View/5664/03-05-2024-Presidential-Primary-Preliminary-Results,published,official
Carlisle,2025,regular,yes,LEO,https://carlislema.gov/DocumentCenter/View/7369/Final-Results-20250603-Town-Election,https://jamesnicholsworley.github.io/civicatlasma/pdfs/Carlisle2025_d0.pdf,verified_yes,high,YES,90,Carlisle2025_d0.pdf,yes,yes,hosted,https://jamesnicholsworley.github.io/civicatlasma/markdown/Carlisle2025.md,pypdf,,published,official
Carlisle,2026,regular,yes,custom-search-2026,https://www.carlislema.gov/DocumentCenter/View/8688/ATE_Preliminary_Results_06-02-2026,,,,,,,no,no,pdf_hosted,,,,published,official
Carver,2021,regular,yes,NEWS,https://959watd.com/blog/2021/04/unofficial-carver-town-election-results/,,manual,high,pipeline:no_tally_361_chars,70,Carver2021_d0.pdf,no,no,published,,playwright+docling-2.66.0,https://www.carverma.gov/town-clerk/news/2021-annual-town-election-results,published,news
Carver,2022,regular,yes,LEO,https://www.carverma.gov/home/news/official-election-results-2022,,retracted_stale_condemnation,spraped,"condemnation_reason_no_longer_true: 36 tallies, all dates in 2022, 15 of 15 surnames grounded",70,,no,no,pdf_hosted,,playwright+docling-2.66.0,https://www.carverma.gov/home/news/official-election-results-2022 https://jamesnicholsworley.github.io/civicatlasma/pdfs/Carver2022.pdf,published,official
Carver,2023,regular,yes,NEWS,https://959watd.com/blog/2023/04/carver-town-election-results/,,manual_sources,manual,,95,Carver2023_d0.pdf,,yes,hosted,https://jamesnicholsworley.github.io/civicatlasma/markdown/Carver2023.md,playwright+docling-2.66.0,,published,news
Carver,2024,regular,yes,LEO,https://www.carverma.gov/town-clerk/files/2024-local-election-results,,crawl,high,crawl_verified,70,,no,no,hosted,,pdf_only(needs_ocr),,published,official
Carver,2025,regular,yes,owner-verified-2026-08-19,https://959watd.com/blog/2025/04/carver-election-results-2/,,crawl,spraped,crawl_xlsx_verified,70,,no,no,hosted,,xlsx+docling,https://www.carverma.gov/town-clerk/files/april-26-2025-annual-town-election-candidates,published,news
Carver,2026,regular,yes,cohort-2026,https://news.google.com/rss/articles/CBMia0FVX3lxTE9vUGVQdGx2TmJEVTVldFplbEMwSG9wVE9uak15WGExY24wa2lvYkVpelk2aUVXYTRDUjlhU2lreUc2WEVYZDhjQzA0WVF6SFFLNU9DejRBdFMyMUVpOVp5cFJGc0xrLWVrbVQ4?oc=5,,,,,,,no,yes,hosted,,,,published,news
Charlemont,2021,regular,yes,ATR,https://charlemont-ma.us/news/newsfile_20089_Town_Report_Year_ending_December_31_2021_assembled_0324.pdf,https://jamesnicholsworley.github.io/civicatlasma/pdfs/Charlemont2021_d0.pdf,verified_yes,medium,runner_fetch2,90,Charlemont2021_d0.pdf,yes,yes,pdf_hosted,,,,published,official
Charlemont,2022,regular,yes,ATR,https://www.charlemont-ma.us/files/Town_Report_for_year_ending_December_312022.pdf,https://jamesnicholsworley.github.io/civicatlasma/pdfs/Charlemont2022_d0.pdf,dive_atr,medium,atr_cropped,90,Charlemont2022_d0.pdf,yes,yes,pdf_hosted,,,,published,official
Charlemont,2023,regular,yes,LEO,https://charlemont-ma.us/news/newsfile_20139_2023_Annual_Election_Results.pdf,https://jamesnicholsworley.github.io/civicatlasma/pdfs/Charlemont2023_d0.pdf,manual_sources,manual,,95,Charlemont2023_d0.pdf,yes,yes,hosted,https://jamesnicholsworley.github.io/civicatlasma/markdown/Charlemont2023.md,pypdf,,published,official
Charlemont,2024,regular,yes,LEO,https://charlemont-ma.us/files/Town_Report__Year_end_2024_finished.pdf,https://jamesnicholsworley.github.io/civicatlasma/pdfs/Charlemont2024_d0.pdf,collect-web,medium,runner_fetch,90,Charlemont2024_d0.pdf,yes,yes,pdf_hosted,,,,published,official
Charlemont,2025,regular,yes,LEO,https://charlemont-ma.us/n/20209/June-3-Election-Results,,verified_yes,high,YES,90,Charlemont2025_d0.pdf,,yes,hosted,https://jamesnicholsworley.github.io/civicatlasma/markdown/Charlemont2025.md,wayback20251212+docling,,published,official
Charlemont,2026,regular,yes,custom-search,https://recorder.com/2026/06/04/karen-rau-retains-seat/,,,,"landed 2026-09-01 from the Greenfield Recorder, 4 June 2026, via the WordPress REST API (/wp-json/wp/v2/posts returns content.rendered IN FULL; the rendered page is paywalled). Election Tuesday 2 June 2026; 131 of 961 = 13.6%, per Town Clerk Thorne Palmer. Assessors contested: Rau 85 / Sinclair 21. Eleven uncontested offices ALL with counts. THREE SEATS WON BY WRITE-INS AND NOT YET ACCEPTED (Board of Health Lingle 44, Planning 1yr Mirin 3, Mohawk Trail Smith 35) - the article says they must still accept or decline; do not seat them. No blanks reported.",,,no,no,missing,,,https://charlemont-ma.us/p/24/Town-Clerk,published,news
Charlton,2021,regular,yes,NEWS,https://jwevans.co/2021/05/01/5-1-2021-annual-town-election-results-charlton-mass/,,manual_sources,manual,wayback_render,95,Charlton2021_d0.pdf,no,yes,hosted,https://jamesnicholsworley.github.io/civicatlasma/markdown/Charlton2021.md,wayback+docling-2.66.0,,published,news
Charlton,2022,regular,yes,NEWS,https://jwevans.co/2022/05/07/5-7-2022-annual-town-election-results-charlton-mass/,,manual_sources,manual,,95,Charlton2022_d0.pdf,,yes,hosted,https://jamesnicholsworley.github.io/civicatlasma/markdown/Charlton2022.md,playwright+docling-2.66.0,,published,news
Charlton,2023,regular,yes,atr-2026-08-22-2023.pdf,,https://jamesnicholsworley.github.io/civicatlasma/pdfs/Charlton2023_d0.pdf,annual_town_report_crop,manual,"cropped from the Charlton annual town report, pp 184,185,186; election date 2023-05-06 read off the page by atr_verify",95,Charlton2023_d0.pdf,yes,no,pdf_hosted,,docling-html,https://www.townofcharlton.net/DocumentCenter/,published,official
Charlton,2024,regular,yes,LEO,https://www.townofcharlton.net/DocumentCenter/View/4359/UNOFFICIAL-Tally-ATE-2024?bidId=,https://jamesnicholsworley.github.io/civicatlasma/pdfs/Charlton2024_d0.pdf,manual_sources,manual,,95,Charlton2024_d0.pdf,yes,yes,hosted,https://jamesnicholsworley.github.io/civicatlasma/markdown/Charlton2024.md,docling-2.66.0,,published,official
Charlton,2025,regular,yes,LEO,https://www.townofcharlton.net/DocumentCenter/View/4888/Official-Tally-2025-Annual-Town-Election,https://jamesnicholsworley.github.io/civicatlasma/pdfs/Charlton2025_d0.pdf,manual_sources,manual,,95,Charlton2025_d0.pdf,yes,yes,hosted,https://jamesnicholsworley.github.io/civicatlasma/markdown/Charlton2025.md,docling-2.66.0,,published,official
Charlton,2026,regular,yes,cohort-2026,https://townofcharlton.net/DocumentCenter/View/5637/Annual-Town-Election---May-2026-PDF,,,,,,,no,yes,hosted,,,,published,official
Chatham,2021,regular,yes,LEO,https://www.chatham-ma.gov/DocumentCenter/View/7945/2021--ATE-June-17-2021-Minutes-PDF,,manual,medium,runner_fetch2,70,,no,no,published,,,https://www.chatham-ma.gov/DocumentCenter/View/1937/Notice-to-All-Municipal-Employees-PDF,published,official
Chatham,2022,regular,yes,LEO,https://chathamrecycles.org/DocumentCenter/View/7946/2022--ATE-May-19-2022-Minutes-PDF,https://jamesnicholsworley.github.io/civicatlasma/pdfs/Chatham2022_d0.pdf,manual,high,manual_ingest,90,Chatham2022_d0.pdf,yes,yes,pdf_hosted,,,,published,other
Chatham,2023,regular,yes,LEO,https://www.chatham-ma.gov/DocumentCenter/View/7947/2023--ATE-May-11-2023-Minutes-PDF,,manual,manual,runner_fetch2,95,,no,no,published,,,https://www.chatham-ma.gov/DocumentCenter/View/5314/Our-Perspective-on-Electronic-Voting-at-Town-Meeting---January-2023-PDF,published,official
Chatham,2024,regular,yes,LEO,https://www.chatham-ma.gov/DocumentCenter/View/7368/2024--May-16-2024-ATE-Minutes-PDF,https://jamesnicholsworley.github.io/civicatlasma/pdfs/Chatham2024_d0.pdf,manual,high,manual_ingest,90,Chatham2024_d0.pdf,yes,yes,pdf_hosted,,,,published,official
Chatham,2025,regular,yes,LEO,https://www.chatham-ma.gov/DocumentCenter/View/9524/2025--ATE-May-15-2025-Minutes-PDF,https://jamesnicholsworley.github.io/civicatlasma/pdfs/Chatham2025_d0.pdf,verified_yes,scraped,replacement_verified,90,,yes,no,hosted,,pypdf,,published,official
Chatham,2026,regular,yes,custom-search-2026,https://www.chatham-ma.gov/DocumentCenter/View/8736/May-15-2025---Annual-Town-Election-Preliminary-Results-PDF,,,,,,,no,no,pdf_hosted,,,,published,official
Chelmsford,2021,regular,yes,LEO,https://www.chelmsfordma.gov/DocumentCenter/View/12418/OFFICIAL-ELECTION-RESULTS-APRIL-6-2021,https://jamesnicholsworley.github.io/civicatlasma/pdfs/Chelmsford2021_d0.pdf,manual_sources,manual,,95,Chelmsford2021_d0.pdf,yes,yes,hosted,https://jamesnicholsworley.github.io/civicatlasma/markdown/Chelmsford2021.md,pypdf,,published,official
Chelmsford,2022,regular,yes,LEO,https://www.chelmsfordma.gov/DocumentCenter/View/14077/OFFICIAL-RESULTS-2022-04-05-ATE,https://jamesnicholsworley.github.io/civicatlasma/pdfs/Chelmsford2022_d0.pdf,manual_sources,manual,,95,Chelmsford2022_d0.pdf,yes,yes,hosted,https://jamesnicholsworley.github.io/civicatlasma/markdown/Chelmsford2022.md,pypdf,,published,official
Chelmsford,2023,regular,yes,LEO,https://www.townofchelmsford.us/DocumentCenter/View/15564/OFFICIAL-RESULTS-Local-Election-2023-04-04,https://jamesnicholsworley.github.io/civicatlasma/pdfs/Chelmsford2023_d0.pdf,manual_sources,manual,,95,Chelmsford2023_d0.pdf,yes,yes,hosted,https://jamesnicholsworley.github.io/civicatlasma/markdown/Chelmsford2023.md,pypdf,,published,official
Chelmsford,2024,regular,yes,LEO,https://chelmsfordma.gov/DocumentCenter/View/17381/Official-Results-04-02-2024,https://jamesnicholsworley.github.io/civicatlasma/pdfs/Chelmsford2024_d0.pdf,manual_sources,manual,,95,Chelmsford2024_d0.pdf,yes,yes,hosted,https://jamesnicholsworley.github.io/civicatlasma/markdown/Chelmsford2024.md,pypdf,,published,official
Chelmsford,2025,regular,yes,LEO,https://www.chelmsfordma.gov/DocumentCenter/View/19774/OFFICIAL-RESULTS,https://jamesnicholsworley.github.io/civicatlasma/pdfs/Chelmsford2025_d0.pdf,manual_sources,manual,,95,Chelmsford2025_d0.pdf,yes,yes,hosted,https://jamesnicholsworley.github.io/civicatlasma/markdown/Chelmsford2025.md,pypdf,,published,official
Chelmsford,2026,regular,yes,cohort-2026,https://chelmsfordma.gov/DocumentCenter/View/22323/OFFICIAL-RESULTS,,,,,,,no,yes,hosted,,,,published,official
Chelsea,2021,regular,yes,LEO,"https://cms5.revize.com/revize/chelseama/Document_Center/Departments/City%20Clerk/Elections,%20Voting%20&%20Campaign%20Finance/Election%20Results/official_results_november_2_2021_municipal_election.pdf",https://jamesnicholsworley.github.io/civicatlasma/pdfs/Chelsea2021_d0.pdf,manual_sources,manual,,95,Chelsea2021_d0.pdf,yes,yes,hosted,https://jamesnicholsworley.github.io/civicatlasma/markdown/Chelsea2021.md,pypdf,,published,other
Chelsea,2022,regular,no,CITY_ODD_YEAR_CYCLE,,,,,,,Chelsea2022_d0.pdf,,no,no_election,,,,no_election,other
Chelsea,2023,regular,yes,LEO,"https://cms5.revize.com/revize/chelseama/Document_Center/Departments/City%20Clerk/Elections,%20Voting%20&%20Campaign%20Finance/2023%20Election%20Info/November%207%202023%20City%20Election%20Official%20Results.pdf",https://jamesnicholsworley.github.io/civicatlasma/pdfs/Chelsea2023_d0.pdf,manual_sources,manual,,95,Chelsea2023_d0.pdf,yes,yes,hosted,https://jamesnicholsworley.github.io/civicatlasma/markdown/Chelsea2023.md,docling-2.66.0,,published,other
Chelsea,2024,regular,no,CITY_ODD_YEAR_CYCLE,,,,,,,Chelsea2024_d0.pdf,,no,no_election,,,,no_election,other
Chelsea,2025,regular,yes,LEO,https://www.chelseama.gov/Document_Center/Departments/City%20Clerk/Elections%2C%20Voting%20%26%20Campaign%20Finance/Election%20Results/Official%20City%20Election%20Summary%20and%20Precinct%20Results%2011.4.25.pdf,https://jamesnicholsworley.github.io/civicatlasma/pdfs/Chelsea2025_d0.pdf,manual_city,manual,manual | CITATION REPAIRED 2026-08-21 (live URL recovered): 200 via curl_cffi chrome; same 18pg file moved folder to Election Results; Chelsea Nov 4 2025 city election official sum,100,Chelsea2025_d0.pdf,yes,yes,hosted,https://jamesnicholsworley.github.io/civicatlasma/markdown/Chelsea2025.md,docling-2.66.0,,published,other
Chelsea,2026,regular,no,,,,,,"no_election: even-year row seeded from the 2024 cohort, 2026-08-19",,,,,,,,,no_election,other
Cheshire,2021,regular,yes,ATR,https://storage.googleapis.com/juniper-media-library/56/2024/01/2021 Annual Town Report.pdf,https://jamesnicholsworley.github.io/civicatlasma/pdfs/Cheshire2021_d0.pdf,dive_atr,low,atr_cropped,70,Cheshire2021_d0.pdf,yes,yes,pdf_hosted,,,,published,official
Cheshire,2022,regular,yes,LEO,"https://storage.googleapis.com/juniper-media-library/56/2024/01/Election Results May 2, 2022.pdf",https://jamesnicholsworley.github.io/civicatlasma/pdfs/Cheshire2022_d0.pdf,manual,low,manual_ingest,70,Cheshire2022_d0.pdf,yes,yes,pdf_hosted,,,,published,official
Cheshire,2023,regular,yes,NEWS,https://www.iberkshires.com/story/71653/Cheshire-Election-2023-.html,,manual_sources,manual,,95,Cheshire2023_d0.pdf,,yes,hosted,https://jamesnicholsworley.github.io/civicatlasma/markdown/Cheshire2023.md,playwright+docling-2.66.0,,published,news
Cheshire,2024,regular,yes,NEWS,https://www.iberkshires.com/story/75267/Adams-Picks-Select-Board-Candidates-Cheshire-Nixes-Appointed-Assessor-.html,,manual,high,unrecovered_landing,90,Cheshire2024_d0.pdf,no,yes,hosted,https://jamesnicholsworley.github.io/civicatlasma/markdown/Cheshire2024.md,playwright+docling-2.66.0,,published,news
Cheshire,2025,regular,yes,LEO,https://cheshire-ma.gov/news-and-notices/town-election-updateresults/,,verified_yes,high,YES,90,,,no,hosted,,playwright+docling-2.66.0,,published,official
Cheshire,2026,regular,yes,cohort-2026,https://cheshire-ma.gov/news-and-notices/official-results-annual-town-election-542026,,,,,,,no,yes,hosted,,,,published,official
Chester,2021,regular,yes,LEO,https://townofchester.net/wp-content/uploads/2021/05/Chester-election-results-050121.pdf,https://jamesnicholsworley.github.io/civicatlasma/pdfs/Chester2021_d0.pdf,manual,high,manual_ingest,70,Chester2021_d0.pdf,yes,yes,pdf_hosted,,,,published,official
Chester,2022,regular,yes,harvest-lead,https://townofchester.net/wp-content/uploads/2022/05/election-results-20220507.pdf,https://jamesnicholsworley.github.io/civicatlasma/pdfs/Chester2022_d0.pdf,manual,high,manual_ingest,90,Chester2022_d0.pdf,yes,no,pdf_hosted,,,https://www.auburnma.gov/Archive.aspx?ADID=1528 https://jamesnicholsworley.github.io/civicatlasma/pdfs/Chester2022.pdf,published,official
Chester,2023,regular,yes,LEO,https://archives.thereminder.com/localnews/hilltowns/no-contests-on-ballot-low-turnout-on-election-day-/,,verified_yes,high,"landed 2026-09-01 from the Reminder archive index sweep (news; Reminder Publishing, ""No contests on ballot, low turnout on ); artifact only, parse and gate follow",90,,no,no,published,,docling-html,https://townofchester.net/2025/05/town-election-results-may-3-2025/,published,news
Chester,2024,regular,yes,owner-supplied-2026-08-23-small_towns_ingest_2,https://townofchester.net/wp-content/uploads/2024/05/Election-results-5-4-2024.pdf,https://jamesnicholsworley.github.io/civicatlasma/pdfs/Chester2024_d0.pdf,manual,high,manual_ingest,90,Chester2024_d0.pdf,yes,no,pdf_hosted,,,https://townofchester.net/wp-content/uploads/2024/04/Chester-town-election-and-meeting-schedule-2024.pdf,published,
Chester,2025,regular,yes,LEO,https://townofchester.net/wp-content/uploads/2025/05/Town-election-results-5-3-25.pdf,https://jamesnicholsworley.github.io/civicatlasma/pdfs/Chester2025_d0.pdf,crawl,high,crawl_verified,90,Chester2025_d0.pdf,yes,yes,hosted,https://jamesnicholsworley.github.io/civicatlasma/markdown/Chester2025.md,pypdf(recrawl),,published,official
Chester,2026,regular,yes,cohort-2026,https://townofchester.net/wp-content/uploads/2026/05/Town-election-results-5-2-26.pdf,,,,,,,no,yes,hosted,,,,published,official
Chesterfield,2021,regular,yes,LEO,https://gazettenet.com/2021/05/04/chesterfield-election-results-40298383/,,manual,medium,"landed 2026-09-01: Daily Hampshire Gazette 4 May 2021, read via /wp-json/wp/v2/posts (rendered page paywalled). Election Monday 3 May 2021; 54 of 972 = 5.6%, the lowest since at least 1988 per Town Clerk Sandy Wickland. No contested races. Only counts reported: Select Board Fuller 39, write-in Severance 7. THREE SEATS HAD NO CANDIDATE AND WRITE-INS FAILED TO FILL ANY: Hampshire Regional SC 1yr (Shiels-Willard, sole vote, DECLINED), Hampshire Regional SC 3yr (four-way tie at 1 vote), Planning Board 2yr (five-way tie). Record all three vacant.",90,,no,no,published,,,https://townofchesterfieldma.com/attachments/article/95/Chesterfield%20Municipal%20Needs%20Survey%202020.pdf,published,news
Chesterfield,2022,regular,yes,LEO,https://www.townofchesterfieldma.com/sites/g/files/vyhlif7606/f/uploads/municipal_retention_schedule_20220901.pdf,https://jamesnicholsworley.github.io/civicatlasma/pdfs/Chesterfield2022_d0.pdf,manual,medium,manual_ingest,70,Chesterfield2022_d0.pdf,yes,yes,pdf_hosted,,,,published,official
Chesterfield,2023,regular,yes,LEO,https://www.townofchesterfieldma.com/sites/g/files/vyhlif7606/f/minutes/town_election_5-1-2023_election_results.pdf,https://jamesnicholsworley.github.io/civicatlasma/pdfs/Chesterfield2023_d0.pdf,manual_sources,manual,,95,Chesterfield2023_d0.pdf,yes,yes,hosted,https://jamesnicholsworley.github.io/civicatlasma/markdown/Chesterfield2023.md,pypdf,,published,official
Chesterfield,2024,regular,yes,LEO,https://www.townofchesterfieldma.com/sites/g/files/vyhlif7606/f/minutes/town_election_5-6-2024.pdf,https://jamesnicholsworley.github.io/civicatlasma/pdfs/Chesterfield2024_d0.pdf,verified_yes,scraped,YES,90,Chesterfield2024_d0.pdf,yes,yes,hosted,https://jamesnicholsworley.github.io/civicatlasma/markdown/Chesterfield2024.md,pypdf,,published,official
Chesterfield,2025,regular,yes,LEO,https://www.townofchesterfieldma.com/town-clerk/files/open-meeting-law-updated-june-2025,https://jamesnicholsworley.github.io/civicatlasma/pdfs/Chesterfield2025_d0.pdf,crawl,high,unrecovered_landing,90,Chesterfield2025_d0.pdf,yes,yes,pdf_hosted,,,,published,official
Chesterfield,2026,regular,yes,cohort-2026,wayback-recovery,,,,,,,no,yes,hosted,,,,published,official
Chicopee,2021,regular,yes,LEO,https://www.chicopeema.gov/DocumentCenter/View/13505/November-2-2021-Municipal-Election-Summary-Report,https://jamesnicholsworley.github.io/civicatlasma/pdfs/Chicopee2021_d0.pdf,manual_sources,manual,,95,Chicopee2021_d0.pdf,yes,yes,hosted,https://jamesnicholsworley.github.io/civicatlasma/markdown/Chicopee2021.md,docling-2.66.0,,published,official
Chicopee,2022,regular,no,CITY_ODD_YEAR_CYCLE,,,,,,,Chicopee2022_d0.pdf,,no,no_election,,,,no_election,other
Chicopee,2023,regular,yes,LEO,https://www.chicopeema.gov/DocumentCenter/View/17619/November-7-2023---Municipal-Election-Summary-Report,https://jamesnicholsworley.github.io/civicatlasma/pdfs/Chicopee2023_d0.pdf,manual_sources,manual,,95,Chicopee2023_d0.pdf,yes,yes,hosted,https://jamesnicholsworley.github.io/civicatlasma/markdown/Chicopee2023.md,docling-2.66.0,,published,official
Chicopee,2024,regular,no,CITY_ODD_YEAR_CYCLE,,,,,,,Chicopee2024_d0.pdf,,no,no_election,,,,no_election,other
Chicopee,2025,regular,yes,LEO,https://www.chicopeema.gov/DocumentCenter/View/21409/November-4-2025-Municipal-Election--Summary-Report,https://jamesnicholsworley.github.io/civicatlasma/pdfs/Chicopee2025_d0.pdf,manual_city,manual,manual,100,Chicopee2025_d0.pdf,yes,yes,hosted,https://jamesnicholsworley.github.io/civicatlasma/markdown/Chicopee2025.md,docling-2.66.0,,published,official
Chicopee,2026,regular,no,,,,,,"no_election: even-year row seeded from the 2024 cohort, 2026-08-19",,,,,,,,,no_election,other
Chilmark,2021,regular,yes,LEO,https://www.chilmarkma.gov/town-clerk/town-meeting/pages/annual-town-meeting-warrants,https://jamesnicholsworley.github.io/civicatlasma/pdfs/Chilmark2021_d0.pdf,scraper_sheet9,medium,,70,Chilmark2021_d0.pdf,yes,yes,pdf_hosted,,,,published,official
Chilmark,2022,regular,yes,ATR,https://www.chilmarkma.gov/sites/g/files/vyhlif8411/f/uploads/chilmark_town_report_2024.pdf,,scraper_sheet9,medium,"condemnation_retracted_2026-08-23: the held document is 'Town of Chilmark ANNUAL TOWN ELECTION April 27, 2022' and shares 89% of its vocabulary with the condemned URL. The condemnation said 'document dated 2024-04-24', which is not what this row now holds.",70,,no,no,pdf_hosted,,,https://www.chilmarkma.gov/sites/g/files/vyhlif8411/f/uploads/chilmark_town_report_2024.pdf https://jamesnicholsworley.github.io/civicatlasma/pdfs/Chilmark2022.pdf,published,official
Chilmark,2023,regular,yes,LEO,https://www.chilmarkma.gov/sites/g/files/vyhlif8411/f/uploads/chilmark_04262023_annual_town_election_results_for_vault_book.pdf,https://jamesnicholsworley.github.io/civicatlasma/pdfs/Chilmark2023_d0.pdf,manual_sources,manual,,95,Chilmark2023_d0.pdf,yes,yes,hosted,https://jamesnicholsworley.github.io/civicatlasma/markdown/Chilmark2023.md,docling-2.66.0,,published,official
Chilmark,2024,regular,yes,LEO,https://www.chilmarkma.gov/sites/g/files/vyhlif8411/f/uploads/chilmark_town_report_2024.pdf,,collect-crawl,medium,"refiled:from Chilmark2022, document dated 2024-04-24",70,,no,no,pdf_hosted,,,https://www.sec.state.ma.us/divisions/elections/download/research-and-statistics/IFV_2024.pdf,published,official
Chilmark,2025,regular,yes,LEO,https://www.chilmarkma.gov/sites/g/files/vyhlif8411/f/uploads/town_of_chilmark_annual_town_election_apr_30_2025_final_tally_sheet_results.pdf,https://jamesnicholsworley.github.io/civicatlasma/pdfs/Chilmark2025_d0.pdf,manual,high,manual_ingest,70,Chilmark2025_d0.pdf,yes,yes,pdf_hosted,,,,published,official
Chilmark,2026,regular,yes,custom-search-2026,https://www.chilmarkma.gov/sites/g/files/vyhlif8411/f/uploads/town_of_chilmark_annual_town_election_final_tally_results_04292026.pdf,,,,,,,no,no,pdf_hosted,,,,published,official
Clarksburg,2021,regular,yes,NEWS,https://clarksburgma.gov/annual-town-election-results,,manual,high,,70,,,no,hosted,,playwright+docling-2.66.0,,published,official
Clarksburg,2022,regular,yes,LEO,https://clarksburgma.gov/2022-annual-town-election-results?ref_url_id=14016,,collect-page,medium,html_render,70,,,no,hosted,,trafilatura,,published,official
Clarksburg,2023,regular,yes,LEO,https://clarksburgma.gov/2023-election-results?ref_url_id=14016,,manual_sources,manual,,95,Clarksburg2023_d0.pdf,,yes,hosted,https://jamesnicholsworley.github.io/civicatlasma/markdown/Clarksburg2023.md,playwright+docling-2.66.0,,published,official
Clarksburg,2024,regular,yes,LEO,https://clarksburgma.gov/2024-town-election-results?ref_url_id=14023,,verified_yes,high,YES,90,Clarksburg2024_d0.pdf,,yes,hosted,https://jamesnicholsworley.github.io/civicatlasma/markdown/Clarksburg2024.md,playwright+docling-2.66.0,,published,official
Clarksburg,2025,regular,yes,LEO,https://clarksburgma.gov/2025-town-election-results?ref_url_id=14016,,verified_yes,high,YES,90,,,no,hosted,,playwright+docling-2.66.0,,published,official
Clarksburg,2026,regular,yes,cohort-2026,https://clarksburgma.gov/2026-town-election-results?ref_url_id=14023,,,,,,,no,yes,hosted,,,,published,official
Clinton,2021,regular,yes,LEO,https://www.clintonma.gov/DocumentCenter/View/2344/2021-Town-Election-Results-PDF,,manual_sources,manual,,95,,no,no,hosted,,pypdf,,published,official
Clinton,2022,regular,yes,LEO,https://www.clintonma.gov/DocumentCenter/View/1632,,collect-web,,auto_resourced,,,no,no,hosted,,pypdf,https://www.clintonma.gov/DocumentCenter/View/1632,published,official
Clinton,2023,regular,yes,LEO,https://www.clintonma.gov/DocumentCenter/View/2985/2023-Town-Election-Results?bidId=,,manual_sources,manual,,95,,no,no,hosted,,pypdf,,published,official
Clinton,2024,regular,yes,LEO,https://www.clintonma.gov/DocumentCenter/View/3400/Town-Election-Results-June-2024,https://jamesnicholsworley.github.io/civicatlasma/pdfs/Clinton2024_d0.pdf,manual_sources,manual,,95,Clinton2024_d0.pdf,yes,yes,hosted,https://jamesnicholsworley.github.io/civicatlasma/markdown/Clinton2024.md,pypdf,,published,official
Clinton,2025,regular,yes,LEO,https://www.clintonma.gov/DocumentCenter/View/3636,,crawl,manual,crawl_xlsx_verified,95,Clinton2025_d0.pdf,no,yes,hosted,https://jamesnicholsworley.github.io/civicatlasma/markdown/Clinton2025.md,xlsx+docling,,published,official
Clinton,2026,regular,yes,cohort-2026,https://clintonma.gov/DocumentCenter/View/4191,,,,,,,no,no,hosted,,,,published,official
Cohasset,2021,regular,yes,LEO,https://www.cohassetma.gov/DocumentCenter/View/4269/ATE_2021_06_05,https://jamesnicholsworley.github.io/civicatlasma/pdfs/Cohasset2021_d0.pdf,crawl,high,crawl_verified,90,Cohasset2021_d0.pdf,yes,yes,hosted,https://jamesnicholsworley.github.io/civicatlasma/markdown/Cohasset2021.md,pypdf(recrawl),,published,official
Cohasset,2022,regular,yes,LEO,https://www.cohassetma.org/DocumentCenter/View/5654/Town-Election-May-14-2022_Final-Results?bidId=,https://jamesnicholsworley.github.io/civicatlasma/pdfs/Cohasset2022_d0.pdf,verified_yes,scraped,YES,90,Cohasset2022_d0.pdf,yes,yes,hosted,https://jamesnicholsworley.github.io/civicatlasma/markdown/Cohasset2022.md,pypdf,,published,official
Cohasset,2023,regular,yes,LEO,https://www.cohassetma.org/DocumentCenter/View/9158/ATE-2023_05_13---Final-Tabulation-Sheet-PDF-updated-5-19-2023,https://jamesnicholsworley.github.io/civicatlasma/pdfs/Cohasset2023_d0.pdf,manual_sources,manual,,95,Cohasset2023_d0.pdf,yes,yes,hosted,https://jamesnicholsworley.github.io/civicatlasma/markdown/Cohasset2023.md,pypdf,,published,official
Cohasset,2024,regular,yes,LEO,https://www.cohassetma.gov/DocumentCenter/View/11913/Official-Results-ATE-2024_06_08,https://jamesnicholsworley.github.io/civicatlasma/pdfs/Cohasset2024_d0.pdf,manual,high,manual_ingest,90,Cohasset2024_d0.pdf,yes,yes,pdf_hosted,,,,published,official
Cohasset,2025,regular,yes,LEO,https://www.cohassetma.gov/DocumentCenter/View/13503/ATE-2025_05_17-Official-Results,https://jamesnicholsworley.github.io/civicatlasma/pdfs/Cohasset2025_d0.pdf,manual,high,manual_ingest,90,Cohasset2025_d0.pdf,yes,yes,pdf_hosted,,,,published,official
Cohasset,2026,regular,yes,cohort-2026,https://cohassetma.org/DocumentCenter/View/15026/OFFICIAL-ELECTION-RESULTS-ATE-2026_05_09,,,,,,,no,yes,hosted,,,,published,official
Colrain,2021,regular,yes,owner-supplied-2026-08-23-small_towns_ingest_3,https://recorder.com/2021/05/04/with-write-in-votes-thomas-griffin-elected-to-colrain-selectboard-40299874/,https://jamesnicholsworley.github.io/civicatlasma/pdfs/Colrain2021_d0.pdf,manual,scraped,manual_ingest,90,Colrain2021_d0.pdf,yes,no,pdf_hosted,,ocr-text,https://colrain-ma.gov/files/Town__Special__Election_Voted__2021-09-07.pdf https://jamesnicholsworley.github.io/civicatlasma/pdfs/Colrain2021.pdf,published,news
Colrain,2022,regular,yes,LEO,https://colrain-ma.gov/news/7/Election-News,,verified_yes,medium,YES,90,,,no,hosted,,playwright+docling-2.66.0,,published,official
Colrain,2023,regular,yes,LEO,https://colrain-ma.gov/news/newsfile_24627_Final_Tally_Results_Town_Election_05022023_ColrainMA.pdf,https://jamesnicholsworley.github.io/civicatlasma/pdfs/Colrain2023_d0.pdf,manual_sources,manual,,95,Colrain2023_d0.pdf,yes,yes,hosted,https://jamesnicholsworley.github.io/civicatlasma/markdown/Colrain2023.md,pypdf,,published,official
Colrain,2024,regular,yes,LEO,https://colrain-ma.gov/files/Town_Election_Results_2024-05-07.pdf,https://jamesnicholsworley.github.io/civicatlasma/pdfs/Colrain2024_d0.pdf,verified_yes,scraped,YES,90,Colrain2024_d0.pdf,yes,yes,hosted,https://jamesnicholsworley.github.io/civicatlasma/markdown/Colrain2024.md,pypdf,,published,official
Colrain,2025,regular,yes,LEO,https://colrain-ma.gov/files/Town_Election_Results_2025-05-13.pdf,https://jamesnicholsworley.github.io/civicatlasma/pdfs/Colrain2025_d0.pdf,verified_yes,scraped,YES,90,Colrain2025_d0.pdf,yes,yes,hosted,https://jamesnicholsworley.github.io/civicatlasma/markdown/Colrain2025.md,pypdf,,published,official
Colrain,2026,regular,yes,custom-search,https://colrain-ma.gov/library/image_7fnfbxrxr8v0.png,,,,"REPOINTED 2026-09-03: The record was the 2025 return. Colrain 2026 cites the town news INDEX, which lists every year, and the 2026 post publishes its results as an image the conversion could not read -- so the parse took the 2025 table further down the page and swapped in one name from the 2026 candidate announcement, crediting Dwight Harrison with the 163 votes Nicholas Anzuoni drew in 2025. Read off the image: Town Election, May 12th, 2026, 1,449 registered, 79 ballots, and every contest closes on 79 -- Library Trustees on 158, which is two seats. The Constable contest is a declared FAILURE TO ELECT with two write-ins tied on three.",,,no,no,hosted,,,https://colrain-ma.gov/news,published,official
Concord,2021,regular,yes,LEO,https://concordma.gov/DocumentCenter/View/28663/2021-03-25-Official-Tally-Town-Election,https://jamesnicholsworley.github.io/civicatlasma/pdfs/Concord2021_d0.pdf,manual_sources,manual,,95,Concord2021_d0.pdf,yes,yes,hosted,https://jamesnicholsworley.github.io/civicatlasma/markdown/Concord2021.md,pypdf,,published,official
Concord,2022,regular,yes,LEO,https://concordma.gov/DocumentCenter/View/35993/April-12-2022-Annual-Town-Election-Unofficial-Results,https://jamesnicholsworley.github.io/civicatlasma/pdfs/Concord2022_d0.pdf,manual_sources,manual,,95,Concord2022_d0.pdf,yes,yes,hosted,https://jamesnicholsworley.github.io/civicatlasma/markdown/Concord2022.md,pypdf,,published,official
Concord,2023,regular,yes,LEO,https://concordma.gov/DocumentCenter/View/41598/2023-03-28-Official-Election-Results,https://jamesnicholsworley.github.io/civicatlasma/pdfs/Concord2023_d0.pdf,manual_sources,manual,,95,Concord2023_d0.pdf,yes,yes,hosted,https://jamesnicholsworley.github.io/civicatlasma/markdown/Concord2023.md,pypdf,,published,official
Concord,2024,regular,yes,LEO,https://concordma.gov/DocumentCenter/View/48018/2024-04-09_Official_Election-Results,https://jamesnicholsworley.github.io/civicatlasma/pdfs/Concord2024_d0.pdf,manual_sources,manual,,95,Concord2024_d0.pdf,yes,yes,hosted,https://jamesnicholsworley.github.io/civicatlasma/markdown/Concord2024.md,pypdf,,published,official
Concord,2025,regular,yes,LEO,https://concordma.gov/DocumentCenter/View/54741/20250408_Official_Election_Results,https://jamesnicholsworley.github.io/civicatlasma/pdfs/Concord2025_d0.pdf,manual_sources,manual,,95,Concord2025_d0.pdf,yes,yes,hosted,https://jamesnicholsworley.github.io/civicatlasma/markdown/Concord2025.md,pypdf,,published,official
Concord,2026,regular,yes,custom-search,https://concordma.gov/DocumentCenter/View/60520,,custom-search:recovered,,citation_recovered_by_rerunning_the_search_that_found_it; document text matches the held copy,,,no,no,pdf_hosted,,,,published,official
Conway,2021,regular,yes,owner-supplied-2026-08-23-small_towns_ingest_3,https://recorder.com/2021/06/11/three-seats-remain-vacant-after-conway-election-40902546/,https://jamesnicholsworley.github.io/civicatlasma/pdfs/Conway2021_d0.pdf,manual,high,manual_ingest,70,Conway2021_d0.pdf,yes,no,pdf_hosted,,,https://conwayma.gov/files/FY21_Annual_Report.pdf,published,news
Conway,2022,regular,yes,NEWS,https://www.recorder.com/Waldo-wins-Selectboard-seat-in-Conway-46755631,,manual,high,runner_fetch,70,Conway2022_d0.pdf,no,yes,hosted,https://jamesnicholsworley.github.io/civicatlasma/markdown/Conway2022.md,docling-html,,published,news
Conway,2023,regular,yes,LEO,https://recorder.com/2023/06/09/forcier-claims-board-of-assessors-seat-in-conway-51266634/,,manual,high,"landed 2026-09-01: The Greenfield Recorder, 9 June 2023, read via /wp-json/wp/v2/posts. 271 of 1,451 = 18.7%. Assessors contested: Forcier 207 def. incumbent Parent 62. Six further offices WITH counts; Planning Board filled by write-in Cheryl Case on 18. Ballot Q1 (Saturday vs weeknight Town Meetings) 120-114. THREE SEATS VACANT - two Board of Health and one Planning Board had no candidates and were NOT filled; the Selectboard may appoint, which is not an election. EXACT DAY NOT ESTABLISHED: between 6 and 9 June 2023; left unasserted.",70,,no,no,published,,,https://conwayma.gov/files/Notice_of_Election.pdf,published,news
Conway,2024,regular,yes,NEWS,https://www.recorder.com/Campbell-claims-Selectboard-seat-by-two-vote-margin-in-Conway-election-55478231,,manual,high,runner_fetch,70,Conway2024_d0.pdf,,yes,hosted,https://jamesnicholsworley.github.io/civicatlasma/markdown/Conway2024.md,docling-html,,published,news
Conway,2025,regular,yes,owner-verified-2026-08-19,https://recorder.com/2025/06/16/political-newcomer-bests-incumbent-in-frontier-school-committee-race-in-conway-61754274/,,verified_yes,high,runner_fetch3_score12,90,,no,no,hosted,,docling-html,https://conwayma.gov/p/104/Elections,published,news
Conway,2026,regular,yes,owner-supplied-2026-08-23-small_towns_ingest_3,https://recorder.com/2026/06/12/incumbents-reelected-conway-town/,https://jamesnicholsworley.github.io/civicatlasma/pdfs/Conway2026_d0.pdf,manual,,manual_ingest,,Conway2026_d0.pdf,yes,no,pdf_hosted,,,,published,
Cummington,2021,regular,yes,LEO,https://archives.lib.state.ma.us/server/api/core/bitstreams/22af815e-5005-4ab4-9d03-3ba274172b4a/content #page=56,,manual,medium,"wrongyear:document dated 2022-05-09, collision",70,Cummington2021_d0.pdf,no,no,missing,,,https://cummington-ma.gov/PDFs/TownReportFY2022.pdf https://jamesnicholsworley.github.io/civicatlasma/pdfs/Cummington2021.pdf,published,official
Cummington,2022,regular,yes,LEO,https://cummington-ma.gov/DDGAssets/Content/AnnualTownElection5:9:22.pdf,https://jamesnicholsworley.github.io/civicatlasma/pdfs/Cummington2022_d0.pdf,manual,medium,manual_ingest,70,Cummington2022_d0.pdf,yes,yes,pdf_hosted,,,,published,official
Cummington,2023,regular,yes,LEO,https://archives.lib.state.ma.us/server/api/core/bitstreams/3f316b88-ac43-4c7b-972e-8c37c0d3c82c/content #page=78,,manual,manual,"not_a_return (read 2026-08-23): '2023 Caucus Results ... for the purpose of nominating candidates ... to be elected at the Annual Town Election to be held on May 8, 2023'",95,,no,no,missing,,,https://cummington-ma.gov/DDGAssets/Content/TownCaucusResults3:17:23.pdf,published,official
Cummington,2024,regular,yes,LEO,https://cummington-ma.gov/PDFs/TownReportFY2024.pdf,https://jamesnicholsworley.github.io/civicatlasma/pdfs/Cummington2024_d0.pdf,manual,medium,manual_ingest,70,Cummington2024_d0.pdf,yes,yes,pdf_hosted,,,,published,official
Cummington,2025,regular,yes,LEO,https://web.archive.org/web/20250515220959id_/https://cummington-ma.gov/DDGAssets/Content/AnnlTwnElectResults5:25.pdf,https://jamesnicholsworley.github.io/civicatlasma/pdfs/Cummington2025_d0.pdf,manual,medium,manual_ingest | CITATION REPAIRED 2026-08-21 (Wayback capture cited): 200 via curl_cffi chrome; 3pg PDF p1 reads Cummington Annual Town Election Results May 12 2025,90,Cummington2025_d0.pdf,yes,yes,pdf_hosted,,,,published,official
Cummington,2026,regular,yes,,https://cummington-ma.gov/TownMeet.php?ATM,,,,"landed 2026-09-01 from the Reminder archive index sweep (town_clerk; Town of Cummington, Town Clerk record ""2026-05-11 Annual Tow); artifact only, parse and gate follow",,,no,no,missing,,,,published,official
Dalton,2021,regular,yes,ATR,https://dalton-ma.gov/wp-content/uploads/2022/06/2021-ATE-MINUTES.doc,,manual,high,not_a_return (read 2026-08-23): town-report pages whose only election text is the warrant 'To Choose and Elect the Following Town Officers',70,,no,no,missing,,,https://dalton-ma.gov/wp-content/uploads/2021/06/Town-Report-file-2020.pdf,published,official
Dalton,2022,regular,yes,ATR,https://dalton-ma.gov/wp-content/uploads/2022/06/2022-ATE-MINUTES.doc,,manual,high,"landed 2026-09-01 from the round-9 gap sweep (minutes; pdf text/OCR); artifact only, parse and gate follow",70,Dalton2022_d0.pdf,yes,no,pdf_hosted,,,https://dalton-ma.gov/wp-content/uploads/2023/09/2022-Annual-Report.pdf https://jamesnicholsworley.github.io/civicatlasma/pdfs/Dalton2022.pdf,published,official
Dalton,2023,regular,yes,LEO,https://dalton-ma.gov/wp-content/uploads/2023/05/2023-ATE-Minutes-1.doc,,manual_sources,manual,pipeline:no_tally_in_full_text,95,Dalton2023_d0.pdf,no,no,missing,,docling-html,https://dalton-ma.gov/elections/ https://jamesnicholsworley.github.io/civicatlasma/pdfs/Dalton2023.pdf https://dalton-ma.gov/wp-content/uploads/2023/09/2022-Annual-Report.pdf,published,official
Dalton,2024,regular,yes,ATR,https://www.iberkshires.com/story/75335/Dalton-Elections-See-High-Turn-Out-Select-Board-Incumbent-Wins.html,,manual,high,not_a_return (read 2026-08-23): town-report pages carrying the warrant for the MAY 12 2025 annual town election,70,,no,no,missing,,,https://dalton-ma.gov/wp-content/uploads/2025/04/2024-Annual-Report-FINAL.pdf https://jamesnicholsworley.github.io/civicatlasma/pdfs/Dalton2024.pdf,published,news
Dalton,2025,regular,yes,NEWS,https://dalton-ma.gov/wp-content/uploads/2025/05/ATE-Minutes.pdf,https://jamesnicholsworley.github.io/civicatlasma/pdfs/Dalton2025_d0.pdf,manual,high,"CERTIFIED UPGRADE 2026-08-21: replaced the unofficial/preliminary source with the town's official document (Town Clerk minutes of the May 12, 2025 Annual Town Election,). Held record came from an iBerkshires article with 3 races; the attested Town Clerk minutes give 9, adding Moderator, Housing Authority, Cemetery Trustee and three Finance Committee races plus All Others/Blanks rows. Ronayne corrected 1,263 -> 763.",70,Dalton2025_d0.pdf,,yes,hosted,https://jamesnicholsworley.github.io/civicatlasma/markdown/Dalton2025.md,playwright+docling-2.66.0,,published,official
Dalton,2026,regular,yes,,https://dalton-ma.gov/wp-content/uploads/2026/05/ATE-Minutes-2026.pdf,,,,,,,no,no,missing,,,,published,official
Danvers,2021,regular,yes,LEO,https://www.danversma.gov/DocumentCenter/View/1482/May-4-2021-Annual-Town-Election-Results,https://jamesnicholsworley.github.io/civicatlasma/pdfs/Danvers2021_d0.pdf,manual_sources,manual,,95,Danvers2021_d0.pdf,yes,yes,hosted,https://jamesnicholsworley.github.io/civicatlasma/markdown/Danvers2021.md,pypdf,,published,official
Danvers,2022,regular,yes,LEO,https://www.danversma.gov/DocumentCenter/View/909/May-3-2022-Annual-Town-Election-Results-PDF,https://jamesnicholsworley.github.io/civicatlasma/pdfs/Danvers2022_d0.pdf,manual_sources,manual,,95,Danvers2022_d0.pdf,yes,yes,hosted,https://jamesnicholsworley.github.io/civicatlasma/markdown/Danvers2022.md,pypdf,,published,official
Danvers,2023,regular,yes,LEO,https://www.danversma.gov/DocumentCenter/View/1750/May-2-2023-Annual-Town-Election-Official-Results-PDF,https://jamesnicholsworley.github.io/civicatlasma/pdfs/Danvers2023_d0.pdf,manual_sources,manual,,95,Danvers2023_d0.pdf,yes,yes,hosted,https://jamesnicholsworley.github.io/civicatlasma/markdown/Danvers2023.md,pypdf,,published,official
Danvers,2024,regular,yes,LEO,https://www.danversma.gov/DocumentCenter/View/2626/May-7-2024-Annual-Town-Election-Official-Results-PDF,https://jamesnicholsworley.github.io/civicatlasma/pdfs/Danvers2024_d0.pdf,manual_sources,manual,,95,Danvers2024_d0.pdf,yes,yes,hosted,https://jamesnicholsworley.github.io/civicatlasma/markdown/Danvers2024.md,pypdf,,published,official
Danvers,2025,regular,yes,LEO,https://www.danversma.gov/DocumentCenter/View/3709/May-6-2025-Annual-Town-Election-Official-Results-PDF,https://jamesnicholsworley.github.io/civicatlasma/pdfs/Danvers2025_d0.pdf,manual_sources,manual,,95,Danvers2025_d0.pdf,yes,yes,hosted,https://jamesnicholsworley.github.io/civicatlasma/markdown/Danvers2025.md,pypdf,,published,official
Danvers,2026,regular,yes,cohort-2026,https://www.danversma.gov/DocumentCenter/View/4650/May-5-2026-OFFICIAL-Annual-Town-Election-Results,,,,,,,no,no,hosted,,,,published,official
Dartmouth,2021,regular,yes,LEO,https://www.dartmouthma.gov/DocumentCenter/View/6599/2021-April-6-Annual-Town-Election-Official-Results,,collect-crawl,,auto_resourced,,,no,no,hosted,,pypdf,,published,official
Dartmouth,2022,regular,yes,LEO,https://www.town.dartmouth.ma.us/DocumentCenter/View/338/2022-April-5-Annual-Town-Election-Official-Results-PDF,,manual_sources,manual,,95,,no,no,hosted,,pypdf,,published,official
Dartmouth,2023,regular,yes,LEO,https://www.town.dartmouth.ma.us/DocumentCenter/View/2343/2023-April-4-Annual-Town-Election-Official-Results,https://jamesnicholsworley.github.io/civicatlasma/pdfs/Dartmouth2023_d0.pdf,manual_sources,manual,,95,Dartmouth2023_d0.pdf,yes,yes,hosted,https://jamesnicholsworley.github.io/civicatlasma/markdown/Dartmouth2023.md,pypdf,,published,official
Dartmouth,2024,regular,yes,LEO,https://www.town.dartmouth.ma.us/DocumentCenter/View/3541/2024-April-2-Annual-Town-Election-Official-Results,https://jamesnicholsworley.github.io/civicatlasma/pdfs/Dartmouth2024_d0.pdf,manual_sources,manual,,95,Dartmouth2024_d0.pdf,yes,yes,hosted,https://jamesnicholsworley.github.io/civicatlasma/markdown/Dartmouth2024.md,pypdf,,published,official
Dartmouth,2025,regular,yes,LEO,https://www.dartmouthma.gov/DocumentCenter/View/4880/2025-April-1-Annual-Town-Election-OFFICIAL-Results,https://jamesnicholsworley.github.io/civicatlasma/pdfs/Dartmouth2025_d0.pdf,collect-exa,,auto_resourced | SECOND DOCUMENT 2026-09-01: https://www.dartmouthma.gov/DocumentCenter/View/4882 (sha256 ),,Dartmouth2025_d0.pdf,yes,yes,hosted,https://jamesnicholsworley.github.io/civicatlasma/markdown/Dartmouth2025.md,pypdf,,published,official
Dartmouth,2026,regular,yes,cohort-2026,https://town.dartmouth.ma.us/DocumentCenter/View/6547,,,,,,,no,no,hosted,,,,published,official
Dedham,2021,regular,yes,LEO,https://www.dedham-ma.gov/home/showpublisheddocument/14984/637536872049570000,https://jamesnicholsworley.github.io/civicatlasma/pdfs/Dedham2021_d0.pdf,manual_sources,manual,,95,Dedham2021_d0.pdf,yes,yes,hosted,https://jamesnicholsworley.github.io/civicatlasma/markdown/Dedham2021.md,pypdf,,published,official
Dedham,2022,regular,yes,LEO,https://www.dedham-ma.gov/home/showpublisheddocument/17833/637853643440570000,https://jamesnicholsworley.github.io/civicatlasma/pdfs/Dedham2022_d0.pdf,manual_sources,manual,,95,Dedham2022_d0.pdf,yes,yes,hosted,https://jamesnicholsworley.github.io/civicatlasma/markdown/Dedham2022.md,pypdf,,published,official
Dedham,2023,regular,yes,LEO,https://www.dedham-ma.gov/home/showpublisheddocument/20768/638176071909100000,,manual_sources,manual,,95,,no,no,hosted,,pypdf,,published,official
Dedham,2024,regular,yes,LEO,https://www.dedham-ma.gov/home/showpublisheddocument/21702/638671781803800000,https://jamesnicholsworley.github.io/civicatlasma/pdfs/Dedham2024_d0.pdf,manual_sources,manual,,95,Dedham2024_d0.pdf,yes,yes,hosted,https://jamesnicholsworley.github.io/civicatlasma/markdown/Dedham2024.md,pypdf,,published,official
Dedham,2025,regular,yes,LEO,https://www.dedham-ma.gov/home/showpublisheddocument/25421/638802475709570000,https://jamesnicholsworley.github.io/civicatlasma/pdfs/Dedham2025_d0.pdf,manual_sources,manual,,95,Dedham2025_d0.pdf,yes,yes,hosted,https://jamesnicholsworley.github.io/civicatlasma/markdown/Dedham2025.md,pypdf,,published,official
Dedham,2026,regular,yes,custom-search-2026,https://www.dedhamma.gov/home/showpublisheddocument/27960/639118469370030000,,custom-search:recovered,,citation_recovered_by_rerunning_the_search_that_found_it; document text matches the held copy,,,no,no,pdf_hosted,,,,published,official
Deerfield,2021,regular,yes,LEO,https://www.deerfieldma.us/DocumentCenter/View/268,https://jamesnicholsworley.github.io/civicatlasma/pdfs/Deerfield2021_d0.pdf,verified_yes,scraped,YES,90,Deerfield2021_d0.pdf,yes,yes,hosted,https://jamesnicholsworley.github.io/civicatlasma/markdown/Deerfield2021.md,pypdf,,published,official
Deerfield,2022,regular,yes,LEO,https://www.deerfieldma.us/DocumentCenter/View/678/Local-Election-Results-5-2-22-OFFICIAL,https://jamesnicholsworley.github.io/civicatlasma/pdfs/Deerfield2022_d0.pdf,verified_yes,scraped,YES,90,Deerfield2022_d0.pdf,yes,yes,hosted,https://jamesnicholsworley.github.io/civicatlasma/markdown/Deerfield2022.md,pypdf,,published,official
Deerfield,2023,regular,yes,LEO,https://www.deerfieldma.us/DocumentCenter/View/1473/2023-TOWN-ELECTION-RESULTS-512023?bidId=,https://jamesnicholsworley.github.io/civicatlasma/pdfs/Deerfield2023_d0.pdf,manual_sources,manual,,95,Deerfield2023_d0.pdf,yes,yes,hosted,https://jamesnicholsworley.github.io/civicatlasma/markdown/Deerfield2023.md,pypdf,,published,official
Deerfield,2024,regular,yes,LEO,https://www.deerfieldma.us/DocumentCenter/View/2132,https://jamesnicholsworley.github.io/civicatlasma/pdfs/Deerfield2024_d0.pdf,manual,spraped,manual_ingest,70,Deerfield2024_d0.pdf,yes,yes,pdf_hosted,,,,published,official
Deerfield,2025,regular,yes,owner-verified-2026-08-19,https://www.deerfieldma.us/DocumentCenter/View/2758/2025-Annual-Election---Official-Attested-Results?bidId=,,manual,spraped,manual_ingest,70,,no,no,pdf_hosted,,,https://www.deerfieldma.us/DocumentCenter/View/2673/Town-Election-Ballot-May-2025,published,official
Deerfield,2026,regular,yes,cohort-2026,https://deerfieldma.us/DocumentCenter/View/3632,,,,,,,no,yes,hosted,,,,published,official
Dennis,2021,regular,yes,LEO,https://www.town.dennis.ma.us/DocumentCenter/View/669/2021-Annual-Town-Election-PDF,https://jamesnicholsworley.github.io/civicatlasma/pdfs/Dennis2021_d0.pdf,manual_sources,manual,,95,Dennis2021_d0.pdf,yes,yes,hosted,https://jamesnicholsworley.github.io/civicatlasma/markdown/Dennis2021.md,pypdf,,published,official
Dennis,2022,regular,yes,LEO,https://www.town.dennis.ma.us/DocumentCenter/View/684/2022-Annual-Town-Election---Official-Results-PDF,https://jamesnicholsworley.github.io/civicatlasma/pdfs/Dennis2022_d0.pdf,manual_sources,manual,,95,Dennis2022_d0.pdf,yes,yes,hosted,https://jamesnicholsworley.github.io/civicatlasma/markdown/Dennis2022.md,pypdf,,published,official
Dennis,2023,regular,yes,LEO,https://www.town.dennis.ma.us/DocumentCenter/View/683/2023-Annual-Town-Election---Official-Results-PDF,https://jamesnicholsworley.github.io/civicatlasma/pdfs/Dennis2023_d0.pdf,manual_sources,manual,,95,Dennis2023_d0.pdf,yes,yes,hosted,https://jamesnicholsworley.github.io/civicatlasma/markdown/Dennis2023.md,pypdf,,published,official
Dennis,2024,regular,yes,LEO,https://www.town.dennis.ma.us/DocumentCenter/View/2502/Annual-Town-Election-5-14-2024-Official-Results,https://jamesnicholsworley.github.io/civicatlasma/pdfs/Dennis2024_d0.pdf,manual_sources,manual,,95,Dennis2024_d0.pdf,yes,yes,hosted,https://jamesnicholsworley.github.io/civicatlasma/markdown/Dennis2024.md,pypdf,,published,official
Dennis,2025,regular,yes,LEO,https://www.town.dennis.ma.us/DocumentCenter/View/3474/OFFICIAL-Annual-Town-Election-Results-5-13-2025,https://jamesnicholsworley.github.io/civicatlasma/pdfs/Dennis2025_d0.pdf,manual_sources,manual,,95,Dennis2025_d0.pdf,yes,yes,hosted,https://jamesnicholsworley.github.io/civicatlasma/markdown/Dennis2025.md,pypdf,,published,official
Dennis,2026,regular,yes,cohort-2026,https://town.dennis.ma.us/DocumentCenter/View/4984/OFFICIAL-RESULTS-Annual-Town-Election-5-12-2026,,,,,,,no,yes,hosted,,,,published,official
Dighton,2021,regular,yes,LEO,https://archives.lib.state.ma.us/server/api/core/bitstreams/4775df4c-c19b-437e-8ab0-d75cb2a4c618/content #page=26,,manual,high,runner_fetch2,90,,no,no,published,,,https://www.dighton-ma.gov/DocumentCenter/View/2083/2021-Elected-Officials-PDF,published,official
Dighton,2022,regular,yes,LEO,https://www.dighton-ma.gov/DocumentCenter/View/1863,,verified_yes,scraped,"REPOINTED 2026-09-03: The record was the APRIL 10, 2021 return. Dighton 2021 and 2022 carried the same nine contests to the vote, and the file stored under 2022 -- DocumentCenter id 1864, whose slug reads `April-10-2022---Annual-Town-Election` -- opens with `ANNUAL TOWN ELECTION APRIL 10, 2021`. The slug is decorative; the id serves a 2021 document. The real return is id 1863, `DIGHTON UNOFFICIAL ELECTION RESULT, Saturday, April 9, 2022`, and all eleven of its contests close on 1,295 ballots exactly -- candidates plus write-ins plus blanks, no remainder in any of them.",90,Dighton2022_d0.pdf,yes,yes,hosted,https://jamesnicholsworley.github.io/civicatlasma/markdown/Dighton2022.md,pypdf,https://www.dighton-ma.gov/DocumentCenter/View/1864/April-10-2022---Annual-Town-Election-Results-Packet-PDF,published,official
Dighton,2023,regular,yes,LEO,https://www.dighton-ma.gov/DocumentCenter/View/2390/FINAL-CERTIFIED-ELECTION-RESULTS-ANNUAL-TOWN-ELECTION-4823,https://jamesnicholsworley.github.io/civicatlasma/pdfs/Dighton2023_d0.pdf,manual_sources,manual,,95,Dighton2023_d0.pdf,yes,yes,hosted,https://jamesnicholsworley.github.io/civicatlasma/markdown/Dighton2023.md,pypdf,,published,official
Dighton,2024,regular,yes,LEO,https://www.dighton-ma.gov/DocumentCenter/View/3113/OFFICIAL-RESULTS-Annual-Town-Election-4624pdf,https://jamesnicholsworley.github.io/civicatlasma/pdfs/Dighton2024_d0.pdf,manual,high,manual_ingest,90,Dighton2024_d0.pdf,yes,yes,pdf_hosted,,,,published,official
Dighton,2025,regular,yes,LEO,https://www.dighton-ma.gov/DocumentCenter/View/3617/Official-2025-Annual-Town-Election,https://jamesnicholsworley.github.io/civicatlasma/pdfs/Dighton2025_d0.pdf,verified_yes,scraped,"YES | CERTIFIED UPGRADE 2026-08-21: replaced the unofficial/preliminary source with the town's official document (""ANNUAL TOWN OFFICIAL ELECTION RESULTS / Saturday, April 12,). Structural fix: the held record had merged Parks & Recreation into LIBRARY BOARD OF TRUSTEES. The official separates them; Library Trustees is a 1-seat race.",90,Dighton2025_d0.pdf,yes,yes,hosted,https://jamesnicholsworley.github.io/civicatlasma/markdown/Dighton2025.md,pypdf,,published,official
Dighton,2026,regular,yes,cohort-2026,https://dighton-ma.gov/DocumentCenter/View/4077/Annual-Town-Election-Results---2026,,,,,,,no,yes,hosted,,,,published,official
Douglas,2021,regular,yes,atr-2026-08-22-2021.pdf,,https://jamesnicholsworley.github.io/civicatlasma/pdfs/Douglas2021_d0.pdf,annual_town_report_crop,medium,"cropped from the Douglas annual town report, pp 33,34,35; election date 2021-05-11 read off the page by atr_verify",70,Douglas2021_d0.pdf,yes,no,pdf_hosted,,,https://douglas-ma.gov/Archive.aspx?ADID=139 https://jamesnicholsworley.github.io/civicatlasma/pdfs/Douglas2021.pdf,published,official
Douglas,2022,regular,yes,LEO,https://douglas-ma.gov/DocumentCenter/View/2876/2022-TOWN-ELECTION-RESULTS,https://jamesnicholsworley.github.io/civicatlasma/pdfs/Douglas2022_d0.pdf,collect-exa,medium,auto_resourced,70,Douglas2022_d0.pdf,yes,yes,hosted,https://jamesnicholsworley.github.io/civicatlasma/markdown/Douglas2022.md,pypdf,,published,official
Douglas,2023,regular,yes,LEO,https://www.douglas-ma.gov/DocumentCenter/View/3533/2023-Annual-Election-Results,https://jamesnicholsworley.github.io/civicatlasma/pdfs/Douglas2023_d0.pdf,manual_sources,manual,,95,Douglas2023_d0.pdf,yes,yes,hosted,https://jamesnicholsworley.github.io/civicatlasma/markdown/Douglas2023.md,docling-2.66.0,,published,official
Douglas,2024,regular,yes,harvest-lead,,,manual,medium,"DOCUMENTCENTER SWEPT END TO END, ids 1-5600, 3,269 documents named, with id 3533 ('Annual Election 2023.pdf') passing as a control that also self-tests against the filter. The 2024 election is represented by FOUR documents and none of them is the return: id 4008 'Annual Town Election Warrant 5-14-2024.pdf', id 4013 'ATE 2024 Ballot_1.pdf', id 4015 'Annual Town Election Ballot 5-14-2024.pdf', and id 4010 'Annual Election 2024.pdf'. THE FILENAME TRAP: id 4010 is called 'Annual Election 2024.pdf' and its CONTENTS are the warrant -- a two-page scan, OCR'd at 400 dpi, reading 'Warrant for Annual Town Election ... TUESDAY, the FOURTEENTH day of MAY, 2024 from 8:00 A.M. to 8:00 P.M.', signed by the Board of Selectmen and the constables. Anyone sweeping on filenames will read that as the result. It is not. WHAT IT DOES ESTABLISH: the election was Tuesday 14 May 2024, and the offices on the ballot were Moderator (3yr), Town Clerk (3yr), two Selectmen (3yr), one Selectman (1yr, vacancy), Assessor (3yr), two School Committee (3yr), Agent Moses Wallis Devise (1yr), Trustee Public Library (3yr), Cemetery Commissioner (3yr), Water/Sewer Commissioner (3yr), Recreation Commissioner (3yr), Planning Board (5yr), Planning Board (1yr, vacancy) and Housing Authority (5yr), across three precincts. What is missing is only the tally. BALLOT READ AT LAST, AND IT SETTLES WHAT THIS ROW CAN EVER BE CLOSED BY. The four 2024 documents were fetched and rendered rather than OCR-skimmed: ids 4008 and 4010 are the same warrant, and ids 4013 and 4015 are the same SPECIMEN BALLOT (identical byte length, 609,534). The ballot is a scan and its machine text interleaves the three columns into nonsense, which is why earlier passes could not judge it; it was rendered at 260 dpi in two halves and read by eye instead. The warrant lists fourteen offices. The ballot shows THREE OF THEM CONTESTED: Selectmen, three years, VOTE FOR NOT MORE THAN TWO, with three names -- Michael E. Fitzpatrick, Maxwell S. Postma and Harold Robert Davis; Selectman, one year to fill a vacancy, VOTE FOR ONE, with two -- Leo F. Lyons and Leslie M. Stevens; and Planning Board, one year to fill a vacancy, VOTE FOR ONE, with two -- Jacob Samuel Gniadek and Richard E. Preston. The other eleven offices carry exactly one name each (Menard, Furno, Blatchford, Lagerholm and Rodzen for the two school seats, Jussaume, Fontaine, Youngsma, Bloniasz, Bonin, Schultzberg, Tusino). CONSEQUENCE, and it is a hard one: the owner's uncontested-ballot rule can NEVER close this row. That rule substitutes a verified uncontested slate plus ballots-cast and registered-voters for a tally, and it is void the moment any office has more candidates than seats. Douglas 2024 has three such offices. No amount of turnout hunting will help; only an actual count -- at minimum for Selectmen, the one-year Selectman vacancy and the one-year Planning Board vacancy -- can close it. Stop looking for turnout for this row and look only for a return.  WEEKLY PAPER RE-SEARCHED BY CANDIDATE NAME, AND IT IS A CLEAN NEGATIVE. Knowing the race was contested changes the search: a contested seat gives distinctive surnames to look for, which beats town-plus-election keywords. All NINE Blackstone Valley Tribune issues from 17 May to 12 July 2024 were downloaded from the publisher's own index (992 issues, POST /PdfSource/ItemIndexGetData, catId 5) and every page read. Searched for Postma, Gniadek, Schultzberg, Bloniasz, Youngsma, Rodzen, Blatchford, Lagerholm, Menard and Furno, word-bounded, alongside election vocabulary. NOT ONE page carries both. CONTROL, so the zero means something: 48 pages across those nine issues mention Douglas, six of them in the 17 May issue alone. The paper covers this town heavily and the read demonstrably ran. It simply did not report the annual town election, contested seats and all. ONE TRAP WORTH KEEPING. The first pass matched 'Postma' without word boundaries and 'hit' in five consecutive issues -- every one of them the word POSTMASTER in the paper's own masthead block. Two other apparent hits were a Kenneth Jussaume obituary and a school superintendent named Michael F. Fitzpatrick, both different people from the candidates. Surname search needs word boundaries AND a check that the person is the candidate.  WORCESTER TELEGRAM & GAZETTE MEASURED, in Chrome. Its site search runs -- a broad query for this town plus election terms returns four pages of results, which is the control -- and it carries no story on the 2024 annual town election. A query naming the contested candidates returns an empty page; a quoted town-plus-year query returns two items, one a 2025 year-in-review and one about presidential voting in 2020. The regional daily did not cover this election either, which together with the Blackstone Valley Tribune result closes the newspaper channel for this row. ",70,,no,no,missing,,,https://douglas-ma.gov/DocumentCenter/View/4015,no_source,official
Douglas,2025,regular,yes,owner-supplied-2026-08-19-douglas-library-archivist+specimen-ballot,,,facebook_post_relayed_offline,medium,"OFFLINE SOURCE 2026-08-20: Douglas published the 5/13/2025 results to Facebook and nowhere else; transcription relayed by Rebecca Lavallee, archivist at the Douglas public library. Self-captioned UNOFFICIAL. No annual town report printed for 2023-2025; records requests for the certified return still open as of 2026-08-19. Previous citation was DocumentCenter/View/4645 ""Specimen-Ballot-for-5132025-election"" - a specimen ballot, not a return.",70,,no,no,hosted,,manual-transcription,https://www.douglas-ma.gov/DocumentCenter/View/4645/Specimen-Ballot-for-5132025-election,published,official
Douglas,2026,regular,yes,harvest-lead,owner-supplied-2026-09-10-douglas-town-historian-ate-2026-return,,manual,,landed 2026-09-10 from research/SESSION_2026-09-10_FINDINGS.md; transcribed from the certified return and checked against the 178 ballots it reports,,Douglas2026_d0.pdf,yes,no,pdf_hosted,,,,published,official
Dover,2021,regular,yes,LEO,https://www.doverma.gov/DocumentCenter/View/1594,https://jamesnicholsworley.github.io/civicatlasma/pdfs/Dover2021_d0.pdf,manual,spraped,manual_ingest,70,Dover2021_d0.pdf,yes,yes,pdf_hosted,,,,published,official
Dover,2022,regular,yes,LEO,https://www.doverma.gov/DocumentCenter/View/2483/2022-Town-Election-Results,https://jamesnicholsworley.github.io/civicatlasma/pdfs/Dover2022_d0.pdf,crawl,spraped,crawl_verified,70,Dover2022_d0.pdf,yes,yes,hosted,,pdf_only(needs_ocr),,published,official
Dover,2023,regular,yes,LEO,https://www.doverma.gov/DocumentCenter/View/2971/2023-Annual-Town-Election-Final-Results?bidId=,https://jamesnicholsworley.github.io/civicatlasma/pdfs/Dover2023_d0.pdf,manual_sources,manual,,95,Dover2023_d0.pdf,yes,yes,hosted,https://jamesnicholsworley.github.io/civicatlasma/markdown/Dover2023.md,docling-2.66.0,,published,official
Dover,2024,regular,yes,LEO,https://www.doverma.gov/DocumentCenter/View/3613,https://jamesnicholsworley.github.io/civicatlasma/pdfs/Dover2024_d0.pdf,crawl,spraped,crawl_verified,70,Dover2024_d0.pdf,yes,yes,hosted,,pdf_only(needs_ocr),,published,official
Dover,2025,regular,yes,LEO,https://www.doverma.gov/DocumentCenter/View/4588,https://jamesnicholsworley.github.io/civicatlasma/pdfs/Dover2025_d0.pdf,crawl,spraped,crawl_verified,70,Dover2025_d0.pdf,yes,yes,hosted,,pdf_only(needs_ocr),,published,official
Dover,2026,regular,yes,cohort-2026,https://doverma.gov/DocumentCenter/View/5816,,,,,,,no,yes,hosted,,,,published,official
Dracut,2021,regular,yes,LEO,https://www.lowellsun.com/2021/05/08/incumbent-joe-dirocco-wins-a-tight-one-for-dracut-selectman/,,manual,,"citation found 2026-08-23 by overlap: 100% of the held reading's words and 100% of its 12 tallies are on this page, and 43% of the page is in the reading",,,,no,hosted,,,,published,news
Dracut,2022,regular,yes,manual-find,https://web.archive.org/web/20240226011230id_/https://www.dracutma.gov/DocumentCenter/View/472/Town-Election-2022-Official-Results-PDF,,,,"citation found 2026-08-23 by overlap: 68% of the held reading's words and 96% of its 168 tallies are on this page, and 99% of the page is in the reading",,,no,no,pdf_hosted,,,,published,official
Dracut,2023,regular,yes,LEO,https://www.dracutma.gov/DocumentCenter/View/2014/Town-Election-May-6-2023-Official-Results-PDF,https://jamesnicholsworley.github.io/civicatlasma/pdfs/Dracut2023_d0.pdf,manual_sources,manual,,95,Dracut2023_d0.pdf,yes,yes,pdf_hosted,,,,published,official
Dracut,2024,regular,yes,LEO,https://web.archive.org/web/20240515042051/https://www.dracutma.gov/DocumentCenter/View/3497/Unofficial-Results-Town-Election-May-4-2024-PDF?bidId=,https://jamesnicholsworley.github.io/civicatlasma/pdfs/Dracut2024_d0.pdf,manual_sources,manual,,95,Dracut2024_d0.pdf,yes,yes,hosted,https://jamesnicholsworley.github.io/civicatlasma/markdown/Dracut2024.md,docling-2.66.0,,published,official
Dracut,2025,regular,yes,LEO,https://www.dracutma.gov/DocumentCenter/View/4699/Official-Results-for-Town-Election-2025-on-May-3-2025-PDF,https://jamesnicholsworley.github.io/civicatlasma/pdfs/Dracut2025_d0.pdf,manual_sources,manual,,95,Dracut2025_d0.pdf,yes,yes,hosted,https://jamesnicholsworley.github.io/civicatlasma/markdown/Dracut2025.md,pypdf,,published,official
Dracut,2026,regular,yes,cohort-2026,official-pdf-manual-find,,,,,,,no,yes,hosted,,,,published,official
Dudley,2021,regular,yes,LEO,https://www.dudleyma.gov/ArchiveCenter/ViewFile/Item/69,,manual,low,manual_ingest,70,,no,no,published,,,https://dudleyma.gov/wp-content/uploads/Post-ElectionTabulation-Notice-11032020.pdf,published,official
Dudley,2022,regular,yes,LEO,https://www.dudleyma.gov/DocumentCenter/View/659/Annual-Town-Election-Official-Results-June-13-2022-PDF,https://jamesnicholsworley.github.io/civicatlasma/pdfs/Dudley2022_d0.pdf,verified_yes,scraped,YES,90,Dudley2022_d0.pdf,yes,yes,hosted,https://jamesnicholsworley.github.io/civicatlasma/markdown/Dudley2022.md,pypdf,,published,official
Dudley,2023,regular,yes,LEO,https://www.dudleyma.gov/DocumentCenter/View/660/Town-Election-Official-Tally-Results-June-12-2023-PDF,https://jamesnicholsworley.github.io/civicatlasma/pdfs/Dudley2023_d0.pdf,collect-exa,manual,auto_resourced,95,Dudley2023_d0.pdf,yes,yes,hosted,https://jamesnicholsworley.github.io/civicatlasma/markdown/Dudley2023.md,pypdf,,published,official
Dudley,2024,regular,yes,LEO,https://www.dudleyma.gov/ArchiveCenter/ViewFile/Item/109,,scraper_sheet9,spraped,"uncitable (released 2026-08-23): the only URL that serves anything is the condemned one, and rendered it is the ANNUAL TOWN ELECTION WARRANT, not the results, despite being named Official-Results-ATE-Offices-Elected-June-10-2024. The artifact and parse are preserved under data/setaside/uncited/ and re-land in one step if a citation is ever recovered",70,,no,no,missing,,,https://www.dudleyma.gov/DocumentCenter/View/602/Official-Results-ATE-Offices-Elected-June-10-2024-PDF https://jamesnicholsworley.github.io/civicatlasma/pdfs/Dudley2024.pdf,published,official
Dudley,2025,regular,yes,LEO,https://www.dudleyma.gov/DocumentCenter/View/1172/ATE-OFFICIAL-TALLY-SHEET-06162025,https://jamesnicholsworley.github.io/civicatlasma/pdfs/Dudley2025_d0.pdf,manual,medium,manual_ingest,70,Dudley2025_d0.pdf,yes,yes,pdf_hosted,,,,published,official
Dudley,2026,regular,yes,cohort-2026,https://www.dudleyma.gov/DocumentCenter/View/1185/OFFICIAL-ATE-06152026-Tally-Sheet,,,,,,,no,yes,hosted,,,,published,official
Dunstable,2021,regular,yes,LEO,https://www.dunstable-ma.gov/town-clerk/files/annual-town-election-results-may-18-2021,https://jamesnicholsworley.github.io/civicatlasma/pdfs/Dunstable2021_d0.pdf,scraper_sheet9,spraped,,70,Dunstable2021_d0.pdf,yes,yes,hosted,https://jamesnicholsworley.github.io/civicatlasma/markdown/Dunstable2021.md,docling-2.66.0,,published,official
Dunstable,2022,regular,yes,LEO,https://www.dunstable-ma.gov/sites/g/files/vyhlif4361/f/uploads/final_election_results_for_2022_ate.pdf,,collect-crawl,scraped,"citation found 2026-08-23 and ACCEPTED BY EYE. The automatic test could not judge it: the served PDF is an image-only scan, so there is no text to overlap, and its sha256 differs from the copy we hold because it is a different scan of the same paper. Rendered at 120 dpi it reads 'TOWN OF DUNSTABLE / ANNUAL TOWN ELECTION - May 17, 2022 / OFFICIAL RESULTS / Total Votes Cast: 211 / Registered Voters: 2,643 = 8% voter turnout' -- the held reading word for word, down to Leah Basbanes 122 and Pawel Chadzynski 76. Reached from the clerk's own news page.",90,,no,no,pdf_hosted,,,https://www.dunstable-ma.gov/town-clerk/files/2022-unofficial-state-election-results,published,official
Dunstable,2023,regular,yes,LEO,https://www.dunstable-ma.gov/home/news/official-election-results-tuesday-may-16-2023,,manual_sources,manual,,95,Dunstable2023_d0.pdf,,yes,hosted,https://jamesnicholsworley.github.io/civicatlasma/markdown/Dunstable2023.md,playwright+docling-2.66.0,,published,official
Dunstable,2024,regular,yes,LEO,https://www.dunstable-ma.gov/town-clerk/files/annual-town-election-official-results-may-21-2024,https://jamesnicholsworley.github.io/civicatlasma/pdfs/Dunstable2024_d0.pdf,verified_yes,scraped,YES,90,Dunstable2024_d0.pdf,yes,yes,hosted,https://jamesnicholsworley.github.io/civicatlasma/markdown/Dunstable2024.md,pypdf,,published,official
Dunstable,2025,regular,yes,LEO,https://www.dunstable-ma.gov/town-clerk/files/official-annual-town-election-results-may-20-2025,https://jamesnicholsworley.github.io/civicatlasma/pdfs/Dunstable2025_d0.pdf,scraper_sheet9,spraped,pikepdf_repair,70,Dunstable2025_d0.pdf,yes,yes,hosted,https://jamesnicholsworley.github.io/civicatlasma/markdown/Dunstable2025.md,pypdf,,published,official
Dunstable,2026,regular,yes,custom-search,https://www.dunstable-ma.gov/town-clerk/files/annual-town-election-official-results-may-19-2026,,custom-search:recovered,,citation_recovered_by_rerunning_the_search_that_found_it; document text matches the held copy,,,no,no,pdf_hosted,,,,published,official
Duxbury,2021,regular,yes,LEO,https://www.town.duxbury.ma.us/sites/g/files/vyhlif10506/f/uploads/annual_town_election_official_results_3-27-2021.pdf,https://jamesnicholsworley.github.io/civicatlasma/pdfs/Duxbury2021_d0.pdf,manual_sources,manual,,95,Duxbury2021_d0.pdf,yes,yes,hosted,https://jamesnicholsworley.github.io/civicatlasma/markdown/Duxbury2021.md,pypdf,,published,official
Duxbury,2022,regular,yes,LEO,https://www.town.duxbury.ma.us/sites/g/files/vyhlif10506/f/uploads/annual_town_election_official_results_3-26-2022.pdf,https://jamesnicholsworley.github.io/civicatlasma/pdfs/Duxbury2022_d0.pdf,manual_sources,manual,,95,Duxbury2022_d0.pdf,yes,yes,hosted,https://jamesnicholsworley.github.io/civicatlasma/markdown/Duxbury2022.md,pypdf,,published,official
Duxbury,2023,regular,yes,LEO,https://www.town.duxbury.ma.us/sites/g/files/vyhlif10506/f/uploads/annual_town_election_official_results_3-25-2023.pdf,https://jamesnicholsworley.github.io/civicatlasma/pdfs/Duxbury2023_d0.pdf,manual_sources,manual,,95,Duxbury2023_d0.pdf,yes,yes,hosted,https://jamesnicholsworley.github.io/civicatlasma/markdown/Duxbury2023.md,pypdf,,published,official
Duxbury,2024,regular,yes,LEO,https://www.town.duxbury.ma.us/sites/g/files/vyhlif10506/f/pages/official_results_-_website.pdf,https://jamesnicholsworley.github.io/civicatlasma/pdfs/Duxbury2024_d0.pdf,manual_sources,manual,,95,Duxbury2024_d0.pdf,yes,yes,hosted,https://jamesnicholsworley.github.io/civicatlasma/markdown/Duxbury2024.md,pypdf,,published,official
Duxbury,2025,regular,yes,LEO,https://www.town.duxbury.ma.us/sites/g/files/vyhlif10506/f/pages/official_results_0.pdf,https://jamesnicholsworley.github.io/civicatlasma/pdfs/Duxbury2025_d0.pdf,manual_sources,manual,,95,Duxbury2025_d0.pdf,yes,yes,hosted,https://jamesnicholsworley.github.io/civicatlasma/markdown/Duxbury2025.md,pypdf,,published,official
Duxbury,2026,regular,yes,custom-search-2026,https://www.town.duxbury.ma.us/sites/g/files/vyhlif10506/f/pages/official_website.pdf,,,,,,,no,no,pdf_hosted,,,,published,official
East Bridgewater,2021,regular,yes,ATR,https://ma-eastbridgewater.civicplus.com/DocumentCenter/View/1765/2021-Annual-Town-Report-PDF,https://jamesnicholsworley.github.io/civicatlasma/pdfs/EastBridgewater2021_d0.pdf,dive_atr,,atr_cropped,,EastBridgewater2021_d0.pdf,yes,yes,pdf_hosted,,,,published,other
East Bridgewater,2022,regular,yes,LEO,https://www.facebook.com/ebcamorg/posts/attention-east-bridgewater-residentsthese-are-the-unofficial-election-results-fo/5751530981544392/,,manual,,uncitable (released 2026-08-23): the pre-migration /sites/g/files/vyhlif516/ tree is gone wholesale and Wayback holds no 2022 town-election file. The artifact and parse are preserved under data/setaside/uncited/ and re-land in one step if a citation is ever recovered,,,no,no,missing,,,https://www.eastbridgewaterma.gov/sites/g/files/vyhlif516/f/news/rep_offical_results_9-06-2022.pdf,published,news
East Bridgewater,2023,regular,yes,ATR,https://ma-eastbridgewater.civicplus.com/DocumentCenter/View/1760/2023-Annual-Town-Report-PDF,https://jamesnicholsworley.github.io/civicatlasma/pdfs/EastBridgewater2023_d0.pdf,dive_atr,manual,atr_cropped,95,EastBridgewater2023_d0.pdf,yes,yes,pdf_hosted,,,,published,other
East Bridgewater,2024,regular,yes,LEO,https://www.eastbridgewaterma.gov/sites/g/files/vyhlif516/f/news/official_results_5-18-2024_a.pdf,https://jamesnicholsworley.github.io/civicatlasma/pdfs/EastBridgewater2024_d0.pdf,manual_sources,manual,,95,EastBridgewater2024_d0.pdf,yes,yes,hosted,https://jamesnicholsworley.github.io/civicatlasma/markdown/EastBridgewater2024.md,pypdf,,published,official
East Bridgewater,2025,regular,yes,owner-verified-2026-08-19,https://www.eastbridgewaterma.gov/2087/Annual-Town-Reports,,manual,manual,"wrongyear:document dated 2026-05-16, park_2026",95,,no,no,pdf_hosted,,playwright+docling-2.66.0,https://959watd.com/blog/2026/05/east-bridgewater-election-results/,published,official
East Bridgewater,2026,regular,yes,cohort-2026,https://www.eastbridgewaterma.gov/DocumentCenter/View/5107/Election-Results---May-16-2026,,,,,,,no,yes,hosted,,,,published,official
East Brookfield,2021,regular,yes,NEWS,https://web.archive.org/web/20211227174942/https://www.eastbrookfieldma.us/town-clerk/news/results-for-annual-town-election,,manual,medium,runner_fetch,70,EastBrookfield2021_d0.pdf,,yes,needs_md_html,https://jamesnicholsworley.github.io/civicatlasma/markdown/EastBrookfield2021.md,docling-html,,published,official
East Brookfield,2022,regular,yes,LEO,https://web.archive.org/web/20260601181927id_/https://www.eastbrookfieldma.us/sites/g/files/vyhlif541/f/news/results_for_webpage_0.jpg,,verified_yes,high,"landed 2026-09-01 from the Reminder archive index sweep (official; Town of East Brookfield, official ballot image posted as res); artifact only, parse and gate follow",90,,no,no,discarded_not_results,,,,published,official
East Brookfield,2023,regular,yes,LEO,https://www.facebook.com/photo/?fbid=249019854319048&set=a.176214564932911,,manual_sources,manual,"landed 2026-09-01 from the Reminder archive index sweep (town_notice; Town of East Brookfield, official ballot for the Annual Town); artifact only, parse and gate follow",95,,no,no,missing,,,https://eastbrookfieldma.us/DocumentCenter/View/692,published,official
East Brookfield,2024,regular,yes,LEO,https://www.eastbrookfieldma.us/town-clerk/news/official-results,,scraper_sheet9,high,"town DocumentCenter ids 1-1200 swept complete 2026-09-01 (control 701 PASSED, 542 named, 0 failures): no election result document for any year. The cited /town-clerk/news/official-results now 404s and is already in known_bad_url. STONEBRIDGE PRESS WEEKLY MEASURED. The publisher's own archive index was pulled whole (POST /PdfSource/ItemIndexGetData, brandId=2) -- 985 Spencer New Leader issues, 992 Blackstone Valley Tribune, 2,282 Southbridge Evening News, each with a date and a PDF URL, so no filename guessing. The five issues following this town's election date -- taken from its OWN published parses, not estimated -- were downloaded and read whole. The paper does not report this town's annual election. It covers Spencer's election in detail and carried North Brookfield's and Brookfield's in 2026, so the channel demonstrably works; it simply does not write up this town. Note the masthead trap: every front page reads 'Free by request to residents of East Brookfield, West Brookfield, North Brookfield, Brookfield, Leicester and Spencer', so a town-name search returns a false hit on every issue ever printed unless that line is stripped first. THREE MORE CHANNELS MEASURED, SEPTEMBER 2026. (1) THE TOWN'S OWN ELECTION PAGE. East Brookfield keeps a page dedicated to this exact subject, /1277/Annual-Town-Election, and it holds exactly ONE supporting document: offices_to_be_on_ballot.pdf (DocumentCenter id 256). The page text reads 'Our Annual Town Election will be held on May 12, 2026. Visit file for a list of those offices that will be on the ballot.' So the town publishes the OFFICES and never the RESULTS, for any year, on the one page where a return would belong. That is a structural fact about this town's publishing, not a gap in a sweep, and it applies to 2022, 2023, 2024 and 2026 alike. Note the 2023 row was closed instead from a photograph of the clerk's own tallied ballot posted to Facebook -- a channel the town website does not mirror. (2) AGENDACENTER, the second CivicPlus store that no DocumentCenter id walk reaches. East Brookfield has one: 10 files for 2026 and 40 for 2025, but ZERO for 2024, so its retention is about two years. Its single 2026 minutes document is dated 8 April, which is before the second-Tuesday-of-May election and therefore cannot carry the return. (3) MYTOWNGOVERNMENT.ORG, which the town's own clerk page links to for meetings and agendas. It carries East Brookfield, keyed by ZIP at /01515, and names the Town Clerk as Susan Jacobs. It is a board-and-committee MEMBERSHIP directory -- Bandstand Committee, Board of Assessors, Board of Health and so on -- and carries no vote counts and no turnout for any election. Useful for who holds an office, useless for a return. Recorded so it is not re-tried as a results channel. ",70,EastBrookfield2024_d0.pdf,no,no,discarded_not_results,,,https://www.eastbrookfieldma.us/town-clerk/news/official-results-annual-town-election-2024,no_source,official
East Brookfield,2025,regular,yes,LEO,https://eastbrookfieldma.civiccms.acsitefactory.com/sites/g/files/vyhlif541/f/news/2025_ate_official_results.pdf,,verified_yes,scraped,YES | CITATION REPAIRED 2026-08-21 (live URL recovered): 200 via curl_cffi chrome on the Granicus origin host; sha256 identical to held artifact; p1 reads Official Results of th,90,,no,no,hosted,,pypdf,,published,official
East Brookfield,2026,regular,yes,,,,,,"ELECTION DATE ESTABLISHED: Tuesday 12 May 2026 (Quaboag Current, 24 Apr 2026 'Meet the Candidates' notice and 8 May 2026 'Annual town election on May 12'). CHANNELS RUN TO COMPLETION 2026-09-01: town DocumentCenter ids 1-1200 on www.eastbrookfieldma.us, control id 701 PASSED, 542 named files, 0 failures, NO election result document. The old Drupal paths (/town-clerk/news/official-results and sites/g/files/vyhlif541/) now 404 -- the town moved to CivicPlus. Quaboag Current, which is the only paper covering the town, ran no results in its 15 or 22 May issues. The ONE known artifact is sites/g/files/vyhlif541/f/news/results_for_webpage_0.jpg, an IMAGE captured by Wayback on 2026-06-01 and gone from the live site; retrieval is queued on muni-harvest wayback-fetch. STONEBRIDGE PRESS WEEKLY MEASURED. The publisher's own archive index was pulled whole (POST /PdfSource/ItemIndexGetData, brandId=2) -- 985 Spencer New Leader issues, 992 Blackstone Valley Tribune, 2,282 Southbridge Evening News, each with a date and a PDF URL, so no filename guessing. The five issues following this town's election date -- taken from its OWN published parses, not estimated -- were downloaded and read whole. The paper does not report this town's annual election. It covers Spencer's election in detail and carried North Brookfield's and Brookfield's in 2026, so the channel demonstrably works; it simply does not write up this town. Note the masthead trap: every front page reads 'Free by request to residents of East Brookfield, West Brookfield, North Brookfield, Brookfield, Leicester and Spencer', so a town-name search returns a false hit on every issue ever printed unless that line is stripped first.",,,no,no,missing,,,,no_source,
East Longmeadow,2021,regular,yes,LEO,https://www.eastlongmeadowma.gov/DocumentCenter/View/11621/Election-Master-Sheet--2021-06-08,https://jamesnicholsworley.github.io/civicatlasma/pdfs/EastLongmeadow2021_d0.pdf,manual_sources,manual,,95,EastLongmeadow2021_d0.pdf,yes,yes,hosted,https://jamesnicholsworley.github.io/civicatlasma/markdown/EastLongmeadow2021.md,pypdf,,published,official
East Longmeadow,2022,regular,yes,LEO,https://www.eastlongmeadowma.gov/DocumentCenter/View/13039/Final-Election-Results-6-7-2022-Town-Election,https://jamesnicholsworley.github.io/civicatlasma/pdfs/EastLongmeadow2022_d0.pdf,manual_sources,manual,,95,EastLongmeadow2022_d0.pdf,yes,yes,hosted,https://jamesnicholsworley.github.io/civicatlasma/markdown/EastLongmeadow2022.md,pypdf,,published,official
East Longmeadow,2023,regular,yes,LEO,https://www.eastlongmeadowma.gov/DocumentCenter/View/14486/Unofficial-6-6-23-Election-results-?bidId=,https://jamesnicholsworley.github.io/civicatlasma/pdfs/EastLongmeadow2023_d0.pdf,manual_sources,manual,,95,EastLongmeadow2023_d0.pdf,yes,yes,hosted,https://jamesnicholsworley.github.io/civicatlasma/markdown/EastLongmeadow2023.md,pypdf,,published,official
East Longmeadow,2024,regular,yes,LEO,https://www.eastlongmeadowma.gov/DocumentCenter/View/16444/6-4-2024-Town-Election-results-Official-?bidId=,https://jamesnicholsworley.github.io/civicatlasma/pdfs/EastLongmeadow2024_d0.pdf,manual_sources,manual,,95,EastLongmeadow2024_d0.pdf,yes,yes,hosted,https://jamesnicholsworley.github.io/civicatlasma/markdown/EastLongmeadow2024.md,docling-2.66.0,,published,official
East Longmeadow,2025,regular,yes,LEO,https://www.eastlongmeadowma.gov/DocumentCenter/View/18538/6-3-2025-Town-election-results,https://jamesnicholsworley.github.io/civicatlasma/pdfs/EastLongmeadow2025_d0.pdf,manual_sources,manual,,95,EastLongmeadow2025_d0.pdf,yes,yes,hosted,https://jamesnicholsworley.github.io/civicatlasma/markdown/EastLongmeadow2025.md,pypdf,,published,official
East Longmeadow,2026,regular,yes,cohort-2026,https://eastlongmeadowma.gov/DocumentCenter/View/19995/6-2-2026-Final-results,,,,,,,no,yes,hosted,,,,published,official
Eastham,2021,regular,yes,LEO,https://www.eastham-ma.gov/Archive.aspx?ADID=131,https://jamesnicholsworley.github.io/civicatlasma/pdfs/Eastham2021_d0.pdf,verified_yes,scraped,YES,90,Eastham2021_d0.pdf,yes,yes,hosted,https://jamesnicholsworley.github.io/civicatlasma/markdown/Eastham2021.md,pypdf,,published,official
Eastham,2022,regular,yes,LEO,https://www.eastham-ma.gov/Archive.aspx?ADID=170,https://jamesnicholsworley.github.io/civicatlasma/pdfs/Eastham2022_d0.pdf,verified_yes,scraped,YES,90,Eastham2022_d0.pdf,yes,yes,hosted,https://jamesnicholsworley.github.io/civicatlasma/markdown/Eastham2022.md,pypdf,,published,official
Eastham,2023,regular,yes,LEO,https://www.eastham-ma.gov/ArchiveCenter/ViewFile/Item/184,https://jamesnicholsworley.github.io/civicatlasma/pdfs/Eastham2023_d0.pdf,manual_sources,manual,,95,Eastham2023_d0.pdf,yes,yes,hosted,https://jamesnicholsworley.github.io/civicatlasma/markdown/Eastham2023.md,pypdf,,published,official
Eastham,2024,regular,yes,LEO,https://www.eastham-ma.gov/Archive.aspx?ADID=196,https://jamesnicholsworley.github.io/civicatlasma/pdfs/Eastham2024_d0.pdf,verified_yes,scraped,YES,90,Eastham2024_d0.pdf,yes,yes,hosted,https://jamesnicholsworley.github.io/civicatlasma/markdown/Eastham2024.md,pypdf,,published,official
Eastham,2025,regular,yes,LEO,https://www.eastham-ma.gov/DocumentCenter/View/4401/TOWN-ELECTION-FINAL-RESULT-5202025,https://jamesnicholsworley.github.io/civicatlasma/pdfs/Eastham2025_d0.pdf,verified_yes,high,YES,90,Eastham2025_d0.pdf,yes,yes,hosted,https://jamesnicholsworley.github.io/civicatlasma/markdown/Eastham2025.md,pypdf,,published,official
Eastham,2026,regular,yes,custom-search,https://www.eastham-ma.gov/Archive/ViewFile/Item/221,,custom-search:recovered,,citation_recovered_by_rerunning_the_search_that_found_it; document text matches the held copy,,,no,no,pdf_hosted,,,,published,official
Easthampton,2021,regular,yes,LEO,https://easthamptonma.gov/DocumentCenter/View/4663/2021-City-Election-Results-PDF,https://jamesnicholsworley.github.io/civicatlasma/pdfs/Easthampton2021_d0.pdf,manual_sources,manual,,95,Easthampton2021_d0.pdf,yes,yes,hosted,https://jamesnicholsworley.github.io/civicatlasma/markdown/Easthampton2021.md,pypdf,,published,official
Easthampton,2022,regular,no,CITY_ODD_YEAR_CYCLE,,,,,,,Easthampton2022_d0.pdf,,no,no_election,,,,no_election,other
Easthampton,2023,regular,yes,LEO,https://easthamptonma.gov/DocumentCenter/View/6534/2023-City-Election-Official-Results-PDF,https://jamesnicholsworley.github.io/civicatlasma/pdfs/Easthampton2023_d0.pdf,manual_sources,manual,,95,Easthampton2023_d0.pdf,yes,yes,hosted,https://jamesnicholsworley.github.io/civicatlasma/markdown/Easthampton2023.md,pypdf,,published,official
Easthampton,2024,regular,no,CITY_ODD_YEAR_CYCLE,,,,,,,Easthampton2024_d0.pdf,,no,no_election,,,,no_election,other
Easthampton,2025,regular,yes,LEO,https://easthamptonma.gov/DocumentCenter/View/9640/COMPLETE-UNOFFICIAL-ELECTION-RESULTS,https://jamesnicholsworley.github.io/civicatlasma/pdfs/Easthampton2025_d0.pdf,manual_city,manual,"REPOINTED 2026-09-01: was the ranked-choice-only report (DocumentCenter/View/9639), which names 7 of the 23 candidates the record holds. The city posted COMPLETE UNOFFICIAL ELECTION RESULTS as a spreadsheet at id 9640 and nothing had read it. The row cited the ranked-choice-only report; the city published the complete return as a spreadsheet one DocumentCenter id later. Each added contest closes on the city ballot count exactly: the at-large marks, write-ins and blanks come to 23,388, which is 4 x 5,847, and Easthampton elects four councillors at large; School Committee comes to 35,082, which is 6 x 5,847. The three ranked-choice contests already held are left untouched.",100,Easthampton2025_d0.pdf,yes,yes,hosted,https://jamesnicholsworley.github.io/civicatlasma/markdown/Easthampton2025.md,pypdf,https://easthamptonma.gov/DocumentCenter/View/9639/UNOFFICIAL-ELECTION-RESULTS-RANK-CHOICE-RACES?bidId=,published,official
Easthampton,2026,regular,no,,,,,,"no_election: even-year row seeded from the 2024 cohort, 2026-08-19",,,,,,,,,no_election,other
Easton,2021,regular,yes,LEO,https://eastontownma.documents-on-demand.com/Document/22fc829f-3ea5-eb11-a335-000c29a59557/2021.04.24%20Unofficial%20Results.pdf,https://jamesnicholsworley.github.io/civicatlasma/pdfs/Easton2021_d0.pdf,manual,,manual_ingest,,Easton2021_d0.pdf,yes,yes,pdf_hosted,,,,published,other
Easton,2022,regular,yes,manual-find,https://eastontownma.documents-on-demand.com/document/3b841ed4-99c4-ec11-a375-000c29a59557/2022.04.23%20Annual%20Town%20Election%20Results.PDF,,,,"REVERTED 2026-08-23, my own regression. This town-year was 'upgraded' to a Wayback copy of eastontownma.documents-on-demand.com/.../2022.04.22 Unofficial Results.pdf on the strength of it being the town's own April 2022 file. Reading it afterwards: it is the TABULATOR'S UNOFFICIAL printout, 1,970 characters covering two and a half races, where the parse holds seven -- and its numbers differ from the record (Fulginiti 1,121 / Lamb 1,096 against the parse's 1,122 / 1,097). Five of the parse's sixteen candidate names appear nowhere in it: Brian DeNardo, John Olsen, Emily Murphy, Gregory Fraser, John J. Olsen. The document the record was actually read from was the clerk's complete narrative return, 'The following is a tabulation of voters for all seven precincts at this election' -- its OCR survives at data/setaside/retired_text/Easton2022__data_raw_ocr.txt and contains every one of those names. That artifact itself was destroyed by derived_store.host_document, which overwrote the displaced PDF; that defect is now fixed and displaced documents are moved to data/setaside/displaced_documents/. Returned to no_source, which is where this town-year stood before today: it was never published, only held for a missing citation. The tabulator URL is a real lead for a SECOND document, not a replacement.",,,no,no,missing,,,,published,official
Easton,2023,regular,yes,LEO,https://eastontownma.documents-on-demand.com/?l=f591af8c635542dc9dc3f568f0ffcf1c&d=2d8269706ee1ed11a3b8000c29a59557,https://jamesnicholsworley.github.io/civicatlasma/pdfs/Easton2023_d0.pdf,manual_sources,manual,unrecovered_landing,95,Easton2023_d0.pdf,yes,yes,pdf_hosted,,,,published,other
Easton,2024,regular,yes,LEO,https://eastontownma.documents-on-demand.com/document/db123463-86ff-ee11-a3fd-000c29a59557/2024.04.20%20-%20ATE%20-%20Voter%20Information%20and%20Results.PDF,https://jamesnicholsworley.github.io/civicatlasma/pdfs/Easton2024_d0.pdf,manual_sources,manual,,95,Easton2024_d0.pdf,yes,yes,hosted,https://jamesnicholsworley.github.io/civicatlasma/markdown/Easton2024.md,pypdf,,published,other
Easton,2025,regular,yes,LEO,https://eastontownma.documents-on-demand.com/Document/0484edec-3b24-f011-a448-000c29a59557/2025.04.26%20-%20Annual%20Town%20Election%20-%20Voter%20Information%20and%20Results.pdf,https://jamesnicholsworley.github.io/civicatlasma/pdfs/Easton2025_d0.pdf,manual_sources,manual,CITATION REPAIRED 2026-08-21 (live URL recovered): 200 via curl_cffi chrome; re-uploaded under a new GUID; 2pg Easton Annual Town Election 4/26/2025,95,Easton2025_d0.pdf,yes,yes,hosted,https://jamesnicholsworley.github.io/civicatlasma/markdown/Easton2025.md,pypdf,,published,other
Easton,2026,regular,yes,cohort-2026,manual-find,,,,,,,no,yes,hosted,,,,published,official
Edgartown,2021,regular,yes,LEO,https://www.edgartown-ma.us/home/showpublisheddocument/14598/637856245439400000,,collect-crawl,medium,auto_resourced,70,,no,no,pdf_hosted,,,,published,official
Edgartown,2022,regular,yes,NEWS,https://www.mvtimes.com/2022/04/14/three-towns-going-polls/,,manual,medium,runner_fetch,70,Edgartown2022_d0.pdf,,yes,hosted,https://jamesnicholsworley.github.io/civicatlasma/markdown/Edgartown2022.md,docling-html,,published,news
Edgartown,2023,regular,yes,NEWS,https://www.mvtimes.com/2023/04/13/edgartown-approves-new-fire-station-elect-new-school-committee-member/,,manual,manual,unrecovered_landing,95,Edgartown2023_d0.pdf,no,yes,hosted,https://jamesnicholsworley.github.io/civicatlasma/markdown/Edgartown2023.md,playwright+docling-2.66.0,,published,news
Edgartown,2024,regular,yes,LEO,https://www.edgartown-ma.us/home/showpublisheddocument/23759/638485248313700000,https://jamesnicholsworley.github.io/civicatlasma/pdfs/Edgartown2024_d0.pdf,collect-crawl,medium,auto_resourced,70,Edgartown2024_d0.pdf,yes,yes,pdf_hosted,,,,published,official
Edgartown,2025,regular,yes,LEO,https://www.edgartown-ma.us/home/showpublisheddocument/26482/638799144056070000,,collect-crawl,high,auto_resourced,70,,no,no,pdf_hosted,,,,published,official
Edgartown,2026,regular,yes,,https://vineyardgazette.com/news/2026/04/16/edgartown-voters-approve-900k-override,,,,,,,no,no,missing,,,,published,news
Egremont,2021,regular,yes,LEO,https://www.berkshireeagle.com/news/local/egremont-voters-approve-cannabis-license-bans-pending-town-meeting-vote/article_325ccf4e-b2b8-11eb-a038-af4c8d4aa14c.html,,scraper_sheet9,low,"landed 2026-09-01 from the round-10 news-window sweep (news; Berkshire Eagle, 11 May 2021); artifact only, parse and gate follow",70,,no,no,missing,,,https://www.egremont-ma.gov/DocumentCenter/View/1961,published,news
Egremont,2022,regular,yes,LEO,,,manual,low,"RETIRED 2026-09-02: The document is the 8 November 2022 STATE election, not Egremont’s annual town election. It prints Governor and District Attorney, and its eight contests are all Regional School Committee. Read as Egremont’s own election it gave a turnout of 100% of the roll, because a regional district’s votes were being divided by one town’s voters. The citation is separately wrong -- it points at a Municipal Vulnerability Designation letter.",70,Egremont2022_d0.pdf,yes,no,discarded_not_results,,,https://www.egremont-ma.gov/DocumentCenter/View/931/Municipal-Vulnerability-Designation-Letter-from-Executive-,no_source,
Egremont,2023,regular,yes,LEO,https://www.egremont-ma.gov/DocumentCenter/View/1138/Annual-Town-Election-2023-Certified-Results-PDF?bidId=,https://jamesnicholsworley.github.io/civicatlasma/pdfs/Egremont2023_d0.pdf,manual_sources,manual,,95,Egremont2023_d0.pdf,yes,yes,hosted,https://jamesnicholsworley.github.io/civicatlasma/markdown/Egremont2023.md,docling-2.66.0,,published,official
Egremont,2024,regular,yes,LEO,https://www.egremont-ma.gov/DocumentCenter/View/1695,https://jamesnicholsworley.github.io/civicatlasma/pdfs/Egremont2024_d0.pdf,refetch_leads,medium,auto_refetch,70,Egremont2024_d0.pdf,yes,no,pdf_hosted,,,https://egremont-ma.gov/DocumentCenter/View/1417/MA-Housing-Partnership-Municipal-Affordable-Housing-Trust-Guide-PDF,published,official
Egremont,2025,regular,yes,LEO,https://theberkshireedge.com/municipal-election-results-egremont-and-great-barrington/,https://jamesnicholsworley.github.io/civicatlasma/pdfs/Egremont2025_d0.pdf,manual,low,split:multi-town document shared with GreatBarrington2025,90,Egremont2025_d0.pdf,,yes,hosted,https://jamesnicholsworley.github.io/civicatlasma/markdown/GreatBarrington2025.md,,https://www.egremont-ma.gov/DocumentCenter/View/2249/FAQs-Community-Preservation-Act-for-May-13-2025-election?bidId=,published,news
Egremont,2026,regular,yes,cohort-2026,https://news.google.com/rss/articles/CBMioAFBVV95cUxOc3hwanBDZ3ZuLWJrWXBBcUwtNHJRTHFZaE9obzhkWU9YNlRIRlRjTEowdXVGMW1xR1ZXWmM2aU52M1VzbGJfX2pDYk9ZUHVGSDJBREJDcG5KUWNKYmt1bTI2M0VHd3VUbFNRMEYydTJURGdrTExJcnBzS3RxMUJfSEhqTGQycml3RGNLR3Bnbk1vVXNnYkVuNEJ4V05OSHl0?oc=5,,,,,,,no,yes,hosted,,,,published,news
Erving,2021,regular,yes,owner-supplied-2026-08-23-small_towns_ingest_3,https://recorder.com/2021/05/04/former-board-member-re-elected-to-erving-selectboard-after-hiatus-40297244/,https://jamesnicholsworley.github.io/civicatlasma/pdfs/Erving2021_d0.pdf,manual,high,manual_ingest,70,Erving2021_d0.pdf,yes,no,pdf_hosted,,,https://www.erving-ma.gov/sites/g/files/vyhlif4401/f/uploads/may_12_2021_atm_-_certified_vote_results.pdf,published,news
Erving,2022,regular,yes,owner-supplied-2026-08-23-small_towns_ingest_3,https://recorder.com/2022/05/05/no-surprises-in-erving-s-uncontested-races-46213446/,https://jamesnicholsworley.github.io/civicatlasma/pdfs/Erving2022_d0.pdf,manual,high,manual_ingest,70,Erving2022_d0.pdf,yes,no,pdf_hosted,,,https://www.erving-ma.gov/sites/g/files/vyhlif4401/f/uploads/park_survey_results_slideshow.pdf,published,news
Erving,2023,regular,yes,NEWS,https://www.recorder.com/Write-in-candidate-claims-Selectboard-seat-in-Erving-election-50834025,,manual_sources,manual,,95,Erving2023_d0.pdf,,yes,hosted,https://jamesnicholsworley.github.io/civicatlasma/markdown/Erving2023.md,playwright+docling-2.66.0,,published,news
Erving,2024,regular,yes,LEO,https://www.erving-ma.gov/sites/g/files/vyhlif4401/f/news/erving_town_elections_results_for_may_6_2024.pdf,https://jamesnicholsworley.github.io/civicatlasma/pdfs/Erving2024_d0.pdf,manual,high,manual_ingest,70,Erving2024_d0.pdf,yes,yes,pdf_hosted,,,,published,official
Erving,2025,regular,yes,ATR,https://www.erving-ma.gov/DocumentCenter/View/2973/2025-Annual-Town-Report-PDF,https://jamesnicholsworley.github.io/civicatlasma/pdfs/Erving2025_d0.pdf,dive_atr,high,atr_cropped,70,Erving2025_d0.pdf,yes,yes,pdf_hosted,,,,published,official
Erving,2026,regular,yes,custom-search-2026,https://www.recorder.com/2026/05/05/erving-selectboard-election-results/,,,,"citation found 2026-08-23 by overlap: 100% of the held reading's words and 100% of its 16 tallies are on this page, and 50% of the page is in the reading",,,no,no,hosted,,,,published,news
Essex,2021,regular,yes,LEO,https://www.essexma.org/documentcenter/view/817,https://jamesnicholsworley.github.io/civicatlasma/pdfs/Essex2021_d0.pdf,manual,medium,manual_ingest,70,Essex2021_d0.pdf,yes,yes,pdf_hosted,,,,published,official
Essex,2022,regular,yes,LEO,https://www.essexma.org/sites/g/files/vyhlif4406/f/uploads/official_results_-_11.8.22_election.pdf,https://jamesnicholsworley.github.io/civicatlasma/pdfs/Essex2022_d0.pdf,manual,medium,manual_ingest,70,Essex2022_d0.pdf,yes,yes,pdf_hosted,,,,published,official
Essex,2023,regular,yes,LEO,https://archives.lib.state.ma.us/server/api/core/bitstreams/4c145ecf-0b44-4e93-9f15-86af4bd182de/content,,manual,manual,"landed 2026-08-25 from the Chrome ingest (ATR, #pages 89-90 of Essex-2023.pdf); 10 races",95,,no,no,published,,,https://www.essexma.org/sites/g/files/vyhlif4406/f/pages/essex_municipal_vulnerability_preparedness_final_report_1.pdf,published,official
Essex,2024,regular,yes,harvest-lead,https://www.essexma.org/DocumentCenter/View/781,https://jamesnicholsworley.github.io/civicatlasma/pdfs/Essex2024_d0.pdf,manual,high,manual_ingest,90,Essex2024_d0.pdf,yes,no,pdf_hosted,,pypdf,https://www.essexma.org/DocumentCenter/View/2030/Unofficial-May-12-2025-Town-Election-Results https://jamesnicholsworley.github.io/civicatlasma/pdfs/Essex2024.pdf,published,official
Essex,2025,regular,yes,LEO,https://www.essexma.org/DocumentCenter/View/2061/May-12-2025-Local-Election-Final-Results,https://jamesnicholsworley.github.io/civicatlasma/pdfs/Essex2025_d0.pdf,verified_yes,scraped,YES,90,Essex2025_d0.pdf,yes,yes,hosted,https://jamesnicholsworley.github.io/civicatlasma/markdown/Essex2025.md,pypdf,,published,official
Essex,2026,regular,yes,custom-search-2026,https://www.essexma.org/DocumentCenter/View/2441/May-11-2026-Local-Election--Unofficial-Results,,,,,,,no,no,pdf_hosted,,,,published,official
Everett,2021,regular,yes,LEO,https://cityofeverett.com/wp-content/uploads/2021/11/2021-Municipal-Election-Results.xlsx,,collect-crawl,,auto_resourced,,Everett2021_d0.pdf,yes,yes,hosted,https://jamesnicholsworley.github.io/civicatlasma/markdown/Everett2021.md,xlsx+docling-2.66.0,,published,official
Everett,2022,regular,no,CITY_ODD_YEAR_CYCLE,,,,,,,Everett2022_d0.pdf,,no,no_election,,,,no_election,other
Everett,2023,regular,yes,NEWS,https://everettindependent.com/wp-content/uploads/2023/11/City-of-Everett-2023-Municipal-Election-Results-Unofficial.pdf,https://jamesnicholsworley.github.io/civicatlasma/pdfs/Everett2023_d0.pdf,manual_sources,manual,,95,Everett2023_d0.pdf,yes,yes,hosted,https://jamesnicholsworley.github.io/civicatlasma/markdown/Everett2023.md,pypdf,,published,news
Everett,2024,regular,no,CITY_ODD_YEAR_CYCLE,,,,,,,Everett2024_d0.pdf,,no,no_election,,,,no_election,other
Everett,2025,regular,yes,LEO,https://cityofeverett.com/wp-content/uploads/2025/11/2025-Municipal-Election-Results-official.pdf,https://jamesnicholsworley.github.io/civicatlasma/pdfs/Everett2025_d0.pdf,manual_city,manual,replacement_verified,100,,yes,no,hosted,,pymupdf,,published,official
Everett,2026,regular,no,,,,,,"no_election: even-year row seeded from the 2024 cohort, 2026-08-19",,,,,,,,,no_election,other
Fairhaven,2021,regular,yes,LEO,https://fairhaven-ma.gov/wp-content/uploads/2025/04/april_5_2021_townwide_tally_sheet_0.pdf,https://jamesnicholsworley.github.io/civicatlasma/pdfs/Fairhaven2021_d0.pdf,manual_sources,manual,,95,Fairhaven2021_d0.pdf,yes,yes,hosted,https://jamesnicholsworley.github.io/civicatlasma/markdown/Fairhaven2021.md,pypdf,,published,official
Fairhaven,2022,regular,yes,LEO,https://fairhaven-ma.gov/wp-content/uploads/2025/04/april_4_2022_townwide_tally_sheet.pdf,https://jamesnicholsworley.github.io/civicatlasma/pdfs/Fairhaven2022_d0.pdf,manual_sources,manual,,95,Fairhaven2022_d0.pdf,yes,yes,hosted,https://jamesnicholsworley.github.io/civicatlasma/markdown/Fairhaven2022.md,pypdf,,published,official
Fairhaven,2023,regular,yes,NEWS,https://www.southcoasttoday.com/story/news/2023/04/05/election-newcomers-win-fairhaven-school-committee-planning-board/70080806007/,,manual_sources,manual,,95,Fairhaven2023_d0.pdf,,yes,hosted,https://jamesnicholsworley.github.io/civicatlasma/markdown/Fairhaven2023.md,wayback20231012+docling,,published,news
Fairhaven,2024,regular,yes,LEO,https://fairhaven-ma.gov/wp-content/uploads/2024/04/April-1-2024-Annual-Town-Election-Official-Results.pdf,https://jamesnicholsworley.github.io/civicatlasma/pdfs/Fairhaven2024_d0.pdf,manual_sources,manual,,95,Fairhaven2024_d0.pdf,yes,yes,hosted,https://jamesnicholsworley.github.io/civicatlasma/markdown/Fairhaven2024.md,docling-2.66.0,,published,official
Fairhaven,2025,regular,yes,LEO,https://fairhaven-ma.gov/wp-content/uploads/2024/04/2025-04-07-Annual-Town-Election-UNOFFICIAL-results.pdf,https://jamesnicholsworley.github.io/civicatlasma/pdfs/Fairhaven2025_d0.pdf,manual_sources,manual,,95,Fairhaven2025_d0.pdf,yes,yes,hosted,https://jamesnicholsworley.github.io/civicatlasma/markdown/Fairhaven2025.md,docling-2.66.0,,published,official
Fairhaven,2026,regular,yes,cohort-2026,https://fairhaven-ma.gov/wp-content/uploads/2025/04/2026-06-09-Annual-Town-Election-Official-Townwide-Results.pdf,,,,,,,no,yes,hosted,,,,published,official
Fall River,2021,regular,yes,NEWS,https://www.heraldnews.com/story/news/politics/elections/2021/11/02/fall-river-election-results-city-council-and-school-committee/6255584001/,,manual_sources,manual,,95,FallRiver2021_d0.pdf,,yes,hosted,https://jamesnicholsworley.github.io/civicatlasma/markdown/FallRiver2021.md,playwright+docling-2.66.0,,published,news
Fall River,2022,regular,no,CITY_ODD_YEAR_CYCLE,,,,,,,FallRiver2022_d0.pdf,,no,no_election,,,,no_election,other
Fall River,2023,regular,yes,NEWS,https://www.heraldnews.com/story/news/politics/elections/local/2023/11/07/fall-river-ma-election-results-mayor-city-council-school-committee/71478891007/,,manual_sources,manual,,95,FallRiver2023_d0.pdf,,yes,hosted,https://jamesnicholsworley.github.io/civicatlasma/markdown/FallRiver2023.md,playwright+docling-2.66.0,,published,news
Fall River,2024,regular,no,CITY_ODD_YEAR_CYCLE,,,,,,,FallRiver2024_d0.pdf,,no,no_election,,,,no_election,other
Fall River,2025,regular,yes,LEO,https://cms2.revize.com/revize/fallriver/Document%20Center/Departments/Elections/Election%20Results/2025%20Biennial%20Municipal%20Election-Unofficial%20Election%20Results.pdf?t=202511061534240&t=202511061534240,https://jamesnicholsworley.github.io/civicatlasma/pdfs/FallRiver2025_d0.pdf,manual_city,manual,manual,100,FallRiver2025_d0.pdf,yes,yes,hosted,https://jamesnicholsworley.github.io/civicatlasma/markdown/FallRiver2025.md,docling-2.66.0,,published,other
Fall River,2026,regular,no,,,,,,"no_election: even-year row seeded from the 2024 cohort, 2026-08-19",,,,,,,,,no_election,other
Falmouth,2021,regular,yes,LEO,https://www.falmouthma.gov/DocumentCenter/View/9901/2021-Annual-Town-Election-Unofficial-Results-May-18-2021,https://jamesnicholsworley.github.io/civicatlasma/pdfs/Falmouth2021_d0.pdf,manual_sources,manual,,95,Falmouth2021_d0.pdf,yes,yes,hosted,https://jamesnicholsworley.github.io/civicatlasma/markdown/Falmouth2021.md,pypdf,,published,official
Falmouth,2022,regular,yes,LEO,https://www.falmouthma.gov/DocumentCenter/View/12082/2022-Annual-Town-Election-Unofficial-Results-May-17-2022,https://jamesnicholsworley.github.io/civicatlasma/pdfs/Falmouth2022_d0.pdf,manual_sources,manual,,95,Falmouth2022_d0.pdf,yes,yes,hosted,https://jamesnicholsworley.github.io/civicatlasma/markdown/Falmouth2022.md,pypdf,,published,official
Falmouth,2023,regular,yes,LEO,https://www.falmouthma.gov/DocumentCenter/View/14523/2023-Annual-Town-Election-May-16th-Official-Results,https://jamesnicholsworley.github.io/civicatlasma/pdfs/Falmouth2023_d0.pdf,manual_sources,manual,,95,Falmouth2023_d0.pdf,yes,yes,hosted,https://jamesnicholsworley.github.io/civicatlasma/markdown/Falmouth2023.md,pypdf,,published,official
Falmouth,2024,regular,yes,LEO,https://www.falmouthma.gov/DocumentCenter/View/16584/2024-Annual-Town-Election-May-21st-Un-Official-Results,https://jamesnicholsworley.github.io/civicatlasma/pdfs/Falmouth2024_d0.pdf,manual_sources,manual,,95,Falmouth2024_d0.pdf,yes,yes,hosted,https://jamesnicholsworley.github.io/civicatlasma/markdown/Falmouth2024.md,pypdf,,published,official
Falmouth,2025,regular,yes,LEO,https://www.falmouthma.gov/DocumentCenter/View/19494/2025--Annual-Town-Election-May-20th-Un-official-Results,https://jamesnicholsworley.github.io/civicatlasma/pdfs/Falmouth2025_d0.pdf,manual_sources,manual,,95,Falmouth2025_d0.pdf,yes,yes,hosted,https://jamesnicholsworley.github.io/civicatlasma/markdown/Falmouth2025.md,pypdf,,published,official
Falmouth,2026,regular,yes,cohort-2026,https://www.falmouthma.gov/DocumentCenter/View/21390/2026-Annual-Town-Election-May-19th-Official-Results,,,,,,,no,yes,hosted,,,,published,official
Fitchburg,2021,regular,yes,LEO,https://www.fitchburgma.gov/ArchiveCenter/ViewFile/Item/1164,https://jamesnicholsworley.github.io/civicatlasma/pdfs/Fitchburg2021_d0.pdf,manual_sources,manual,,95,Fitchburg2021_d0.pdf,yes,yes,hosted,https://jamesnicholsworley.github.io/civicatlasma/markdown/Fitchburg2021.md,pypdf,,published,official
Fitchburg,2022,regular,no,CITY_ODD_YEAR_CYCLE,,,,,,,Fitchburg2022_d0.pdf,,no,no_election,,,,no_election,other
Fitchburg,2023,regular,yes,LEO,https://www.fitchburgma.gov/ArchiveCenter/ViewFile/Item/1301,https://jamesnicholsworley.github.io/civicatlasma/pdfs/Fitchburg2023_d0.pdf,manual_sources,manual,,95,Fitchburg2023_d0.pdf,yes,yes,hosted,https://jamesnicholsworley.github.io/civicatlasma/markdown/Fitchburg2023.md,pypdf,,published,official
Fitchburg,2024,regular,no,CITY_ODD_YEAR_CYCLE,,,,,,,Fitchburg2024_d0.pdf,,no,no_election,,,,no_election,other
Fitchburg,2025,regular,yes,LEO,https://www.fitchburgma.gov/ArchiveCenter/ViewFile/Item/1562,https://jamesnicholsworley.github.io/civicatlasma/pdfs/Fitchburg2025_d0.pdf,manual_city,manual,"manual | CERTIFIED UPGRADE 2026-08-21: replaced the unofficial/preliminary source with the town's official document (OFFICIAL RESULTS). Ballots 4,491 -> 4,524. The official splits the Mayor write-in row, adding a named MARCUS DINATALE (Write-in) 312.",100,Fitchburg2025_d0.pdf,yes,yes,hosted,https://jamesnicholsworley.github.io/civicatlasma/markdown/Fitchburg2025.md,pypdf,,published,official
Fitchburg,2026,regular,no,,,,,,"no_election: even-year row seeded from the 2024 cohort, 2026-08-19",,,,,,,,,no_election,other
Florida,2021,regular,yes,clerk-email-2026-08-07-lisa-h-brown,,,town_clerk_email,,YES,,,no,no,pdf_hosted,,,,published,official
Florida,2022,regular,yes,clerk-email-2026-08-07-lisa-h-brown,,,town_clerk_email,,YES,,,no,no,pdf_hosted,,,,published,official
Florida,2023,regular,yes,clerk-email-2026-08-07-lisa-h-brown,,,town_clerk_email,,YES,,,,no,hosted,,,,published,official
Florida,2024,regular,yes,clerk-email-2026-08-07-lisa-h-brown,,https://jamesnicholsworley.github.io/civicatlasma/pdfs/Florida2024_d0.pdf,town_clerk_email,low,YES,70,Florida2024_d0.pdf,yes,yes,pdf_hosted,,,https://www.townofflorida.org/,published,official
Florida,2025,regular,yes,clerk-email-2026-08-07-lisa-h-brown,,https://jamesnicholsworley.github.io/civicatlasma/pdfs/Florida2025_d0.pdf,town_clerk_email,low,YES,70,Florida2025_d0.pdf,yes,yes,pdf_hosted,,,https://www.townofflorida.org/,published,official
Florida,2026,regular,yes,custom-search,https://cdn.sanity.io/files/hs5p5cc4/production/deaeee9e0e2bcddc38c4b8a35267386e63a0ce88.pdf,,harvest-lead:sha256,,citation_proven_against_held_pdf,,,no,no,pdf_hosted,,,,published,official
Foxborough,2021,regular,yes,LEO,https://www.foxboroughma.gov/common/pages/GetFile.ashx?key=4J8NARJh,https://jamesnicholsworley.github.io/civicatlasma/pdfs/Foxborough2021_d0.pdf,manual_sources,manual,,95,Foxborough2021_d0.pdf,yes,yes,hosted,https://jamesnicholsworley.github.io/civicatlasma/markdown/Foxborough2021.md,docling-2.66.0,,published,official
Foxborough,2022,regular,yes,LEO,https://www.foxboroughma.gov/common/pages/GetFile.ashx?key=UKgaAbVW,https://jamesnicholsworley.github.io/civicatlasma/pdfs/Foxborough2022_d0.pdf,manual_sources,manual,,95,Foxborough2022_d0.pdf,yes,yes,hosted,https://jamesnicholsworley.github.io/civicatlasma/markdown/Foxborough2022.md,docling-2.66.0,,published,official
Foxborough,2023,regular,yes,NEWS,https://www.thesunchronicle.com/news/local_news/as-expected-foxboro-voters-scarce-in-annual-town-election/article_67c9b2ba-b94f-54b5-be50-409e1c174d36.html,,manual,manual,runner_fetch2,95,,no,no,pdf_hosted,,docling-html,https://www.thesunchronicle.com/news/local_news/as-expected-foxboro-voters-scarce-in-annual-town-election/article_67c9b2ba-b94f-54b5-be50-409e1c174d36.html,published,news
Foxborough,2024,regular,yes,LEO,https://www.foxboroughma.gov/common/pages/GetFile.ashx?key=dC81Ab7R,https://jamesnicholsworley.github.io/civicatlasma/pdfs/Foxborough2024_d0.pdf,manual_sources,manual,,95,Foxborough2024_d0.pdf,yes,yes,hosted,https://jamesnicholsworley.github.io/civicatlasma/markdown/Foxborough2024.md,pypdf,,published,official
Foxborough,2025,regular,yes,LEO,https://www.foxboroughma.gov/common/pages/GetFile.ashx?key=pMo9AWY0,https://jamesnicholsworley.github.io/civicatlasma/pdfs/Foxborough2025_d0.pdf,manual_sources,manual,,95,Foxborough2025_d0.pdf,yes,yes,hosted,https://jamesnicholsworley.github.io/civicatlasma/markdown/Foxborough2025.md,pypdf,,published,official
Foxborough,2026,regular,yes,owner-lead,https://www.foxboroughma.gov/common/pages/GetFile.ashx?key=x8ZEAXw4,https://jamesnicholsworley.github.io/civicatlasma/pdfs/Foxborough2026_d0.pdf,manual,,manual_ingest,,Foxborough2026_d0.pdf,yes,no,pdf_hosted,,,,published,official
Framingham,2021,regular,yes,LEO,https://www.framinghamma.gov/DocumentCenter/View/44049/Official-Results-110221-v2?bidId=,https://jamesnicholsworley.github.io/civicatlasma/pdfs/Framingham2021_d0.pdf,manual_sources,manual,,95,Framingham2021_d0.pdf,yes,yes,hosted,https://jamesnicholsworley.github.io/civicatlasma/markdown/Framingham2021.md,pypdf,,published,official
Framingham,2022,regular,no,CITY_ODD_YEAR_CYCLE,,,,,,,Framingham2022_d0.pdf,,no,no_election,,,,no_election,other
Framingham,2023,regular,yes,LEO,https://framinghamma.gov/DocumentCenter/View/50979/Official-Results--110723,https://jamesnicholsworley.github.io/civicatlasma/pdfs/Framingham2023_d0.pdf,manual_sources,manual,,95,Framingham2023_d0.pdf,yes,yes,hosted,https://jamesnicholsworley.github.io/civicatlasma/markdown/Framingham2023.md,pypdf,,published,official
Framingham,2024,regular,no,CITY_ODD_YEAR_CYCLE,,,,,,,Framingham2024_d0.pdf,,no,no_election,,,,no_election,other
Framingham,2025,regular,yes,LEO,https://framinghamma.gov/DocumentCenter/View/54423/Unofficial-results-11042025,https://jamesnicholsworley.github.io/civicatlasma/pdfs/Framingham2025_d0.pdf,manual_city,manual,manual,100,Framingham2025_d0.pdf,yes,yes,hosted,https://jamesnicholsworley.github.io/civicatlasma/markdown/Framingham2025.md,pypdf,,published,official
Framingham,2026,regular,no,,,,,,"no_election: even-year row seeded from the 2024 cohort, 2026-08-19",,,,,,,,,no_election,other
Franklin,2021,regular,yes,LEO,https://www.franklinma.gov/DocumentCenter/View/1072/2021-Town-Election-Results-PDF,https://jamesnicholsworley.github.io/civicatlasma/pdfs/Franklin2021_d0.pdf,manual_sources,manual,,95,Franklin2021_d0.pdf,yes,yes,hosted,https://jamesnicholsworley.github.io/civicatlasma/markdown/Franklin2021.md,pypdf,,published,official
Franklin,2022,regular,no,CITY_ODD_YEAR_CYCLE,,,,,,,Franklin2022_d0.pdf,,no,no_election,,,,no_election,other
Franklin,2023,regular,yes,LEO,https://www.franklinma.gov/DocumentCenter/View/1084/2023-Biennial-Local-Election-Results-11-7-2023-PDF,https://jamesnicholsworley.github.io/civicatlasma/pdfs/Franklin2023_d0.pdf,manual,manual,manual_ingest,95,Franklin2023_d0.pdf,yes,yes,pdf_hosted,,,,published,official
Franklin,2024,regular,no,CITY_ODD_YEAR_CYCLE,,,,,,,Franklin2024_d0.pdf,,no,no_election,,,,no_election,other
Franklin,2025,regular,yes,LEO,https://www.franklinma.gov/DocumentCenter/View/7540/OFFICIAL-RESULTS---11-4-2025---LOCAL-BIENNIAL-ELECTION-11-5-2025,https://jamesnicholsworley.github.io/civicatlasma/pdfs/Franklin2025_d0.pdf,manual_city,manual,manual,100,Franklin2025_d0.pdf,yes,yes,hosted,https://jamesnicholsworley.github.io/civicatlasma/markdown/Franklin2025.md,pypdf,,published,official
Franklin,2026,regular,no,,,,,,"no_election: even-year row seeded from the 2024 cohort, 2026-08-19",,,,,,,,,no_election,other
Freetown,2021,regular,yes,LEO,https://www.freetownma.gov/DocumentCenter/View/1440/Annual-Town-Election-4-05-2021-PDF,https://jamesnicholsworley.github.io/civicatlasma/pdfs/Freetown2021_d0.pdf,crawl,spraped,crawl_verified,70,Freetown2021_d0.pdf,yes,yes,hosted,,pdf_only(needs_ocr),,published,official
Freetown,2022,regular,yes,LEO,https://www.freetownma.gov/sites/g/files/vyhlif4441/f/uploads/official_results_2022_ate_2.pdf,https://jamesnicholsworley.github.io/civicatlasma/pdfs/Freetown2022_d0.pdf,scraper_sheet9,spraped,,70,Freetown2022_d0.pdf,yes,yes,hosted,https://jamesnicholsworley.github.io/civicatlasma/markdown/Freetown2022.md,pypdf,,published,official
Freetown,2023,regular,yes,LEO,https://www.freetownma.gov/DocumentCenter/View/1436/Annual-Town-Election-4-4-2023-PDF,https://jamesnicholsworley.github.io/civicatlasma/pdfs/Freetown2023_d0.pdf,crawl,manual,crawl_verified,95,Freetown2023_d0.pdf,yes,yes,hosted,https://jamesnicholsworley.github.io/civicatlasma/markdown/Freetown2023.md,pypdf(recrawl),,published,official
Freetown,2024,regular,yes,LEO,https://www.freetownma.gov/DocumentCenter/View/1433/Annual-Town-Election-4-1-2024-PDF,https://jamesnicholsworley.github.io/civicatlasma/pdfs/Freetown2024_d0.pdf,crawl,spraped,crawl_verified,70,Freetown2024_d0.pdf,yes,yes,hosted,https://jamesnicholsworley.github.io/civicatlasma/markdown/Freetown2024.md,pypdf(recrawl),,published,official
Freetown,2025,regular,yes,LEO,https://www.freetownma.gov/DocumentCenter/View/1431/Annual-Town-Election-4-7-2025-PDF,https://jamesnicholsworley.github.io/civicatlasma/pdfs/Freetown2025_d0.pdf,crawl,spraped,crawl_verified,70,Freetown2025_d0.pdf,yes,yes,hosted,https://jamesnicholsworley.github.io/civicatlasma/markdown/Freetown2025.md,pypdf(recrawl),,published,official
Freetown,2026,regular,yes,cohort-2026,https://freetownma.gov/DocumentCenter/View/8436/Annual-Town-Election-4-6-2026-PDF,,,,,,,no,no,hosted,,,,published,official
Gardner,2021,regular,yes,LEO,https://www.gardner-ma.gov/DocumentCenter/View/8472/Official-Election-Results-TBA,https://jamesnicholsworley.github.io/civicatlasma/pdfs/Gardner2021_d0.pdf,manual_sources,manual,,95,Gardner2021_d0.pdf,yes,yes,hosted,https://jamesnicholsworley.github.io/civicatlasma/markdown/Gardner2021.md,docling-2.66.0,,published,official
Gardner,2022,regular,no,CITY_ODD_YEAR_CYCLE,,,,,,,Gardner2022_d0.pdf,,no,no_election,,,,no_election,other
Gardner,2023,regular,yes,LEO,https://www.gardner-ma.gov/DocumentCenter/View/10095/November-7-2023-City-Election-Official-Results---CERTIFIED,https://jamesnicholsworley.github.io/civicatlasma/pdfs/Gardner2023_d0.pdf,manual_sources,manual,,95,Gardner2023_d0.pdf,yes,yes,hosted,https://jamesnicholsworley.github.io/civicatlasma/markdown/Gardner2023.md,pypdf,,published,official
Gardner,2024,regular,no,CITY_ODD_YEAR_CYCLE,,,,,,,Gardner2024_d0.pdf,,no,no_election,,,,no_election,other
Gardner,2025,regular,yes,LEO,https://www.gardner-ma.gov/DocumentCenter/View/11949/2025-Official-Election-Results?bidId=,https://jamesnicholsworley.github.io/civicatlasma/pdfs/Gardner2025_d0.pdf,manual_city,manual,manual,100,Gardner2025_d0.pdf,yes,yes,hosted,https://jamesnicholsworley.github.io/civicatlasma/markdown/Gardner2025.md,pypdf,,published,official
Gardner,2026,regular,no,,,,,,"no_election: even-year row seeded from the 2024 cohort, 2026-08-19",,,,,,,,,no_election,other
Georgetown,2021,regular,yes,LEO,http://georgetownma.gov/Document%20Center/Departments/Town%20Clerk/Election%20Results/officialresultsate051021_1.xlsx?t=202308070838400,,crawl,high,crawl_xlsx_verified,90,Georgetown2021_d0.pdf,no,yes,hosted,https://jamesnicholsworley.github.io/civicatlasma/markdown/Georgetown2021.md,xlsx+docling,,published,official
Georgetown,2022,regular,yes,LEO,http://georgetownma.gov/Document%20Center/Departments/Town%20Clerk/Election%20Results/unofficial_results_0592022.xlsx?t=202308070839370,,crawl,high,crawl_xlsx_verified,90,Georgetown2022_d0.pdf,no,yes,hosted,https://jamesnicholsworley.github.io/civicatlasma/markdown/Georgetown2022.md,xlsx+docling,,published,official
Georgetown,2023,regular,yes,LEO,https://georgetownma.gov/Document%20Center/Departments/Town%20Clerk/Election%20Results/unofficial_results_tally_sheets_5_8_23.pdf?t=202308070841530,https://jamesnicholsworley.github.io/civicatlasma/pdfs/Georgetown2023_d0.pdf,crawl,manual,auto_resourced,95,Georgetown2023_d0.pdf,yes,yes,hosted,https://jamesnicholsworley.github.io/civicatlasma/markdown/Georgetown2023.md,pypdf,,published,official
Georgetown,2024,regular,yes,LEO,http://georgetownma.gov/Document%20Center/Departments/Town%20Clerk/Election%20Results/results_tally_sheet_-_totals_-_may_13_2024_town_election.pdf?t=202409120623360,https://jamesnicholsworley.github.io/civicatlasma/pdfs/Georgetown2024_d0.pdf,crawl,high,crawl_verified,90,Georgetown2024_d0.pdf,yes,yes,hosted,https://jamesnicholsworley.github.io/civicatlasma/markdown/Georgetown2024.md,pypdf(recrawl),,published,official
Georgetown,2025,regular,yes,LEO,http://georgetownma.gov/Document%20Center/Town%20Clerk/FINAL%20OFFICIAL%20Results%20-Annual%20Town%20Election%20-%20May12%202025.pdf?t=202505151127070,https://jamesnicholsworley.github.io/civicatlasma/pdfs/Georgetown2025_d0.pdf,crawl,high,crawl_verified,90,Georgetown2025_d0.pdf,yes,yes,hosted,https://jamesnicholsworley.github.io/civicatlasma/markdown/Georgetown2025.md,pypdf(recrawl),,published,official
Georgetown,2026,regular,yes,harvest-lead,https://georgetownma.gov/Document%20Center/Town%20Clerk/OFFICIAL%20Results%20Town%20Election%20May%2011%202026.pdf?t=202606081300110,https://jamesnicholsworley.github.io/civicatlasma/pdfs/Georgetown2026_d0.pdf,manual,,manual_ingest,,Georgetown2026_d0.pdf,yes,no,pdf_hosted,,,,published,official
Gill,2021,regular,yes,owner-supplied-2026-08-23-small_towns_ingest_3,https://web.archive.org/web/20211020194503/https://www.gillmass.org/p/36/Town-Clerk,https://jamesnicholsworley.github.io/civicatlasma/pdfs/Gill2021_d0.pdf,manual,low,manual_ingest,70,Gill2021_d0.pdf,yes,no,pdf_hosted,,,https://gillmass.org/files/2019-0129_Gill_Elem_water_test_results_-_bact_and_FE-Mn.pdf,published,other
Gill,2022,regular,yes,owner-supplied-2026-08-23-small_towns_ingest_3,https://web.archive.org/web/20220528205026/https://gillmass.org/p/36/Town-Clerk,https://jamesnicholsworley.github.io/civicatlasma/pdfs/Gill2022_d0.pdf,manual,low,manual_ingest,70,Gill2022_d0.pdf,yes,no,pdf_hosted,,,https://gillmass.org/files/2022-1207_Gill_Elementary_report_for_Lead_and_Copper_2022_4th_Q_Lead-Copper_results_Gill_Elementary_School.pdf,published,other
Gill,2023,regular,yes,NEWS,https://www.recorder.com/GillElectionResults051723-50994168,,manual_sources,manual,,95,Gill2023_d0.pdf,,yes,hosted,https://jamesnicholsworley.github.io/civicatlasma/markdown/Gill2023.md,playwright+docling-2.66.0,,published,news
Gill,2024,regular,yes,owner-supplied-2026-08-23-small_towns_ingest_3,https://web.archive.org/web/20240523223622/https://gillmass.org/p/36/Town-Clerk,https://jamesnicholsworley.github.io/civicatlasma/pdfs/Gill2024_d0.pdf,manual,high,manual_ingest,70,Gill2024_d0.pdf,yes,no,pdf_hosted,,,https://gillmass.org/files/2024-1001_Gill_School_lead_copper_LCR_results.pdf,published,other
Gill,2025,regular,yes,NEWS,https://recorder.com/2025/05/20/12-year-selectman-returning-to-board-following-gill-election-61286836/,,manual,medium,runner_fetch,90,Gill2025_d0.pdf,no,yes,hosted,https://jamesnicholsworley.github.io/civicatlasma/markdown/Gill2025.md,docling-html,,published,news
Gill,2026,regular,yes,custom-search-2026,https://gillmass.org/townclerk,,,,"citation found 2026-08-23 by overlap: 100% of the held reading's words and 100% of its 87 tallies are on this page, and 73% of the page is in the reading",,,no,no,hosted,,,,published,official
Gloucester,2021,regular,yes,LEO,https://gloucester-ma.gov/DocumentCenter/View/7888/Official-Results-after-Recount-November-2-2021?bidId=,https://jamesnicholsworley.github.io/civicatlasma/pdfs/Gloucester2021_d0.pdf,manual_sources,manual,,95,Gloucester2021_d0.pdf,yes,yes,hosted,https://jamesnicholsworley.github.io/civicatlasma/markdown/Gloucester2021.md,docling-2.66.0,,published,official
Gloucester,2022,regular,no,CITY_ODD_YEAR_CYCLE,,,,,,,Gloucester2022_d0.pdf,,no,no_election,,,,no_election,other
Gloucester,2023,regular,yes,LEO,https://gloucester-ma.gov/DocumentCenter/View/9787/OFFICIAL-RESULTS-NOVEMBER-7-2023?bidId=,https://jamesnicholsworley.github.io/civicatlasma/pdfs/Gloucester2023_d0.pdf,manual_sources,manual,,95,Gloucester2023_d0.pdf,yes,yes,hosted,https://jamesnicholsworley.github.io/civicatlasma/markdown/Gloucester2023.md,docling-2.66.0,,published,official
Gloucester,2024,regular,no,CITY_ODD_YEAR_CYCLE,,,,,,,Gloucester2024_d0.pdf,,no,no_election,,,,no_election,other
Gloucester,2025,regular,yes,LEO,https://www.gloucester-ma.gov/DocumentCenter/View/11881/OFFICIAL-RESULTS-November-4-2025-City-Election,https://jamesnicholsworley.github.io/civicatlasma/pdfs/Gloucester2025_d0.pdf,manual_city,manual,manual,100,Gloucester2025_d0.pdf,yes,yes,hosted,https://jamesnicholsworley.github.io/civicatlasma/markdown/Gloucester2025.md,docling-2.66.0,,published,official
Gloucester,2026,regular,no,,,,,,"no_election: even-year row seeded from the 2024 cohort, 2026-08-19",,,,,,,,,no_election,other
Goshen,2021,regular,yes,LEO,https://storage.googleapis.com/proudcity/goshenma/uploads/2021/05/ATE-5.1.2021-Results.pdf,https://jamesnicholsworley.github.io/civicatlasma/pdfs/Goshen2021_d0.pdf,crawl,medium,crawl_verified,90,Goshen2021_d0.pdf,yes,yes,hosted,https://jamesnicholsworley.github.io/civicatlasma/markdown/Goshen2021.md,pypdf(recrawl),,published,official
Goshen,2022,regular,yes,LEO,https://storage.googleapis.com/proudcity/goshenma/uploads/2022/06/Annual-Town-Election-Results-6.4.2022.pdf,https://jamesnicholsworley.github.io/civicatlasma/pdfs/Goshen2022_d0.pdf,crawl,medium,crawl_verified,90,Goshen2022_d0.pdf,yes,yes,hosted,https://jamesnicholsworley.github.io/civicatlasma/markdown/Goshen2022.md,pypdf(recrawl),,published,official
Goshen,2023,regular,yes,LEO,https://storage.googleapis.com/proudcity/goshenma/uploads/2023/06/ATE-6.3.23-Results.pdf,https://jamesnicholsworley.github.io/civicatlasma/pdfs/Goshen2023_d0.pdf,manual_sources,manual,,95,Goshen2023_d0.pdf,yes,yes,hosted,https://jamesnicholsworley.github.io/civicatlasma/markdown/Goshen2023.md,pypdf,,published,official
Goshen,2024,regular,yes,LEO,https://storage.googleapis.com/proudcity/goshenma/2024/06/Annual-Town-Election-Results-6.1.2024.pdf,https://jamesnicholsworley.github.io/civicatlasma/pdfs/Goshen2024_d0.pdf,crawl,medium,crawl_verified,90,Goshen2024_d0.pdf,yes,yes,hosted,https://jamesnicholsworley.github.io/civicatlasma/markdown/Goshen2024.md,pypdf(recrawl),,published,official
Goshen,2025,regular,yes,LEO,https://storage.googleapis.com/proudcity/goshenma/2025/06/Annual-Town-Elect-Results-6.7.2025.pdf,https://jamesnicholsworley.github.io/civicatlasma/pdfs/Goshen2025_d0.pdf,crawl,medium,crawl_verified,90,Goshen2025_d0.pdf,yes,yes,hosted,https://jamesnicholsworley.github.io/civicatlasma/markdown/Goshen2025.md,pypdf(recrawl),,published,official
Goshen,2026,regular,yes,custom-search-2026,https://storage.googleapis.com/proudcity/goshenma/2026/06/a5c801c1-ate-6.6.26-results.pdf,,,,,,,no,no,pdf_hosted,,,,published,official
Gosnold,2021,regular,yes,,,,,,"HOW GOSNOLD ELECTS, AND WHY THAT MATTERS. Gosnold does not hold a ballot election at all: it elects its officers ON THE FLOOR OF THE ANNUAL TOWN MEETING. Its published 2024 row reads, verbatim from the warrant, 'LeoRoyelectedunanimously', 'WinSanfordelectedunanimously' -- no ballots and no counts, which is why every candidate carries -1. (Note the extracted text has NO SPACES between words, so any regex searching for 'annual town election' silently fails on this town's documents; that is a reading trap, not an absence.) The results therefore live inside the annual town report, not in an election file. TWO CHANNELS MEASURED. DocumentCenter ids 1-900 swept with id 619 passing as a control: 533 named documents, and exactly ONE town report in the whole range -- the 2024 one already cited. Everything else is commission minutes and Selectboard agendas. And the Massachusetts State Library holds 48 Gosnold items whose town reports STOP AT 1894; there is no modern volume for any year. Same finding applies to 2022, 2023 and 2026. SECOND ROUND, SEPTEMBER 2026 -- A WHOLE DOCUMENT STORE THE FIRST SWEEP NEVER SAW. The earlier pass walked DocumentCenter ids 1-900. This town keeps a SECOND store: the CivicPlus AgendaCenter, at /AgendaCenter/ViewFile/Minutes/_MMDDYYYY-NN, holding 20 Selectboard minutes for 2026 that no DocumentCenter id sweep can reach. A year query against /AgendaCenter/Search/ returns 71 file links for 2025, two for 2021 and NONE for 2022 or 2023. Any future work on this town must sweep both stores. THE SCANS. Every Selectboard minutes PDF for 2021 and 2022 extracts 0 to 3 characters -- pure scans, the silent-zero shape that makes a text sweep report nothing while appearing to run. Eighteen were rendered at 300 dpi and OCRd, yielding 3,394 to 11,011 characters each, so the reading demonstrably worked. None of them records the floor elections. WHAT THE OCR DID ESTABLISH, and it changes the shape of all four rows. The minutes of 25 June 2021 state: 'At our June 19 Annual Town Meeting it was voted to change these positions to appointed. Highway - Seth Garfield, Town Clerk - Lisa Wright, Treasurer - Sarah Smith.' The minutes of 14 May 2021 list the warrant article behind it: 'Convert Highway Supervisor, Town Clerk, Treasurer, Electric Light Board and Constable from elected to appointed - Abolish Auditor.' So the 2021 annual town meeting was 19 JUNE 2021, and from that date five offices plus the auditor left the elective slate entirely. Any expectation of what 2022, 2023 and 2026 should contain must be set AFTER that change, not before it. 2026 SPECIFICALLY. The Selectboard minutes of 22 May 2026 are headed 'Annual Town Meeting Review and Debrief' and record that the board reorganised for FY27 with Win Sanford as Chair, and that 'Approximately 50 registered voters and 10-15 guests attended'. That fixes the 2026 annual town meeting between 8 and 22 May 2026 and confirms it happened. It is NOT turnout and is not used as such: it is an approximate ATTENDANCE count at a meeting, not ballots cast, and the word 'approximately' is the clerk's own. The minutes do not name who was elected. STILL MISSING, for all four years: the annual town meeting minutes themselves, which is the only document that carries this town's returns. Neither store holds one for 2021, 2022, 2023 or 2026. The published 2024 row came from the annual town report and the published 2025 row from a Google Doc the town shared, so both routes exist and neither has produced a 2026 equivalent yet. DocumentCenter ids were re-swept to 819: the newest relevant item is id 684, 'FY27 Annual Warrant Signed', which is the pre-meeting warrant and carries no results.  CATEGORY CHECK, so the AgendaCenter conclusion is not an artefact of a filtered listing: that store's categories for this town are Conservation Commission, Electric Light, Finance Committee, Harbor Management, School and Selectboard. There is NO Town Meeting category, and a CIDs=all query for 2026 returns the same 20 Selectboard minutes already read. The annual town meeting minutes -- the only document that carries this town's returns -- are genuinely absent from both stores rather than hidden behind a category filter. ",,Gosnold2021_d0.pdf,,no,missing,,,,no_source,other
Gosnold,2022,regular,yes,,,,,,"See Gosnold 2021 -- the finding covers every open Gosnold year. The town does not hold a ballot election; it elects officers on the floor of the Annual Town Meeting ('electedunanimously'), so the result lives in the annual town report and nowhere else. DocumentCenter ids 1-900 swept with a passing control: 533 named documents, exactly ONE town report (the 2024 volume already cited). The Massachusetts State Library holds 48 Gosnold items whose town reports stop at 1894. Beware: pdfplumber extracts this town's documents with NO SPACES between words, so any regex containing a space fails silently on them.",,Gosnold2022_d0.pdf,,no,missing,,,,no_source,other
Gosnold,2023,regular,yes,,,,,,"See Gosnold 2021 -- the finding covers every open Gosnold year. The town does not hold a ballot election; it elects officers on the floor of the Annual Town Meeting ('electedunanimously'), so the result lives in the annual town report and nowhere else. DocumentCenter ids 1-900 swept with a passing control: 533 named documents, exactly ONE town report (the 2024 volume already cited). The Massachusetts State Library holds 48 Gosnold items whose town reports stop at 1894. Beware: pdfplumber extracts this town's documents with NO SPACES between words, so any regex containing a space fails silently on them.",,Gosnold2023_d0.pdf,,no,missing,,,,no_source,other
Gosnold,2024,regular,yes,LEO,https://www.gosnold-ma.gov/DocumentCenter/View/619,https://jamesnicholsworley.github.io/civicatlasma/pdfs/Gosnold2024_d0.pdf,manual,,manual_ingest,,Gosnold2024_d0.pdf,yes,yes,pdf_hosted,,,,published,official
Gosnold,2025,regular,yes,NEWS,https://docs.google.com/document/d/1w1gaRDo0yQYnkBHGsTBtCm4X5mGZL_BqzssdqpjvWWI/edit?tab=t.0,,manual,,rendered_score:wrong_doc,,Gosnold2025_d0.pdf,,yes,hosted,https://jamesnicholsworley.github.io/civicatlasma/markdown/Gosnold2025.md,playwright+docling-2.66.0,,published,news
Gosnold,2026,regular,yes,,,,,,"See Gosnold 2021 -- the finding covers every open Gosnold year. The town does not hold a ballot election; it elects officers on the floor of the Annual Town Meeting ('electedunanimously'), so the result lives in the annual town report and nowhere else. DocumentCenter ids 1-900 swept with a passing control: 533 named documents, exactly ONE town report (the 2024 volume already cited). The Massachusetts State Library holds 48 Gosnold items whose town reports stop at 1894. Beware: pdfplumber extracts this town's documents with NO SPACES between words, so any regex containing a space fails silently on them.",,,no,no,missing,,,,no_source,
Grafton,2021,regular,yes,LEO,https://www.grafton-ma.gov/DocumentCenter/View/1073/5-22-2021--Local-Election-PDF,https://jamesnicholsworley.github.io/civicatlasma/pdfs/Grafton2021_d0.pdf,manual_sources,manual,,95,Grafton2021_d0.pdf,yes,yes,hosted,https://jamesnicholsworley.github.io/civicatlasma/markdown/Grafton2021.md,pypdf,,published,official
Grafton,2022,regular,yes,LEO,https://www.grafton-ma.gov/DocumentCenter/View/1072/5-17-2022--Local-Election-PDF,https://jamesnicholsworley.github.io/civicatlasma/pdfs/Grafton2022_d0.pdf,manual_sources,manual,,95,Grafton2022_d0.pdf,yes,yes,hosted,https://jamesnicholsworley.github.io/civicatlasma/markdown/Grafton2022.md,pypdf,,published,official
Grafton,2023,regular,yes,LEO,https://www.grafton-ma.gov/DocumentCenter/View/9253/5-16-2023-Local-Election,https://jamesnicholsworley.github.io/civicatlasma/pdfs/Grafton2023_d0.pdf,manual_sources,manual,,95,Grafton2023_d0.pdf,yes,yes,hosted,https://jamesnicholsworley.github.io/civicatlasma/markdown/Grafton2023.md,pypdf,,published,official
Grafton,2024,regular,yes,LEO,https://www.grafton-ma.gov/DocumentCenter/View/12816/05-21-2024--Local-Annual-Election,https://jamesnicholsworley.github.io/civicatlasma/pdfs/Grafton2024_d0.pdf,manual_sources,manual,,95,Grafton2024_d0.pdf,yes,yes,hosted,https://jamesnicholsworley.github.io/civicatlasma/markdown/Grafton2024.md,pypdf,,published,official
Grafton,2025,regular,yes,NEWS,https://www.grafton-ma.gov/DocumentCenter/View/16948/5-20-2025-Annual-Town-Election-Results,https://jamesnicholsworley.github.io/civicatlasma/pdfs/Grafton2025_d0.pdf,manual_sources,manual,,95,Grafton2025_d0.pdf,,yes,hosted,https://jamesnicholsworley.github.io/civicatlasma/markdown/Grafton2025.md,playwright+docling-2.66.0,,published,official
Grafton,2026,regular,yes,cohort-2026,https://grafton-ma.gov/DocumentCenter/View/20470/5-19-2026-Annual-Town-Election-Results,,,,,,,no,yes,hosted,,,,published,official
Granby,2021,regular,yes,NEWS,https://archives.thereminder.com/localnews/granby/granby-voters-elect-new-selectboard-planning-board/,,manual,scraped,YES,90,Granby2021_d0.pdf,,yes,hosted,https://jamesnicholsworley.github.io/civicatlasma/markdown/Granby2021.md,playwright+docling-2.66.0,,published,news
Granby,2022,regular,yes,NEWS,https://www.gazettenet.com/Newcomer-ousts-incumbent-Select-Board-member-in-Granby-election-46402450,,manual,scraped,runner_fetch,90,Granby2022_d0.pdf,,yes,hosted,https://jamesnicholsworley.github.io/civicatlasma/markdown/Granby2022.md,docling-html,,published,news
Granby,2023,regular,yes,NEWS,https://archives.thereminder.com/localnews/granby/with-few-races-granby-election-sees-47-voter-turno/,,manual,manual,,95,Granby2023_d0.pdf,,yes,hosted,https://jamesnicholsworley.github.io/civicatlasma/markdown/Granby2023.md,playwright+docling-2.66.0,,published,news
Granby,2024,regular,yes,LEO,https://gazettenet.com/2024/05/21/granby-election-results-55233839/,,manual,scraped,manual_ingest,90,,no,no,published,,,https://www.granby-ma.gov/sites/g/files/vyhlif4466/f/news/town_clerk_election_notice_9.30.24_0.pdf,published,news
Granby,2025,regular,yes,owner-verified-2026-08-19,https://www.granby-ma.gov/api/blob/viewBlob?i=WblL2jct94Fj%2F6CkoymdtZnbjhoggmUmkQ8RDqVgdjfiN%252BV6oL6wht%2FSsBsA%2FkQj,https://jamesnicholsworley.github.io/civicatlasma/pdfs/Granby2025_d0.pdf,manual,spraped,"manual_ingest | SOURCE REPLACED 2026-08-20: previous citation was a WWLP news story and the held doc was a Feb 2025 NOMINATION PAPERS notice. Now the Town Clerk-signed 7-page RECORD, ANNUAL TOWN ELECTION MAY 19 2025 (Katherine A. Kelly-Regan, CMMC), 888 ballots; 8 -> 11 races. Candidate name corrected: DANIEL W. GERSTENFIELD (was ""David Gersteinfeld""). Library Trustee 1-yr: clerk's printed BLANKS 865 exceeds her own precinct columns (863) - printed value kept. | FETCH NOTE: the blob URL returns HTTP 400 without a same-site Referer header; fetch with Referer: https://www.granby-ma.gov/townclerk (verified 200, 208KB PDF). Granby runs Munibit/membershipware, whose full document index is queryable as JSON via app.membershipware.com/api/public/mwjsResources (tokens in the /townclerk page HTML) - 4,300 files, every Granby election record 2010-2026.",70,Granby2025_d0.pdf,yes,yes,hosted,,,,published,official
Granby,2026,regular,yes,custom-search-2026,https://www.wwlp.com/news/local-news/hampshire-county/granby-town-election-results-contested-races-for-select-board-library-trustee/,,,,"citation found 2026-08-23 by overlap: 100% of the held reading's words and 100% of its 13 tallies are on this page, and 16% of the page is in the reading",,,no,no,hosted,,,,published,news
Granville,2021,regular,yes,LEO,https://www.granville-ma.gov/DocumentCenter/View/1035/2021-Municipal-Election-Results,https://jamesnicholsworley.github.io/civicatlasma/pdfs/Granville2021_d0.pdf,manual,scraped,manual_ingest,90,Granville2021_d0.pdf,yes,yes,pdf_hosted,,,,published,official
Granville,2022,regular,yes,LEO,https://www.granville-ma.gov/DocumentCenter/View/1027/2022-Municipal-Election-Results,https://jamesnicholsworley.github.io/civicatlasma/pdfs/Granville2022_d0.pdf,manual,scraped,manual_ingest,90,Granville2022_d0.pdf,yes,yes,pdf_hosted,,,,published,official
Granville,2023,regular,yes,LEO,https://www.granville-ma.gov/DocumentCenter/View/1037/2023-Municipal-Election-Results,https://jamesnicholsworley.github.io/civicatlasma/pdfs/Granville2023_d0.pdf,manual,manual,manual_ingest,95,Granville2023_d0.pdf,yes,yes,pdf_hosted,,,,published,official
Granville,2024,regular,yes,LEO,https://www.townofgranville.net/sites/g/files/vyhlif4471/f/news/townelectionsresults040824.pdf,https://jamesnicholsworley.github.io/civicatlasma/pdfs/Granville2024_d0.pdf,manual,scraped,manual_ingest,90,Granville2024_d0.pdf,yes,yes,pdf_hosted,,,,published,official
Granville,2025,regular,yes,LEO,https://www.granville-ma.gov/DocumentCenter/View/1030/2025-Municipal-Election-Results,https://jamesnicholsworley.github.io/civicatlasma/pdfs/Granville2025_d0.pdf,manual,spraped,manual_ingest,70,Granville2025_d0.pdf,yes,yes,pdf_hosted,,,,published,official
Granville,2026,regular,yes,,,,,,"STRUCTURAL NEGATIVE on the town's own complete series. Granville's DocumentCenter was swept ids 950-1250 with id 1030 passing as a control: 135 named documents, and its '<year> Municipal Election Results.pdf' series is UNBROKEN -- 2015, 2016, 2017, 2018, 2019, 2020, 2021, 2022, 2023, 2024, 2025 -- with no 2026 entry. The one undated candidate, id 980 'Townelectionsresults.PDF', was fetched and read: it is the ANNUAL TOWN ELECTION BALLOT for April 7, 2025 with counts, which is the year already published. Same template every year, present for eleven consecutive years, absent for 2026. TURLEY WEEKLY MEASURED VIA WAYBACK. Turley itself now 403s and its own archive links 404 for older issues, but Wayback holds 1,742 dated whole-issue PDFs across seven Turley titles (Barre Gazette, Country Journal, Quaboag Current, Ware River News, Journal Register, Agawam Advertiser, Chicopee Register), 2020 to 2026. The issues following this town's election were retrieved from Actions and read COLUMN-AWARE -- these papers set returns in five narrow columns and a full-page extract interleaves them, the same failure that hid Plainfield 2022. No return for this town-year. The channel demonstrably works: the same issues carry Hardwick's 2026 return in full (380 of 2,199 voters, 17.3%) and Oakham's 2026 (Gehring 308, Haapakoski 78), both towns these papers serve. They simply do not print this one. PRE-TO-POST MATCHING RUN AND EXHAUSTED. The maintainer's technique -- if a paper previewed the contest it probably reported it -- closed Hampden 2022 outright, so it was run against every open row in the same papers' territory. It is DATE-driven, not keyword-driven, which matters: the Hampden article that closed that row is slugged 'coyne-beats-matthews-for-seat-on-hampden-planning-' and matches no election keyword at all, so every keyword sweep had missed it. Here the method finds nothing: every article in the relevant Reminder section was fetched and DATED, and none published in the weeks after this election reports it. REMINDER ARCHIVE CANNOT SPEAK TO THIS YEAR. All 211 articles naming the open towns were fetched and dated: the newest in the entire archive is 6 March 2024 and there are ZERO from 2025 or 2026. This channel stops before the year in question, so its silence is UNREACHABLE, not absence. The paper does print full returns for these towns when it publishes -- Holland 2023 gives 'Only 217 of Holland's 2,197 eligible voters cast ballots' -- so it is worth re-checking if the archive ever resumes. See research/CHANNEL-reminder-archive-ends-2024.md  CORRECTION, SAME SESSION: the archive stopping in 2024 did NOT make this row unreachable. The paper moved platform. thereminder.com is a live WordPress site with a REST API holding 5,397 posts from November 2022 to September 2026, covering exactly the years the archive does not. Every post from 15 March to 1 August 2026 was fetched -- 581 of them -- and every title read. Forty-nine concern an election, and they cover Longmeadow, Wilbraham, Hampden, Southwick, East Longmeadow, Huntington, South Hadley and Easthampton. NONE concerns this town. The paper still covers the hilltowns (a Hilltowns category of 225 posts; 55 Granville mentions since 2025) and it did report Huntington's May 2026 Selectboard race, and it reported these towns' 2024 elections in full -- 'Nicole Berndt reelected to Granville Selectboard for third term', 'Montgomery election hangs on closer look at write-in votes'. So this is a MEASURED ABSENCE on a live, working channel, not an unreachable one. ",,,no,no,missing,,,,no_source,
Great Barrington,2021,regular,yes,NEWS,https://www.wamc.org/new-england-news/2021-05-13/gabriel-reed-elected-to-great-barrington-selectboard,,manual,medium,YES,90,GreatBarrington2021_d0.pdf,,yes,hosted,https://jamesnicholsworley.github.io/civicatlasma/markdown/GreatBarrington2021.md,playwright+docling-2.66.0,,published,news
Great Barrington,2022,regular,yes,LEO,https://web.archive.org/web/20220808135206id_/https://www.townofgb.org/sites/g/files/vyhlif636/f/news/2022_ate_total_tally_sheet_final.pdf,,manual,medium,manual_ingest,60,,no,no,published,,,https://www.townofgb.org/sites/g/files/vyhlif636/f/uploads/2022_state_election_flyer.pdf,published,official
Great Barrington,2023,regular,yes,NEWS,https://theberkshireedge.com/great-barrington-election-results/,,manual_sources,manual,,95,GreatBarrington2023_d0.pdf,,yes,hosted,https://jamesnicholsworley.github.io/civicatlasma/markdown/GreatBarrington2023.md,playwright+docling-2.66.0,,published,news
Great Barrington,2024,regular,yes,LEO,https://www.townofgb.org/sites/g/files/vyhlif636/f/uploads/ate_tally_sheets_2024_002_0.pdf,https://jamesnicholsworley.github.io/civicatlasma/pdfs/GreatBarrington2024_d0.pdf,manual,low,manual_ingest,70,GreatBarrington2024_d0.pdf,yes,yes,pdf_hosted,,,,published,official
Great Barrington,2025,regular,yes,NEWS,https://theberkshireedge.com/municipal-election-results-egremont-and-great-barrington/,,manual,medium,YES,90,GreatBarrington2025_d0.pdf,,yes,hosted,https://jamesnicholsworley.github.io/civicatlasma/markdown/GreatBarrington2025.md,playwright+docling-2.66.0,,published,news
Great Barrington,2026,regular,yes,cohort-2026,https://townofgb.org/DocumentCenter/View/4566/May-12-2026-Annual-Town-Election-Results,,,,,,,no,yes,hosted,,,,published,official
Greenfield,2021,regular,yes,LEO,https://cms5.revize.com/revize/greenfield/2021_Official_November_2_2021_Biennial_City_Election_Results.pdf,https://jamesnicholsworley.github.io/civicatlasma/pdfs/Greenfield2021_d0.pdf,manual_sources,manual,,95,Greenfield2021_d0.pdf,yes,yes,hosted,https://jamesnicholsworley.github.io/civicatlasma/markdown/Greenfield2021.md,pypdf,,published,other
Greenfield,2022,regular,no,LEO,,,manual,medium,biennial_city_election:no_election,60,,no,no,no_election,,,https://greenfield-ma.gov/files/09062022_State_Primary_Election_Results_to_the_State_Final.pdf,no_election,official
Greenfield,2023,regular,yes,NEWS,https://recorder.com/2023/11/07/desorgher-victorious-greenfield-mayor-elect-defeats-wedegartner-winning-every-precinct-52888641/,,manual,manual,runner_fetch,95,Greenfield2023_d0.pdf,no,yes,hosted,https://jamesnicholsworley.github.io/civicatlasma/markdown/Greenfield2023.md,docling-html,,published,news
Greenfield,2024,regular,no,LEO,,,exa,medium,biennial_city_election:no_election,60,Greenfield2024_d0.pdf,no,no,no_election,https://jamesnicholsworley.github.io/civicatlasma/markdown/Greenfield2024.md,docling-html,https://greenfield-ma.gov/elections_and_voting/elections_results.php,no_election,official
Greenfield,2025,regular,yes,LEO,"https://cms5.revize.com/revize/greenfield/Document_Center/Department/Elections/Official%20Results%20-%20November%204,%202025%20Local%20General%20Election.pdf?t=202511071308170&t=202511071308170",https://jamesnicholsworley.github.io/civicatlasma/pdfs/Greenfield2025_d0.pdf,manual_city,manual,manual,100,Greenfield2025_d0.pdf,yes,yes,hosted,https://jamesnicholsworley.github.io/civicatlasma/markdown/Greenfield2025.md,pypdf,,published,other
Greenfield,2026,regular,no,,,,,,"no_election: even-year row seeded from the 2024 cohort, 2026-08-19",,,,,,,,,no_election,official
Groton,2021,regular,yes,LEO,https://portal.grotonma.gov/storage/Election_Information/2021%20Election%20Results/2021_ATE_Final_Results.pdf,https://jamesnicholsworley.github.io/civicatlasma/pdfs/Groton2021_d0.pdf,exa,high,auto_resourced,90,Groton2021_d0.pdf,yes,yes,hosted,https://jamesnicholsworley.github.io/civicatlasma/markdown/Groton2021.md,pypdf,,published,official
Groton,2022,regular,yes,rendered-town-page,https://portal.grotonma.gov/storage/Election_Information/2022%20Election%20Results/2022%20Annual_Town_Election_Final_Results.pdf,https://jamesnicholsworley.github.io/civicatlasma/pdfs/Groton2022_d0.pdf,manual,high,manual_ingest,90,Groton2022_d0.pdf,yes,no,pdf_hosted,,,https://portal.grotonma.gov/storage/Election_Information/OCPF%20Campaign%20Finance%20Reports/2022_-_OCPF_Log_-_8_Days_Prior_to_Election.pdf,published,official
Groton,2023,regular,yes,LEO,https://portal.grotonma.gov/storage/Election_Information/2023%20Election%20Results/2023_Annual_Town_Election_-_Updated_Results_2023-05-24.pdf,https://jamesnicholsworley.github.io/civicatlasma/pdfs/Groton2023_d0.pdf,collect-exa,manual,auto_resourced,95,Groton2023_d0.pdf,yes,yes,hosted,https://jamesnicholsworley.github.io/civicatlasma/markdown/Groton2023.md,pypdf,,published,official
Groton,2024,regular,yes,LEO,https://portal.grotonma.gov/storage/Election_Information/2024%20Election%20Results/2024_Annual_Town_Election_Official_Results.pdf,https://jamesnicholsworley.github.io/civicatlasma/pdfs/Groton2024_d0.pdf,exa,high,auto_resourced,90,Groton2024_d0.pdf,yes,yes,hosted,https://jamesnicholsworley.github.io/civicatlasma/markdown/Groton2024.md,pypdf,,published,official
Groton,2025,regular,yes,LEO,https://portal.grotonma.gov/storage/Election_Information/2025%20Election%20Results/2025_Annual_Town_Election_Official_Results.pdf,https://jamesnicholsworley.github.io/civicatlasma/pdfs/Groton2025_d0.pdf,exa,high,auto_resourced,90,Groton2025_d0.pdf,yes,yes,hosted,https://jamesnicholsworley.github.io/civicatlasma/markdown/Groton2025.md,pypdf,,published,official
Groton,2026,regular,yes,rendered-town-page,https://portal.grotonma.gov/storage/Election_Information/2026%20Election%20Results/OFFICIAL_ELECTION_RESULTS_May_19_2026_Final_Corrected.pdf,https://jamesnicholsworley.github.io/civicatlasma/pdfs/Groton2026_d0.pdf,manual,,manual_ingest,,Groton2026_d0.pdf,yes,no,pdf_hosted,,,,published,official
Groveland,2021,regular,yes,LEO,http://web.archive.org/web/20221004235110id_/https://grovelandma.com/wp-content/uploads/2022/04/groveland_election_official_results_2021_0.pdf,,manual,medium,"landed 2026-09-01 from the round-9 gap sweep (official; whole document (4 pages)); artifact only, parse and gate follow",70,,no,no,published,,,https://grovelandma.com/wp-content/uploads/2022/03/municipal_light_department_meeting_october_14_2021.pdf,published,official
Groveland,2022,regular,yes,LEO,https://web.archive.org/web/20220601181328id_/https://www.grovelandma.com/sites/g/files/vyhlif3191/f/news/2022_may_2nd_local_election_official_results.pdf,,manual,medium,head_ocr:wrong_doc,70,,no,no,published,,,https://www.grovelandma.com/Documents/Departments/Town%20Administrator/Contracts/Collective%20Bargaining%20Agreements/Highway-Teamsters-Union-170-Contract-2024-2027.pdf,published,official
Groveland,2023,regular,yes,LEO,https://grovelandma.com/wp-content/uploads/2023/05/2023-Official-Election-Results-May-1-2023-Local-Election-1.pdf,https://jamesnicholsworley.github.io/civicatlasma/pdfs/Groveland2023_d0.pdf,manual_sources,manual,,95,Groveland2023_d0.pdf,yes,yes,hosted,https://jamesnicholsworley.github.io/civicatlasma/markdown/Groveland2023.md,pypdf,,published,official
Groveland,2024,regular,yes,LEO,https://grovelandma.com/wp-content/uploads/2024/10/2024-10-24-Ballot-Testing-for-November-5-2024-Presidential-Election.pdf,https://jamesnicholsworley.github.io/civicatlasma/pdfs/Groveland2024_d0.pdf,manual,low,manual_ingest,70,Groveland2024_d0.pdf,yes,yes,pdf_hosted,,,,published,official
Groveland,2025,regular,yes,LEO,https://www.grovelandma.com/Town%20Clerk/2025-MAY%205%20LOCAL%20ELECTON%20OFFICIAL%20RESULTS.pdf,https://jamesnicholsworley.github.io/civicatlasma/pdfs/Groveland2025_d0.pdf,collect-crawl,low,runner_fetch | citation corrected 2026-08-20 (data was already verified good),70,Groveland2025_d0.pdf,yes,yes,pdf_hosted,,,,published,official
Groveland,2026,regular,yes,custom-search,https://www.grovelandma.com/2026%20LOCAL%20ELECTON%20OFFICIAL%20RESULTS.pdf?t=202605081022500,,harvest-lead:sha256,,citation_proven_against_held_pdf,,,no,no,pdf_hosted,,,,published,official
Hadley,2021,regular,yes,LEO,https://www.hadleyma.org/town-clerk/files/doings-2021413-ate,https://jamesnicholsworley.github.io/civicatlasma/pdfs/Hadley2021_d0.pdf,crawl,high,crawl_verified,70,Hadley2021_d0.pdf,yes,yes,hosted,https://jamesnicholsworley.github.io/civicatlasma/markdown/Hadley2021.md,pypdf(recrawl),,published,official
Hadley,2022,regular,yes,LEO,https://www.hadleyma.org/town-clerk/files/5172022-ate,https://jamesnicholsworley.github.io/civicatlasma/pdfs/Hadley2022_d0.pdf,crawl,high,crawl_verified,70,Hadley2022_d0.pdf,yes,yes,hosted,https://jamesnicholsworley.github.io/civicatlasma/markdown/Hadley2022.md,pypdf(recrawl),,published,official
Hadley,2023,regular,yes,LEO,https://www.hadleyma.org/sites/g/files/vyhlif651/f/uploads/doings_at_the_2023_may_16_ate_0.pdf,https://jamesnicholsworley.github.io/civicatlasma/pdfs/Hadley2023_d0.pdf,manual_sources,manual,,95,Hadley2023_d0.pdf,yes,yes,hosted,https://jamesnicholsworley.github.io/civicatlasma/markdown/Hadley2023.md,pypdf,,published,official
Hadley,2024,regular,yes,LEO,https://www.hadleyma.org/town-clerk/files/2024ate,https://jamesnicholsworley.github.io/civicatlasma/pdfs/Hadley2024_d0.pdf,crawl,high,crawl_verified,70,Hadley2024_d0.pdf,yes,yes,hosted,https://jamesnicholsworley.github.io/civicatlasma/markdown/Hadley2024.md,pypdf(recrawl),,published,official
Hadley,2025,regular,yes,LEO,https://www.hadleyma.org/select-board/files/service-delivery-plan-2025,https://jamesnicholsworley.github.io/civicatlasma/pdfs/Hadley2025_d0.pdf,collect-crawl,high,"auto_resourced | REBUILT 2026-08-21 from the full 2-page document (both pages; the record previously missed page 2). TWO CLERK TYPOS CORRECTED, both forced by the document contradicting itself: (1) SELECT BOARD Blanks printed as 2164, which is exactly 1082 ballots x 2 seats - the total-available figure written into the Blanks row, and it would imply zero votes cast directly beneath the candidate lines; corrected to 359 so the race totals 2164. Its printed Total of 2752 is unexplained and was not used. (2) PLANNING BOARD five-year Blanks printed as 371, giving 1182 against its own printed Total of 1082; corrected to 271. Every other race in the document closes exactly on 1,082 x seats, and the header states ""A total of 1082 voted out of an eligible 3972 voters = 27% turn out"". Document is the Town Clerk-attested ""DOINGS AT THE MAY 20, 2025 ANNUAL TOWN ELECTION"" but reports UNOFFICIAL results from the DS-200 tabulator. Note: CONSTABLE is marked ""Position void as Question 1 passed"" (constables became appointed).",70,Hadley2025_d0.pdf,yes,yes,pdf_hosted,,,,published,official
Hadley,2026,regular,yes,custom-search,https://www.hadleyma.org/town-clerk/files/2026519-ate-results,,,,citation found 2026-08-23 by sha256: bytes identical to the held PDF,,,no,no,pdf_hosted,,,,published,official
Halifax,2021,regular,yes,LEO,https://www.halifax-ma.org/DocumentCenter/View/277/Town-Election---May-15-2021---Write-Ins-XLS,,scraper_sheet9,spraped,auto_resourced,70,Halifax2021_d0.pdf,yes,yes,hosted,https://jamesnicholsworley.github.io/civicatlasma/markdown/Halifax2021.md,xlsx+docling-2.66.0,,published,other
Halifax,2022,regular,yes,LEO,https://www.halifax-ma.org/DocumentCenter/View/269/May-14th-2022---Annual--PDF,https://jamesnicholsworley.github.io/civicatlasma/pdfs/Halifax2022_d0.pdf,verified_yes,scraped,YES,90,Halifax2022_d0.pdf,yes,yes,hosted,https://jamesnicholsworley.github.io/civicatlasma/markdown/Halifax2022.md,pypdf,,published,other
Halifax,2023,regular,yes,LEO,https://www.halifax-ma.org/sites/g/files/vyhlif4496/f/uploads/official_local_election_results_5.13.2023_.pdf,https://jamesnicholsworley.github.io/civicatlasma/pdfs/Halifax2023_d0.pdf,manual_sources,manual,,95,Halifax2023_d0.pdf,yes,yes,hosted,https://jamesnicholsworley.github.io/civicatlasma/markdown/Halifax2023.md,pypdf,,published,other
Halifax,2024,regular,yes,LEO,https://www.halifax-ma.org/DocumentCenter/View/281/May-18th-2024---Annual--PDF,https://jamesnicholsworley.github.io/civicatlasma/pdfs/Halifax2024_d0.pdf,verified_yes,scraped,YES,90,Halifax2024_d0.pdf,yes,yes,hosted,https://jamesnicholsworley.github.io/civicatlasma/markdown/Halifax2024.md,pypdf,,published,other
Halifax,2025,regular,yes,LEO,https://www.halifax-ma.org/DocumentCenter/View/284/May-17th-2025---Annual--PDF,https://jamesnicholsworley.github.io/civicatlasma/pdfs/Halifax2025_d0.pdf,verified_yes,scraped,YES,90,Halifax2025_d0.pdf,yes,yes,hosted,https://jamesnicholsworley.github.io/civicatlasma/markdown/Halifax2025.md,pypdf,,published,other
Halifax,2026,regular,yes,cohort-2026,https://halifax-ma.org/DocumentCenter/View/7723/,,,,,,,no,yes,hosted,,,,published,official
Hamilton,2021,regular,yes,LEO,https://www.hamiltonma.gov/wp-content/uploads/2021/05/Annual-Town-Election-May-6-2021-Official-Results.pdf,https://jamesnicholsworley.github.io/civicatlasma/pdfs/Hamilton2021_d0.pdf,verified_yes,scraped,YES,90,Hamilton2021_d0.pdf,yes,yes,hosted,https://jamesnicholsworley.github.io/civicatlasma/markdown/Hamilton2021.md,pypdf,,published,official
Hamilton,2022,regular,yes,LEO,https://www.hamiltonma.gov/wp-content/uploads/2022/04/2022-04-07-Annual-Town-Election-Results.pdf,https://jamesnicholsworley.github.io/civicatlasma/pdfs/Hamilton2022_d0.pdf,scraper_sheet9,spraped,,70,Hamilton2022_d0.pdf,yes,yes,hosted,https://jamesnicholsworley.github.io/civicatlasma/markdown/Hamilton2022.md,pypdf,,published,official
Hamilton,2023,regular,yes,LEO,https://hamiltonma.gov/wp-content/uploads/2023/04/2023-04-06-Annual-Town-Election-Results.pdf,https://jamesnicholsworley.github.io/civicatlasma/pdfs/Hamilton2023_d0.pdf,manual_sources,manual,,95,Hamilton2023_d0.pdf,yes,yes,hosted,https://jamesnicholsworley.github.io/civicatlasma/markdown/Hamilton2023.md,pypdf,,published,official
Hamilton,2024,regular,yes,LEO,https://www.hamiltonma.gov/wp-content/uploads/2024/04/2024-04-11-Annual-Town-Election-Results.pdf,https://jamesnicholsworley.github.io/civicatlasma/pdfs/Hamilton2024_d0.pdf,scraper_sheet9,spraped,,70,Hamilton2024_d0.pdf,yes,yes,hosted,https://jamesnicholsworley.github.io/civicatlasma/markdown/Hamilton2024.md,pypdf,,published,official
Hamilton,2025,regular,yes,LEO,https://www.hamiltonma.gov/wp-content/uploads/2025/04/2025-04-10-Annual-Town-Election-Results.pdf,https://jamesnicholsworley.github.io/civicatlasma/pdfs/Hamilton2025_d0.pdf,scraper_sheet9,spraped,,70,Hamilton2025_d0.pdf,yes,yes,hosted,https://jamesnicholsworley.github.io/civicatlasma/markdown/Hamilton2025.md,pypdf,,published,official
Hamilton,2026,regular,yes,custom-search-2026,https://www.hamiltonma.gov/wp-content/uploads/2026/04/2026_04_16-Annual-Town-Election-Results.pdf,,,,,,,no,no,pdf_hosted,,,,published,official
Hampden,2021,regular,yes,NEWS,https://archives.thereminder.com/localnews/wilbrahamhampden/hampden-election-results/,,manual,low,,70,Hampden2021_d0.pdf,,yes,hosted,https://jamesnicholsworley.github.io/civicatlasma/markdown/Hampden2021.md,playwright+docling-2.66.0,,published,news
Hampden,2022,regular,yes,LEO,https://archives.thereminder.com/localnews/wilbrahamhampden/coyne-beats-matthews-for-seat-on-hampden-planning-/,,scraper_sheet9,low,"landed 2026-09-01 from the Reminder archive index sweep (news; Reminder Publishing, 19 May 2022, results of the 16 May 2022); artifact only, parse and gate follow",70,,no,no,published,,,https://hampdenma.gov/DocumentCenter/View/198/Zoning-Bylaws-PDF https://jamesnicholsworley.github.io/civicatlasma/pdfs/Hampden2022.pdf,published,news
Hampden,2023,regular,yes,NEWS,https://archives.thereminder.com/localnews/wilbrahamhampden/rediker-wins-seat-on-hampden-wilbraham-regional-sc/,,manual,manual,,95,Hampden2023_d0.pdf,,yes,hosted,https://jamesnicholsworley.github.io/civicatlasma/markdown/Hampden2023.md,playwright+docling-2.66.0,,published,news
Hampden,2024,regular,yes,LEO,https://www.hampdenma.gov/sites/g/files/vyhlif656/f/uploads/05-20-24_ate_-_results.pdf,https://jamesnicholsworley.github.io/civicatlasma/pdfs/Hampden2024_d0.pdf,manual,low,manual_ingest,70,Hampden2024_d0.pdf,yes,yes,pdf_hosted,,,,published,official
Hampden,2025,regular,yes,LEO,https://www.hampdenma.gov/DocumentCenter/View/1202/2025-Annual-Election-5-19-25-Results-PDF,https://jamesnicholsworley.github.io/civicatlasma/pdfs/Hampden2025_d0.pdf,verified_yes,scraped,YES,90,Hampden2025_d0.pdf,yes,yes,hosted,https://jamesnicholsworley.github.io/civicatlasma/markdown/Hampden2025.md,pypdf,,published,official
Hampden,2026,regular,yes,cohort-2026,https://hampdenma.gov/DocumentCenter/View/1373/2026-Annual-Town-Election-Results-5-18-26,,,,,,,no,yes,hosted,,,,published,official
Hancock,2021,regular,yes,NEWS,https://www.berkshireeagle.com/news/local/2-elected-to-hancock-school-committee-finance-race-ends-in-tie/article_8878bf18-b34a-11eb-a760-535c0cc48786.html,,manual,high,unrecovered_landing,70,Hancock2021_d0.pdf,no,yes,hosted,https://jamesnicholsworley.github.io/civicatlasma/markdown/Hancock2021.md,playwright+docling-2.66.0,,published,news
Hancock,2022,regular,yes,NEWS,,,scraper_sheet9,high,"STRUCTURAL NEGATIVE on the town's own complete evidence. Hancock's WordPress media library is 282 items, read in full and sorted by date. The only 2022 election file is NOVEMBER-8-2022-ELECTION-RESULTS.docx, the state election. MAY-10TH-TOWN-ELECTION-RESULTS.docx is 2021, not 2022 -- it records 'Finance (3 years) NOT YET DETERMINED', the tie that titles Hancock 2021's published Berkshire Eagle citation. ANNUAL-ELECTION-RESULTS-1.pdf is undated but empty: one page, 49 characters of text, and a single 258x258 logo, no return. OFFICIAL-TOWN-REPORT-FY2022.pdf was read all 44 pages column-aware and holds warrant articles only -- but page 5 carries an ELECTED OFFICIALS directory, and the entries whose term ends 2025 identify the 2022 winners by name: Boyer, Hickey, Jackson, Canales, Gaskill, L. Burdick, Roberts, Hanson, Laviolette, Kastrinakas, Weiner, Williams, J. Burdick. That fixes WHO won; the volume still prints no tally and no turnout anywhere, so it cannot close the row. Also note the town's real asset path is /files/2023/04/, not the /files/2019/07/ its existing citations imply. PRE-TO-POST MATCHING: the Berkshire Eagle was searched by DATE across 9 May to 15 July 2022, the window after Hancock's election. It published three Hancock items in that period and all are Hancock Shaker Village or a school letter. The paper covered Hancock's 2021 and 2026 elections but not its 2022 one. LOCAL PAPER RE-SEARCHED BY DATE, WITH A WORKING CONTROL. The regional daily's search endpoint was queried and every article link it returned was fetched and its publish date read from the itemprop datePublished attribute. Across six town/year searches, 45 articles dated successfully and NONE falls in a gap year. The control matters here: a first pass looked for datePublished in JSON form, extracted nothing from any page, and reported a confident zero -- a false negative. Re-run against a known article ('Sheffield votes are in', which correctly returns 2008-11-05) the parser works and the zero is real. ",70,,no,no,discarded_not_results,,docling-html,https://www.nytimes.com/interactive/2022/09/06/us/elections/results-massachusetts-attorney-general.html,no_source,
Hancock,2023,regular,yes,owner-supplied-2026-08-23-small_towns_ingest_2,https://town.hancock.ma.us/files/2019/07/May-8-2023-Election.xlsx,,manual,manual,manual_ingest,95,Hancock2023_d0.pdf,yes,no,hosted,https://jamesnicholsworley.github.io/civicatlasma/markdown/Hancock2023.md,pandas-xlsx,https://town.hancock.ma.us/2019/07/31/town-clerk-2/,published,official
Hancock,2024,regular,yes,owner-supplied-2026-08-23-small_towns_ingest_2,https://town.hancock.ma.us/files/2019/07/May-13-2024-Election.xlsx,,manual,high,manual_ingest,70,Hancock2024_d0.pdf,yes,no,hosted,https://jamesnicholsworley.github.io/civicatlasma/markdown/Hancock2024.md,pandas-xlsx,https://apps.npr.org/2024-election-results/massachusetts.html,published,official
Hancock,2025,regular,yes,LEO,https://town.hancock.ma.us/files/2019/07/2025-Annual-Election-Results1.xlsx,,scraper_sheet9,spraped,,70,Hancock2025_d0.pdf,yes,yes,hosted,https://jamesnicholsworley.github.io/civicatlasma/markdown/Hancock2025.md,xlsx+docling-2.66.0,,published,official
Hancock,2026,regular,yes,serpapi,https://www.berkshireeagle.com/news/central_berkshires/sherman-derby-retains-seat-on-hancock-select-board/article_7b7a46,,manual,,"landed 2026-09-01 from the Berkshire Eagle (body readable to curl_cffi chrome124): The Berkshire Eagle, 12 May 2026, 'Sherman Derby fends off Kayt Turner for a challenge on the Hancock Select Board'. Derby 220 / Turner 107, the ONLY contested race; 334 of 594 registered = 56% turnout, quoted from Town Clerk Linda Burdick. Election Monday 11 May 2026 (article says 'Monday's annual town election'). 220+107=327 against 334 ballots, so 7 are unaccounted for and no blanks line is printed.",,Hancock2026_d0.pdf,no,no,missing,,,https://www.milfordma.gov/DocumentCenter/View/3047/Official-Results-2026-Annual-Town-Election,published,news
Hanover,2021,regular,yes,LEO,https://www.hanover-ma.gov/sites/g/files/vyhlif12081/f/uploads/town_of_hanover_official_results_5-8-2021.pdf,https://jamesnicholsworley.github.io/civicatlasma/pdfs/Hanover2021_d0.pdf,manual_sources,manual,,95,Hanover2021_d0.pdf,yes,yes,hosted,https://jamesnicholsworley.github.io/civicatlasma/markdown/Hanover2021.md,pypdf,,published,official
Hanover,2022,regular,yes,LEO,https://www.hanover-ma.gov/sites/g/files/vyhlif12081/f/uploads/town_of_hanover_official_results_5-7-2022.pdf,https://jamesnicholsworley.github.io/civicatlasma/pdfs/Hanover2022_d0.pdf,manual_sources,manual,,95,Hanover2022_d0.pdf,yes,yes,hosted,https://jamesnicholsworley.github.io/civicatlasma/markdown/Hanover2022.md,pypdf,,published,official
Hanover,2023,regular,yes,LEO,https://www.hanover-ma.gov/finance-department/town-clerk/files/official-results-reports-annual-town-election-5-13-23,https://jamesnicholsworley.github.io/civicatlasma/pdfs/Hanover2023_d0.pdf,collect-crawl,manual,auto_resourced,95,Hanover2023_d0.pdf,yes,yes,hosted,https://jamesnicholsworley.github.io/civicatlasma/markdown/Hanover2023.md,pypdf,,published,official
Hanover,2024,regular,yes,LEO,https://www.hanover-ma.gov/sites/g/files/vyhlif12081/f/uploads/official_results_reports_annual_town_election_5-18-24.pdf,https://jamesnicholsworley.github.io/civicatlasma/pdfs/Hanover2024_d0.pdf,manual_sources,manual,,95,Hanover2024_d0.pdf,yes,yes,hosted,https://jamesnicholsworley.github.io/civicatlasma/markdown/Hanover2024.md,pypdf,,published,official
Hanover,2025,regular,yes,LEO,https://www.hanover-ma.gov/sites/g/files/vyhlif12081/f/uploads/official_results_reports_annual_town_election_5-17-25.pdf,https://jamesnicholsworley.github.io/civicatlasma/pdfs/Hanover2025_d0.pdf,manual_sources,manual,,95,Hanover2025_d0.pdf,yes,yes,hosted,https://jamesnicholsworley.github.io/civicatlasma/markdown/Hanover2025.md,pypdf,,published,official
Hanover,2026,regular,yes,custom-search-2026,https://www.hanover-ma.gov/finance-department/town-clerk/files/official-results-reports-annual-town-election-5-16-26,,,,,,,no,no,pdf_hosted,,,,published,official
Hanson,2021,regular,yes,LEO,https://www.hanson-ma.gov/town-clerk/files/annual-town-election-may-15-2021,https://jamesnicholsworley.github.io/civicatlasma/pdfs/Hanson2021_d0.pdf,scraper_sheet9,spraped,auto_resourced,70,Hanson2021_d0.pdf,yes,yes,hosted,https://jamesnicholsworley.github.io/civicatlasma/markdown/Hanson2021.md,pypdf,,published,official
Hanson,2022,regular,yes,LEO,https://www.hanson-ma.gov/town-clerk/files/annual-town-election-may-21-2022,https://jamesnicholsworley.github.io/civicatlasma/pdfs/Hanson2022_d0.pdf,crawl,high,crawl_verified,90,Hanson2022_d0.pdf,yes,yes,hosted,,pdf_only(needs_ocr),,published,official
Hanson,2023,regular,yes,LEO,https://www.hanson-ma.gov/system/files/uploads/elections_2023.pdf,https://jamesnicholsworley.github.io/civicatlasma/pdfs/Hanson2023_d0.pdf,manual_sources,manual,,95,Hanson2023_d0.pdf,yes,yes,hosted,https://jamesnicholsworley.github.io/civicatlasma/markdown/Hanson2023.md,pypdf,,published,official
Hanson,2024,regular,yes,LEO,https://www.hanson-ma.gov/sites/g/files/vyhlif3231/f/uploads/annual_town_election_5-18-2024.pdf,,collect-web,high,citation found 2026-08-23 by sha256: bytes identical to the held PDF,90,,no,no,pdf_hosted,,,https://www.whitman-ma.gov/Archive.aspx?ADID=1330 https://jamesnicholsworley.github.io/civicatlasma/pdfs/Hanson2024.pdf,published,official
Hanson,2025,regular,yes,NEWS,https://www.hanson-ma.gov/sites/g/files/vyhlif3231/f/news/ate_may_17_2025.pdf,,manual,high,attachment_of_news_post,90,,no,no,pdf_hosted,,playwright+docling-2.66.0,,published,official
Hanson,2026,regular,yes,,https://www.hanson-ma.gov/sites/g/files/vyhlif3231/f/news/election_5-16-2026.pdf,,,,,,,no,no,missing,,,,published,official
Hardwick,2021,regular,yes,LEO,https://www.hardwick-ma.gov/media/1361,https://jamesnicholsworley.github.io/civicatlasma/pdfs/Hardwick2021_d0.pdf,manual,,manual_ingest,,Hardwick2021_d0.pdf,yes,yes,pdf_hosted,,,,published,official
Hardwick,2022,regular,yes,LEO,https://www.hardwick-ma.gov/media/1346,https://jamesnicholsworley.github.io/civicatlasma/pdfs/Hardwick2022_d0.pdf,manual,,manual_ingest,,Hardwick2022_d0.pdf,yes,yes,pdf_hosted,,,,published,official
Hardwick,2023,regular,yes,LEO,https://www.hardwick-ma.gov/media/3596,https://jamesnicholsworley.github.io/civicatlasma/pdfs/Hardwick2023_d0.pdf,manual_sources,manual,,95,Hardwick2023_d0.pdf,yes,yes,hosted,https://jamesnicholsworley.github.io/civicatlasma/markdown/Hardwick2023.md,pypdf,,published,official
Hardwick,2024,regular,yes,LEO,https://www.hardwick-ma.gov/media/5951,https://jamesnicholsworley.github.io/civicatlasma/pdfs/Hardwick2024_d0.pdf,exa_reviewed,spraped,auto_resourced,70,Hardwick2024_d0.pdf,yes,yes,hosted,https://jamesnicholsworley.github.io/civicatlasma/markdown/Hardwick2024.md,pypdf,,published,official
Hardwick,2025,regular,yes,LEO,https://www.hardwick-ma.gov/media/7296,,exa_reviewed,spraped,auto_resourced,70,,no,no,hosted,,pypdf,,published,official
Hardwick,2026,regular,yes,custom-search-2026,https://www.hardwick-ma.gov/media/8701,,custom-search:recovered,,citation_recovered_by_rerunning_the_search_that_found_it; document text matches the held copy,,,no,no,pdf_hosted,,,,published,official
Harvard,2021,regular,yes,LEO,https://www.harvard-ma.gov/DocumentCenter/View/430/Town-Election---May-18-2021-PDF,https://jamesnicholsworley.github.io/civicatlasma/pdfs/Harvard2021_d0.pdf,collect-crawl,scraped,auto_resourced,90,Harvard2021_d0.pdf,yes,yes,hosted,https://jamesnicholsworley.github.io/civicatlasma/markdown/Harvard2021.md,pypdf,,published,official
Harvard,2022,regular,yes,LEO,https://www.harvard-ma.gov/DocumentCenter/View/428/Town-Election---May-17-2022-PDF,https://jamesnicholsworley.github.io/civicatlasma/pdfs/Harvard2022_d0.pdf,verified_yes,scraped,YES,90,Harvard2022_d0.pdf,yes,yes,hosted,https://jamesnicholsworley.github.io/civicatlasma/markdown/Harvard2022.md,pypdf,,published,official
Harvard,2023,regular,yes,LEO,https://www.harvard-ma.gov/sites/g/files/vyhlif676/f/uploads/finalofficialresultste_5.9.2023.pdf,https://jamesnicholsworley.github.io/civicatlasma/pdfs/Harvard2023_d0.pdf,manual_sources,manual,,95,Harvard2023_d0.pdf,yes,yes,hosted,https://jamesnicholsworley.github.io/civicatlasma/markdown/Harvard2023.md,pypdf,,published,official
Harvard,2024,regular,yes,LEO,https://www.harvard-ma.gov/DocumentCenter/View/423/Town-Election---April-9-2024-PDF,https://jamesnicholsworley.github.io/civicatlasma/pdfs/Harvard2024_d0.pdf,verified_yes,scraped,YES,90,Harvard2024_d0.pdf,yes,yes,hosted,https://jamesnicholsworley.github.io/civicatlasma/markdown/Harvard2024.md,pypdf,,published,official
Harvard,2025,regular,yes,owner-verified-2026-08-19,https://www.harvard-ma.gov/DocumentCenter/View/422/Annual-Town-Election---May-6-2025-PDF,,verified_yes,scraped,annual_missing__special_set_aside_as_SHarvard20251008,90,,no,no,hosted,,pypdf,,published,official
Harvard,2026,regular,yes,cohort-2026,https://www.harvard-ma.gov/DocumentCenter/View/2669/Annual-Town-Election---May-5-2026,,,,,,,no,no,hosted,,,,published,official
Harwich,2021,regular,yes,owner-lead,https://www.harwich-ma.gov/election-results,,manual,,manual_ingest,,,no,no,hosted,,pandas-xlsx,,published,official
Harwich,2022,regular,yes,LEO,https://content.civicplus.com/api/assets/36408dde-cd76-4302-a4d2-b05b60901e7e?cache=1800,https://jamesnicholsworley.github.io/civicatlasma/pdfs/Harwich2022_d0.pdf,manual_sources,manual,,95,Harwich2022_d0.pdf,yes,yes,hosted,https://jamesnicholsworley.github.io/civicatlasma/markdown/Harwich2022.md,pypdf,,published,other
Harwich,2023,regular,yes,LEO,https://content.civicplus.com/api/assets/ma-harwich/16a43369-532f-44c3-a4fb-10e561418004?cache=1800,https://jamesnicholsworley.github.io/civicatlasma/pdfs/Harwich2023_d0.pdf,collect-crawl,manual,auto_resourced,95,Harwich2023_d0.pdf,yes,yes,hosted,https://jamesnicholsworley.github.io/civicatlasma/markdown/Harwich2023.md,pypdf,,published,other
Harwich,2024,regular,yes,LEO,https://content.civicplus.com/api/assets/dbff8320-384c-4a75-aaf5-50ecc418e89c,https://jamesnicholsworley.github.io/civicatlasma/pdfs/Harwich2024_d0.pdf,manual_sources,manual,,95,Harwich2024_d0.pdf,yes,yes,hosted,https://jamesnicholsworley.github.io/civicatlasma/markdown/Harwich2024.md,pypdf,,published,other
Harwich,2025,regular,yes,LEO,https://content.civicplus.com/api/assets/3977636c-28f2-4cb3-92d7-e59e1c21d5df,https://jamesnicholsworley.github.io/civicatlasma/pdfs/Harwich2025_d0.pdf,manual_sources,manual,,95,Harwich2025_d0.pdf,yes,yes,hosted,https://jamesnicholsworley.github.io/civicatlasma/markdown/Harwich2025.md,pypdf,,published,other
Harwich,2026,regular,yes,owner-lead,https://content.civicplus.com/api/assets/ma-harwich/00e8efb2-ac48-4b7d-88c5-fa933545c0cc,https://jamesnicholsworley.github.io/civicatlasma/pdfs/Harwich2026_d0.pdf,manual,,manual_ingest,,Harwich2026_d0.pdf,yes,no,pdf_hosted,,,,published,official
Hatfield,2021,regular,yes,NEWS,https://gazettenet.com/2021/05/20/write-in-candidates-tie-for-school-committee-seat-in-hatfield-40563897/,,manual,low,runner_fetch,70,Hatfield2021_d0.pdf,,yes,hosted,https://jamesnicholsworley.github.io/civicatlasma/markdown/Hatfield2021.md,docling-html,,published,news
Hatfield,2022,regular,yes,LEO,https://archives.thereminder.com/localnews/hampshire-county/hatfield-election-takes-on-norman-rockwell-atmosph/,,scraper_sheet9,low,"landed 2026-09-01 from the round-9 gap sweep (news; article body); artifact only, parse and gate follow",70,Hatfield2022_d0.pdf,,no,published,,,,published,news
Hatfield,2023,regular,yes,NEWS,https://archives.thereminder.com/localnews/hampshire-county/hatfield-voters-pass-prop-2-12-override-to-aid-sch/,,manual,manual,,95,Hatfield2023_d0.pdf,,yes,hosted,https://jamesnicholsworley.github.io/civicatlasma/markdown/Hatfield2023.md,playwright+docling-2.66.0,,published,news
Hatfield,2024,regular,yes,NEWS,https://www.gazettenet.com/Hatfield-voters-narrowly-reject-override-spending-for-fire-EMS-service-55251114,,manual,low,,70,,,no,hosted,,playwright+docling-2.66.0,,published,news
Hatfield,2025,regular,yes,NEWS,https://gazettenet.com/Challenger-narrowly-defeats-Hatfield-incumbent-Select-Board-member-61319612,,manual,high," | DEEP SEARCH 2026-08-21: 0 of the 9 uncounted races gained counts - this is a genuine records-request case, now with a documented reason. THE TOWN DID PUBLISH IT: Google still indexes the title 'Final Results- Annual Town Election 5/20/2025'; the page died in the January 2026 migration off Granicus/Drupal onto CivicPlus. INSPECTION-ONLY IS STANDING POLICY, NOT A 2025 LAPSE: the 2017 Annual Town Report carries the identical sentence 'available for public inspection at the Town Clerk's office', under a different clerk. NEW FACTS: total ballots cast = 798 ('The 798 voters represented 29% of the 2,750 voters'), so Select Board 403+385=788 closes with 10 blanks implied - NOT written into the record, since that is arithmetic across two sources rather than a published figure. The Gazette's 'Other results' paragraph independently names the winner of all nine uncontested races and prints no count for any, confirming the roster. The archived specimen ballot (19 May 2025) confirms every race is 'Vote for ONE', so num_winners=1 throughout. SELECT BOARD CONFIRMED 403-385 - note a search-engine snippet renders it '403-382'; the article body says 385, so the snippet is wrong and the record was right. EXHAUSTED: DocumentCenter ids 1-3700 swept via the Range/no-redirect trick into a 3,374-document offline title index (holds the 2026 preliminary and final results, nothing for 2025); NewsFlash; sitemap; the site's own 826-doc full-text search queried for candidate names; no ArchiveCenter exists; Wayback exact-match CDX empty for both 2025 slugs AND VALIDATED with a control query on the 2024 analogue that DID return a row (IA was intermittently 503ing, so the control was necessary); AgendaCenter 2025 minutes read (5/21, 5/27 seat Longstreeth, no counts); Tableau Public, Constant Contact, Google Docs/Drive all nothing; Facebook login-walled; Gazette is the only paper covering Hatfield (not Turley hilltown territory). The Gazette needed curl_cffi impersonate='chrome124' - default UA and plain 'chrome' both 403'd. RECORDS REQUEST: Alaina E. Wilcox, Town Clerk, 59 Main Street, (413) 247-0492, townclerk@townofhatfield.org - certified return for 20 May 2025.",70,Hatfield2025_d0.pdf,,yes,hosted,https://jamesnicholsworley.github.io/civicatlasma/markdown/Hatfield2025.md,playwright+docling-2.66.0,,published,news
Hatfield,2026,regular,yes,cohort-2026,https://www.townofhatfield.org/DocumentCenter/View/3618,,,,,,,no,no,hosted,,,,published,official
Haverhill,2021,regular,yes,LEO,https://www.haverhillma.gov/media/ouslbbqw/official-nov-2021.pdf,https://jamesnicholsworley.github.io/civicatlasma/pdfs/Haverhill2021_d0.pdf,manual_sources,manual,,95,Haverhill2021_d0.pdf,yes,yes,hosted,https://jamesnicholsworley.github.io/civicatlasma/markdown/Haverhill2021.md,pypdf,,published,official
Haverhill,2022,regular,no,CITY_ODD_YEAR_CYCLE,,,,,,,Haverhill2022_d0.pdf,,no,no_election,,,,no_election,other
Haverhill,2023,regular,yes,LEO,https://www.haverhillma.gov/media/cfuhl2v1/nov-official-results-mayor-cc-and-questions.jpg,,manual,manual,manual_ingest,95,,no,no,pdf_hosted,,,,published,official
Haverhill,2024,regular,no,CITY_ODD_YEAR_CYCLE,,,,,,,Haverhill2024_d0.pdf,,no,no_election,,,,no_election,other
Haverhill,2025,regular,yes,LEO,https://www.haverhillma.gov/media/z4pmtfye/haverhill-general-municipal-election-official-results.pdf,,manual_city,manual,manual,100,,no,no,hosted,,pypdf,,published,official
Haverhill,2026,regular,no,,,,,,"no_election: even-year row seeded from the 2024 cohort, 2026-08-19",,,,,,,,,no_election,other
Hawley,2021,regular,yes,LEO,https://archives.lib.state.ma.us/items/6a8b0f56-9546-4c70-be8d-0c68d3ec2579,,manual,high,"not_a_return (read 2026-08-23): the condemned URL is '2020-Hawley-Town-Report.pdf' and it serves 95% of the vocabulary of the document this row holds -- which is town-meeting articles, not a return. The match CONFIRMS the condemnation rather than lifting it.",90,,no,no,missing,,,https://townofhawley.com/wp-content/uploads/2023/09/2020-Hawley-Town-Report.pdf https://jamesnicholsworley.github.io/civicatlasma/pdfs/Hawley2021.pdf,published,official
Hawley,2022,regular,yes,owner-supplied-2026-08-22-greenfield_recorder_capture,https://recorder.com/2022/05/04/incumbent-retains-seat-in-hawley-s-sole-contested-race-46212002/,https://jamesnicholsworley.github.io/civicatlasma/pdfs/Hawley2022_d0.pdf,manual,medium,manual_ingest,70,Hawley2022_d0.pdf,yes,no,pdf_hosted,,,https://townofhawley.com/wp-content/uploads/2023/09/2020-Hawley-Town-Report.pdf https://jamesnicholsworley.github.io/civicatlasma/pdfs/Hawley2022.pdf,published,news
Hawley,2023,regular,yes,NEWS,https://www.recorder.com/Lemoine-claims-assessor-seat-in-Hawley-election-50834403,,manual_sources,manual,,95,Hawley2023_d0.pdf,,yes,hosted,https://jamesnicholsworley.github.io/civicatlasma/markdown/Hawley2023.md,playwright+docling-2.66.0,,published,news
Hawley,2024,regular,yes,LEO,https://www.recorder.com/Slew-of-write-ins-elected-in-Hawley-55040086,,manual,low,"date 2024-05-06 established 2026-08-24 (corroborated): the Greenfield Recorder piece says ""Monday's annual town election"" and is published Tuesday 7 May 2024",70,,no,no,missing,,,https://townofhawley.com/wp-content/uploads/2024/08/2020-Town-Report-Corrected.pdf,published,news
Hawley,2025,regular,yes,ATR,,,dive_atr,medium,"RETIRED 2026-09-03: The record is Hawley's 2024 annual town election, which Hawley 2024 already holds from the Greenfield Recorder's report of it. The citation is the town's ANNUAL REPORT FOR 2024 -- the filename says so -- and five of the six contests match Hawley 2024's to the vote. The State Library holds Hawley's 2022, 2023 and 2024 reports and no 2025 one, so Hawley 2025 is an open gap.",70,Hawley2025_d0.pdf,yes,no,discarded_not_results,,,https://townofhawley.com/wp-content/uploads/2025/04/Hawley-Town-Report-2024.pdf,no_source,official
Hawley,2026,regular,yes,owner-supplied-2026-08-22-greenfield_recorder_capture,https://recorder.com/2026/05/05/hawley-town-election-results/,https://jamesnicholsworley.github.io/civicatlasma/pdfs/Hawley2026_d0.pdf,manual,,manual_ingest,,Hawley2026_d0.pdf,yes,no,pdf_hosted,,,,published,
Heath,2021,regular,yes,ATR,https://recorder.com/2021/05/11/heath-fills-municipal-light-board-seats-elects-new-members-to-finance-committee-selectboard-40371495/,,scraper_sheet9,medium,"landed 2026-09-01: The Greenfield Recorder, 11 May 2021, read via /wp-json/wp/v2/posts (the rendered page is paywalled and yields only og:description). Election 7 May 2021; 240 ballots, registered total NOT given so no turnout %. Selectboard Lively 140 def. Brooks 99. Finance Cttee 3 seats from six candidates, all six with counts. TOWN CLERK DECIDED BETWEEN TWO WRITE-IN CAMPAIGNS: Sumner 113 def. Peppard 89. Municipal Light Board (new body) five seats named without counts, plus six further offices without counts. No blanks reported anywhere.",70,,no,no,published,,,https://townofheath.org/news/newsfile_9143_2021HeathAnnualReport-web.pdf https://jamesnicholsworley.github.io/civicatlasma/pdfs/Heath2021.pdf,published,news
Heath,2022,regular,yes,ATR,https://www.recorder.com/2022/05/08/heath-voters-back-rising-education-budget-school-district-charter-changes-46266671/,,scraper_sheet9,medium,"landed 2026-09-01 from the round-10 news-window sweep (news; Greenfield Recorder, 8 May 2022); artifact only, parse and gate follow",70,,no,no,published,,,https://townofheath.org/news/newsfile_11271_2024_HeathAnnualReport-print.pdf,published,news
Heath,2023,regular,yes,LEO,https://www.recorder.com/2023/05/09/new-highway-vehicle-school-district-agreement-changes-voted-down-in-heath-50900066/,,exa,high,"landed 2026-09-01 from the round-10 news-window sweep (news; Greenfield Recorder, 9 May 2023); artifact only, parse and gate follow",70,,no,no,published,,docling-html,https://townofheath.org/n/9192/ANNUAL-TOWN-ELECTIONS-MAY-5,published,news
Heath,2024,regular,yes,owner-supplied-2026-08-22-small_towns_ingest,https://townofheath.org/files/2024-05-10_ATE_Minutes.pdf,https://jamesnicholsworley.github.io/civicatlasma/pdfs/Heath2024_d0.pdf,manual,high,manual_ingest,70,Heath2024_d0.pdf,yes,no,pdf_hosted,,,https://townofheath.org/files/2024_All_Upcoming_Elections.pdf,published,official
Heath,2025,regular,yes,owner-verified-2026-08-19,https://townofheath.org/files/2025-05-09_ATE_Minutes_.pdf,,exa,medium,mishost:shelburne_2023_news_article,70,,no,no,pdf_hosted,,playwright+docling-2.66.0,https://townofheath.org/d/18632/Annual-Town-Election https://jamesnicholsworley.github.io/civicatlasma/pdfs/Heath2025.pdf,published,official
Heath,2026,regular,yes,owner-supplied-2026-08-22-small_towns_ingest,https://townofheath.org/files/2026-05-08_ATE_Minutes.pdf,https://jamesnicholsworley.github.io/civicatlasma/pdfs/Heath2026_d0.pdf,manual,,manual_ingest,,Heath2026_d0.pdf,yes,no,pdf_hosted,,,,published,
Hingham,2021,regular,yes,LEO,https://www.hingham-ma.gov/DocumentCenter/View/12240/2021-Town-Election-Results-PDF?bidId=,https://jamesnicholsworley.github.io/civicatlasma/pdfs/Hingham2021_d0.pdf,manual_sources,manual,,95,Hingham2021_d0.pdf,yes,yes,hosted,https://jamesnicholsworley.github.io/civicatlasma/markdown/Hingham2021.md,pypdf,,published,official
Hingham,2022,regular,yes,LEO,https://www.hingham-ma.gov/DocumentCenter/View/14266/2022-Town-Election-Results-PDF,https://jamesnicholsworley.github.io/civicatlasma/pdfs/Hingham2022_d0.pdf,manual_sources,manual,,95,Hingham2022_d0.pdf,yes,yes,hosted,https://jamesnicholsworley.github.io/civicatlasma/markdown/Hingham2022.md,pypdf,,published,official
Hingham,2023,regular,yes,LEO,https://www.hingham-ma.gov/DocumentCenter/View/18323/2023-Town-Election-Results,,crawl,manual,"citation found 2026-08-23 by overlap: 100% of the held reading's words and 100% of its 216 tallies are on this page, and 90% of the page is in the reading",95,,no,no,hosted,,pypdf(recrawl),https://www.hingham-ma.gov/DocumentCenter/View/20235/2024-Town-Election-Results https://jamesnicholsworley.github.io/civicatlasma/pdfs/Hingham2023.pdf,published,official
Hingham,2024,regular,yes,LEO,https://www.hingham-ma.gov/DocumentCenter/View/20235/2024-Town-Election-Results,https://jamesnicholsworley.github.io/civicatlasma/pdfs/Hingham2024_d0.pdf,manual_sources,manual,,95,Hingham2024_d0.pdf,yes,yes,hosted,https://jamesnicholsworley.github.io/civicatlasma/markdown/Hingham2024.md,pypdf,,published,official
Hingham,2025,regular,yes,LEO,https://www.hingham-ma.gov/DocumentCenter/View/23997/Town-Election-Results-May-2025?bidId=,https://jamesnicholsworley.github.io/civicatlasma/pdfs/Hingham2025_d0.pdf,manual_sources,manual,,95,Hingham2025_d0.pdf,yes,yes,hosted,https://jamesnicholsworley.github.io/civicatlasma/markdown/Hingham2025.md,pypdf,,published,official
Hingham,2026,regular,yes,cohort-2026,https://hingham-ma.gov/DocumentCenter/View/27908/2026-Town-Election-Results,,,,,,,no,yes,hosted,,,,published,official
Hinsdale,2021,regular,yes,LEO,"owner-supplied-2026-08-27-hinsdale-clerk-tally-sheets-4955_001-p1 (annotated sample ballot, 2021-06-12)",,verified_yes,medium,"landed 2026-08-27 from the owner-supplied clerk tally-sheet scan 4955_001.pdf p1; 8 races, 135 ballots. The same scan's 2023 and 2024 pages reproduce our independently published records exactly (18 of 18 figures), which is what validated this reading.",90,,no,no,missing,,,https://www.hinsdalemass.com/where,published,official
Hinsdale,2022,regular,yes,LEO,"owner-supplied-2026-08-27-hinsdale-clerk-tally-sheets-4955_001-p2 (annotated sample ballot, 2022-05-14)",,manual,high,"landed 2026-08-27 from the owner-supplied clerk tally-sheet scan 4955_001.pdf p2; 11 races, 15 tallied. The two cells first called unreadable resolve at 1200-1400 dpi: the clipped write-ins are Collins and Monica, and Cimini is 130 (its zero matches Conner's). One Finance Committee write-in count is deliberately not carried.",70,,no,no,published,,,https://www.hinsdalemass.com/home/files/2022-annual-election-results,published,official
Hinsdale,2023,regular,yes,LEO,https://web.archive.org/web/20230520123446id_/https://www.hinsdalemass.com/sites/g/files/vyhlif7501/f/news/2023_05_15_13_16_20.pdf,https://jamesnicholsworley.github.io/civicatlasma/pdfs/Hinsdale2023_d0.pdf,manual_sources,manual,"RECOVERED 2026-08-21 from the town's archived news page /home/news/election-results (captured 2023-05-16), which links a scanner date-stamped file 2023_05_15_13_16_20.pdf - ONE Wayback capture, 2023-05-20. Clerk's marked sample ballot, read visually. 60 ballots cast of 1,468 registered. Every race is within ballots x seats. Corroborates the 2025 reconstruction: Vivian Mason won the Assessor 2-year seat here (expiring 2025), which is why a 2-year Assessor seat appears on the 2025 ballot.",95,Hinsdale2023_d0.pdf,yes,yes,published,,,,published,official
Hinsdale,2024,regular,yes,LEO,https://web.archive.org/web/20240531074600id_/https://www.hinsdalemass.com/sites/g/files/vyhlif7501/f/news/annual_town_election_results.pdf,https://jamesnicholsworley.github.io/civicatlasma/pdfs/Hinsdale2024_d0.pdf,manual,high,"RECOVERED 2026-08-21. The town's news page /home/news/annual-town-election-0 (archived 2024-05-20) links annual_town_election_results.pdf, which has exactly ONE Wayback capture, 2024-05-31. NOTE: the Wayback availability API wrongly reports no capture for this URL - the CDX API is authoritative and shows it. Two-column layout read visually. 202 voters of 1,551 (13%). Write-in Margaret Gregory 120 defeated incumbent Earl N. Peck 62, consistent with her roster term expiring 2027. Previous citation was a manganese water-test PDF.",90,Hinsdale2024_d0.pdf,yes,yes,published,,,,published,official
Hinsdale,2025,regular,yes,owner-directed-2026-08-19,"owner-supplied-2026-08-27-hinsdale-clerk-tally-sheets-4955_001-p5 (annotated sample ballot, 2025-05-17)",https://jamesnicholsworley.github.io/civicatlasma/pdfs/Hinsdale2025_d0.pdf,verified_yes,scraped,"landed 2026-08-27 from the owner-supplied clerk tally-sheet scan 4955_001.pdf p5; 5 races, 148 ballots. The same scan's 2023 and 2024 pages reproduce our independently published records exactly (18 of 18 figures), which is what validated this reading.",90,Hinsdale2025_d0.pdf,yes,no,hosted,,,,published,official
Hinsdale,2026,regular,yes,custom-search-2026,https://www.hinsdalemass.com/DocumentCenter/View/3337,,,,"RECOVERED 2026-08-21 from a contact-sheet review of all 47 opaque-titled DocumentCenter images. Source is the Town Clerk's photographed MARKED SAMPLE BALLOT (yellow) for the 23 May 2026 annual town election, annotated '93 Voters' and 'Total Registered Voters 1689'. Every race is consistent with 93 ballots cast. Corroborates the Berkshire Eagle's Goddard 15 / Senner 6, which is the FINANCE 2-year unexpired race. Blanks are written only for Assessor 2yr (93, no candidate); other blanks are not printed and were not derived.",,,no,no,hosted,,,,published,official
Holbrook,2021,regular,yes,LEO,http://web.archive.org/web/20220308181114id_/https://www.holbrookma.gov/sites/g/files/vyhlif3261/f/news/ate_4.3.2021_results.pdf,,scraper_sheet9,high,"landed 2026-09-01: Wayback capture 20220308181114 of a since-removed town PDF, retrieved on the GitHub Actions runner. 'TOWN OF HOLBROOK ANNUAL TOWN ELECTION Saturday, April 3, 2021', 4 precincts, 986 ballots (242/236/244/264), 13% turnout, clean text layer. Found by full-host CDX enumeration (all mimetypes), not by URL guessing.",70,,no,no,missing,,docling-2.66.0,https://www.holbrookma.gov/DocumentCenter/View/239/April-6-2024-Town-Election-Results-PDF https://jamesnicholsworley.github.io/civicatlasma/pdfs/Holbrook2021.pdf,published,official
Holbrook,2022,regular,yes,LEO,http://web.archive.org/web/20220406003532id_/https://www.holbrookma.gov/sites/g/files/vyhlif3261/f/news/4.2.22_ate_results.pdf,,manual,low,"landed 2026-09-01 from the round-9 gap sweep (official; whole document (6 pages)); artifact only, parse and gate follow",70,,no,no,pdf_hosted,,playwright+docling-2.66.0,https://www.holbrookma.gov/228/Elections-Voting,published,official
Holbrook,2023,regular,yes,NEWS,,,manual,manual,"RETIRED 2026-09-03: The record is Holbrook's APRIL 2, 2022 annual town election. The file stored under this stem is byte-identical to the one stored under Holbrook 2022 -- the same sha256 -- and prints that date on its face; all 88 of the two records' candidate-and-vote pairs are the same. The cited page is a news story about a selectman's conduct, not an election return. Holbrook 2023 is an open gap.",95,,no,no,discarded_not_results,,playwright+docling-2.66.0,https://tbdailynews.com/2023/04/07/holbrook-selectman-who-used-covid-to-scam-elderly-landlords-out-of-rent-caught-using-racial-slurs-while-drunk-at-bar-still-has-support-of-house-speaker-ron-mariano/,no_source,
Holbrook,2024,regular,yes,LEO,https://holbrookma.gov/DocumentCenter/View/239/April-6-2024-Town-Election-Results-PDF,https://jamesnicholsworley.github.io/civicatlasma/pdfs/Holbrook2024_d0.pdf,verified_yes,scraped,YES,90,Holbrook2024_d0.pdf,yes,yes,hosted,https://jamesnicholsworley.github.io/civicatlasma/markdown/Holbrook2024.md,docling-2.66.0,,published,official
Holbrook,2025,regular,yes,LEO,https://holbrookma.gov/DocumentCenter/View/947/2025-45-certified-Annual-Town-Elec-Results,,scraper_sheet9,spraped,,70,,no,no,hosted,,docling-2.66.0,,published,official
Holbrook,2026,regular,yes,custom-search-2026,https://holbrookma.gov/DocumentCenter/View/1678/2026-44-Annual-Town-Election-Results,,manual,,"date 2026-04-04 established 2026-08-24 (corroborated): the town's own file naming: View/239/April-6-2024-Town-Election-Results matches our published 2024-04-06, so View/1678/2026-44-Annual-Town-Election-Results is 4 April 2026 (a Saturday, as are 2024 and 2025)",,,no,no,missing,,,https://holbrookma.gov/DocumentCenter/View/1609,published,official
Holden,2021,regular,yes,LEO,https://holdenma.gov/DocumentCenter/View/653/May-10-Annual-Town-Election---Official-Results,https://jamesnicholsworley.github.io/civicatlasma/pdfs/Holden2021_d0.pdf,manual,manual,manual_ingest,95,Holden2021_d0.pdf,yes,yes,pdf_hosted,,,,published,official
Holden,2022,regular,yes,LEO,https://holdenma.gov/DocumentCenter/View/642/May-9-Annual-Town-Election---Official-Results,https://jamesnicholsworley.github.io/civicatlasma/pdfs/Holden2022_d0.pdf,manual,manual,manual_ingest,95,Holden2022_d0.pdf,yes,yes,pdf_hosted,,,,published,official
Holden,2023,regular,yes,LEO,https://www.holdenma.gov/sites/g/files/vyhlif4526/f/uploads/2023_05_08_official_results_ate.pdf,https://jamesnicholsworley.github.io/civicatlasma/pdfs/Holden2023_d0.pdf,manual_sources,manual,,95,Holden2023_d0.pdf,yes,yes,hosted,https://jamesnicholsworley.github.io/civicatlasma/markdown/Holden2023.md,pypdf,,published,official
Holden,2024,regular,yes,LEO,https://www.holdenma.gov/sites/g/files/vyhlif4526/f/uploads/2024_05_13_official_results_ate.pdf,https://jamesnicholsworley.github.io/civicatlasma/pdfs/Holden2024_d0.pdf,manual_sources,manual,,95,Holden2024_d0.pdf,yes,yes,hosted,https://jamesnicholsworley.github.io/civicatlasma/markdown/Holden2024.md,pypdf,,published,official
Holden,2025,regular,yes,LEO,https://holdenma.gov/DocumentCenter/View/619/May-12-Annual-Town-Election---Official-Results,https://jamesnicholsworley.github.io/civicatlasma/pdfs/Holden2025_d0.pdf,manual,manual,manual_ingest,95,Holden2025_d0.pdf,yes,yes,pdf_hosted,,,,published,official
Holden,2026,regular,yes,cohort-2026,https://holdenma.gov/DocumentCenter/View/7058/May-11-2026-Town-Election-Results,,,,,,,no,yes,hosted,,,,published,official
Holland,2021,regular,yes,LEO,https://town.holland.ma.us/sites/g/files/vyhlif3266/f/uploads/done.pdf,,manual,low,manual_ingest,70,,no,no,pdf_hosted,,,https://town.holland.ma.us/sites/g/files/vyhlif3266/f/uploads/done.pdf,published,official
Holland,2022,regular,yes,ATR,https://web.archive.org/web/20220802121316id_/https://town.holland.ma.us/home/news/official-2022-election-results,,dive_atr,low,atr_cropped,70,,no,no,pdf_hosted,,,https://town.holland.ma.us/sites/g/files/vyhlif3266/f/news/environmental_hazard_mitigation_project_phase_1_fy22_mvp_planning_grant_round_2_municipal_staff_commitment_3_mvp_division_of_labor.pdf,published,official
Holland,2023,regular,yes,LEO,https://town.holland.ma.us/sites/g/files/vyhlif3266/f/news/holland_official_election_results_2023_0.pdf,https://jamesnicholsworley.github.io/civicatlasma/pdfs/Holland2023_d0.pdf,manual_sources,manual,,95,Holland2023_d0.pdf,yes,yes,hosted,https://jamesnicholsworley.github.io/civicatlasma/markdown/Holland2023.md,pypdf,,published,official
Holland,2024,regular,yes,LEO,https://web.archive.org/web/20240612201707id_/https://town.holland.ma.us/sites/g/files/vyhlif3266/f/news/official_town_election_results_6-11-2024.pdf,,manual,high,state_doc_sweep:no_source,90,,no,no,published,,,https://town.holland.ma.us/sites/g/files/vyhlif3266/f/news/official_presidential_election_results_11.5.2024.pdf,published,official
Holland,2025,regular,yes,owner-verified-2026-08-19,https://www.town.holland.ma.us/sites/g/files/vyhlif3266/f/news/election_results_june_10_2025_0.pdf,,crawl,high,crawl_verified,90,,no,no,hosted,,pypdf(recrawl),,published,official
Holland,2026,regular,yes,serpapi,https://hollandma.civiccms.acsitefactory.com/sites/g/files/vyhlif3266/f/news/official_town_election_results_6.9.2026.pdf,,manual,,landed 2026-09-10 from research/SESSION_2026-09-10_FINDINGS.md; transcribed from the certified return and checked against the 260 ballots it reports,,Holland2026_d0.pdf,no,no,missing,,,https://www.plymouth-ma.gov/DocumentCenter/View/10759/May-16-2026---Official-Local-Election-Results-PDF,published,official
Holliston,2021,regular,yes,LEO,https://www.townofholliston.us/Archive.aspx?ADID=123,https://jamesnicholsworley.github.io/civicatlasma/pdfs/Holliston2021_d0.pdf,crawl,manual,crawl_verified,95,Holliston2021_d0.pdf,yes,yes,hosted,https://jamesnicholsworley.github.io/civicatlasma/markdown/Holliston2021.md,pypdf(recrawl),,published,official
Holliston,2022,regular,yes,LEO,https://www.townofholliston.us/Archive.aspx?ADID=122,https://jamesnicholsworley.github.io/civicatlasma/pdfs/Holliston2022_d0.pdf,crawl,manual,crawl_verified,95,Holliston2022_d0.pdf,yes,yes,hosted,https://jamesnicholsworley.github.io/civicatlasma/markdown/Holliston2022.md,pypdf(recrawl),,published,official
Holliston,2023,regular,yes,LEO,https://www.townofholliston.us/Archive.aspx?ADID=121,https://jamesnicholsworley.github.io/civicatlasma/pdfs/Holliston2023_d0.pdf,crawl,manual,crawl_verified,95,Holliston2023_d0.pdf,yes,yes,hosted,https://jamesnicholsworley.github.io/civicatlasma/markdown/Holliston2023.md,pypdf(recrawl),,published,official
Holliston,2024,regular,yes,LEO,https://www.townofholliston.us/Archive.aspx?ADID=118,https://jamesnicholsworley.github.io/civicatlasma/pdfs/Holliston2024_d0.pdf,collect-crawl,manual,auto_resourced,95,Holliston2024_d0.pdf,yes,yes,pdf_hosted,,,,published,official
Holliston,2025,regular,yes,NEWS,https://www.townofholliston.us/ArchiveCenter/ViewFile/Item/270,https://jamesnicholsworley.github.io/civicatlasma/pdfs/Holliston2025_d0.pdf,manual,manual,"runner_fetch2 | SOURCE REPLACED 2026-08-20: held doc was the Annual Town MEETING warrant (no return in it) and the citation was a PRELIMINARY news tally; now the Town Clerk-attested ""MINUTES ATE 5-20-2025"", 1631 ballots, all 12 races close",95,Holliston2025_d0.pdf,yes,yes,pdf_hosted,https://jamesnicholsworley.github.io/civicatlasma/markdown/Holliston2025.md,docling-html,,published,official
Holliston,2026,regular,yes,custom-search-2026,https://www.townofholliston.us/Archive.aspx?ADID=281,,custom-search:recovered,,citation_recovered_by_rerunning_the_search_that_found_it; document text matches the held copy,,,no,no,pdf_hosted,,,,published,official
Holyoke,2021,regular,yes,LEO,https://storage.googleapis.com/proudcity/holyokema/uploads/2021/11/11.02.21-Official-Results.pdf,,manual_sources,manual,,95,,no,no,hosted,,docling-2.66.0,,published,official
Holyoke,2022,regular,no,CITY_ODD_YEAR_CYCLE,,,,,,,Holyoke2022_d0.pdf,,no,no_election,,,,no_election,other
Holyoke,2023,regular,yes,LEO,https://storage.googleapis.com/proudcity/holyokema/uploads/2023/11/11.7.23-Official-Municipal-Election-Results.pdf,https://jamesnicholsworley.github.io/civicatlasma/pdfs/Holyoke2023_d0.pdf,manual_sources,manual,,95,Holyoke2023_d0.pdf,yes,yes,hosted,https://jamesnicholsworley.github.io/civicatlasma/markdown/Holyoke2023.md,docling-2.66.0,,published,official
Holyoke,2024,regular,no,CITY_ODD_YEAR_CYCLE,,,,,,,Holyoke2024_d0.pdf,,no,no_election,,,,no_election,other
Holyoke,2025,regular,yes,LEO,https://storage.googleapis.com/proudcity/holyokema/2025/11/b75e54c1-official-reults-november-4-2025.pdf,https://jamesnicholsworley.github.io/civicatlasma/pdfs/Holyoke2025_d0.pdf,manual_city,manual,manual,100,Holyoke2025_d0.pdf,yes,yes,hosted,https://jamesnicholsworley.github.io/civicatlasma/markdown/Holyoke2025.md,pypdf,,published,official
Holyoke,2026,regular,no,,,,,,"no_election: even-year row seeded from the 2024 cohort, 2026-08-19",,,,,,,,,no_election,other
Hopedale,2021,regular,yes,ATR,https://www.hopedale-ma.gov/DocumentCenter/View/956/FY21-Annual-Town-Report,,dive_atr,high,atr_cropped,70,,no,no,pdf_hosted,,,https://www.hopedale-ma.gov/sites/g/files/vyhlif711/f/pages/benefit_selection_form_option_2_0.pdf,published,official
Hopedale,2022,regular,yes,LEO,,,manual,high,"RETIRED 2026-09-02: The document is the 8 November 2022 STATE election, not Hopedale’s annual town election. It prints Governor and District Attorney, and its thirteen contests are all Regional School Committee. Hopedale’s own annual elections are held in May.",90,Hopedale2022_d0.pdf,yes,no,discarded_not_results,,,https://www.hopedale-ma.gov/sites/g/files/vyhlif711/f/news/2022_updated_unofficial_results.pdf,no_source,official
Hopedale,2023,regular,yes,LEO,https://www.hopedale-ma.gov/sites/g/files/vyhlif711/f/news/1_official_town_election_results_may_9_2023.pdf,https://jamesnicholsworley.github.io/civicatlasma/pdfs/Hopedale2023_d0.pdf,manual_sources,manual,,95,Hopedale2023_d0.pdf,yes,yes,hosted,https://jamesnicholsworley.github.io/civicatlasma/markdown/Hopedale2023.md,pypdf,,published,official
Hopedale,2024,regular,yes,LEO,https://www.hopedale-ma.gov/DocumentCenter/View/957,,manual,high,ocr_triage:wrong_doc,70,,no,no,published,,,https://www.hopedale-ma.gov/sites/g/files/vyhlif711/f/news/2024_official_results_sept.pdf,published,official
Hopedale,2025,regular,yes,LEO,https://www.hopedale-ma.gov/AgendaCenter/ViewFile/Minutes/_05132025-187,,manual,high,"manual_ingest | SOURCE REPLACED 2026-08-20: previous citation was a ""dates to remember"" calendar. Now Town Clerk Lisa M. Pedroli's signed certified record, 343 ballots, all 12 races close. Filed under AgendaCenter/Minutes, not an elections page. Select Board CORRECTED: named write-in Brian Keyes 45 + other write-ins 5 + blanks 18 (was collapsed to Others 53 / Blanks 15).",70,,no,no,hosted,,,,published,official
Hopedale,2026,regular,yes,custom-search-2026,https://www.hopedale-ma.gov/DocumentCenter/View/5753/ATE-May-12-2026,,,,,,,no,no,pdf_hosted,,,,published,official
Hopkinton,2021,regular,yes,NEWS,https://ehop.org/2021/05/town-election-results-2021/,,manual,,"citation found 2026-08-23 by overlap: 100% of the held reading's words and 100% of its 17 tallies are on this page, and 34% of the page is in the reading",,,no,no,hosted,,playwright+docling-2.66.0,https://hopkintonindependent.com/town-election-munroe-stephenson-win-school-committee-race-all-ballot-questions-pass/,published,news
Hopkinton,2022,regular,yes,LEO,https://ehop.org/wp/wp-content/uploads/2022/05/5-16-2022-Town-Election-Unofficial.pdf,https://jamesnicholsworley.github.io/civicatlasma/pdfs/Hopkinton2022_d0.pdf,manual_sources,manual,,95,Hopkinton2022_d0.pdf,yes,yes,hosted,https://jamesnicholsworley.github.io/civicatlasma/markdown/Hopkinton2022.md,pypdf,,published,official
Hopkinton,2023,regular,yes,ATR,https://ehop.org/wp/wp-content/uploads/2023/04/Hopkinton-Annual-Town-Report-2022_sm.pdf,https://jamesnicholsworley.github.io/civicatlasma/pdfs/Hopkinton2023_d0.pdf,dive_atr,manual,atr_cropped,95,Hopkinton2023_d0.pdf,yes,yes,pdf_hosted,,,,published,official
Hopkinton,2024,regular,yes,LEO,https://ehop.org/wp/wp-content/uploads/2024/06/2024-05-20-Annual-Town-Election-Official-Results.pdf,https://jamesnicholsworley.github.io/civicatlasma/pdfs/Hopkinton2024_d0.pdf,manual_sources,manual,,95,Hopkinton2024_d0.pdf,yes,yes,hosted,https://jamesnicholsworley.github.io/civicatlasma/markdown/Hopkinton2024.md,pypdf,,published,news
Hopkinton,2025,regular,yes,LEO,https://ehop.org/wp/wp-content/uploads/2025/05/2025-05-19-ATE-Unofficial-Results-1.pdf,https://jamesnicholsworley.github.io/civicatlasma/pdfs/Hopkinton2025_d0.pdf,manual_sources,manual,,95,Hopkinton2025_d0.pdf,yes,yes,hosted,https://jamesnicholsworley.github.io/civicatlasma/markdown/Hopkinton2025.md,pypdf,,published,news
Hopkinton,2026,regular,yes,owner-lead,https://www.hcam.tv/wp-content/uploads/2026/05/MAY-18-2026-Town-Election-Unofficial.pdf,,manual,,manual_ingest,,,no,no,pdf_hosted,,,,published,official
Hubbardston,2021,regular,yes,LEO,https://www.facebook.com/photo?fbid=2930950747118731&set=a.224106483086521,,manual,,"landed 2026-09-01 from the Reminder archive index sweep (town_notice; Town of Hubbardston, official results sheet posted as image,); artifact only, parse and gate follow",,,no,no,missing,,,https://www.hubbardstonma.us/sites/g/files/vyhlif3276/f/pages/final_candidate_list_for_june_8_2021_town_election_0.pdf,published,official
Hubbardston,2022,regular,yes,LEO,https://www.hubbardstonma.us/sites/g/files/vyhlif3276/f/news/2022_unofficial_election_results.pdf,https://jamesnicholsworley.github.io/civicatlasma/pdfs/Hubbardston2022_d0.pdf,manual,,manual_ingest,,Hubbardston2022_d0.pdf,yes,yes,pdf_hosted,,,,published,official
Hubbardston,2023,regular,yes,LEO,https://www.hubbardstonma.us/sites/g/files/vyhlif3276/f/pages/official_results_0.pdf,https://jamesnicholsworley.github.io/civicatlasma/pdfs/Hubbardston2023_d0.pdf,manual_sources,manual,,95,Hubbardston2023_d0.pdf,yes,yes,hosted,https://jamesnicholsworley.github.io/civicatlasma/markdown/Hubbardston2023.md,pypdf,,published,official
Hubbardston,2024,regular,yes,LEO,https://web.archive.org/web/20240616191704id_/https://www.hubbardstonma.us/sites/g/files/vyhlif3276/f/news/town_election_official_results_6.11.24.pdf,,manual,,manual_ingest,,,no,no,published,,,https://www.hubbardstonma.us/sites/g/files/vyhlif3276/f/news/unofficial_results_03052024_0.pdf,published,official
Hubbardston,2025,regular,yes,LEO,https://www.hubbardstonma.gov/DocumentCenter/View/1130,https://jamesnicholsworley.github.io/civicatlasma/pdfs/Hubbardston2025_d0.pdf,manual,,manual_ingest,,Hubbardston2025_d0.pdf,yes,yes,pdf_hosted,,,,published,official
Hubbardston,2026,regular,yes,custom-search-2026,https://www.hubbardstonma.gov/DocumentCenter/View/1516,,,,,,,no,no,pdf_hosted,,,,published,official
Hudson,2021,regular,yes,LEO,https://www.townofhudson.org/Archive.aspx?ADID=136,https://jamesnicholsworley.github.io/civicatlasma/pdfs/Hudson2021_d0.pdf,manual,manual,manual_ingest,95,Hudson2021_d0.pdf,yes,yes,pdf_hosted,,,,published,official
Hudson,2022,regular,yes,LEO,https://www.townofhudson.org/DocumentCenter/View/2186/May-9-2022-Annual-Town-Election-Official-Results-PDF,https://jamesnicholsworley.github.io/civicatlasma/pdfs/Hudson2022_d0.pdf,manual,manual,manual_ingest,95,Hudson2022_d0.pdf,yes,yes,pdf_hosted,,,,published,official
Hudson,2023,regular,yes,LEO,https://www.townofhudson.org/sites/g/files/vyhlif3281/f/uploads/5.8.23_annual_town_election_official_results.pdf,https://jamesnicholsworley.github.io/civicatlasma/pdfs/Hudson2023_d0.pdf,manual_sources,manual,,95,Hudson2023_d0.pdf,yes,yes,hosted,https://jamesnicholsworley.github.io/civicatlasma/markdown/Hudson2023.md,pypdf,,published,official
Hudson,2024,regular,yes,LEO,https://www.townofhudson.org/DocumentCenter/View/2108/May-13-2024-Annual-Town-Official-Election,https://jamesnicholsworley.github.io/civicatlasma/pdfs/Hudson2024_d0.pdf,manual,manual,manual_ingest,95,Hudson2024_d0.pdf,yes,yes,pdf_hosted,,,,published,official
Hudson,2025,regular,yes,LEO,https://www.townofhudson.org/Archive.aspx?ADID=239,https://jamesnicholsworley.github.io/civicatlasma/pdfs/Hudson2025_d0.pdf,exa_reviewed,manual,auto_resourced,95,Hudson2025_d0.pdf,yes,yes,hosted,https://jamesnicholsworley.github.io/civicatlasma/markdown/Hudson2025.md,pypdf,,published,official
Hudson,2026,regular,yes,custom-search-2026,https://www.townofhudson.org/DocumentCenter/View/6733/51126-ANNUAL-TOWN-ELECTION,,custom-search:recovered,,citation_recovered_by_rerunning_the_search_that_found_it; document text matches the held copy,,,no,no,pdf_hosted,,,,published,official
Hull,2021,regular,yes,LEO,https://www.town.hull.ma.us/sites/g/files/vyhlif3286/f/uploads/hull_2021_complete.pdf,,manual,high,manual_ingest,90,,no,no,pdf_hosted,,,https://www.town.hull.ma.us/sites/g/files/vyhlif3286/f/uploads/hull_2021_complete.pdf,published,official
Hull,2022,regular,yes,NEWS,https://959watd.com/blog/2022/05/hull-election-results/,,manual,high,,70,Hull2022_d0.pdf,,yes,hosted,https://jamesnicholsworley.github.io/civicatlasma/markdown/Hull2022.md,playwright+docling-2.66.0,,published,news
Hull,2023,regular,yes,NEWS,https://959watd.com/blog/2023/05/seven-contested-races-decided-in-hull-election/,,manual,manual,,95,Hull2023_d0.pdf,,yes,hosted,https://jamesnicholsworley.github.io/civicatlasma/markdown/Hull2023.md,playwright+docling-2.66.0,,published,news
Hull,2024,regular,yes,LEO,https://www.town.hull.ma.us/DocumentCenter/View/1094,https://jamesnicholsworley.github.io/civicatlasma/pdfs/Hull2024_d0.pdf,refetch_leads,high,auto_refetch,70,Hull2024_d0.pdf,yes,no,pdf_hosted,,,https://www.town.hull.ma.us/sites/g/files/vyhlif3286/f/uploads/november_5_2024_official_results_w_uocavas_prov_post_ballots_11_19_2024.pdf,published,official
Hull,2025,regular,yes,LEO,https://www.town.hull.ma.us/DocumentCenter/View/1016/2025-Annual-Town-Election-Official-Results-PDF,https://jamesnicholsworley.github.io/civicatlasma/pdfs/Hull2025_d0.pdf,manual,spraped,manual_ingest,70,Hull2025_d0.pdf,yes,yes,pdf_hosted,,,,published,official
Hull,2026,regular,yes,cohort-2026,https://www.town.hull.ma.us/DocumentCenter/View/2877/2026-Annual-Town-Election-Official-Results-PDF,,,,,,,no,yes,hosted,,,,published,official
Huntington,2021,regular,yes,LEO,https://www.huntingtonma.us/Documents/Clerk/5-15-21%20Town%20Election%20Official%20Results%20-%20Totals.pdf,https://jamesnicholsworley.github.io/civicatlasma/pdfs/Huntington2021_d0.pdf,manual,,manual_ingest,,Huntington2021_d0.pdf,yes,yes,pdf_hosted,,,,published,official
Huntington,2022,regular,yes,LEO,https://huntingtonma.us/Documents/Clerk/5-21-2022%20Municipal%20Election%20Results.pdf,,manual,spraped,manual_ingest,70,,no,no,pdf_hosted,,,,published,official
Huntington,2023,regular,yes,LEO,https://archives.thereminder.com/localnews/hilltowns/low-turnout-no-contests-on-ballot-for-huntington-e/,,manual,low,"landed 2026-09-01 from the round-9 gap sweep (news; article body); artifact only, parse and gate follow",70,,no,no,published,,,https://huntingtonma.us/Documents/Clerk/11-8-22%20Election%20Official%20Certified%20Result%20Totals.pdf,published,news
Huntington,2024,regular,yes,NEWS,https://www.huntingtonma.us/town-clerk/page/5112024-annual-municipal-election-final-results,,manual,spraped,,70,Huntington2024_d0.pdf,,yes,hosted,https://jamesnicholsworley.github.io/civicatlasma/markdown/Huntington2024.md,playwright+docling-2.66.0,,published,official
Huntington,2025,regular,yes,LEO,https://www.huntingtonma.us/town-clerk/page/elections,,verified_yes,medium,YES,90,Huntington2025_d0.pdf,,yes,hosted,https://jamesnicholsworley.github.io/civicatlasma/markdown/Huntington2025.md,playwright+docling-2.66.0,,published,official
Huntington,2026,regular,yes,custom-search-2026,https://www.huntingtonma.us/town-clerk/page/elections,,,,"citation found 2026-08-23 by overlap: 100% of the held reading's words and 100% of its 30 tallies are on this page, and 50% of the page is in the reading",,,no,no,hosted,,,,published,official
Ipswich,2021,regular,yes,LEO,https://www.ipswichma.gov/DocumentCenter/View/13184/2021-5-18-Town-Election-Final-Results,https://jamesnicholsworley.github.io/civicatlasma/pdfs/Ipswich2021_d0.pdf,manual_sources,manual,,95,Ipswich2021_d0.pdf,yes,yes,hosted,https://jamesnicholsworley.github.io/civicatlasma/markdown/Ipswich2021.md,docling-2.66.0,,published,official
Ipswich,2022,regular,yes,LEO,https://www.ipswichma.gov/DocumentCenter/View/14603/2022-05-17-Town-Election-Final-Results,https://jamesnicholsworley.github.io/civicatlasma/pdfs/Ipswich2022_d0.pdf,manual_sources,manual,,95,Ipswich2022_d0.pdf,yes,yes,hosted,https://jamesnicholsworley.github.io/civicatlasma/markdown/Ipswich2022.md,pypdf,,published,official
Ipswich,2023,regular,yes,LEO,https://www.ipswichma.gov/DocumentCenter/View/15975/2023-05-16-Annual-Town-Election-,https://jamesnicholsworley.github.io/civicatlasma/pdfs/Ipswich2023_d0.pdf,manual_sources,manual,,95,Ipswich2023_d0.pdf,yes,yes,hosted,https://jamesnicholsworley.github.io/civicatlasma/markdown/Ipswich2023.md,pypdf,,published,official
Ipswich,2024,regular,yes,LEO,https://thelocalnews.news/2024/05/21/ipswich-election-results-dam-passes-player-prevails-eliot-and-rist-on-school-committee/,,manual,,runner_fetch2,,,no,no,published,,,https://www.ipswichma.gov/DocumentCenter/View/16799/2024-05-21-Town-Election-Results---DRAFT,published,news
Ipswich,2025,regular,yes,LEO,https://www.ipswichma.gov/DocumentCenter/View/17962/2025-05-20-ATE-Election-Final-Results,https://jamesnicholsworley.github.io/civicatlasma/pdfs/Ipswich2025_d0.pdf,manual_sources,manual,,95,Ipswich2025_d0.pdf,yes,yes,hosted,https://jamesnicholsworley.github.io/civicatlasma/markdown/Ipswich2025.md,docling-2.66.0,,published,official
Ipswich,2026,regular,yes,cohort-2026,https://ipswichma.gov/DocumentCenter/View/18949/ATE-05-19-2026-Election-Results,,,,,,,no,yes,hosted,,,,published,official
Kingston,2021,regular,yes,LEO,https://kingstonma.gov/DocumentCenter/View/2187/2021-Annual-Town-Election-Results--04-24-2021-PDF,,manual_sources,manual,,95,,no,no,hosted,,pypdf,,published,official
Kingston,2022,regular,yes,LEO,https://kingstonma.gov/DocumentCenter/View/2095/2022-Annual-Town-Election-Results-04-23-2022-PDF,https://jamesnicholsworley.github.io/civicatlasma/pdfs/Kingston2022_d0.pdf,manual_sources,manual,,95,Kingston2022_d0.pdf,yes,yes,hosted,https://jamesnicholsworley.github.io/civicatlasma/markdown/Kingston2022.md,pypdf,,published,official
Kingston,2023,regular,yes,LEO,https://kingstonma.gov/DocumentCenter/View/3469/2023-Annual-Town-Election-Results-04-22-2023-PDF,https://jamesnicholsworley.github.io/civicatlasma/pdfs/Kingston2023_d0.pdf,manual_sources,manual,,95,Kingston2023_d0.pdf,yes,yes,hosted,https://jamesnicholsworley.github.io/civicatlasma/markdown/Kingston2023.md,pypdf,,published,official
Kingston,2024,regular,yes,LEO,https://kingstonma.gov/DocumentCenter/View/4862/2024-Annual-Town-Election-Results-05-18-2024-PDF,https://jamesnicholsworley.github.io/civicatlasma/pdfs/Kingston2024_d0.pdf,manual_sources,manual,,95,Kingston2024_d0.pdf,yes,yes,hosted,https://jamesnicholsworley.github.io/civicatlasma/markdown/Kingston2024.md,pypdf,,published,official
Kingston,2025,regular,yes,LEO,https://kingstonma.gov/DocumentCenter/View/5918/2025-Annual-Town-Election-Results-05-17-2025--PDF,https://jamesnicholsworley.github.io/civicatlasma/pdfs/Kingston2025_d0.pdf,manual_sources,manual,,95,Kingston2025_d0.pdf,yes,yes,hosted,https://jamesnicholsworley.github.io/civicatlasma/markdown/Kingston2025.md,pypdf,,published,official
Kingston,2026,regular,yes,cohort-2026,https://kingstonma.gov/DocumentCenter/View/7530/2026-Annual-Town-Elections-Results-05-16-2026-PDF,,,,,,,no,yes,hosted,,,,published,official
Lakeville,2021,regular,yes,LEO,https://www.lakevillema.org/sites/g/files/vyhlif751/f/pages/official_results_4.5.2021.pdf,https://jamesnicholsworley.github.io/civicatlasma/pdfs/Lakeville2021_d0.pdf,verified_yes,scraped,YES,90,Lakeville2021_d0.pdf,yes,yes,hosted,https://jamesnicholsworley.github.io/civicatlasma/markdown/Lakeville2021.md,pypdf,,published,official
Lakeville,2022,regular,yes,LEO,https://www.lakevillema.org/sites/g/files/vyhlif751/f/pages/official_results_4.4.2022-website_0.pdf,https://jamesnicholsworley.github.io/civicatlasma/pdfs/Lakeville2022_d0.pdf,verified_yes,scraped,YES,90,Lakeville2022_d0.pdf,yes,yes,hosted,https://jamesnicholsworley.github.io/civicatlasma/markdown/Lakeville2022.md,pypdf,,published,official
Lakeville,2023,regular,yes,LEO,https://www.lakevillema.org/sites/g/files/vyhlif751/f/pages/official_results_0.pdf,https://jamesnicholsworley.github.io/civicatlasma/pdfs/Lakeville2023_d0.pdf,manual_sources,manual,,95,Lakeville2023_d0.pdf,yes,yes,hosted,https://jamesnicholsworley.github.io/civicatlasma/markdown/Lakeville2023.md,pypdf,,published,official
Lakeville,2024,regular,yes,LEO,https://www.lakevillema.org/sites/g/files/vyhlif751/f/pages/official_results_of_4.1.2024_0.pdf,https://jamesnicholsworley.github.io/civicatlasma/pdfs/Lakeville2024_d0.pdf,verified_yes,scraped,YES,90,Lakeville2024_d0.pdf,yes,yes,hosted,https://jamesnicholsworley.github.io/civicatlasma/markdown/Lakeville2024.md,docling-2.66.0,,published,official
Lakeville,2025,regular,yes,LEO,https://www.lakevillema.org/DocumentCenter/View/794/Annual-Town-Election-April-7-2025--Official-Results,https://jamesnicholsworley.github.io/civicatlasma/pdfs/Lakeville2025_d0.pdf,verified_yes,scraped,YES | CITATION REPAIRED 2026-08-21 (live URL recovered): 200 via curl_cffi chrome; 1pg scan titled Annual Town Election April 7 2025 Official Results,90,Lakeville2025_d0.pdf,yes,yes,hosted,https://jamesnicholsworley.github.io/civicatlasma/markdown/Lakeville2025.md,docling-2.66.0,,published,official
Lakeville,2026,regular,yes,cohort-2026,https://www.lakevillema.org/DocumentCenter/View/5842/Annual-Town-Election-April-6-2026---Official-Results-,,,,,,,no,yes,hosted,,,,published,official
Lancaster,2021,regular,yes,LEO,https://www.ci.lancaster.ma.us/DocumentCenter/View/580/Annual-Town-Election---May-10-2021-FINAL-RESULTS-PDF,https://jamesnicholsworley.github.io/civicatlasma/pdfs/Lancaster2021_d0.pdf,verified_yes,scraped,YES,90,Lancaster2021_d0.pdf,yes,yes,hosted,https://jamesnicholsworley.github.io/civicatlasma/markdown/Lancaster2021.md,pypdf,,published,official
Lancaster,2022,regular,yes,LEO,https://www.ci.lancaster.ma.us/DocumentCenter/View/434/2022-Year-End-Campaign-Finance-Report-ALL-PDF,https://jamesnicholsworley.github.io/civicatlasma/pdfs/Lancaster2022_d0.pdf,collect-crawl,high,runner_fetch,70,Lancaster2022_d0.pdf,yes,yes,pdf_hosted,,,,published,official
Lancaster,2023,regular,yes,LEO,https://www.ci.lancaster.ma.us/sites/g/files/vyhlif4586/f/news/annual_town_election_5.8.23_totals_0.pdf,https://jamesnicholsworley.github.io/civicatlasma/pdfs/Lancaster2023_d0.pdf,manual_sources,manual,,95,Lancaster2023_d0.pdf,yes,yes,hosted,https://jamesnicholsworley.github.io/civicatlasma/markdown/Lancaster2023.md,pypdf,,published,official
Lancaster,2024,regular,yes,LEO,https://www.ci.lancaster.ma.us/DocumentCenter/View/2004/2024-State-Election-Final-Results,,manual,high,runner_fetch2,70,,no,no,pdf_hosted,,,https://www.ci.lancaster.ma.us/DocumentCenter/View/2004/2024-State-Election-Final-Results,published,official
Lancaster,2025,regular,yes,LEO,https://www.ci.lancaster.ma.us/DocumentCenter/View/2070/Annual-Town-Election-05122025-Official-Results,https://jamesnicholsworley.github.io/civicatlasma/pdfs/Lancaster2025_d0.pdf,scraper_sheet9,spraped,,70,Lancaster2025_d0.pdf,yes,yes,hosted,https://jamesnicholsworley.github.io/civicatlasma/markdown/Lancaster2025.md,pypdf,,published,official
Lancaster,2026,regular,yes,cohort-2026,https://www.ci.lancaster.ma.us/DocumentCenter/View/4008/2026-May-11-Annual-Town-Election-Final-Results,,,,,,,no,yes,hosted,,,,published,official
Lanesborough,2021,regular,yes,atr-2026-08-22-2021.pdf,,https://jamesnicholsworley.github.io/civicatlasma/pdfs/Lanesborough2021_d0.pdf,annual_town_report_crop,medium,"cropped from the Lanesborough annual town report, pp 80; election date 2021-06-15 read off the page by atr_verify",90,Lanesborough2021_d0.pdf,yes,no,pdf_hosted,,,https://cms5.revize.com/revize/lanesboroughma/Document%20Center/Government/Town%20Meeting/2021/2020_lanesboro_town_report_for_website.pdf https://jamesnicholsworley.github.io/civicatlasma/pdfs/Lanesborough2021.pdf,published,official
Lanesborough,2022,regular,yes,NEWS,https://www.iberkshires.com/story/68639/Lanesborough-Elects-Former-Police-Chief-Sorrell-to-Select-Board.html,,manual,medium,unrecovered_landing,90,Lanesborough2022_d0.pdf,no,yes,hosted,https://jamesnicholsworley.github.io/civicatlasma/markdown/Lanesborough2022.md,playwright+docling-2.66.0,,published,news
Lanesborough,2023,regular,yes,LEO,https://www.lanesborough-ma.gov/ATE%206-20-23.docx?t=202307121128310,,collect-crawl,manual,auto_resourced,95,Lanesborough2023_d0.pdf,yes,yes,hosted,https://jamesnicholsworley.github.io/civicatlasma/markdown/Lanesborough2023.md,xlsx+docling-2.66.0,,published,official
Lanesborough,2024,regular,yes,LEO,https://cms5.revize.com/revize/lanesboroughma/TOWN%20ELECTION%20RESULTS%206-18-24.pdf,https://jamesnicholsworley.github.io/civicatlasma/pdfs/Lanesborough2024_d0.pdf,manual,high,manual_ingest,90,Lanesborough2024_d0.pdf,yes,yes,pdf_hosted,,,,published,other
Lanesborough,2025,regular,yes,NEWS,https://www.lanesborough-ma.gov/ATE%20Minutes%206-17-25.pdf,,manual,high,unrecovered_landing,90,Lanesborough2025_d0.pdf,no,yes,hosted,https://jamesnicholsworley.github.io/civicatlasma/markdown/Lanesborough2025.md,playwright+docling-2.66.0,,published,official
Lanesborough,2026,regular,yes,custom-search,https://www.iberkshires.com/story/82964/Lanesborough-Town-Election-Sees-Expanded-Select-Board.html,,,,"citation found 2026-08-23 by overlap: 98% of the held reading's words and 91% of its 11 tallies are on this page, and 39% of the page is in the reading",,,no,no,hosted,,,,published,news
Lawrence,2021,regular,yes,LEO,https://cityoflawrence.com/DocumentCenter/View/44030/11-02-2021-LAWRENCE-MUNICIPAL-ELECTION-OFFICIAL-RESULTS,https://jamesnicholsworley.github.io/civicatlasma/pdfs/Lawrence2021_d0.pdf,collect-exa,,auto_resourced,,Lawrence2021_d0.pdf,yes,yes,hosted,https://jamesnicholsworley.github.io/civicatlasma/markdown/Lawrence2021.md,docling-2.66.0,,published,official
Lawrence,2022,regular,no,CITY_ODD_YEAR_CYCLE,,,,,,,Lawrence2022_d0.pdf,,no,no_election,,,,no_election,other
Lawrence,2023,regular,yes,LEO,https://www.cityoflawrence.com/DocumentCenter/View/47614/NOVEMBER-7-2023-UNOFFICIAL-ELECTION-RESULTS,https://jamesnicholsworley.github.io/civicatlasma/pdfs/Lawrence2023_d0.pdf,manual_sources,manual,,95,Lawrence2023_d0.pdf,yes,yes,hosted,https://jamesnicholsworley.github.io/civicatlasma/markdown/Lawrence2023.md,docling-2.66.0,,published,official
Lawrence,2024,regular,no,CITY_ODD_YEAR_CYCLE,,,,,,,Lawrence2024_d0.pdf,,no,no_election,,,,no_election,other
Lawrence,2025,regular,yes,LEO,https://www.cityoflawrence.com/DocumentCenter/View/51303/OFFICIAL-RESULTS-FOR-NOVEMBER-4-2025,https://jamesnicholsworley.github.io/civicatlasma/pdfs/Lawrence2025_d0.pdf,manual_city,manual,manual,100,Lawrence2025_d0.pdf,yes,yes,hosted,https://jamesnicholsworley.github.io/civicatlasma/markdown/Lawrence2025.md,docling-2.66.0,,published,official
Lawrence,2026,regular,no,,,,,,"no_election: even-year row seeded from the 2024 cohort, 2026-08-19",,,,,,,,,no_election,other
Lee,2021,regular,yes,LEO,https://ma-lee.civicplus.com/DocumentCenter/View/493/May-17-2021-Annual-Town-Election,https://jamesnicholsworley.github.io/civicatlasma/pdfs/Lee2021_d0.pdf,collect-crawl,high,auto_resourced,70,Lee2021_d0.pdf,yes,yes,pdf_hosted,,,,published,other
Lee,2022,regular,yes,ATR,https://www.lee.ma.us/sites/g/files/vyhlif771/f/uploads/fy22_annual_report_-_town_of_lee.pdf,https://jamesnicholsworley.github.io/civicatlasma/pdfs/Lee2022_d0.pdf,atr_crop,high,atr_cropped,70,Lee2022_d0.pdf,yes,yes,hosted,https://jamesnicholsworley.github.io/civicatlasma/markdown/Lee2022.md,pypdf,,published,official
Lee,2023,regular,yes,LEO,https://ma-lee.civicplus.com/DocumentCenter/View/688/FY-2023,,manual,manual,runner_fetch3_score13,95,,no,no,published,,docling-html,https://www.lee.ma.us/sites/g/files/vyhlif771/f/uploads/municipal_telephone_dir._7-29-2020_0.pdf https://lee.ma.us/235/Past-Town-Elections,published,official
Lee,2024,regular,yes,NEWS,https://theberkshireedge.com/lee-voters-push-forward-new-public-safety-complex-public-works-site/,,manual,high,,70,Lee2024_d0.pdf,,yes,hosted,https://jamesnicholsworley.github.io/civicatlasma/markdown/Lee2024.md,playwright+docling-2.66.0,,published,news
Lee,2025,regular,yes,LEO,https://web.archive.org/web/20250514153909/http://www.lee.ma.us/home/news/town-election-results-2025,https://jamesnicholsworley.github.io/civicatlasma/pdfs/Lee2025_d0.pdf,manual,high,head_ocr:wrong_doc | CITATION REPAIRED 2026-08-21 (Wayback capture cited): 200 via curl_cffi chrome after patient retry - the original failure was latency not absence; page title reads Town Elect,90,Lee2025_d0.pdf,yes,yes,hosted,,,,published,official
Lee,2026,regular,yes,cohort-2026,https://news.google.com/rss/articles/CBMiX0FVX3lxTFBHR2M1TUQ5VEdxVE5ub2d6MXNZbDFFRlgtbk5oWmFGYmF1Y0Z2eC1idVRMZ3ZsVzdjbzV3TC14UG1XdWRLMFFIckxnR1VtU3ktNFExNC1OYmhSVE0tQXlj?oc=5,,,,,,,no,no,hosted,,,,published,news
Leicester,2021,regular,yes,LEO,https://www.leicesterma.org/DocumentCenter/View/1980/Table-2-Updated-with-November-2021-Results-PDF,https://jamesnicholsworley.github.io/civicatlasma/pdfs/Leicester2021_d0.pdf,manual,medium,runner_fetch2,70,Leicester2021_d0.pdf,yes,yes,pdf_hosted,,,,published,official
Leicester,2022,regular,yes,LEO,https://www.leicesterma.org/sites/g/files/vyhlif781/f/uploads/election_-_primary_.09.04.18_results.pdf,https://jamesnicholsworley.github.io/civicatlasma/pdfs/Leicester2022_d0.pdf,manual,medium,ocr_triage:wrong_doc,70,Leicester2022_d0.pdf,yes,yes,pdf_hosted,,,,published,official
Leicester,2023,regular,yes,LEO,https://www.leicesterma.org/sites/g/files/vyhlif781/f/news/special_state_election_11.07.2023_preliminary_results.pdf,https://jamesnicholsworley.github.io/civicatlasma/pdfs/Leicester2023_d0.pdf,manual,manual,ocr_triage:wrong_doc,95,Leicester2023_d0.pdf,yes,yes,pdf_hosted,,,,published,official
Leicester,2024,regular,yes,LEO,https://web.archive.org/web/20240613030113id_/https://www.leicesterma.org/sites/g/files/vyhlif781/f/news/06.11.2024_preliminary_results_ate.pdf,,manual,medium,"wrong_scope_state_election_retired: the held document is the November 5 2024 STATE election -- its own pages read 'TOWN OF LEICESTER - STATE ELECTION November 05, 2024 - OFFICIAL' -- and this corpus covers annual municipal elections only",70,,no,no,missing,,,https://www.leicesterma.org/sites/g/files/vyhlif781/f/news/state_election_11.05.24_official_results_0.pdf,published,official
Leicester,2025,regular,yes,LEO,https://www.leicesterma.org/DocumentCenter/View/1261/2018-Municipal-Vulnerability-Preparedness-Plan-PDF,https://jamesnicholsworley.github.io/civicatlasma/pdfs/Leicester2025_d0.pdf,manual,high,runner_fetch2,90,Leicester2025_d0.pdf,yes,yes,pdf_hosted,,,,published,official
Leicester,2026,regular,yes,custom-search-2026,https://www.leicesterma.org/DocumentCenter/View/4620/Official-Results,,,,,,,no,no,pdf_hosted,,,,published,official
Lenox,2021,regular,yes,NEWS,https://www.berkshireeagle.com/news/local/three-elected-to-lenox-school-committee-other-seats-uncontested/article_511e6cae-b1ea-11eb-96dd-b31ef56dd7bf.html,,manual,medium,,70,Lenox2021_d0.pdf,,yes,hosted,https://jamesnicholsworley.github.io/civicatlasma/markdown/Lenox2021.md,playwright+docling-2.66.0,,published,news
Lenox,2022,regular,yes,ATR,https://www.iberkshires.com/story/68175/Lenox-Returns-Incumbents-in-Low-Turnout.html,,dive_atr,medium,"not_a_return (read 2026-08-23): 'Town Of Lenox Annual Report 2022 REPORT OF THE ELECTIONS ... Annual Town Election, May 9, 2022 140' -- turnout only, no offices",70,,no,no,missing,,,https://www.townoflenox.com/home/files/town-report-2022; https://townoflenox.com/DocumentCenter/View/375/Annual-Town-Report-2022,published,news
Lenox,2023,regular,yes,NEWS,https://theberkshireedge.com/lenox-annual-town-election-results/,,manual_sources,manual,,95,Lenox2023_d0.pdf,,yes,hosted,https://jamesnicholsworley.github.io/civicatlasma/markdown/Lenox2023.md,playwright+docling-2.66.0,,published,news
Lenox,2024,regular,yes,NEWS,https://www.berkshireeagle.com/news/central_berkshires/lenox-voters-re-elect-two-select-board-members-but-a-newcomer-comes-in-a-close-third/article_4321f410-0c71-11ef-b122-5f1197c22803.html,,manual,low,atr_empty,70,Lenox2024_d0.pdf,,yes,hosted,https://jamesnicholsworley.github.io/civicatlasma/markdown/Lenox2024.md,playwright+docling-2.66.0,,published,news
Lenox,2025,regular,yes,NEWS,https://www.iberkshires.com/story/78863/Nowak-Meczywor-Win-in-Adams-Lenox-Newcomer-Wins-School-Committee.html,https://jamesnicholsworley.github.io/civicatlasma/pdfs/Lenox2025_d0.pdf,manual,low,,70,Lenox2025_d0.pdf,,yes,hosted,https://jamesnicholsworley.github.io/civicatlasma/markdown/Lenox2025.md,playwright+docling-2.66.0,,published,news
Lenox,2026,regular,yes,cohort-2026,https://news.google.com/rss/articles/CBMib0FVX3lxTE1JN2lvSGt5SFEtR3RYVUxlNDBXMENRbEFCQzhza3IteHAwSUt3TVA5aDVKaDQ5d25HSHNVa1A4aHJ2NWlDTEQwcUU1VGtwa256aUJuLUpzQkc0Smt5elJYbVB0UHhibENMLWtobEVrWQ?oc=5,,,,,,,no,yes,hosted,,,,published,news
Leominster,2021,regular,yes,LEO,https://web.archive.org/web/20221204014653id_/https://leominster-ma.gov/DocumentCenter/View/1162/11-02-2021-Municipal-Election-Official-Results-PDF,https://jamesnicholsworley.github.io/civicatlasma/pdfs/Leominster2021_d0.pdf,collect-web,,"document upgraded 2026-08-23: the CITY'S OWN ward-by-ward municipal election results for November 2 2021 -- an UPGRADE over the Telegram & Gazette transcription we were holding, whose URL was never recorded",,,yes,no,pdf_hosted,,,https://www.leominster-ma.gov/DocumentCenter/View/1077/Appendix-A3-Leominster-OSRP-Public-Survey-Results-PDF https://jamesnicholsworley.github.io/civicatlasma/pdfs/Leominster2021.pdf,published,official
Leominster,2022,regular,no,CITY_ODD_YEAR_CYCLE,,,,,,,Leominster2022_d0.pdf,,no,no_election,,,,no_election,other
Leominster,2023,regular,yes,LEO,https://www.leominsterchamp.com/leominster-election-night-results/,,manual,manual,"citation recovered 2026-08-23 (owner-supplied lead), verified: the Leominster Champion's November 8 2023 report of the November 7 municipal election prints this record's own figures -- 'For Ward One councillor, Robert Tocci, of Scenic Drive, beat out Eladia Jessica Romero-Rodriguez, of Balsam Drive, 562-551' and 'Mayor Dean Mazzarella ran unopposed for re-election, receiving 3,715 votes'. Released hours earlier as uncitable; this un-releases it",95,,no,yes,hosted,,,,published,news
Leominster,2024,regular,no,CITY_ODD_YEAR_CYCLE,,,,,,,Leominster2024_d0.pdf,,no,no_election,,,,no_election,other
Leominster,2025,regular,yes,LEO,https://leominster-ma.gov/DocumentCenter/View/4097/Leominster-Municipal-Election-November-4-2025-Unofficial-Results,https://jamesnicholsworley.github.io/civicatlasma/pdfs/Leominster2025_d0.pdf,manual,manual,manual_ingest | CITATION REPAIRED 2026-08-21 (live URL recovered): 200 via curl_cffi chrome; 4pg PDF reads LEOMINSTER November 04 2025 with mayor DEAN J. MAZZARELLA over 15 precincts,100,Leominster2025_d0.pdf,yes,yes,pdf_hosted,https://jamesnicholsworley.github.io/civicatlasma/markdown/Leominster2025.md,pypdf,,published,official
Leominster,2026,regular,no,,,,,,"no_election: even-year row seeded from the 2024 cohort, 2026-08-19",,,,,,,,,no_election,other
Leverett,2021,regular,yes,LEO,,,manual,high,"DOCUMENT RETIRED 2026-09-02: The file is `Code of the Town of Leverett, Franklin County, Commonwealth of Massachusetts, April 2011` -- seventy pages of town bylaws, not an election document. Leverett 2021’s two contests come from its results page and are unaffected. What the bylaws did was list every office the town has, which read as offices on the ballot, so the town-year was reported as a parse that had dropped a constable, a moderator, a planning board and a school committee -- on the authority of a rulebook.",70,,no,no,hosted,,,https://leverett.ma.us/files/Code_of_the_Town_of_Leverett_2025.pdf,pending_parse,official
Leverett,2022,regular,yes,town-meeting-minutes,https://leverett.ma.us/files/ATM_2022-4-30.docx,,manual,high,manual_ingest,70,,no,no,pdf_hosted,,,https://leverett.ma.us/files/The_Code__of_the_Town_of_Leverett.pdf,published,official
Leverett,2023,regular,yes,town-meeting-minutes,https://leverett.ma.us/files/ATM_minutes_2023-4-29.docx,,manual,high,"landed 2026-09-01 from the Reminder archive index sweep (official; Town of Leverett, Annual Town Meeting minutes 29 April 2023,); artifact only, parse and gate follow",90,,no,no,pdf_hosted,,,https://leverett.ma.us/files/Code_of_the_Town_of_Leverett_2025.pdf,published,official
Leverett,2024,regular,yes,NEWS,https://gazettenet.com/LeverettTM-042724-54931149,,manual,high,runner_fetch,90,,no,no,hosted,,docling-html,,published,news
Leverett,2025,regular,yes,LEO,https://leverett.ma.us/files/ATM_minutes_2025-5-3.docx,,verified_yes,high,repointed 2026-08-31: previous native_url served the Nov 2024 presidential results; now the ATM minutes of 2025-05-03,90,,no,no,hosted,,docx-xml-extract,https://leverett.ma.us/n/12187/Leverett-Election-Results,published,official
Leverett,2026,regular,yes,,,,,,"NOT ABSENT, NOT YET PUBLISHED -- and the re-probe target is exact. Leverett elects on the floor of the Annual Town Meeting, so its result is a sentence in the MINUTES, not a ballot file. Its own Town Meeting Warrants/Minutes index (leverett.ma.us/f/0/7/) lists 34 documents; for 2026 it holds only May_2_2026_Annual_Town_Meeting_Warrant.pdf. The warrant names the offices to be filled and cannot name the winners. Re-probe that index for ATM_minutes_2026-5-2.docx (the convention its 2023 and 2025 minutes follow) once the town posts it. REMINDER ARCHIVE CANNOT SPEAK TO THIS YEAR. All 211 articles naming the open towns were fetched and dated: the newest in the entire archive is 6 March 2024 and there are ZERO from 2025 or 2026. This channel stops before the year in question, so its silence is UNREACHABLE, not absence. The paper does print full returns for these towns when it publishes -- Holland 2023 gives 'Only 217 of Holland's 2,197 eligible voters cast ballots' -- so it is worth re-checking if the archive ever resumes. See research/CHANNEL-reminder-archive-ends-2024.md  CORRECTION, SAME SESSION: the archive stopping in 2024 did NOT make this row unreachable. The paper moved platform. thereminder.com is a live WordPress site with a REST API holding 5,397 posts from November 2022 to September 2026, covering exactly the years the archive does not. Every post from 15 March to 1 August 2026 was fetched -- 581 of them -- and every title read. Forty-nine concern an election, and they cover Longmeadow, Wilbraham, Hampden, Southwick, East Longmeadow, Huntington, South Hadley and Easthampton. NONE concerns this town. The paper still covers the hilltowns (a Hilltowns category of 225 posts; 55 Granville mentions since 2025) and it did report Huntington's May 2026 Selectboard race, and it reported these towns' 2024 elections in full -- 'Nicole Berndt reelected to Granville Selectboard for third term', 'Montgomery election hangs on closer look at write-in votes'. So this is a MEASURED ABSENCE on a live, working channel, not an unreachable one. ",,,no,no,missing,,,,no_source,
Lexington,2021,regular,yes,LEO,https://lexingtonma.gov/DocumentCenter/View/1799/March-1-2021---Annual-Town-Election-PDF,https://jamesnicholsworley.github.io/civicatlasma/pdfs/Lexington2021_d0.pdf,manual_sources,manual,,95,Lexington2021_d0.pdf,yes,yes,hosted,https://jamesnicholsworley.github.io/civicatlasma/markdown/Lexington2021.md,pypdf,,published,official
Lexington,2022,regular,yes,LEO,https://lexingtonma.gov/DocumentCenter/View/1782/March-7-2022---Annual-Town-Election-PDF,https://jamesnicholsworley.github.io/civicatlasma/pdfs/Lexington2022_d0.pdf,manual_sources,manual,,95,Lexington2022_d0.pdf,yes,yes,hosted,https://jamesnicholsworley.github.io/civicatlasma/markdown/Lexington2022.md,pypdf,,published,official
Lexington,2023,regular,yes,LEO,https://www.lexingtonma.gov/DocumentCenter/View/8347/March-6-2023---Annual-Town-Election-PDF,https://jamesnicholsworley.github.io/civicatlasma/pdfs/Lexington2023_d0.pdf,manual_sources,manual,,95,Lexington2023_d0.pdf,yes,yes,hosted,https://jamesnicholsworley.github.io/civicatlasma/markdown/Lexington2023.md,pypdf,,published,official
Lexington,2024,regular,yes,LEO,https://lexingtonma.gov/DocumentCenter/View/11239/March-5-2024-Annual-Town-Election,https://jamesnicholsworley.github.io/civicatlasma/pdfs/Lexington2024_d0.pdf,manual_sources,manual,,95,Lexington2024_d0.pdf,yes,yes,hosted,https://jamesnicholsworley.github.io/civicatlasma/markdown/Lexington2024.md,pypdf,,published,official
Lexington,2025,regular,yes,LEO,https://www.lexingtonma.gov/DocumentCenter/View/13941/2025-03-03-ATE--OFFICIAL-RESULTS,https://jamesnicholsworley.github.io/civicatlasma/pdfs/Lexington2025_d0.pdf,manual_sources,manual,CITATION REPAIRED 2026-08-21 (live URL recovered): 200 via curl_cffi chrome; document id shifted 13940 to 13941; 6pg OFFICIAL RESULTS Certified 3-4-2025 nine precincts,95,Lexington2025_d0.pdf,yes,yes,hosted,https://jamesnicholsworley.github.io/civicatlasma/markdown/Lexington2025.md,pypdf,,published,official
Lexington,2026,regular,yes,cohort-2026,https://lexingtonma.gov/DocumentCenter/View/16544/2026-03-02-Annual-Town-Election---OFFICIAL-RESULTS,,,,,,,no,yes,hosted,,,,published,official
Leyden,2021,regular,yes,owner-supplied-2026-08-23-small_towns_ingest_2,https://townofleyden.com/news/newsfile_11116_6-28-21_Town_Election_results.pdf,https://jamesnicholsworley.github.io/civicatlasma/pdfs/Leyden2021_d0.pdf,manual,low,manual_ingest,70,Leyden2021_d0.pdf,yes,no,pdf_hosted,,,https://townofleyden.com/files/2012-06_Leyden_Life.pdf https://jamesnicholsworley.github.io/civicatlasma/pdfs/Leyden2021.pdf,published,official
Leyden,2022,regular,yes,owner-supplied-2026-08-23-small_towns_ingest_2,https://townofleyden.com/news/newsfile_11162_2022-6-27_Annual_Elections.pdf,https://jamesnicholsworley.github.io/civicatlasma/pdfs/Leyden2022_d0.pdf,manual,medium,manual_ingest,70,Leyden2022_d0.pdf,yes,no,pdf_hosted,,,https://townofleyden.com/files/Flu_Clinic_on_Election_Day.pdf,published,official
Leyden,2023,regular,yes,LEO,https://www.townofleyden.com/files/2023_Leyden_town_election_results.pdf,https://jamesnicholsworley.github.io/civicatlasma/pdfs/Leyden2023_d0.pdf,manual_sources,manual,,95,Leyden2023_d0.pdf,yes,yes,hosted,https://jamesnicholsworley.github.io/civicatlasma/markdown/Leyden2023.md,docling-2.66.0,,published,official
Leyden,2024,regular,yes,LEO,https://www.townofleyden.com/files/2024-06-04_-_Local_Election_Results.pdf,https://jamesnicholsworley.github.io/civicatlasma/pdfs/Leyden2024_d0.pdf,crawl,medium,crawl_verified,90,Leyden2024_d0.pdf,yes,yes,hosted,https://jamesnicholsworley.github.io/civicatlasma/markdown/Leyden2024.md,pypdf(recrawl),,published,official
Leyden,2025,regular,yes,LEO,https://townofleyden.com/n/11249/2025-Local-Election-Results-Unofficial,,verified_yes,high,YES,90,,,no,hosted,,playwright+docling-2.66.0,,published,official
Leyden,2026,regular,yes,cohort-2026,https://townofleyden.com/files/2026-06-02_-_Annual_Town_Election_-_Local_Election_Results_-_OFFICIAL.pdf,,,,,,,no,yes,hosted,,,,published,official
Lincoln,2021,regular,yes,harvest-lead,https://lincolnsquirrel.com/2021/03/town-election-results-doo-wins-seat-on-parks-and-rec-committee/,,manual,spraped,"landed 2026-09-01 from the round-9 gap sweep (news; article body table); artifact only, parse and gate follow",70,,no,no,missing,,pypdf,https://www.lincolntown.org/DocumentCenter/View/65260/Official-Annual-Town-Election-Results-2021 https://jamesnicholsworley.github.io/civicatlasma/pdfs/Lincoln2021.pdf https://lincolntown.org/DocumentCenter/View/65260/Official-Annual-Town-Election-Results-2021,published,news
Lincoln,2022,regular,yes,LEO,https://www.lincolntown.org/DocumentCenter/View/72387/Official-Election-Totals,,manual,high,manual_ingest,90,,no,no,pdf_hosted,,,,published,other
Lincoln,2023,regular,yes,LEO,https://www.lincolntown.org/documentcenter/view/79023,,refetch_leads,manual,notresults:replacement is UNOFFICIAL and holds two elections in one file (27-Mar-23 and 28-Mar-22); the incumbent is the OFFICIAL 2,95,,no,no,pdf_hosted,,pypdf,https://www.lincolntown.org/documentcenter/view/79023,published,other
Lincoln,2024,regular,yes,LEO,https://www.lincolntown.org/DocumentCenter/View/85811/Annual-Town-Election-Official-Results-3252024-PDF,https://jamesnicholsworley.github.io/civicatlasma/pdfs/Lincoln2024_d0.pdf,scraper_sheet9,spraped,,70,Lincoln2024_d0.pdf,yes,yes,hosted,https://jamesnicholsworley.github.io/civicatlasma/markdown/Lincoln2024.md,pypdf,,published,other
Lincoln,2025,regular,yes,LEO,https://www.lincolntown.org/DocumentCenter/View/98361/Annual-Town-Election-3312025-Official-Results,https://jamesnicholsworley.github.io/civicatlasma/pdfs/Lincoln2025_d0.pdf,verified_yes,scraped,YES,90,Lincoln2025_d0.pdf,yes,yes,hosted,https://jamesnicholsworley.github.io/civicatlasma/markdown/Lincoln2025.md,pypdf,,published,other
Lincoln,2026,regular,yes,harvest-lead,https://www.lincolntown.org/DocumentCenter/View/105452/ATE-33026-Official-Election-Results,https://jamesnicholsworley.github.io/civicatlasma/pdfs/Lincoln2026_d0.pdf,manual,,manual_ingest,,Lincoln2026_d0.pdf,yes,no,pdf_hosted,,,,published,
Littleton,2021,regular,yes,LEO,https://www.littletonma.org/DocumentCenter/View/1790,https://jamesnicholsworley.github.io/civicatlasma/pdfs/Littleton2021_d0.pdf,verified_yes,high,YES,90,Littleton2021_d0.pdf,yes,yes,hosted,https://jamesnicholsworley.github.io/civicatlasma/markdown/Littleton2021.md,pypdf,,published,official
Littleton,2022,regular,yes,NEWS,https://littletonma.org/464/Elections---2022,,manual,high,,70,Littleton2022_d0.pdf,,yes,hosted,https://jamesnicholsworley.github.io/civicatlasma/markdown/Littleton2022.md,playwright+docling-2.66.0,,published,official
Littleton,2023,regular,yes,NEWS,https://www.lowellsun.com/2023/05/09/littleton-voters-elect-incumbent-matthew-nordhaus-newcomer-karen-morrison-in-select-board-race/,,manual_sources,manual,,95,Littleton2023_d0.pdf,,yes,hosted,https://jamesnicholsworley.github.io/civicatlasma/markdown/Littleton2023.md,playwright+docling-2.66.0,,published,news
Littleton,2024,regular,yes,LEO,https://www.littletonma.org/DocumentCenter/View/7641/Results-for-51124,,manual,high,manual_ingest,90,,no,no,pdf_hosted,,,,published,official
Littleton,2025,regular,yes,LEO,https://www.littletonma.org/DocumentCenter/View/9564,,scraper_sheet9,spraped,,70,,no,no,hosted,,pypdf,,published,official
Littleton,2026,regular,yes,custom-search-2026,https://www.littletonma.org/CivicAlerts.aspx?AID=566&ARC=1201,,,,landed 2026-09-10 from research/SESSION_2026-09-10_FINDINGS.md; transcribed from the certified return and checked against the 879 ballots it reports,,,no,no,missing,,,https://www.littletonma.org/DocumentCenter/View/11248,published,official
Longmeadow,2021,regular,yes,LEO,https://www.longmeadowma.gov/ArchiveCenter/ViewFile/Item/707,https://jamesnicholsworley.github.io/civicatlasma/pdfs/Longmeadow2021_d0.pdf,manual_sources,manual,,95,Longmeadow2021_d0.pdf,yes,yes,hosted,https://jamesnicholsworley.github.io/civicatlasma/markdown/Longmeadow2021.md,pypdf,,published,official
Longmeadow,2022,regular,yes,LEO,https://www.longmeadowma.gov/ArchiveCenter/ViewFile/Item/766,https://jamesnicholsworley.github.io/civicatlasma/pdfs/Longmeadow2022_d0.pdf,manual_sources,manual,,95,Longmeadow2022_d0.pdf,yes,yes,hosted,https://jamesnicholsworley.github.io/civicatlasma/markdown/Longmeadow2022.md,pypdf,,published,official
Longmeadow,2023,regular,yes,LEO,https://www.longmeadowma.gov/ArchiveCenter/ViewFile/Item/756,https://jamesnicholsworley.github.io/civicatlasma/pdfs/Longmeadow2023_d0.pdf,manual_sources,manual,,95,Longmeadow2023_d0.pdf,yes,yes,hosted,https://jamesnicholsworley.github.io/civicatlasma/markdown/Longmeadow2023.md,docling-2.66.0,,published,official
Longmeadow,2024,regular,yes,LEO,https://www.longmeadowma.gov/DocumentCenter/View/9208/OFFICIAL-RESULTS---ANNUAL-TOWN-ELECTION---JUNE-11-2024?bidId=,https://jamesnicholsworley.github.io/civicatlasma/pdfs/Longmeadow2024_d0.pdf,manual_sources,manual,,95,Longmeadow2024_d0.pdf,yes,yes,hosted,https://jamesnicholsworley.github.io/civicatlasma/markdown/Longmeadow2024.md,pypdf,,published,official
Longmeadow,2025,regular,yes,LEO,https://www.longmeadowma.gov/DocumentCenter/View/10333/OFFICIAL-RESULTS----ANNUAL-TOWN-ELECTION--JUNE-3-2025?bidId=,https://jamesnicholsworley.github.io/civicatlasma/pdfs/Longmeadow2025_d0.pdf,manual_sources,manual,,95,Longmeadow2025_d0.pdf,yes,yes,hosted,https://jamesnicholsworley.github.io/civicatlasma/markdown/Longmeadow2025.md,pypdf,,published,official
Longmeadow,2026,regular,yes,cohort-2026,https://longmeadowma.gov/DocumentCenter/View/11386/OFFICIAL-RESULTS---ANNUAL-TOWN-ELECTION---JUNE-2-2026,,,,,,,no,yes,hosted,,,,published,official
Lowell,2021,regular,yes,LEO,https://www.lowellma.gov/DocumentCenter/View/17319/2021-Municipal-Election---Official-Results,https://jamesnicholsworley.github.io/civicatlasma/pdfs/Lowell2021_d0.pdf,manual_sources,manual,hosted_whole,95,Lowell2021_d0.pdf,yes,yes,hosted,https://jamesnicholsworley.github.io/civicatlasma/markdown/Lowell2021.md,pypdf,,published,official
Lowell,2022,regular,no,CITY_ODD_YEAR_CYCLE,,,,,,,Lowell2022_d0.pdf,,no,no_election,,,,no_election,other
Lowell,2023,regular,yes,LEO,https://www.lowellma.gov/DocumentCenter/View/24325/ElectionSummaryReportRPT-UNOFFICIAL-RESULTS-11-7-23,https://jamesnicholsworley.github.io/civicatlasma/pdfs/Lowell2023_d0.pdf,manual_sources,manual,,95,Lowell2023_d0.pdf,yes,yes,hosted,https://jamesnicholsworley.github.io/civicatlasma/markdown/Lowell2023.md,pypdf,,published,official
Lowell,2024,regular,no,CITY_ODD_YEAR_CYCLE,,,,,,,Lowell2024_d0.pdf,,no,no_election,,,,no_election,other
Lowell,2025,regular,yes,LEO,https://lowellma.gov/DocumentCenter/View/33035/November-4-2025-City-of-Lowell-Election-Official-Results,https://jamesnicholsworley.github.io/civicatlasma/pdfs/Lowell2025_d0.pdf,manual_city,manual,"manual | CERTIFIED UPGRADE 2026-08-21: replaced the unofficial/preliminary source with the town's official document (Official Results (post District 3 recount)). SOURCE ARITHMETIC FLAG: the official sheet's two at-large races do not close (Council at-large short 27, School Cttee at-large over 6 vs ballots x seats); verified against the 33 printed precinct columns, so this is the clerk's arithmetic, not a parse error. All 12 district races close. Document is post-District-3-recount.",100,Lowell2025_d0.pdf,yes,yes,hosted,https://jamesnicholsworley.github.io/civicatlasma/markdown/Lowell2025.md,pypdf,,published,official
Lowell,2026,regular,no,,,,,,"no_election: even-year row seeded from the 2024 cohort, 2026-08-19",,,,,,,,,no_election,other
Ludlow,2021,regular,yes,LEO,https://web.archive.org/web/20210324194034id_/http://www.ludlow.ma.us/reports/clerk/reports/election-results-032321.pdf,,collect-web,,citation found 2026-08-23 by sha256: bytes identical to the held PDF,,,no,no,missing,,,https://ludlow.ma.us/wp-content/uploads/sites/2/2025/05/2021-Annual-Town-Report.pdf,published,official
Ludlow,2022,regular,yes,NEWS,https://archives.thereminder.com/Localnews/ludlow/election-results-highlight-split-in-school-committ/,,manual,,local_triage:not_results,,,no,no,published,,docling-html,https://ludlow.ma.us/document/local-election-results/,published,news
Ludlow,2023,regular,yes,LEO,https://ludlow.ma.us/wp-content/uploads/sites/2/2025/04/March-27-2023-Official-Local-Election-Results.pdf,https://jamesnicholsworley.github.io/civicatlasma/pdfs/Ludlow2023_d0.pdf,crawl,manual,crawl_verified,95,Ludlow2023_d0.pdf,yes,yes,hosted,https://jamesnicholsworley.github.io/civicatlasma/markdown/Ludlow2023.md,pypdf(recrawl),,published,official
Ludlow,2024,regular,yes,LEO,https://ludlow.ma.us/wp-content/uploads/sites/2/2025/04/March-25-2024-Official-Local-Election-Results.pdf,https://jamesnicholsworley.github.io/civicatlasma/pdfs/Ludlow2024_d0.pdf,exa,manual,auto_resourced,95,Ludlow2024_d0.pdf,yes,yes,hosted,https://jamesnicholsworley.github.io/civicatlasma/markdown/Ludlow2024.md,pypdf,,published,official
Ludlow,2025,regular,yes,LEO,https://ludlow.ma.us/wp-content/uploads/sites/2/2025/04/March-24-2025-Official-Local-Election-Results.pdf,https://jamesnicholsworley.github.io/civicatlasma/pdfs/Ludlow2025_d0.pdf,crawl,manual,crawl_verified,95,Ludlow2025_d0.pdf,yes,yes,hosted,https://jamesnicholsworley.github.io/civicatlasma/markdown/Ludlow2025.md,pypdf(recrawl),,published,official
Ludlow,2026,regular,yes,cohort-2026,https://ludlow.ma.us/wp-content/uploads/sites/2/2026/03/March-23-2026-Official-Local-Election-Results-1.pdf,,,,,,,no,yes,hosted,,,,published,official
Lunenburg,2021,regular,yes,NEWS,https://news.google.com/rss/articles/CBMitgFBVV95cUxNdlp2S2xUWmFhM1pybTYxVjlDSnZkb1hfQWw5eURWNEhFWjl3bmtNdldmTWNkNXBrRDY5MHllT3M0OE5pTEdaR09rcE10Z1ZpZUEtdjFENU1KcmMwUXl5bnRWck5aMjFtTkdiUEpZeUM0Skk1OW9WUy1OWFRDRmh3NVJReWJUeGd2TkF0S2c4Y0toRnpOVGpoakpsLWlndjI0a1dqeGF6eEhjMVgzWjVPZng3di1jdw?oc=5,,manual,high,,70,Lunenburg2021_d0.pdf,,yes,hosted,https://jamesnicholsworley.github.io/civicatlasma/markdown/Lunenburg2021.md,playwright+docling-2.66.0,,published,news
Lunenburg,2022,regular,yes,atr-2026-08-22-2022.pdf,,https://jamesnicholsworley.github.io/civicatlasma/pdfs/Lunenburg2022_d0.pdf,annual_town_report_crop,high,"cropped from the Lunenburg annual town report, pp 174,175,176,177; election date 2022-05-21 read off the page by atr_verify",70,Lunenburg2022_d0.pdf,yes,no,pdf_hosted,,docling-html,https://www.lunenburgma.gov/Archive.aspx,published,official
Lunenburg,2023,regular,yes,LEO,https://www.lunenburgma.gov/ArchiveCenter/ViewFile/Item/49,https://jamesnicholsworley.github.io/civicatlasma/pdfs/Lunenburg2023_d0.pdf,manual_sources,manual,,95,Lunenburg2023_d0.pdf,yes,yes,hosted,https://jamesnicholsworley.github.io/civicatlasma/markdown/Lunenburg2023.md,pypdf,,published,official
Lunenburg,2024,regular,yes,LEO,https://www.lunenburgma.gov/DocumentCenter/View/2029/5182024-Annual-Town-Election-Official-Results-PDF,https://jamesnicholsworley.github.io/civicatlasma/pdfs/Lunenburg2024_d0.pdf,collect-exa,medium,auto_resourced,70,Lunenburg2024_d0.pdf,yes,yes,hosted,https://jamesnicholsworley.github.io/civicatlasma/markdown/Lunenburg2024.md,pypdf,,published,official
Lunenburg,2025,regular,yes,LEO,https://www.lunenburgma.gov/DocumentCenter/View/2778/5172025-Annual-Town-Election-UNofficial-Results-PDF,https://jamesnicholsworley.github.io/civicatlasma/pdfs/Lunenburg2025_d0.pdf,verified_yes,high,YES,90,Lunenburg2025_d0.pdf,yes,yes,hosted,https://jamesnicholsworley.github.io/civicatlasma/markdown/Lunenburg2025.md,docling-2.66.0,,published,official
Lunenburg,2026,regular,yes,cohort-2026,https://lunenburgma.gov/DocumentCenter/View/4247/5162026-Annual-Town-Election-Official-Results-PDF,,,,,,,no,yes,hosted,,,,published,official
Lynn,2021,regular,yes,LEO,https://www.lynnma.gov/common/pages/GetFile.ashx?key=q38CAFaA,https://jamesnicholsworley.github.io/civicatlasma/pdfs/Lynn2021_d0.pdf,manual_sources,manual,,95,Lynn2021_d0.pdf,yes,yes,hosted,https://jamesnicholsworley.github.io/civicatlasma/markdown/Lynn2021.md,pypdf,,published,official
Lynn,2022,regular,no,CITY_ODD_YEAR_CYCLE,,,,,,,Lynn2022_d0.pdf,,no,no_election,,,,no_election,other
Lynn,2023,regular,yes,LEO,https://www.lynnma.gov/city_government/departments/elections/election_results,https://jamesnicholsworley.github.io/civicatlasma/pdfs/Lynn2023_d0.pdf,manual,manual,manual_ingest,95,Lynn2023_d0.pdf,yes,yes,pdf_hosted,,,,published,official
Lynn,2024,regular,no,CITY_ODD_YEAR_CYCLE,,,,,,,Lynn2024_d0.pdf,,no,no_election,,,,no_election,other
Lynn,2025,regular,yes,LEO,https://www.lynnma.gov/common/pages/GetFile.ashx?key=s6cEAEhY,https://jamesnicholsworley.github.io/civicatlasma/pdfs/Lynn2025_d0.pdf,manual_city,manual,manual,100,Lynn2025_d0.pdf,yes,yes,hosted,https://jamesnicholsworley.github.io/civicatlasma/markdown/Lynn2025.md,pypdf,,published,official
Lynn,2026,regular,no,,,,,,"no_election: even-year row seeded from the 2024 cohort, 2026-08-19",,,,,,,,,no_election,other
Lynnfield,2021,regular,yes,LEO,https://www.lynnfieldma.gov/DocumentCenter/View/2497/April-13-2021-Election-Official-Results-PDF,https://jamesnicholsworley.github.io/civicatlasma/pdfs/Lynnfield2021_d0.pdf,manual,,manual_ingest,,Lynnfield2021_d0.pdf,yes,yes,pdf_hosted,,,,published,official
Lynnfield,2022,regular,yes,LEO,https://www.lynnfieldma.gov/DocumentCenter/View/776/-April-12-2022-Election-Results-PDF,,manual,,manual_ingest,,,no,no,pdf_hosted,,,,published,official
Lynnfield,2023,regular,yes,LEO,https://www.lynnfieldma.gov/DocumentCenter/View/2498/April-11-2023-Election-Official-Results-PDF,,manual,manual,manual_ingest,95,,no,no,pdf_hosted,,,,published,official
Lynnfield,2024,regular,yes,LEO,https://www.lynnfieldma.gov/DocumentCenter/View/783/April-9-2024-Town-Election-Official-Results-PDF,https://jamesnicholsworley.github.io/civicatlasma/pdfs/Lynnfield2024_d0.pdf,manual,,manual_ingest,,Lynnfield2024_d0.pdf,yes,yes,pdf_hosted,,,,published,official
Lynnfield,2025,regular,yes,LEO,https://www.lynnfieldma.gov/DocumentCenter/View/2106/April-8-2025-Annual-Town-Election-Official-Results-,,manual_sources,manual,,95,,no,no,hosted,,pypdf,,published,official
Lynnfield,2026,regular,yes,custom-search-2026,https://www.lynnfieldma.gov/DocumentCenter/View/3044/April-14-2026-Annual-Town-Election-Official-Results-PDF,,,,,,,no,no,pdf_hosted,,,,published,official
Malden,2021,regular,yes,LEO,https://www.cityofmalden.org/DocumentCenter/View/4518/Nov-2021-Municipal-Final-PDF,https://jamesnicholsworley.github.io/civicatlasma/pdfs/Malden2021_d0.pdf,manual_sources,manual,,95,Malden2021_d0.pdf,yes,yes,hosted,https://jamesnicholsworley.github.io/civicatlasma/markdown/Malden2021.md,pypdf,,published,official
Malden,2022,regular,no,CITY_ODD_YEAR_CYCLE,,,,,,,Malden2022_d0.pdf,,no,no_election,,,,no_election,other
Malden,2023,regular,yes,LEO,https://www.cityofmalden.org/DocumentCenter/View/7606/November-7-2023-City-Election-PDF?bidId=,https://jamesnicholsworley.github.io/civicatlasma/pdfs/Malden2023_d0.pdf,manual_sources,manual,,95,Malden2023_d0.pdf,yes,yes,hosted,https://jamesnicholsworley.github.io/civicatlasma/markdown/Malden2023.md,pypdf,,published,official
Malden,2024,regular,no,CITY_ODD_YEAR_CYCLE,,,,,,,Malden2024_d0.pdf,,no,no_election,,,,no_election,other
Malden,2025,regular,yes,LEO,https://www.cityofmalden.org/DocumentCenter/View/10903/Nov-4-2025-Final-Results-PDF?bidId=,https://jamesnicholsworley.github.io/civicatlasma/pdfs/Malden2025_d0.pdf,manual_city,manual,manual,100,Malden2025_d0.pdf,yes,yes,hosted,https://jamesnicholsworley.github.io/civicatlasma/markdown/Malden2025.md,pypdf,,published,official
Malden,2026,regular,no,,,,,,"no_election: even-year row seeded from the 2024 cohort, 2026-08-19",,,,,,,,,no_election,other
Manchester,2021,regular,yes,LEO,https://www.manchester.ma.us/DocumentCenter/View/3907/2021-May-18-Annual-Town-Election-Results,https://jamesnicholsworley.github.io/civicatlasma/pdfs/Manchester2021_d0.pdf,crawl,high,crawl_verified,90,Manchester2021_d0.pdf,yes,yes,hosted,https://jamesnicholsworley.github.io/civicatlasma/markdown/Manchester2021.md,pypdf(recrawl),,published,official
Manchester,2022,regular,yes,LEO,https://manchester.ma.us/DocumentCenter/View/4884/2022-May-17-Annual-Town-Election-Results,https://jamesnicholsworley.github.io/civicatlasma/pdfs/Manchester2022_d0.pdf,verified_yes,high,YES,90,Manchester2022_d0.pdf,yes,yes,hosted,https://jamesnicholsworley.github.io/civicatlasma/markdown/Manchester2022.md,pypdf,,published,official
Manchester,2023,regular,yes,LEO,https://www.manchester.ma.us/DocumentCenter/View/5896/2023-Annual-Town-Election-Results-5162023,https://jamesnicholsworley.github.io/civicatlasma/pdfs/Manchester2023_d0.pdf,manual_sources,manual,,95,Manchester2023_d0.pdf,yes,yes,hosted,https://jamesnicholsworley.github.io/civicatlasma/markdown/Manchester2023.md,pypdf,,published,official
Manchester,2024,regular,yes,LEO,https://www.manchester.ma.us/DocumentCenter/View/7252/2024-May-21-Annual-Town-Election-Results,https://jamesnicholsworley.github.io/civicatlasma/pdfs/Manchester2024_d0.pdf,manual,high,manual_ingest,90,Manchester2024_d0.pdf,yes,yes,pdf_hosted,,,,published,official
Manchester,2025,regular,yes,LEO,https://www.manchester.ma.us/DocumentCenter/View/9131/2025-May-20-Annual-Town-Election-Results,https://jamesnicholsworley.github.io/civicatlasma/pdfs/Manchester2025_d0.pdf,crawl,high,crawl_verified,90,Manchester2025_d0.pdf,yes,yes,hosted,https://jamesnicholsworley.github.io/civicatlasma/markdown/Manchester2025.md,pypdf(recrawl),,published,official
Manchester,2026,regular,yes,cohort-2026,https://manchester.ma.us/DocumentCenter/View/9727/2026-May-19-Annual-Town-Election-Results,,,,,,,no,yes,hosted,,,,published,official
Mansfield,2021,regular,yes,NEWS,https://www.mansfieldma.com/DocumentCenter/View/5395/Annual-Town-Report-2021-PDF,,manual,,runner_fetch3_score9,,,no,no,pdf_hosted,,playwright+docling-2.66.0,https://www.thesunchronicle.com/news/local_news/incumbent-scores-narrow-victory-in-mansfield-select-board-race/article_dda10234-3670-5492-aeb3-e031790ace2b.html,published,official
Mansfield,2022,regular,yes,LEO,https://www.mansfieldma.com/DocumentCenter/View/9030/Annual-Town-Election-51022-Results-Unofficial,https://jamesnicholsworley.github.io/civicatlasma/pdfs/Mansfield2022_d0.pdf,manual_sources,manual,,95,Mansfield2022_d0.pdf,yes,yes,hosted,https://jamesnicholsworley.github.io/civicatlasma/markdown/Mansfield2022.md,pypdf,,published,other
Mansfield,2023,regular,yes,LEO,https://www.townforms.com/FOIADirect-MansfieldMACitizens/Public/Request/ResponseDocDownload.aspx?pRId=wBdyeBSFqLA%3d&pDocId=ItGb2Fg%2b%2bsc%3d,https://jamesnicholsworley.github.io/civicatlasma/pdfs/Mansfield2023_d0.pdf,crawl,manual,crawl_verified,95,Mansfield2023_d0.pdf,yes,yes,hosted,https://jamesnicholsworley.github.io/civicatlasma/markdown/Mansfield2023.md,pypdf(recrawl),,published,official
Mansfield,2024,regular,yes,atr-2024-05-14-Mansfield_annual_town_report_p120,,https://jamesnicholsworley.github.io/civicatlasma/pdfs/Mansfield2024_d0.pdf,annual_town_report_crop,,"repaired 2026-08-22: a bad 'upgrade' had replaced the correct return with the March 6 2024 PRESIDENTIAL PRIMARY and written that already-condemned URL back into native_url. Restored from Mansfield's own annual town report p120, verified by atr_verify as 'OFFICIAL RESULTS ANNUAL TOWN ELECTION May 14, 2024'",,Mansfield2024_d0.pdf,yes,no,pdf_hosted,,,https://www.mansfieldma.com/DocumentCenter/View/9089/Official-Results-Presidential-Primary-Election-362024-PDF,published,official
Mansfield,2025,regular,yes,LEO,https://www.mansfieldma.com/DocumentCenter/View/11634/Results-5-13-25-ATE,https://jamesnicholsworley.github.io/civicatlasma/pdfs/Mansfield2025_d0.pdf,manual_sources,manual,,95,Mansfield2025_d0.pdf,yes,yes,hosted,https://jamesnicholsworley.github.io/civicatlasma/markdown/Mansfield2025.md,pypdf,,published,other
Mansfield,2026,regular,yes,custom-search-2026,https://www.mansfieldma.com/DocumentCenter/View/14713/Results-5-12-26-ATE-PDF,,custom-search:recovered,,citation_recovered_by_rerunning_the_search_that_found_it; document text matches the held copy,,,no,no,pdf_hosted,,,,published,official
Marblehead,2021,regular,yes,LEO,https://marbleheadma.gov/wp-content/uploads/2025/03/official_2021_town_election_results_final_-_june_22_2021_master.pdf,https://jamesnicholsworley.github.io/civicatlasma/pdfs/Marblehead2021_d0.pdf,manual,manual,manual_ingest,95,Marblehead2021_d0.pdf,yes,yes,pdf_hosted,,,,published,official
Marblehead,2022,regular,yes,LEO,https://marbleheadma.gov/wp-content/uploads/2025/03/2022_official_town_election_results.pdf,https://jamesnicholsworley.github.io/civicatlasma/pdfs/Marblehead2022_d0.pdf,manual,manual,manual_ingest,95,Marblehead2022_d0.pdf,yes,yes,pdf_hosted,,,,published,official
Marblehead,2023,regular,yes,LEO,https://www.marblehead.org/sites/g/files/vyhlif4661/f/news/2023_town_election_officialresults_-_june_20_2023master.pdf,https://jamesnicholsworley.github.io/civicatlasma/pdfs/Marblehead2023_d0.pdf,manual_sources,manual,,95,Marblehead2023_d0.pdf,yes,yes,hosted,https://jamesnicholsworley.github.io/civicatlasma/markdown/Marblehead2023.md,pypdf,,published,other
Marblehead,2024,regular,yes,LEO,https://marbleheadma.gov/wp-content/uploads/2025/03/2024_official_results_town_election_june_11th_2024.pdf,https://jamesnicholsworley.github.io/civicatlasma/pdfs/Marblehead2024_d0.pdf,manual,manual,manual_ingest,95,Marblehead2024_d0.pdf,yes,yes,pdf_hosted,,,,published,official
Marblehead,2025,regular,yes,LEO,https://marbleheadma.gov/wp-content/uploads/2025/03/2025-Official-Town-Election-Results.pdf,https://jamesnicholsworley.github.io/civicatlasma/pdfs/Marblehead2025_d0.pdf,manual,,"manual_ingest | RE-EXTRACTED 2026-08-21: the source is a rotated-column precinct grid with NO text layer - the third instance of that format in this corpus after Brockton and Deerfield, and it corrupted this record too. EVERY candidate name in the previous School Committee entry was fabricated (it invented Sean A. Fox, Kimberly Swaggart, Astor Appel, Peter Gagnazzo, Henry Garfield, Emily Foley; the real candidates are Schmeckpeper 4833 and Gwazda 4358 elected, DeJoy 1597, Taylor 793, Fox 656). Rebuilt from rendered pages at 300-500 dpi; all 17 races close exactly on 6,621 x seats. Clerk misspellings preserved verbatim (""Cemetery Commssion"", ""Abbot Library Public Library Trustee"", ""Kimberlly Crowley"", ""Emily Dejoy"").",,Marblehead2025_d0.pdf,yes,yes,pdf_hosted,,,,published,official
Marblehead,2026,regular,yes,harvest-lead-runner,https://marbleheadma.gov/wp-content/uploads/2026/06/Town-election-official-results-June-9-2026.pdf,https://jamesnicholsworley.github.io/civicatlasma/pdfs/Marblehead2026_d0.pdf,manual,,manual_ingest,,Marblehead2026_d0.pdf,yes,no,pdf_hosted,,,,published,official
Marion,2021,regular,yes,NEWS,https://www.wanderer.com/happenings/nelson-henry-win-planning-board-seats/,,manual,low,,70,Marion2021_d0.pdf,,yes,hosted,https://jamesnicholsworley.github.io/civicatlasma/markdown/Marion2021.md,playwright+docling-2.66.0,,published,news
Marion,2022,regular,yes,NEWS,https://sippican.theweektoday.com/article/carleton-%E2%80%98toby%E2%80%99-burr-elected-select-board-dpw-project-approved/57982,,manual,,,,Marion2022_d0.pdf,,yes,hosted,https://jamesnicholsworley.github.io/civicatlasma/markdown/Marion2022.md,playwright+docling-2.66.0,,published,news
Marion,2023,regular,yes,LEO,https://sippican.theweektoday.com/article/incumbents-mcsweeny-beauregard-mcgaffey-win-school-committee-seats-marion/63777,,manual_sources,manual,,95,Marion2023_d0.pdf,,yes,hosted,https://jamesnicholsworley.github.io/civicatlasma/markdown/Marion2023.md,playwright+docling-2.66.0,,published,news
Marion,2024,regular,yes,LEO,https://www.marionma.gov/DocumentCenter/View/1225,https://jamesnicholsworley.github.io/civicatlasma/pdfs/Marion2024_d0.pdf,verified_yes,scraped,YES,90,Marion2024_d0.pdf,yes,yes,hosted,https://jamesnicholsworley.github.io/civicatlasma/markdown/Marion2024.md,pypdf,,published,official
Marion,2025,regular,yes,LEO,https://www.marionma.gov/DocumentCenter/View/2650,https://jamesnicholsworley.github.io/civicatlasma/pdfs/Marion2025_d0.pdf,collect-crawl,,auto_resourced,,Marion2025_d0.pdf,yes,yes,hosted,https://jamesnicholsworley.github.io/civicatlasma/markdown/Marion2025.md,pypdf,,published,official
Marion,2026,regular,yes,cohort-2026,https://marionma.gov/DocumentCenter/View/2746,,,,,,,no,no,hosted,,,,published,official
Marlborough,2021,regular,yes,LEO,https://www.marlborough-ma.gov/DocumentCenter/View/234/2021-11-02-Municipal-Election-Results-PDF,https://jamesnicholsworley.github.io/civicatlasma/pdfs/Marlborough2021_d0.pdf,manual_sources,manual,,95,Marlborough2021_d0.pdf,yes,yes,hosted,https://jamesnicholsworley.github.io/civicatlasma/markdown/Marlborough2021.md,pypdf,,published,official
Marlborough,2022,regular,no,CITY_ODD_YEAR_CYCLE,,,,,,,Marlborough2022_d0.pdf,,no,no_election,,,,no_election,other
Marlborough,2023,regular,yes,LEO,https://www.marlborough-ma.gov/DocumentCenter/View/236/2023-11-07-Municipal-Election-Results-PDF,https://jamesnicholsworley.github.io/civicatlasma/pdfs/Marlborough2023_d0.pdf,exa,manual,auto_resourced,95,Marlborough2023_d0.pdf,yes,yes,hosted,https://jamesnicholsworley.github.io/civicatlasma/markdown/Marlborough2023.md,pypdf,,published,official
Marlborough,2024,regular,no,CITY_ODD_YEAR_CYCLE,,,,,,,Marlborough2024_d0.pdf,,no,no_election,,,,no_election,other
Marlborough,2025,regular,yes,LEO,https://www.marlborough-ma.gov/DocumentCenter/View/3455/OFFICIAL-RESULTS-Municipal-Election---11-04-25,https://jamesnicholsworley.github.io/civicatlasma/pdfs/Marlborough2025_d0.pdf,manual_city,manual,manual,100,Marlborough2025_d0.pdf,yes,yes,hosted,https://jamesnicholsworley.github.io/civicatlasma/markdown/Marlborough2025.md,pypdf,,published,official
Marlborough,2026,regular,no,,,,,,"no_election: even-year row seeded from the 2024 cohort, 2026-08-19",,,,,,,,,no_election,other
Marshfield,2021,regular,yes,LEO,https://cms3.revize.com/revize/marshfield/Documents/Departments/Town%20Hall/Town%20Clerk/Elections/Election%20Results/tally_sheet_local_election_050121_final.pdf,https://jamesnicholsworley.github.io/civicatlasma/pdfs/Marshfield2021_d0.pdf,manual_sources,manual,,95,Marshfield2021_d0.pdf,yes,yes,hosted,https://jamesnicholsworley.github.io/civicatlasma/markdown/Marshfield2021.md,pypdf,,published,other
Marshfield,2022,regular,yes,LEO,https://cms3.revize.com/revize/marshfield/Documents/Departments/Town%20Hall/Town%20Clerk/Elections/Election%20Results/220430tally_sheet_local_election.pdf,https://jamesnicholsworley.github.io/civicatlasma/pdfs/Marshfield2022_d0.pdf,manual_sources,manual,,95,Marshfield2022_d0.pdf,yes,yes,hosted,https://jamesnicholsworley.github.io/civicatlasma/markdown/Marshfield2022.md,pypdf,,published,other
Marshfield,2023,regular,yes,LEO,https://www.marshfield-ma.gov/Documents/Departments/Town%20Hall/Town%20Clerk/Elections/Election%20Results/local_election_april_29_2023_final_results_0.pdf?t=202407311049430,https://jamesnicholsworley.github.io/civicatlasma/pdfs/Marshfield2023_d0.pdf,crawl,manual,crawl_verified,95,Marshfield2023_d0.pdf,yes,yes,hosted,https://jamesnicholsworley.github.io/civicatlasma/markdown/Marshfield2023.md,pypdf(recrawl),,published,official
Marshfield,2024,regular,yes,LEO,https://cms3.revize.com/revize/marshfield/240427%20Local%20Election%20Results.pdf,,manual_sources,manual,,95,,no,no,hosted,,pypdf,,published,other
Marshfield,2025,regular,yes,owner-verified-2026-08-19,https://959watd.com/blog/2025/05/simpson-defeats-fidler-in-marshfield-select-board-race/,,collect-crawl,,"mishost:file is 240427, belongs to Marshfield2024",,,no,no,hosted,,pypdf,https://www.marshfield-ma.gov/240427%20Local%20Election%20Results.pdf?t=202501161316370 https://jamesnicholsworley.github.io/civicatlasma/pdfs/Marshfield2025.pdf,published,news
Marshfield,2026,regular,yes,owner-lead,https://cms3.revize.com/revize/marshfield/260502%20FINAL%20TALLY%20MARSHFIELD%20LOCAL%20ELECTION%20-%20WEB.pdf,https://jamesnicholsworley.github.io/civicatlasma/pdfs/Marshfield2026_d0.pdf,manual,,manual_ingest,,Marshfield2026_d0.pdf,yes,no,pdf_hosted,,,,published,official
Mashpee,2021,regular,yes,ATR,https://www.mashpeema.gov/DocumentCenter/View/2496/02-03-2021,https://jamesnicholsworley.github.io/civicatlasma/pdfs/Mashpee2021_d0.pdf,manual,,manual_ingest,,Mashpee2021_d0.pdf,yes,no,pdf_hosted,,,https://www.mashpeema.gov/DocumentCenter/View/2496/02-03-2021,published,official
Mashpee,2022,regular,yes,atr-2026-08-22-2022.pdf,,https://jamesnicholsworley.github.io/civicatlasma/pdfs/Mashpee2022_d0.pdf,annual_town_report_crop,,"cropped from the Mashpee annual town report, pp 35; election date 2022-05-07 read off the page by atr_verify",,Mashpee2022_d0.pdf,yes,no,pdf_hosted,,wayback20221005+docling,,published,news
Mashpee,2023,regular,yes,ATR,https://mashpeema.gov/DocumentCenter/View/1283/2023-Annual-Report,https://jamesnicholsworley.github.io/civicatlasma/pdfs/Mashpee2023_d0.pdf,dive_atr,manual,atr_cropped,95,Mashpee2023_d0.pdf,yes,yes,pdf_hosted,,,,published,official
Mashpee,2024,regular,yes,NEWS,https://www.capecodtimes.com/story/news/2024/05/12/mashpee-passes-ballot-questions-during-saturdays-election/73633712007/,,manual,,cleared 2026-09-01: the wrongyear note referred to a document since refiled; counts completed from the Cape News report of the same election,,Mashpee2024_d0.pdf,no,no,published,,playwright+docling-2.66.0,https://www.capenews.net/mashpee/news/election-results-mashpee-elects-tracy-kelley-mike-richardson-to-select-board/article_f825f505-b88b-4a23-9e19-1e9745b81978.html,published,news
Mashpee,2025,regular,yes,owner-verified-2026-08-19,https://www.capenews.net/mashpee/news/election-results-mashpee-elects-tracy-kelley-mike-richardson-to-select-board/article_f825f505-b88b-4a23-9e19-1e9745b81978.html,,collect-crawl,manual,"refiled:from Mashpee2024, document dated 2025-05-10",95,,,no,hosted,,,https://www.mashpeema.gov/DocumentCenter/View/4091/12-03-2025 https://jamesnicholsworley.github.io/civicatlasma/pdfs/Mashpee2025.pdf,published,news
Mashpee,2026,regular,yes,harvest-lead,https://www.mashpeema.gov/DocumentCenter/View/4893,https://jamesnicholsworley.github.io/civicatlasma/pdfs/Mashpee2026_d0.pdf,manual,,manual_ingest,,Mashpee2026_d0.pdf,yes,no,pdf_hosted,,,,published,
Mattapoisett,2021,regular,yes,LEO,https://www.wanderer.com/features/bauer-wins-select-board-race/,,collect-web,low,"landed 2026-09-01 from the round-9 gap sweep (news; article body); artifact only, parse and gate follow",70,Mattapoisett2021_d0.pdf,no,no,missing,,,https://mattapoisett.gov/DocumentCenter/View/555/Town-Clerks-Report-PDF https://jamesnicholsworley.github.io/civicatlasma/pdfs/Mattapoisett2021.pdf,published,news
Mattapoisett,2022,regular,yes,LEO,https://www.wanderer.com/news/three-more-years-for-collyer/,,scraper_sheet9,high,"landed 2026-09-01: The Wanderer, 18 May 2022, via /wp-json/wp/v2/posts. Election Tuesday 17 May 2022 at Old Hammondtown School. Select Board Collyer 750 def. LaMarr 196. Library Trustees 2 seats: Rosa 614, Coquillette 480 def. Fleming 430. MATTAPOISETT SCHOOL COMMITTEE DECIDED ENTIRELY ON WRITE-INS: Cowles 388 and Hasting 385 elected, Riley 194 and Pelland 147 unsuccessful. ORR School Cttee Bowman 781. No ballots-cast total, no blanks; the captured body truncates mid-sentence so further offices may exist.",70,Mattapoisett2022_d0.pdf,no,no,missing,,pypdf,https://www.mattapoisett.net/DocumentCenter/View/386/Official-2023-Mattapoisett-Town-Election-Results-PDF https://jamesnicholsworley.github.io/civicatlasma/pdfs/Mattapoisett2022.pdf,published,news
Mattapoisett,2023,regular,yes,LEO,https://www.mattapoisett.net/sites/g/files/vyhlif3436/f/uploads/copy_of_ate_05.16.23_official_results.pdf,https://jamesnicholsworley.github.io/civicatlasma/pdfs/Mattapoisett2023_d0.pdf,manual_sources,manual,,95,Mattapoisett2023_d0.pdf,yes,yes,hosted,https://jamesnicholsworley.github.io/civicatlasma/markdown/Mattapoisett2023.md,pypdf,,published,other
Mattapoisett,2024,regular,yes,LEO,https://mattapoisett.gov/DocumentCenter/View/555/Town-Clerks-Report-PDF,,retracted_stale_condemnation,high,"condemnation_reason_no_longer_true: 39 tallies, all dates in 2024, 16 of 16 surnames grounded",90,,no,no,pdf_hosted,,pypdf,https://mattapoisett.gov/DocumentCenter/View/555/Town-Clerks-Report-PDF https://jamesnicholsworley.github.io/civicatlasma/pdfs/Mattapoisett2024.pdf,published,official
Mattapoisett,2025,regular,yes,owner-verified-2026-08-19,https://www.mattapoisett.gov/DocumentCenter/View/1807/ATE-Results-5-20-25,,crawl,high,crawl_verified,90,,no,no,hosted,,pdf_only(needs_ocr),https://www.mattapoisett.gov/DocumentCenter/View/1703/Annual-Town-Election-2025-Specimen-Ballot,published,official
Mattapoisett,2026,regular,yes,,https://www.wanderer.com/features/women-lead-five-member-select-board/,,,,"landed 2026-09-01: The Wanderer, 20 May 2026, via /wp-json/wp/v2/posts. Election Tuesday 19 May 2026; LABELLED UNOFFICIAL by the source. Full tally for 10 offices. TWO INTERNAL CONTRADICTIONS, both flagged and neither resolved: the prose says Lynch had 'over 1000 votes' while the tally lists 104 (she is reported elected, so 104 is almost certainly a dropped digit); and Board of Health 1yr gives King 521 in the prose and 1017 in the tally. Select Board 3 seats from 6; Kearns beat Kaiser 757-752. Kearns legitimately wins two seats. No ballots-cast total or blanks - no turnout computable.",,,no,no,missing,,,,published,news
Maynard,2021,regular,yes,LEO,https://www.townofmaynard-ma.gov/DocumentCenter/View/1064,https://jamesnicholsworley.github.io/civicatlasma/pdfs/Maynard2021_d0.pdf,verified_yes,scraped,YES,90,Maynard2021_d0.pdf,yes,yes,hosted,https://jamesnicholsworley.github.io/civicatlasma/markdown/Maynard2021.md,pypdf,,published,official
Maynard,2022,regular,yes,LEO,https://www.townofmaynard-ma.gov/DocumentCenter/View/1060,https://jamesnicholsworley.github.io/civicatlasma/pdfs/Maynard2022_d0.pdf,verified_yes,scraped,YES,90,Maynard2022_d0.pdf,yes,yes,hosted,https://jamesnicholsworley.github.io/civicatlasma/markdown/Maynard2022.md,pypdf,,published,official
Maynard,2023,regular,yes,LEO,https://www.townofmaynard-ma.gov/DocumentCenter/View/2282/ATE---Official-Results---050223?bidId=,https://jamesnicholsworley.github.io/civicatlasma/pdfs/Maynard2023_d0.pdf,collect-exa,manual,auto_resourced,95,Maynard2023_d0.pdf,yes,yes,hosted,https://jamesnicholsworley.github.io/civicatlasma/markdown/Maynard2023.md,pypdf,,published,official
Maynard,2024,regular,yes,LEO,https://www.townofmaynard-ma.gov/DocumentCenter/View/2956,https://jamesnicholsworley.github.io/civicatlasma/pdfs/Maynard2024_d0.pdf,verified_yes,scraped,YES,90,Maynard2024_d0.pdf,yes,yes,hosted,https://jamesnicholsworley.github.io/civicatlasma/markdown/Maynard2024.md,pypdf,,published,official
Maynard,2025,regular,yes,LEO,https://www.townofmaynard-ma.gov/DocumentCenter/View/3798/Official-Results-5-6-25,https://jamesnicholsworley.github.io/civicatlasma/pdfs/Maynard2025_d0.pdf,verified_yes,scraped,YES,90,Maynard2025_d0.pdf,yes,yes,hosted,https://jamesnicholsworley.github.io/civicatlasma/markdown/Maynard2025.md,pypdf,,published,official
Maynard,2026,regular,yes,cohort-2026,https://townofmaynard-ma.gov/DocumentCenter/View/4317/Official-Results-5-5-26,,,,,,,no,yes,hosted,,,,published,official
Medfield,2021,regular,yes,LEO,https://www.town.medfield.net/DocumentCenter/View/5085/2021-Town-Election---Official-Results,,verified_yes,scraped,YES,90,,no,no,hosted,,pypdf,,published,other
Medfield,2022,regular,yes,LEO,https://www.town.medfield.net/DocumentCenter/View/5975/March-28-2022---Official-Results,,verified_yes,scraped,YES,90,,no,no,hosted,,pypdf,,published,other
Medfield,2023,regular,yes,LEO,https://www.town.medfield.net/DocumentCenter/View/7031/Stats-3-27-23,https://jamesnicholsworley.github.io/civicatlasma/pdfs/Medfield2023_d0.pdf,manual_sources,manual,,95,Medfield2023_d0.pdf,yes,yes,hosted,https://jamesnicholsworley.github.io/civicatlasma/markdown/Medfield2023.md,pypdf,,published,other
Medfield,2024,regular,yes,LEO,https://www.town.medfield.net/DocumentCenter/View/7783/OFFICIAL-FINAL-RESULTS---Town-Elections-3-25-2024,,verified_yes,scraped,YES,90,,no,no,hosted,,pypdf,,published,other
Medfield,2025,regular,yes,LEO,https://www.town.medfield.net/DocumentCenter/View/8470/Town-Election_Medfield_03_31_25_final,,verified_yes,scraped,YES,90,,no,no,hosted,,pypdf,,published,other
Medfield,2026,regular,yes,custom-search-2026,https://www.town.medfield.net/DocumentCenter/View/9513/Town-Election---Medfield-3-30-26--FINAL,,,,,,,no,no,pdf_hosted,,,,published,official
Medford,2021,regular,yes,LEO,https://resources.finalsite.net/images/v1674676392/medfordmaorg/x35ynludydv647seftk7/2021_MACERTIFIEDSBGNOVEMBER220212021.pdf,,manual_sources,manual,,95,,no,no,hosted,,pypdf,,published,official
Medford,2022,regular,no,CITY_ODD_YEAR_CYCLE,,,,,,,Medford2022_d0.pdf,,no,no_election,,,,no_election,other
Medford,2023,regular,yes,LEO,https://resources.finalsite.net/images/v1702398106/medfordmaorg/caq9ghzsowwtv56j5lzd/20231212102933345.pdf,https://jamesnicholsworley.github.io/civicatlasma/pdfs/Medford2023_d0.pdf,manual_sources,manual,,95,Medford2023_d0.pdf,yes,yes,hosted,https://jamesnicholsworley.github.io/civicatlasma/markdown/Medford2023.md,docling-2.66.0,,published,official
Medford,2024,regular,no,CITY_ODD_YEAR_CYCLE,,,,,,,Medford2024_d0.pdf,,no,no_election,,,,no_election,other
Medford,2025,regular,yes,LEO,https://resources.finalsite.net/images/v1763049199/medfordmaorg/hlcay8er2il2sc7td8nm/OfficialElectionResults11425.pdf,https://jamesnicholsworley.github.io/civicatlasma/pdfs/Medford2025_d0.pdf,manual_city,manual,manual,100,Medford2025_d0.pdf,yes,yes,hosted,https://jamesnicholsworley.github.io/civicatlasma/markdown/Medford2025.md,docling-2.66.0,,published,official
Medford,2026,regular,no,,,,,,"no_election: even-year row seeded from the 2024 cohort, 2026-08-19",,,,,,,,,no_election,other
Medway,2021,regular,yes,LEO,https://storage.googleapis.com/juniper-media-library/117/2024/10/ate_05.18.21.pdf,https://jamesnicholsworley.github.io/civicatlasma/pdfs/Medway2021_d0.pdf,manual,,manual_ingest,,Medway2021_d0.pdf,yes,yes,pdf_hosted,,,,published,official
Medway,2022,regular,yes,LEO,https://storage.googleapis.com/juniper-media-library/117/2024/08/official_certified_election_results_05.17.22.pdf,https://jamesnicholsworley.github.io/civicatlasma/pdfs/Medway2022_d0.pdf,manual_sources,manual,,95,Medway2022_d0.pdf,yes,yes,hosted,https://jamesnicholsworley.github.io/civicatlasma/markdown/Medway2022.md,pypdf,,published,official
Medway,2023,regular,yes,LEO,https://www.townofmedway.org/sites/g/files/vyhlif8006/f/uploads/election_results_05.16.23_0.pdf,https://jamesnicholsworley.github.io/civicatlasma/pdfs/Medway2023_d0.pdf,manual_sources,manual,,95,Medway2023_d0.pdf,yes,yes,hosted,https://jamesnicholsworley.github.io/civicatlasma/markdown/Medway2023.md,pypdf,,published,official
Medway,2024,regular,yes,LEO,https://storage.googleapis.com/juniper-media-library/117/2024/08/05.21.2024_town_election_official_results.pdf,https://jamesnicholsworley.github.io/civicatlasma/pdfs/Medway2024_d0.pdf,manual_sources,manual,,95,Medway2024_d0.pdf,yes,yes,hosted,https://jamesnicholsworley.github.io/civicatlasma/markdown/Medway2024.md,pypdf,,published,official
Medway,2025,regular,yes,LEO,https://storage.googleapis.com/juniper-media-library/117/2025/05/OFFICAL_RESULTS_TOWN_ELECTION_05.20.2025.pdf,https://jamesnicholsworley.github.io/civicatlasma/pdfs/Medway2025_d0.pdf,manual_sources,manual,,95,Medway2025_d0.pdf,yes,yes,hosted,https://jamesnicholsworley.github.io/civicatlasma/markdown/Medway2025.md,pypdf,,published,official
Medway,2026,regular,yes,,https://storage.googleapis.com/juniper-media-library/117/2026/05/OFFICAL%20RESULTS%20TOWN%20ELECTION%2005.19.2026.pdf,,,,"landed 2026-08-25 from the Chrome ingest (official, -); 9 races",,,no,no,missing,,,,published,official
Melrose,2021,regular,yes,LEO,https://www.cityofmelrose.org/sites/g/files/vyhlif3451/f/uploads/official_results_11.5.21_1.pdf,https://jamesnicholsworley.github.io/civicatlasma/pdfs/Melrose2021_d0.pdf,manual_sources,manual,,95,Melrose2021_d0.pdf,yes,yes,hosted,https://jamesnicholsworley.github.io/civicatlasma/markdown/Melrose2021.md,pypdf,,published,official
Melrose,2022,regular,no,CITY_ODD_YEAR_CYCLE,,,,,,,Melrose2022_d0.pdf,,no,no_election,,,,no_election,other
Melrose,2023,regular,yes,NEWS,https://media.wbur.org/wp/2023/11/november_7_2023_melrose_election_unofficial_results.pdf,https://jamesnicholsworley.github.io/civicatlasma/pdfs/Melrose2023_d0.pdf,manual_sources,manual,,95,Melrose2023_d0.pdf,yes,yes,hosted,https://jamesnicholsworley.github.io/civicatlasma/markdown/Melrose2023.md,pypdf,,published,news
Melrose,2024,regular,no,CITY_ODD_YEAR_CYCLE,,,,,,,Melrose2024_d0.pdf,,no,no_election,,,,no_election,other
Melrose,2025,regular,yes,LEO,https://www.cityofmelrose.org/DocumentCenter/View/2778/Local-Election-Results-for-2025,https://jamesnicholsworley.github.io/civicatlasma/pdfs/Melrose2025_d0.pdf,manual_city,manual,manual,100,Melrose2025_d0.pdf,yes,yes,hosted,https://jamesnicholsworley.github.io/civicatlasma/markdown/Melrose2025.md,pypdf,,published,official
Melrose,2026,regular,no,,,,,,"no_election: even-year row seeded from the 2024 cohort, 2026-08-19",,,,,,,,,no_election,other
Mendon,2021,regular,yes,ATR,https://mendonma.gov/DocumentCenter/View/181/2021-Annual-Town-Report,https://jamesnicholsworley.github.io/civicatlasma/pdfs/Mendon2021_d0.pdf,dive_atr,low,atr_cropped,70,Mendon2021_d0.pdf,yes,yes,pdf_hosted,,,,published,official
Mendon,2022,regular,yes,LEO,https://www.mendonma.gov/DocumentCenter/View/182/2022-Annual-Town-Report,https://jamesnicholsworley.github.io/civicatlasma/pdfs/Mendon2022_d0.pdf,manual,low,manual_ingest,70,Mendon2022_d0.pdf,yes,yes,pdf_hosted,,,,published,official
Mendon,2023,regular,yes,LEO,https://www.mendonma.gov/DocumentCenter/View/183/2023-Annual-Town-Report,https://jamesnicholsworley.github.io/civicatlasma/pdfs/Mendon2023_d0.pdf,manual,manual,manual_ingest,95,Mendon2023_d0.pdf,yes,yes,pdf_hosted,,,,published,official
Mendon,2024,regular,yes,ATR,https://www.mendonma.gov/DocumentCenter/View/851/2024-Annual-Town-Report,https://jamesnicholsworley.github.io/civicatlasma/pdfs/Mendon2024_d0.pdf,dive_atr,medium,atr_cropped,70,Mendon2024_d0.pdf,yes,yes,pdf_hosted,,,,published,official
Mendon,2025,regular,yes,ATR,https://mendonma.gov/DocumentCenter/View/1528/2025--Annual-Town-Report,https://jamesnicholsworley.github.io/civicatlasma/pdfs/Mendon2025_d0.pdf,dive_atr,medium,atr_cropped,70,Mendon2025_d0.pdf,yes,yes,pdf_hosted,,,,published,official
Mendon,2026,regular,yes,,https://www.mendonma.gov/AlertCenter.aspx?AID=23,,,,"landed 2026-08-25 from the Chrome ingest (official, linked PDF: townofmendon.sharepoint.com /sites/MTH/Town Cler); 11 races",,,no,no,missing,,,,published,official
Merrimac,2021,regular,yes,LEO,https://web.archive.org/web/20211021133725id_/http://www.townofmerrimac.com/DocumentCenter/View/2007/LOCAL-ELECTION-Results-MAY-3,,collect-web,high,runner_fetch,70,,no,no,published,,,https://townofmerrimac.com/wp-content/uploads/2023/05/Fiscal-Year-2021-Audited-Finacials.pdf,published,official
Merrimac,2022,regular,yes,ATR,,,scraper_sheet9,high,"THE 2022 ANNUAL REPORT EXISTS, WAS READ WHOLE, AND DOES NOT CARRY THE RETURN. The maintainer challenged my earlier claim that this file was missing and was right that it exists: the WordPress REST media index (wp-json/wp/v2/media, paged to 3,500 items, read unfiltered) lists 2022-Annual-Report-Final.pdf at /wp-content/uploads/2023/05/. It was fetched and all 142 pages read column-aware, whole page plus left and right halves. There is no results table and no turnout figure anywhere in it. The Town Clerk Annual Report is page 77 and reports only that the office administered three elections that year, then gives dog tags 519, marriage intentions 18, marriages 18, births 45, deaths 66. That is the whole of it. So the volume is present and the channel is empty, which is a different fact from the volume being missing, and the record now says which. A TEXT-EXTRACTION TRAP WORTH REMEMBERING. This PDF renders the ti ligature as a capital D, so page 77 extracts as elecDons, voDng and parDcipated. Every keyword sweep for the word election therefore misses the one page in the volume that is about elections. It was found by searching for Town Clerk instead. Any future scan of this town, and of any volume from the same producer, must not rely on matching the word itself. PARTIAL RESULT KEPT. The Directory of Elected Officers on pages 4-6 prints an OATH DATE beside every name, and twelve carry a May 2022 oath, which identifies the 2022 winners: Joyce Clohecy (Assessors), Jason Sargent (Board of Health), Larry Fisher (Light Commissioners), Chris Manni (Selectmen), Ricky Pinciaro (Cemetery), David J. Vance (Constable), Ayn Kira Carroll and Shawn Cass (Housing Authority), Patricia Munz-Adams (Library Trustees), W. Earl Baumgardner (Moderator), Julie A. King (School Committee) and Gwendolyn Lay Sabbagh (Town Clerk). Names only; no count and no turnout, so this cannot close the row. CORRECTION TO MY OWN EARLIER CLAIM, AND THE REPORT DOES EXIST. I had written that Merrimac's WordPress library holds no election item earlier than 2024-01-23 and inferred the town had nothing from 2022. That inference was wrong, and the reason is a filter fault I have now hit four times: I searched the library for names containing election/results/ballot, and the 2022 volume is called '2022-Annual-Report-Final.pdf'. It sits on the LIVE host at wp-content/uploads/2023/05/, 142 pages, 'For the Fiscal Year Ending June 30, 2022' -- which contains the May 2022 local election. It was found by asking Wayback for every archived PDF on the host, unfiltered. (It also 403s bare curl and needs TLS impersonation.) WHAT IT CONTAINS, AND WHAT IT DOES NOT. The Town Clerk's 2022 report (page 77, Gwendolyn Lay Sabbagh) confirms the election happened -- 'the Clerk's office administered three elections and two town meetings. The annual local election and the State Primary and State Election' -- and prints NO tally, no turnout and no candidates. The ELECTED OFFICIALS directory (pages 4-5) gives every officer with an OATH DATE, so the 2022 winners are identifiable: Chris Manni (Selectmen), Joyce Clohecy (Assessors), Larry Fisher (Light Commissioners), Ricky Pinciaro (Cemetery), David J. Vance (Constable), Patricia Munz-Adams (Library), W. Earl Baumgardner (Moderator), Julie A. King (School Committee) and Gwendolyn Lay Sabbagh (Town Clerk), all sworn 2 or 3 May 2022. A search of all 142 pages for BLANK, WRITE-IN, TOTAL VOTES or BALLOTS CAST returns nothing: this town's report style records who holds office, not how many votes they got. The counts are what is missing. LOCAL PAPER RE-SEARCHED BY DATE, WITH A WORKING CONTROL. The regional daily's search endpoint was queried and every article link it returned was fetched and its publish date read from the itemprop datePublished attribute. Across six town/year searches, 45 articles dated successfully and NONE falls in a gap year. The control matters here: a first pass looked for datePublished in JSON form, extracted nothing from any page, and reported a confident zero -- a false negative. Re-run against a known article ('Sheffield votes are in', which correctly returns 2008-11-05) the parser works and the zero is real. ",70,Merrimac2022_d0.pdf,no,no,discarded_not_results,,,https://townofmerrimac.com/wp-content/uploads/2023/05/2022-Annual-Report-Final.pdf,no_source,official
Merrimac,2023,regular,yes,LEO,https://web.archive.org/web/20230531005627id_/https://townofmerrimac.com/DocumentCenter/View/2633/Preliminary-Results-Local-Election-512023,,manual,high,date 2023-05-01 established 2026-08-24 (corroborated): the filename Preliminary-Results-Local-Election-512023 is 5/1/2023; 1 May 2023 is a Monday and Merrimac's published 2021 and 2025 are both the first Monday in May,90,,no,no,published,,,https://townofmerrimac.com/DocumentCenter/View/2633/Preliminary-Results-Local-Election-512023,published,official
Merrimac,2024,regular,yes,LEO,https://townofmerrimac.com/wp-content/uploads/2024/05/Local_Election_5-6-2024.pdf,,manual,low,"landed 2026-08-27 from data/staging_2024 (INGEST_2024_GAPCLOSE.md); official, 11 races, 50 tallied; 11 of 11 races close exactly on 559 ballots",70,,no,no,published,,,https://townofmerrimac.com/wp-content/uploads/2024/05/Merrimac_MPsurvey_Full_results_Feb2024.pdf,published,official
Merrimac,2025,regular,yes,LEO,https://townofmerrimac.com/wp-content/uploads/2025/05/Unofficial-Results-Town-Election-5.5.2025.pdf,https://jamesnicholsworley.github.io/civicatlasma/pdfs/Merrimac2025_d0.pdf,scraper_sheet9,spraped,,70,Merrimac2025_d0.pdf,yes,yes,hosted,https://jamesnicholsworley.github.io/civicatlasma/markdown/Merrimac2025.md,docling-2.66.0,,published,official
Merrimac,2026,regular,yes,custom-search-2026,https://townofmerrimac.com/wp-content/uploads/2026/05/TownElection5.4.2026Official.pdf,,,,"landed 2026-09-01 from the round-9 gap sweep (official; whole document (3 pages)); artifact only, parse and gate follow",,,no,no,missing,,,,published,official
Methuen,2021,regular,yes,LEO,https://www.methuen.gov/DocumentCenter/View/622/2021-Municipal-Election-Certified-Results-PDF,https://jamesnicholsworley.github.io/civicatlasma/pdfs/Methuen2021_d0.pdf,manual_sources,manual,,95,Methuen2021_d0.pdf,yes,yes,hosted,https://jamesnicholsworley.github.io/civicatlasma/markdown/Methuen2021.md,docling-2.66.0,,published,official
Methuen,2022,regular,no,CITY_ODD_YEAR_CYCLE,,,,,,,Methuen2022_d0.pdf,,no,no_election,,,,no_election,other
Methuen,2023,regular,yes,LEO,https://www.methuen.gov/DocumentCenter/View/2254/Municipal-Election-Official-Results---November-7-2023,,manual_sources,manual,,95,,no,no,hosted,,docling-2.66.0,,published,official
Methuen,2024,regular,no,CITY_ODD_YEAR_CYCLE,,,,,,,Methuen2024_d0.pdf,,no,no_election,,,,no_election,other
Methuen,2025,regular,yes,LEO,https://cityofmethuen.net/DocumentCenter/View/4874/Official-Certified-Municipal-Election-Results--11525-PDF,https://jamesnicholsworley.github.io/civicatlasma/pdfs/Methuen2025_d0.pdf,manual_city,manual,manual,100,Methuen2025_d0.pdf,yes,yes,hosted,https://jamesnicholsworley.github.io/civicatlasma/markdown/Methuen2025.md,pypdf,,published,official
Methuen,2026,regular,no,,,,,,"no_election: even-year row seeded from the 2024 cohort, 2026-08-19",,,,,,,,,no_election,other
Middleborough,2021,regular,yes,LEO,https://www.middleboroughma.gov/ArchiveCenter/ViewFile/Item/316,https://jamesnicholsworley.github.io/civicatlasma/pdfs/Middleborough2021_d0.pdf,manual_sources,manual,,95,Middleborough2021_d0.pdf,yes,yes,hosted,https://jamesnicholsworley.github.io/civicatlasma/markdown/Middleborough2021.md,pypdf,,published,official
Middleborough,2022,regular,yes,LEO,https://www.middleboroughma.gov/ArchiveCenter/ViewFile/Item/323,https://jamesnicholsworley.github.io/civicatlasma/pdfs/Middleborough2022_d0.pdf,manual_sources,manual,,95,Middleborough2022_d0.pdf,yes,yes,hosted,https://jamesnicholsworley.github.io/civicatlasma/markdown/Middleborough2022.md,pypdf,,published,official
Middleborough,2023,regular,yes,LEO,https://www.middleboroughma.gov/ArchiveCenter/ViewFile/Item/330,https://jamesnicholsworley.github.io/civicatlasma/pdfs/Middleborough2023_d0.pdf,manual_sources,manual,,95,Middleborough2023_d0.pdf,yes,yes,hosted,https://jamesnicholsworley.github.io/civicatlasma/markdown/Middleborough2023.md,docling-2.66.0,,published,official
Middleborough,2024,regular,yes,LEO,https://www.middleboroughma.gov/ArchiveCenter/ViewFile/Item/334,https://jamesnicholsworley.github.io/civicatlasma/pdfs/Middleborough2024_d0.pdf,manual_sources,manual,,95,Middleborough2024_d0.pdf,yes,yes,hosted,https://jamesnicholsworley.github.io/civicatlasma/markdown/Middleborough2024.md,docling-2.66.0,,published,official
Middleborough,2025,regular,yes,LEO,https://www.middleboroughma.gov/ArchiveCenter/ViewFile/Item/340,https://jamesnicholsworley.github.io/civicatlasma/pdfs/Middleborough2025_d0.pdf,manual_sources,manual,,95,Middleborough2025_d0.pdf,yes,yes,hosted,https://jamesnicholsworley.github.io/civicatlasma/markdown/Middleborough2025.md,pypdf,,published,official
Middleborough,2026,regular,yes,cohort-2026,https://www.middleboroughma.gov/DocumentCenter/View/10360,,,,,,,no,yes,hosted,,,,published,official
Middlefield,2021,regular,yes,LEO,,,manual,,"WAYBACK MEASURED. Whole-domain CDX on middlefield-ma.gov returned 1,500 captures and on the old middlefieldma.net host the only election-ish artifacts are a 2013 theme icon and a 2016 ballotbox.jpg graphic. A separate CDX pass over the DocumentCenter path holds exactly one election document: View/304, the May 04 2024 results. This confirms from the archive what the live DocumentCenter sweep already showed (219 named, 0 errors, 2023-2026 only): 2021 and 2022 were never published to the web. PRE-TO-POST MATCHING RUN AND EXHAUSTED. The maintainer's technique -- if a paper previewed the contest it probably reported it -- closed Hampden 2022 outright, so it was run against every open row in the same papers' territory. It is DATE-driven, not keyword-driven, which matters: the Hampden article that closed that row is slugged 'coyne-beats-matthews-for-seat-on-hampden-planning-' and matches no election keyword at all, so every keyword sweep had missed it. Here the method finds nothing: every article in the relevant Reminder section was fetched and DATED, and none published in the weeks after this election reports it. REMINDER ARCHIVE MEASURED WITH A DATE CONTROL. Every article whose slug names this town was pulled from the cached 24,440-URL index and fetched, and each one's printed Date: was read. The archive covers this town's gap year densely, so the absence of a return is REAL rather than a coverage gap. See research/CHANNEL-reminder-archive-ends-2024.md for the full distribution.  DOCUMENTCENTER SWEPT BY ID, WHICH HAD NEVER BEEN DONE FOR THIS TOWN. Earlier work here read the AgendaCenter only; ids 1-899 were now walked and 218 documents named, unfiltered. The town publishes its returns reliably and the series starts in 2023: 'Town Election Results 2023-05-06' (id 390), '2024-05-04-Election Results' (id 304), 'Town Election Results 2025-05-03' (id 391), 'TOWN ELECTION RESULTS OF MAY 2' (ids 376/377, a duplicate pair). That last filename carries NO YEAR, which is the untemplated-name trap that hid Ware 2025 and Merrimac 2022, so it was fetched rather than guessed at: it reads 'TOWN ELECTION RESULTS OF MAY 2, 2026' and is the file this project already cites for the published 2026 row. Nothing in the entire store predates 2023 for elections -- no 2021 or 2022 return, and no annual town report of any year. Combined with the AgendaCenter minutes (144 files for 2021 and 121 for 2022, every May and June document read) and the Reminder archive (which carries exactly ONE article naming this town in 24,440), both of this town's document stores and its regional paper are now measured. ",,Middlefield2021_d0.pdf,no,no,missing,,,https://www.middlefield-ma.gov/DocumentCenter/View/240/2021-PDF https://jamesnicholsworley.github.io/civicatlasma/pdfs/Middlefield2021.pdf,no_source,official
Middlefield,2022,regular,yes,custom-search,,,,,"town DocumentCenter ids 1-900 swept COMPLETE 2026-09-01 (control 304 PASSED, 219 named, 0 failures): holds 2023, 2024, 2025 and 2026 results and nothing for 2021 or 2022. PRE-TO-POST MATCHING RUN AND EXHAUSTED. The maintainer's technique -- if a paper previewed the contest it probably reported it -- closed Hampden 2022 outright, so it was run against every open row in the same papers' territory. It is DATE-driven, not keyword-driven, which matters: the Hampden article that closed that row is slugged 'coyne-beats-matthews-for-seat-on-hampden-planning-' and matches no election keyword at all, so every keyword sweep had missed it. Here the method finds nothing: every article in the relevant Reminder section was fetched and DATED, and none published in the weeks after this election reports it. REMINDER ARCHIVE MEASURED WITH A DATE CONTROL. Every article whose slug names this town was pulled from the cached 24,440-URL index and fetched, and each one's printed Date: was read. The archive covers this town's gap year densely, so the absence of a return is REAL rather than a coverage gap. See research/CHANNEL-reminder-archive-ends-2024.md for the full distribution.  DOCUMENTCENTER SWEPT BY ID, WHICH HAD NEVER BEEN DONE FOR THIS TOWN. Earlier work here read the AgendaCenter only; ids 1-899 were now walked and 218 documents named, unfiltered. The town publishes its returns reliably and the series starts in 2023: 'Town Election Results 2023-05-06' (id 390), '2024-05-04-Election Results' (id 304), 'Town Election Results 2025-05-03' (id 391), 'TOWN ELECTION RESULTS OF MAY 2' (ids 376/377, a duplicate pair). That last filename carries NO YEAR, which is the untemplated-name trap that hid Ware 2025 and Merrimac 2022, so it was fetched rather than guessed at: it reads 'TOWN ELECTION RESULTS OF MAY 2, 2026' and is the file this project already cites for the published 2026 row. Nothing in the entire store predates 2023 for elections -- no 2021 or 2022 return, and no annual town report of any year. Combined with the AgendaCenter minutes (144 files for 2021 and 121 for 2022, every May and June document read) and the Reminder archive (which carries exactly ONE article naming this town in 24,440), both of this town's document stores and its regional paper are now measured. ",,,no,no,pdf_hosted,,,,no_source,other
Middlefield,2023,regular,yes,harvest-lead,https://www.middlefield-ma.gov/DocumentCenter/View/390,https://jamesnicholsworley.github.io/civicatlasma/pdfs/Middlefield2023_d0.pdf,manual,,manual_ingest,,Middlefield2023_d0.pdf,yes,no,pdf_hosted,,,,published,official
Middlefield,2024,regular,yes,LEO,https://www.middlefield-ma.gov/DocumentCenter/View/304/May-04-2024-Election-Results-PDF,https://jamesnicholsworley.github.io/civicatlasma/pdfs/Middlefield2024_d0.pdf,verified_yes,scraped,YES,90,Middlefield2024_d0.pdf,yes,yes,hosted,https://jamesnicholsworley.github.io/civicatlasma/markdown/Middlefield2024.md,pypdf,,published,official
Middlefield,2025,regular,yes,LEO,https://www.middlefield-ma.gov/DocumentCenter/View/391/Town-Election-Results-2025-05-03,https://jamesnicholsworley.github.io/civicatlasma/pdfs/Middlefield2025_d0.pdf,manual,low,manual_ingest,70,Middlefield2025_d0.pdf,yes,yes,pdf_hosted,,,,published,official
Middlefield,2026,regular,yes,cohort-2026,https://middlefield-ma.gov/DocumentCenter/View/376/May-2-2026-Election-Results,,,,,,,no,yes,hosted,,,,published,official
Middleton,2021,regular,yes,LEO,https://www.middletonma.gov/DocumentCenter/View/2941/2021-6-12-Annual-Town-Election--Official-Results,https://jamesnicholsworley.github.io/civicatlasma/pdfs/Middleton2021_d0.pdf,verified_yes,scraped,YES,90,Middleton2021_d0.pdf,yes,yes,hosted,https://jamesnicholsworley.github.io/civicatlasma/markdown/Middleton2021.md,pypdf,,published,official
Middleton,2022,regular,yes,LEO,https://www.middletonma.gov/DocumentCenter/View/3347/2022-05-17-ATE---Official-Results,https://jamesnicholsworley.github.io/civicatlasma/pdfs/Middleton2022_d0.pdf,verified_yes,scraped,YES,90,Middleton2022_d0.pdf,yes,yes,hosted,https://jamesnicholsworley.github.io/civicatlasma/markdown/Middleton2022.md,pypdf,,published,official
Middleton,2023,regular,yes,LEO,https://www.middletonma.gov/DocumentCenter/View/3811/2023-05-16-ATE-Official-Results,https://jamesnicholsworley.github.io/civicatlasma/pdfs/Middleton2023_d0.pdf,manual_sources,manual,,95,Middleton2023_d0.pdf,yes,yes,hosted,https://jamesnicholsworley.github.io/civicatlasma/markdown/Middleton2023.md,pypdf,,published,official
Middleton,2024,regular,yes,LEO,https://www.middletonma.gov/DocumentCenter/View/4608/2024-05-21-ATE---Official-Results,https://jamesnicholsworley.github.io/civicatlasma/pdfs/Middleton2024_d0.pdf,verified_yes,scraped,YES,90,Middleton2024_d0.pdf,yes,yes,hosted,https://jamesnicholsworley.github.io/civicatlasma/markdown/Middleton2024.md,pypdf,,published,official
Middleton,2025,regular,yes,LEO,https://www.middletonma.gov/DocumentCenter/View/5221/2025-05-20-ATE---Official-Results,https://jamesnicholsworley.github.io/civicatlasma/pdfs/Middleton2025_d0.pdf,verified_yes,scraped,YES,90,Middleton2025_d0.pdf,yes,yes,hosted,https://jamesnicholsworley.github.io/civicatlasma/markdown/Middleton2025.md,pypdf,,published,official
Middleton,2026,regular,yes,cohort-2026,https://middletonma.gov/DocumentCenter/View/5655/2026-05-19-ATE---Official-Results,,,,,,,no,yes,hosted,,,,published,official
Milford,2021,regular,yes,LEO,https://citizensformilford.com/wp-content/uploads/2021/04/2021-Unofficial-Annual-Town-Election-Results.pdf,https://jamesnicholsworley.github.io/civicatlasma/pdfs/Milford2021_d0.pdf,manual_sources,manual,,95,Milford2021_d0.pdf,yes,yes,hosted,https://jamesnicholsworley.github.io/civicatlasma/markdown/Milford2021.md,pypdf,,published,other
Milford,2022,regular,yes,NEWS,https://www.milforddailynews.com/story/news/2022/04/06/less-than-10-percent-turnout-for-milford-ma-annual-town-election/9469198002/,,manual_sources,manual,,95,Milford2022_d0.pdf,,yes,hosted,https://jamesnicholsworley.github.io/civicatlasma/markdown/Milford2022.md,playwright+docling-2.66.0,,published,news
Milford,2023,regular,yes,LEO,https://www.milfordma.gov/sites/g/files/vyhlif3466/f/uploads/official_resutls_4-4-23.pdf,https://jamesnicholsworley.github.io/civicatlasma/pdfs/Milford2023_d0.pdf,manual_sources,manual,,95,Milford2023_d0.pdf,yes,yes,hosted,https://jamesnicholsworley.github.io/civicatlasma/markdown/Milford2023.md,docling-2.66.0,,published,official
Milford,2024,regular,yes,LEO,https://www.milfordma.gov/DocumentCenter/View/2003/4-24-2024-Annual-Town-Election-PDF,https://jamesnicholsworley.github.io/civicatlasma/pdfs/Milford2024_d0.pdf,manual_sources,manual,,95,Milford2024_d0.pdf,yes,yes,hosted,https://jamesnicholsworley.github.io/civicatlasma/markdown/Milford2024.md,pypdf,,published,official
Milford,2025,regular,yes,LEO,https://www.milfordma.gov/DocumentCenter/View/2606/Official-Annual-Town-Election-4-1-25-Results,https://jamesnicholsworley.github.io/civicatlasma/pdfs/Milford2025_d0.pdf,manual_sources,manual,SECOND DOCUMENT 2026-09-01: https://www.milfordma.gov/DocumentCenter/View/2603/2025-Annual-Town-Election-Unofficial-Results (sha256 ),95,Milford2025_d0.pdf,yes,yes,hosted,https://jamesnicholsworley.github.io/civicatlasma/markdown/Milford2025.md,pypdf,,published,official
Milford,2026,regular,yes,cohort-2026,https://milfordma.gov/DocumentCenter/View/3047/Official-Results-2026-Annual-Town-Election,,,,,,,no,yes,hosted,,,,published,official
Millbury,2021,regular,yes,LEO,https://www.millburyma.gov/DocumentCenter/View/4255/Official-Results,https://jamesnicholsworley.github.io/civicatlasma/pdfs/Millbury2021_d0.pdf,manual,manual,manual_ingest,95,Millbury2021_d0.pdf,yes,yes,pdf_hosted,,,,published,official
Millbury,2022,regular,yes,LEO,https://www.millburyma.gov/DocumentCenter/View/4220/Official-Results,https://jamesnicholsworley.github.io/civicatlasma/pdfs/Millbury2022_d0.pdf,manual,manual,manual_ingest,95,Millbury2022_d0.pdf,yes,yes,pdf_hosted,,,,published,official
Millbury,2023,regular,yes,LEO,https://www.millburyma.gov/1422/Annual-Town-Elections,,exa,manual,runner_fetch2,95,,no,no,pdf_hosted,,docling-html,https://www.millburyma.gov/1422/Annual-Town-Elections,published,official
Millbury,2024,regular,yes,LEO,https://millburyma.gov/DocumentCenter/View/4211/Unofficial-Results,https://jamesnicholsworley.github.io/civicatlasma/pdfs/Millbury2024_d0.pdf,collect-exa,manual,auto_resourced,95,Millbury2024_d0.pdf,yes,yes,hosted,https://jamesnicholsworley.github.io/civicatlasma/markdown/Millbury2024.md,pypdf,,published,official
Millbury,2025,regular,yes,LEO,https://millburyma.gov/DocumentCenter/View/4207/Official-Results,https://jamesnicholsworley.github.io/civicatlasma/pdfs/Millbury2025_d0.pdf,exa,manual,auto_resourced,95,Millbury2025_d0.pdf,yes,yes,hosted,https://jamesnicholsworley.github.io/civicatlasma/markdown/Millbury2025.md,pypdf,,published,official
Millbury,2026,regular,yes,cohort-2026,https://millburyma.gov/DocumentCenter/View/5766/Annual-Town-Election-Official-Results-April-28-2026-,,,,,,,no,yes,hosted,,,,published,official
Millis,2021,regular,yes,ATR,https://www.millisma.gov/economic-development-committee,https://jamesnicholsworley.github.io/civicatlasma/pdfs/Millis2021_d0.pdf,manual,medium,manual_ingest,70,Millis2021_d0.pdf,yes,no,pdf_hosted,,,,published,official
Millis,2022,regular,yes,NEWS,https://web.archive.org/web/20220510231855id_/https://www.millisma.gov/sites/g/files/vyhlif901/f/news/may_2022_town_election_results.pdf,,manual,high,unrecovered_landing,90,,no,no,published,,playwright+docling-2.66.0,https://www.millisma.gov/town-clerk/news/may-9-2022-election-results,published,official
Millis,2023,regular,yes,NEWS,https://archives.lib.state.ma.us/server/api/core/bitstreams/5c3a1f89-6559-4f58-861f-49ad7b03c520/content,,manual,manual,"landed 2026-08-25 from the Chrome ingest (ATR, #page 12 of Millis-2023.pdf); 8 races",95,,no,no,published,,playwright+docling-2.66.0,https://www.millisma.gov/sites/g/files/vyhlif901/f/uploads/millis_6x9_2024.pdf,published,official
Millis,2024,regular,yes,LEO,https://archives.lib.state.ma.us/server/api/core/bitstreams/c44193fb-edf6-4ea8-b431-d17c574055ef/content,,manual,high,"landed 2026-08-25 from the Chrome ingest (ATR, #page 19 of Millis-2024.pdf); 8 races",70,,no,no,published,,,https://www.millisma.gov/home/files/unofficial-election-results-110624,published,official
Millis,2025,regular,yes,LEO,https://files-backend.assets.thrillshare.com/documents/asset/uploaded_file/5964/Tom/b7dd4d7b-7fbe-4a7a-b847-abe7c68e9d4a/05%3A12%3A2025-Official-Election-results-.pdf?disposition=inline,https://jamesnicholsworley.github.io/civicatlasma/pdfs/Millis2025_d0.pdf,manual,high,manual_ingest,90,Millis2025_d0.pdf,yes,yes,pdf_hosted,,,,published,other
Millis,2026,regular,yes,,https://www.millismedwaynews.com/2026/05/29/572872/millis-election-mckay-takes-select-board-seat,,,,"landed 2026-08-25 from the Chrome ingest (news, -); 1 races",,,no,no,missing,,,,published,news
Millville,2021,regular,yes,LEO,https://www.millvillema.org/town-clerk/files/official-results-ate-april-5-2021#main,https://jamesnicholsworley.github.io/civicatlasma/pdfs/Millville2021_d0.pdf,scraper_sheet9,spraped,,70,Millville2021_d0.pdf,yes,yes,pdf_hosted,,,,published,official
Millville,2022,regular,yes,LEO,https://www.millvillema.org/home/files/2019-annual-town-report,https://jamesnicholsworley.github.io/civicatlasma/pdfs/Millville2022_d0.pdf,manual,high,manual_ingest,70,Millville2022_d0.pdf,yes,yes,pdf_hosted,,,,published,official
Millville,2023,regular,yes,LEO,https://www.millvillema.org/sites/g/files/vyhlif906/f/minutes/results_annual_town_election_april_3_2023.pdf,https://jamesnicholsworley.github.io/civicatlasma/pdfs/Millville2023_d0.pdf,manual_sources,manual,,95,Millville2023_d0.pdf,yes,yes,hosted,https://jamesnicholsworley.github.io/civicatlasma/markdown/Millville2023.md,pypdf,,published,official
Millville,2024,regular,yes,LEO,https://archives.lib.state.ma.us/server/api/core/bitstreams/0ae59bd7-aecc-4e9e-aab5-642c3589e9b3/content #page=21,,manual,spraped,ocr_triage:wrong_doc,70,,no,no,published,,,https://www.millvillema.org/sites/g/files/vyhlif906/f/uploads/mes_notice_of_tap_water_results_lead_and_copper_november_2024.pdf,published,official
Millville,2025,regular,yes,owner-verified-2026-08-19,https://www.millvillema.org/town-clerk/minutes/official-results-local-election,,collect-web,spraped,"mishost:source is townofblackstone.org | CERTIFIED UPGRADE 2026-08-21: replaced the unofficial/preliminary source with the town's official document (OFFICIAL RESULTS). Document-status upgrade only - numerically identical to the unofficial sheet row for row. Board of Selectmen transcribed as one 2-seat race (block sums to 652 x 2); the split between its two Blanks rows is not printed, confidence 0.90.",70,,no,no,pdf_hosted,,,https://www.townofblackstone.org/DocumentCenter/View/1874/Unofficial-Results-ATE-2025 https://jamesnicholsworley.github.io/civicatlasma/pdfs/Millville2025.pdf,published,official
Millville,2026,regular,yes,serpapi,https://www.millvillema.org/sites/g/files/vyhlif906/f/news/april_6_2026_ate_official_results.pdf,,manual,,landed 2026-09-10 from research/SESSION_2026-09-10_FINDINGS.md; transcribed from the certified return and checked against the 226 ballots it reports,,Millville2026_d0.pdf,no,no,missing,,,https://www.townofblackstone.org/DocumentCenter/View/2480/Unofficial-Results---Annual-Town-Election-2026,published,official
Milton,2021,regular,yes,LEO,https://www.townofmilton.org/ArchiveCenter/ViewFile/Item/209,https://jamesnicholsworley.github.io/civicatlasma/pdfs/Milton2021_d0.pdf,manual_sources,manual,,95,Milton2021_d0.pdf,yes,yes,hosted,https://jamesnicholsworley.github.io/civicatlasma/markdown/Milton2021.md,pypdf,,published,official
Milton,2022,regular,yes,LEO,https://www.townofmilton.org/ArchiveCenter/ViewFile/Item/208,https://jamesnicholsworley.github.io/civicatlasma/pdfs/Milton2022_d0.pdf,manual_sources,manual,,95,Milton2022_d0.pdf,yes,yes,hosted,https://jamesnicholsworley.github.io/civicatlasma/markdown/Milton2022.md,pypdf,,published,official
Milton,2023,regular,yes,LEO,https://www.miltonma.gov/Archive.aspx?ADID=207,https://jamesnicholsworley.github.io/civicatlasma/pdfs/Milton2023_d0.pdf,collect-crawl,manual,auto_resourced,95,Milton2023_d0.pdf,yes,yes,pdf_hosted,,,,published,official
Milton,2024,regular,yes,LEO,https://www.townofmilton.org/ArchiveCenter/ViewFile/Item/282,https://jamesnicholsworley.github.io/civicatlasma/pdfs/Milton2024_d0.pdf,manual_sources,manual,,95,Milton2024_d0.pdf,yes,yes,hosted,https://jamesnicholsworley.github.io/civicatlasma/markdown/Milton2024.md,pypdf,,published,official
Milton,2025,regular,yes,LEO,https://www.miltonma.gov/ArchiveCenter/ViewFile/Item/288,,manual_sources,manual,"CERTIFIED UPGRADE 2026-08-21: replaced the unofficial/preliminary source with the town's official document (OFFICIAL RESULTS). SOURCE TYPO FLAG: the P5 page is headed ""April 30, 2024"" and the P9 two-year TMM race prints Total 15700 where its rows sum to 1010. Transcribed as printed.",95,,no,no,hosted,,pypdf,,published,official
Milton,2026,regular,yes,cohort-2026,https://www.townofmilton.org/DocumentCenter/View/10177,,,,,,,no,yes,hosted,,,,published,official
Monroe,2021,regular,yes,,,,,,"ATR CHANNEL MEASURED AND CLOSED. The Massachusetts State Library holds 27 Monroe items; the modern ones are exactly two, Monroe-2024.pdf and Monroe-2025.pdf, with nothing between 1960 and 2024. Both were read end to end, column-aware. The 2024 volume prints 'Annual Town Election Results - May 6, 2024' at page 51 and indexes only that election; the 2025 volume prints 'Annual Town Election Results - May 5th, 2025' at page 64 and indexes only that one. Neither carries a prior year. The Greenfield Recorder covers Monroe (it is the cited source for 2022, 2025 and 2026) but its 2024 piece is a PRE-election notice, which is the pattern for a town whose races are uncontested: the paper previews and does not report a return.",,Monroe2021_d0.pdf,,no,missing,,,,no_source,other
Monroe,2022,regular,yes,owner-supplied-2026-08-22-greenfield_recorder_capture,https://recorder.com/2022/05/03/eight-incumbents-retain-seats-in-monroe-46208768/,https://jamesnicholsworley.github.io/civicatlasma/pdfs/Monroe2022_d0.pdf,manual,,manual_ingest,,Monroe2022_d0.pdf,yes,no,pdf_hosted,,,,published,other
Monroe,2023,regular,yes,,,,,,"See Monroe 2021: same two State Library volumes, same result. Neither the 2024 nor the 2025 Monroe town report carries the 2023 election.",,Monroe2023_d0.pdf,,no,missing,,,,no_source,other
Monroe,2024,regular,yes,,https://archives.lib.state.ma.us/server/api/core/bitstreams/13812694-57ae-408d-ae70-b2c07326e8da/content #page=53,,,,,,Monroe2024_d0.pdf,,no,missing,,,,published,official
Monroe,2025,regular,yes,NEWS,https://recorder.com/2025/07/02/975k-budget-approved-in-monroe-62121236/,,manual,,runner_fetch,,Monroe2025_d0.pdf,,yes,hosted,https://jamesnicholsworley.github.io/civicatlasma/markdown/Monroe2025.md,docling-html,,published,news
Monroe,2026,regular,yes,owner-supplied-2026-08-22-greenfield_recorder_capture,https://recorder.com/2026/05/05/monroe-town-election-results/,https://jamesnicholsworley.github.io/civicatlasma/pdfs/Monroe2026_d0.pdf,manual,,manual_ingest,,Monroe2026_d0.pdf,yes,no,pdf_hosted,,,,published,
Monson,2021,regular,yes,LEO,https://www.turley.com/journalregister/jr_archives/JRG061721.pdf,,manual,low,"landed 2026-09-01 from the Reminder archive index sweep (news; Journal Register (Turley) 17 June 2021 p2, results of the 8 ); artifact only, parse and gate follow",70,,no,no,published,,,https://www.monson-ma.gov/sites/g/files/vyhlif926/f/pages/outfall_sampling_results_memo_1.11.21.pdf,published,news
Monson,2022,regular,yes,LEO,https://archives.thereminder.com/localnews/hampden-county/monson/monson-announces-june-14-election-results/,,manual,medium,"landed 2026-09-01 from the round-9 gap sweep (news; article body); artifact only, parse and gate follow",70,Monson2022_d0.pdf,no,no,published,,,https://www.monson-ma.gov/sites/g/files/vyhlif926/f/uploads/official_results_09-06-22_dem.pdf https://jamesnicholsworley.github.io/civicatlasma/pdfs/Monson2022.pdf,published,news
Monson,2023,regular,yes,LEO,https://www.monson-ma.gov/DocumentCenter/View/182/Annual-Town-Election-Results-June-16-2023-PDF,https://jamesnicholsworley.github.io/civicatlasma/pdfs/Monson2023_d0.pdf,manual_sources,manual,,95,Monson2023_d0.pdf,yes,yes,hosted,https://jamesnicholsworley.github.io/civicatlasma/markdown/Monson2023.md,pypdf,,published,official
Monson,2024,regular,yes,LEO,https://www.monson-ma.gov/DocumentCenter/View/3183/ATE-results-06-11-24,https://jamesnicholsworley.github.io/civicatlasma/pdfs/Monson2024_d0.pdf,verified_yes,scraped,YES,90,Monson2024_d0.pdf,yes,yes,hosted,https://jamesnicholsworley.github.io/civicatlasma/markdown/Monson2024.md,pypdf,,published,official
Monson,2025,regular,yes,LEO,https://www.monson-ma.gov/DocumentCenter/View/3019/Monson-Annual-Town-Election-Official-Results-06-10-25,https://jamesnicholsworley.github.io/civicatlasma/pdfs/Monson2025_d0.pdf,verified_yes,scraped,YES,90,Monson2025_d0.pdf,yes,yes,hosted,https://jamesnicholsworley.github.io/civicatlasma/markdown/Monson2025.md,pypdf,,published,official
Monson,2026,regular,yes,custom-search-2026,https://monson-ma.gov/DocumentCenter/View/3715/Annual-Town-Election-Official-Results-06-09-26,,,,,,,no,no,pdf_hosted,,,,published,official
Montague,2021,regular,yes,LEO,https://montague-ma.gov/files/Annual_Town_Election_6-22-2021.pdf,https://jamesnicholsworley.github.io/civicatlasma/pdfs/Montague2021_d0.pdf,scraper_sheet9,spraped,,70,Montague2021_d0.pdf,yes,yes,hosted,https://jamesnicholsworley.github.io/civicatlasma/markdown/Montague2021.md,docling-2.66.0,,published,official
Montague,2022,regular,yes,LEO,https://montague-ma.gov/files/05-21-2022_ANNUAL_TOWN_ELECTION.pdf,https://jamesnicholsworley.github.io/civicatlasma/pdfs/Montague2022_d0.pdf,verified_yes,scraped,YES,90,Montague2022_d0.pdf,yes,yes,hosted,https://jamesnicholsworley.github.io/civicatlasma/markdown/Montague2022.md,pypdf,,published,official
Montague,2023,regular,yes,NEWS,https://www.recorder.com/MontagueElectionResults051823-51013074,https://jamesnicholsworley.github.io/civicatlasma/pdfs/Montague2023_d0.pdf,manual_sources,manual,,95,Montague2023_d0.pdf,yes,yes,hosted,https://jamesnicholsworley.github.io/civicatlasma/markdown/Montague2023.md,pypdf,,published,news
Montague,2024,regular,yes,LEO,https://montague-ma.gov/files/2024-05-21_ANNUAL_ELECTION_RESULTS-FINAL.pdf,https://jamesnicholsworley.github.io/civicatlasma/pdfs/Montague2024_d0.pdf,verified_yes,scraped,YES,90,Montague2024_d0.pdf,yes,yes,hosted,https://jamesnicholsworley.github.io/civicatlasma/markdown/Montague2024.md,pypdf,,published,official
Montague,2025,regular,yes,LEO,https://montague-ma.gov/files/2025-05-20_ANNUAL_TOWN_ELECTION_RESULTS_-_FINAL.pdf,https://jamesnicholsworley.github.io/civicatlasma/pdfs/Montague2025_d0.pdf,verified_yes,scraped,YES,90,Montague2025_d0.pdf,yes,yes,hosted,https://jamesnicholsworley.github.io/civicatlasma/markdown/Montague2025.md,pypdf,,published,official
Montague,2026,regular,yes,cohort-2026,https://montague-ma.gov/files/May_19_2026_Election_Results_-_Official.pdf,,,,,,,no,yes,hosted,,,,published,official
Monterey,2021,regular,yes,LEO,https://www.montereyma.gov/sites/g/files/vyhlif3496/f/uploads/may2021electionresults.pdf,,collect-web,high,citation found 2026-08-23 by sha256: bytes identical to the held PDF,90,,no,no,pdf_hosted,,,https://www.montereyma.gov/sites/g/files/vyhlif3496/f/uploads/fy21townreport.pdf https://jamesnicholsworley.github.io/civicatlasma/pdfs/Monterey2021.pdf,published,official
Monterey,2022,regular,yes,LEO,https://www.montereyma.gov/sites/g/files/vyhlif3496/f/uploads/2022townelectionresults.pdf,,manual,high,landed 2026-09-10 from research/SESSION_2026-09-10_FINDINGS.md; transcribed from the certified return and checked against the 226 ballots it reports,90,Monterey2022_d0.pdf,yes,no,discarded_not_results,,,https://www.montereyma.gov/sites/g/files/vyhlif3496/f/uploads/masterplankickoffmeetingresults6.25.22.pdf,published,official
Monterey,2023,regular,yes,LEO,https://www.montereyma.gov/sites/g/files/vyhlif3496/f/uploads/5.9.23electionresults.pdf,,manual_sources,manual,,95,,no,no,hosted,,docling-2.66.0,,published,official
Monterey,2024,regular,yes,LEO,https://www.berkshireeagle.com/news/southern_berkshires/monterey-tree-warden-town-elections/article_171214c8-113e-11ef-b282-0b725d634382.html,,harvest-lead:sha256,high,"landed 2026-08-27 from data/staging_2024 (INGEST_2024_GAPCLOSE.md); news, 13 races, 17 tallied; source prints no ballot total",90,,no,no,missing,,pdf_only(needs_ocr),https://www.montereyma.gov/town-clerk/files/november-5-2024-election-results; https://www.montereyma.gov/sites/g/files/vyhlif3496/f/uploads/monterey_ma_november_5_2024_state_and_federal_election_results_001.pdf,published,
Monterey,2025,regular,yes,LEO,https://www.montereyma.gov/town-clerk/files/may-6-2025-town-election-results,https://jamesnicholsworley.github.io/civicatlasma/pdfs/Monterey2025_d0.pdf,scraper_sheet9,spraped,unrecovered_landing,70,Monterey2025_d0.pdf,yes,yes,pdf_hosted,,,,published,official
Monterey,2026,regular,yes,rendered-town-page,https://www.montereyma.gov/sites/g/files/vyhlif3496/f/uploads/m._ballot_ate_-_results_2026_-_google_docs.pdf,,manual,,manual_ingest,,,no,no,pdf_hosted,,,,published,official
Montgomery,2021,regular,yes,LEO,https://montgomeryma.gov/wp-content/uploads/2022/09/Mt-Breeze-JUNE2021-web.pdf,https://jamesnicholsworley.github.io/civicatlasma/pdfs/Montgomery2021_d0.pdf,collect-web,,auto_resourced,,Montgomery2021_d0.pdf,yes,yes,pdf_hosted,,,,published,official
Montgomery,2022,regular,yes,,https://archives.thereminder.com/localnews/hilltowns/incumbent-selectman-re-elected-in-montgomerys-sole/,,,,"landed 2026-09-01 from the round-9 gap sweep (news; article body); artifact only, parse and gate follow",,Montgomery2022_d0.pdf,,no,missing,,,,published,news
Montgomery,2023,regular,yes,LEO,https://montgomeryma.gov/wp-content/uploads/2023/05/ToM-Unofficial-Ballot-0523.pdf,https://jamesnicholsworley.github.io/civicatlasma/pdfs/Montgomery2023_d0.pdf,manual_sources,manual,,95,Montgomery2023_d0.pdf,yes,yes,hosted,https://jamesnicholsworley.github.io/civicatlasma/markdown/Montgomery2023.md,pypdf,,published,official
Montgomery,2024,regular,yes,LEO,https://montgomeryma.gov/wp-content/uploads/2024/05/Unofficial-Results-5.6.24.pdf,https://jamesnicholsworley.github.io/civicatlasma/pdfs/Montgomery2024_d0.pdf,verified_yes,scraped,YES,90,Montgomery2024_d0.pdf,yes,yes,hosted,https://jamesnicholsworley.github.io/civicatlasma/markdown/Montgomery2024.md,pypdf,,published,official
Montgomery,2025,regular,yes,LEO,https://montgomeryma.gov/wp-content/uploads/2025/05/5.5.25-OFFICIAL-RESULTS-ANNUAL-TOWN-ELECTION.pdf,https://jamesnicholsworley.github.io/civicatlasma/pdfs/Montgomery2025_d0.pdf,scraper_sheet9,spraped,,70,Montgomery2025_d0.pdf,yes,yes,hosted,https://jamesnicholsworley.github.io/civicatlasma/markdown/Montgomery2025.md,docling-2.66.0,,published,official
Montgomery,2026,regular,yes,,,,,,"WORDPRESS MEDIA INDEX READ WHOLE; THE SERIES IS COMPLETE EXCEPT THIS YEAR. wp-json/wp/v2/media returns all 164 files the town hosts, read unfiltered. Montgomery posts a return every year -- ToM-Unofficial-Ballot-0523.pdf, Unofficial-Results-5.6.24.pdf with Annual-Town-Election-Minutes-5.6.24.pdf beside it, and 5.5.25-OFFICIAL-RESULTS-ANNUAL-TOWN-ELECTION.pdf -- and has posted nothing for 2026. A SECOND CHANNEL IN THE SAME LIBRARY WAS TESTED AND IS EMPTY. The town publishes a monthly newsletter, the Mountain Breeze, and the issues bracketing the election were fetched and read at three columns: MAY 2026 (printed 4/24/2026), JUNE 2026 (posted 5/28/2026, the first issue after the vote) and JULY-AUG 2026. The May issue fixes the sitting exactly -- 'ANNUAL TOWN ELECTION Monday, May 4, 2026, 12:00pm - 7:00pm' -- and even carries a paid campaign advertisement, 'ELECT - MAY 4, DAVID MILLER, SELECTMAN', which establishes that the Selectman seat was CONTESTED and therefore that no uncontested-ballot rule can substitute for a tally here. Neither post-election issue prints any result, count or turnout. Measured negative on a channel that demonstrably read: the same pass pulled the clerk column, the election date and the campaign ad out of those PDFs. STRUCTURAL NEGATIVE on the town's own complete media library. Montgomery is WordPress and its whole library is 164 items, read in full and sorted by date. The election series is there for every recent year -- ToM-Unofficial-Ballot-0523.pdf (2023), Unofficial-Results-5.6.24.pdf and Annual-Town-Election-Minutes-5.6.24.pdf (2024), 5.5.25-OFFICIAL-RESULTS-ANNUAL-TOWN-ELECTION.pdf (2025), and even the November 2024 state results -- and there is no 2026 entry of any kind. This supersedes the earlier dated-path probe, which could only ever test the filenames I could imagine; the media index is what the town actually holds. TURLEY WEEKLY MEASURED VIA WAYBACK. Turley itself now 403s and its own archive links 404 for older issues, but Wayback holds 1,742 dated whole-issue PDFs across seven Turley titles (Barre Gazette, Country Journal, Quaboag Current, Ware River News, Journal Register, Agawam Advertiser, Chicopee Register), 2020 to 2026. The issues following this town's election were retrieved from Actions and read COLUMN-AWARE -- these papers set returns in five narrow columns and a full-page extract interleaves them, the same failure that hid Plainfield 2022. No return for this town-year. The channel demonstrably works: the same issues carry Hardwick's 2026 return in full (380 of 2,199 voters, 17.3%) and Oakham's 2026 (Gehring 308, Haapakoski 78), both towns these papers serve. They simply do not print this one. PRE-TO-POST MATCHING RUN AND EXHAUSTED. The maintainer's technique -- if a paper previewed the contest it probably reported it -- closed Hampden 2022 outright, so it was run against every open row in the same papers' territory. It is DATE-driven, not keyword-driven, which matters: the Hampden article that closed that row is slugged 'coyne-beats-matthews-for-seat-on-hampden-planning-' and matches no election keyword at all, so every keyword sweep had missed it. Here the method finds nothing: every article in the relevant Reminder section was fetched and DATED, and none published in the weeks after this election reports it. REMINDER ARCHIVE CANNOT SPEAK TO THIS YEAR. All 211 articles naming the open towns were fetched and dated: the newest in the entire archive is 6 March 2024 and there are ZERO from 2025 or 2026. This channel stops before the year in question, so its silence is UNREACHABLE, not absence. The paper does print full returns for these towns when it publishes -- Holland 2023 gives 'Only 217 of Holland's 2,197 eligible voters cast ballots' -- so it is worth re-checking if the archive ever resumes. See research/CHANNEL-reminder-archive-ends-2024.md  CORRECTION, SAME SESSION: the archive stopping in 2024 did NOT make this row unreachable. The paper moved platform. thereminder.com is a live WordPress site with a REST API holding 5,397 posts from November 2022 to September 2026, covering exactly the years the archive does not. Every post from 15 March to 1 August 2026 was fetched -- 581 of them -- and every title read. Forty-nine concern an election, and they cover Longmeadow, Wilbraham, Hampden, Southwick, East Longmeadow, Huntington, South Hadley and Easthampton. NONE concerns this town. The paper still covers the hilltowns (a Hilltowns category of 225 posts; 55 Granville mentions since 2025) and it did report Huntington's May 2026 Selectboard race, and it reported these towns' 2024 elections in full -- 'Nicole Berndt reelected to Granville Selectboard for third term', 'Montgomery election hangs on closer look at write-in votes'. So this is a MEASURED ABSENCE on a live, working channel, not an unreachable one. ",,,no,no,missing,,,,no_source,
Mount Washington,2021,regular,yes,NEWS,https://www.berkshireeagle.com/news/local/with-no-races-contested-in-mount-washington-write-in-candidates-win-select-board-town-clerk/article_95c6d11e-b32c-11eb-b684-4b0a91a4b81e.html,,manual,scraped,unrecovered_landing,90,MountWashington2021_d0.pdf,no,yes,hosted,https://jamesnicholsworley.github.io/civicatlasma/markdown/MountWashington2021.md,playwright+docling-2.66.0,,published,news
Mount Washington,2022,regular,yes,owner-supplied-2026-08-22-small_towns_ingest,https://mountwashington-ma.gov/download/404/election-results/10424/2022-05-10-town-election-results.pdf,https://jamesnicholsworley.github.io/civicatlasma/pdfs/MountWashington2022_d0.pdf,manual,scraped,manual_ingest,90,MountWashington2022_d0.pdf,yes,no,pdf_hosted,,,https://mountwashington-ma.gov/download/town_clerk/election_results/2012-Election-Results.pdf https://mountwashington-ma.gov/download/404/election-results/11562/2022-05-09-town-election-results.pdf https://jamesnicholsworley.github.io/civicatlasma/pdfs/MountWashington2022.pdf,published,official
Mount Washington,2023,regular,yes,LEO,https://mountwashington-ma.gov/download/404/election-results/11562/2023-05-09-town-election-results.pdf,https://jamesnicholsworley.github.io/civicatlasma/pdfs/MountWashington2023_d0.pdf,manual,manual,manual_ingest,95,MountWashington2023_d0.pdf,yes,yes,pdf_hosted,,,,published,official
Mount Washington,2024,regular,yes,LEO,https://mountwashington-ma.gov/departments/town-clerk/election-results/,,manual,scraped,"ballot (read 2026-08-23): 'MOUNT WASHINGTON OFFICIAL BALLOT TOWN ELECTION - MAY 14, 2024' -- the grid is unmarked",90,,no,no,missing,,,https://mountwashington-ma.gov/download/403/clerk-documents/13009/2024-town-election-ballot.pdf,published,official
Mount Washington,2025,regular,yes,owner-verified-2026-08-19,https://mountwashington-ma.gov/download/404/election-results/14317/2025-05-13-town-election-results.pdf,,manual,scraped,"wrongyear:document dated 2014-05-13, no_row",90,,no,no,pdf_hosted,,,https://mountwashington-ma.gov/wp-content/uploads/wpfd/preview_files/2014-05-13-Election-Results(48abd1b3f5452995d995eb78a77013c8).pdf https://jamesnicholsworley.github.io/civicatlasma/pdfs/MountWashington2025.pdf,published,official
Mount Washington,2026,regular,yes,owner-supplied-2026-08-22-small_towns_ingest,https://mountwashington-ma.gov/download/404/election-results/15419/2026-05-12-town-election-results.pdf,https://jamesnicholsworley.github.io/civicatlasma/pdfs/MountWashington2026_d0.pdf,manual,,manual_ingest,,MountWashington2026_d0.pdf,yes,no,pdf_hosted,,,,published,official
Nahant,2021,regular,yes,ATR,https://nahant.org/wp-content/uploads/2024/05/Advisory_Finance_Report_May_15_2021.pdf,https://jamesnicholsworley.github.io/civicatlasma/pdfs/Nahant2021_d0.pdf,manual,high,manual_ingest,90,Nahant2021_d0.pdf,yes,no,pdf_hosted,,,https://nahant.org/wp-content/uploads/2024/05/Advisory_Finance_Report_May_15_2021.pdf,published,other
Nahant,2022,regular,yes,NEWS,https://nahant.org/wp-content/uploads/2022/11/Election_Reults_2022.pdf,,manual,high,"landed 2026-09-01 from the round-9 gap sweep (official; whole document (2 pages)); artifact only, parse and gate follow",90,,no,no,missing,,docling-html,https://nahant.org/town-elections/,published,official
Nahant,2023,regular,yes,atr-2026-08-22-2023.pdf,,https://jamesnicholsworley.github.io/civicatlasma/pdfs/Nahant2023_d0.pdf,annual_town_report_crop,manual,"cropped from the Nahant annual town report, pp 125,126; election date 2023-04-29 read off the page by atr_verify",95,Nahant2023_d0.pdf,yes,no,pdf_hosted,,,https://nahant.org/wp-content/uploads/2023/05/Report-and-Recommendations-of-the-Advisory-and-Finance-Committee-FY24.pdf https://jamesnicholsworley.github.io/civicatlasma/pdfs/Nahant2023.pdf,published,official
Nahant,2024,regular,yes,LEO,https://nahant.org/wp-content/uploads/2025/02/ATE-OFFICIAL-RESULTS-2024.pdf,https://jamesnicholsworley.github.io/civicatlasma/pdfs/Nahant2024_d0.pdf,collect-exa,high,auto_resourced,90,Nahant2024_d0.pdf,yes,yes,pdf_hosted,,,,published,other
Nahant,2025,regular,yes,LEO,https://nahant.org/wp-content/uploads/2022/12/ATE-OFFICIAL-RESULTS-2025.pdf,https://jamesnicholsworley.github.io/civicatlasma/pdfs/Nahant2025_d0.pdf,collect-exa,high,auto_resourced,90,Nahant2025_d0.pdf,yes,yes,pdf_hosted,,,,published,other
Nahant,2026,regular,yes,harvest-lead-runner,https://nahant.org/wp-content/uploads/2025/06/ATE-UNOFFICIAL-RESULTS-2026.pdf,https://jamesnicholsworley.github.io/civicatlasma/pdfs/Nahant2026_d0.pdf,manual,,manual_ingest,,Nahant2026_d0.pdf,yes,no,pdf_hosted,,,,published,
Nantucket,2021,regular,yes,wayback,https://web.archive.org/web/20210616024716/https://nantucket-ma.gov/DocumentCenter/View/39619/2021-Annual-Town-Elections-results-PDF,,,,citation found 2026-08-23 by sha256: bytes identical to the held PDF,,,no,no,pdf_hosted,,,,published,other
Nantucket,2022,regular,yes,NEWS,https://nantucketcurrent.com/people/matt-fee-brooke-mohr-win-select-board-race,,manual,,,,Nantucket2022_d0.pdf,,yes,hosted,https://jamesnicholsworley.github.io/civicatlasma/markdown/Nantucket2022.md,playwright+docling-2.66.0,,published,news
Nantucket,2023,regular,yes,LEO,https://nantucketcurrent.com/news/nantucket-election-results,,manual_sources,manual,,95,Nantucket2023_d0.pdf,,yes,hosted,https://jamesnicholsworley.github.io/civicatlasma/markdown/Nantucket2023.md,playwright+docling-2.66.0,,published,news
Nantucket,2024,regular,yes,NEWS,https://nantucketcurrent.com/news/holdgate-wins-fourth-term-by-just-eight-votes-as-incumbents-sweep-contested-races,,manual,manual,unrecovered_landing,95,Nantucket2024_d0.pdf,no,yes,hosted,https://jamesnicholsworley.github.io/civicatlasma/markdown/Nantucket2024.md,playwright+docling-2.66.0,,published,news
Nantucket,2025,regular,yes,NEWS,https://nantucketcurrent.com/news/nantuckets-2025-annual-town-election-results,,manual,manual,,95,Nantucket2025_d0.pdf,,yes,hosted,https://jamesnicholsworley.github.io/civicatlasma/markdown/Nantucket2025.md,playwright+docling-2.66.0,,published,news
Nantucket,2026,regular,yes,cohort-2026,https://nantucket-ma.gov/DocumentCenter/View/55809/2026-Annual-Town-Election-Results-PDF,,,,,,,no,yes,hosted,,,,published,official
Natick,2021,regular,yes,LEO,https://www.natickma.gov/DocumentCenter/View/11407/Election-Results-3-30-21,https://jamesnicholsworley.github.io/civicatlasma/pdfs/Natick2021_d0.pdf,manual_sources,manual,,95,Natick2021_d0.pdf,yes,yes,hosted,https://jamesnicholsworley.github.io/civicatlasma/markdown/Natick2021.md,pypdf,,published,official
Natick,2022,regular,yes,LEO,https://www.natickma.gov/DocumentCenter/View/12862/Election-Results-3-29-22,https://jamesnicholsworley.github.io/civicatlasma/pdfs/Natick2022_d0.pdf,manual_sources,manual,,95,Natick2022_d0.pdf,yes,yes,hosted,https://jamesnicholsworley.github.io/civicatlasma/markdown/Natick2022.md,pypdf,,published,official
Natick,2023,regular,yes,LEO,https://www.natickma.gov/DocumentCenter/View/15126/Election-Results-3-28-23,https://jamesnicholsworley.github.io/civicatlasma/pdfs/Natick2023_d0.pdf,manual_sources,manual,,95,Natick2023_d0.pdf,yes,yes,hosted,https://jamesnicholsworley.github.io/civicatlasma/markdown/Natick2023.md,pypdf,,published,official
Natick,2024,regular,yes,LEO,https://www.natickma.gov/DocumentCenter/View/17263/2024_ANNUAL-TOWN-ELECTION_OFFICIAL-RESULTS_3-26-24,,manual_sources,manual,,95,,no,no,hosted,,pypdf,,published,official
Natick,2025,regular,yes,LEO,https://www.natickma.gov/DocumentCenter/View/19458/Official-Election-Results-3-25-25,https://jamesnicholsworley.github.io/civicatlasma/pdfs/Natick2025_d0.pdf,manual_sources,manual,,95,Natick2025_d0.pdf,yes,yes,hosted,https://jamesnicholsworley.github.io/civicatlasma/markdown/Natick2025.md,pypdf,,published,official
Natick,2026,regular,yes,custom-search-2026,https://www.natickma.gov/DocumentCenter/View/21814/Election-Results-3-31-2026,,catalog,,citation_from_fetched_return,,,no,no,pdf_hosted,,,,published,official
Needham,2021,regular,yes,LEO,https://www.needhamma.gov/DocumentCenter/View/23403/2021-Annual-Town-Election-Official-Tally-Sheet,https://jamesnicholsworley.github.io/civicatlasma/pdfs/Needham2021_d0.pdf,collect-exa,,auto_resourced,,Needham2021_d0.pdf,yes,yes,hosted,https://jamesnicholsworley.github.io/civicatlasma/markdown/Needham2021.md,pypdf,,published,official
Needham,2022,regular,yes,LEO,http://www.needhamma.gov/DocumentCenter/View/25579/Official-Tally-Sheet-Annual-Town-Election-41222-003,https://jamesnicholsworley.github.io/civicatlasma/pdfs/Needham2022_d0.pdf,collect-exa,,auto_resourced,,Needham2022_d0.pdf,yes,yes,hosted,https://jamesnicholsworley.github.io/civicatlasma/markdown/Needham2022.md,pypdf,,published,official
Needham,2023,regular,yes,LEO,https://www.needhamchannel.org/wp-content/uploads/2023/04/Unofficial-Spring-2023-Needham-Town-Election-Results.pdf,,crawl,manual,crawl_verified,95,,no,no,hosted,,pypdf(recrawl),,published,other
Needham,2024,regular,yes,LEO,https://www.needhamma.gov/5315/2024-Annual-Town-ElectionTown-MeetingCal,,collect-page,,html_render,,,,no,hosted,,trafilatura,,published,official
Needham,2025,regular,yes,LEO,https://needhamma.gov/DocumentCenter/View/59121/Preliminary-Tally-04082025-Townwide-Published-04102025,https://jamesnicholsworley.github.io/civicatlasma/pdfs/Needham2025_d0.pdf,collect-crawl,,"auto_resourced | PRELIMINARY-ONLY (confirmed 2026-08-20): town publishes finals in other years (2015,2019,2022,2026) but no final/certified 2025 tally exists 16 months on; DocumentCenter 59122-59500 swept. | CORRECTED: townwide half prints a separate H/C hand-count row per candidate which the previous parse omitted, undercounting every candidate in all 13 townwide races | SECOND DOCUMENT 2026-09-01: https://needhamma.gov/DocumentCenter/View/59122/Preliminary-Tally-Town-Meeting-04082025-Published-04102025 (sha256 8d9cc8107ffd8e58)",,Needham2025_d0.pdf,yes,yes,hosted,https://jamesnicholsworley.github.io/civicatlasma/markdown/Needham2025.md,pypdf,,published,official
Needham,2026,regular,yes,cohort-2026,https://needhamma.gov/DocumentCenter/View/61963/Final-Tally-4142026-Annual-Town-Election,,,,,,,no,yes,hosted,,,,published,official
New Ashford,2021,regular,yes,LEO,https://www.newashford-ma.us/wp-content/uploads/2021/05/NewAshford-May25-2021-Elections.pdf,,exa,low,"landed 2026-08-28; the town's own official ballot with the clerk's counts. 6 races, 81 ballots (ceiling only -- the source records no blanks). Date 2021-05-25 from printed on the ballot itself: ""ANNUAL TOWN ELECTION NEW ASHFORD, MASSACHUSETTS MAY 25, 202",70,,no,no,published,,,https://www.newashford-ma.us/wp-content/uploads/2021/05/New-Ashford-Annual-Town-Report-2021-2.pdf,published,official
New Ashford,2022,regular,yes,,owner-supplied-2026-08-28-newashford-town-clerk-results-of-elections-2022-2026 (records request response),,,,"landed 2026-08-28; Town Clerk's records-request reply, 'Results of elections'. 3 races, 26 ballots (ceiling only -- the source records no blanks). Date 2022-05-24 from the town's own post of 2022-04-03, ""Upcoming New Ashford Important Dates"": ""Town Elections",,NewAshford2022_d0.pdf,,no,missing,,,,published,official
New Ashford,2023,regular,yes,NEWS,https://www.berkshireeagle.com/news/northern_berkshires/new-ashford-annual-town-elections-jennifer-welch-wins-contested-school-committee-race/article_b7b8f480-fa3a-11ed-a2d3-bfef2bcb552b.html,,manual,high,unrecovered_landing,90,NewAshford2023_d0.pdf,no,yes,hosted,https://jamesnicholsworley.github.io/civicatlasma/markdown/NewAshford2023.md,playwright+docling-2.66.0,,published,news
New Ashford,2024,regular,yes,LEO,owner-supplied-2026-08-28-newashford-town-clerk-results-of-elections-2022-2026 (records request response),https://jamesnicholsworley.github.io/civicatlasma/pdfs/NewAshford2024_d0.pdf,scraper_sheet9,medium,"landed 2026-08-28; Town Clerk's records-request reply, 'Results of elections'. 3 races, 37 ballots (ceiling only -- the source records no blanks). Date 2024-05-28 from the town's 2024 Important Dates PDF: ""ANNUAL TOWN ELECTION Tuesday MAY 28,2024 2PM-4PM 6PM",70,NewAshford2024_d0.pdf,,no,published,,,,published,official
New Ashford,2025,regular,yes,LEO,owner-supplied-2026-08-28-newashford-town-clerk-results-of-elections-2022-2026 (records request response),,manual,medium,"landed 2026-08-28; Town Clerk's records-request reply, 'Results of elections'. 3 races, 28 ballots (ceiling only -- the source records no blanks). Date 2025-05-27 from the town's post of 2025-04-16, ""important upcoming town events"": ""ANNUAL TOWN ELECTION Tue",90,NewAshford2025_d0.pdf,no,no,missing,,,https://www.newashford-ma.us/wp-content/uploads/2017/05/Elections2017-Results.pdf https://jamesnicholsworley.github.io/civicatlasma/pdfs/NewAshford2025.pdf,published,official
New Ashford,2026,regular,yes,,owner-supplied-2026-08-28-newashford-town-clerk-results-of-elections-2022-2026 (records request response),,,,"landed 2026-08-28; Town Clerk's records-request reply, 'Results of elections'. 4 races, 34 ballots (ceiling only -- the source records no blanks). Date 2026-05-26 from the Select Board's public-hearing notice of 2026-03-03, voting to opt out of Vote By Mail ",,,no,no,missing,,,,published,official
New Bedford,2021,regular,yes,LEO,https://newbedford-ma.s3.amazonaws.com/wp-content/uploads/sites/36/20221101091828/2021-Municipal-Election-Results-by-Precinct.pdf,https://jamesnicholsworley.github.io/civicatlasma/pdfs/NewBedford2021_d0.pdf,manual_sources,manual,,95,NewBedford2021_d0.pdf,yes,yes,hosted,https://jamesnicholsworley.github.io/civicatlasma/markdown/NewBedford2021.md,docling-2.66.0,,published,other
New Bedford,2022,regular,no,CITY_ODD_YEAR_CYCLE,,,,,,,NewBedford2022_d0.pdf,,no,no_election,,,,no_election,other
New Bedford,2023,regular,yes,NEWS,https://www.southcoasttoday.com/story/news/politics/elections/local/2023/11/07/new-bedford-ma-election-results-mayor-city-council-races/71477575007/,,manual_sources,manual,,95,NewBedford2023_d0.pdf,,yes,hosted,https://jamesnicholsworley.github.io/civicatlasma/markdown/NewBedford2023.md,playwright+docling-2.66.0,,published,news
New Bedford,2024,regular,no,CITY_ODD_YEAR_CYCLE,,,,,,,NewBedford2024_d0.pdf,,no,no_election,,,,no_election,other
New Bedford,2025,regular,yes,LEO,https://newbedford-ma.s3.amazonaws.com/wp-content/uploads/20251107134056/DOC1106251.pdf,https://jamesnicholsworley.github.io/civicatlasma/pdfs/NewBedford2025_d0.pdf,manual_city,manual,manual,100,NewBedford2025_d0.pdf,yes,yes,hosted,https://jamesnicholsworley.github.io/civicatlasma/markdown/NewBedford2025.md,docling-2.66.0,,published,other
New Bedford,2026,regular,no,,,,,,"no_election: even-year row seeded from the 2024 cohort, 2026-08-19",,,,,,,,,no_election,other
New Braintree,2021,regular,yes,LEO,https://www.facebook.com/photo/?fbid=4112845612087879&set=a.307064331466227,,scraper_sheet9,high,"landed 2026-09-01 from the Reminder archive index sweep (town_notice; Town of New Braintree, results table for the Annual Town Ele); artifact only, parse and gate follow",70,,no,no,published,,docling-html,https://www.newbraintreema.us/index.asp?SEC=076A927A-DF4C-4C12-8761-576214AB65FB https://jamesnicholsworley.github.io/civicatlasma/pdfs/NewBraintree2021.pdf,published,official
New Braintree,2022,regular,yes,LEO,,,scraper_sheet9,medium,"see New Braintree 2026: the town's Election Results page links one document, the Nov 2023 special state election. State Library holds no modern New Braintree annual report. TURLEY WEEKLY MEASURED VIA WAYBACK. Turley itself now 403s and its own archive links 404 for older issues, but Wayback holds 1,742 dated whole-issue PDFs across seven Turley titles (Barre Gazette, Country Journal, Quaboag Current, Ware River News, Journal Register, Agawam Advertiser, Chicopee Register), 2020 to 2026. The issues following this town's election were retrieved from Actions and read COLUMN-AWARE -- these papers set returns in five narrow columns and a full-page extract interleaves them, the same failure that hid Plainfield 2022. No return for this town-year. The channel demonstrably works: the same issues carry Hardwick's 2026 return in full (380 of 2,199 voters, 17.3%) and Oakham's 2026 (Gehring 308, Haapakoski 78), both towns these papers serve. They simply do not print this one.",70,,no,no,discarded_not_results,,docling-html,https://www.newbraintreema.us/?SEC=6C821174-D33C-4D39-AB77-DE267F98096F https://jamesnicholsworley.github.io/civicatlasma/pdfs/NewBraintree2022.pdf,no_source,official
New Braintree,2023,regular,yes,LEO,https://www.newbraintreema.us/vertical/Sites/%7BDB28C06A-9981-4746-94BD-D376054BB741%7D/uploads/ATE_REsults.pdf,https://jamesnicholsworley.github.io/civicatlasma/pdfs/NewBraintree2023_d0.pdf,manual,high,manual_ingest,90,NewBraintree2023_d0.pdf,yes,yes,pdf_hosted,,,,published,official
New Braintree,2024,regular,yes,LEO,https://www.newbraintreema.us/vertical/sites/%7BDB28C06A-9981-4746-94BD-D376054BB741%7D/uploads/sample_ballot.docx(1).pdf,,scraper_sheet9,medium,"landed 2026-08-28 from the town's sample ballot (owner-supplied); 7 offices, all UNCONTESTED, so no tally was ever published -- the owner's standing sample-ballot rule. No turnout published; date bracketed by the corpus's own 2023 and 2025 New Braintree rows, both the first Monday in May. | TURNOUT SEARCHED 2026-09-01 and not found. New Braintree 2025 is carried under the owner rule (uncontested + a turnout figure), and its 61-of-843 came from a post-election notice on the town homepage archived by Wayback. 2024 has no equivalent. Checked: (a) every Wayback capture of the homepage between 18 Apr and 2 Nov 2024 -- the 6 May election is not mentioned on any of them; (b) the town Election Results page (/elections), captured 19 and 24 May 2024, thirteen and eighteen days after the election, which on both dates still showed only the 7 November 2023 Special State Election and does so live today; (c) uploads/Election_Results_2024.pdf, already condemned, 404 live and never captured -- the town purges its uploads directory; (d) the State Library, which holds no modern New Braintree annual report. The seven offices were uncontested and are correctly carried as -1; what is missing is the ballot count, and the town appears never to have published it. The remaining route is the town clerk, in CLERK_REQUESTS.md.",70,,no,no,discarded_not_results,,docling-html,https://www.newbraintreema.us/?SEC=6C821174-D33C-4D39-AB77-DE267F98096F https://jamesnicholsworley.github.io/civicatlasma/pdfs/NewBraintree2024.pdf https://www.newbraintreema.us/vertical/sites/%7BDB28C06A-9981-4746-94BD-D376054BB741%7D/uploads/Election_Results_2024.pdf,published,official
New Braintree,2025,regular,yes,LEO,https://web.archive.org/web/20250505161157id_/https://www.newbraintreema.us/vertical/sites/%7BDB28C06A-9981-4746-94BD-D376054BB741%7D/uploads/SAMPLE_WARRANT.docx.pdf,https://jamesnicholsworley.github.io/civicatlasma/pdfs/NewBraintree2025_d0.pdf,sample_ballot_plus_turnout,medium,"RESTORED 2026-08-21 after retraction. Source: the town's 2025 SAMPLE BALLOT, recovered from Wayback (https://web.archive.org/web/20250505161157id_/https://www.newbraintreema.us/vertical/sites/%7BDB28C06A-9981-4746-94BD-D376054BB741%7D/uploads/SAMPLE_WARRANT.docx.pdf) - the file is dead on the live site and was missed by every 'ballot' keyword sweep because it is named SAMPLE_WARRANT. Accepted under the owner's rule that a sample ballot suffices for an uncontested election given a candidate list and turnout. TURNOUT: 61 ballots cast of 843 registered (7.23%), verbatim from the town homepage post-election notice archived 2025-05-20. The town's official Facebook post of 2025-05-04 states 'There are no contests on the ballot'. Per-candidate counts do NOT exist online: the homepage linked uploads/Ballot_Results.pdf, which is 404 live and was never captured by Wayback (the town purges old uploads - the 2023 ATE_REsults.pdf is gone too). All candidates carry votes=-1, the uncontested-winner schema. Library Trustee prints 'Vote for Two' with ONE candidate, so one seat drew no candidate. CORRECTION TO THE EARLIER RETRACTION: the retracted record's nine names were RIGHT - all nine match this ballot. The retraction reasoning wrongly compared them against the nomination-papers roster of INCUMBENTS (Lee Ann Brown, Jennifer Pollard), and concluded 'Nancy Brown appears nowhere'. She is the sole Library Trustee candidate on the actual ballot; neither incumbent ran. What was genuinely wrong was the CITATION (it pointed at the nomination notice) and the Library Trustee seat count.",70,NewBraintree2025_d0.pdf,yes,yes,hosted,,,,published,official
New Braintree,2026,regular,yes,,,,,,"the town's own ELECTION RESULTS page (newbraintreema.us/elections) links exactly ONE document -- uploads/November_7.pdf -- and that is the 7 Nov 2023 SPECIAL STATE election (Durant 109, Zlotnik 63, 172 of 819 voting), not a town election. The year-less ATE_REsults.pdf cited for 2023 now 404s on both www.newbraintreema.us and the newbraintreema.govoffice3.com origin. Quaboag Current and Barre Gazette both cover the town; their 2026 issues were read column-aware and carry no New Braintree election report. TURLEY WEEKLY MEASURED VIA WAYBACK. Turley itself now 403s and its own archive links 404 for older issues, but Wayback holds 1,742 dated whole-issue PDFs across seven Turley titles (Barre Gazette, Country Journal, Quaboag Current, Ware River News, Journal Register, Agawam Advertiser, Chicopee Register), 2020 to 2026. The issues following this town's election were retrieved from Actions and read COLUMN-AWARE -- these papers set returns in five narrow columns and a full-page extract interleaves them, the same failure that hid Plainfield 2022. No return for this town-year. The channel demonstrably works: the same issues carry Hardwick's 2026 return in full (380 of 2,199 voters, 17.3%) and Oakham's 2026 (Gehring 308, Haapakoski 78), both towns these papers serve. They simply do not print this one.",,,no,no,missing,,,,no_source,
New Marlborough,2021,regular,yes,owner-supplied-2026-08-23-small_towns_ingest_3,https://www.newmarlboroughma.gov/DocumentCenter/View/486/Results-of-State-Election-5-10-21,https://jamesnicholsworley.github.io/civicatlasma/pdfs/NewMarlborough2021_d0.pdf,manual,scraped,manual_ingest,90,NewMarlborough2021_d0.pdf,yes,no,pdf_hosted,,,,published,official
New Marlborough,2022,regular,yes,LEO,https://newmarlboroughma.gov/DocumentCenter/View/477/Results-of-Annual-Town-Election-5-9-22,https://jamesnicholsworley.github.io/civicatlasma/pdfs/NewMarlborough2022_d0.pdf,manual,scraped,manual_ingest,90,NewMarlborough2022_d0.pdf,yes,yes,pdf_hosted,,,,published,official
New Marlborough,2023,regular,yes,LEO,https://newmarlboroughma.gov/DocumentCenter/View/476/Results-of-Annual-Town-Election-5-8-23,https://jamesnicholsworley.github.io/civicatlasma/pdfs/NewMarlborough2023_d0.pdf,manual,manual,manual_ingest,95,NewMarlborough2023_d0.pdf,yes,yes,pdf_hosted,,,,published,official
New Marlborough,2024,regular,yes,LEO,https://newmarlboroughma.gov/DocumentCenter/View/474/Official-Results-Annual-Town-Election-5-13-24,https://jamesnicholsworley.github.io/civicatlasma/pdfs/NewMarlborough2024_d0.pdf,manual,spraped,manual_ingest,70,NewMarlborough2024_d0.pdf,yes,yes,pdf_hosted,,,,published,official
New Marlborough,2025,regular,yes,LEO,https://newmarlboroughma.gov/DocumentCenter/View/466/Official-Results-Annual-Town-Election-5-12-25,https://jamesnicholsworley.github.io/civicatlasma/pdfs/NewMarlborough2025_d0.pdf,manual,spraped,manual_ingest,70,NewMarlborough2025_d0.pdf,yes,yes,pdf_hosted,,,,published,official
New Marlborough,2026,regular,yes,cohort-2026,https://www.newmarlboroughma.gov/DocumentCenter/View/3645,,,,"landed 2026-08-25 from the Chrome ingest (official, -); 11 races",,,no,no,missing,,,https://newmarlboroughma.gov/DocumentCenter/View/3441,published,official
New Salem,2021,regular,yes,owner-supplied-2026-08-23-small_towns_ingest_2,https://recorder.com/2021/05/04/mackay-apteker-unseat-incumbents-in-new-salem-election-40284206/,https://jamesnicholsworley.github.io/civicatlasma/pdfs/NewSalem2021_d0.pdf,manual,,manual_ingest,,NewSalem2021_d0.pdf,yes,no,pdf_hosted,,,,published,other
New Salem,2022,regular,yes,owner-supplied-2026-08-23-small_towns_ingest_2,https://recorder.com/2022/05/05/bohn-wins-new-salem-planning-board-seat-besting-write-in-46208721/,https://jamesnicholsworley.github.io/civicatlasma/pdfs/NewSalem2022_d0.pdf,manual,high,manual_ingest,70,NewSalem2022_d0.pdf,yes,no,pdf_hosted,,,,published,news
New Salem,2023,regular,yes,owner-supplied-2026-08-23-small_towns_ingest_2,https://recorder.com/2023/05/02/taupier-dowling-win-selectboard-seats-in-new-salem-50835988/,https://jamesnicholsworley.github.io/civicatlasma/pdfs/NewSalem2023_d0.pdf,manual,,manual_ingest,,NewSalem2023_d0.pdf,yes,no,pdf_hosted,,,,published,other
New Salem,2024,regular,yes,owner-supplied-2026-08-23-small_towns_ingest_2,https://recorder.com/2024/05/07/new-salem-election-ushers-in-new-selectboard-member-55042385/,https://jamesnicholsworley.github.io/civicatlasma/pdfs/NewSalem2024_d0.pdf,manual,low,manual_ingest,70,NewSalem2024_d0.pdf,yes,no,pdf_hosted,,,https://www.newsalemma.org/sites/g/files/vyhlif7486/f/news/new_salem_policing_needs_survey_results.pdf https://jamesnicholsworley.github.io/civicatlasma/pdfs/NewSalem2024.pdf,published,news
New Salem,2025,regular,yes,NEWS,https://www.recorder.com/No-surprises-in-New-Salem-election-61044497,,manual,high,runner_fetch,70,NewSalem2025_d0.pdf,,yes,hosted,https://jamesnicholsworley.github.io/civicatlasma/markdown/NewSalem2025.md,docling-html,,published,news
New Salem,2026,regular,yes,owner-supplied-2026-08-23-small_towns_ingest_2,https://recorder.com/2026/05/05/new-salem-voters-reject-tax-override/,https://jamesnicholsworley.github.io/civicatlasma/pdfs/NewSalem2026_d0.pdf,manual,,manual_ingest,,NewSalem2026_d0.pdf,yes,no,pdf_hosted,,,,published,
Newbury,2021,regular,yes,LEO,https://web.archive.org/web/20210714101221id_/https://www.townofnewbury.org/sites/g/files/vyhlif951/f/pages/ate_results_5.11.2021_0.pdf,,manual,,head_ocr:wrong_doc,,,no,no,published,,,https://www.townofnewbury.org/sites/g/files/vyhlif951/f/pages/ate_results_5.11.2021_0.pdf,published,official
Newbury,2022,regular,yes,LEO,https://www.townofnewbury.org/sites/g/files/vyhlif951/f/news/official_ate_results_5.10.2022.pdf,https://jamesnicholsworley.github.io/civicatlasma/pdfs/Newbury2022_d0.pdf,manual,low,manual_ingest,70,Newbury2022_d0.pdf,yes,yes,pdf_hosted,,,,published,official
Newbury,2023,regular,yes,LEO,https://web.archive.org/web/20231110224856id_/https://www.townofnewbury.org/sites/g/files/vyhlif951/f/news/official_result_5.9.23_1.xlsx,,manual,manual,wrong_town_document_retired: holds West Newbury's return: 'Official 2023 Local Election Results for the Town of West Newbury',95,,no,no,missing,,,https://www.townofnewbury.org/sites/g/files/vyhlif951/f/uploads/newbury_municipal_building_committee_sb_update_final_report_6-27-23.pdf https://jamesnicholsworley.github.io/civicatlasma/pdfs/Newbury2023.pdf,published,official
Newbury,2024,regular,yes,LEO,https://www.townofnewbury.org/sites/g/files/vyhlif951/f/news/official_election_results_11.5.2024.pdf,https://jamesnicholsworley.github.io/civicatlasma/pdfs/Newbury2024_d0.pdf,manual,low,manual_ingest,70,Newbury2024_d0.pdf,yes,yes,pdf_hosted,,,,published,official
Newbury,2025,regular,yes,LEO,https://www.newburyma.gov/AgendaCenter/ViewFile/Minutes/_05132025-879,https://jamesnicholsworley.github.io/civicatlasma/pdfs/Newbury2025_d0.pdf,manual,low,manual_ingest,70,Newbury2025_d0.pdf,yes,yes,pdf_hosted,,,,published,official
Newbury,2026,regular,yes,custom-search-2026,https://www.newburyma.gov/AgendaCenter/ViewFile/Agenda/_05122026-1041,,,,,,,no,no,pdf_hosted,,,,published,official
Newburyport,2021,regular,yes,LEO,https://www.cityofnewburyport.com/sites/g/files/vyhlif12211/f/uploads/november_2_2021_election_results.pdf,https://jamesnicholsworley.github.io/civicatlasma/pdfs/Newburyport2021_d0.pdf,manual_sources,manual,,95,Newburyport2021_d0.pdf,yes,yes,hosted,https://jamesnicholsworley.github.io/civicatlasma/markdown/Newburyport2021.md,pypdf,,published,official
Newburyport,2022,regular,no,CITY_ODD_YEAR_CYCLE,,,,,,,Newburyport2022_d0.pdf,,no,no_election,,,,no_election,other
Newburyport,2023,regular,yes,LEO,https://www.cityofnewburyport.com/city-clerk/files/nov-2023-election-results,https://jamesnicholsworley.github.io/civicatlasma/pdfs/Newburyport2023_d0.pdf,collect-crawl,manual,"date CORRECTED 2023-11-01 -> 2023-11-07 on 2026-08-24: CORRECTION: the record read 2023-11-01, which is a WEDNESDAY. The document is headed ""MUNICIPALELECTIONNOVEMBER2023"" -- month and year only -- so the day had been filled in as 01. The City Clerk's 202",95,Newburyport2023_d0.pdf,yes,yes,hosted,https://jamesnicholsworley.github.io/civicatlasma/markdown/Newburyport2023.md,docling-2.66.0,,published,official
Newburyport,2024,regular,no,CITY_ODD_YEAR_CYCLE,,,,,,,Newburyport2024_d0.pdf,,no,no_election,,,,no_election,other
Newburyport,2025,regular,yes,LEO,https://www.cityofnewburyport.com/sites/g/files/vyhlif12211/f/news/municipal_election_11-4-25_official_results.pdf,https://jamesnicholsworley.github.io/civicatlasma/pdfs/Newburyport2025_d0.pdf,manual_city,manual,manual,100,Newburyport2025_d0.pdf,yes,yes,hosted,https://jamesnicholsworley.github.io/civicatlasma/markdown/Newburyport2025.md,docling-2.66.0,,published,official
Newburyport,2026,regular,no,,,,,,"no_election: even-year row seeded from the 2024 cohort, 2026-08-19",,,,,,,,,no_election,other
Newton,2021,regular,yes,NEWS,https://patch.com/massachusetts/newton/newton-2021-election-results-polls-close,,manual,manual,"citation found 2026-08-23 by overlap: 100% of the held reading's words and 100% of its 49 tallies are on this page, and 65% of the page is in the reading",95,,no,no,hosted,,docling-html,https://www.newtonma.gov/government/elections/election-results/-folder-1809#docfold_5503_407_314_1809,published,news
Newton,2022,regular,no,CITY_ODD_YEAR_CYCLE,,,,,,,Newton2022_d0.pdf,,no,no_election,,,,no_election,other
Newton,2023,regular,yes,LEO,https://www.newtonma.gov/government/elections/election-results/-folder-1809#docfold_5503_407_314_1809,https://jamesnicholsworley.github.io/civicatlasma/pdfs/Newton2023_d0.pdf,manual,manual,manual_ingest,95,Newton2023_d0.pdf,yes,yes,pdf_hosted,,,,published,official
Newton,2024,regular,no,CITY_ODD_YEAR_CYCLE,,,,,,,Newton2024_d0.pdf,,no,no_election,,,,no_election,other
Newton,2025,regular,yes,LEO,https://www.newtonma.gov/home/showpublisheddocument/133850,https://jamesnicholsworley.github.io/civicatlasma/pdfs/Newton2025_d0.pdf,manual_city,manual,manual,100,Newton2025_d0.pdf,yes,yes,hosted,https://jamesnicholsworley.github.io/civicatlasma/markdown/Newton2025.md,pypdf,,published,official
Newton,2026,regular,no,,,,,,"no_election: even-year row seeded from the 2024 cohort, 2026-08-19",,,,,,,,,no_election,other
Norfolk,2021,regular,yes,ATR,https://www.norfolk.ma.us/Document_Center/Departments/Town%20Clerk/Annual%20Town%20Reports/2020-2029/annual-town-report-2021.pdf,https://jamesnicholsworley.github.io/civicatlasma/pdfs/Norfolk2021_d0.pdf,atr_crop,high,atr_cropped,70,Norfolk2021_d0.pdf,yes,yes,hosted,https://jamesnicholsworley.github.io/civicatlasma/markdown/Norfolk2021.md,pypdf,,published,official
Norfolk,2022,regular,yes,ATR,https://www.norfolk.ma.us/Document_Center/Departments/Town%20Clerk/Annual%20Town%20Reports/2020-2029/Annual%20Town%20Report%202022.pdf,https://jamesnicholsworley.github.io/civicatlasma/pdfs/Norfolk2022_d0.pdf,atr_crop,high,atr_cropped,70,Norfolk2022_d0.pdf,yes,yes,hosted,https://jamesnicholsworley.github.io/civicatlasma/markdown/Norfolk2022.md,pypdf,,published,official
Norfolk,2023,regular,yes,NEWS,https://www.thesunchronicle.com/news/local_news/mecklenburg-returned-to-norfolk-select-board/,https://jamesnicholsworley.github.io/civicatlasma/pdfs/Norfolk2023_d0.pdf,manual_sources,manual,unrecovered_landing,95,Norfolk2023_d0.pdf,yes,yes,pdf_hosted,,,,published,news
Norfolk,2024,regular,yes,ATR,https://www.norfolk.ma.us/Document_Center/Departments/Town%20Clerk/Annual%20Town%20Reports/2020-2029/Final-2024%20Annual%20Report%20-%20Lane%20Printing%204%209%2025.pdf,https://jamesnicholsworley.github.io/civicatlasma/pdfs/Norfolk2024_d0.pdf,atr_crop,high,atr_cropped,70,Norfolk2024_d0.pdf,yes,yes,hosted,https://jamesnicholsworley.github.io/civicatlasma/markdown/Norfolk2024.md,pypdf,,published,official
Norfolk,2025,regular,yes,owner-verified-2026-08-19,https://cms5.revize.com/revize/norfolk/Document_Center/Departments/Administrator/Annual%20Reports/Final%202025%20Annual%20Report%20from%20Lane%20Printing%20-%204%207%2026.pdf,,scraper_sheet9,high,orphan_crop:election_tally_on_1pp_but_none_names_2025,70,,no,no,pdf_hosted,,,https://www.norfolk.ma.us/Document_Center/Departments/Town%20Clerk/Annual%20Town%20Reports/2020-2029/Final-2024%20Annual%20Report%20-%20Lane%20Printing%204%209%2025.pdf,published,official
Norfolk,2026,regular,yes,,,,,,"PARTIALLY ESTABLISHED, still open. The Sun Chronicle covered it ('Norfolk voters decide six races, turnout heavy'): the election was on a TUESDAY, it 'featured the most races in years', and turnout was 'about 24%, or 1,977, of the town's 8,114 registered voters'. That article is HARD-paywalled -- only the lede renders, the body is behind 'Javascript is required for you to be able to read premium content', unlike the Berkshire Eagle whose bodies are in the DOM. Because the races were CONTESTED, the owner's sample-ballot rule cannot apply here even though turnout is known. What is needed is the tally. The town itself publishes results only inside its Annual Town Report, and its own listing runs to 'Final 2025 Annual Report' -- the 2026 report does not exist yet. REVIZE HOSTS SWEPT FROM ACTIONS, AND THE CLERK PAGE CARRIES NO RETURNS. A CDX sweep of norfolk.ma.us and the cms5/cms1 Revize hosts returned 1,619 captures for norfolk.ma.us, of which the only election-results-named ones are from 2021: /departments/town-clerk/voting/2021-annual-town-election.htm and /news/2021-annual-town-election-may-4th1.htm. Nothing for 2026. The live site was also read: /departments/town_clerk/index.php and /departments/town_clerk/election_resources.php. The election page links only to STATE resources -- sec.state.ma.us voter registration, absentee voting, vote-by-mail, TRACK MY BALLOT -- and carries no local return for any year. Norfolk publishes voting information, not results.  THE URL, WHICH THIS NOTE SHOULD HAVE CARRIED FROM THE START. The headline and quotes were recorded above without the link, which is the same record-keeping failure as typing a citation instead of copying it. Recovered from the paper's own search endpoint (/search/?q=): https://www.thesunchronicle.com/news/local_news/norfolk-voters-decide-six-races-turnout-heavy/article_c71a5792-a4d7-4e09-9e7c-0f0a1e3d022a.html There is also a PRE-election companion that would supply the ballot -- the offices and candidates -- against which the tally can be checked: https://www.thesunchronicle.com/news/local_news/norfolk-voters-face-six-races-tuesday/article_6d6dce11-2393-4838-a21e-248bded20c40.html OWNER ACTION: open the first URL. Its body is the tally, which is the one thing this row needs; turnout is already known at 1,977 of 8,114. ",,,no,no,missing,,,,no_source,
North Adams,2021,regular,yes,NEWS,https://www.berkshireeagle.com/news/northern_berkshires/north-adams-elections-2021-see-the-full-results/article_209a4c90-3b6c-11ec-80a4-6f3a5fd16d30.html,,manual,manual,uncitable (released 2026-08-23): the city site carries only a candidate and term list; the iBerkshires coverage prints no per-candidate counts and the previously condemned URL is a 2019 article. The artifact and parse are preserved under data/setaside/uncited/ and re-land in one step if a citation is ever recovered,95,,no,no,missing,,playwright+docling-2.66.0,https://www.iberkshires.com/story/61143/North-Adams-Re-Elects-Mayor-City-Council-Incumbents.html,published,news
North Adams,2022,regular,no,CITY_ODD_YEAR_CYCLE,,,,,,,NorthAdams2022_d0.pdf,,no,no_election,,,,no_election,other
North Adams,2023,regular,yes,NEWS,https://www.berkshireeagle.com/news/northern_berkshires/jennifer-macksey-reelected-north-adams-mayor-voters-support-incumbents/article_47aca13a-7d90-11ee-a2df-0f61755d096a.html,,manual_sources,manual,,95,NorthAdams2023_d0.pdf,,yes,hosted,https://jamesnicholsworley.github.io/civicatlasma/markdown/NorthAdams2023.md,playwright+docling-2.66.0,,published,news
North Adams,2024,regular,no,CITY_ODD_YEAR_CYCLE,,,,,,,NorthAdams2024_d0.pdf,,no,no_election,,,,no_election,other
North Adams,2025,regular,yes,LEO,https://www.northadams-ma.gov/government/departments_offices/city_clerk/2025_election_results.php,,manual_city,manual,manual,100,NorthAdams2025_d0.pdf,,yes,hosted,https://jamesnicholsworley.github.io/civicatlasma/markdown/NorthAdams2025.md,playwright+docling-2.66.0,,published,official
North Adams,2026,regular,no,,,,,,"no_election: even-year row seeded from the 2024 cohort, 2026-08-19",,,,,,,,,no_election,other
North Andover,2021,regular,yes,NEWS,https://drive.google.com/uc?export=download&id=1-K5zpOy4OF_tHCX5EJjNlnNDZ0fhP81t,,manual,,uncitable (released 2026-08-23): the archived Town Clerk page links 'Annual Town Election Results 2021 - Official' but that node has zero Wayback captures and 404s live. The artifact and parse are preserved under data/setaside/uncited/ and re-land in one step if a citation is ever recovered,,,no,no,missing,,playwright+docling-2.66.0,https://patch.com/massachusetts/northandover/north-andover-releases-unofficial-results-annual-town-election,published,official
North Andover,2022,regular,yes,NEWS,https://patch.com/massachusetts/northandover/north-andover-2022-election-results-polls-closed,,manual_sources,manual,,95,NorthAndover2022_d0.pdf,,yes,hosted,https://jamesnicholsworley.github.io/civicatlasma/markdown/NorthAndover2022.md,playwright+docling-2.66.0,,published,news
North Andover,2023,regular,yes,LEO,https://drive.google.com/file/d/14vvIypTB-ukMjs5reEByiR_bHmhxdBXg/view,,manual_sources,manual,,95,NorthAndover2023_d0.pdf,,yes,hosted,https://jamesnicholsworley.github.io/civicatlasma/markdown/NorthAndover2023.md,playwright+docling-2.66.0,,published,official
North Andover,2024,regular,yes,LEO,https://drive.google.com/file/d/14j-bVk7GtK0kQMKLJq8CO-fN41NfdtwJ/view,https://jamesnicholsworley.github.io/civicatlasma/pdfs/NorthAndover2024_d0.pdf,manual_sources,manual,,95,NorthAndover2024_d0.pdf,yes,yes,hosted,https://jamesnicholsworley.github.io/civicatlasma/markdown/NorthAndover2024.md,pypdf,,published,official
North Andover,2025,regular,yes,LEO,https://drive.google.com/file/d/1uNctApcb2tWvnKnjD4wXoLaG4NDSbsPX/view,,manual_sources,manual,,95,NorthAndover2025_d0.pdf,,yes,hosted,https://jamesnicholsworley.github.io/civicatlasma/markdown/NorthAndover2025.md,playwright+docling-2.66.0,,published,official
North Andover,2026,regular,yes,cohort-2026,https://drive.google.com/uc?export=download&id=1D29ZiNyq_7K57Gc0qHkrJTGPO3bgUVnu,,,,,,,no,yes,hosted,,,,published,official
North Attleborough,2021,regular,yes,LEO,https://www.nattleboro.com/DocumentCenter/View/1585/2021-April-6-Town-Election-Official-Totals-PDF,https://jamesnicholsworley.github.io/civicatlasma/pdfs/NorthAttleborough2021_d0.pdf,manual_sources,manual,,95,NorthAttleborough2021_d0.pdf,yes,yes,hosted,https://jamesnicholsworley.github.io/civicatlasma/markdown/NorthAttleborough2021.md,pypdf,,published,other
North Attleborough,2022,regular,yes,LEO,https://www.nattleboro.com/DocumentCenter/View/3241/2022-April-5-Town-Election-Official-Results-PDF,https://jamesnicholsworley.github.io/civicatlasma/pdfs/NorthAttleborough2022_d0.pdf,manual_sources,manual,,95,NorthAttleborough2022_d0.pdf,yes,yes,hosted,https://jamesnicholsworley.github.io/civicatlasma/markdown/NorthAttleborough2022.md,pypdf,,published,other
North Attleborough,2023,regular,yes,LEO,https://www.nattleboro.com/DocumentCenter/View/4965/Official-Results-of-the-April-4-2023-Town-Election-PDF,,manual_sources,manual,,95,,no,no,hosted,,docling-2.66.0,,published,other
North Attleborough,2024,regular,yes,LEO,https://www.nattleboro.com/DocumentCenter/View/7908/04022024-Annual-Town-Election-Results-PDF,https://jamesnicholsworley.github.io/civicatlasma/pdfs/NorthAttleborough2024_d0.pdf,manual_sources,manual,,95,NorthAttleborough2024_d0.pdf,yes,yes,hosted,https://jamesnicholsworley.github.io/civicatlasma/markdown/NorthAttleborough2024.md,docling-2.66.0,,published,other
North Attleborough,2025,regular,yes,LEO,https://www.nattleboro.com/DocumentCenter/View/9836/Official-Results---1-April-2025-Town-Election-PDF,https://jamesnicholsworley.github.io/civicatlasma/pdfs/NorthAttleborough2025_d0.pdf,collect-exa,manual,auto_resourced,95,NorthAttleborough2025_d0.pdf,yes,yes,hosted,https://jamesnicholsworley.github.io/civicatlasma/markdown/NorthAttleborough2025.md,pypdf,,published,other
North Attleborough,2026,regular,yes,cohort-2026,https://news.google.com/rss/articles/CBMiogFBVV95cUxPeEtZVGJUMFRiYTl2dmdDZzFBc0tNTVVUMHF6Rk01WUVGb2lsdkpVZ0lvQThOUlE5NXRmbkRmVzA4UXVFaXR1cngxbE0zOUtPTEMzNk1MVS01S0Juck8tZGxQbmdEYnd2WUZ5SU0yZ2xUWTY3Q1psNVYzNXVXNGw5VHZMaWZMQnFXLU5ObENzbHoxc193OGdzeTJ0Z3lWVXlMY3fSAacBQVVfeXFMTWtPVXRwMkpMWXFQWEtjcm5obDUySkl3Q2dhRklBNWNza01wQ044eGpEbFpPR3hNWjFMM2VEbVlpUkFmZktESjdtWU1fSHlSSDYtdWM3T1ZDWEJTOFM3UTNldjRwaS1lYjBlYzNCS1hnUDF1NGJtTE85ZnFZVExwaDFEbWFSMDE0V0RaTTBhb0I1SGJuR0dNTlUxSVg2U2FJdU5kSnhyTkU?oc=5,,,,,,,no,yes,hosted,,,,published,news
North Brookfield,2021,regular,yes,LEO,https://www.northbrookfield.net/sites/g/files/vyhlif3576/f/news/2021_municipal_election_results.pdf,https://jamesnicholsworley.github.io/civicatlasma/pdfs/NorthBrookfield2021_d0.pdf,manual,medium,manual_ingest,70,NorthBrookfield2021_d0.pdf,yes,yes,pdf_hosted,,,,published,other
North Brookfield,2022,regular,yes,LEO,https://www.northbrookfield.net/sites/g/files/vyhlif3576/f/uploads/stm_results_2-3_2012.pdf,https://jamesnicholsworley.github.io/civicatlasma/pdfs/NorthBrookfield2022_d0.pdf,manual,medium,manual_ingest,70,NorthBrookfield2022_d0.pdf,yes,yes,pdf_hosted,,,,published,other
North Brookfield,2023,regular,yes,LEO,https://www.northbrookfield.net/sites/g/files/vyhlif3576/f/news/election_results_0.pdf,https://jamesnicholsworley.github.io/civicatlasma/pdfs/NorthBrookfield2023_d0.pdf,manual,manual,manual_ingest,95,NorthBrookfield2023_d0.pdf,yes,yes,pdf_hosted,,,,published,other
North Brookfield,2024,regular,yes,ATR,https://northbrookfield.net/DocumentCenter/View/358,https://jamesnicholsworley.github.io/civicatlasma/pdfs/NorthBrookfield2024_d0.pdf,dive_atr,high,atr_cropped,70,NorthBrookfield2024_d0.pdf,yes,yes,pdf_hosted,,,,published,other
North Brookfield,2025,regular,yes,LEO,https://www.northbrookfield.net/DocumentCenter/View/6745,https://jamesnicholsworley.github.io/civicatlasma/pdfs/NorthBrookfield2025_d0.pdf,manual,medium,manual_ingest,70,NorthBrookfield2025_d0.pdf,yes,yes,pdf_hosted,,,,published,other
North Brookfield,2026,regular,yes,,https://linpub.blob.core.windows.net/pdf/2/629cbf4b-ddd4-4f6d-81c9-60be60f87ac5.pdf,,,,"landed 2026-09-01 from the Reminder archive index sweep (news; Spencer New Leader (Stonebridge Press) 15 May 2026 issue #19); artifact only, parse and gate follow",,,no,no,missing,,,,pending_parse,news
North Reading,2021,regular,yes,LEO,https://www.northreadingma.gov/DocumentCenter/View/2825/Annual-Town-Election,https://jamesnicholsworley.github.io/civicatlasma/pdfs/NorthReading2021_d0.pdf,manual,manual,manual_ingest,95,NorthReading2021_d0.pdf,yes,yes,pdf_hosted,,,,published,official
North Reading,2022,regular,yes,LEO,https://www.northreadingma.gov/sites/g/files/vyhlif3591/f/pages/may_3_2022_local_election_official_results.pdf,https://jamesnicholsworley.github.io/civicatlasma/pdfs/NorthReading2022_d0.pdf,manual_sources,manual,,95,NorthReading2022_d0.pdf,yes,yes,hosted,https://jamesnicholsworley.github.io/civicatlasma/markdown/NorthReading2022.md,pypdf,,published,official
North Reading,2023,regular,yes,LEO,https://www.northreadingma.gov/DocumentCenter/View/4660/May-2-2023-Town-Election-Official-Results,https://jamesnicholsworley.github.io/civicatlasma/pdfs/NorthReading2023_d0.pdf,exa,manual,auto_resourced,95,NorthReading2023_d0.pdf,yes,yes,hosted,https://jamesnicholsworley.github.io/civicatlasma/markdown/NorthReading2023.md,pypdf,,published,official
North Reading,2024,regular,yes,LEO,https://www.northreadingma.gov/DocumentCenter/View/480/May-7-2024-Local-Election-Official-Results,https://jamesnicholsworley.github.io/civicatlasma/pdfs/NorthReading2024_d0.pdf,crawl,manual,crawl_verified,95,NorthReading2024_d0.pdf,yes,yes,hosted,https://jamesnicholsworley.github.io/civicatlasma/markdown/NorthReading2024.md,pypdf(recrawl),,published,official
North Reading,2025,regular,yes,LEO,https://www.northreadingma.gov/DocumentCenter/View/4657/5-6-25-Town-Election-Official-Results-0,https://jamesnicholsworley.github.io/civicatlasma/pdfs/NorthReading2025_d0.pdf,crawl,manual,crawl_verified,95,NorthReading2025_d0.pdf,yes,yes,hosted,https://jamesnicholsworley.github.io/civicatlasma/markdown/NorthReading2025.md,pypdf(recrawl),,published,official
North Reading,2026,regular,yes,custom-search-2026,https://www.northreadingma.gov/DocumentCenter/View/7027/,,,,,,,no,no,pdf_hosted,,,,published,official
Northampton,2021,regular,yes,LEO,https://northamptonma.gov/DocumentCenter/View/18596/Final-Election-Report-November-2-2021,https://jamesnicholsworley.github.io/civicatlasma/pdfs/Northampton2021_d0.pdf,manual_sources,manual,,95,Northampton2021_d0.pdf,yes,yes,hosted,https://jamesnicholsworley.github.io/civicatlasma/markdown/Northampton2021.md,pypdf,,published,official
Northampton,2022,regular,no,CITY_ODD_YEAR_CYCLE,,,,,,,Northampton2022_d0.pdf,,no,no_election,,,,no_election,other
Northampton,2023,regular,yes,LEO,https://northamptonma.gov/DocumentCenter/View/24059/2023-11-07FinalElectionResults,https://jamesnicholsworley.github.io/civicatlasma/pdfs/Northampton2023_d0.pdf,manual_sources,manual,,95,Northampton2023_d0.pdf,yes,yes,hosted,https://jamesnicholsworley.github.io/civicatlasma/markdown/Northampton2023.md,docling-2.66.0,,published,official
Northampton,2024,regular,no,CITY_ODD_YEAR_CYCLE,,,,,,,Northampton2024_d0.pdf,,no,no_election,,,,no_election,other
Northampton,2025,regular,yes,LEO,https://northamptonma.gov/DocumentCenter/View/35208/Municipal-Election-Results-Final-Report---November-4-2025,https://jamesnicholsworley.github.io/civicatlasma/pdfs/Northampton2025_d0.pdf,manual_city,manual,manual,100,Northampton2025_d0.pdf,yes,yes,hosted,https://jamesnicholsworley.github.io/civicatlasma/markdown/Northampton2025.md,pypdf,,published,official
Northampton,2026,regular,no,,,,,,"no_election: even-year row seeded from the 2024 cohort, 2026-08-19",,,,,,,,,no_election,other
Northborough,2021,regular,yes,LEO,https://www.town.northborough.ma.us/sites/g/files/vyhlif12221/f/uploads/northborough_ate_05-11-2021_unofficial_results.pdf,https://jamesnicholsworley.github.io/civicatlasma/pdfs/Northborough2021_d0.pdf,manual_sources,manual,,95,Northborough2021_d0.pdf,yes,yes,hosted,https://jamesnicholsworley.github.io/civicatlasma/markdown/Northborough2021.md,pypdf,,published,official
Northborough,2022,regular,yes,LEO,https://www.town.northborough.ma.us/sites/g/files/vyhlif12221/f/uploads/northborough_official_election_results_05-10-2022_1.pdf,https://jamesnicholsworley.github.io/civicatlasma/pdfs/Northborough2022_d0.pdf,manual_sources,manual,,95,Northborough2022_d0.pdf,yes,yes,hosted,https://jamesnicholsworley.github.io/civicatlasma/markdown/Northborough2022.md,pypdf,,published,official
Northborough,2023,regular,yes,LEO,https://www.town.northborough.ma.us/sites/g/files/vyhlif3571/f/uploads/northborough_official_election_results_5-09-2023.pdf,https://jamesnicholsworley.github.io/civicatlasma/pdfs/Northborough2023_d0.pdf,manual_sources,manual,,95,Northborough2023_d0.pdf,yes,yes,pdf_hosted,,,,published,official
Northborough,2024,regular,yes,LEO,https://www.town.northborough.ma.us/sites/g/files/vyhlif12221/f/uploads/northborough_official_election_results_ate_05-14-2024_atd.pdf,https://jamesnicholsworley.github.io/civicatlasma/pdfs/Northborough2024_d0.pdf,manual_sources,manual,,95,Northborough2024_d0.pdf,yes,yes,hosted,https://jamesnicholsworley.github.io/civicatlasma/markdown/Northborough2024.md,pypdf,,published,official
Northborough,2025,regular,yes,LEO,https://www.town.northborough.ma.us/sites/g/files/vyhlif12221/f/uploads/northborough_official_election_results_05-13-2025_1.pdf,https://jamesnicholsworley.github.io/civicatlasma/pdfs/Northborough2025_d0.pdf,manual_sources,manual,,95,Northborough2025_d0.pdf,yes,yes,hosted,https://jamesnicholsworley.github.io/civicatlasma/markdown/Northborough2025.md,pypdf,,published,official
Northborough,2026,regular,yes,cohort-2026,https://news.google.com/rss/articles/CBMi2wFBVV95cUxQN2RNQ3FqYno5TF96ZGlPOFpuSEZabVFfNFV5MkVqaWJBcURIcWdYUW1yYlpiMEtWckRqaEZKVmFPVGJzWlpRb1RjakpjV3I1NzVObWRWazZYdVJsOEF4ek5rQ1c0TTd1NGJ2Q0JmcWJLRVBkUEhraTkyLUxTVWtKSUlBQkZZQkpwVmdzM2dLRjlicUgtbXpYWGJwcW10RkgtS0o2ZXhtckI0Wm9SNFkwNjBnVnQwMXpKLTd2emJjaFIzY2gzREdDbl9TZHBHVW1ZRmJCcUdFRDVwWUU?oc=5,,,,,,,no,yes,hosted,,,,published,news
Northbridge,2021,regular,yes,LEO,https://www.northbridgemass.org/sites/g/files/vyhlif981/f/uploads/final_results.pdf,https://jamesnicholsworley.github.io/civicatlasma/pdfs/Northbridge2021_d0.pdf,manual_sources,manual,,95,Northbridge2021_d0.pdf,yes,yes,hosted,https://jamesnicholsworley.github.io/civicatlasma/markdown/Northbridge2021.md,pypdf,,published,other
Northbridge,2022,regular,yes,LEO,https://www.northbridgemass.org/sites/g/files/vyhlif981/f/uploads/5.27.22_election_results.pdf,https://jamesnicholsworley.github.io/civicatlasma/pdfs/Northbridge2022_d0.pdf,manual_sources,manual,,95,Northbridge2022_d0.pdf,yes,yes,hosted,https://jamesnicholsworley.github.io/civicatlasma/markdown/Northbridge2022.md,pypdf,,published,other
Northbridge,2023,regular,yes,LEO,https://www.northbridgemass.org/sites/g/files/vyhlif981/f/uploads/skm_28723051713560.pdf,https://jamesnicholsworley.github.io/civicatlasma/pdfs/Northbridge2023_d0.pdf,manual_sources,manual,,95,Northbridge2023_d0.pdf,yes,yes,hosted,https://jamesnicholsworley.github.io/civicatlasma/markdown/Northbridge2023.md,docling-2.66.0,,published,other
Northbridge,2024,regular,yes,LEO,https://www.northbridgemass.org/sites/g/files/vyhlif981/f/uploads/ev_poster_state_election.pdf,https://jamesnicholsworley.github.io/civicatlasma/pdfs/Northbridge2024_d0.pdf,manual,manual,manual_ingest,95,Northbridge2024_d0.pdf,yes,yes,pdf_hosted,,,,published,other
Northbridge,2025,regular,yes,LEO,https://northbridgemass.org/DocumentCenter/View/6099/5-20-2025-Annual-Town-Election,https://jamesnicholsworley.github.io/civicatlasma/pdfs/Northbridge2025_d0.pdf,manual,manual,manual_ingest,95,Northbridge2025_d0.pdf,yes,yes,pdf_hosted,,,,published,other
Northbridge,2026,regular,yes,cohort-2026,https://northbridgemass.org/DocumentCenter/View/7467/5-19-2026-Annual-Town-Election,,,,,,,no,yes,hosted,,,,published,official
Northfield,2021,regular,yes,LEO,https://www.northfieldma.gov/DocumentCenter/View/408/2021-Annual-Town-Election-PDF,,collect-crawl,medium,held_revert:open_space_and_recreation_plan,70,,no,no,pdf_hosted,,,https://www.northfieldma.gov/DocumentCenter/View/326 https://jamesnicholsworley.github.io/civicatlasma/pdfs/Northfield2021.pdf,published,official
Northfield,2022,regular,yes,LEO,https://web.archive.org/web/20230619213211id_/https://www.northfieldma.gov/sites/g/files/vyhlif991/f/uploads/annual_town_election_may_3_2022_results_0.pdf,,manual,high,state_doc_sweep:no_source,70,,no,no,published,,,https://www.northfieldma.gov/DocumentCenter/View/410/2022-State-Election-PDF,published,official
Northfield,2023,regular,yes,LEO,https://www.northfieldma.gov/sites/g/files/vyhlif991/f/uploads/annual_town_election_may_2_2023_results.pdf,https://jamesnicholsworley.github.io/civicatlasma/pdfs/Northfield2023_d0.pdf,manual_sources,manual,,95,Northfield2023_d0.pdf,yes,yes,hosted,https://jamesnicholsworley.github.io/civicatlasma/markdown/Northfield2023.md,pypdf,,published,official
Northfield,2024,regular,yes,LEO,https://www.northfieldma.gov/DocumentCenter/View/419/May-7-2024-Annual-Election-Results-PDF,https://jamesnicholsworley.github.io/civicatlasma/pdfs/Northfield2024_d0.pdf,manual,high,manual_ingest,70,Northfield2024_d0.pdf,yes,yes,pdf_hosted,,,,published,official
Northfield,2025,regular,yes,LEO,https://www.northfieldma.gov/DocumentCenter/View/415/May-6-2025-Annual-Election-Results-PDF,https://jamesnicholsworley.github.io/civicatlasma/pdfs/Northfield2025_d0.pdf,manual,high,manual_ingest,70,Northfield2025_d0.pdf,yes,yes,pdf_hosted,,,,published,official
Northfield,2026,regular,yes,cohort-2026,https://northfieldma.gov/DocumentCenter/View/606,,,,,,,no,yes,hosted,,,,published,official
Norton,2021,regular,yes,LEO,https://www.nortonma.gov/ArchiveCenter/ViewFile/Item/208,,manual,,manual_ingest,,,no,no,published,,,https://www.nortonma.org/sites/g/files/vyhlif3606/f/news/2021_massbioed_biomanufacturing_technician_apprenticeship_results.pdf,published,official
Norton,2022,regular,yes,LEO,https://www.nortonma.org/sites/g/files/vyhlif3606/f/news/official_results_ate_04-30-2022_3.pdf,https://jamesnicholsworley.github.io/civicatlasma/pdfs/Norton2022_d0.pdf,manual_sources,manual,,95,Norton2022_d0.pdf,yes,yes,hosted,https://jamesnicholsworley.github.io/civicatlasma/markdown/Norton2022.md,pypdf,,published,official
Norton,2023,regular,yes,LEO,https://www.nortonma.org/sites/g/files/vyhlif3606/f/news/unofficial_results_ate_04.29.2023.pdf,https://jamesnicholsworley.github.io/civicatlasma/pdfs/Norton2023_d0.pdf,manual_sources,manual,,95,Norton2023_d0.pdf,yes,yes,hosted,https://jamesnicholsworley.github.io/civicatlasma/markdown/Norton2023.md,pypdf,,published,official
Norton,2024,regular,yes,NEWS,"https://archives.lib.state.ma.us/  (313th Annual Report of the Town of Norton, year ending June 30 2024, pp. 76-77)",,manual,,"REPLACED 2026-09-01: the cited Patch article `Voters Reject Town Clerk, Water/Sewer Charter Changes` is dated 25 April 2012 and reports that election; kept in known_bad_url. The record is now the OFFICIAL RESULTS of the Saturday 27 April 2024 annual town election, 313th Annual Report pp. 76-77, 1,573 ballots over five precincts.",,,,no,hosted,,playwright+docling-2.66.0,https://archives.lib.state.ma.us/server/api/core/bitstreams/9a0c7b28-bd06-4678-becf-499e4b6b1023/content,published,official
Norton,2025,regular,yes,LEO,https://nortonma.civiccms.acsitefactory.com/sites/g/files/vyhlif3606/f/news/2025.04.26_norton_unofficial_election_result_4.26.2025.pdf,,manual_sources,manual,CITATION REPAIRED 2026-08-21 (live URL recovered): 200 via curl_cffi chrome on the Granicus origin host; 2pg Norton hand count totals across 5 precincts April 26 2025,95,,no,no,hosted,,pypdf,,published,official
Norton,2026,regular,yes,cohort-2026,https://nortonma.org/DocumentCenter/View/1759/2026-Annual-Town-Election-Results-PDF,,,,,,,no,yes,hosted,,,,published,official
Norwell,2021,regular,yes,LEO,https://townofnorwell.net/Documents/Departments/Town%20Administrator/Town%20Reports/2021_town_report.pdf?t=202512171959260,https://jamesnicholsworley.github.io/civicatlasma/pdfs/Norwell2021_d0.pdf,manual,low,manual_ingest,70,Norwell2021_d0.pdf,yes,yes,pdf_hosted,,,,published,official
Norwell,2022,regular,yes,LEO,https://cms2.revize.com/revize/norwell/Documents/Departments/Town%20Administrator/Town%20Reports/2022_town_report.pdf,,collect-web,low,local_triage:not_results,70,,no,no,published,,,https://cms2.revize.com/revize/norwell/Documents/Departments/Town%20Accountant/Annual%20Comprehensive%20Financial%20Reports/norwell_ma_acfr22_-_final_002.pdf https://jamesnicholsworley.github.io/civicatlasma/pdfs/Norwell2022.pdf https://townofnorwell.net/Documents/Departments/Town%20Accountant/Annual%20Comprehensive%20Financial%20Reports/fy24_afcr.pdf,published,official
Norwell,2023,regular,yes,NEWS,https://www.patriotledger.com/story/news/2023/05/23/norwell-ma-election-results-town-clerk-patricia-anderson/70242354007/,,manual_sources,manual,,95,Norwell2023_d0.pdf,,yes,hosted,https://jamesnicholsworley.github.io/civicatlasma/markdown/Norwell2023.md,playwright+docling-2.66.0,,published,news
Norwell,2024,regular,yes,ATR,https://web.archive.org/web/20240528005925/https://www.townofnorwell.net/sites/g/files/vyhlif1011/f/news/copy_of_annual_town_election_results_51824.pdf,,scraper_sheet9,low,citation found 2026-08-23 by sha256: bytes identical to the held PDF,70,,no,no,published,,,https://townofnorwell.net/Documents/Departments/Town%20Accountant/Annual%20Comprehensive%20Financial%20Reports/fy24_afcr.pdf,published,official
Norwell,2025,regular,yes,NEWS,https://public.tableau.com/app/profile/jackie.adams2136/viz/NorwellMay17thElection/ElectionResults,,tableau_public_workbook,medium,"RECOVERED 2026-08-21 from a TABLEAU PUBLIC dashboard - a source type no crawl or archive sweep would ever reach. Owner-supplied. Method: the viz downloads as https://public.tableau.com/workbooks/NorwellMay17thElection.twb, which is actually a ZIP (.twbx) containing a .hyper extract; read with tableauhyperapi. 69 rows, full PER-PRECINCT breakdown (Precinct 1/2/3) plus totals, seat counts ('Vote For #'), and a winner flag. 2 -> 12 races. ARITHMETIC: all 12 offices AND both ballot questions close EXACTLY on 3,572 ballots (2-seat races on 7,144); every candidate row's precinct figures sum to its own total. That internal consistency across 14 independent races is why this is trusted. DISCREPANCY WITH THE PRESS, resolved in favour of this source: WATD and the South Shore Times both report Select Board as McGrath 1892 / Layne 1853 / Cleveland 1548; this data gives 1908 / 1865 / 1559 (+16/+12/+11). The press figures cannot be reconciled against ballots x seats because no outlet printed blanks; these can, and do. The press numbers look like an election-night partial. NAME: confirmed 'Lorenda Layne' and 'Mark vB Cleveland' - both news outlets print 'Lorinda Lane', which the town's own specimen ballot and two sets of minutes contradict. PROVENANCE CAVEAT: the Tableau profile (jackie.adams2136) is not identifiably the Town Clerk, so this is recorded as source_kind=other, not official. It carries per-precinct detail only the clerk would hold and office descriptions copied verbatim from townofnorwell.net. The town's own results page was lost when Town Hall moved 5/29-5/30 2025 and the site was rebuilt on Revize without migrating the Drupal news content. Workbook and extracted CSV held at data/sources/Norwell2025_tableau_*. Ballot questions excluded as out of scope: Q1 override Yes 1701 / No 1835.",70,,,no,hosted,,playwright+docling-2.66.0,,published,news
Norwell,2026,regular,yes,,https://959watd.com/blog/2026/05/norwell-election-results/,,,,,,,no,no,missing,,,,published,news
Norwood,2021,regular,yes,LEO,https://cms5.revize.com/revize/norwoodma/TCA/ate%20offical%20results.pdf,https://jamesnicholsworley.github.io/civicatlasma/pdfs/Norwood2021_d0.pdf,manual_sources,manual,,95,Norwood2021_d0.pdf,yes,yes,hosted,https://jamesnicholsworley.github.io/civicatlasma/markdown/Norwood2021.md,pypdf,,published,other
Norwood,2022,regular,yes,LEO,https://cms5.revize.com/revize/norwoodma/ATE%20tally%20Sheet%202022.pdf,https://jamesnicholsworley.github.io/civicatlasma/pdfs/Norwood2022_d0.pdf,manual_sources,manual,,95,Norwood2022_d0.pdf,yes,yes,hosted,https://jamesnicholsworley.github.io/civicatlasma/markdown/Norwood2022.md,pypdf,,published,other
Norwood,2023,regular,yes,LEO,https://cms5.revize.com/revize/norwoodma/20230412145842890.pdf,https://jamesnicholsworley.github.io/civicatlasma/pdfs/Norwood2023_d0.pdf,manual_sources,manual,,95,Norwood2023_d0.pdf,yes,yes,hosted,https://jamesnicholsworley.github.io/civicatlasma/markdown/Norwood2023.md,docling-2.66.0,,published,other
Norwood,2024,regular,yes,LEO,https://jamesnicholsworley.github.io/civicatlasma/Norwood_4_1_2024_ATE_OFFICIAL_RESULTS.pdf,https://jamesnicholsworley.github.io/civicatlasma/pdfs/Norwood2024_d0.pdf,manual_sources,manual,,95,Norwood2024_d0.pdf,yes,yes,hosted,https://jamesnicholsworley.github.io/civicatlasma/markdown/Norwood2024.md,pypdf,,published,official
Norwood,2025,regular,yes,LEO,https://www.norwoodma.gov/Clerk/4.7.2025%20ATE%20OFFICIAL%20RESULTS.pdf,,manual_sources,manual,VISUAL REVIEW 2026-08-20: 13-page OFFICIAL RESULTS attested per page by Town Clerk Mary Lou Folan; 279 names CONFIRMED = 9 town-wide + 9 TMM districts of 29 seats; all races close on 2931 x seats. CAUTION: the named write-ins printed in red are a BREAKDOWN of the WRITE-INS row (named + SCATTERING = WRITE-INS) - never double-count them | CITATION REPAIRED 2026-08-21 (live URL recovered): 200 via curl_cffi chrome; revize origin moved from norwoodma to norwoodma25; 13pg Norwood Annual Town Election April 7 2,95,,no,no,hosted,,pypdf,,published,other
Norwood,2026,regular,yes,custom-search,https://www.norwoodma.gov/Clerk/April%206%202026%20ATE%20OFFICIAL%20RESULTS.pdf?t=202604131525170,,harvest-lead:sha256,,citation_proven_against_held_pdf,,,no,no,pdf_hosted,,,,published,official
Oak Bluffs,2021,regular,yes,LEO,https://vineyardgazette.com/news/2021/04/15/emma-green-beach-jason-balboni-win-select-board-race-oak-bluffs,,manual,high,manual_ingest,70,,no,no,published,,,https://www.oakbluffsma.gov/DocumentCenter/View/1300/Summary-of-the-Conflict-of-Interest-Law-for-Municipal-Employees--PDF?bidId=,published,news
Oak Bluffs,2022,regular,yes,LEO,https://www.mvtimes.com/2022/04/14/three-towns-going-polls/,https://jamesnicholsworley.github.io/civicatlasma/pdfs/OakBluffs2022_d0.pdf,manual,low,split:multi-town document shared with Edgartown2022,70,OakBluffs2022_d0.pdf,,yes,hosted,https://jamesnicholsworley.github.io/civicatlasma/markdown/Edgartown2022.md,,https://www.oakbluffsma.gov/DocumentCenter/View/3599/Oak-Bluffs---MA-Municipal-Vulnerability-Preparedness-Report?bidId=,published,news
Oak Bluffs,2023,regular,yes,NEWS,https://vineyardgazette.com/news/2023/04/13/dion-alley-thomas-hallahan-win-oak-bluffs-select-board-race,,manual_sources,manual,,95,OakBluffs2023_d0.pdf,,yes,hosted,https://jamesnicholsworley.github.io/civicatlasma/markdown/OakBluffs2023.md,playwright+docling-2.66.0,,published,news
Oak Bluffs,2024,regular,yes,LEO,https://vineyardgazette.com/news/2024/04/11/green-beach-leonard-win-oak-bluffs-select-board-race,,manual,medium,manual_ingest,90,,no,no,published,,,https://www.oakbluffsma.gov/DocumentCenter/View/1300/Summary-of-the-Conflict-of-Interest-Law-for-Municipal-Employees--PDF,published,news
Oak Bluffs,2025,regular,yes,LEO,https://www.oakbluffsma.gov/DocumentCenter/View/12358,https://jamesnicholsworley.github.io/civicatlasma/pdfs/OakBluffs2025_d0.pdf,collect-crawl,spraped,replacement_verified,70,OakBluffs2025_d0.pdf,yes,yes,hosted,https://jamesnicholsworley.github.io/civicatlasma/markdown/OakBluffs2025.md,tesseract,https://oakbluffsma.gov/DocumentCenter/View/12344,published,official
Oak Bluffs,2026,regular,yes,cohort-2026,https://oakbluffsma.gov/DocumentCenter/View/13154,,,,,,,no,yes,hosted,,,,published,official
Oakham,2021,regular,yes,LEO,https://www.oakham-ma.gov/DocumentCenter/View/302/Fy2021-Annual-Town-Report-PDF,https://jamesnicholsworley.github.io/civicatlasma/pdfs/Oakham2021_d0.pdf,manual,high,manual_ingest,70,Oakham2021_d0.pdf,yes,yes,pdf_hosted,,,,published,official
Oakham,2022,regular,yes,ATR,https://www.oakham-ma.gov/DocumentCenter/View/303/Fy2022-Annual-Town-Report-PDF,https://jamesnicholsworley.github.io/civicatlasma/pdfs/Oakham2022_d0.pdf,dive_atr,high,atr_cropped,70,Oakham2022_d0.pdf,yes,yes,pdf_hosted,,,,published,official
Oakham,2023,regular,yes,LEO,https://www.oakham-ma.gov/DocumentCenter/View/302/Fy2023-Annual-Town-Report-PDF,,manual,high,"THE ELECTION FELL THROUGH THE SEAM BETWEEN TWO ANNUAL REPORTS. Oakham prints its returns in full in its own annual report, with exactly the figures the rule needs -- the FY2023 volume gives the September 2022 state primary as 'Total number of ballots cast 402 / names checked 402 / eligible to vote 1497 / 26%', and the FY2024 volume gives the September 2023 special the same way. So the channel is proven, not assumed. Both volumes were fetched from the town DocumentCenter (ids 304 and 305) and read page by page. FY2023 carries the state primary of 6 September 2022, a special town election the same day, and the state election of 8 November 2022, and then stops. FY2024 opens with the special town election of 14 September 2023 and runs through the annual town election of 20 May 2024. The annual town election of May 2023 is in NEITHER. It is not a filtering artefact: every election section in both volumes is headed and was listed, and the only other hit on the phrase in FY2023 is a budget line reading 'Town Clerk Elections' and a warrant article referring forward to the 2024 election. The FY2023 volume is also mis-titled: it closes with dog licences for July 2021 to June 2022, so the series runs a year behind its own label, which is how the May 2023 sitting fell between the covers. THE ELECTION DID HAPPEN, and the winners are named. FY2024 page 13, Town Elected Officers, lists three-year terms expiring 2026, which can only have been filled in 2023: Donald Haapakoski (Selectmen), Amanda Carroll (Assessors), Ariana O'Neill (Board of Health), Susan Meyer (Library Trustees), Matthew Brunelle (Cemetery Commission) and Dennis Bergin (Moderator). No tally and no turnout for that sitting appears in either volume, so the row stays open. WEEKLY PAPER MEASURED TOO. The Barre Gazette covers Oakham and keeps whole issues as PDFs at barregazette.turley.com/bg_archive/. The unfiltered CDX sweep indexed 268 Barre Gazette issues, and NONE of them is from May or June 2023 -- the archive holds that title densely for 2022 (nine issues across those two months) and not for 2023. Unreachable rather than absent: the issue that would carry this return was never captured. THE ELECTION HAPPENED -- PROVEN FROM TERM-END YEARS -- AND THE TOWN'S OWN REPORTS SKIP IT. This supersedes my earlier suggestion that the row might be no_election, which I withdrew, and now closes the question with positive evidence rather than a pattern argument. Oakham's 2024 annual report, page 13, 'Town Elected Officers, Three-Year Terms', lists SEVEN officers whose terms expire in 2026 -- Donald Haapakoski (Selectmen), Amanda Carroll (Assessors), Ariana O'Neill (Board of Health), Susan Meyer (Library Trustees), Matthew Brunelle (Cemetery), Walter Nutter (School Committee) and Dennis Bergin (Moderator). A three-year term expiring in 2026 was conferred in 2023. The election was held. WHY IT IS STILL MISSING. Oakham's Town Clerk records every election verbatim, with poll hours, ballot counts and tallies, and the two volumes run straight past it: the 2023 volume covers the SEPTEMBER 2022 state primary and the NOVEMBER 2022 state election, and the 2024 volume opens with the SPECIAL TOWN ELECTION of 14 September 2023 (called after Selectman Bradford Taylor resigned 27 June 2023; Aaron Langlois beat Michael Brunelle 234 to 233) and continues through the October and November 2023 specials, the March 2024 presidential primary and the ANNUAL TOWN ELECTION of 20 May 2024. Between November 2022 and September 2023 the clerk records nothing at all. The May 2023 annual town election is a hole in the town's own sequence. CHANNELS MEASURED: DocumentCenter ids 1-1100 with a passing control (only the 2026 results exist); the sitemap (160 URLs, one election-related, none 2023); both State Library volumes read in full; and the Barre Gazette, which does cover Oakham elections in detail, has a Wayback gap running from 6 April 2023 to 17 August 2023 -- straight over the 15 May election.",70,,no,no,pdf_hosted,,,,no_source,official
Oakham,2024,regular,yes,ATR,https://www.oakham-ma.gov/DocumentCenter/View/305/Fy2024-Annual-Town-Report-PDF,https://jamesnicholsworley.github.io/civicatlasma/pdfs/Oakham2024_d0.pdf,dive_atr,high,atr_cropped,70,Oakham2024_d0.pdf,yes,yes,pdf_hosted,,,,published,official
Oakham,2025,regular,yes,LEO,https://www.oakham-ma.gov/DocumentCenter/View/1018/FY2025-Annual-Town-Report,https://jamesnicholsworley.github.io/civicatlasma/pdfs/Oakham2025_d0.pdf,manual,high,manual_ingest,70,Oakham2025_d0.pdf,yes,yes,pdf_hosted,,,,published,official
Oakham,2026,regular,yes,cohort-2026,https://oakham-ma.gov/DocumentCenter/View/1016/Official-Annual-Town-Election-Results-5-18-2026pdf,,,,,,,no,no,hosted,,,,published,official
Orange,2021,regular,yes,LEO,https://archive.org/download/annualreportoft2021unse_0/annualreportoft2021unse_0.pdf,https://jamesnicholsworley.github.io/civicatlasma/pdfs/Orange2021_d0.pdf,manual,low,manual_ingest,70,Orange2021_d0.pdf,yes,yes,pdf_hosted,,,,published,official
Orange,2022,regular,yes,LEO,https://www.townoforange.org/sites/g/files/vyhlif1036/f/uploads/2022-03-07_town_election_results_1.pdf,,manual,,manual_ingest,,,no,no,pdf_hosted,,,,published,official
Orange,2023,regular,yes,NEWS,https://www.atholdailynews.com/No-surprises-in-Orange-election-50189618,,manual_sources,manual,wayback_render,95,Orange2023_d0.pdf,no,yes,hosted,https://jamesnicholsworley.github.io/civicatlasma/markdown/Orange2023.md,wayback+docling-2.66.0,,published,news
Orange,2024,regular,yes,NEWS,https://www.recorder.com/Smith-Davis-win-Selectboard-seats-in-Orange-53951780,,manual,low,runner_fetch,70,Orange2024_d0.pdf,,yes,hosted,https://jamesnicholsworley.github.io/civicatlasma/markdown/Orange2024.md,docling-html,,published,news
Orange,2025,regular,yes,LEO,https://www.townoforange.org/DocumentCenter/View/939/2025-03-03-Town-Election-Results,https://jamesnicholsworley.github.io/civicatlasma/pdfs/Orange2025_d0.pdf,collect-exa,low,auto_resourced,70,Orange2025_d0.pdf,yes,yes,hosted,https://jamesnicholsworley.github.io/civicatlasma/markdown/Orange2025.md,pypdf,,published,official
Orange,2026,regular,yes,harvest-lead,https://www.townoforange.org/DocumentCenter/View/1160,https://jamesnicholsworley.github.io/civicatlasma/pdfs/Orange2026_d0.pdf,manual,,manual_ingest,,Orange2026_d0.pdf,yes,no,pdf_hosted,,,,published,official
Orleans,2021,regular,yes,LEO,https://www.town.orleans.ma.us/DocumentCenter/View/1147/2021-Annual-Town-Election---May-PDF,https://jamesnicholsworley.github.io/civicatlasma/pdfs/Orleans2021_d0.pdf,verified_yes,scraped,YES,90,Orleans2021_d0.pdf,yes,yes,hosted,https://jamesnicholsworley.github.io/civicatlasma/markdown/Orleans2021.md,pypdf,,published,official
Orleans,2022,regular,yes,LEO,https://ma-orleans.civicplus.com/DocumentCenter/View/3142/May-2022-Final-Town-Election-Results,https://jamesnicholsworley.github.io/civicatlasma/pdfs/Orleans2022_d0.pdf,collect-crawl,high,auto_resourced,90,Orleans2022_d0.pdf,yes,yes,pdf_hosted,,,,published,other
Orleans,2023,regular,yes,LEO,https://www.town.orleans.ma.us/DocumentCenter/View/5730/Final-Certified-May-16-2023-Annual-Town-Election-Results,https://jamesnicholsworley.github.io/civicatlasma/pdfs/Orleans2023_d0.pdf,manual_sources,manual,,95,Orleans2023_d0.pdf,yes,yes,hosted,https://jamesnicholsworley.github.io/civicatlasma/markdown/Orleans2023.md,docling-2.66.0,,published,official
Orleans,2024,regular,yes,LEO,https://www.town.orleans.ma.us/DocumentCenter/View/7386/May-21-2024-Final-Annual-Election-Results,https://jamesnicholsworley.github.io/civicatlasma/pdfs/Orleans2024_d0.pdf,verified_yes,scraped,YES,90,Orleans2024_d0.pdf,yes,yes,hosted,https://jamesnicholsworley.github.io/civicatlasma/markdown/Orleans2024.md,pypdf,,published,official
Orleans,2025,regular,yes,LEO,https://www.town.orleans.ma.us/DocumentCenter/View/9116/Annual-Town-Election-Results---May-20-2025,https://jamesnicholsworley.github.io/civicatlasma/pdfs/Orleans2025_d0.pdf,crawl,high,auto_resourced,90,Orleans2025_d0.pdf,yes,yes,hosted,https://jamesnicholsworley.github.io/civicatlasma/markdown/Orleans2025.md,pypdf,,published,official
Orleans,2026,regular,yes,cohort-2026,https://town.orleans.ma.us/DocumentCenter/View/11135/Offical-Results---Annual-Town-Election---May-19th-2026,,,,,,,no,yes,hosted,,,,published,official
Otis,2021,regular,yes,LEO,https://townofotisma.com/Documents/Boards%20Commissions/Elections%20Board%20of%20Registrars/Annual-Town-Election-Results-05-25-2021.pdf,https://jamesnicholsworley.github.io/civicatlasma/pdfs/Otis2021_d0.pdf,manual,medium,manual_ingest,70,Otis2021_d0.pdf,yes,yes,pdf_hosted,,,,published,official
Otis,2022,regular,yes,LEO,https://www.townofotisma.com/Documents/Boards%20Commissions/Elections%20Board%20of%20Registrars/Annual-Town-Election-Results-05-24-2022.pdf?t=202509251301510,https://jamesnicholsworley.github.io/civicatlasma/pdfs/Otis2022_d0.pdf,manual,high,manual_ingest,70,Otis2022_d0.pdf,yes,yes,pdf_hosted,,,,published,official
Otis,2023,regular,yes,LEO,https://www.townofotisma.com/Documents/Boards%20Commissions/Elections%20Board%20of%20Registrars/Annual-Town-Election-Results-05-23-2023.pdf,https://jamesnicholsworley.github.io/civicatlasma/pdfs/Otis2023_d0.pdf,manual,manual,manual_ingest,95,Otis2023_d0.pdf,yes,yes,pdf_hosted,,,,published,official
Otis,2024,regular,yes,owner-supplied-2026-08-23-small_towns_ingest_3,https://www.berkshireeagle.com/news/southern_berkshires/otos-select-board-member-therese-gould-fends-off-challenge/article_af0e0644-1d5d-11ef-8174-e7475623d57e.html,https://jamesnicholsworley.github.io/civicatlasma/pdfs/Otis2024_d0.pdf,manual,medium,manual_ingest,70,Otis2024_d0.pdf,yes,no,pdf_hosted,,,https://www.townofotisma.com/Documents/Boards%20Commissions/Elections%20Board%20of%20Registrars/Presidential-Primary-Results-03-05-2024.pdf?t=202509251301520,published,news
Otis,2025,regular,yes,LEO,https://web.archive.org/web/20250528214055id_/https://townofotisma.com/wp-content/uploads/2025/05/Annual-Town-Election-Results-05-27-2025.pdf,https://jamesnicholsworley.github.io/civicatlasma/pdfs/Otis2025_d0.pdf,manual,high,url_recovered:wayback_2025-05-28 | CITATION REPAIRED 2026-08-21 (Wayback capture cited): 200 via curl_cffi chrome; 3pg PDF p1 reads May 27 2025 Annual Town Election with 1332 registered voters in Otis; sha256,70,Otis2025_d0.pdf,yes,yes,pdf_hosted,,,https://townofotisma.com/Documents/Event%20Flyers/Elections/Voter%20Registration%20Session%20STM.pdf,published,official
Otis,2026,regular,yes,rendered-town-page,https://townofotisma.com/Documents/Boards%20Commissions/Elections%20Board%20of%20Registrars/Elections/2026/Annual%20Town%20Election%20Results%2005-26-2026%20UPDATED%20SPELLING%20AND%20FORMATTING.pdf?t=202605270944310,https://jamesnicholsworley.github.io/civicatlasma/pdfs/Otis2026_d0.pdf,manual,,manual_ingest,,Otis2026_d0.pdf,yes,no,pdf_hosted,,,https://www.miltonma.gov/DocumentCenter/View/10177/2026-Annual-Town-Election-Unofficial-Results-4282026,published,official
Oxford,2021,regular,yes,LEO,https://oxfordma.us/DocumentCenter/View/2373/May-18-2021---Official-Annual-Town-Election-Results,https://jamesnicholsworley.github.io/civicatlasma/pdfs/Oxford2021_d0.pdf,manual_sources,manual,,95,Oxford2021_d0.pdf,yes,yes,hosted,https://jamesnicholsworley.github.io/civicatlasma/markdown/Oxford2021.md,pypdf,,published,official
Oxford,2022,regular,yes,LEO,https://oxfordma.us/DocumentCenter/View/2372/May-17-2022---Official-Annual-Town-Election-Results,https://jamesnicholsworley.github.io/civicatlasma/pdfs/Oxford2022_d0.pdf,manual_sources,manual,,95,Oxford2022_d0.pdf,yes,yes,hosted,https://jamesnicholsworley.github.io/civicatlasma/markdown/Oxford2022.md,pypdf,,published,official
Oxford,2023,regular,yes,LEO,https://oxfordma.us/ArchiveCenter/ViewFile/Item/161,https://jamesnicholsworley.github.io/civicatlasma/pdfs/Oxford2023_d0.pdf,manual_sources,manual,,95,Oxford2023_d0.pdf,yes,yes,hosted,https://jamesnicholsworley.github.io/civicatlasma/markdown/Oxford2023.md,pypdf,,published,official
Oxford,2024,regular,yes,LEO,https://oxfordma.us/DocumentCenter/View/1624/May-21-2024---Official-Annual-Town-Election-Results-,https://jamesnicholsworley.github.io/civicatlasma/pdfs/Oxford2024_d0.pdf,manual_sources,manual,,95,Oxford2024_d0.pdf,yes,yes,hosted,https://jamesnicholsworley.github.io/civicatlasma/markdown/Oxford2024.md,docling-2.66.0,,published,official
Oxford,2025,regular,yes,LEO,https://oxfordma.us/DocumentCenter/View/2306/May-20-2025---Official-Annual-Town-Election-Results,https://jamesnicholsworley.github.io/civicatlasma/pdfs/Oxford2025_d0.pdf,manual_sources,manual,,95,Oxford2025_d0.pdf,yes,yes,hosted,https://jamesnicholsworley.github.io/civicatlasma/markdown/Oxford2025.md,docling-2.66.0,,published,official
Oxford,2026,regular,yes,cohort-2026,https://oxfordma.us/DocumentCenter/View/2845/May-19-2026---Official-Annual-Town-Election-Results,,,,,,,no,yes,hosted,,,,published,official
Palmer,2021,regular,yes,LEO,https://www.townofpalmer.com/vertical/sites/%7B034F9CAE-5196-4551-90C2-FBFD76374BDB%7D/uploads/20210609_145134(2).pdf,https://jamesnicholsworley.github.io/civicatlasma/pdfs/Palmer2021_d0.pdf,scraper_sheet9,spraped,,70,Palmer2021_d0.pdf,yes,yes,hosted,https://jamesnicholsworley.github.io/civicatlasma/markdown/Palmer2021.md,docling-2.66.0,,published,official
Palmer,2022,regular,yes,LEO,https://www.townofpalmer.com/vertical/sites/%7B034F9CAE-5196-4551-90C2-FBFD76374BDB%7D/uploads/img06152022_0001(1).pdf,https://jamesnicholsworley.github.io/civicatlasma/pdfs/Palmer2022_d0.pdf,scraper_sheet9,spraped,,70,Palmer2022_d0.pdf,yes,yes,hosted,https://jamesnicholsworley.github.io/civicatlasma/markdown/Palmer2022.md,docling-2.66.0,,published,official
Palmer,2023,regular,yes,LEO,https://www.townofpalmer.com/vertical/sites/%7B034F9CAE-5196-4551-90C2-FBFD76374BDB%7D/uploads/20230614_085538(2).pdf,https://jamesnicholsworley.github.io/civicatlasma/pdfs/Palmer2023_d0.pdf,manual_sources,manual,,95,Palmer2023_d0.pdf,yes,yes,hosted,https://jamesnicholsworley.github.io/civicatlasma/markdown/Palmer2023.md,docling-2.66.0,,published,official
Palmer,2024,regular,yes,LEO,https://www.townofpalmer.com/vertical/sites/%7B034F9CAE-5196-4551-90C2-FBFD76374BDB%7D/uploads/Town_of_Palmer_Official_Results.pdf,https://jamesnicholsworley.github.io/civicatlasma/pdfs/Palmer2024_d0.pdf,scraper_sheet9,spraped,,70,Palmer2024_d0.pdf,yes,yes,hosted,https://jamesnicholsworley.github.io/civicatlasma/markdown/Palmer2024.md,docling-2.66.0,,published,official
Palmer,2025,regular,yes,NEWS,https://www.townofpalmer.com/uploads/dm/80794/20250610_Palmer_ResultsOfficial.pdf,https://jamesnicholsworley.github.io/civicatlasma/pdfs/Palmer2025_d0.pdf,manual,spraped,manual_verified_replaces_gnews_rss,70,Palmer2025_d0.pdf,yes,yes,pdf_hosted,,,,published,official
Palmer,2026,regular,yes,custom-search,https://townofpalmer.com/uploads/dm/80795/20260610_Palmer_ResultsOfficial.pdf,,,,citation found 2026-08-23 by sha256: bytes identical to the held PDF,,,no,no,pdf_hosted,,,,published,official
Paxton,2021,regular,yes,LEO,https://www.paxtonma.gov/DocumentCenter/View/304/5-12-2021-Annual-Town-Election-Official-Results,,manual,low,manual_ingest,70,,no,no,published,,,https://www.townofpaxton.net/sites/g/files/vyhlif4846/f/uploads/municipal_retention_schedule_20161109.pdf,published,official
Paxton,2022,regular,yes,LEO,https://www.paxtonma.gov/DocumentCenter/View/310/5-9-2022-Annual-Town-Election-Official-Results,,manual,,manual_ingest,,,no,no,published,,,http://www.townofpaxton.net/sites/g/files/vyhlif4846/f/pages/5.9.2022_ate_official_results.pdf,published,official
Paxton,2023,regular,yes,LEO,https://www.paxtonma.gov/DocumentCenter/View/309/5-8-2023-Annual-Town-Official-Election-Results,,manual,manual,"not_a_return (read 2026-08-23): 'The following candidates will be listed on the May 8, 2023 Town Election as Caucus Nominees if they accept the nomination'",95,,no,no,missing,,,https://www.townofpaxton.net/sites/g/files/vyhlif4846/f/uploads/2023_caucus_results.pdf,published,official
Paxton,2024,regular,yes,LEO,https://www.paxtonma.gov/DocumentCenter/View/318/5-13-2024-Annual-Town-Election-Results,,manual,low,manual_ingest,70,,no,no,published,,,https://www.townofpaxton.net/sites/g/files/vyhlif4846/f/events/testing_of_the_election_equipment_for_11.5.2024.pdf,published,official
Paxton,2025,regular,yes,LEO,https://www.paxtonma.gov/DocumentCenter/View/327/5-12-2025-Annual-Town-Election-OFFICAL-Results,https://jamesnicholsworley.github.io/civicatlasma/pdfs/Paxton2025_d0.pdf,manual,low,ocr_triage:wrong_doc | CITATION REPAIRED 2026-08-21 (live URL recovered): 200 via curl_cffi chrome on the new paxtonma.gov domain; 1pg OFFICIAL Results Town of Paxton Annual Town Election May 12,70,Paxton2025_d0.pdf,yes,yes,pdf_hosted,,,,published,official
Paxton,2026,regular,yes,serpapi,https://www.paxtonma.gov/DocumentCenter/View/4567/UNOFFICIAL-Results-ATE-5112026,https://jamesnicholsworley.github.io/civicatlasma/pdfs/Paxton2026_d0.pdf,manual,,manual_ingest,,Paxton2026_d0.pdf,yes,no,pdf_hosted,,,,published,official
Peabody,2021,regular,yes,LEO,https://peabody-ma.gov/city%20clerk/Municipal%20Election%20Final%20110221.pdf,https://jamesnicholsworley.github.io/civicatlasma/pdfs/Peabody2021_d0.pdf,manual_sources,manual,,95,Peabody2021_d0.pdf,yes,yes,hosted,https://jamesnicholsworley.github.io/civicatlasma/markdown/Peabody2021.md,pypdf,,published,official
Peabody,2022,regular,no,CITY_ODD_YEAR_CYCLE,,,,,,,Peabody2022_d0.pdf,,no,no_election,,,,no_election,other
Peabody,2023,regular,yes,LEO,https://peabody-ma.gov/archive-election-results.html,,manual,manual,manual_ingest,95,,no,no,pdf_hosted,,,,published,official
Peabody,2024,regular,no,CITY_ODD_YEAR_CYCLE,,,,,,,Peabody2024_d0.pdf,,no,no_election,,,,no_election,other
Peabody,2025,regular,yes,LEO,https://www.peabody-ma.gov/city%20clerk/110425%20Peabody%20Municipal%20Election%20FINAL%20Results.pdf,https://jamesnicholsworley.github.io/civicatlasma/pdfs/Peabody2025_d0.pdf,manual,manual,manual_ingest,100,Peabody2025_d0.pdf,yes,yes,pdf_hosted,https://jamesnicholsworley.github.io/civicatlasma/markdown/Peabody2025.md,docling-2.66.0,,published,official
Peabody,2026,regular,no,,,,,,"no_election: even-year row seeded from the 2024 cohort, 2026-08-19",,,,,,,,,no_election,other
Pelham,2021,regular,yes,LEO,https://www.townofpelham.org/sites/g/files/vyhlif4851/f/pages/2021_ftm_results.pdf,https://jamesnicholsworley.github.io/civicatlasma/pdfs/Pelham2021_d0.pdf,manual,,manual_ingest,,Pelham2021_d0.pdf,yes,yes,pdf_hosted,,,,published,official
Pelham,2022,regular,yes,LEO,https://www.townofpelham.org/sites/g/files/vyhlif4851/f/pages/2022_stm_results.pdf,https://jamesnicholsworley.github.io/civicatlasma/pdfs/Pelham2022_d0.pdf,manual,,manual_ingest,,Pelham2022_d0.pdf,yes,yes,pdf_hosted,,,,published,official
Pelham,2023,regular,yes,LEO,https://www.townofpelham.org/sites/g/files/vyhlif4851/f/pages/results_2023_atm.pdf,https://jamesnicholsworley.github.io/civicatlasma/pdfs/Pelham2023_d0.pdf,manual,,manual_ingest,,Pelham2023_d0.pdf,yes,yes,pdf_hosted,,,,published,official
Pelham,2024,regular,yes,LEO,https://pelhamma.gov/files/2024_Annual_Town__Election_Unofficial_Results.pdf,https://jamesnicholsworley.github.io/civicatlasma/pdfs/Pelham2024_d0.pdf,manual,,manual_ingest,,Pelham2024_d0.pdf,yes,yes,pdf_hosted,,,,published,official
Pelham,2025,regular,yes,LEO,https://pelhamma.gov/files/2025_ATE_Official_Results.pdf,https://jamesnicholsworley.github.io/civicatlasma/pdfs/Pelham2025_d0.pdf,manual,,manual_ingest,,Pelham2025_d0.pdf,yes,yes,pdf_hosted,,,,published,official
Pelham,2026,regular,yes,cohort-2026,wayback-recovery,,,,,,,no,no,hosted,,,,published,official
Pembroke,2021,regular,yes,LEO,https://ma-pembroke.civicplus.com/DocumentCenter/View/657/June-26-2021-PDF,https://jamesnicholsworley.github.io/civicatlasma/pdfs/Pembroke2021_d0.pdf,manual,manual,manual_ingest,95,Pembroke2021_d0.pdf,yes,yes,pdf_hosted,,,,published,other
Pembroke,2022,regular,yes,LEO,https://ma-pembroke.civicplus.com/DocumentCenter/View/660/May-14-2022-Local-Election-PDF,https://jamesnicholsworley.github.io/civicatlasma/pdfs/Pembroke2022_d0.pdf,crawl,manual,crawl_verified,95,Pembroke2022_d0.pdf,yes,yes,hosted,https://jamesnicholsworley.github.io/civicatlasma/markdown/Pembroke2022.md,pypdf(recrawl),,published,other
Pembroke,2023,regular,yes,LEO,https://www.pembroke-ma.gov/sites/g/files/vyhlif3666/f/uploads/may_13_town_elections_results_sheet_1.pdf,https://jamesnicholsworley.github.io/civicatlasma/pdfs/Pembroke2023_d0.pdf,manual_sources,manual,,95,Pembroke2023_d0.pdf,yes,yes,hosted,https://jamesnicholsworley.github.io/civicatlasma/markdown/Pembroke2023.md,pypdf,,published,official
Pembroke,2024,regular,yes,LEO,https://ma-pembroke.civicplus.com/DocumentCenter/View/662/May-18-2024-Local-Election-Results-PDF,https://jamesnicholsworley.github.io/civicatlasma/pdfs/Pembroke2024_d0.pdf,crawl,manual,crawl_verified,95,Pembroke2024_d0.pdf,yes,yes,hosted,https://jamesnicholsworley.github.io/civicatlasma/markdown/Pembroke2024.md,pypdf(recrawl),,published,other
Pembroke,2025,regular,yes,LEO,https://ma-pembroke.civicplus.com/DocumentCenter/View/661/May-17-2025-Local-Election-Results-PDF,https://jamesnicholsworley.github.io/civicatlasma/pdfs/Pembroke2025_d0.pdf,manual,manual,manual_ingest,95,Pembroke2025_d0.pdf,yes,yes,pdf_hosted,,,,published,other
Pembroke,2026,regular,yes,cohort-2026,https://www.pembroke-ma.gov/DocumentCenter/View/8041,,,,,,,no,yes,hosted,,,,published,official
Pepperell,2021,regular,yes,LEO,https://town.pepperell.ma.us/DocumentCenter/View/6019/20210426-OFFICIAL-RESULTS---Annual-Town-Election,https://jamesnicholsworley.github.io/civicatlasma/pdfs/Pepperell2021_d0.pdf,crawl,high,crawl_verified,70,Pepperell2021_d0.pdf,yes,yes,hosted,https://jamesnicholsworley.github.io/civicatlasma/markdown/Pepperell2021.md,pypdf(recrawl),,published,official
Pepperell,2022,regular,yes,LEO,https://www.town.pepperell.ma.us/DocumentCenter/View/7223/20220425-OFFICIAL-RESULTS---Annual-Town-Election,https://jamesnicholsworley.github.io/civicatlasma/pdfs/Pepperell2022_d0.pdf,scraper_sheet9,spraped,,70,Pepperell2022_d0.pdf,yes,yes,hosted,https://jamesnicholsworley.github.io/civicatlasma/markdown/Pepperell2022.md,pypdf,,published,official
Pepperell,2023,regular,yes,LEO,https://www.town.pepperell.ma.us/DocumentCenter/View/8060/20230424-OFFICIAL-RESULTS---Annual-Town-Election,https://jamesnicholsworley.github.io/civicatlasma/pdfs/Pepperell2023_d0.pdf,manual_sources,manual,,95,Pepperell2023_d0.pdf,yes,yes,hosted,https://jamesnicholsworley.github.io/civicatlasma/markdown/Pepperell2023.md,pypdf,,published,official
Pepperell,2024,regular,yes,LEO,https://www.town.pepperell.ma.us/DocumentCenter/View/8670/20240422-OFFICIAL-RESULTS---Annual-Town-Election,https://jamesnicholsworley.github.io/civicatlasma/pdfs/Pepperell2024_d0.pdf,scraper_sheet9,spraped,,70,Pepperell2024_d0.pdf,yes,yes,hosted,https://jamesnicholsworley.github.io/civicatlasma/markdown/Pepperell2024.md,pypdf,,published,official
Pepperell,2025,regular,yes,LEO,https://www.town.pepperell.ma.us/DocumentCenter/View/9832/OFFICIAL-RESULTS-20250428,https://jamesnicholsworley.github.io/civicatlasma/pdfs/Pepperell2025_d0.pdf,scraper_sheet9,spraped,,70,Pepperell2025_d0.pdf,yes,yes,hosted,https://jamesnicholsworley.github.io/civicatlasma/markdown/Pepperell2025.md,pypdf,,published,official
Pepperell,2026,regular,yes,cohort-2026,https://town.pepperell.ma.us/DocumentCenter/View/12416/Official20260427,,,,,,,no,yes,hosted,,,,published,official
Peru,2021,regular,yes,LEO,"https://files.heygov.com/townofperuma.com/Annual Town Election Results June 12, 2021.pdf",https://jamesnicholsworley.github.io/civicatlasma/pdfs/Peru2021_d0.pdf,manual,spraped,manual_ingest,70,Peru2021_d0.pdf,yes,yes,pdf_hosted,,,,published,official
Peru,2022,regular,yes,town-website-image,https://files.heygov.com/townofperuma.com/june_11_2022_election_results.jpg,https://jamesnicholsworley.github.io/civicatlasma/pdfs/Peru2022_d0.pdf,manual,spraped,manual_ingest,70,Peru2022_d0.pdf,yes,no,pdf_hosted,,,,published,official
Peru,2023,regular,yes,LEO,https://files.heygov.com/townofperuma.com/annual_town_election_june_10_2023.pdf,https://jamesnicholsworley.github.io/civicatlasma/pdfs/Peru2023_d0.pdf,manual,manual,manual_ingest,95,Peru2023_d0.pdf,yes,yes,pdf_hosted,,,,published,official
Peru,2024,regular,yes,town-website-image,https://files.heygov.com/townofperuma.com/june_8_2024_annual_town_election_results_voter_turnout_96.jpg,https://jamesnicholsworley.github.io/civicatlasma/pdfs/Peru2024_d0.pdf,manual,scraped,manual_ingest,90,Peru2024_d0.pdf,yes,no,pdf_hosted,,,,published,official
Peru,2025,regular,yes,LEO,https://files.heygov.com/townofperuma.com/file_01ktcwmmyjxhrfxp01azaj84yr/June%2014%2C%202025%20Annual%20Town%20Election%20Results.pdf,https://jamesnicholsworley.github.io/civicatlasma/pdfs/Peru2025_d0.pdf,verified_yes,high,YES | CITATION REPAIRED 2026-08-21 (live URL recovered): 200 via curl_cffi chrome; Peru moved to HeyGov; 1pg Town of Peru 2025 Annual Town Election Results - the document dates,90,Peru2025_d0.pdf,yes,yes,pdf_hosted,,,,published,official
Peru,2026,regular,yes,cohort-2026,"https://files.heygov.com/townofperuma.com/file_01kv65a0ftd19mx2sg9vjqd0q2/June 13, 2026 Town Election Results.pdf",,,,,,,no,yes,hosted,,,,published,official
Petersham,2021,regular,yes,,https://archives.lib.state.ma.us/server/api/core/bitstreams/?item=ae2b4422-d379-4bb5-811e-3f8bcdd5eccf,,,,"landed 2026-09-01 from the round-9 gap sweep (ATR; #page 42 of Petersham 2020-2021 ATR.pdf); artifact only, parse and gate follow",,Petersham2021_d0.pdf,,no,missing,,,,published,official
Petersham,2022,regular,yes,LEO,https://townofpetersham.weebly.com/uploads/2/7/5/3/27531945/fy22-petersham_fy22_annual_reports-final_to_print_1.pdf,,manual,,manual_ingest,,,no,no,pdf_hosted,,,,published,other
Petersham,2023,regular,yes,LEO,https://townofpetersham.weebly.com/uploads/2/7/5/3/27531945/fy23_petersham_annual_town_report_june_27_2025.pdf,https://jamesnicholsworley.github.io/civicatlasma/pdfs/Petersham2023_d0.pdf,manual,,manual_ingest,,Petersham2023_d0.pdf,yes,yes,pdf_hosted,,,,published,other
Petersham,2024,regular,yes,LEO,https://townofpetersham.weebly.com/uploads/2/7/5/3/27531945/fy24_annual_report_print.pdf,https://jamesnicholsworley.github.io/civicatlasma/pdfs/Petersham2024_d0.pdf,manual,,manual_ingest,,Petersham2024_d0.pdf,yes,yes,pdf_hosted,,,,published,other
Petersham,2025,regular,yes,LEO,https://townofpetersham.weebly.com/uploads/2/7/5/3/27531945/fy25_annual_report_print.pdf,https://jamesnicholsworley.github.io/civicatlasma/pdfs/Petersham2025_d0.pdf,manual,,manual_ingest,,Petersham2025_d0.pdf,yes,yes,pdf_hosted,,,,published,other
Petersham,2026,regular,yes,,https://atholdailynews.com/2026/04/07/athol-voters-reject-override-questions-town-manager-predicts-cuts-in-services/,,,,"landed 2026-09-01: Athol Daily News 7 Apr 2026 three-town roundup, read via /wp-json/wp/v2/posts (rendered page is paywalled). Election Monday 6 April 2026; 116 of 1,092 = ~11%. ONLY contest: Board of Health, Hutchinson 83 def. Hopper 33 - and 83+33=116 exactly, so no blanks or write-ins. No other office reported. NOT the 24 Aug 2026 special.",,,no,no,missing,,,,published,news
Phillipston,2021,regular,yes,LEO,https://www.mytowngovernment.org/download?document=ahNzfnRvd25nb3Zlcm5tZW50LWhychoLEg1Eb2N1bWVudE1vZGVsGICAgKfEiI8KDA,https://jamesnicholsworley.github.io/civicatlasma/pdfs/Phillipston2021_d0.pdf,scraper_sheet9,spraped,"landed 2026-09-01 from mytowngovernment.org, Phillipston /013310 TOWN CLERK board, attached to 'Information for Meeting of Town Clerk Monday May 17, 2021'. Filename 'Election results May 17.pdf'. The page itself prints 'Town Of Phillipston Annual Town Election May 17, 2021'. SCAN, no text layer -- vision-parse; a single-pass tesseract read recovers the office/candidate column but NOT the numeric column, which sits in a separate band. FOUND ONLY AFTER CORRECTING THE BOARD ENUMERATION: /{zip}/calendar lists 10 of Phillipston's 60 boards and omits Town Clerk entirely; the full list is in the <option> values on /{zip}.",70,Phillipston2021_d0.pdf,,no,published,,,,published,official
Phillipston,2022,regular,yes,LEO,https://www.mytowngovernment.org/download?document=<Phillipston Town Clerk mtg 2022-05-16 : 'May 16 2022 Election results.pdf'>,,scraper_sheet9,high,"landed 2026-09-01 from the round-9 gap sweep (minutes_host; pdf text/OCR); artifact only, parse and gate follow",70,Phillipston2022_d0.pdf,,no,published,,,,published,official
Phillipston,2023,regular,yes,LEO,"https://www.mytowngovernment.org (Phillipston /013310, Town Clerk board) : 'May 15 2023 election.pdf' (Town Clerk mtg 2023-05-15)",,scraper_sheet9,low,"landed 2026-09-01 from the round-9 gap sweep (minutes_host; pdf text/OCR); artifact only, parse and gate follow",70,Phillipston2023_d0.pdf,,no,published,,,,published,other
Phillipston,2024,regular,yes,NEWS,https://atholdailynews.com/2024/05/21/gough-wins-seat-on-selectboard-in-phillipston-town-election-55234911/,,exa_reviewed,medium,auto_resourced,70,Phillipston2024_d0.pdf,,yes,hosted,https://jamesnicholsworley.github.io/civicatlasma/markdown/Phillipston2024.md,playwright+docling-2.66.0,,published,news
Phillipston,2025,regular,yes,mytowngovernment-org-clerk-minutes-2026-08-20,https://www.mytowngovernment.org/download?document=ahNzfnRvd25nb3Zlcm5tZW50LWhychoLEg1Eb2N1bWVudE1vZGVsGICAwMP4w58JDA,,town_minutes_host,high,YES,90,,no,yes,hosted,,manual-transcription-xls-sheet-02,https://phillipston-ma.gov/DocumentCenter/View/965,published,official
Phillipston,2026,regular,yes,serpapi,"https://www.mytowngovernment.org (Phillipston /013310, Town Clerk board) : '2026.05.18 results.pdf' (Town Clerk mtg 2026-05-18)",,manual,,"landed 2026-09-01 from the round-9 gap sweep (minutes_host; pdf text/OCR); artifact only, parse and gate follow",,Phillipston2026_d0.pdf,no,no,missing,,,https://www.templetonma.gov/DocumentCenter/View/2929/2026-5-18-Annual-Town-Election,published,official
Pittsfield,2021,regular,yes,LEO,https://cms2.revize.com/revize/pittsfieldma/city_hall/registrar_of_voters_and_elections/docs/11-2-2121%20MUNICIPAL%20ELECTION%20RESULTS.pdf,https://jamesnicholsworley.github.io/civicatlasma/pdfs/Pittsfield2021_d0.pdf,manual_sources,manual,,95,Pittsfield2021_d0.pdf,yes,yes,hosted,https://jamesnicholsworley.github.io/civicatlasma/markdown/Pittsfield2021.md,pypdf,,published,other
Pittsfield,2022,regular,no,CITY_ODD_YEAR_CYCLE,,,,,,,Pittsfield2022_d0.pdf,,no,no_election,,,,no_election,other
Pittsfield,2023,regular,yes,owner-supplied-2026-08-22-Municipal_General_Election_Official_Results_-_November_7_2023_(XLS),,,owner_download,manual,downloaded from the municipality by the owner and ingested from Downloads; original filename 'Municipal General Election Official Results - November 7 2023 (XLS).xls'. No live URL recovered.,95,Pittsfield2023_d0.pdf,yes,yes,hosted,https://jamesnicholsworley.github.io/civicatlasma/markdown/Pittsfield2023.md,pandas-xlsx,,published,official
Pittsfield,2024,regular,no,CITY_ODD_YEAR_CYCLE,,,,,,,Pittsfield2024_d0.pdf,,no,no_election,,,,no_election,other
Pittsfield,2025,regular,yes,LEO,https://www.pittsfieldma.gov/Archive.aspx?ADID=221,https://jamesnicholsworley.github.io/civicatlasma/pdfs/Pittsfield2025_d0.pdf,manual,,manual_ingest,,Pittsfield2025_d0.pdf,yes,yes,pdf_hosted,,,,published,official
Pittsfield,2026,regular,no,,,,,,"no_election: even-year row seeded from the 2024 cohort, 2026-08-19",,,,,,,,,no_election,other
Plainfield,2021,regular,yes,LEO,https://plainfield-ma.us/files/2021_Election_Results.pdf,https://jamesnicholsworley.github.io/civicatlasma/pdfs/Plainfield2021_d0.pdf,manual,,manual_ingest,,Plainfield2021_d0.pdf,yes,yes,pdf_hosted,,,,published,official
Plainfield,2022,regular,yes,LEO,https://archives.lib.state.ma.us/server/api/core/bitstreams/9acf85b4-dae2-4583-b7b5-e146cefacc42/content,,manual,,"landed 2026-09-01 from the round-10 news-window sweep (official; Town of Plainfield Annual Report 2022, printed p.6); artifact only, parse and gate follow",,,no,no,published,,,https://plainfield-ma.us/files/RESULTS_OF_THE_NOVEMBER_8_2022_Midterm.pdf,published,official
Plainfield,2023,regular,yes,LEO,https://plainfield-ma.us/n/11140/Results-of-May-6-2023-Election,,manual_sources,manual,wayback_render,95,Plainfield2023_d0.pdf,no,yes,hosted,https://jamesnicholsworley.github.io/civicatlasma/markdown/Plainfield2023.md,wayback+docling-2.66.0,,published,official
Plainfield,2024,regular,yes,atr-2026-08-22-Plainfield_town_report_2024_pp6-7,https://www.plainfield-ma.us/media/7621,,manual,high,manual_ingest,90,,no,no,pdf_hosted,,,,published,official
Plainfield,2025,regular,yes,LEO,https://plainfield-ma.us/media/7871,https://jamesnicholsworley.github.io/civicatlasma/pdfs/Plainfield2025_d0.pdf,exa_reviewed,spraped,auto_resourced,70,Plainfield2025_d0.pdf,yes,yes,hosted,https://jamesnicholsworley.github.io/civicatlasma/markdown/Plainfield2025.md,pypdf,,published,official
Plainfield,2026,regular,yes,owner-supplied-2026-08-22-small_towns_ingest,https://www.plainfield-ma.us/media/10036,https://jamesnicholsworley.github.io/civicatlasma/pdfs/Plainfield2026_d0.pdf,manual,,manual_ingest,,Plainfield2026_d0.pdf,yes,no,pdf_hosted,,,,published,official
Plainville,2021,regular,yes,LEO,https://www.plainville.ma.us/sites/g/files/vyhlif4871/f/pages/tally_results_4-5-2021ate.pdf,https://jamesnicholsworley.github.io/civicatlasma/pdfs/Plainville2021_d0.pdf,manual,medium,manual_ingest,70,Plainville2021_d0.pdf,yes,yes,pdf_hosted,,,,published,official
Plainville,2022,regular,yes,LEO,https://www.plainvillema.gov/Archive/ViewFile/Item/130,,collect-web,high,"wrongyear:document dated 2020-04-06, no_row",70,Plainville2022_d0.pdf,no,no,missing,,,https://www.plainville.ma.us/DocumentCenter/View/363 https://jamesnicholsworley.github.io/civicatlasma/pdfs/Plainville2022.pdf,published,official
Plainville,2023,regular,yes,NEWS,https://www.thesunchronicle.com/election-results-are-in-for-wrentham-plainville-rehoboth-and-seekonk/article_ceba03d3-525f-5cff-9898-72e28fea13f6.html,,manual,manual,,95,Plainville2023_d0.pdf,,yes,hosted,https://jamesnicholsworley.github.io/civicatlasma/markdown/Plainville2023.md,playwright+docling-2.66.0,,published,news
Plainville,2024,regular,yes,LEO,https://www.plainville.ma.us/DocumentCenter/View/1457,https://jamesnicholsworley.github.io/civicatlasma/pdfs/Plainville2024_d0.pdf,verified_yes,scraped,YES,90,Plainville2024_d0.pdf,yes,yes,hosted,https://jamesnicholsworley.github.io/civicatlasma/markdown/Plainville2024.md,pypdf,,published,official
Plainville,2025,regular,yes,LEO,https://www.plainvillema.gov/Archive.aspx?ADID=264,https://jamesnicholsworley.github.io/civicatlasma/pdfs/Plainville2025_d0.pdf,manual,high,manual_ingest,70,Plainville2025_d0.pdf,yes,yes,pdf_hosted,,,,published,official
Plainville,2026,regular,yes,cohort-2026,https://plainville.ma.us/DocumentCenter/View/2643,,,,,,,no,yes,hosted,,,,published,official
Plymouth,2021,regular,yes,LEO,https://www.plymouth-ma.gov/DocumentCenter/View/2858/May-15-2021---Local-Election-Results-PDF,https://jamesnicholsworley.github.io/civicatlasma/pdfs/Plymouth2021_d0.pdf,manual_sources,manual,,95,Plymouth2021_d0.pdf,yes,yes,hosted,https://jamesnicholsworley.github.io/civicatlasma/markdown/Plymouth2021.md,pypdf,,published,official
Plymouth,2022,regular,yes,LEO,https://www.plymouth-ma.gov/DocumentCenter/View/2863/May-21-2022---Local-Election-Results-PDF,https://jamesnicholsworley.github.io/civicatlasma/pdfs/Plymouth2022_d0.pdf,manual_sources,manual,,95,Plymouth2022_d0.pdf,yes,yes,hosted,https://jamesnicholsworley.github.io/civicatlasma/markdown/Plymouth2022.md,pypdf,,published,official
Plymouth,2023,regular,yes,LEO,https://www.plymouth-ma.gov/DocumentCenter/View/3670/May-20-2023---Local-Election-Results-PDF,https://jamesnicholsworley.github.io/civicatlasma/pdfs/Plymouth2023_d0.pdf,manual_sources,manual,,95,Plymouth2023_d0.pdf,yes,yes,hosted,https://jamesnicholsworley.github.io/civicatlasma/markdown/Plymouth2023.md,pypdf,,published,official
Plymouth,2024,regular,yes,LEO,https://www.plymouth-ma.gov/DocumentCenter/View/5845/May-18-2024---Official-Local-Election-Results-PDF,https://jamesnicholsworley.github.io/civicatlasma/pdfs/Plymouth2024_d0.pdf,manual_sources,manual,,95,Plymouth2024_d0.pdf,yes,yes,hosted,https://jamesnicholsworley.github.io/civicatlasma/markdown/Plymouth2024.md,pypdf,,published,official
Plymouth,2025,regular,yes,LEO,https://www.plymouth-ma.gov/DocumentCenter/View/8348/May-17-2025---Official-Local-Election-Results-PDF,https://jamesnicholsworley.github.io/civicatlasma/pdfs/Plymouth2025_d0.pdf,manual_sources,manual,,95,Plymouth2025_d0.pdf,yes,yes,hosted,https://jamesnicholsworley.github.io/civicatlasma/markdown/Plymouth2025.md,pypdf,,published,official
Plymouth,2026,regular,yes,cohort-2026,https://plymouth-ma.gov/DocumentCenter/View/10759/May-16-2026---Official-Local-Election-Results-PDF,,,,,,,no,yes,hosted,,,,published,official
Plympton,2021,regular,yes,LEO,https://www.town.plympton.ma.us/sites/g/files/vyhlif1091/f/uploads/2021_unofficial_results.pdf,https://jamesnicholsworley.github.io/civicatlasma/pdfs/Plympton2021_d0.pdf,manual,medium,manual_ingest,70,Plympton2021_d0.pdf,yes,yes,pdf_hosted,,,,published,official
Plympton,2022,regular,yes,NEWS,https://plymptonhalifaxexpress.com/plympton-election-sees-low-turnout-only-13-8-percent-voted/,,manual,medium,,70,Plympton2022_d0.pdf,,yes,hosted,https://jamesnicholsworley.github.io/civicatlasma/markdown/Plympton2022.md,playwright+docling-2.66.0,,published,news
Plympton,2023,regular,yes,NEWS,https://plymptonhalifaxexpress.com/russo-wins-another-term-as-plympton-selectman/,,manual,manual,,95,Plympton2023_d0.pdf,,yes,hosted,https://jamesnicholsworley.github.io/civicatlasma/markdown/Plympton2023.md,playwright+docling-2.66.0,,published,news
Plympton,2024,regular,yes,LEO,https://archives.lib.state.ma.us/server/api/core/bitstreams/e559b8e3-e528-43b2-905b-37023544e43f/content,,manual,high,"landed 2026-08-25 from the Chrome ingest (ATR, #pages 101-102 of Plympton-2024.pdf (issued 2025)); 10 races",90,,no,no,published,,,https://www.town.plympton.ma.us/sites/g/files/vyhlif1091/f/uploads/unofficial_election_results_state_primary_09.03.24.pdf,published,official
Plympton,2025,regular,yes,NEWS,https://plymptonhalifaxexpress.com/new-selectmen-in-plympton-override-out/,,manual,high,"YES | DEEP SEARCH 2026-08-21: 0 of the 8 uncounted races gained counts, but ALL 11 candidate names and ALL seat counts are now independently confirmed, and one existing count is REFUTED. *** SELECTMAN CORRECTED 525/491 -> 391/282. RESOLVED (not merely disputed), confidence 0.8. *** Our 525/491 came solely from WATD 95.9's eleven-town election-night roundup (posted 23:18). South Shore News (single-town story, next morning) says Sides beat Traynor '391 to 282'. The arithmetic refutes 525/491: the override question on the SAME ballot totals 416+272 = 688 ballots (both sources agree), so 525+491 = 1,016 would need >=1,016 ballots - about 40% turnout against the Express's stated 30% - whereas 391+282 = 673 fits inside 688 with ~15 blanks. Calibration: the CERTIFIED 2024 return (2024 Annual Town Report, printed p.98) records Total Ballots Cast 676 at 26.8% turnout. A ~2,550-voter town cannot cast 1,016 votes in one race. WATD's own same-night figures for LARGER neighbours are all smaller (Halifax 381-247, Kingston 388-135). Both articles were read directly to confirm this. WATD is SELF-REFUTING: the same article prints the override as 416 to 272 (= 688 ballots) and the Selectman race as 525 to 491 (= 1,016) - it cannot be both. South Shore News (Justin Evans, single-town story) gives 391 to 282 = 673, which fits inside 688 with 15 blanks. The Express prints NO Selectman number at all, so WATD was the sole source for 525/491 and it contradicts itself. Neither figure is CERTIFIED - the blanks are not published - but the pair is resolved. CONFIRMED unchanged: Elementary School Committee Wick 60 / Ritter (write-in) 18, and Constable Klemme (write-in) 12, both direct from the Express. Date 2025-05-17 verified three ways. RESOLUTION PATH - THIS IS NOT LOST, IT IS NOT YET PUBLISHED: Plympton's clerk publishes the full certified return, with Blanks, All Others, Total Ballots Cast and turnout, in the ANNUAL TOWN REPORT - verified against the 2024 volume (DocumentCenter/View/1171, printed p.98). The 2025 volume does not yet exist on the town site or in the Massachusetts State Library DSpace repository (which holds Plympton reports 1865-2024; 2024 is handle 2452/882859). Re-check when it appears. Failing that: Town Clerk Tara J. Shaw, 781-585-3220. EXHAUSTED: DocumentCenter ids 1-15,200 swept into a complete 8,250-title offline index (held at data/sources/) - it has a 2024 election calendar and 2026 results and NOTHING for 2025; sitemap, Town Clerk page, AgendaCenter 2025-05-17..09-30 full-text searched, 8 sets of Selectmen minutes 5/19-6/10 read (they discuss the override defeat, record no counts); Wayback CDX whole-domain and the uploads prefix (179 entries) - the results series exists for 2021 and 2024 (unofficial_results_05.18.24.jpg) but has no 5/17/2025 analogue; Common Crawl 3 rows, homepage only; Express WP API enumerated 5/16-8/01 (43 posts, one election story); WATD API (standalone Plympton results posts exist for 2024 and 2026, not 2025); South Shore News's entire 873-post archive; Tableau Public search API is retired (404 to everyone, not a block on us); no Constant Contact newsletter; Google Docs/Drive nothing. Facebook is the one channel not fully closed - the page renders only its most recent post and Wayback holds zero captures of any Plympton Facebook URL, so no post id could be recovered for a share link.",90,,,no,hosted,,playwright+docling-2.66.0,,published,news
Plympton,2026,regular,yes,cohort-2026,https://town.plympton.ma.us/DocumentCenter/View/14767/Official-Election-Results-051626,,,,,,,no,yes,hosted,,,,published,official
Princeton,2021,regular,yes,ATR,https://storage.googleapis.com/proudcity/princetonma/2025/09/2021_princeton_annual_town_report_final.pdf,https://jamesnicholsworley.github.io/civicatlasma/pdfs/Princeton2021_d0.pdf,dive_atr,high,atr_cropped,70,Princeton2021_d0.pdf,yes,yes,pdf_hosted,,,,published,official
Princeton,2022,regular,yes,ATR,https://storage.googleapis.com/proudcity/princetonma/2025/09/2022_annual_town_report.pdf,https://jamesnicholsworley.github.io/civicatlasma/pdfs/Princeton2022_d0.pdf,dive_atr,high,atr_cropped,70,Princeton2022_d0.pdf,yes,yes,pdf_hosted,,,,published,official
Princeton,2023,regular,yes,LEO,https://archives.lib.state.ma.us/items/4b275b92-38d6-44c2-8035-5a2b5b6c64b1,,manual,manual,"retired 2026-08-24 (wrong document): the crop is the SPECIAL STATE ELECTION of 7 November 2023, not the 8 May annual",95,,no,no,missing,,,https://www.town.princeton.ma.us/sites/g/files/vyhlif4891/f/uploads/2023-nov-7-unofficial_results.pdf https://jamesnicholsworley.github.io/civicatlasma/pdfs/Princeton2023.pdf,published,official
Princeton,2024,regular,yes,LEO,https://www.town.princeton.ma.us/sites/g/files/vyhlif4891/f/uploads/unofficial_results_to_post_night_05-13-2024_ate_0.pdf,https://jamesnicholsworley.github.io/civicatlasma/pdfs/Princeton2024_d0.pdf,manual,high,manual_ingest,90,Princeton2024_d0.pdf,yes,yes,pdf_hosted,,,,published,official
Princeton,2025,regular,yes,LEO,https://storage.googleapis.com/proudcity/princetonma/2025/09/5122025_ate_official_results.pdf,https://jamesnicholsworley.github.io/civicatlasma/pdfs/Princeton2025_d0.pdf,manual,medium,manual_ingest,90,Princeton2025_d0.pdf,yes,yes,pdf_hosted,,,,published,official
Princeton,2026,regular,yes,custom-search-2026,https://princetonma.gov/town-election-results-5-11-2026/,,,,"citation found 2026-08-23 by overlap: 100% of the held reading's words and 100% of its 33 tallies are on this page, and 57% of the page is in the reading",,,no,no,hosted,,,,published,official
Provincetown,2021,regular,yes,LEO,https://www.provincetown-ma.gov/DocumentCenter/View/13970/Official-Election-Results-for-Website-5-11-2021,https://jamesnicholsworley.github.io/civicatlasma/pdfs/Provincetown2021_d0.pdf,verified_yes,scraped,YES,90,Provincetown2021_d0.pdf,yes,yes,hosted,https://jamesnicholsworley.github.io/civicatlasma/markdown/Provincetown2021.md,pypdf,,published,official
Provincetown,2022,regular,yes,LEO,https://www.provincetown-ma.gov/DocumentCenter/View/15162/Official-Election-Results-ATE-5-10-2022,https://jamesnicholsworley.github.io/civicatlasma/pdfs/Provincetown2022_d0.pdf,verified_yes,scraped,YES,90,Provincetown2022_d0.pdf,yes,yes,hosted,https://jamesnicholsworley.github.io/civicatlasma/markdown/Provincetown2022.md,pypdf,,published,official
Provincetown,2023,regular,yes,LEO,https://www.provincetown-ma.gov/DocumentCenter/View/16380/Unoffical-Election-Results-for-Website-5-09-2023,https://jamesnicholsworley.github.io/civicatlasma/pdfs/Provincetown2023_d0.pdf,manual_sources,manual,,95,Provincetown2023_d0.pdf,yes,yes,hosted,https://jamesnicholsworley.github.io/civicatlasma/markdown/Provincetown2023.md,pypdf,,published,official
Provincetown,2024,regular,yes,LEO,https://www.provincetown-ma.gov/DocumentCenter/View/18395/OfficialResults_AnnualTownElection_051524,https://jamesnicholsworley.github.io/civicatlasma/pdfs/Provincetown2024_d0.pdf,verified_yes,scraped,YES,90,Provincetown2024_d0.pdf,yes,yes,hosted,https://jamesnicholsworley.github.io/civicatlasma/markdown/Provincetown2024.md,docling-2.66.0,,published,official
Provincetown,2025,regular,yes,LEO,https://www.provincetown-ma.gov/DocumentCenter/View/19528/May-13-2025-Annual-Town-Election-Official-Election-Results,,verified_yes,scraped,YES,90,,no,no,hosted,,docling-2.66.0,,published,official
Provincetown,2026,regular,yes,,https://www.provincetown-ma.gov/DocumentCenter/View/20683/Official-Election-Results_AnnualTownElection_2026,,,,"landed 2026-09-01 from the round-9 gap sweep (official; whole document (1 page)); artifact only, parse and gate follow",,,no,no,missing,,,,published,official
Quincy,2021,regular,yes,NEWS,https://www.quincyma.gov/departments/city_clerk/election/election_results.php,,manual,manual,"WITHDRAWN by the gate 2026-09-05 and coverage_state corrected 2026-09-10: the cited page is the City Clerk election index, not a return. The gate reads data/json and decides what publish/ holds; coverage_state said published while the gate said DROP.",95,,no,no,hosted,,playwright+docling-2.66.0,,published,news
Quincy,2022,regular,no,CITY_ODD_YEAR_CYCLE,,,,,,,Quincy2022_d0.pdf,,no,no_election,,,,no_election,other
Quincy,2023,regular,yes,LEO,https://cms7files1.revize.com/quincyma/Document%20Center/Government/City%20Clerk/Election/Election%20Results%202005-Present/November_7_2023%20Election%20Results%20V2.pdf,https://jamesnicholsworley.github.io/civicatlasma/pdfs/Quincy2023_d0.pdf,manual_sources,manual,hosted_whole,95,Quincy2023_d0.pdf,yes,yes,hosted,https://jamesnicholsworley.github.io/civicatlasma/markdown/Quincy2023.md,pypdf,,published,other
Quincy,2024,regular,no,CITY_ODD_YEAR_CYCLE,,,,,,,Quincy2024_d0.pdf,,no,no_election,,,,no_election,other
Quincy,2025,regular,yes,LEO,https://www.quincyma.gov/departments/city_clerk/election/election_results.php,https://jamesnicholsworley.github.io/civicatlasma/pdfs/Quincy2025_d0.pdf,manual,manual,manual_ingest,100,Quincy2025_d0.pdf,yes,yes,pdf_hosted,,,,published,official
Quincy,2026,regular,no,,,,,,"no_election: even-year row seeded from the 2024 cohort, 2026-08-19",,,,,,,,,no_election,other
Randolph,2021,regular,yes,LEO,https://www.randolph-ma.gov/DocumentCenter/View/901/Election-Results-for-2021-PDF,https://jamesnicholsworley.github.io/civicatlasma/pdfs/Randolph2021_d0.pdf,manual_sources,manual,,95,Randolph2021_d0.pdf,yes,yes,hosted,https://jamesnicholsworley.github.io/civicatlasma/markdown/Randolph2021.md,pypdf,,published,official
Randolph,2022,regular,no,CITY_ODD_YEAR_CYCLE,,,,,,,Randolph2022_d0.pdf,,no,no_election,,,,no_election,other
Randolph,2023,regular,yes,LEO,https://www.randolph-ma.gov/DocumentCenter/View/2471/November-7-2023-Town-Election-results-Official-Office,https://jamesnicholsworley.github.io/civicatlasma/pdfs/Randolph2023_d0.pdf,manual_sources,manual,,95,Randolph2023_d0.pdf,yes,yes,hosted,https://jamesnicholsworley.github.io/civicatlasma/markdown/Randolph2023.md,pypdf,,published,official
Randolph,2024,regular,no,CITY_ODD_YEAR_CYCLE,,,,,,,Randolph2024_d0.pdf,,no,no_election,,,,no_election,other
Randolph,2025,regular,yes,LEO,https://randolph-ma.gov/DocumentCenter/View/3571/11-4-2025-Official-Results,https://jamesnicholsworley.github.io/civicatlasma/pdfs/Randolph2025_d0.pdf,manual_city,manual,manual,100,Randolph2025_d0.pdf,yes,yes,hosted,https://jamesnicholsworley.github.io/civicatlasma/markdown/Randolph2025.md,pypdf,,published,official
Randolph,2026,regular,no,,,,,,"no_election: even-year row seeded from the 2024 cohort, 2026-08-19",,,,,,,,,no_election,other
Raynham,2021,regular,yes,owner-lead,https://www.town.raynham.ma.us/sites/g/files/vyhlif1111/f/news/copy_of_unofficial_4-24-21_election_results.xlsx,,manual,manual,manual_ingest,95,,no,no,hosted,,pandas-xlsx,,published,official
Raynham,2022,regular,yes,owner-lead,https://www.town.raynham.ma.us/sites/g/files/vyhlif1111/f/news/unofficial_town_election_results_4-23-22.xlsx,,manual,scraped,manual_ingest,90,,no,no,hosted,,pandas-xlsx,https://www.town.raynham.ma.us/home/news/unofficial-town-election-results-april-23-2022 https://jamesnicholsworley.github.io/civicatlasma/pdfs/Raynham2022.pdf,published,official
Raynham,2023,regular,yes,LEO,https://www.town.raynham.ma.us/sites/g/files/vyhlif1111/f/news/copy_of_unofficial_results_4-22-2023_1_0.pdf,https://jamesnicholsworley.github.io/civicatlasma/pdfs/Raynham2023_d0.pdf,manual_sources,manual,,95,Raynham2023_d0.pdf,yes,yes,hosted,https://jamesnicholsworley.github.io/civicatlasma/markdown/Raynham2023.md,pypdf,,published,official
Raynham,2024,regular,yes,LEO,https://www.town.raynham.ma.us/sites/g/files/vyhlif1111/f/news/unofficial_annual_town_election_results-april_27_2024.pdf,https://jamesnicholsworley.github.io/civicatlasma/pdfs/Raynham2024_d0.pdf,manual_sources,manual,,95,Raynham2024_d0.pdf,yes,yes,hosted,https://jamesnicholsworley.github.io/civicatlasma/markdown/Raynham2024.md,docling-2.66.0,,published,official
Raynham,2025,regular,yes,LEO,https://www.town.raynham.ma.us/sites/g/files/vyhlif1111/f/news/annual_town_election-4-26-25-official_results_1.pdf,https://jamesnicholsworley.github.io/civicatlasma/pdfs/Raynham2025_d0.pdf,manual_sources,manual,,95,Raynham2025_d0.pdf,yes,yes,hosted,https://jamesnicholsworley.github.io/civicatlasma/markdown/Raynham2025.md,pypdf,,published,official
Raynham,2026,regular,yes,cohort-2026,https://news.google.com/rss/articles/CBMi6gFBVV95cUxPblQ1aXZUdS1nbXRKTjFLZjFJQy1Mc1ZvblZ4OW9uSWE1aDUtc2JIdVBzWjFaWHBPQzNIS3ZPQUlQNXFPQl9XLXY2YkIzNVM3UzNjUjMwcUdWS3dKWUVnOUE4MWRpN2M4TlBPbEhCbjladmJHZTVQY3lIU0I3SWMtYm9jaXhybU5UcGhoekpCN184U1NzQmlyQ0ZVQzc5cndSNURZMDdpNXI5MmtSbUh0WnRhbVJ0b3BBWTRlWnZWUWxMMzA1a0NkbnJjRko3ODFMQy1JN2xRVjFNNzVJNnJGRVIzNDE3VExBOEE?oc=5,,,,,,,no,yes,hosted,,,,published,news
Reading,2021,regular,yes,LEO,https://www.readingma.gov/DocumentCenter/View/2938/2021-04-06-Local-Election-Results-PDF,https://jamesnicholsworley.github.io/civicatlasma/pdfs/Reading2021_d0.pdf,manual_sources,manual,,95,Reading2021_d0.pdf,yes,yes,hosted,https://jamesnicholsworley.github.io/civicatlasma/markdown/Reading2021.md,pypdf,,published,official
Reading,2022,regular,yes,LEO,https://www.readingma.gov/DocumentCenter/View/2841/2022-04-05-Local-Election-Results-PDF,https://jamesnicholsworley.github.io/civicatlasma/pdfs/Reading2022_d0.pdf,manual_sources,manual,,95,Reading2022_d0.pdf,yes,yes,hosted,https://jamesnicholsworley.github.io/civicatlasma/markdown/Reading2022.md,pypdf,,published,official
Reading,2023,regular,yes,LEO,https://www.readingma.gov/DocumentCenter/View/10193/2023-04-04-Local-Election-Results-PDF,https://jamesnicholsworley.github.io/civicatlasma/pdfs/Reading2023_d0.pdf,manual_sources,manual,,95,Reading2023_d0.pdf,yes,yes,hosted,https://jamesnicholsworley.github.io/civicatlasma/markdown/Reading2023.md,pypdf,,published,official
Reading,2024,regular,yes,LEO,https://www.readingma.gov/DocumentCenter/View/13273/2024-03-05-Local-Election-Results-PDF,https://jamesnicholsworley.github.io/civicatlasma/pdfs/Reading2024_d0.pdf,manual_sources,manual,,95,Reading2024_d0.pdf,yes,yes,hosted,https://jamesnicholsworley.github.io/civicatlasma/markdown/Reading2024.md,pypdf,,published,official
Reading,2025,regular,yes,LEO,https://www.readingma.gov/DocumentCenter/View/17101/2025-04-08-Local-Election-Results-PDF,https://jamesnicholsworley.github.io/civicatlasma/pdfs/Reading2025_d0.pdf,manual_sources,manual,,95,Reading2025_d0.pdf,yes,yes,hosted,https://jamesnicholsworley.github.io/civicatlasma/markdown/Reading2025.md,pypdf,,published,official
Reading,2026,regular,yes,cohort-2026,https://readingma.gov/DocumentCenter/View/19689/2026-04-07-Local-Election-Results,,,,,,,no,yes,hosted,,,,published,official
Rehoboth,2021,regular,yes,LEO,https://www.rehobothma.gov/sites/g/files/vyhlif4911/f/uploads/tally-ate-4-6-2021-official-final.pdf,https://jamesnicholsworley.github.io/civicatlasma/pdfs/Rehoboth2021_d0.pdf,verified_yes,scraped,YES,90,Rehoboth2021_d0.pdf,yes,yes,hosted,https://jamesnicholsworley.github.io/civicatlasma/markdown/Rehoboth2021.md,pypdf,,published,official
Rehoboth,2022,regular,yes,LEO,https://www.rehobothma.gov/sites/g/files/vyhlif4911/f/uploads/4-5-2022-annual_town_election_official_certified_results-signed.pdf,https://jamesnicholsworley.github.io/civicatlasma/pdfs/Rehoboth2022_d0.pdf,verified_yes,scraped,YES,90,Rehoboth2022_d0.pdf,yes,yes,hosted,https://jamesnicholsworley.github.io/civicatlasma/markdown/Rehoboth2022.md,docling-2.66.0,,published,official
Rehoboth,2023,regular,yes,LEO,https://www.rehobothma.gov/home/news/official-4-4-23-annual-town-election-results,https://jamesnicholsworley.github.io/civicatlasma/pdfs/Rehoboth2023_d0.pdf,manual_sources,manual,,95,Rehoboth2023_d0.pdf,yes,yes,hosted,https://jamesnicholsworley.github.io/civicatlasma/markdown/Rehoboth2023.md,pypdf,,published,official
Rehoboth,2024,regular,yes,LEO,https://www.rehobothma.gov/sites/g/files/vyhlif4911/f/uploads/tally-ate-4-2-2024-official-rehoboth-with-w-iauxprovisional-4-5-2024.pdf,https://jamesnicholsworley.github.io/civicatlasma/pdfs/Rehoboth2024_d0.pdf,verified_yes,scraped,YES,90,Rehoboth2024_d0.pdf,yes,yes,hosted,https://jamesnicholsworley.github.io/civicatlasma/markdown/Rehoboth2024.md,pypdf,,published,official
Rehoboth,2025,regular,yes,LEO,https://www.rehobothma.gov/sites/g/files/vyhlif4911/f/uploads/4-1-2025-annual_town_election_official_results.pdf,https://jamesnicholsworley.github.io/civicatlasma/pdfs/Rehoboth2025_d0.pdf,verified_yes,scraped,YES,90,Rehoboth2025_d0.pdf,yes,yes,hosted,https://jamesnicholsworley.github.io/civicatlasma/markdown/Rehoboth2025.md,pypdf,,published,official
Rehoboth,2026,regular,yes,custom-search-2026,https://www.rehobothma.gov/sites/g/files/vyhlif4911/f/news/4-7-2026-annual_town_election_official_results-4-8-2026.pdf,,,,,,,no,no,pdf_hosted,,,,published,official
Revere,2021,regular,yes,LEO,https://files.aptuitivcdn.com/GB7r14nbKy-1182/files/electionresults/pdf/Revere-Official-LOCAL-ELECTION-Results-NOV2-2021.pdf,https://jamesnicholsworley.github.io/civicatlasma/pdfs/Revere2021_d0.pdf,manual_sources,manual,,95,Revere2021_d0.pdf,yes,yes,hosted,https://jamesnicholsworley.github.io/civicatlasma/markdown/Revere2021.md,pypdf,,published,official
Revere,2022,regular,no,CITY_ODD_YEAR_CYCLE,,,,,,,Revere2022_d0.pdf,,no,no_election,,,,no_election,other
Revere,2023,regular,yes,LEO,https://files.aptuitivcdn.com/GB7r14nbKy-1182/docs/Final-Election-Results-pending-possible-recount-from-11-7-23-Municipal-Election.pdf,https://jamesnicholsworley.github.io/civicatlasma/pdfs/Revere2023_d0.pdf,collect-crawl,manual,auto_resourced,95,Revere2023_d0.pdf,yes,yes,hosted,https://jamesnicholsworley.github.io/civicatlasma/markdown/Revere2023.md,docling-2.66.0,,published,official
Revere,2024,regular,no,CITY_ODD_YEAR_CYCLE,,,,,,,Revere2024_d0.pdf,,no,no_election,,,,no_election,other
Revere,2025,regular,yes,LEO,https://files.aptuitivcdn.com/GB7r14nbKy-1182/docs/Official-Results-11-4-2025-Final-3.pdf,https://jamesnicholsworley.github.io/civicatlasma/pdfs/Revere2025_d0.pdf,manual_city,manual,manual,100,Revere2025_d0.pdf,yes,yes,hosted,https://jamesnicholsworley.github.io/civicatlasma/markdown/Revere2025.md,docling-2.66.0,,published,official
Revere,2026,regular,no,,,,,,"no_election: even-year row seeded from the 2024 cohort, 2026-08-19",,,,,,,,,no_election,other
Richmond,2021,regular,yes,ATR,https://www.berkshireeagle.com/news/local/richmond-voters-approve-financing-for-6-8m-town-center-complex/article_1a67ee50-bc8b-11eb-8a68-77513a6c6317.html,,scraper_sheet9,medium,"landed 2026-09-01 from the Reminder archive index sweep (news; The Berkshire Eagle, 24 May 2021, results of the 22 May 2021); artifact only, parse and gate follow",70,,no,no,published,,,https://www.richmondma.org/2021%20Annual%20Town%20Report.pdf,published,news
Richmond,2022,regular,yes,LEO,https://archives.lib.state.ma.us/server/api/core/bitstreams/f6e71d44-ca92-41ad-9495-2b397a224059/content,,manual,low,"landed 2026-09-01 from the Reminder archive index sweep (official; Richmond 2022 Annual Town Report p71 (Town Clerk turnout) + ); artifact only, parse and gate follow",70,,no,no,published,,,https://www.richmondma.org/RICHMOND%202024%20TOWN%20REPORT%20FOR%20WEB_.pdf,published,official
Richmond,2023,regular,yes,LEO,https://www.berkshireeagle.com/news/central_berkshires/richmond-voters-reelect-roger-manzolini-select-board-uncontested-races/article_3c0e1200-fa64-11ed-9aba-eb3eec9a4451.html,,manual,scraped,"landed 2026-09-01 from the round-10 news-window sweep (news; Berkshire Eagle, 24 May 2023); artifact only, parse and gate follow",90,,no,no,published,,,https://www.richmondma.org/2023%20report.pdf,published,news
Richmond,2024,regular,yes,LEO,https://files.constantcontact.com/ea171f80101/9f5d4a62-b068-4de9-96a6-be3f63d41687.pdf,https://jamesnicholsworley.github.io/civicatlasma/pdfs/Richmond2024_d0.pdf,verified_yes,scraped,"landed 2026-08-28 from the town's sample ballot (owner-supplied); 9 offices, all UNCONTESTED, so no tally was ever published -- the owner's standing sample-ballot rule. Date and turnout from the Town Clerk's report, p.67 of the 2024 annual town report: 50 of 1285. Winners independently confirmed by that report's Directory of Town Officials.",90,Richmond2024_d0.pdf,,no,discarded_not_results,,,https://www.townofrichmond-ma.gov/board-selectmen/files/richmond-election-results-may-20-2024,published,official
Richmond,2025,regular,yes,LEO,https://files.constantcontact.com/ea171f80101/ebf3512b-6d5b-45b4-b19b-2d6db6022a6e.pdf,,verified_yes,scraped,"RECOVERED 2026-08-21 and verified by reading the sheet directly. The counts DO exist - the earlier note 'uncontested caucus slate, vote counts not published' was wrong. Source: Town Clerk's '2025 Annual Town Election Unofficial Results, May 22 2025 11a.m.-7p.m.', published in the town's own Constant Contact e-newsletter and hosted OFF-DOMAIN, reachable only via richmondma.org/newsletters/2025_newsletters.php. No town-site crawl could reach it. DATE CORRECTED 2025-05-19 -> 2025-05-22. TWO RACES ADDED: Planning Board 5yr (Winters 49) was missing entirely, and Board of Health is TWO seats (Mitchell 52, Rosenfeld 53). All 7 races reconcile exactly to 54 ballots, matching the Clerk's printed turnout ('54 out of 1304 voters voted'). Blanks are printed as 'Total Blanks' and are recorded; the sheet's 'Total Votes' subtotal rows are NOT recorded as candidates. Question 1 (fire-truck debt exclusion, Yes 49/No 3) is out of scope. OUR OWN DATA WAS WRONG, NOT ROTTED: the previous citation's host townofrichmond-ma.gov has no A record and ZERO Wayback CDX captures of any kind - a host that had merely died would still appear in CDX - so that URL was fabricated or mis-transcribed. CAVEAT: titled 'Unofficial Results'; the town posted a signed tally for 2024 but not 2025. Certified copy needs a records request to clerk@richmondma.org.",90,Richmond2025_d0.pdf,,no,hosted,,,https://townofrichmond-ma.gov/town-clerk/files/richmond-annual-town-election-results-may-19-2025,published,official
Richmond,2026,regular,yes,serpapi,https://www.iberkshires.com/story/82563/2026-Town-Meeting-Election-Briefs.html,,manual,,"landed 2026-09-01 from the round-10 news-window sweep (news; iBerkshires briefs (ballot) + Berkshire Eagle (turnout 225 o); artifact only, parse and gate follow",,Richmond2026_d0.pdf,no,no,missing,,,https://www.brooklinema.gov/DocumentCenter/View/62408/Official-Results-Annual-Town-Election-May-5-2026-PDF,published,news
Rochester,2021,regular,yes,LEO,https://archive.org/download/WAND2021220603/WAND060321screen.pdf,https://jamesnicholsworley.github.io/civicatlasma/pdfs/Rochester2021_d0.pdf,manual,medium,manual_ingest,70,Rochester2021_d0.pdf,yes,yes,pdf_hosted,,,,published,news
Rochester,2022,regular,yes,NEWS,https://sippican.theweektoday.com/article/morse-wins-select-board-seat-one-vote-after-recount/58431,,manual,high,unrecovered_landing,70,Rochester2022_d0.pdf,no,yes,hosted,https://jamesnicholsworley.github.io/civicatlasma/markdown/Rochester2022.md,playwright+docling-2.66.0,,published,news
Rochester,2023,regular,yes,NEWS,https://sippican.theweektoday.com/article/murphy-beats-hartley-other-seats-held-incumbents-rochester-election/64008,,manual,manual,unrecovered_landing,95,Rochester2023_d0.pdf,no,yes,hosted,https://jamesnicholsworley.github.io/civicatlasma/markdown/Rochester2023.md,playwright+docling-2.66.0,,published,news
Rochester,2024,regular,yes,NEWS,https://sippican.theweektoday.com/article/rochester-school-committee-election-comes-down-wire/69768,,manual,high,unrecovered_landing,90,Rochester2024_d0.pdf,no,yes,hosted,https://jamesnicholsworley.github.io/civicatlasma/markdown/Rochester2024.md,playwright+docling-2.66.0,,published,news
Rochester,2025,regular,yes,NEWS,https://www.townofrochesterma.gov/town-meetings-elections/news/official-results-annual-town-election-may-28-2025,,manual,certified,"unrecovered_landing | CERTIFIED RETURN LANDED 2026-08-22, replacing 4 newspaper races with 12. Source: the Town Clerk's official tally sheet, 'Finalized June 18, 2025', published on Rochester's LEGACY live site townofrochesterma.gov (the town runs two live sites; the current CivicPlus domain townofrochestermass.com does not hold it -- its DocumentCenter was swept ids 1-3400, 2,525 docs, no return of any year). 4,698 registered, 982 ballots, 20.90%; every race closes on 982 (1,964 for the three two-seat races). The prior citation https://www.wanderer.com/news/town-clerk-remains-an-elected-position/ is SUPERSEDED, NOT CONDEMNED: The Wanderer accurately transcribed the ELECTION-NIGHT sheet (980 ballots), which was revised 2 Jun after two provisional ballots were accepted and again after the 12 Jun Park Commission recount (Reece 480 / Hughes 472, result unchanged). Sippican Week's +1/+2 figures are the 3 Jun revision -- the two papers were both right about different documents. Cemetery Commission was a write-in-decided race with no printed candidate (Meg Hughes elected on 9 write-ins), not the bare '9' previously held. Question 1 (Yes 349 / No 518 / Blanks 115) is a ballot question and is deliberately not landed.",90,Rochester2025_d0.pdf,no,yes,hosted,https://jamesnicholsworley.github.io/civicatlasma/markdown/Rochester2025.md,playwright+docling-2.66.0,,published,official
Rochester,2026,regular,yes,,https://sippican.theweektoday.com/article/rochester-election-results-tie-school-committee-seat/157789,,,,,,,no,no,missing,,,,published,news
Rockland,2021,regular,yes,LEO,https://959watd.com/blog/2021/04/two-incumbents-unseated-in-rockland-annual-election/,,collect-crawl,manual,duplicate:file is Newburyport's city ballot,95,Rockland2021_d0.pdf,no,no,missing,,pypdf,https://www.cityofnewburyport.com/city-clerk/files/november-2-2021-election-results https://jamesnicholsworley.github.io/civicatlasma/pdfs/Rockland2021.pdf,published,news
Rockland,2022,regular,yes,LEO,https://rockland-ma.gov/DocumentCenter/View/1832/OFFICIAL-RESULTS-FOR-4922,,manual_sources,manual,,95,,no,no,hosted,,pypdf,,published,official
Rockland,2023,regular,yes,NEWS,https://959watd.com/blog/2023/04/rockland-election-results-2/,,manual_sources,manual,,95,Rockland2023_d0.pdf,,yes,hosted,https://jamesnicholsworley.github.io/civicatlasma/markdown/Rockland2023.md,playwright+docling-2.66.0,,published,news
Rockland,2024,regular,yes,harvest-lead,https://archives.lib.state.ma.us/server/api/core/bitstreams/1624bd04-a7d9-49b2-90f0-f3ef940aaa5c/content #page=23,https://jamesnicholsworley.github.io/civicatlasma/pdfs/Rockland2024_d0.pdf,manual,,manual_ingest,,Rockland2024_d0.pdf,yes,no,pdf_hosted,,docling-2.66.0,https://www.cityofnewburyport.com/city-clerk/files/official-results-1232024 https://jamesnicholsworley.github.io/civicatlasma/pdfs/Rockland2024.pdf,published,official
Rockland,2025,regular,yes,LEO,https://rockland-ma.gov/DocumentCenter/View/4669/ATE-April-12-2025-Official-Election-Results,https://jamesnicholsworley.github.io/civicatlasma/pdfs/Rockland2025_d0.pdf,manual_sources,manual,"CERTIFIED UPGRADE 2026-08-21. PLANNING BOARD restructured: the unofficial ""Write-In 252"" is itemised in the official as James Wells 100.",95,Rockland2025_d0.pdf,yes,yes,hosted,https://jamesnicholsworley.github.io/civicatlasma/markdown/Rockland2025.md,docling-2.66.0,,published,official
Rockland,2026,regular,yes,cohort-2026,https://rockland-ma.gov/DocumentCenter/View/5431/Official-Annual-Town-Election-Results-04112026,,,,,,,no,no,hosted,,,,published,official
Rockport,2021,regular,yes,NEWS,https://archives.lib.state.ma.us/handle/2452/427917,,manual,,"landed 2026-08-25 from the Chrome ingest (ATR, #pages 249-250 of the report issued 2022 (""Rockport ATR 2021); 6 races",,,no,no,published,,docling-html,https://www.facebook.com/RockportMATownClerk/posts/local-election-resultsjune-22-2021/320928789616925/,published,official
Rockport,2022,regular,yes,NEWS,https://archives.lib.state.ma.us/handle/2452/427917,,manual,,"landed 2026-08-25 from the Chrome ingest (ATR, #pages 186-189 of the 426-page report for the year ending De); 6 races",,,no,no,published,,playwright+docling-2.66.0,https://www.gloucestertimes.com/election/voters-ok-5-million-more-for-dpw-facility-project-waddell-for-town-clerk/article_42502d7e-d0a8-11ec-b041-1fd0a7bc3337.html,published,official
Rockport,2023,regular,yes,LEO,https://www.rockportma.gov/DocumentCenter/View/454/Local-Election-Results-May-9-2023-PDF,https://jamesnicholsworley.github.io/civicatlasma/pdfs/Rockport2023_d0.pdf,manual_sources,manual,,95,Rockport2023_d0.pdf,yes,yes,hosted,https://jamesnicholsworley.github.io/civicatlasma/markdown/Rockport2023.md,pypdf,,published,official
Rockport,2024,regular,yes,LEO,https://www.rockportma.gov/DocumentCenter/View/2626,https://jamesnicholsworley.github.io/civicatlasma/pdfs/Rockport2024_d0.pdf,verified_yes,scraped,YES,90,Rockport2024_d0.pdf,yes,yes,hosted,https://jamesnicholsworley.github.io/civicatlasma/markdown/Rockport2024.md,pypdf,,published,official
Rockport,2025,regular,yes,LEO,https://www.rockportma.gov/DocumentCenter/View/4419,https://jamesnicholsworley.github.io/civicatlasma/pdfs/Rockport2025_d0.pdf,verified_yes,scraped,YES,90,Rockport2025_d0.pdf,yes,yes,hosted,https://jamesnicholsworley.github.io/civicatlasma/markdown/Rockport2025.md,pypdf,,published,official
Rockport,2026,regular,yes,cohort-2026,https://www.rockportma.gov/DocumentCenter/View/5807,,,,,,,no,yes,hosted,,,,published,official
Rowe,2021,regular,yes,LEO,https://rowe-ma.gov/files/2021-05-15_Local_Election_Results.pdf,https://jamesnicholsworley.github.io/civicatlasma/pdfs/Rowe2021_d0.pdf,crawl,high,crawl_verified,70,Rowe2021_d0.pdf,yes,yes,hosted,,pdf_only(needs_ocr),,published,official
Rowe,2022,regular,yes,LEO,https://rowe-ma.gov/n/14113/OFFICIAL-Election-Results,,exa,high,auto_resourced,70,Rowe2022_d0.pdf,,yes,hosted,https://jamesnicholsworley.github.io/civicatlasma/markdown/Rowe2022.md,wayback20220802+docling,,published,official
Rowe,2023,regular,yes,LEO,https://www.rowe-ma.gov/files/2023-05-13_Local_Election_Results.pdf,https://jamesnicholsworley.github.io/civicatlasma/pdfs/Rowe2023_d0.pdf,manual,manual,manual_ingest,95,Rowe2023_d0.pdf,yes,yes,pdf_hosted,,,,published,official
Rowe,2024,regular,yes,LEO,https://rowe-ma.gov/files/2024-05-18_Local_Election_Results.pdf,,verified_yes,high,state_doc_sweep:no_source,90,,no,no,pdf_hosted,,docling-2.66.0,https://rowe-ma.gov/files/2024-11-05_State_Election_-_Results_official.pdf,published,official
Rowe,2025,regular,yes,owner-verified-2026-08-19,https://web.archive.org/web/20250615085151id_/https://rowe-ma.gov/files/2025-05-17_Local_Election_Results_-_Unofficial.pdf,,verified_yes,high,"wrongyear:document dated 2022-05-14, collision | CITATION REPAIRED 2026-08-21 (Wayback capture cited): 200 via curl_cffi chrome after patient retry - the original failure was latency not absence; p1 reads Town of Rowe Annua",90,Rowe2025_d0.pdf,no,no,hosted,,wayback20250215+docling,https://rowe-ma.gov/n/14113/OFFICIAL-Election-Results https://jamesnicholsworley.github.io/civicatlasma/pdfs/Rowe2025.pdf,published,official
Rowe,2026,regular,yes,harvest-lead,https://rowe-ma.gov/files/Local_Election_Results_-_2026-05-16_UN_OFFICIAL.pdf,https://jamesnicholsworley.github.io/civicatlasma/pdfs/Rowe2026_d0.pdf,manual,,manual_ingest,,Rowe2026_d0.pdf,yes,no,pdf_hosted,,,,published,official
Rowley,2021,regular,yes,ATR,https://www.townofrowley.net/sites/g/files/vyhlif4956/f/uploads/2021_town_report_final.pdf,,dive_atr,high,"landed 2026-09-01 from the round-9 gap sweep (annual_report; pdf text/OCR); artifact only, parse and gate follow",90,Rowley2021_d0.pdf,yes,no,pdf_hosted,,playwright+docling-2.66.0,https://www.townofrowley.net/election/pages/election-results https://jamesnicholsworley.github.io/civicatlasma/pdfs/Rowley2021.pdf,published,official
Rowley,2022,regular,yes,LEO,https://www.townofrowley.net/election/pages/election-results,,verified_yes,high,YES,90,,,no,hosted,,playwright+docling-2.66.0,,published,official
Rowley,2023,regular,yes,LEO,https://www.townofrowley.net/sites/g/files/vyhlif4956/f/uploads/20230509_certified_election_results.pdf,https://jamesnicholsworley.github.io/civicatlasma/pdfs/Rowley2023_d0.pdf,manual_sources,manual,,95,Rowley2023_d0.pdf,yes,yes,hosted,https://jamesnicholsworley.github.io/civicatlasma/markdown/Rowley2023.md,docling-2.66.0,,published,official
Rowley,2024,regular,yes,ATR,https://www.townofrowley.net/sites/g/files/vyhlif4956/f/uploads/townreport_2006_vol_2.1.pdf,https://jamesnicholsworley.github.io/civicatlasma/pdfs/Rowley2024_d0.pdf,dive_atr,high,atr_cropped,90,Rowley2024_d0.pdf,yes,yes,pdf_hosted,,playwright+docling-2.66.0,https://www.townofrowley.net/election/pages/election-results https://jamesnicholsworley.github.io/civicatlasma/pdfs/Rowley2024.pdf,published,official
Rowley,2025,regular,yes,owner-verified-2026-08-19,https://www.townofrowley.net/sites/g/files/vyhlif4956/f/uploads/2025_may_13_town_election_certified_results.pdf,,verified_yes,high,duplicate:parsed dates are 2024/2022,90,,no,no,pdf_hosted,,playwright+docling-2.66.0,https://www.townofrowley.net/election/pages/election-results https://jamesnicholsworley.github.io/civicatlasma/pdfs/Rowley2025.pdf,published,official
Rowley,2026,regular,yes,cohort-2026,https://news.google.com/rss/articles/CBMiigFBVV95cUxOZDdpdV9yandIWHQzODZxZi1KX2NJUE5CSTVtUmJkWDdrVGNXWERxemVVZU1nRThBcGRvSjZfM1ZaY215emRIZ2w4ejNDQWoyajNTQThHODE1d3pzRGIwYk1MMUpaWjFKMUllWFFXdkpHU3BEVF8ydkdPNFN6aV9Well1aGtLMzNxeXc?oc=5,,,,,,,no,yes,hosted,,,,published,news
Royalston,2021,regular,yes,LEO,https://www.royalston-ma.gov/sites/g/files/vyhlif1151/f/uploads/4-5-2021_annual_election_results_final.pdf,https://jamesnicholsworley.github.io/civicatlasma/pdfs/Royalston2021_d0.pdf,manual,low,manual_ingest,70,Royalston2021_d0.pdf,yes,yes,pdf_hosted,,,,published,official
Royalston,2022,regular,yes,LEO,https://www.royalston-ma.gov/sites/g/files/vyhlif1151/f/uploads/election_results_4-4-2022-2.pdf,https://jamesnicholsworley.github.io/civicatlasma/pdfs/Royalston2022_d0.pdf,manual,medium,manual_ingest,70,Royalston2022_d0.pdf,yes,yes,pdf_hosted,,,,published,official
Royalston,2023,regular,yes,LEO,https://www.royalston-ma.gov/sites/g/files/vyhlif1151/f/uploads/results_of_ate_4-3-23_with_athol_vote_included.pdf,https://jamesnicholsworley.github.io/civicatlasma/pdfs/Royalston2023_d0.pdf,manual_sources,manual,,95,Royalston2023_d0.pdf,yes,yes,hosted,https://jamesnicholsworley.github.io/civicatlasma/markdown/Royalston2023.md,pypdf,,published,official
Royalston,2024,regular,yes,owner-supplied-2026-08-23-small_towns_ingest_2,https://web.archive.org/web/20240424063157/https://www.royalston-ma.gov/sites/g/files/vyhlif1151/f/minutes/results_of_ate_4-1-2024_with_athol_.pdf,https://jamesnicholsworley.github.io/civicatlasma/pdfs/Royalston2024_d0.pdf,manual,high,manual_ingest,90,Royalston2024_d0.pdf,yes,no,pdf_hosted,,,,published,official
Royalston,2025,regular,yes,LEO,https://royalstonma.civiccms.acsitefactory.com/sites/g/files/vyhlif1151/f/uploads/4-7-2025_resultsb.pdf,https://jamesnicholsworley.github.io/civicatlasma/pdfs/Royalston2025_d0.pdf,manual,high,manual_ingest | CITATION REPAIRED 2026-08-21 (live URL recovered): 200 via curl_cffi chrome on the Granicus origin host; sha256 identical to held artifact; p1 reads Annual Town Election 4,90,Royalston2025_d0.pdf,yes,yes,pdf_hosted,,,,published,official
Royalston,2026,regular,yes,,https://atholdailynews.com/2026/04/07/athol-voters-reject-override-questions-town-manager-predicts-cuts-in-services/,,,,"landed 2026-09-01: Athol Daily News 7 Apr 2026 three-town roundup, read via /wp-json/wp/v2/posts. Election Monday 6 April 2026; 121 of 1,116 = ~11%. The ONLY contest was a REGIONAL seat (Athol Royalston Regional School Cttee, 2-yr unexpired, one of ATHOL's seats): Royalston column Grosky 61, Meuse 37, write-in Hall 37. ARITHMETIC WARNING: 61+37+37=135 against 121 ballots cast - flag, do not reconcile by guessing. Athol's column (914/815/107) is the same race in another town and must not be added.",,,no,no,missing,,,,published,news
Russell,2021,regular,yes,ATR,https://www.townofrussell.us/sites/g/files/vyhlif7626/f/news/fy2025_russell_town_report.pdf,https://jamesnicholsworley.github.io/civicatlasma/pdfs/Russell2021_d0.pdf,scraper_sheet9,low,,70,Russell2021_d0.pdf,yes,yes,pdf_hosted,,,,published,official
Russell,2022,regular,yes,ATR,https://www.townofrussell.us/sites/g/files/vyhlif7626/f/news/fy2025_russell_town_report.pdf,https://jamesnicholsworley.github.io/civicatlasma/pdfs/Russell2022_d0.pdf,scraper_sheet9,low,,70,Russell2022_d0.pdf,yes,yes,pdf_hosted,,,,published,official
Russell,2023,regular,yes,LEO,,,collect-web,medium,"TWO CHANNELS MEASURED. DocumentCenter: townofrussell.us ids 1-800 swept with id 519 passing as a control ('Election Results_2026...'); 357 named documents, and the only election results in the range are that 2026 file plus absentee-ballot applications and a state-election notice. SITEMAP: the same host publishes 128 URLs, one of which mentions an election, and none touches 2023. The one thing still untested is the multi-year town report -- Russell 2021 and 2022 are both cited to fy2025_russell_town_report.pdf, so its fy2023/fy2024 siblings were the obvious probe, and the control for that path now 404s, so it could not run. TURLEY WEEKLY MEASURED VIA WAYBACK. Turley itself now 403s and its own archive links 404 for older issues, but Wayback holds 1,742 dated whole-issue PDFs across seven Turley titles (Barre Gazette, Country Journal, Quaboag Current, Ware River News, Journal Register, Agawam Advertiser, Chicopee Register), 2020 to 2026. The issues following this town's election were retrieved from Actions and read COLUMN-AWARE -- these papers set returns in five narrow columns and a full-page extract interleaves them, the same failure that hid Plainfield 2022. No return for this town-year. The channel demonstrably works: the same issues carry Hardwick's 2026 return in full (380 of 2,199 voters, 17.3%) and Oakham's 2026 (Gehring 308, Haapakoski 78), both towns these papers serve. They simply do not print this one. PRE-TO-POST MATCHING RUN AND EXHAUSTED. The maintainer's technique -- if a paper previewed the contest it probably reported it -- closed Hampden 2022 outright, so it was run against every open row in the same papers' territory. It is DATE-driven, not keyword-driven, which matters: the Hampden article that closed that row is slugged 'coyne-beats-matthews-for-seat-on-hampden-planning-' and matches no election keyword at all, so every keyword sweep had missed it. Here the method finds nothing: every article in the relevant Reminder section was fetched and DATED, and none published in the weeks after this election reports it. REMINDER ARCHIVE MEASURED WITH A DATE CONTROL. Every article whose slug names this town was pulled from the cached 24,440-URL index and fetched, and each one's printed Date: was read. The archive covers this town's gap year densely, so the absence of a return is REAL rather than a coverage gap. See research/CHANNEL-reminder-archive-ends-2024.md for the full distribution. ",90,,no,no,missing,,,https://oxfordma.us/DocumentCenter/View/1752/May-16-2023---Official-Annual-Town-Election-Results https://jamesnicholsworley.github.io/civicatlasma/pdfs/Russell2023.pdf,no_source,official
Russell,2024,regular,yes,LEO,https://www.russell-ma.gov/home/news/unofficial-results-annual-town-election,https://jamesnicholsworley.github.io/civicatlasma/pdfs/Russell2024_d0.pdf,verified_yes,high,YES,90,Russell2024_d0.pdf,yes,yes,pdf_hosted,,,,published,official
Russell,2025,regular,yes,LEO,https://www.russell-ma.gov/sites/g/files/vyhlif5871/f/uploads/2025_ate_official_results_final.pdf,https://jamesnicholsworley.github.io/civicatlasma/pdfs/Russell2025_d0.pdf,verified_yes,high,"YES | CITATION DEAD, no replacement found 2026-08-21 (DNS failure on the old host; the new MA site townofrussell.us (CivicPlus) carries no 2025 ); artifact is held locally | DOMAIN MOVED: russell-ma.gov is dead with zero Wayback captures; the town is now at townofrussell.us (confirmed Massachusetts), which carries no 2025 return. NOTE the trap: townofrussell.org redirects to townofrussellwi.gov, which is Russell WISCONSIN.",90,Russell2025_d0.pdf,yes,yes,pdf_hosted,,,,published,official
Russell,2026,regular,yes,custom-search,https://www.townofrussell.us/DocumentCenter/View/519/Election-Resultspdf,,,,"landed 2026-08-25 from the Chrome ingest (official, -); 13 races; date 2026-06-01 established from the same document",,,no,no,missing,,,,published,official
Rutland,2021,regular,yes,ATR,https://rutlandma.gov/DocumentCenter/View/859/FY2021-Annual-Town-Report,https://jamesnicholsworley.github.io/civicatlasma/pdfs/Rutland2021_d0.pdf,dive_atr,high,atr_cropped,70,Rutland2021_d0.pdf,yes,yes,pdf_hosted,,,,published,official
Rutland,2022,regular,yes,ATR,https://archives.lib.state.ma.us/server/api/core/bitstreams/493b3dd7-8b35-4e28-9c2c-e5d69e0ff01f/content #page=21,,dive_atr,high,atr_cropped,70,,no,no,pdf_hosted,,,https://www.townofrutland.org/sites/g/files/vyhlif1156/f/uploads/water_and_sewer_rate_study_municipality_comparison.pdf,published,official
Rutland,2023,regular,yes,ATR,https://townofrutland.org/DocumentCenter/View/616,,dive_atr,high,atr_cropped,90,,no,no,pdf_hosted,,,,published,official
Rutland,2024,regular,yes,LEO,https://www.townofrutland.org/DocumentCenter/View/1995,https://jamesnicholsworley.github.io/civicatlasma/pdfs/Rutland2024_d0.pdf,crawl,high,crawl_verified,90,Rutland2024_d0.pdf,yes,yes,hosted,https://jamesnicholsworley.github.io/civicatlasma/markdown/Rutland2024.md,pypdf(recrawl),,published,official
Rutland,2025,regular,yes,LEO,https://www.rutlandma.gov/DocumentCenter/View/3585/FY2025-Annual-Town-Report,https://jamesnicholsworley.github.io/civicatlasma/pdfs/Rutland2025_d0.pdf,manual,high,manual_ingest,90,Rutland2025_d0.pdf,yes,yes,pdf_hosted,,,,published,official
Rutland,2026,regular,yes,custom-search-2026,https://www.rutlandma.gov/DocumentCenter/View/3650/2026-May-ATE-PRELIM-RESULTS,,,,citation found 2026-08-23 by sha256: bytes identical to the held PDF,,,no,no,pdf_hosted,,,,published,official
Salem,2021,regular,yes,LEO,https://www.salemma.gov/DocumentCenter/View/1672/2021-to-2022-Election-Results-PDF,https://jamesnicholsworley.github.io/civicatlasma/pdfs/Salem2021_d0.pdf,manual_sources,manual,,95,Salem2021_d0.pdf,yes,yes,hosted,https://jamesnicholsworley.github.io/civicatlasma/markdown/Salem2021.md,docling-2.66.0,,published,official
Salem,2022,regular,no,CITY_ODD_YEAR_CYCLE,,,,,,,Salem2022_d0.pdf,,no,no_election,,,,no_election,other
Salem,2023,regular,yes,LEO,https://www.salemma.gov/DocumentCenter/View/6752/2023-to-2024-Election-Results-PDF,https://jamesnicholsworley.github.io/civicatlasma/pdfs/Salem2023_d0.pdf,collect-exa,manual,auto_resourced,95,Salem2023_d0.pdf,yes,yes,hosted,https://jamesnicholsworley.github.io/civicatlasma/markdown/Salem2023.md,docling-2.66.0,,published,official
Salem,2024,regular,no,CITY_ODD_YEAR_CYCLE,,,,,,,Salem2024_d0.pdf,,no,no_election,,,,no_election,other
Salem,2025,regular,yes,LEO,https://www.salemma.gov/DocumentCenter/View/8342/City-of-Salem-November-4-Biennial-Election-Official-Results,https://jamesnicholsworley.github.io/civicatlasma/pdfs/Salem2025_d0.pdf,manual_city,manual,"manual | CERTIFIED UPGRADE 2026-08-21. Both the held and the official documents are scans, so the values are not machine-comparable; the official is a fresh 2-page certified sheet.",100,Salem2025_d0.pdf,yes,yes,hosted,https://jamesnicholsworley.github.io/civicatlasma/markdown/Salem2025.md,docling-2.66.0,,published,official
Salem,2026,regular,no,,,,,,"no_election: even-year row seeded from the 2024 cohort, 2026-08-19",,,,,,,,,no_election,other
Salisbury,2021,regular,yes,LEO,https://www.salisburyma.gov/town-clerk/files/2021-town-election-results-5-11-2021,https://jamesnicholsworley.github.io/civicatlasma/pdfs/Salisbury2021_d0.pdf,scraper_sheet9,spraped,,70,Salisbury2021_d0.pdf,yes,yes,hosted,https://jamesnicholsworley.github.io/civicatlasma/markdown/Salisbury2021.md,pypdf,,published,official
Salisbury,2022,regular,yes,LEO,https://www.salisburyma.gov/town-clerk/files/2022-town-election-results-5-10-2022,https://jamesnicholsworley.github.io/civicatlasma/pdfs/Salisbury2022_d0.pdf,scraper_sheet9,spraped,,70,Salisbury2022_d0.pdf,yes,yes,hosted,https://jamesnicholsworley.github.io/civicatlasma/markdown/Salisbury2022.md,pypdf,,published,official
Salisbury,2023,regular,yes,LEO,https://www.salisburyma.gov/sites/g/files/vyhlif1166/f/uploads/unofficial_results_-2023_town_election.pdf,https://jamesnicholsworley.github.io/civicatlasma/pdfs/Salisbury2023_d0.pdf,manual_sources,manual,,95,Salisbury2023_d0.pdf,yes,yes,hosted,https://jamesnicholsworley.github.io/civicatlasma/markdown/Salisbury2023.md,pypdf,,published,official
Salisbury,2024,regular,yes,LEO,https://www.salisburyma.gov/home/files/2024-town-election-5-14-2024-official-results,,manual,high,WITHDRAWN by the gate 2026-09-05 and coverage_state corrected 2026-09-10: the cited page is a town announcement; the linked results file is not a return. The gate reads data/json and decides what publish/ holds; coverage_state said published while the gate said DROP.,90,,no,no,pdf_hosted,,playwright+docling-2.66.0,,published,official
Salisbury,2025,regular,yes,LEO,https://www.salisburyma.gov/DocumentCenter/View/5581/Town-Election-5-13-20-25,https://jamesnicholsworley.github.io/civicatlasma/pdfs/Salisbury2025_d0.pdf,manual,high,manual_ingest | CITATION REPAIRED 2026-08-21 (live URL recovered): 200 via curl_cffi chrome; 1pg PDF naming Colburn Kimball and Ray-Parrott across 3 precincts May 13 2025,90,Salisbury2025_d0.pdf,yes,yes,pdf_hosted,,,,published,official
Salisbury,2026,regular,yes,custom-search-2026,https://www.salisburyma.gov/DocumentCenter/View/5580/Town-Election-5-12-2026,,,,citation found 2026-08-23 by sha256: bytes identical to the held PDF,,,no,no,pdf_hosted,,,,published,official
Sandisfield,2021,regular,yes,LEO,https://www.sandisfieldma.gov/sites/g/files/vyhlif1171/f/pages/annual_report_fy21.pdf,,manual,high,"landed 2026-09-01 from the round-9 gap sweep (annual_report; pdf text/OCR); artifact only, parse and gate follow",70,,no,no,missing,,,https://www.sandisfieldma.gov/sites/g/files/vyhlif1171/f/uploads/annual_caucus_results_2021.pdf,published,official
Sandisfield,2022,regular,yes,owner-supplied-2026-08-23-small_towns_ingest_2,https://www.sandisfieldma.gov/home/news/sandisfield-annual-town-election-results-may-16-2022,https://jamesnicholsworley.github.io/civicatlasma/pdfs/Sandisfield2022_d0.pdf,manual,high,manual_ingest,70,Sandisfield2022_d0.pdf,yes,no,pdf_hosted,,,https://www.sandisfieldma.gov/sites/g/files/vyhlif1171/f/pages/dpw_union_contract_sandisfield_fy23-24-25_with_addendum_0.pdf,published,official
Sandisfield,2023,regular,yes,LEO,https://www.sandisfieldma.gov/sites/g/files/vyhlif1171/f/news/5.13.23_election_results_1.pdf,,manual_sources,manual,,95,,no,no,hosted,,pypdf,,published,official
Sandisfield,2024,regular,yes,LEO,https://www.sandisfieldma.gov/sites/g/files/vyhlif1171/f/news/annual_town_election_results_2024.05.20.pdf,,manual,high,"not_a_return (read 2026-08-23): 'WARRANT FOR THE ANNUAL TOWN MEETING May 18, 2024 ... you are required to notify and warn the inhabitants'",90,,no,no,missing,,,https://www.sandisfieldma.gov/sites/g/files/vyhlif1171/f/news/nov_5th_2024_state_election_results.pdf,published,official
Sandisfield,2025,regular,yes,owner-verified-2026-08-19,https://www.sandisfieldma.gov/home/news/annual-town-election-results-0,,exa,high,,90,,,no,hosted,,,,published,official
Sandisfield,2026,regular,yes,,https://www.iberkshires.com/story/82563/2026-Town-Meeting-Election-Briefs.html,,,,"town publishes at sites/g/files/vyhlif1171/f/news/annual_town_election_results_<yyyy>.<mm>.<dd>.pdf. Control (the 2024 file) PASSED; 54 dated paths probed across May-June 2026 on three templates, no hit. The Berkshire Edge tag archive (276 articles fetched) and a per-town-year Berkshire Eagle sweep (38 results fetched) both carry nothing.",,,no,no,missing,,,,pending_parse,news
Sandwich,2021,regular,yes,LEO,https://www.sandwichmass.org/ArchiveCenter/ViewFile/Item/227,https://jamesnicholsworley.github.io/civicatlasma/pdfs/Sandwich2021_d0.pdf,manual_sources,manual,,95,Sandwich2021_d0.pdf,yes,yes,hosted,https://jamesnicholsworley.github.io/civicatlasma/markdown/Sandwich2021.md,pypdf,,published,other
Sandwich,2022,regular,yes,LEO,https://www.sandwichmass.org/ArchiveCenter/ViewFile/Item/242,https://jamesnicholsworley.github.io/civicatlasma/pdfs/Sandwich2022_d0.pdf,manual_sources,manual,,95,Sandwich2022_d0.pdf,yes,yes,hosted,https://jamesnicholsworley.github.io/civicatlasma/markdown/Sandwich2022.md,pypdf,,published,other
Sandwich,2023,regular,yes,LEO,https://www.sandwichmass.org/ArchiveCenter/ViewFile/Item/278,https://jamesnicholsworley.github.io/civicatlasma/pdfs/Sandwich2023_d0.pdf,manual_sources,manual,,95,Sandwich2023_d0.pdf,yes,yes,hosted,https://jamesnicholsworley.github.io/civicatlasma/markdown/Sandwich2023.md,pypdf,,published,other
Sandwich,2024,regular,yes,LEO,https://www.sandwichmass.org/ArchiveCenter/ViewFile/Item/352,https://jamesnicholsworley.github.io/civicatlasma/pdfs/Sandwich2024_d0.pdf,manual_sources,manual,,95,Sandwich2024_d0.pdf,yes,yes,hosted,https://jamesnicholsworley.github.io/civicatlasma/markdown/Sandwich2024.md,pypdf,,published,other
Sandwich,2025,regular,yes,LEO,https://www.sandwichmass.org/ArchiveCenter/ViewFile/Item/439,https://jamesnicholsworley.github.io/civicatlasma/pdfs/Sandwich2025_d0.pdf,manual_sources,manual,,95,Sandwich2025_d0.pdf,yes,yes,hosted,https://jamesnicholsworley.github.io/civicatlasma/markdown/Sandwich2025.md,pypdf,,published,other
Sandwich,2026,regular,yes,cohort-2026,https://news.google.com/rss/articles/CBMi3gFBVV95cUxNcFd0YU56eF9MS2F2WGFkUTVoVVl1NVRFazZiR1dHSjBsV1d0LWl1d3R4aldrRUFUYk80RXVKQVRzUGVHeHdHSi04cEZIQXd4cDRjcUUycjRRdGQ0R1VHb2RMTzRvSTNuNVNXQTN4RllDU2N0Tk03b3BmemR5eWtsdEVpVjVxdnNlRXJyN2xKc0hLZnlCOU9CczFXMHVHWXZiS3ZZLW9RTU8zYnktR19raDhZTENtOGNFcF9BZGVUMjFlTEFJcnJ2UFNBNVRpRTc1d1BJTzNXeGRKTzNsd1E?oc=5,,,,,,,no,yes,hosted,,,,published,news
Saugus,2021,regular,yes,LEO,https://www.saugus-ma.gov/DocumentCenter/View/821/2021-November-2---Local-Town-Election-Results-PDF,https://jamesnicholsworley.github.io/civicatlasma/pdfs/Saugus2021_d0.pdf,crawl,manual,crawl_verified,95,Saugus2021_d0.pdf,yes,yes,hosted,,pdf_only(needs_ocr),,published,official
Saugus,2022,regular,no,LEO,,,manual,,state_doc_sweep:no_election,,,no,no,no_election,,,https://www.saugus-ma.gov/sites/g/files/vyhlif1181/f/uploads/official_results_november_8_2022_state_election.pdf,no_election,official
Saugus,2023,regular,yes,LEO,https://www.saugus-ma.gov/DocumentCenter/View/824/2023-November-7---Local-Town-Election-Results-PDF,https://jamesnicholsworley.github.io/civicatlasma/pdfs/Saugus2023_d0.pdf,crawl,manual,crawl_verified,95,Saugus2023_d0.pdf,yes,yes,hosted,https://jamesnicholsworley.github.io/civicatlasma/markdown/Saugus2023.md,pypdf(recrawl),,published,official
Saugus,2024,regular,no,LEO,,,manual,,manual_ingest,,,no,no,no_election,,,https://www.saugus-ma.gov/sites/g/files/vyhlif1181/f/uploads/elections_coordinator_posting_updated_5.20.24.pdf,no_election,official
Saugus,2025,regular,yes,LEO,https://www.saugus-ma.gov/DocumentCenter/View/471/Official-Results---Local-Town-Election---November-4-2025-PDF,https://jamesnicholsworley.github.io/civicatlasma/pdfs/Saugus2025_d0.pdf,manual_city,manual,manual | CITATION REPAIRED 2026-08-21 (live URL recovered): 200 via curl_cffi chrome; 6pg PDF 10 precincts 22729 registered voters Nov 4 2025 local election,100,Saugus2025_d0.pdf,yes,yes,hosted,https://jamesnicholsworley.github.io/civicatlasma/markdown/Saugus2025.md,pypdf,,published,official
Saugus,2026,regular,no,,,,,,"no_election: even-year row seeded from the 2024 cohort, 2026-08-19",,,,,,,,,no_election,official
Savoy,2021,regular,yes,ATR,https://www.berkshireeagle.com/news/local/new-faces-poised-to-join-elected-ranks-in-savoy-all-without-contests/article_4e61cb12-b345-11eb-8227-0f6c5e7b73c6.html,,verified_no,high,"TOWN LIBRARY ENUMERATED WHOLE. Savoy runs the same Juniper platform as West Brookfield, and its media library is listable without any filtering: storage.googleapis.com/juniper-media-library?prefix=394/ paged with max-keys=1000 returns 449 objects, the entire hosted file set, read unfiltered rather than keyword-matched. Its election and report series begins in 2024: a 2024 election warrant, a 2025 election, FY2023 and FY2024 annual reports, a 2025 annual report, and a 2026 annual town election. Nothing from 2021 or 2022 in any form. The town OLD WordPress host was enumerated too, from the round-19 unfiltered-PDF Wayback sweep: 305 unique archived PDFs, which include Annual-Town-Election-Results-2023.pdf and the 2024 equivalent but no 2021 or 2022 one. ONE LEAD LEFT, AND IT MUST NOT BE CHASED FROM THIS MACHINE. The archive holds /wp-content/uploads/2021/05/Annual-Town-Report.pdf, undated in its filename -- which is exactly why every keyword sweep passed over it -- sitting in a May-2021 upload folder. It 404s on the live host, and a local Wayback replay answered 429, the rate-limit block. Worth ONE Actions-side attempt at capture timestamp 20230316110035. Temper the expectation: a file uploaded in May 2021 most likely holds the 2020 report, so this is a lead, not a prediction. BALLOT FOUND, TURNOUT IS ALL THAT IS MISSING. The Berkshire Eagle's ""New faces poised to join elected ranks in Savoy, all without contests"" (12 May 2021) gives the whole ballot for the 19 May 2021 election: Melanie Glynn (Select Board), Valerie Reiner (Town Clerk), Ronna Brandt (Park Commission), Julie Pavia (Assessor) -- and records that Tax Collector, Cemetery Commission, Moderator, School Committee and Planning Board had NO candidate at all, plus a ballot question to make the tax collector appointed. Landed. Missing: turnout. The Eagle ran no follow-up between election day and the end of 2022, and the State Library holds only Savoy-2020, Savoy-2023 and Savoy-2024 -- no 2021 or 2022 volume exists. Savoy's own reports DO print turnout in the needed form (the 2023 volume, page 23: ""Total votes cast 50""), so the 2021 report would answer this if the town can supply it. STATUS: STAGED AND WAITING ON TWO NUMBERS, NOT UNSEARCHED. The ballot is already transcribed, landed and sitting at pending_parse. The gate HOLDS it with BALLOT_NOT_RETURN -- 'this is a ballot, not a return: no votes anywhere' -- which is correct: the owner's uncontested-ballot rule needs turnout_cast and turnout_registered before it can publish. Supply ballots cast and registered voters and this row publishes immediately with no further searching. The transcription is not lost work.  LOCAL PAPER RE-SEARCHED BY DATE, WITH A WORKING CONTROL. The regional daily's search endpoint was queried and every article link it returned was fetched and its publish date read from the itemprop datePublished attribute. Across six town/year searches, 45 articles dated successfully and NONE falls in a gap year. The control matters here: a first pass looked for datePublished in JSON form, extracted nothing from any page, and reported a confident zero -- a false negative. Re-run against a known article ('Sheffield votes are in', which correctly returns 2008-11-05) the parser works and the zero is real. ",30,,,no,discarded_not_results,,,,pending_parse,news
Savoy,2022,regular,yes,ATR,https://www.savoy-ma.gov/sites/g/files/vyhlif6856/f/uploads/2022_annual_town_report.pdf,,verified_no,high,"See the Savoy 2021 note for the enumeration. Both of this town hosts were listed whole and unfiltered -- 449 Juniper objects and 305 archived PDFs on the old WordPress host -- and the election series starts at 2023. Nothing for 2022. PRE-TO-POST MATCHING FOUND AN ARTICLE, BUT NOT A RETURN. The Berkshire Eagle's only Savoy piece after the 2022 election is 'Savoy posts go unfilled due to a lack of interest, leaving some duties undone', 11 June 2022. It reports VACANCIES, not results: the Parks Commission empty, two Planning Board vacancies, one on the Cemetery Commission and one Select Board seat, with Town Clerk Valerie Reiner quoted saying they will stay vacant until the next election unless someone shows interest. It does establish that Russell Clarke was the newly elected Select Board chairman. No counts and no turnout. OTHER CHANNELS: the State Library holds Savoy-2020, 2023 and 2024 and no 2021 or 2022 volume; townofsavoy.com's sitemap has an /election-information page carrying only the 2026 results; its whole site was crawled and links no documents at all; and the Juniper media bucket for site 394 holds nothing earlier than 2025. Note that Savoy's own reports DO print turnout in the needed form -- the 2023 volume, page 23: 'Fifty (50) residents participated ... Total votes cast 50' -- so the 2021 and 2022 reports would answer both rows if the town can supply them.",30,Savoy2022_d0.pdf,,no,discarded_not_results,,,,no_source,official
Savoy,2023,regular,yes,LEO,https://townofsavoy.com/wp-content/uploads/2023/05/Annual-Town-Election-Results-2023.pdf,,manual,high,manual_ingest,90,,no,no,pdf_hosted,,,,published,official
Savoy,2024,regular,yes,LEO,https://townofsavoy.com/wp-content/uploads/2024/05/Annual-Town-Election-Results-2024.pdf,https://jamesnicholsworley.github.io/civicatlasma/pdfs/Savoy2024_d0.pdf,manual,high,manual_ingest,70,Savoy2024_d0.pdf,yes,yes,pdf_hosted,,,,published,official
Savoy,2025,regular,yes,LEO,https://web.archive.org/web/20250516054814id_/https://townofsavoy.com/wp-content/uploads/2025/05/ATE-results-5-14-25.pdf,https://jamesnicholsworley.github.io/civicatlasma/pdfs/Savoy2025_d0.pdf,manual,medium,manual_ingest | CITATION REPAIRED 2026-08-21 (Wayback capture cited): 200 via curl_cffi chrome on the 6th attempt; 1pg scan of Savoy Annual Town Election May 14 2025; sha256 identical to hel,70,Savoy2025_d0.pdf,yes,yes,pdf_hosted,,,,published,official
Savoy,2026,regular,yes,custom-search-2026,https://storage.googleapis.com/juniper-media-library/394/2026/06/Savoy Annual Town Election.pdf,,,,,,,no,no,pdf_hosted,,,,published,official
Scituate,2021,regular,yes,LEO,https://www.scituatema.gov/sites/g/files/vyhlif11836/f/pages/official_town_election_results_2021.pdf,,manual_sources,manual,,95,,no,no,hosted,,docling-2.66.0,,published,official
Scituate,2022,regular,yes,LEO,https://www.scituatema.gov/sites/g/files/vyhlif11836/f/pages/official_results_ate_5-21-2022.pdf,,manual_sources,manual,,95,,no,no,hosted,,docling-2.66.0,,published,official
Scituate,2023,regular,yes,ATR,https://scituatema.gov/DocumentCenter/View/859/2023-Annual-Town-Report,https://jamesnicholsworley.github.io/civicatlasma/pdfs/Scituate2023_d0.pdf,dive_atr,manual,atr_cropped,95,Scituate2023_d0.pdf,yes,yes,pdf_hosted,,,,published,official
Scituate,2024,regular,yes,LEO,https://www.scituatema.gov/sites/g/files/vyhlif11836/f/pages/official_results_2024_annual_town_election.pdf,,manual_sources,manual,,95,,no,no,hosted,,docling-2.66.0,,published,official
Scituate,2025,regular,yes,LEO,https://scituatema.civiccms.acsitefactory.com/sites/g/files/vyhlif11836/f/alerts/official_town_election_results_5-31-2025_kg_2.pdf,,manual_sources,manual,CITATION REPAIRED 2026-08-21 (live URL recovered): 200 via curl_cffi chrome on the Granicus origin host; sha256 identical to held artifact; 2pg Scituate official town elec,95,,no,no,hosted,,docling-2.66.0,,published,official
Scituate,2026,regular,yes,custom-search,https://959watd.com/blog/2026/06/182752/,,,,"uncitable (released 2026-08-23): NOT A CITATION PROBLEM. The held markdown opens with the literal search query and reads as composed prose; against the real South Shore News article only 15% of its tokens appear, while 53% of the article appears in it. The held text asserts a great deal its source does not say. The artifact and parse are preserved under data/setaside/uncited/ and re-land in one step if a citation is ever recovered",,,no,no,missing,,,,published,news
Seekonk,2021,regular,yes,LEO,https://www.seekonk-ma.gov/DocumentCenter/View/431/4521-Town-Election-Results-PDF,https://jamesnicholsworley.github.io/civicatlasma/pdfs/Seekonk2021_d0.pdf,manual_sources,manual,,95,Seekonk2021_d0.pdf,yes,yes,hosted,https://jamesnicholsworley.github.io/civicatlasma/markdown/Seekonk2021.md,docling-2.66.0,,published,official
Seekonk,2022,regular,yes,LEO,https://www.seekonk-ma.gov/Archive.aspx?ADID=49,,manual,scraped,landed 2026-09-10 from research/SESSION_2026-09-10_FINDINGS.md; transcribed from the certified return and checked against the 1252 ballots it reports,90,,no,no,discarded_not_results,,,https://www.seekonk-ma.gov/DocumentCenter/View/427/Election-Results-November-8-2022-PDF,published,official
Seekonk,2023,regular,yes,LEO,https://www.seekonk-ma.gov/DocumentCenter/View/1478/432023-Annual-Town-Election-Results,https://jamesnicholsworley.github.io/civicatlasma/pdfs/Seekonk2023_d0.pdf,manual_sources,manual,,95,Seekonk2023_d0.pdf,yes,yes,hosted,https://jamesnicholsworley.github.io/civicatlasma/markdown/Seekonk2023.md,pypdf,,published,official
Seekonk,2024,regular,yes,LEO,https://www.seekonk-ma.gov/DocumentCenter/View/2385/4124-Town-Election-Results-PDF,https://jamesnicholsworley.github.io/civicatlasma/pdfs/Seekonk2024_d0.pdf,manual_sources,manual,,95,Seekonk2024_d0.pdf,yes,yes,hosted,https://jamesnicholsworley.github.io/civicatlasma/markdown/Seekonk2024.md,pypdf,,published,official
Seekonk,2025,regular,yes,LEO,https://www.seekonk-ma.gov/DocumentCenter/View/3322/4725-Town-Election-Results-PDF,https://jamesnicholsworley.github.io/civicatlasma/pdfs/Seekonk2025_d0.pdf,manual_sources,manual,,95,Seekonk2025_d0.pdf,yes,yes,hosted,https://jamesnicholsworley.github.io/civicatlasma/markdown/Seekonk2025.md,pypdf,,published,official
Seekonk,2026,regular,yes,custom-search-2026,https://www.seekonk-ma.gov/DocumentCenter/View/3954,,,,,,,no,no,pdf_hosted,,,,published,official
Sharon,2021,regular,yes,LEO,https://www.townofsharon.net/sites/g/files/vyhlif3801/f/uploads/ate2021-may.pdf,https://jamesnicholsworley.github.io/civicatlasma/pdfs/Sharon2021_d0.pdf,manual_sources,manual,,95,Sharon2021_d0.pdf,yes,yes,hosted,https://jamesnicholsworley.github.io/civicatlasma/markdown/Sharon2021.md,pypdf,,published,official
Sharon,2022,regular,yes,LEO,https://www.townofsharon.net/sites/g/files/vyhlif3801/f/uploads/atemay2022.pdf,https://jamesnicholsworley.github.io/civicatlasma/pdfs/Sharon2022_d0.pdf,manual_sources,manual,,95,Sharon2022_d0.pdf,yes,yes,hosted,https://jamesnicholsworley.github.io/civicatlasma/markdown/Sharon2022.md,pypdf,,published,official
Sharon,2023,regular,yes,LEO,https://www.townofsharon.net/sites/g/files/vyhlif3801/f/uploads/ate2023may.pdf,https://jamesnicholsworley.github.io/civicatlasma/pdfs/Sharon2023_d0.pdf,manual_sources,manual,,95,Sharon2023_d0.pdf,yes,yes,hosted,https://jamesnicholsworley.github.io/civicatlasma/markdown/Sharon2023.md,pypdf,,published,official
Sharon,2024,regular,yes,LEO,https://www.townofsharon.net/sites/g/files/vyhlif3801/f/uploads/24sppreliminaryresults.pdf,https://jamesnicholsworley.github.io/civicatlasma/pdfs/Sharon2024_d0.pdf,manual,manual,head_ocr:wrong_doc,95,Sharon2024_d0.pdf,yes,yes,pdf_hosted,,,,published,official
Sharon,2025,regular,yes,owner-verified-2026-08-19,https://www.sharonma.gov/DocumentCenter/View/21579/2025-Annual-Town-Report-,,manual,manual,manual_ingest,95,,no,no,pdf_hosted,,,https://www.townofsharon.net/sites/g/files/vyhlif3801/f/uploads/pp24preliminaryresultssummary.pdf,published,official
Sharon,2026,regular,yes,custom-search-2026,https://www.sharonma.gov/DocumentCenter/View/21972,,,,,,,no,no,pdf_hosted,,,,published,official
Sheffield,2021,regular,yes,LEO,https://www.berkshireeagle.com/news/local/robert-cooper-secures-sheffield-planning-board-seat-by-six-votes/article_c9612,,manual,medium,"landed 2026-09-01 from the Berkshire Eagle, 10 May 2021, 'Robert Cooper secures Sheffield Planning Board seat by six votes'. 279 of 2,540 = 10.9%. Planning Board 2 seats: McNeill 209, Cooper 143, Stolzar 137, blanks 69, no write-ins -- ARITHMETIC VALIDATES (2x279=558=209+143+137+69). Three uncontested offices named without counts. Date and slate independently confirmed by the town's own official ballot specimenballot51021.pdf ('MONDAY, MAY 10, 2021').",70,,no,no,published,,,https://www.sheffieldma.gov/sites/g/files/vyhlif3806/f/uploads/results_atm_may2021.pdf,published,news
Sheffield,2022,regular,yes,LEO,https://www.sheffieldma.gov/town-clerk/files/election-results,,manual,medium,ocr_triage:wrong_doc,70,,no,no,published,,,https://www.sheffieldma.gov/sites/g/files/vyhlif3806/f/uploads/resultsatmmay2022.pdf,published,official
Sheffield,2023,regular,yes,LEO,https://www.sheffieldma.gov/sites/g/files/vyhlif3806/f/uploads/annual_town_election_ballot.pdf,,manual,high,"BALLOT LANDED; TURNOUT IS THE ONLY MISSING QUANTITY, AND THE ABSENCE IS NOW PROVEN FROM THE TOWN'S OWN COMPLETE FILE INDEX. The ballot is landed: annual_town_election_ballot.pdf on the Site Factory upload path, a name carrying no year, which is why year-based probes missed it. Read at 400 dpi column by column it gives five offices, each 'Vote for One' with exactly one candidate -- Moderator Martin C. Mitsoff; Selectman Robert C. Kilmer Jr; Planning Board Sari L. Hoy; Planning Board (unexpired) Brittany Paige Ebeling; Library Trustee Anne M. Beattie. UNCONTESTED, so the owner's rule applies the moment a turnout figure exists. WHY THE FIGURE IS NOT FINDABLE ONLINE. Sheffield's sitemap exposes the Town Clerk's entire file index, and it lists annual town election RESULTS for 2009, 2010, 2011, 2013, 2015, 2016, 2019, 2020, 2024, 2025 and 2026, plus an undated /town-clerk/files/election-results which was fetched and OCR'd and is 'RESULTS OF THE ANNUAL TOWN ELECTION MAY 9, 2022'. 2023 is the ONLY year missing from the series. A second undated file, uploads/election_results.pdf, is the 2018 ballot, and uploads/election_results_0.pdf is a byte-size duplicate of the 2022 results. Also searched and absent: Sheffield's own 101-page 2023 State Library volume contains neither 'Annual Town Election' nor 'May 8, 2023'; the Berkshire Eagle published nothing; and The Berkshire Edge, which prints per-town results straight from the Town Clerk and did so for Sheffield on 11 May 2026, has no 2023 equivalent. ONE CLERK ENQUIRY FOR TWO NUMBERS CLOSES THIS ROW. STATUS: STAGED AND WAITING ON TWO NUMBERS, NOT UNSEARCHED. The ballot is already transcribed, landed and sitting at pending_parse. The gate HOLDS it with BALLOT_NOT_RETURN -- 'this is a ballot, not a return: no votes anywhere' -- which is correct: the owner's uncontested-ballot rule needs turnout_cast and turnout_registered before it can publish. Supply ballots cast and registered voters and this row publishes immediately with no further searching. The transcription is not lost work.  LOCAL PAPER RE-SEARCHED BY DATE, WITH A WORKING CONTROL. The regional daily's search endpoint was queried and every article link it returned was fetched and its publish date read from the itemprop datePublished attribute. Across six town/year searches, 45 articles dated successfully and NONE falls in a gap year. The control matters here: a first pass looked for datePublished in JSON form, extracted nothing from any page, and reported a confident zero -- a false negative. Re-run against a known article ('Sheffield votes are in', which correctly returns 2008-11-05) the parser works and the zero is real. ",90,,no,no,pdf_hosted,,,https://www.sheffieldma.gov/sites/g/files/vyhlif3806/f/uploads/results_stm_dec_4_2023.pdf,pending_parse,official
Sheffield,2024,regular,yes,LEO,https://www.sheffieldma.gov/town-clerk/files/results-ate-5-13-24,,manual,high,"wrong_scope_state_election_retired: the scan OCRs as 'SHEFFIELD STATE ELECTION - OFFICIAL RESULTS NOVEMBER 5, 2024'",90,,no,no,missing,,,https://www.sheffieldma.gov/home/files/unofficial-results-state-election-nov-5-2024,published,official
Sheffield,2025,regular,yes,LEO,https://www.sheffieldma.gov/sites/g/files/vyhlif3806/f/uploads/ate_2025_official_results.pdf,https://jamesnicholsworley.github.io/civicatlasma/pdfs/Sheffield2025_d0.pdf,exa_reviewed,high,auto_resourced,90,Sheffield2025_d0.pdf,yes,yes,hosted,https://jamesnicholsworley.github.io/civicatlasma/markdown/Sheffield2025.md,docling-2.66.0,,published,official
Sheffield,2026,regular,yes,cohort-2026,https://news.google.com/rss/articles/CBMi0gFBVV95cUxNa0ZxWEgydWhBRkdQaEdJWFhUelV4UFhmd0ZpZjFmeFlQZS1yV1dnOTgyemdiZ2RJOEd6NkM4Nm5malc3MmNnYWhNa1V5UXFpNnNEcTBxcmxwUUE1MWhrc3YxMjVZdFVhSTktenBmdEZQVTZOTGFxUi1yQ292MXdTNVE5VzlOVjhBLTB4ckRUVjRJaVM0MEJpTEVINllYZ1hONk95aVZXeWVOM1haQVNoSnRvZkl5M2lENlFMWk0ta3JoYzA3ZlNQZ0xQV1dmYTR0S3c?oc=5,,,,,,,no,yes,hosted,,,,published,news
Shelburne,2021,regular,yes,LEO,https://www.recorder.com/2021/06/29/jason-cusimano-takes-school-committee-seat-in-shelburne-election-41213630/,,verified_yes,scraped,"landed 2026-09-01 from the round-10 news-window sweep (news; Greenfield Recorder, 29 June 2021); artifact only, parse and gate follow",90,Shelburne2021_d0.pdf,,no,published,,,,published,news
Shelburne,2022,regular,yes,LEO,https://recorder.com/2022/06/15/shelburne-recreation-committee-seat-remains-vacant-following-election-46822414/,,manual,scraped,"landed 2026-09-01 from the round-9 gap sweep (news; article body seat list); artifact only, parse and gate follow",90,,no,no,published,,,https://townofshelburne.com/files/2022-10_Shelburne_MA_Newsletter.pdf,published,news
Shelburne,2023,regular,yes,NEWS,https://www.recorder.com/Narrow-Win-in-Shelburne-Selectboard-Race-51011629,,manual_sources,manual,,95,Shelburne2023_d0.pdf,,yes,hosted,https://jamesnicholsworley.github.io/civicatlasma/markdown/Shelburne2023.md,playwright+docling-2.66.0,,published,news
Shelburne,2024,regular,yes,NEWS,https://recorder.com/2024/05/23/yacavone-biagi-joins-selectboard-seat-following-shelburne-election-55257751/,,manual,scraped,YES,90,Shelburne2024_d0.pdf,,yes,hosted,https://jamesnicholsworley.github.io/civicatlasma/markdown/Shelburne2024.md,playwright+docling-2.66.0,,published,news
Shelburne,2025,regular,yes,NEWS,https://recorder.com/2025/05/22/four-write-in-candidates-claim-seats-in-shelburne-new-selectboard-member-elected-61315681/,,manual,high,runner_fetch,90,Shelburne2025_d0.pdf,,yes,hosted,https://jamesnicholsworley.github.io/civicatlasma/markdown/Shelburne2025.md,docling-html,,published,news
Shelburne,2026,regular,yes,owner-supplied-2026-08-23-small_towns_ingest_3,https://recorder.com/2026/05/20/paul-hollings-defeats-giguere/,https://jamesnicholsworley.github.io/civicatlasma/pdfs/Shelburne2026_d0.pdf,manual,,manual_ingest,,Shelburne2026_d0.pdf,yes,no,pdf_hosted,,,,published,
Sherborn,2021,regular,yes,LEO,https://www.sherbornma.org/sites/g/files/vyhlif1201/f/news/official_results_june_15_2021_ate.pdf,,manual,low,manual_ingest,70,,no,no,pdf_hosted,,,,published,official
Sherborn,2022,regular,yes,LEO,https://web.archive.org/web/20221111074641id_/https://www.sherbornma.org/sites/g/files/vyhlif1201/f/uploads/official_results_may_10_2022_ate_0.pdf,,manual,low,manual_ingest,70,,no,no,published,,,https://www.sherbornma.org/sites/g/files/vyhlif1201/f/pages/official_results_nov_8_2022.pdf,published,official
Sherborn,2023,regular,yes,LEO,https://www.sherbornma.org/DocumentCenter/View/341/2023-Annual-Town-Election-Results-PDF,https://jamesnicholsworley.github.io/civicatlasma/pdfs/Sherborn2023_d0.pdf,manual_sources,manual,,95,Sherborn2023_d0.pdf,yes,yes,hosted,https://jamesnicholsworley.github.io/civicatlasma/markdown/Sherborn2023.md,pypdf,,published,official
Sherborn,2024,regular,yes,harvest-lead,https://archives.lib.state.ma.us/server/api/core/bitstreams/3136c057-78bb-4703-a568-bb7cb1b98175/content #page=119,https://jamesnicholsworley.github.io/civicatlasma/pdfs/Sherborn2024_d0.pdf,manual,high,relanded_retired_document_removed,90,Sherborn2024_d0.pdf,no,no,missing,,pypdf,https://www.sherbornma.org/DocumentCenter/View/2205/Official-Results-March-7-2024 https://www.sherbornma.org/DocumentCenter/View/2205/Official-Results-March-7-2024,published,official
Sherborn,2025,regular,yes,LEO,https://www.sherbornma.org/DocumentCenter/View/3379/OFFICIAL-RESULTS--May-13-2025-Annual-Town-Election,https://jamesnicholsworley.github.io/civicatlasma/pdfs/Sherborn2025_d0.pdf,exa,high,auto_resourced,90,Sherborn2025_d0.pdf,yes,yes,hosted,https://jamesnicholsworley.github.io/civicatlasma/markdown/Sherborn2025.md,pypdf,,published,official
Sherborn,2026,regular,yes,cohort-2026,https://sherbornma.org/DocumentCenter/View/4190/OFFICIAL-RESULTS--May-12-2026-ATE,,,,,,,no,yes,hosted,,,,published,official
Shirley,2021,regular,yes,LEO,https://www.shirley-ma.gov/DocumentCenter/View/829/2021-05-04-Annual-Town-Election-Results-PDF,https://jamesnicholsworley.github.io/civicatlasma/pdfs/Shirley2021_d0.pdf,scraper_sheet9,spraped,,70,Shirley2021_d0.pdf,yes,yes,hosted,https://jamesnicholsworley.github.io/civicatlasma/markdown/Shirley2021.md,pypdf,,published,official
Shirley,2022,regular,yes,LEO,https://www.shirley-ma.gov/DocumentCenter/View/280/2022-05-03-Annual-Town-Election-Results-PDF,https://jamesnicholsworley.github.io/civicatlasma/pdfs/Shirley2022_d0.pdf,crawl,scraped,crawl_verified,90,Shirley2022_d0.pdf,yes,yes,hosted,https://jamesnicholsworley.github.io/civicatlasma/markdown/Shirley2022.md,pypdf(recrawl),,published,official
Shirley,2023,regular,yes,LEO,https://www.shirley-ma.gov/DocumentCenter/View/834/2023-05-02-Annual-Town-Election-Results-PDF,https://jamesnicholsworley.github.io/civicatlasma/pdfs/Shirley2023_d0.pdf,crawl,manual,crawl_verified,95,Shirley2023_d0.pdf,yes,yes,hosted,,pdf_only(needs_ocr),,published,official
Shirley,2024,regular,yes,LEO,https://www.shirley-ma.gov/DocumentCenter/View/828/2024-05-07-Annual-Town-Election-Results-PDF,https://jamesnicholsworley.github.io/civicatlasma/pdfs/Shirley2024_d0.pdf,exa,scraped,auto_resourced,90,Shirley2024_d0.pdf,yes,yes,hosted,https://jamesnicholsworley.github.io/civicatlasma/markdown/Shirley2024.md,pypdf,,published,official
Shirley,2025,regular,yes,LEO,https://www.shirley-ma.gov/DocumentCenter/View/1322/2025-05-06-Annual-Town-Election,https://jamesnicholsworley.github.io/civicatlasma/pdfs/Shirley2025_d0.pdf,exa,scraped,auto_resourced,90,Shirley2025_d0.pdf,yes,yes,hosted,https://jamesnicholsworley.github.io/civicatlasma/markdown/Shirley2025.md,pypdf,,published,official
Shirley,2026,regular,yes,cohort-2026,https://shirley-ma.gov/DocumentCenter/View/2380/2026-05-05-Annual-Town-Election-Results,,,,,,,no,no,hosted,,,,published,official
Shrewsbury,2021,regular,yes,LEO,https://shrewsburyma.gov/ArchiveCenter/ViewFile/Item/1504,https://jamesnicholsworley.github.io/civicatlasma/pdfs/Shrewsbury2021_d0.pdf,manual_sources,manual,,95,Shrewsbury2021_d0.pdf,yes,yes,hosted,https://jamesnicholsworley.github.io/civicatlasma/markdown/Shrewsbury2021.md,pypdf,,published,official
Shrewsbury,2022,regular,yes,owner-supplied-2026-08-22-Annual_Town_Election__2022-05-03_official_results_(2),,,owner_download,,downloaded from the municipality by the owner and ingested from Downloads; original filename 'Annual Town Election  2022-05-03 official results (2).xlsx'. No live URL recovered.,,Shrewsbury2022_d0.pdf,yes,yes,hosted,https://jamesnicholsworley.github.io/civicatlasma/markdown/Shrewsbury2022.md,pandas-xlsx,,published,official
Shrewsbury,2023,regular,yes,LEO,https://shrewsburyma.gov/ArchiveCenter/ViewFile/Item/1608,https://jamesnicholsworley.github.io/civicatlasma/pdfs/Shrewsbury2023_d0.pdf,manual_sources,manual,,95,Shrewsbury2023_d0.pdf,yes,yes,hosted,https://jamesnicholsworley.github.io/civicatlasma/markdown/Shrewsbury2023.md,pypdf,,published,official
Shrewsbury,2024,regular,yes,LEO,https://shrewsburyma.gov/ArchiveCenter/ViewFile/Item/1649,https://jamesnicholsworley.github.io/civicatlasma/pdfs/Shrewsbury2024_d0.pdf,manual_sources,manual,,95,Shrewsbury2024_d0.pdf,yes,yes,hosted,https://jamesnicholsworley.github.io/civicatlasma/markdown/Shrewsbury2024.md,pypdf,,published,official
Shrewsbury,2025,regular,yes,LEO,https://shrewsburyma.gov/ArchiveCenter/ViewFile/Item/1696,https://jamesnicholsworley.github.io/civicatlasma/pdfs/Shrewsbury2025_d0.pdf,manual_sources,manual,,95,Shrewsbury2025_d0.pdf,yes,yes,hosted,https://jamesnicholsworley.github.io/civicatlasma/markdown/Shrewsbury2025.md,pypdf,,published,official
Shrewsbury,2026,regular,yes,custom-search,https://shrewsburyma.gov/DocumentCenter/View/20886/Annual-Town-Election-OFFICIAL-RESULTS-May-5-2026,,harvest-lead:sha256,,citation_proven_against_held_pdf,,,no,no,pdf_hosted,,,,published,official
Shutesbury,2021,regular,yes,LEO,https://shutesbury.org/sites/default/files/210612%20unofficial%20results_0.pdf,https://jamesnicholsworley.github.io/civicatlasma/pdfs/Shutesbury2021_d0.pdf,manual,low,manual_ingest,70,Shutesbury2021_d0.pdf,yes,yes,pdf_hosted,,,,published,official
Shutesbury,2022,regular,yes,ATR,https://www.shutesbury.org/node/3455,,manual,low,"not_a_return (read 2026-08-23): the ATR crop landed on the clerk's VITAL STATISTICS page ('BIRTHS ... July 1 2021 thru June 30 2022'), not the election. land_atr_finds' page offsets are approximate; the election pages of this report are elsewhere in it and worth re-cropping.",70,,no,no,missing,,,https://shutesbury.org/sites/default/files/FY25%20Annual%20Town%20Report_post.pdf https://jamesnicholsworley.github.io/civicatlasma/pdfs/Shutesbury2022.pdf,published,official
Shutesbury,2023,regular,yes,ATR,file://C:\Users\Owner\documents\CivicAtlasMA\data\incoming\atrcrops\Shutesbury2023_atr.pdf,https://jamesnicholsworley.github.io/civicatlasma/pdfs/Shutesbury2023_d0.pdf,manual,manual,manual_ingest,95,Shutesbury2023_d0.pdf,yes,no,pdf_hosted,,pypdf(recrawl),https://shutesbury.org/sites/default/files/2023%20ate%20sample_0.pdf,published,official
Shutesbury,2024,regular,yes,ATR,https://shutesbury.org/sites/default/files/files-and-images/Annual%20Town%20Reports/Annual%20Town%20Report_FY2024.pdf,,atr_crop,high,atr_cropped,90,,no,no,hosted,,pypdf,,published,official
Shutesbury,2025,regular,yes,LEO,https://shutesbury.org/sites/default/files/250426%20Final%20Election%20Results_0.pdf,,exa,high,auto_resourced,90,,no,no,hosted,,pypdf,,published,official
Shutesbury,2026,regular,yes,cohort-2026,https://www.shutesbury.org/sites/default/files/260509%20Final%20Election%20Results.pdf,,,,"landed 2026-09-01: LIVE town file, found by rebuilding the town's own YYMMDD filename pattern for candidate election dates ('250426 Final Election Results.pdf' was the control and re-fetched clean). 'Town of Shutesbury FINAL ELECTION RESULTS May 9. 2026'; 1,610 registered, 543 ballots, 34% turnout, 115 early/absentee. Corroborates the Recorder's 'Walton wins Shutesbury Selectboard' story.",,,no,no,missing,,,,published,official
Somerset,2021,regular,yes,LEO,https://www.townofsomerset.org/ArchiveCenter/ViewFile/Item/78,https://jamesnicholsworley.github.io/civicatlasma/pdfs/Somerset2021_d0.pdf,manual_sources,manual,,95,Somerset2021_d0.pdf,yes,yes,hosted,https://jamesnicholsworley.github.io/civicatlasma/markdown/Somerset2021.md,pypdf,,published,official
Somerset,2022,regular,yes,LEO,https://www.townofsomerset.org/ArchiveCenter/ViewFile/Item/74,https://jamesnicholsworley.github.io/civicatlasma/pdfs/Somerset2022_d0.pdf,manual_sources,manual,,95,Somerset2022_d0.pdf,yes,yes,hosted,https://jamesnicholsworley.github.io/civicatlasma/markdown/Somerset2022.md,pypdf,,published,official
Somerset,2023,regular,yes,NEWS,https://www.heraldnews.com/story/news/politics/elections/2023/04/11/somerset-swansea-elections-newcomer-joining-school-committee-in-somerset/70103082007/,,manual_sources,manual,,95,Somerset2023_d0.pdf,,yes,hosted,https://jamesnicholsworley.github.io/civicatlasma/markdown/Somerset2023.md,playwright+docling-2.66.0,,published,news
Somerset,2024,regular,yes,LEO,https://www.townofsomerset.org/ArchiveCenter/ViewFile/Item/139,https://jamesnicholsworley.github.io/civicatlasma/pdfs/Somerset2024_d0.pdf,manual_sources,manual,,95,Somerset2024_d0.pdf,yes,yes,hosted,https://jamesnicholsworley.github.io/civicatlasma/markdown/Somerset2024.md,pypdf,,published,official
Somerset,2025,regular,yes,LEO,https://www.townofsomerset.org/ArchiveCenter/ViewFile/Item/146,https://jamesnicholsworley.github.io/civicatlasma/pdfs/Somerset2025_d0.pdf,manual_sources,manual,,95,Somerset2025_d0.pdf,yes,yes,hosted,https://jamesnicholsworley.github.io/civicatlasma/markdown/Somerset2025.md,pypdf,,published,official
Somerset,2026,regular,yes,cohort-2026,https://news.google.com/rss/articles/CBMi4wFBVV95cUxOTW14bkxWaXh2VXhmN2ZpbHZBZjdoN2RyOWJUSjhXa2ZzdHJxc3lZTERCY2MzWmFENEpKRjB1TmtqQXdZT0pQa0d6c1pVRFJfSnhDQVlUWGxzN1YtcVBaSjhGQ1MwaG8zWS0waUl2b2JhSFlxV0RTVmhJTGE2SHlwQzNqalVSZWpCVE0wTnlJUHAxeDVpYXhZUVBEa1lBQ2pST0dYX205N0RqWk1qZk00R2NaTU16TjVpYy15QTd6X21qc2ptWmNQVlNmLWlqRU5RVnk2eWMxTTc3UnI5TmNUenBucw?oc=5,,,,,,,no,yes,hosted,,,,published,news
Somerville,2021,regular,yes,LEO,https://electionarchive.somervillema.gov/eng/contests/get_source_documentation/9487/1,https://jamesnicholsworley.github.io/civicatlasma/pdfs/Somerville2021_d0.pdf,manual_sources,manual,,95,Somerville2021_d0.pdf,yes,yes,hosted,https://jamesnicholsworley.github.io/civicatlasma/markdown/Somerville2021.md,pypdf,,published,official
Somerville,2022,regular,no,CITY_ODD_YEAR_CYCLE,,,,,,,Somerville2022_d0.pdf,,no,no_election,,,,no_election,other
Somerville,2023,regular,yes,LEO,https://s3.amazonaws.com/somervillema-live/s3fs-public/11-07-2023-official-election-results.pdf,https://jamesnicholsworley.github.io/civicatlasma/pdfs/Somerville2023_d0.pdf,manual_sources,manual,,95,Somerville2023_d0.pdf,yes,yes,hosted,https://jamesnicholsworley.github.io/civicatlasma/markdown/Somerville2023.md,pypdf,,published,other
Somerville,2024,regular,no,CITY_ODD_YEAR_CYCLE,,,,,,,Somerville2024_d0.pdf,,no,no_election,,,,no_election,other
Somerville,2025,regular,yes,LEO,https://s3.amazonaws.com/somervillema-live/s3fs-public/election-totals-20251104.pdf,https://jamesnicholsworley.github.io/civicatlasma/pdfs/Somerville2025_d0.pdf,manual_city,manual,manual,100,Somerville2025_d0.pdf,yes,yes,hosted,https://jamesnicholsworley.github.io/civicatlasma/markdown/Somerville2025.md,pypdf,,published,other
Somerville,2026,regular,no,,,,,,"no_election: even-year row seeded from the 2024 cohort, 2026-08-19",,,,,,,,,no_election,other
South Hadley,2021,regular,yes,LEO,https://www.southhadley.org/DocumentCenter/View/8303/April-13-2021-Annual-Town-Election-Official-Results,https://jamesnicholsworley.github.io/civicatlasma/pdfs/SouthHadley2021_d0.pdf,manual_sources,manual,,95,SouthHadley2021_d0.pdf,yes,yes,hosted,https://jamesnicholsworley.github.io/civicatlasma/markdown/SouthHadley2021.md,pypdf,,published,other
South Hadley,2022,regular,yes,LEO,https://www.southhadley.org/DocumentCenter/View/9437/Official-Town-Election-Results-April-12-2022-PDF,https://jamesnicholsworley.github.io/civicatlasma/pdfs/SouthHadley2022_d0.pdf,manual_sources,manual,,95,SouthHadley2022_d0.pdf,yes,yes,hosted,https://jamesnicholsworley.github.io/civicatlasma/markdown/SouthHadley2022.md,pypdf,,published,other
South Hadley,2023,regular,yes,LEO,https://www.southhadley.org/DocumentCenter/View/11045/Official_Results_South_Hadley_Election_4_11_2023pdf,https://jamesnicholsworley.github.io/civicatlasma/pdfs/SouthHadley2023_d0.pdf,manual_sources,manual,,95,SouthHadley2023_d0.pdf,yes,yes,hosted,https://jamesnicholsworley.github.io/civicatlasma/markdown/SouthHadley2023.md,pypdf,,published,other
South Hadley,2024,regular,yes,LEO,https://www.southhadley.org/DocumentCenter/View/12606/2024_Annual_Town_Election_South_Hadley_Official_ResultsPDF,https://jamesnicholsworley.github.io/civicatlasma/pdfs/SouthHadley2024_d0.pdf,manual_sources,manual,,95,SouthHadley2024_d0.pdf,yes,yes,hosted,https://jamesnicholsworley.github.io/civicatlasma/markdown/SouthHadley2024.md,pypdf,,published,other
South Hadley,2025,regular,yes,LEO,https://www.southhadley.org/DocumentCenter/View/14001/Official-South-Hadley-2025-Town-Election-Results,https://jamesnicholsworley.github.io/civicatlasma/pdfs/SouthHadley2025_d0.pdf,manual_sources,manual,,95,SouthHadley2025_d0.pdf,yes,yes,hosted,https://jamesnicholsworley.github.io/civicatlasma/markdown/SouthHadley2025.md,pypdf,,published,other
South Hadley,2026,regular,yes,cohort-2026,https://southhadley.org/DocumentCenter/View/15042/Official-South-Hadley-2026-Town-Election-Results,,,,,,,no,yes,hosted,,,,published,official
Southampton,2021,regular,yes,LEO,https://archives.lib.state.ma.us/,,collect-web,low,"landed 2026-08-25 from the Chrome ingest (ATR, #pages 105-107 of the Southampton report for 2021 (issued 20); 24 races",70,,no,no,published,,,https://resources.finalsite.net/images/v1687279176/townofsouthamptonorg/cbntvlwbnwhtg9qi5l7w/TownofSouthampton2021AnnualTownReportFinal.pdf,published,other
Southampton,2022,regular,yes,LEO,https://www.townofsouthampton.org/fs/resource-manager/view/58c92da3-95fa-44e9-8f6e-7ca8b58c32d8,https://jamesnicholsworley.github.io/civicatlasma/pdfs/Southampton2022_d0.pdf,manual,scraped,manual_ingest,90,Southampton2022_d0.pdf,yes,yes,pdf_hosted,,,,published,official
Southampton,2023,regular,yes,LEO,https://gazettenet.com/2023/05/18/southampton-voters-approve-budget-override-51015913/,,manual,scraped,"landed 2026-09-01: Daily Hampshire Gazette 18 May 2023, via /wp-json/wp/v2/posts. Election Tuesday 16 May 2023. Prop 2.5 override $332,500 passed 441-352. Select Board 2 seats: Lavalley 633, Johnson 574. Park Commission (only contest): Badecker 462, Maak 453, Lumbra 364. Sixteen further offices named unopposed without counts. NO BALLOTS-CAST TOTAL IS PRINTED - registered is 'more than 4,000' and 800+ mailed ballots yielded 329 returned on time; do NOT compute turnout. Article mentions 'several empty seats' but is cut off before resolving them - do not assume filled.",90,,no,no,published,,,https://townofsouthampton.org/wp-content/uploads/2023/01/New-Senior-Center-Public-Input-Survey-Results.pdf,published,news
Southampton,2024,regular,yes,LEO,https://www.townofsouthampton.org/fs/resource-manager/view/9f3e0526-0241-45e8-9a97-c01cd787ffb2,,manual,scraped,manual_ingest,90,,no,no,pdf_hosted,,,,published,official
Southampton,2025,regular,yes,LEO,https://www.townofsouthampton.org/fs/resource-manager/view/bb78795c-66f9-4c0d-b2e0-8803614f2ad5,https://jamesnicholsworley.github.io/civicatlasma/pdfs/Southampton2025_d0.pdf,manual,medium,manual_ingest,70,Southampton2025_d0.pdf,yes,yes,pdf_hosted,,,,published,official
Southampton,2026,regular,yes,custom-search,https://www.townofsouthampton.org/fs/resource-manager/view/b214b2f9-29b6-4376-bfea-b5b91839ac8a,,custom-search:recovered,,citation_recovered_by_rerunning_the_search_that_found_it; document text matches the held copy,,,no,no,pdf_hosted,,,,published,official
Southborough,2021,regular,yes,LEO,https://southboroughtown.com/DocumentCenter/View/1707/9-Skylar-Drive---Variance-PDF,https://jamesnicholsworley.github.io/civicatlasma/pdfs/Southborough2021_d0.pdf,manual,low,runner_fetch2,70,Southborough2021_d0.pdf,yes,yes,hosted,,,,published,other
Southborough,2022,regular,yes,LEO,https://web.archive.org/web/20230922122204id_/https://www.southboroughma.gov/DocumentCenter/View/173/2022-Annual-Town-Election-Results-PDF,https://jamesnicholsworley.github.io/civicatlasma/pdfs/Southborough2022_d0.pdf,collect-crawl,medium,"document upgraded 2026-08-23: the town's own precinct tally, 'Town of Southborough Annual Town Election Official Results May 10, 2022' -- an UPGRADE over the mysouthborough.com winner-only summary we were holding",90,,yes,no,pdf_hosted,,pypdf,https://www.southboroughma.gov/DocumentCenter/View/1010/Final-Space-Needs-Study-2022-PDF https://jamesnicholsworley.github.io/civicatlasma/pdfs/Southborough2022.pdf,published,official
Southborough,2023,regular,yes,LEO,https://www.mysouthborough.com/2023/05/10/election-result-highlights/,,manual_sources,manual,,95,Southborough2023_d0.pdf,,yes,hosted,https://jamesnicholsworley.github.io/civicatlasma/markdown/Southborough2023.md,playwright+docling-2.66.0,,published,other
Southborough,2024,regular,yes,LEO,https://www.southboroughma.gov/DocumentCenter/View/3387/20240514-ATE-Results--Official,https://jamesnicholsworley.github.io/civicatlasma/pdfs/Southborough2024_d0.pdf,manual_sources,manual,,95,Southborough2024_d0.pdf,yes,yes,hosted,https://jamesnicholsworley.github.io/civicatlasma/markdown/Southborough2024.md,pypdf,,published,official
Southborough,2025,regular,yes,LEO,https://www.southboroughma.gov/DocumentCenter/View/4713/20250513-ATE-Results-Official-Results,https://jamesnicholsworley.github.io/civicatlasma/pdfs/Southborough2025_d0.pdf,exa,high,auto_resourced,90,Southborough2025_d0.pdf,yes,yes,hosted,https://jamesnicholsworley.github.io/civicatlasma/markdown/Southborough2025.md,pypdf,,published,official
Southborough,2026,regular,yes,cohort-2026,https://southboroughma.gov/DocumentCenter/View/5754/20260512-ATE-Official-Results,,,,,,,no,yes,hosted,,,,published,official
Southbridge,2021,regular,yes,LEO,https://www.ci.southbridge.ma.us/sites/g/files/vyhlif5016/f/news/election_results_3.pdf,https://jamesnicholsworley.github.io/civicatlasma/pdfs/Southbridge2021_d0.pdf,manual,scraped,manual_ingest,60,Southbridge2021_d0.pdf,yes,yes,pdf_hosted,,,,published,official
Southbridge,2022,regular,yes,LEO,https://www.facebook.com/photo?fbid=5513062548713112&set=gm.5108417845911513&idorvanity=766536376766370,,manual,scraped,"recovered 2026-08-24 from the Facebook image supplied in Ingest 8, fetched six days before its CDN token expired; 7 races, all closing on 923 ballots. Date 2022-06-14 established from charter 11-1-1 bracketed by the published 2021 and 2023 returns.",60,,no,no,published,,,http://ci.southbridge.ma.us/DocumentCenter/View/586/Retirement-Option-Selection-Form-PDF,published,official
Southbridge,2023,regular,yes,LEO,https://web.archive.org/web/20230616151003/https://www.ci.southbridge.ma.us/CivicAlerts.aspx?AID=100,,verified_uncertain,scraped,STILL_UNCERTAIN,60,Southbridge2023_d0.pdf,,no,published,,,,published,official
Southbridge,2024,regular,yes,LEO,https://linpub.blob.core.windows.net/pdf/2/5a2d6572-e513-4eb5-9d4a-84fd5a939473.pdf,,exa_reviewed,scraped,"RESTORED 2026-09-01 after I retired it a second time in error. The December Retirement Board document was retired correctly in the morning; a parallel session then found the REAL annual town election of 11 June 2024 in the Southbridge Evening News (Stonebridge Press), 20-21 June 2024, and re-landed the row. fix_not_this_election in research/interface/mvp/apply_fixes.py is keyed to the town-year rather than the document, so it fired again over the new one and its setaside move deleted the parse instead of filing it. Both faults are now fixed. Parse rebuilt from the surviving transcription in publish/markdown.",60,,,yes,hosted,,playwright+docling-2.66.0,https://www.ci.southbridge.ma.us/CivicAlerts.asp?AID=188&ARC=324,published,news
Southbridge,2025,regular,yes,NEWS,https://linpub.blob.core.windows.net/pdf/2/1c1111ad-2e49-4080-a84f-c14f400a0fbb.pdf,,local_weekly_archive_api,scraped,"RECOVERED 2026-08-20 after retraction. Source: Southbridge News (Stonebridge Press weekly), 19-20 June 2025 issue, 'Democracy in action' p.8 - found via the paper's public archive API (POST stonebridgepress.com/PdfSource/ItemIndexGetData, brandId=2 catId=9). Election 2025-06-10, 863 ballots. The town's OWN official posting existed as CivicAlert AID=214 'Local Election - June 10, 2025 - Official Results' but has been DELETED from the live site and was never captured by Wayback; its title survives only in the archived homepage of 2025-06-25. southbridgema.gov is now NXDOMAIN. CORROBORATION: winners match the 2025-06-16 Town Council minutes (Provost elected, Montigny reelected, Adams returned). Newspaper prints no Blanks, so races do not reach ballots x seats. Supersedes the earlier WRONG-YEAR record built from a 2026-06-09 substack article.",60,,no,no,hosted,,playwright+docling-2.66.0,,published,news
Southbridge,2026,regular,yes,,https://thecitizenchronicle.substack.com/p/southbridge-voters-sweep-out-incumbents,,,,"landed 2026-08-25 from the Chrome ingest (news, -); 1 races",,,no,no,missing,,,,published,news
Southwick,2021,regular,yes,LEO,https://www.southwickma.gov/DocumentCenter/View/4445/Official-Results-Annual-Town-Election-May-11-2021-PDF,https://jamesnicholsworley.github.io/civicatlasma/pdfs/Southwick2021_d0.pdf,manual,high,manual_ingest,70,Southwick2021_d0.pdf,yes,yes,pdf_hosted,,,,published,official
Southwick,2022,regular,yes,LEO,https://www.southwickma.gov/DocumentCenter/View/4448/Official-Results-Annual-Town-Election-May-,https://jamesnicholsworley.github.io/civicatlasma/pdfs/Southwick2022_d0.pdf,manual,high,manual_ingest,70,Southwick2022_d0.pdf,yes,yes,pdf_hosted,,,,published,official
Southwick,2023,regular,yes,LEO,https://www.southwickma.gov/DocumentCenter/View/4449/Official-Results-Annual-Town-Election-May-9-2023-PDF,https://jamesnicholsworley.github.io/civicatlasma/pdfs/Southwick2023_d0.pdf,manual,manual,manual_ingest,95,Southwick2023_d0.pdf,yes,yes,pdf_hosted,,,,published,official
Southwick,2024,regular,yes,LEO,https://www.southwickma.gov/DocumentCenter/View/4446/Official-Results-Annual-Town-Election-May-14-2024-PDF,https://jamesnicholsworley.github.io/civicatlasma/pdfs/Southwick2024_d0.pdf,manual,high,manual_ingest,90,Southwick2024_d0.pdf,yes,yes,pdf_hosted,,,,published,official
Southwick,2025,regular,yes,LEO,https://www.southwickma.gov/DocumentCenter/View/4447/Official-Results-Annual-Town-Election-May-13-2025-PDF,https://jamesnicholsworley.github.io/civicatlasma/pdfs/Southwick2025_d0.pdf,manual,high,manual_ingest,90,Southwick2025_d0.pdf,yes,yes,pdf_hosted,,,,published,official
Southwick,2026,regular,yes,cohort-2026,https://southwickma.org/DocumentCenter/View/4907,,,,,,,no,yes,hosted,,,,published,official
Spencer,2021,regular,yes,LEO,https://www.spencerma.gov/DocumentCenter/View/1204/May-11th-2021-ATE-Election-Results,https://jamesnicholsworley.github.io/civicatlasma/pdfs/Spencer2021_d0.pdf,crawl,scraped,crawl_verified,90,Spencer2021_d0.pdf,yes,yes,hosted,https://jamesnicholsworley.github.io/civicatlasma/markdown/Spencer2021.md,pypdf(recrawl),,published,official
Spencer,2022,regular,yes,LEO,https://www.spencerma.gov/DocumentCenter/View/1203/May-10th-2022-ATE-Election-Results,https://jamesnicholsworley.github.io/civicatlasma/pdfs/Spencer2022_d0.pdf,crawl,scraped,auto_resourced,90,Spencer2022_d0.pdf,yes,yes,hosted,https://jamesnicholsworley.github.io/civicatlasma/markdown/Spencer2022.md,pypdf,,published,official
Spencer,2023,regular,yes,LEO,https://www.spencerma.gov/DocumentCenter/View/1194/May-9th-2023-ATE-Election-Results,,crawl,manual,auto_resourced,95,,no,no,hosted,,pypdf,,published,official
Spencer,2024,regular,yes,LEO,https://www.spencerma.gov/DocumentCenter/View/1196/May-14th-2024-Annual-Town-Election,https://jamesnicholsworley.github.io/civicatlasma/pdfs/Spencer2024_d0.pdf,crawl,scraped,crawl_verified,90,Spencer2024_d0.pdf,yes,yes,hosted,https://jamesnicholsworley.github.io/civicatlasma/markdown/Spencer2024.md,pypdf(recrawl),,published,official
Spencer,2025,regular,yes,LEO,https://www.spencerma.gov/DocumentCenter/View/1208/Final-Results-5-13-2025-Election,https://jamesnicholsworley.github.io/civicatlasma/pdfs/Spencer2025_d0.pdf,crawl,scraped,crawl_verified,90,Spencer2025_d0.pdf,yes,yes,hosted,https://jamesnicholsworley.github.io/civicatlasma/markdown/Spencer2025.md,pypdf(recrawl),,published,official
Spencer,2026,regular,yes,cohort-2026,https://spencerma.gov/DocumentCenter/View/4014,,,,,,,no,yes,hosted,,,,published,official
Springfield,2021,regular,yes,LEO,https://www.springfield-ma.gov/elections/past-elections/november-2-2021-election-results,https://jamesnicholsworley.github.io/civicatlasma/pdfs/Springfield2021_d0.pdf,manual,,manual_ingest,,Springfield2021_d0.pdf,yes,yes,pdf_hosted,,,,published,official
Springfield,2022,regular,no,CITY_ODD_YEAR_CYCLE,,,,,,,Springfield2022_d0.pdf,,no,no_election,,,,no_election,other
Springfield,2023,regular,yes,LEO,https://www.springfield-ma.gov/elections/votecounts.php,,manual_sources,manual,"condemnation_retracted_2026-08-23: the held document is 'November 7, 2023 Election Results' and shares 83% of its vocabulary with the condemned page, which is the city's own vote-counts page. Byte-identity can never hold here because the held document is a conversion of an HTML source; text overlap is the applicable test. The condemnation said 'document dated 2025-11-04', which is not what the row now holds.",95,,no,no,hosted,,playwright+docling-2.66.0,https://www.springfield-ma.gov/elections/votecounts.php https://jamesnicholsworley.github.io/civicatlasma/pdfs/Springfield2023.pdf,published,official
Springfield,2024,regular,no,CITY_ODD_YEAR_CYCLE,,,,,,,Springfield2024_d0.pdf,,no,no_election,,,,no_election,other
Springfield,2025,regular,yes,LEO,https://www.springfield-ma.gov/elections/fileadmin/Past_Election_Results/November_4__2025_Precinct_Breakdown.pdf,https://jamesnicholsworley.github.io/civicatlasma/pdfs/Springfield2025_d0.pdf,collect-exa,manual,runner_fetch,100,Springfield2025_d0.pdf,yes,yes,pdf_hosted,,,,published,official
Springfield,2026,regular,no,,,,,,"no_election: even-year row seeded from the 2024 cohort, 2026-08-19",,,,,,,,,no_election,other
Sterling,2021,regular,yes,LEO,https://www.sterling-ma.gov/DocumentCenter/View/606/2021-06-21-Annual-Town-Election-Results-PDF,https://jamesnicholsworley.github.io/civicatlasma/pdfs/Sterling2021_d0.pdf,crawl,high,crawl_verified,90,Sterling2021_d0.pdf,yes,yes,hosted,https://jamesnicholsworley.github.io/civicatlasma/markdown/Sterling2021.md,pypdf(recrawl),,published,official
Sterling,2022,regular,yes,LEO,https://www.sterling-ma.gov/DocumentCenter/View/611/2022-05-09-Annual-Town-Election-Results-PDF,https://jamesnicholsworley.github.io/civicatlasma/pdfs/Sterling2022_d0.pdf,crawl,scraped,crawl_verified,90,Sterling2022_d0.pdf,yes,yes,hosted,https://jamesnicholsworley.github.io/civicatlasma/markdown/Sterling2022.md,pypdf(recrawl),,published,official
Sterling,2023,regular,yes,LEO,https://www.sterling-ma.gov/DocumentCenter/View/569/2023-05-08-Annual-Town-Election-Results-PDF,https://jamesnicholsworley.github.io/civicatlasma/pdfs/Sterling2023_d0.pdf,crawl,manual,crawl_verified,95,Sterling2023_d0.pdf,yes,yes,hosted,https://jamesnicholsworley.github.io/civicatlasma/markdown/Sterling2023.md,pypdf(recrawl),,published,official
Sterling,2024,regular,yes,LEO,https://www.sterling-ma.gov/DocumentCenter/View/572/2024-05-13-Annual-Town-Election-Results-PDF,https://jamesnicholsworley.github.io/civicatlasma/pdfs/Sterling2024_d0.pdf,crawl,scraped,crawl_verified,90,Sterling2024_d0.pdf,yes,yes,hosted,https://jamesnicholsworley.github.io/civicatlasma/markdown/Sterling2024.md,pypdf(recrawl),,published,official
Sterling,2025,regular,yes,LEO,https://www.sterling-ma.gov/DocumentCenter/View/574/2025-05-12-Annual-Town-Election-Results-PDF,https://jamesnicholsworley.github.io/civicatlasma/pdfs/Sterling2025_d0.pdf,crawl,high,crawl_verified,90,Sterling2025_d0.pdf,yes,yes,hosted,https://jamesnicholsworley.github.io/civicatlasma/markdown/Sterling2025.md,pypdf(recrawl),,published,official
Sterling,2026,regular,yes,cohort-2026,https://sterling-ma.gov/DocumentCenter/View/8327/2026-05-11-Annual-Town-Election-Results,,,,,,,no,yes,hosted,,,,published,official
Stockbridge,2021,regular,yes,NEWS,https://theberkshireedge.com/stockbridge-town-election-results/,,manual,low,,70,Stockbridge2021_d0.pdf,,yes,hosted,https://jamesnicholsworley.github.io/civicatlasma/markdown/Stockbridge2021.md,playwright+docling-2.66.0,,published,news
Stockbridge,2022,regular,yes,NEWS,https://www.wamc.org/news/2022-05-20/minacci-narrowly-tops-mccaffrey-in-stockbridge-election-recount-possible-with-7-vote-difference,,manual,low,,70,Stockbridge2022_d0.pdf,,yes,hosted,https://jamesnicholsworley.github.io/civicatlasma/markdown/Stockbridge2022.md,playwright+docling-2.66.0,,published,news
Stockbridge,2023,regular,yes,NEWS,https://theberkshireedge.com/stockbridge-annual-election-results/,,manual_sources,manual,,95,Stockbridge2023_d0.pdf,,yes,hosted,https://jamesnicholsworley.github.io/civicatlasma/markdown/Stockbridge2023.md,playwright+docling-2.66.0,,published,news
Stockbridge,2024,regular,yes,LEO,https://www.stockbridge-ma.gov/media/13281,https://jamesnicholsworley.github.io/civicatlasma/pdfs/Stockbridge2024_d0.pdf,manual,high,manual_ingest,90,Stockbridge2024_d0.pdf,yes,yes,pdf_hosted,,,,published,official
Stockbridge,2025,regular,yes,NEWS,https://theberkshireedge.com/municipal-election-results-stockbridge/,,manual,high,unrecovered_landing,90,Stockbridge2025_d0.pdf,no,no,hosted,https://jamesnicholsworley.github.io/civicatlasma/markdown/Stockbridge2025.md,playwright+docling-2.66.0,,published,news
Stockbridge,2026,regular,yes,,,,,,"THE LOCAL PAPER COVERED THE TOWN MEETING AND NOT THE ELECTION. The two things happened on consecutive days -- Annual Town Meeting Monday 18 May 2026, annual town election Tuesday 19 May 2026 (the town hosts a page headed may-19-2026-annual-town-election-forms) -- and only the first was reported. The Berkshire Edge was searched through its WordPress REST API by DATE across 18 May to 5 June 2026, 27 Stockbridge items, every headline read. The one substantial piece, published 20 May, is 'The great ambulance debate!' and its whole body was read: it covers Article 9 sections 18 and 19 at TOWN MEETING and carries no election result, no count and no turnout. The paper did publish a full return for WEST Stockbridge on 11 May, which is a different town and must not be confused with this one. This row still needs exactly two numbers, ballots cast and registered voters; the ballot is already verified uncontested. UPGRADED FROM UNTESTED TO MEASURED. The earlier filename probe could not run -- its control never returned -- so that pass proved nothing and was recorded as such. The town's own SITEMAP answers instead: stockbridge-ma.gov publishes 2,124 URLs, of which 16 mention an election, and the only one touching 2026 is /town-clerk/page/may-19-2026-annual-town-election-forms -- nomination forms, not a return. Still true from the newspapers: the Berkshire Edge and the Eagle both confirm the 2026 ballot was UNCONTESTED (""Stockbridge election slate: No contests for Select Board or other positions"", 3 April 2026), but no turnout has been published, and the only turnout figure in circulation -- 31 percent of 1,667 -- belongs to the AUGUST 2025 special election. Like Sheffield 2023 and Savoy 2021, this row needs one clerk enquiry for two numbers.",,,no,no,missing,,,,no_source,
Stoneham,2021,regular,yes,LEO,https://www.stoneham-ma.gov/DocumentCenter/View/4354/2021-Annual-Town-Election-,https://jamesnicholsworley.github.io/civicatlasma/pdfs/Stoneham2021_d0.pdf,manual_sources,manual,,95,Stoneham2021_d0.pdf,yes,yes,hosted,https://jamesnicholsworley.github.io/civicatlasma/markdown/Stoneham2021.md,pypdf,,published,official
Stoneham,2022,regular,yes,LEO,https://www.stoneham-ma.gov/DocumentCenter/View/5442/2022-Annual-Town-Election,https://jamesnicholsworley.github.io/civicatlasma/pdfs/Stoneham2022_d0.pdf,manual_sources,manual,,95,Stoneham2022_d0.pdf,yes,yes,hosted,https://jamesnicholsworley.github.io/civicatlasma/markdown/Stoneham2022.md,pypdf,,published,official
Stoneham,2023,regular,yes,LEO,https://www.stoneham-ma.gov/DocumentCenter/View/7124/2023-Annual-Town-Election,https://jamesnicholsworley.github.io/civicatlasma/pdfs/Stoneham2023_d0.pdf,manual_sources,manual,,95,Stoneham2023_d0.pdf,yes,yes,hosted,https://jamesnicholsworley.github.io/civicatlasma/markdown/Stoneham2023.md,pypdf,,published,official
Stoneham,2024,regular,yes,LEO,https://www.stoneham-ma.gov/DocumentCenter/View/8730/2024-Annual-Town-Election,https://jamesnicholsworley.github.io/civicatlasma/pdfs/Stoneham2024_d0.pdf,manual_sources,manual,,95,Stoneham2024_d0.pdf,yes,yes,hosted,https://jamesnicholsworley.github.io/civicatlasma/markdown/Stoneham2024.md,pypdf,,published,official
Stoneham,2025,regular,yes,LEO,https://www.stoneham-ma.gov/DocumentCenter/View/10440/2025-Annual-Town-Election-,https://jamesnicholsworley.github.io/civicatlasma/pdfs/Stoneham2025_d0.pdf,manual_sources,manual,,95,Stoneham2025_d0.pdf,yes,yes,hosted,https://jamesnicholsworley.github.io/civicatlasma/markdown/Stoneham2025.md,pypdf,,published,official
Stoneham,2026,regular,yes,cohort-2026,https://stoneham-ma.gov/DocumentCenter/View/12051/2026-Annual-Town-Election,,,,,,,no,yes,hosted,,,,published,official
Stoughton,2021,regular,yes,NEWS,https://patch.com/massachusetts/stoughton/stoughton-2021-election-results-polls-close,,manual,scraped,YES,90,Stoughton2021_d0.pdf,,yes,hosted,https://jamesnicholsworley.github.io/civicatlasma/markdown/Stoughton2021.md,playwright+docling-2.66.0,,published,news
Stoughton,2022,regular,yes,NEWS,https://www.stoughton.org/DocumentCenter/View/2387/April-5-2022---Local-Election---Final-Results-PDF,,manual,scraped,"landed 2026-08-25 from the Chrome ingest (official, -); 11 races",90,,,no,published,,docling-html,https://www.stoughton.org/303/Election-Results,published,official
Stoughton,2023,regular,yes,LEO,https://www.stoughton.org/DocumentCenter/View/1713/04042023-FINAL-Local-Election-Results,,manual_sources,manual,,95,,no,no,hosted,,docling-2.66.0,,published,official
Stoughton,2024,regular,yes,LEO,https://www.stoughton.org/DocumentCenter/View/4130/April-2-2024---Local-Election,,manual_sources,manual,,95,,no,no,hosted,,docling-2.66.0,,published,official
Stoughton,2025,regular,yes,LEO,https://www.stoughton.org/DocumentCenter/View/4554/April-8-2025---Local-Election,https://jamesnicholsworley.github.io/civicatlasma/pdfs/Stoughton2025_d0.pdf,manual_sources,manual,,95,Stoughton2025_d0.pdf,yes,yes,hosted,https://jamesnicholsworley.github.io/civicatlasma/markdown/Stoughton2025.md,docling-2.66.0,,published,official
Stoughton,2026,regular,yes,custom-search-2026,https://www.stoughton.org/DocumentCenter/View/6210/April-7-2026---Local-Election-,,,,,,,no,no,pdf_hosted,,,,published,official
Stow,2021,regular,yes,LEO,https://www.stow-ma.gov/DocumentCenter/View/1712/2021-May-Annual-Town-Election-Results-PDF,https://jamesnicholsworley.github.io/civicatlasma/pdfs/Stow2021_d0.pdf,collect-crawl,medium,auto_resourced,70,Stow2021_d0.pdf,yes,yes,hosted,https://jamesnicholsworley.github.io/civicatlasma/markdown/Stow2021.md,pypdf,,published,official
Stow,2022,regular,yes,LEO,https://www.stow-ma.gov/DocumentCenter/View/1715/2022-May-Annual-Town-Election-Results-PDF,https://jamesnicholsworley.github.io/civicatlasma/pdfs/Stow2022_d0.pdf,collect-crawl,low,auto_resourced,70,Stow2022_d0.pdf,yes,yes,hosted,https://jamesnicholsworley.github.io/civicatlasma/markdown/Stow2022.md,pypdf,,published,official
Stow,2023,regular,yes,LEO,https://www.stow-ma.gov/DocumentCenter/View/1689/2023-May-20-Annual-Town-Election-Results-PDF,https://jamesnicholsworley.github.io/civicatlasma/pdfs/Stow2023_d0.pdf,collect-crawl,manual,auto_resourced,95,Stow2023_d0.pdf,yes,yes,hosted,https://jamesnicholsworley.github.io/civicatlasma/markdown/Stow2023.md,pypdf,,published,official
Stow,2024,regular,yes,LEO,https://www.stow-ma.gov/DocumentCenter/View/1702/2024-May-18-Annual-Town-Election-Results-PDF,https://jamesnicholsworley.github.io/civicatlasma/pdfs/Stow2024_d0.pdf,crawl,high,auto_resourced,90,Stow2024_d0.pdf,yes,yes,hosted,https://jamesnicholsworley.github.io/civicatlasma/markdown/Stow2024.md,pypdf,,published,official
Stow,2025,regular,yes,LEO,https://www.stow-ma.gov/DocumentCenter/View/1687/2025-May-17-Annual-Town-Election-PDF,https://jamesnicholsworley.github.io/civicatlasma/pdfs/Stow2025_d0.pdf,crawl,high,replacement_verified,90,Stow2025_d0.pdf,yes,yes,hosted,https://jamesnicholsworley.github.io/civicatlasma/markdown/Stow2025.md,pymupdf,https://www.stow-ma.gov/DocumentCenter/View/1674/May-17-2025-Annual-Town-Election-Draft-Results-PDF,published,official
Stow,2026,regular,yes,cohort-2026,https://www.stow-ma.gov/DocumentCenter/View/9362/2026-May-16-Annual-Town-Election-Results,,,,,,,no,yes,hosted,,,,published,official
Sturbridge,2021,regular,yes,ATR,https://sturbridge.org/DocumentCenter/View/7969/2021-Annual-Town-Election-Results,https://jamesnicholsworley.github.io/civicatlasma/pdfs/Sturbridge2021_d0.pdf,manual,scraped,manual_ingest,90,Sturbridge2021_d0.pdf,yes,no,pdf_hosted,,,,published,other
Sturbridge,2022,regular,yes,LEO,https://www.sturbridge.gov/sites/g/files/vyhlif12111/f/pages/sturbridge_tr_22_pass_one.pdf,https://jamesnicholsworley.github.io/civicatlasma/pdfs/Sturbridge2022_d0.pdf,manual,scraped,manual_ingest,90,Sturbridge2022_d0.pdf,yes,yes,pdf_hosted,,,,published,official
Sturbridge,2023,regular,yes,LEO,https://www.sturbridge.gov/sites/g/files/vyhlif12111/f/news/annual_town_election_04-10-2023_offical_tally_sheet_0.xlsx,,crawl,manual,crawl_xlsx_verified,95,Sturbridge2023_d0.pdf,no,yes,hosted,https://jamesnicholsworley.github.io/civicatlasma/markdown/Sturbridge2023.md,xlsx+docling,,published,official
Sturbridge,2024,regular,yes,ATR,https://www.sturbridge.gov/sites/g/files/vyhlif12111/f/news/information_for_voters-2024_ballot_questions_and_election_info-red_booklet.pdf,https://jamesnicholsworley.github.io/civicatlasma/pdfs/Sturbridge2024_d0.pdf,dive_atr,scraped,atr_cropped,90,Sturbridge2024_d0.pdf,yes,yes,pdf_hosted,,,,published,official
Sturbridge,2025,regular,yes,owner-verified-2026-08-19,https://www.sturbridge.gov/sites/g/files/vyhlif12111/f/pages/2025_annual_town_report_.pdf,,collect-web,high,local_triage:not_results,90,,no,no,pdf_hosted,,,https://www.sturbridge.gov/sites/g/files/vyhlif12111/f/pages/fy26_finance_committee_report.pdf https://jamesnicholsworley.github.io/civicatlasma/pdfs/Sturbridge2025.pdf,published,official
Sturbridge,2026,regular,yes,,https://thecitizenchronicle.substack.com/p/mcgee-wins-board-of-health-seat-cocalis,,,,"landed 2026-08-25 from the Chrome ingest (news, -); 8 races",,,no,no,missing,,,,published,
Sudbury,2021,regular,yes,ATR,https://cdn.sudbury.ma.us/wp-content/uploads/sites/342/2021/03/Sudbury-2019-Town-Report.pdf?version=7613194b04113666d493d6f30a09a35d,https://jamesnicholsworley.github.io/civicatlasma/pdfs/Sudbury2021_d0.pdf,dive_atr,,atr_cropped,,Sudbury2021_d0.pdf,yes,yes,pdf_hosted,,,,published,official
Sudbury,2022,regular,yes,NEWS,https://patch.com/massachusetts/sudbury/sudbury-2022-election-results-see-whos-ahead,,manual,,,,Sudbury2022_d0.pdf,,yes,hosted,https://jamesnicholsworley.github.io/civicatlasma/markdown/Sudbury2022.md,playwright+docling-2.66.0,,published,news
Sudbury,2023,regular,yes,LEO,https://sudbury.ma.us/election/316/,,manual_sources,manual,,95,Sudbury2023_d0.pdf,,yes,hosted,https://jamesnicholsworley.github.io/civicatlasma/markdown/Sudbury2023.md,playwright+docling-2.66.0,,published,official
Sudbury,2024,regular,yes,LEO,https://cdn.sudbury.ma.us/wp-content/uploads/sites/270/2025/09/Town-Proceedings-2024.pdf?version=db5884c35252866edd48ac95c6cade53,https://jamesnicholsworley.github.io/civicatlasma/pdfs/Sudbury2024_d0.pdf,collect-crawl,,runner_fetch,,Sudbury2024_d0.pdf,yes,yes,hosted,,,,published,official
Sudbury,2025,regular,yes,NEWS,https://sudbury.ma.us/election/321,,manual,manual,wrong_doc:html_page_saved_as_pdf_2026-09-05,95,,no,no,hosted,,playwright+docling-2.66.0,,published,official
Sudbury,2026,regular,yes,cohort-2026,https://news.google.com/rss/articles/CBMilwFBVV95cUxQY0J1bmN3WElQTXRkQndlUW44cVhIZzRoUDdYZnpkR1NvbUZJRkNRZmp5UGxpMUVsdUxGcl96U3FrSVpZVVU4dEJYUkhOeWU3WVVYa24tWXo3b2NFajR4LWJhSDdwQmVadjVYLXM2LWZOdDVkNEppamp1dzZpRlFuY1hRQWlxRjlROV9Pd3dpR0psdmNna3pJ?oc=5,,,,,,,no,yes,hosted,,,,published,news
Sunderland,2021,regular,yes,LEO,https://www.townofsunderland.us/370/ANNUAL-TOWN-ELECTION-MAY-1-2021-RESULTS,https://jamesnicholsworley.github.io/civicatlasma/pdfs/Sunderland2021_d0.pdf,crawl,high,auto_resourced,70,Sunderland2021_d0.pdf,yes,yes,hosted,https://jamesnicholsworley.github.io/civicatlasma/markdown/Sunderland2021.md,docling-2.66.0,,published,official
Sunderland,2022,regular,yes,LEO,https://www.townofsunderland.us/DocumentCenter/View/373,,manual,high,head_ocr:wrong_doc,70,,no,no,published,,,https://www.townofsunderland.us/sites/g/files/vyhlif3891/f/pages/state_election_results_-_september_1._20202_0.pdf,published,official
Sunderland,2023,regular,yes,LEO,https://www.townofsunderland.us/DocumentCenter/View/372,https://jamesnicholsworley.github.io/civicatlasma/pdfs/Sunderland2023_d0.pdf,crawl,manual,auto_resourced,95,Sunderland2023_d0.pdf,yes,yes,hosted,https://jamesnicholsworley.github.io/civicatlasma/markdown/Sunderland2023.md,docling-2.66.0,,published,official
Sunderland,2024,regular,yes,LEO,https://www.townofsunderland.us/DocumentCenter/View/367,,manual,high,manual_ingest,70,,no,no,pdf_hosted,,,,published,official
Sunderland,2025,regular,yes,LEO,https://www.townofsunderland.us/DocumentCenter/View/365,https://jamesnicholsworley.github.io/civicatlasma/pdfs/Sunderland2025_d0.pdf,crawl,high,auto_resourced,70,Sunderland2025_d0.pdf,yes,yes,hosted,https://jamesnicholsworley.github.io/civicatlasma/markdown/Sunderland2025.md,docling-2.66.0,,published,official
Sunderland,2026,regular,yes,cohort-2026,https://www.townofsunderland.us/DocumentCenter/View/2246,,,,,,,no,yes,hosted,,,,published,official
Sutton,2021,regular,yes,LEO,https://archives.lib.state.ma.us/server/api/core/bitstreams/4e703aca-cb1e-48b6-b8ac-bf25ac47c492/content,,scraper_sheet9,medium,"landed 2026-08-25 from the Chrome ingest (ATR, #pages 62-63 of Sutton-2021_Revised.pdf); 7 races; date 2021-05-25 established from the same document",70,Sutton2021_d0.pdf,,no,published,,,,published,official
Sutton,2022,regular,yes,LEO,https://archives.lib.state.ma.us/server/api/core/bitstreams/4ea165aa-87dd-47c1-99c3-7d3edf2890d9/content,,scraper_sheet9,high,"landed 2026-08-25 from the Chrome ingest (ATR, #page 47 of Sutton-2022.pdf); 5 races; date 2022-05-24 established from the same document",70,Sutton2022_d0.pdf,no,no,published,,,,published,official
Sutton,2023,regular,yes,LEO,https://www.suttonma.org/sites/g/files/vyhlif3901/f/uploads/20230523193059434.pdf,https://jamesnicholsworley.github.io/civicatlasma/pdfs/Sutton2023_d0.pdf,manual_sources,manual,,95,Sutton2023_d0.pdf,yes,yes,hosted,https://jamesnicholsworley.github.io/civicatlasma/markdown/Sutton2023.md,docling-2.66.0,,published,official
Sutton,2024,regular,yes,LEO,https://archives.lib.state.ma.us/server/api/core/bitstreams/f61c6acf-15a1-4819-89ae-bba6eb454831/content,,manual,high,"landed 2026-08-25 from the Chrome ingest (ATR, #page 59 of Sutton-2024.pdf); 5 races; date 2024-05-28 established from the same document",90,,no,no,missing,,,https://www.suttonma.org/sites/g/files/vyhlif3901/f/uploads/unofficial_results_nov_5_2024.pdf,published,
Sutton,2025,regular,yes,LEO,https://suttonma.civiccms.acsitefactory.com/sites/g/files/vyhlif3901/f/uploads/annual_town_election_offical_results_05272025.pdf,https://jamesnicholsworley.github.io/civicatlasma/pdfs/Sutton2025_d0.pdf,verified_yes,high,unrecovered_landing | CITATION REPAIRED 2026-08-21 (live URL recovered): 200 via curl_cffi chrome on the Granicus origin host reached from the clerk news node titled Annual Town Election OFFICI,90,Sutton2025_d0.pdf,yes,yes,pdf_hosted,,,,published,official
Sutton,2026,regular,yes,harvest-lead,https://suttonma.civiccms.acsitefactory.com/home/news/town-election-unofficial-results-may-26-2026,,manual,,"landed 2026-09-01 from the Reminder archive index sweep (official; Town of Sutton, Town Election UNOFFICIAL RESULTS May 26 2026); artifact only, parse and gate follow",,Sutton2026_d0.pdf,no,no,missing,,,https://www.suttonma.gov/DocumentCenter/View/1030/Annual-Town-Election-2026-Available-Positions,published,official
Swampscott,2021,regular,yes,LEO,https://www.wickedlocal.com/story/swampscott-reporter/2021/04/27/swampscott-spellios-wins-56-vote-margin-mcclung-retains-gavel/4863667001/,,manual,manual,"not_a_return (read 2026-08-23): 'SPECIAL LOCAL ELECTION OCTOBER 19, 2021' -- a ballot question, and a special may never occupy an annual slot",95,,no,no,missing,,,https://www.swampscottma.gov/DocumentCenter/View/2295/2021-4-27-Town-Election-results,published,official
Swampscott,2022,regular,yes,LEO,https://www.swampscottma.gov/sites/g/files/vyhlif1296/f/news/4.26.22_town_election_results.pdf,https://jamesnicholsworley.github.io/civicatlasma/pdfs/Swampscott2022_d0.pdf,manual_sources,manual,,95,Swampscott2022_d0.pdf,yes,yes,hosted,https://jamesnicholsworley.github.io/civicatlasma/markdown/Swampscott2022.md,pypdf,,published,official
Swampscott,2023,regular,yes,LEO,https://www.swampscottma.gov/sites/g/files/vyhlif1296/f/news/4.25.23_election_results.pdf,https://jamesnicholsworley.github.io/civicatlasma/pdfs/Swampscott2023_d0.pdf,manual_sources,manual,,95,Swampscott2023_d0.pdf,yes,yes,hosted,https://jamesnicholsworley.github.io/civicatlasma/markdown/Swampscott2023.md,pypdf,,published,official
Swampscott,2024,regular,yes,LEO,https://www.swampscottma.gov/DocumentCenter/View/2302/43024-Official-Local-Election-Results,,manual,manual,manual_ingest,95,,no,no,pdf_hosted,,,,published,official
Swampscott,2025,regular,yes,LEO,https://www.swampscottma.gov/DocumentCenter/View/2301/42925-Official-Local-Election-Results,,manual,manual,manual_ingest,95,,no,no,pdf_hosted,,,,published,official
Swampscott,2026,regular,yes,custom-search-2026,https://swampscottma.gov/DocumentCenter/View/7743,,,,,,,no,no,pdf_hosted,,,,published,official
Swansea,2021,regular,yes,LEO,https://cms8.revize.com/revize/swanseama/election_results_for_04-12-2021%20(3).pdf,https://jamesnicholsworley.github.io/civicatlasma/pdfs/Swansea2021_d0.pdf,manual_sources,manual,,95,Swansea2021_d0.pdf,yes,yes,hosted,https://jamesnicholsworley.github.io/civicatlasma/markdown/Swansea2021.md,pypdf,,published,other
Swansea,2022,regular,yes,LEO,https://cms8.revize.com/revize/swanseama/ATE%20-%20final%20results%20-%202022.pdf,https://jamesnicholsworley.github.io/civicatlasma/pdfs/Swansea2022_d0.pdf,manual_sources,manual,,95,Swansea2022_d0.pdf,yes,yes,hosted,https://jamesnicholsworley.github.io/civicatlasma/markdown/Swansea2022.md,pypdf,,published,other
Swansea,2023,regular,yes,LEO,https://cms8.revize.com/revize/swanseama/Unofficial%20Results%2004-10-223.pdf,https://jamesnicholsworley.github.io/civicatlasma/pdfs/Swansea2023_d0.pdf,manual_sources,manual,,95,Swansea2023_d0.pdf,yes,yes,hosted,https://jamesnicholsworley.github.io/civicatlasma/markdown/Swansea2023.md,docling-2.66.0,,published,other
Swansea,2024,regular,yes,LEO,https://cms8.revize.com/revize/swanseama/Official%20Results%20of%20Annual%20Town%20Election%202024.pdf,https://jamesnicholsworley.github.io/civicatlasma/pdfs/Swansea2024_d0.pdf,manual_sources,manual,,95,Swansea2024_d0.pdf,yes,yes,hosted,https://jamesnicholsworley.github.io/civicatlasma/markdown/Swansea2024.md,docling-2.66.0,,published,other
Swansea,2025,regular,yes,LEO,https://cms8.revize.com/revize/swanseama/OFFICIAL%20RESULTS%20OF%20ATE%2004-14-25.pdf,https://jamesnicholsworley.github.io/civicatlasma/pdfs/Swansea2025_d0.pdf,manual_sources,manual,,95,Swansea2025_d0.pdf,yes,yes,hosted,https://jamesnicholsworley.github.io/civicatlasma/markdown/Swansea2025.md,docling-2.66.0,,published,other
Swansea,2026,regular,yes,cohort-2026,https://news.google.com/rss/articles/CBMi3gFBVV95cUxPMXJEWDNmZUVhZGtabEJzekJYLUQ4TDFDRHk4VldvallSTVVMUkpSV2lla3Q4d3dSWWoyV3l3WlFZaDBKenpxU3hLajhVcHBxdFdINGxhYTFSVjVWSzh0Q0lxaFZ0ajJFX1g5ZEJFSFp6dkh1aWhheDFOLVFaaFpYa29rT3V5V3VmeGdCWFhOb1RnVU1XTklkWlZLUEpYZjFXbnBjUEJvTzN1RFZtdldQWEtVS3pDVVdOdFY3MFJDdHNNRTlmb201cThZLW5jcFdsSEo1Z1ZweC1tdTlQbmc?oc=5,,,,,,,no,yes,hosted,,,,published,news
Taunton,2021,regular,yes,LEO,https://www.taunton-ma.gov/DocumentCenter/View/254/City-Election---November-2-2021-Official-Results-PDF,,manual_sources,manual,,95,,no,no,hosted,,docling-2.66.0,,published,official
Taunton,2022,regular,no,CITY_ODD_YEAR_CYCLE,,,,,,,Taunton2022_d0.pdf,,no,no_election,,,,no_election,other
Taunton,2023,regular,yes,LEO,https://www.taunton-ma.gov/DocumentCenter/View/3304/Official-Certified-Election-Results-November-07-2023,https://jamesnicholsworley.github.io/civicatlasma/pdfs/Taunton2023_d0.pdf,manual_sources,manual,,95,Taunton2023_d0.pdf,yes,yes,hosted,https://jamesnicholsworley.github.io/civicatlasma/markdown/Taunton2023.md,pypdf,,published,official
Taunton,2024,regular,no,CITY_ODD_YEAR_CYCLE,,,,,,,Taunton2024_d0.pdf,,no,no_election,,,,no_election,other
Taunton,2025,regular,yes,LEO,https://www.taunton-ma.gov/DocumentCenter/View/6323/November-4-2025-City-Election-UNOFFICIAL-RESULTS,https://jamesnicholsworley.github.io/civicatlasma/pdfs/Taunton2025_d0.pdf,manual_city,manual,"hosted_whole | VISUAL REVIEW 2026-08-20: re-read from rendered pages, all races close on ballots x seats; document is hand-marked UNOFFICIAL RESULTS (signed by Director of Elections, run 11/04/25 22:26)",100,Taunton2025_d0.pdf,yes,yes,hosted,https://jamesnicholsworley.github.io/civicatlasma/markdown/Taunton2025.md,docling-2.66.0,,published,official
Taunton,2026,regular,no,,,,,,"no_election: even-year row seeded from the 2024 cohort, 2026-08-19",,,,,,,,,no_election,other
Templeton,2021,regular,yes,LEO,https://www.templetonma.gov/DocumentCenter/View/2095/May-17-2021-Annual-Town-Election-PDF,https://jamesnicholsworley.github.io/civicatlasma/pdfs/Templeton2021_d0.pdf,crawl,high,crawl_verified,90,Templeton2021_d0.pdf,yes,yes,hosted,https://jamesnicholsworley.github.io/civicatlasma/markdown/Templeton2021.md,pypdf(recrawl),,published,official
Templeton,2022,regular,yes,ATR,https://www.templetonma.gov/DocumentCenter/View/2426/Annual-Report-for-Fiscal-Year-2022-PDF,https://jamesnicholsworley.github.io/civicatlasma/pdfs/Templeton2022_d0.pdf,dive_atr,high,atr_cropped,90,Templeton2022_d0.pdf,yes,yes,pdf_hosted,,,,published,official
Templeton,2023,regular,yes,LEO,https://www.templetonma.gov/sites/g/files/vyhlif3911/f/uploads/ate_2023.pdf,https://jamesnicholsworley.github.io/civicatlasma/pdfs/Templeton2023_d0.pdf,manual_sources,manual,,95,Templeton2023_d0.pdf,yes,yes,hosted,https://jamesnicholsworley.github.io/civicatlasma/markdown/Templeton2023.md,pypdf,,published,official
Templeton,2024,regular,yes,LEO,https://www.templetonma.gov/DocumentCenter/View/2087/May-20-2024-Annual-Town-Election-PDF,https://jamesnicholsworley.github.io/civicatlasma/pdfs/Templeton2024_d0.pdf,manual,high,manual_ingest,90,Templeton2024_d0.pdf,yes,yes,pdf_hosted,,,,published,official
Templeton,2025,regular,yes,LEO,https://www.templetonma.gov/DocumentCenter/View/2084/May-19-2025-Annual-Town-Election--PDF,https://jamesnicholsworley.github.io/civicatlasma/pdfs/Templeton2025_d0.pdf,exa,high,auto_resourced,90,Templeton2025_d0.pdf,yes,yes,hosted,https://jamesnicholsworley.github.io/civicatlasma/markdown/Templeton2025.md,pypdf,,published,official
Templeton,2026,regular,yes,cohort-2026,https://templetonma.gov/DocumentCenter/View/2931/2026-5-18-Annual-Town-Election,,,,,,,no,yes,hosted,,,,published,official
Tewksbury,2021,regular,yes,LEO,https://www.tewksbury-ma.gov/ArchiveCenter/ViewFile/Item/505,https://jamesnicholsworley.github.io/civicatlasma/pdfs/Tewksbury2021_d0.pdf,manual_sources,manual,,95,Tewksbury2021_d0.pdf,yes,yes,hosted,https://jamesnicholsworley.github.io/civicatlasma/markdown/Tewksbury2021.md,pypdf,,published,official
Tewksbury,2022,regular,yes,LEO,https://www.tewksbury-ma.gov/DocumentCenter/View/2519/4222-Annual-Town-Election-Official-Results,https://jamesnicholsworley.github.io/civicatlasma/pdfs/Tewksbury2022_d0.pdf,manual_sources,manual,,95,Tewksbury2022_d0.pdf,yes,yes,hosted,https://jamesnicholsworley.github.io/civicatlasma/markdown/Tewksbury2022.md,pypdf,,published,official
Tewksbury,2023,regular,yes,LEO,https://www.tewksbury-ma.gov/DocumentCenter/View/3713/April-1-2023-Annual-Town-Election-Official-Results,https://jamesnicholsworley.github.io/civicatlasma/pdfs/Tewksbury2023_d0.pdf,manual_sources,manual,,95,Tewksbury2023_d0.pdf,yes,yes,hosted,https://jamesnicholsworley.github.io/civicatlasma/markdown/Tewksbury2023.md,pypdf,,published,official
Tewksbury,2024,regular,yes,LEO,https://www.tewksbury-ma.gov/DocumentCenter/View/4940/4624-Annual-Town-Election-Official-Results,https://jamesnicholsworley.github.io/civicatlasma/pdfs/Tewksbury2024_d0.pdf,manual_sources,manual,,95,Tewksbury2024_d0.pdf,yes,yes,hosted,https://jamesnicholsworley.github.io/civicatlasma/markdown/Tewksbury2024.md,pypdf,,published,official
Tewksbury,2025,regular,yes,LEO,https://www.tewksbury-ma.gov/DocumentCenter/View/6384/LOCAL-Election---APRIL-5-2025-PDF,https://jamesnicholsworley.github.io/civicatlasma/pdfs/Tewksbury2025_d0.pdf,manual_sources,manual,,95,Tewksbury2025_d0.pdf,yes,yes,hosted,https://jamesnicholsworley.github.io/civicatlasma/markdown/Tewksbury2025.md,pypdf,,published,official
Tewksbury,2026,regular,yes,cohort-2026,https://tewksbury-ma.gov/DocumentCenter/View/7582/41126-Annual-Town-Election-Official-Results,,,,,,,no,yes,hosted,,,,published,official
Tisbury,2021,regular,yes,NEWS,https://www.mvtimes.com/2021/06/22/tisbury-voters-approve-tax-hike-school-project/,,manual,low,,70,Tisbury2021_d0.pdf,,yes,hosted,https://jamesnicholsworley.github.io/civicatlasma/markdown/Tisbury2021.md,playwright+docling-2.66.0,,published,news
Tisbury,2022,regular,yes,LEO,https://archives.lib.state.ma.us/server/api/core/bitstreams/ef740875-3585-4f18-9950-e80fb4ea3a56/content,,manual,medium,"landed 2026-08-25 from the Chrome ingest (ATR, #pages 64-65 of Tisbury-2022.pdf (issued 2023)); 11 races",70,,no,no,published,,,https://www.tisburyma.gov/sites/g/files/vyhlif1321/f/uploads/tisbury_master_plan_full_report.pdf,published,official
Tisbury,2023,regular,yes,NEWS,https://www.mvtimes.com/2023/05/09/colarusso-wins-select-board-seat-6-votes/,,manual_sources,manual,wayback_render,95,Tisbury2023_d0.pdf,no,yes,hosted,https://jamesnicholsworley.github.io/civicatlasma/markdown/Tisbury2023.md,wayback+docling-2.66.0,,published,news
Tisbury,2024,regular,yes,LEO,https://archives.lib.state.ma.us/server/api/core/bitstreams/1208d643-2ce0-4069-9f4f-c68c595c0652/content,,manual,high,"landed 2026-08-25 from the Chrome ingest (ATR, #page 63 of Tisbury-2024.pdf); 10 races",70,,no,no,missing,,,https://www.tisburyma.gov/home/files/official-election-results,published,
Tisbury,2025,regular,yes,owner-verified-2026-08-19,https://www.mvtimes.com/2025/05/12/tisbury-voters-decide-school-committee-health-board-races/,,manual,high,"manual_ingest | ARTIFACT CORRECTED 2026-08-20: the held PDF was the NOVEMBER 3 2020 PRESIDENTIAL election guide - a mis-attached artifact, now in data/setaside/wrong_artifact_2025/. The cited MV Times article IS the true source of the 11 races and has been stored. No official return exists online: tisburyma.gov moved to CivicPlus ~Oct 2025, DocumentCenter ids 1-2000 swept (1,135 live docs) hold only the May 12 2026 return; legacy Drupal vyhlif1321 is 404. School Committee corroborated by Vineyard Gazette (Lesnikowska 120, Watts 108, turnout 252). The Gazette also names a 12th race - Constable, Michael Ciancio, 3 yr - with NO vote total printed; not recorded.",70,,no,no,hosted,,,https://www.tisburyma.gov/sites/g/files/vyhlif1321/f/uploads/how_to_vote_in_pres_election.pdf,published,news
Tisbury,2026,regular,yes,cohort-2026,https://tisburyma.gov/DocumentCenter/View/1635,,,,,,,no,no,hosted,,,,published,official
Tolland,2021,regular,yes,LEO,https://tollandma.civiccms.acsitefactory.com/home/news/results-6232021-town-election,,scraper_sheet9,low,landed 2026-09-10 from research/SESSION_2026-09-10_FINDINGS.md; transcribed from the certified return and checked against the 55 ballots it reports,70,Tolland2021_d0.pdf,,no,discarded_not_results,,,,published,official
Tolland,2022,regular,yes,LEO,https://www.tolland-ma.gov/town-clerk/links/massachusetts-secretary-state,,scraper_sheet9,low,,70,Tolland2022_d0.pdf,,yes,hosted,,,,published,official
Tolland,2023,regular,yes,LEO,https://www.tolland-ma.gov/home/news/5232023-town-election-results,,manual_sources,manual,,95,Tolland2023_d0.pdf,,yes,hosted,,,,published,official
Tolland,2024,regular,yes,LEO,https://web.archive.org/web/20240523002052id_/https://www.tolland-ma.gov/home/news/town-election-results-5212024,,scraper_sheet9,low,,70,Tolland2024_d0.pdf,,no,published,,,,published,official
Tolland,2025,regular,yes,tolland-origin-host-mirror-2026-08-20,http://tollandma.civiccms.acsitefactory.com/home/news/2025-tolland-town-election-results,,town_website,high,YES,70,,no,yes,hosted,,manual-transcription-html,https://www.tolland-ma.gov/town-clerk/pages/duties-responsibilities-town-clerk,published,official
Tolland,2026,regular,yes,,https://tollandma.civiccms.acsitefactory.com/home/news/2026-town-election-results,,,,"landed 2026-09-01 from the Reminder archive index sweep (official; Town of Tolland, 2026 Town Election Results, reported by Tow); artifact only, parse and gate follow",,,no,no,missing,,,,published,official
Topsfield,2021,regular,yes,LEO,https://www.topsfield-ma.gov/DocumentCenter/View/1563/2021-Annual-Report-pdf-file,https://jamesnicholsworley.github.io/civicatlasma/pdfs/Topsfield2021_d0.pdf,manual,high,manual_ingest,70,Topsfield2021_d0.pdf,yes,yes,pdf_hosted,,,,published,official
Topsfield,2022,regular,yes,NEWS,https://www.salemnews.com/news/in-only-contested-race-in-topsfield-incumbent-retains-seat-on-regional-school-board/article_a6b2e6f6-cd4e-11ec-912a-d7c5b3ed68cf.html,,manual,high,rendered_score:wrong_doc,90,Topsfield2022_d0.pdf,,yes,hosted,https://jamesnicholsworley.github.io/civicatlasma/markdown/Topsfield2022.md,playwright+docling-2.66.0,,published,news
Topsfield,2023,regular,yes,LEO,https://www.topsfield-ma.gov/sites/g/files/vyhlif5086/f/uploads/official_election_results_local_2023.pdf,https://jamesnicholsworley.github.io/civicatlasma/pdfs/Topsfield2023_d0.pdf,manual_sources,manual,,95,Topsfield2023_d0.pdf,yes,yes,hosted,https://jamesnicholsworley.github.io/civicatlasma/markdown/Topsfield2023.md,pypdf,,published,official
Topsfield,2024,regular,yes,NEWS,https://www.topsfield-ma.gov/DocumentCenter/View/3676/Meeting-Minutes,,manual,high,"landed 2026-08-27 from data/staging_2024 (INGEST_2024_GAPCLOSE.md); official, 9 races, 31 tallied; 9 of 9 races close exactly on 1079 ballots",90,,,no,published,,docling-html,https://thelocalnews.news/2024/05/10/kmetz-and-mercier-link-top-topsfield-select-board-ballot-overrides-pass/,published,official
Topsfield,2025,regular,yes,ATR,https://www.topsfield-ma.gov/DocumentCenter/View/8188,https://jamesnicholsworley.github.io/civicatlasma/pdfs/Topsfield2025_d0.pdf,dive_atr,scraped,atr_cropped,90,Topsfield2025_d0.pdf,yes,yes,pdf_hosted,,,,published,official
Topsfield,2026,regular,yes,custom-search-2026,https://www.topsfield-ma.gov/DocumentCenter/View/8196/UNOFFICIAL-LOCAL-ELECTION-RESULTS-05072026MF,,,,,,,no,no,pdf_hosted,,,,published,official
Townsend,2021,regular,yes,ATR,https://www.townsendma.gov/Documents/Boards%20Committees/Selectboard/Annual%20Town%20Reports/official-town-report-townsend-2021_-_copy.pdf,https://jamesnicholsworley.github.io/civicatlasma/pdfs/Townsend2021_d0.pdf,atr_crop,high,atr_cropped,70,Townsend2021_d0.pdf,yes,yes,hosted,https://jamesnicholsworley.github.io/civicatlasma/markdown/Townsend2021.md,pypdf,,published,official
Townsend,2022,regular,yes,atr-2026-08-22-2022.pdf,,https://jamesnicholsworley.github.io/civicatlasma/pdfs/Townsend2022_d0.pdf,annual_town_report_crop,medium,"cropped from the Townsend annual town report, pp 22,23; election date 2022-04-25 read off the page by atr_verify",70,Townsend2022_d0.pdf,yes,no,pdf_hosted,,,https://www.townsendma.gov/Annual%20Town%20Reports/2024%20Townsend%20Annual%20Town%20Report%20updated%204.10.2025%20(1).pdf,published,official
Townsend,2023,regular,yes,ATR,https://www.townsendma.gov/Agendas%20and%20Minutes/Town%20Clerk/Election%20Results/final_election_results-4-24-23.pdf,https://jamesnicholsworley.github.io/civicatlasma/pdfs/Townsend2023_d0.pdf,manual_sources,manual,orphan_crop:election_tally_on_2pp_but_none_names_2023,95,Townsend2023_d0.pdf,no,no,published,,,https://www.townsendma.gov/sites/g/files/vyhlif1331/f/uploads/final_election_results.pdf https://www.townsendma.gov/Documents/Boards%20Committees/Board%20Of%20Selectmen/Annual%20Town%20Reports/BLOWN%20UP%20PAGE%20NUMBERS%20FINAL_2024%20Townsend%20Annual%20Town%20Report%20updated%204.10.2025.pdf,published,official
Townsend,2024,regular,yes,LEO,https://www.townsendma.gov/sites/g/files/vyhlif1331/f/uploads/final_results_of_the_annual_town_election.pdf,,manual,high,manual_ingest,90,,no,no,pdf_hosted,,,,published,official
Townsend,2025,regular,yes,LEO,https://www.townsendma.gov/Agendas%20and%20Minutes/Town%20Clerk/Annual%20Town%20Election%20Final%20Results%204-28-2025.pdf?t=202508182001300,https://jamesnicholsworley.github.io/civicatlasma/pdfs/Townsend2025_d0.pdf,manual,scraped,manual_ingest,90,Townsend2025_d0.pdf,yes,yes,pdf_hosted,,,,published,official
Townsend,2026,regular,yes,harvest-lead,https://townsendma.gov/Town%20Clerk/Elections/2026/ATE%204-27-26/2026%20ATE%20-%20OFFICIAL%20RESULTS.pdf?t=202604281946380,https://jamesnicholsworley.github.io/civicatlasma/pdfs/Townsend2026_d0.pdf,manual,,manual_ingest,,Townsend2026_d0.pdf,yes,no,pdf_hosted,,,,published,official
Truro,2021,regular,yes,LEO,https://archives.lib.state.ma.us/server/api/core/bitstreams/07af4c53-f529-4200-8d59-4c004bb1fc74/content,,manual,medium,"landed 2026-08-25 from the Chrome ingest (ATR, #page 156 of Truro-2021.pdf (issued 2022)); 7 races",70,,no,no,missing,,,https://www.truro-ma.gov/sites/g/files/vyhlif3936/f/news/election_ballot_june_29_2021_0.pdf,published,official
Truro,2022,regular,yes,LEO,https://www.truro-ma.gov/DocumentCenter/View/876/2022-Annual-Town-Election-Results-PDF,https://jamesnicholsworley.github.io/civicatlasma/pdfs/Truro2022_d0.pdf,verified_yes,scraped,YES,90,Truro2022_d0.pdf,yes,yes,hosted,https://jamesnicholsworley.github.io/civicatlasma/markdown/Truro2022.md,pypdf,,published,official
Truro,2023,regular,yes,LEO,https://www.truro-ma.gov/sites/g/files/vyhlif9766/f/news/official_ate_2023_results.pdf,https://jamesnicholsworley.github.io/civicatlasma/pdfs/Truro2023_d0.pdf,manual_sources,manual,,95,Truro2023_d0.pdf,yes,yes,hosted,https://jamesnicholsworley.github.io/civicatlasma/markdown/Truro2023.md,pypdf,,published,official
Truro,2024,regular,yes,LEO,https://www.truro-ma.gov/DocumentCenter/View/874/2024-Official-Annual-Town-Election-Results-PDF,,verified_yes,scraped,YES,90,,no,no,hosted,,pypdf,,published,official
Truro,2025,regular,yes,LEO,https://www.truro-ma.gov/DocumentCenter/View/2065/2025-Annual-Town-Election-Results,https://jamesnicholsworley.github.io/civicatlasma/pdfs/Truro2025_d0.pdf,verified_yes,scraped,YES,90,Truro2025_d0.pdf,yes,yes,hosted,https://jamesnicholsworley.github.io/civicatlasma/markdown/Truro2025.md,pypdf,,published,official
Truro,2026,regular,yes,cohort-2026,https://truro-ma.gov/DocumentCenter/View/3347/2026-Official-Annual-Town-Election-Results-,,,,,,,no,yes,hosted,,,,published,official
Tyngsborough,2021,regular,yes,NEWS,https://www.facebook.com/tyngsboroughma/posts/town-clerk-jessica-brunelle-has-published-the-official-election-results-from-yes/1352934293533123/,,retracted_stale_condemnation,low,"condemnation_reason_no_longer_true: 48 tallies, all dates in 2021, 20 of 20 surnames grounded",70,,no,no,pdf_hosted,,docling-html,https://www.facebook.com/tyngsboroughma/posts/town-clerk-jessica-brunelle-has-published-the-official-election-results-from-yes/1352934293533123/,published,news
Tyngsborough,2022,regular,yes,harvest-lead,https://www.tyngsboroughma.gov/documentcenter/view/746,https://jamesnicholsworley.github.io/civicatlasma/pdfs/Tyngsborough2022_d0.pdf,manual,high,"landed 2026-08-25 from the Chrome ingest (official, -); 11 races",70,Tyngsborough2022_d0.pdf,yes,no,pdf_hosted,,,https://www.tyngsboroughma.gov/Archive/ViewFile/Item/62,published,official
Tyngsborough,2023,regular,yes,LEO,https://www.tyngsboroughma.gov/DocumentCenter/View/2134/2023-Annual-Town-Report,https://jamesnicholsworley.github.io/civicatlasma/pdfs/Tyngsborough2023_d0.pdf,manual_sources,manual,,95,Tyngsborough2023_d0.pdf,,no,published,,,,published,official
Tyngsborough,2024,regular,yes,LEO,https://www.tyngsboroughma.gov/DocumentCenter/View/2159/May-2024-Annual-Town-Election---Unofficial-Results,https://jamesnicholsworley.github.io/civicatlasma/pdfs/Tyngsborough2024_d0.pdf,exa,high,auto_resourced,90,Tyngsborough2024_d0.pdf,yes,yes,hosted,https://jamesnicholsworley.github.io/civicatlasma/markdown/Tyngsborough2024.md,pypdf,,published,official
Tyngsborough,2025,regular,yes,LEO,https://www.tyngsboroughma.gov/DocumentCenter/View/2784/Official-Results-May-20-2025,,manual,high,manual_ingest,70,Tyngsborough2025_d0.pdf,yes,yes,hosted,https://jamesnicholsworley.github.io/civicatlasma/markdown/Tyngsborough2025.md,pandas-xlsx,,published,official
Tyngsborough,2026,regular,yes,cohort-2026,https://www.tyngsboroughma.gov/DocumentCenter/View/3361/May-19-2026-Official-Election-Results,,,,,,,no,yes,hosted,,,,published,official
Tyringham,2021,regular,yes,LEO,https://www.tyringham-ma.gov/sites/g/files/vyhlif1336/f/news/town_election_results_5.17.2021.pdf,https://jamesnicholsworley.github.io/civicatlasma/pdfs/Tyringham2021_d0.pdf,scraper_sheet9,spraped,,70,Tyringham2021_d0.pdf,yes,yes,hosted,https://jamesnicholsworley.github.io/civicatlasma/markdown/Tyringham2021.md,pypdf,,published,official
Tyringham,2022,regular,yes,clerk-email-2026-08-22-Tyringham_town_clerk_relayed_by_owner,,,clerk_email,low,"owner-relayed; the owner reports these came from the Tyringham town clerk by email. Recorded as a clerk-email receipt dated the day they were relayed, because the original email date is not known here. The town's own site serves no copy: the 2023 URL annual_town_election_results_5-15-23.pdf now 404s and there is no live link for 2022 or 2024, so there is no web citation to prefer over this.",30,,no,no,pdf_hosted,,,https://www.tyringham-ma.gov/sites/g/files/vyhlif1336/f/news/stateelection.unofficial.results.11.06.2018_0.pdf,published,official
Tyringham,2023,regular,yes,clerk-email-2026-08-22-Tyringham_town_clerk_relayed_by_owner,,https://jamesnicholsworley.github.io/civicatlasma/pdfs/Tyringham2023_d0.pdf,clerk_email,manual,"owner-relayed; the owner reports these came from the Tyringham town clerk by email. Recorded as a clerk-email receipt dated the day they were relayed, because the original email date is not known here. The town's own site serves no copy: the 2023 URL annual_town_election_results_5-15-23.pdf now 404s and there is no live link for 2022 or 2024, so there is no web citation to prefer over this.",95,Tyringham2023_d0.pdf,yes,no,pdf_hosted,,,,published,official
Tyringham,2024,regular,yes,clerk-email-2026-08-22-Tyringham_town_clerk_relayed_by_owner,,https://jamesnicholsworley.github.io/civicatlasma/pdfs/Tyringham2024_d0.pdf,clerk_email,,"owner-relayed; the owner reports these came from the Tyringham town clerk by email. Recorded as a clerk-email receipt dated the day they were relayed, because the original email date is not known here. The town's own site serves no copy: the 2023 URL annual_town_election_results_5-15-23.pdf now 404s and there is no live link for 2022 or 2024, so there is no web citation to prefer over this.",,Tyringham2024_d0.pdf,yes,no,pdf_hosted,,,,published,official
Tyringham,2025,regular,yes,clerk-email-2026-08-11-heather-ketchen,,https://jamesnicholsworley.github.io/civicatlasma/pdfs/Tyringham2025_d0.pdf,town_clerk_email,high,YES,70,Tyringham2025_d0.pdf,yes,yes,pdf_hosted,,,https://www.tyringham-ma.gov/board-assessors/links/ma-land-records,published,official
Tyringham,2026,regular,yes,cohort-2026,https://www.tyringham-ma.gov/DocumentCenter/View/1598/Annual-Town-Election-Results-5182026,,,,,,,no,yes,hosted,,,,published,official
Upton,2021,regular,yes,ATR,https://www.uptonma.gov/DocumentCenter/View/3345,https://jamesnicholsworley.github.io/civicatlasma/pdfs/Upton2021_d0.pdf,dive_atr,low,atr_cropped,70,Upton2021_d0.pdf,yes,yes,pdf_hosted,,,,published,official
Upton,2022,regular,yes,LEO,https://uptonma.gov/DocumentCenter/View/772/Official-Results-PDF,,manual,low,"landed 2026-08-25 from the Chrome ingest (official, -); 14 races",70,,no,no,pdf_hosted,,,https://www.uptonma.gov/DocumentCenter/View/781/State-Election-Tuesday-November-8-2022-PDF,published,official
Upton,2023,regular,yes,LEO,https://uptonma.gov/DocumentCenter/View/746/2023-Official-Results-PDF,https://jamesnicholsworley.github.io/civicatlasma/pdfs/Upton2023_d0.pdf,manual_sources,manual,,95,Upton2023_d0.pdf,yes,yes,hosted,https://jamesnicholsworley.github.io/civicatlasma/markdown/Upton2023.md,pypdf,,published,official
Upton,2024,regular,yes,LEO,https://uptonma.gov/DocumentCenter/View/4402/05-7--2024-Offical-Results-?bidId=,https://jamesnicholsworley.github.io/civicatlasma/pdfs/Upton2024_d0.pdf,exa,high,auto_resourced,90,Upton2024_d0.pdf,yes,yes,hosted,https://jamesnicholsworley.github.io/civicatlasma/markdown/Upton2024.md,pypdf,,published,official
Upton,2025,regular,yes,LEO,https://uptonma.gov/DocumentCenter/View/5793,,manual,high,manual_ingest,70,,no,no,pdf_hosted,,,,published,official
Upton,2026,regular,yes,cohort-2026,https://uptonma.gov/DocumentCenter/View/8164,,,,,,,no,yes,hosted,,,,published,official
Uxbridge,2021,regular,yes,,https://www.uxbridge-ma.gov/DocumentCenter/View/6107/FY-2021,,,,,,Uxbridge2021_d0.pdf,,no,missing,,,,published,official
Uxbridge,2022,regular,yes,,https://www.uxbridge-ma.gov/DocumentCenter/View/6108/FY-2022,,,,,,Uxbridge2022_d0.pdf,,no,missing,,,,published,official
Uxbridge,2023,regular,yes,atr-2026-08-23-2023.pdf,,https://jamesnicholsworley.github.io/civicatlasma/pdfs/Uxbridge2023_d0.pdf,annual_town_report_crop,manual,"cropped from the Uxbridge annual town report, pp 164,165; election date 2023-05-23 read off the page by atr_verify",95,Uxbridge2023_d0.pdf,yes,no,pdf_hosted,,,https://ma-uxbridge.civicplus.com/DocumentCenter/View/6292,published,official
Uxbridge,2024,regular,yes,LEO,https://www.uxbridge-ma.gov/sites/g/files/vyhlif3971/f/uploads/may_21_2024_ate_official_results.pdf,https://jamesnicholsworley.github.io/civicatlasma/pdfs/Uxbridge2024_d0.pdf,collect-exa,,auto_resourced,,Uxbridge2024_d0.pdf,yes,yes,hosted,https://jamesnicholsworley.github.io/civicatlasma/markdown/Uxbridge2024.md,pypdf,,published,official
Uxbridge,2025,regular,yes,LEO,https://www.uxbridge-ma.gov/DocumentCenter/View/8485/may_20_2025_ate_official_resultspdf,https://jamesnicholsworley.github.io/civicatlasma/pdfs/Uxbridge2025_d0.pdf,manual_sources,manual,CITATION REPAIRED 2026-08-21 (live URL recovered): 200 via curl_cffi chrome; 5pg OFFICIAL CERTIFIED RESULTS 11783 eligible 1106 cast May 20 2025,95,Uxbridge2025_d0.pdf,yes,yes,hosted,https://jamesnicholsworley.github.io/civicatlasma/markdown/Uxbridge2025.md,pypdf,,published,official
Uxbridge,2026,regular,yes,cohort-2026,https://uxbridge-ma.gov/DocumentCenter/View/5537/5192026-Ate-Certified-Results,,,,,,,no,no,hosted,,,,published,official
Wakefield,2021,regular,yes,LEO,https://www.wakefield.ma.us/sites/g/files/vyhlif3986/f/uploads/annual-town-election-results-2021-04-27_0.pdf,https://jamesnicholsworley.github.io/civicatlasma/pdfs/Wakefield2021_d0.pdf,manual_sources,manual,,95,Wakefield2021_d0.pdf,yes,yes,hosted,https://jamesnicholsworley.github.io/civicatlasma/markdown/Wakefield2021.md,pypdf,,published,official
Wakefield,2022,regular,yes,LEO,https://www.wakefieldma.gov/DocumentCenter/View/772/April-26-2022-Annual-Town-Election-PDF,https://jamesnicholsworley.github.io/civicatlasma/pdfs/Wakefield2022_d0.pdf,manual,manual,manual_ingest,95,Wakefield2022_d0.pdf,yes,yes,pdf_hosted,,,,published,official
Wakefield,2023,regular,yes,LEO,https://www.wakefield.ma.us/sites/g/files/vyhlif3986/f/uploads/town-election-results-2023-04-26.pdf,https://jamesnicholsworley.github.io/civicatlasma/pdfs/Wakefield2023_d0.pdf,manual_sources,manual,,95,Wakefield2023_d0.pdf,yes,yes,hosted,https://jamesnicholsworley.github.io/civicatlasma/markdown/Wakefield2023.md,pypdf,,published,official
Wakefield,2024,regular,yes,LEO,https://www.wakefieldma.gov/DocumentCenter/View/777/Town-Election-April-23-2024-PDF,https://jamesnicholsworley.github.io/civicatlasma/pdfs/Wakefield2024_d0.pdf,manual,manual,manual_ingest,95,Wakefield2024_d0.pdf,yes,yes,pdf_hosted,,,,published,official
Wakefield,2025,regular,yes,ATR,https://www.wakefieldma.gov/documentcenter/view/783,https://jamesnicholsworley.github.io/civicatlasma/pdfs/Wakefield2025_d0.pdf,refetch_leads,manual,"notresults:replacement states no date anywhere; the incumbent is dated April 22, 2025 and says FINAL",95,Wakefield2025_d0.pdf,yes,no,pdf_hosted,,,,published,official
Wakefield,2026,regular,yes,custom-search-2026,https://www.wakefieldma.gov/DocumentCenter/View/2615/Election-Results-April-28-2026,,harvest-lead:sha256,,citation_proven_against_held_pdf,,,no,no,pdf_hosted,,,,published,official
Wales,2021,regular,yes,LEO,https://www.townofwales.net/DocumentCenter/View/3536/05-26-2021-Election-Results,https://jamesnicholsworley.github.io/civicatlasma/pdfs/Wales2021_d0.pdf,crawl,spraped,crawl_verified,70,Wales2021_d0.pdf,yes,yes,hosted,,pdf_only(needs_ocr),,published,official
Wales,2022,regular,yes,LEO,https://web.archive.org/web/20220530084034id_/https://www.townofwales.net/sites/g/files/vyhlif1371/f/uploads/local_election_results_2022.pdf,,manual,spraped,"ballot (adjudicated 2026-08-23): the held document is the ballot form itself: 'OFFICIAL BALLOT ANNUAL TOWN ELECTION - WALES, MASSACHUSETTS MAY 25, 2022'",70,,no,no,missing,,pdf_only(needs_ocr),https://www.townofwales.net/DocumentCenter/View/3535/05-25-2022-Election-Results,published,official
Wales,2023,regular,yes,LEO,https://www.townofwales.net/DocumentCenter/View/3540/05-24-2023-Election-Results,https://jamesnicholsworley.github.io/civicatlasma/pdfs/Wales2023_d0.pdf,crawl,manual,crawl_verified,95,Wales2023_d0.pdf,yes,yes,hosted,,pdf_only(needs_ocr),,published,official
Wales,2024,regular,yes,LEO,https://www.townofwales.net/DocumentCenter/View/3539/05-22-2024-Election-Results,,crawl,low,annual_missing__special_set_aside_as_SWales20240903,90,,no,no,hosted,,pdf_only(needs_ocr),,published,official
Wales,2025,regular,yes,LEO,https://www.townofwales.net/DocumentCenter/View/3541/05-28-2025-Election-Results,https://jamesnicholsworley.github.io/civicatlasma/pdfs/Wales2025_d0.pdf,scraper_sheet9,spraped,vision_read_reconciled,70,Wales2025_d0.pdf,yes,yes,hosted,https://jamesnicholsworley.github.io/civicatlasma/markdown/Wales2025.md,vision,,published,official
Wales,2026,regular,yes,cohort-2026,https://townofwales.net/DocumentCenter/View/3805/05-27-2026-Election-Results,,,,,,,no,yes,hosted,,,,published,official
Walpole,2021,regular,yes,LEO,https://www.walpole-ma.gov/town-clerk/files/2021-annual-town-election-unofficial-results,,manual,,manual_ingest,,,no,no,pdf_hosted,,,,published,official
Walpole,2022,regular,yes,NEWS,https://thewalpolean.org/2022/03/09/town-election-results-2022/,,manual,,runner_fetch,,Walpole2022_d0.pdf,,yes,hosted,https://jamesnicholsworley.github.io/civicatlasma/markdown/Walpole2022.md,docling-html,,published,news
Walpole,2023,regular,yes,LEO,https://www.walpole-ma.gov/town-clerk/files/2023-ate-election-results,https://jamesnicholsworley.github.io/civicatlasma/pdfs/Walpole2023_d0.pdf,manual,manual,manual_ingest,95,Walpole2023_d0.pdf,yes,yes,pdf_hosted,,,,published,official
Walpole,2024,regular,yes,LEO,https://www.walpole-ma.gov/sites/g/files/vyhlif12086/f/uploads/2024.06.01_walpole_ate.pdf,https://jamesnicholsworley.github.io/civicatlasma/pdfs/Walpole2024_d0.pdf,manual_sources,manual,,95,Walpole2024_d0.pdf,yes,yes,hosted,https://jamesnicholsworley.github.io/civicatlasma/markdown/Walpole2024.md,docling-2.66.0,,published,official
Walpole,2025,regular,yes,LEO,https://www.walpole-ma.gov/DocumentCenter/View/12889/May-20-2025,,manual_sources,manual,CITATION REPAIRED 2026-08-21 (live URL recovered): 200 via curl_cffi chrome; 2pg 8 precincts Moderator James M. Brady Walpole May 20 2025,95,,no,no,hosted,,pypdf,,published,official
Walpole,2026,regular,yes,owner-lead,https://www.walpole-ma.gov/DocumentCenter/View/12888/May-19-2026,https://jamesnicholsworley.github.io/civicatlasma/pdfs/Walpole2026_d0.pdf,manual,,manual_ingest,,Walpole2026_d0.pdf,yes,no,pdf_hosted,,,,published,official
Waltham,2021,regular,yes,LEO,https://www.city.waltham.ma.us/sites/g/files/vyhlif12301/f/uploads/city_of_waltham_unofficial_election_results_11020221.pdf,https://jamesnicholsworley.github.io/civicatlasma/pdfs/Waltham2021_d0.pdf,manual,manual,manual_ingest,95,Waltham2021_d0.pdf,yes,yes,pdf_hosted,,,,published,official
Waltham,2022,regular,no,CITY_ODD_YEAR_CYCLE,,,,,,,Waltham2022_d0.pdf,,no,no_election,,,,no_election,other
Waltham,2023,regular,yes,LEO,https://www.city.waltham.ma.us/sites/g/files/vyhlif6861/f/uploads/waltham_certifed_results_nov_7_2023_003.pdf,https://jamesnicholsworley.github.io/civicatlasma/pdfs/Waltham2023_d0.pdf,manual_sources,manual,,95,Waltham2023_d0.pdf,yes,yes,hosted,https://jamesnicholsworley.github.io/civicatlasma/markdown/Waltham2023.md,pypdf,,published,official
Waltham,2024,regular,no,CITY_ODD_YEAR_CYCLE,,,,,,,Waltham2024_d0.pdf,,no,no_election,,,,no_election,other
Waltham,2025,regular,yes,LEO,https://www.city.waltham.ma.us/DocumentCenter/View/2485,https://jamesnicholsworley.github.io/civicatlasma/pdfs/Waltham2025_d0.pdf,manual_city,manual,"manual | CITATION REPAIRED 2026-08-21 (live URL recovered): 200 via curl_cffi chrome; 3pg 18 ward-precincts 38550 registered voters Waltham Nov 4 2025 | CERTIFIED UPGRADE 2026-08-21. Sheet header ""Certified 11/17/2025""; turnout 7,453 -> 7,513 and write-ins itemised. SOURCE ARITHMETIC FLAG: SCHOOL COMMITTEE is 12 short of ballots x seats because the clerk assigned a DeSTEFANO write-in without reducing Times Blank Voted. Transcribed as printed.",100,Waltham2025_d0.pdf,yes,yes,hosted,https://jamesnicholsworley.github.io/civicatlasma/markdown/Waltham2025.md,pypdf,,published,official
Waltham,2026,regular,no,,,,,,"no_election: even-year row seeded from the 2024 cohort, 2026-08-19",,,,,,,,,no_election,other
Ware,2021,regular,yes,LEO,https://www.townofware.com/2021%20Full%20Annual%20Report.pdf?t=202310061252520,https://jamesnicholsworley.github.io/civicatlasma/pdfs/Ware2021_d0.pdf,manual,medium,manual_ingest,70,Ware2021_d0.pdf,yes,yes,pdf_hosted,,,,published,official
Ware,2022,regular,yes,LEO,https://cms1files.revize.com/warema/00-Full%20Report%20Web.pdf,https://jamesnicholsworley.github.io/civicatlasma/pdfs/Ware2022_d0.pdf,manual,medium,manual_ingest,70,Ware2022_d0.pdf,yes,yes,pdf_hosted,,,,published,official
Ware,2023,regular,yes,ATR,"https://cms1files.revize.com/ware/Annual%20Town%20Electrion%20April%2010,%202023.pdf",https://jamesnicholsworley.github.io/civicatlasma/pdfs/Ware2023_d0.pdf,atr_crop,manual,atr_cropped,95,Ware2023_d0.pdf,yes,yes,hosted,https://jamesnicholsworley.github.io/civicatlasma/markdown/Ware2023.md,pypdf,,published,official
Ware,2024,regular,yes,atr-2026-08-23-2024.pdf,,https://jamesnicholsworley.github.io/civicatlasma/pdfs/Ware2024_d0.pdf,annual_town_report_crop,high,"cropped from the Ware annual town report, pp 25,26; election date 2024-04-08 read off the page by atr_verify",90,Ware2024_d0.pdf,yes,no,pdf_hosted,,pypdf,https://wareelections.com/results/Ware-ESR-(Official-and-Complete)-December-2024.pdf; https://cms1files.revize.com/benzienew/Feb%2027%202024%20Statement%20of%20Votes%20Casts.pdf,published,official
Ware,2025,regular,yes,LEO,"https://cms1files.revize.com/warema/Unofficial%20Results%20Annual%20Town%20Election%20Aprl%2014,%202025.pdf",https://jamesnicholsworley.github.io/civicatlasma/pdfs/Ware2025_d0.pdf,collect-web,high,"RESTORED 2026-09-01 after a second erroneous retraction. The row was re-landed earlier the same day from the town's OWN return -- cms1files.revize.com/warema, whose filename carries an 'Unofficial Results' prefix and spells April 'Aprl', which is why every path sweep missed it -- and was then retracted again by fix_wrongplace in research/interface/mvp/apply_fixes.py, which is keyed on ('Ware','2025') and re-fired on every apply run. THAT is the mechanism the earlier note could not identify. It is now disarmed: the retraction skips once its URL is condemned, and its setaside move no longer deletes a file it has not preserved. The Georgia document (ESR-Ware-Official-and-Complete-110425) stays condemned in known_bad_url and in the setaside register. Parse rebuilt from publish/markdown/Ware2025.md; School Committee is 2 seats because its 1,386 marks plus 140 blanks are exactly 2 x 763 ballots, and 1,386 cannot fit in one seat's 763.",70,Ware2025_d0.pdf,yes,yes,pdf_hosted,,,https://wareelections.com/forms/ESR-Ware-Official-and-Complete-110425.pdf,published,official
Ware,2026,regular,yes,serpapi,,,manual,,"town serves documents from cms1files.revize.com/warema/ and names them 'Annual Town Election <Month D, YYYY>.pdf'; its election is in APRIL (8 Apr 2024). Control (the 2024 file, 740,114 bytes) PASSED; 320 dated paths probed across March-June 2025 AND 2026 on five templates, no hit. The Ware River News is the town's own paper: its issues of 2 Apr to 30 Jul 2026 were read COLUMN-AWARE (18 issues, 288 pages) and carry no Ware annual town election report. TURLEY WEEKLY MEASURED VIA WAYBACK. Turley itself now 403s and its own archive links 404 for older issues, but Wayback holds 1,742 dated whole-issue PDFs across seven Turley titles (Barre Gazette, Country Journal, Quaboag Current, Ware River News, Journal Register, Agawam Advertiser, Chicopee Register), 2020 to 2026. The issues following this town's election were retrieved from Actions and read COLUMN-AWARE -- these papers set returns in five narrow columns and a full-page extract interleaves them, the same failure that hid Plainfield 2022. No return for this town-year. The channel demonstrably works: the same issues carry Hardwick's 2026 return in full (380 of 2,199 voters, 17.3%) and Oakham's 2026 (Gehring 308, Haapakoski 78), both towns these papers serve. They simply do not print this one. THE FILE CDN IS NOT ARCHIVED AT ALL, WHICH CLOSES THE WAYBACK ROUTE FOR GOOD. Ware serves its documents from cms1files.revize.com/warema/. Three facts about that host, each measured: (a) the directory is 403 to listing, so it cannot be enumerated; (b) individual files fetch fine -- the maintainer's 2025 URL returns 437,807 bytes of PDF and the 2024 one 740,114, so a file can exist there while being linked from nowhere; (c) a CDX sweep run from Actions across the Revize hosts returned 16,513 unique captures and EXACTLY ZERO for cms1files.revize.com. The archive has never crawled Ware's file host. Together those mean the only way to reach a Ware results file is to already know its exact URL. That is precisely how the 2025 row was recovered, and it is why no sweep of any kind found it first. THE PAGE LINK IS STALE, the same trap as Millville. Ware's Town Clerk page and its Voter Registration & Election Information page both carry a link labelled 'Election Results', and it still points at 'Annual Town Election April 8, 2024.pdf'. The 2025 file exists on the CDN and is linked from NEITHER page. So the absence of a 2026 link is not evidence that a 2026 file does not exist. Ware votes in April (8 April 2024, 14 April 2025), so the 2026 sitting was around 13 April 2026. A SUBSTRING TRAP, recorded because it produced 408 false hits in this very sweep: matching 'warema' against captured URLs matches townofware.com/Pages/WareMA_Cemeteries/... Filter on the path '/warema/' with slashes, never the bare token.  BOUNDED NAME PROBE RUN, WITH CONTROLS, AND IT CAME BACK EMPTY. Because the directory cannot be listed and the archive holds nothing, the only remaining test is to ask the CDN for specific names. That is normally the anti-pattern this project has been burned by, so it was done as a BOUNDED search with a control rather than a guess: two known-good filenames were included in the same batch, and both resolved (740,114 and 437,807 bytes), which is what makes the zero meaningful. 54 candidate 2026 names were tried -- five templates (Annual Town Election / Unofficial Results / Official Results / Annual Town Election Results / Results Annual Town Election) crossed with ten plausible April 2026 dates including the town's own 'Aprl' misspelling, plus four year-only forms. None resolved. Ware's public calendar for March, April and May 2026 was also read and contains no election entry at all, so the exact 2026 date is still unfixed; the probe assumed the second Monday of April on the pattern of 8 April 2024 and 14 April 2025, and that assumption is the weakest link in the negative. WHAT WOULD CLOSE THIS ROW: the direct URL of the 2026 results file, in the same form as the 2025 one. Nothing else can reach it.  MASSLIVE MEASURED, IN CHROME BECAUSE IT 403s THIS MACHINE. MassLive keeps a dedicated topic page for this town's elections at masslive.com/topic/ware-election, which is the right place and the correct spelling of the channel. It holds twelve stories and the NEWEST is 4,893 days old -- roughly 2012 -- covering Richard Norton's re-election at 6 percent turnout, and Nancy Talbot's at '844 registered voters, or 7.3 percent of the town's 6,182'. That is exactly the form this project needs, and the paper stopped producing it about thirteen years ago. Nothing for 2026, and nothing recent at all. Search-engine indexes of the file CDN were also tested and are empty: Mojeek, Bing and DuckDuckGo all return nothing for site:cms1files.revize.com. ",,Ware2026_d0.pdf,no,no,missing,,,https://www.eastbridgewaterma.gov/DocumentCenter/View/5107/Election-Results---May-16-2026,no_source,
Wareham,2021,regular,yes,LEO,https://www.wareham.gov/DocumentCenter/View/2837/2021-May-Election-Results-PDF,,manual_sources,manual,,95,,no,no,hosted,,pypdf,,published,official
Wareham,2022,regular,yes,LEO,https://wareham.theweektoday.com/article/official-election-results-are/57827,,manual,,manual_ingest,,,no,no,published,,,https://www.wareham.ma.us/sites/g/files/vyhlif5146/f/news/election_results_for_may_3_2022_for_report.pdf,published,news
Wareham,2023,regular,yes,LEO,https://www.wareham.ma.us/DocumentCenter/View/2838/2023-May-Election-Results-PDF,,crawl,manual,crawl_verified,95,,no,no,hosted,,pdf_only(needs_ocr),,published,official
Wareham,2024,regular,yes,LEO,https://wareham.ma.us/DocumentCenter/View/2839/2024-Local-Election-Results-PDF,https://jamesnicholsworley.github.io/civicatlasma/pdfs/Wareham2024_d0.pdf,manual_sources,manual,,95,Wareham2024_d0.pdf,yes,yes,hosted,https://jamesnicholsworley.github.io/civicatlasma/markdown/Wareham2024.md,pypdf,,published,official
Wareham,2025,regular,yes,LEO,https://www.wareham.gov/DocumentCenter/View/6264/2025-Local-Election-Results-PDF,https://jamesnicholsworley.github.io/civicatlasma/pdfs/Wareham2025_d0.pdf,manual_sources,manual,,95,Wareham2025_d0.pdf,yes,yes,hosted,https://jamesnicholsworley.github.io/civicatlasma/markdown/Wareham2025.md,pypdf,,published,official
Wareham,2026,regular,yes,cohort-2026,manual-find,,,,,,,no,yes,hosted,,,,published,official
Warren,2021,regular,yes,LEO,https://www.warren-ma.gov/sites/g/files/vyhlif3996/f/news/election_results-may_4.2021.pdf,https://jamesnicholsworley.github.io/civicatlasma/pdfs/Warren2021_d0.pdf,manual,high,manual_ingest,70,Warren2021_d0.pdf,yes,yes,pdf_hosted,,,,published,official
Warren,2022,regular,yes,serpapi,,,manual,low,"STATE LIBRARY CHANNEL MEASURED. Two Warren volumes read column-aware across 284 pages, with the Plainfield control passing: no election return, and no turnout statement on any page naming an election. Same finding for 2024. Note Warren 2023 DID close this round, from Reminder Publishing rather than from any town document -- the paper covered that one election and not the others. TURLEY WEEKLY MEASURED VIA WAYBACK. Turley itself now 403s and its own archive links 404 for older issues, but Wayback holds 1,742 dated whole-issue PDFs across seven Turley titles (Barre Gazette, Country Journal, Quaboag Current, Ware River News, Journal Register, Agawam Advertiser, Chicopee Register), 2020 to 2026. The issues following this town's election were retrieved from Actions and read COLUMN-AWARE -- these papers set returns in five narrow columns and a full-page extract interleaves them, the same failure that hid Plainfield 2022. No return for this town-year. The channel demonstrably works: the same issues carry Hardwick's 2026 return in full (380 of 2,199 voters, 17.3%) and Oakham's 2026 (Gehring 308, Haapakoski 78), both towns these papers serve. They simply do not print this one. SELECT BOARD MINUTES READ TOO, and they do not carry the return but do narrow it. Warren posts meeting packets to its DocumentCenter; the three around the 2022 election were fetched and OCR'd (they are scans, no text layer): 05-05-2022 is a levee site walk with the Army Corps, 05-10-2022 is a joint school-budget meeting at West Brookfield, and 05-12-2022 is the first ordinary meeting after the election. None records results. The 12 May minutes DO establish that the board was unchanged: asked whether the chairmanship would change, Mr. Dufresne answered that they need not 'because no one was new we all have been here and keeping the same positions', with Dufresne as Chair, Eichacker Vice-Chair and Veliz Clerk. Useful corroboration for whoever finds the return, and not a substitute for it. DIGITAL COMMONWEALTH MEASURED, AND IT IS A HISTORICAL REPOSITORY. digitalcommonwealth.org is the Massachusetts statewide digital repository and had never been tried by this project. Its JSON API works (/search.json?q=...&per_page=50&page=N). It holds 326 Warren annual town reports -- by far the deepest run of this town's reports anywhere -- and ALL 326 titles were paged through and their years extracted. The range is 1900 to 2014. There is nothing from 2015 onward, so it stops eight years short of this gap. Queries naming a gap year for Gosnold, Middlefield, Hancock, Savoy and Oakham all return zero results. The finding generalises and is recorded once here: Digital Commonwealth is for historical municipal material and does not carry the modern volumes any of these rows need. Do not re-try it for a 2021-2026 return. HathiTrust was probed at the same time and answers 403 to this machine.  DOCUMENTCENTER RE-SWEPT UNFILTERED TO ID 1400, AND THE MINUTES CHANNEL TESTED. 1,219 documents were named without any election filter, which is the Merrimac lesson applied here. Two findings. (a) THE REPORT SERIES STOPS BEFORE THE GAP. The only annual reports the town hosts are 'Annual Report 2021' (id 211) and 'Annual report for 2020 published' (id 216). There is no 2022 volume, and no 2023 or 2024 one either. So the route that closed other towns -- read the town's own report for the election year -- does not exist for this row. (b) THE SELECTMEN MINUTES DO NOT RECORD THE ELECTION. Warren keeps a complete run of Board of Selectmen minutes for 2022, ids 1149-1173, January to December. The seven documents bracketing the election were read in full -- 5, 10, 12, 19 and 26 May, 2 June, plus the Special Town Meeting of 14 May (id 1366). They extracted 1,773 to 57,957 characters each, roughly 97,000 in total, so the read demonstrably ran. NOT ONE of them contains any of 'election', 'sworn', 'ballot', 'votes cast', 'registered voters' or 'results'. This town's Selectboard simply does not minute the annual town election, the way Phillipston's did. Measured negative with a working control, not a silence.  REMINDER ARCHIVE MEASURED WITH A DATE CONTROL. Every article whose slug names this town was pulled from the cached 24,440-URL index and fetched, and each one's printed Date: was read. The archive covers this town's gap year densely, so the absence of a return is REAL rather than a coverage gap. See research/CHANNEL-reminder-archive-ends-2024.md for the full distribution. ",70,Warren2022_d0.pdf,no,no,missing,,,https://www.wilbraham-ma.gov/933/May-2022-Town-Election-Results,no_source,official
Warren,2023,regular,yes,serpapi,https://archives.thereminder.com/localnews/worcester-county/town-of-warren-announces-election-results/,,manual,manual,"landed 2026-09-01 from the Reminder archive index sweep (news; Reminder Publishing, ""Town of Warren announces election resu); artifact only, parse and gate follow",95,Warren2023_d0.pdf,no,no,missing,,pypdf,https://www.monson-ma.gov/DocumentCenter/View/182/Annual-Town-Election-Results-June-16-2023-PDF https://jamesnicholsworley.github.io/civicatlasma/pdfs/Warren2023.pdf; https://www.brooklinema.gov/DocumentCenter/View/41390/Official-Annual-Town-Election-Results-May-2-2023-PDF,published,news
Warren,2024,regular,yes,harvest-lead,,,manual,high,"CIVICPLUS CHANNEL MEASURED, AND MY EARLIER SWEEP OF IT WAS INVALID. The first pass filtered filenames on the substring 'elect', which matches SELECTMEN -- so it returned page after page of 'Board of Selectmen <date> (PDF).pdf' and proved nothing. Re-run with a word-boundary filter that excludes selectmen/selectboard/electrical: 1,250 documents named of 1,449 ids probed, which is the reachability proof, and the only election-related items in the entire DocumentCenter are ballot-testing notices from 2020 and 2021 and a single 'Nomination Papers Available for the Annual Town Election'. No return for any year. Warren 2023 closed from Reminder Publishing, not from this channel.",90,,no,no,missing,,,https://www.ashlandmass.com/DocumentCenter/View/13887/2024-Annual-Town-Election-Unofficial-Results https://jamesnicholsworley.github.io/civicatlasma/pdfs/Warren2024.pdf; https://www.warrenct.gov/sites/g/files/vyhlif3991/f/uploads/11.05.2024_election_results.pdf,no_source,
Warren,2025,regular,yes,LEO,https://www.warren-ma.gov/DocumentCenter/View/1538/May-6-2025-Warren-Election-Results,https://jamesnicholsworley.github.io/civicatlasma/pdfs/Warren2025_d0.pdf,manual,high,"town-hosted certified return, TOWN OF WARREN / TOWN ELECTION - MAY 6, 2025; 18 races all close A=267 B=54 T=321 x seats; supersedes the warrenct.gov citation kept in known_bad_url",70,Warren2025_d0.pdf,yes,yes,pdf_hosted,,tesseract-500dpi+hand-transcribed,https://warrenct.gov/voter-registration/links/2025-municipal-election-results,published,official
Warren,2026,regular,yes,custom-search-2026,https://www.warren-ma.gov/DocumentCenter/View/1956,,,,,,,no,no,pdf_hosted,,,,published,official
Warwick,2021,regular,yes,NEWS,https://warwickma.org/town-clerk/2021-05-17/,,manual,medium,,70,Warwick2021_d0.pdf,,yes,hosted,https://jamesnicholsworley.github.io/civicatlasma/markdown/Warwick2021.md,playwright+docling-2.66.0,,published,official
Warwick,2022,regular,yes,NEWS,https://warwickma.org/town-clerk/2022-05-16-annual-town-election/,,manual,high,unrecovered_landing,70,Warwick2022_d0.pdf,no,yes,hosted,https://jamesnicholsworley.github.io/civicatlasma/markdown/Warwick2022.md,playwright+docling-2.66.0,,published,official
Warwick,2023,regular,yes,LEO,https://warwickma.org/town-clerk/2023-05-15-annual-town-election/,,manual_sources,manual,,95,Warwick2023_d0.pdf,,yes,hosted,https://jamesnicholsworley.github.io/civicatlasma/markdown/Warwick2023.md,playwright+docling-2.66.0,,published,official
Warwick,2024,regular,yes,LEO,https://warwickma.org/town-clerk/2024-05-20-annual-town-election/,,exa,low,auto_resourced,90,Warwick2024_d0.pdf,,yes,hosted,https://jamesnicholsworley.github.io/civicatlasma/markdown/Warwick2024.md,playwright+docling-2.66.0,,published,official
Warwick,2025,regular,yes,LEO,https://warwickma.org/town-clerk/2025-05-19-annual-town-election-results/,,scraper_sheet9,high,,70,Warwick2025_d0.pdf,,yes,hosted,https://jamesnicholsworley.github.io/civicatlasma/markdown/Warwick2025.md,playwright+docling-2.66.0,,published,official
Warwick,2026,regular,yes,cohort-2026,https://warwickma.org/town-clerk/2026-05-18-annual-town-election-results/,,,,,,,no,yes,hosted,,,,published,official
Washington,2021,regular,yes,LEO,https://www.berkshireeagle.com/news/local/washington-voters-return-familiar-faces-to-town-government/article_c654c9f2-b8,,scraper_sheet9,medium,"landed 2026-09-01 from the Berkshire Eagle (body readable to curl_cffi chrome124): The Berkshire Eagle, 18 May 2021, 'Washington voters return familiar faces to town government', with its 12 May preview piece fixing the date at Saturday 15 May 2021. 66 voters, ~16% turnout. All uncontested. Only Moderator Neumuth has a printed count (64). PLANNING BOARD HAS NO WINNER: no declared candidate, 11 people got write-ins, Linda Levernoch most with 4, acceptance not stated - do not seat.",70,Washington2021_d0.pdf,,no,published,,,,published,news
Washington,2022,regular,yes,LEO,https://www.washington-ma.gov/sites/g/files/vyhlif7491/f/uploads/10.17.2022_stm_results.pdf,https://jamesnicholsworley.github.io/civicatlasma/pdfs/Washington2022_d0.pdf,manual,medium,runner_fetch2,70,Washington2022_d0.pdf,yes,yes,pdf_hosted,,,,published,official
Washington,2023,regular,yes,LEO,https://www.washington-ma.gov/sites/g/files/vyhlif7491/f/uploads/ateballot_2023_results.pdf,https://jamesnicholsworley.github.io/civicatlasma/pdfs/Washington2023_d0.pdf,manual_sources,manual,,95,Washington2023_d0.pdf,yes,yes,hosted,https://jamesnicholsworley.github.io/civicatlasma/markdown/Washington2023.md,pypdf,,published,official
Washington,2024,regular,yes,LEO,https://www.washington-ma.gov/town-clerk/files/2024-annual-town-election-results,https://jamesnicholsworley.github.io/civicatlasma/pdfs/Washington2024_d0.pdf,manual,medium,manual_ingest,70,Washington2024_d0.pdf,yes,yes,pdf_hosted,,,,published,official
Washington,2025,regular,yes,LEO,https://www.washington-ma.gov/town-clerk/files/2025-annual-town-election-results,https://jamesnicholsworley.github.io/civicatlasma/pdfs/Washington2025_d0.pdf,manual,medium,manual_ingest,70,Washington2025_d0.pdf,yes,yes,pdf_hosted,,,,published,official
Washington,2026,regular,yes,custom-search-2026,https://www.washington-ma.gov/town-clerk/files/annual-town-election-results-2026,,,,,,,no,no,pdf_hosted,,,,published,official
Watertown,2021,regular,yes,LEO,https://content.civicplus.com/api/assets/1c3bf242-7276-4417-b8b3-8126a8803b6c?cache=1800,,manual_sources,manual,,95,,no,no,hosted,,pypdf,,published,other
Watertown,2022,regular,no,CITY_ODD_YEAR_CYCLE,,,,,,,Watertown2022_d0.pdf,,no,no_election,,,,no_election,other
Watertown,2023,regular,yes,LEO,https://content.civicplus.com/api/assets/d385806a-fd80-4d85-a313-8ab4ab5417b3?cache=1800,,manual_sources,manual,,95,,no,no,hosted,,pypdf,,published,other
Watertown,2024,regular,no,CITY_ODD_YEAR_CYCLE,,,,,,,Watertown2024_d0.pdf,,no,no_election,,,,no_election,other
Watertown,2025,regular,yes,LEO,https://content.civicplus.com/api/assets/73653d3a-5c95-42cf-b5c6-326812e4fae6?cache=1800,https://jamesnicholsworley.github.io/civicatlasma/pdfs/Watertown2025_d0.pdf,manual_city,manual,manual,100,Watertown2025_d0.pdf,yes,yes,hosted,https://jamesnicholsworley.github.io/civicatlasma/markdown/Watertown2025.md,pypdf,,published,other
Watertown,2026,regular,no,,,,,,"no_election: even-year row seeded from the 2024 cohort, 2026-08-19",,,,,,,,,no_election,other
Wayland,2021,regular,yes,LEO,https://www.wayland.ma.us/DocumentCenter/View/13176/offical_results_for_posting_may_11_2021,https://jamesnicholsworley.github.io/civicatlasma/pdfs/Wayland2021_d0.pdf,crawl,manual,auto_resourced,95,Wayland2021_d0.pdf,yes,yes,hosted,https://jamesnicholsworley.github.io/civicatlasma/markdown/Wayland2021.md,pypdf,,published,official
Wayland,2022,regular,yes,LEO,https://www.wayland.ma.us/DocumentCenter/View/13174/officials_results_ate_2022xls_1,https://jamesnicholsworley.github.io/civicatlasma/pdfs/Wayland2022_d0.pdf,crawl,manual,auto_resourced,95,Wayland2022_d0.pdf,yes,yes,hosted,https://jamesnicholsworley.github.io/civicatlasma/markdown/Wayland2022.md,pypdf,,published,official
Wayland,2023,regular,yes,LEO,https://www.wayland.ma.us/sites/g/files/vyhlif9231/f/news/wayland_annual_town_election_4-25-2023_official.pdf,,manual_sources,manual,,95,,no,no,hosted,,pypdf,,published,official
Wayland,2024,regular,yes,LEO,https://www.wayland.ma.us/DocumentCenter/View/13173/572024_annual_town_election_official,,crawl,manual,auto_resourced,95,,no,no,hosted,,pypdf,,published,official
Wayland,2025,regular,yes,LEO,https://ma-wayland.civicplus.com/DocumentCenter/View/12784/Annual-Town-Election--April-1-2025-PDF,,crawl,manual,auto_resourced,95,,no,no,hosted,,pypdf,,published,other
Wayland,2026,regular,yes,custom-search-2026,https://www.wayland.ma.us/DocumentCenter/View/15963/4282026-Annual-Town-Election-Summary---OFFICIAL,,,,,,,no,no,pdf_hosted,,,,published,official
Webster,2021,regular,yes,LEO,https://webster-ma.gov/DocumentCenter/View/11536/2021-May-Election-results,https://jamesnicholsworley.github.io/civicatlasma/pdfs/Webster2021_d0.pdf,manual_sources,manual,,95,Webster2021_d0.pdf,yes,yes,hosted,https://jamesnicholsworley.github.io/civicatlasma/markdown/Webster2021.md,docling-2.66.0,,published,official
Webster,2022,regular,yes,LEO,http://www.webster-ma.gov/DocumentCenter/View/13780/May-2-2022-election-results?bidId=,,collect-web,,duplicate:file is Mansfield's ballot,,,no,no,pdf_hosted,,pypdf,https://www.mansfieldma.com/DocumentCenter/View/9030/Annual-Town-Election-51022-Results-Unofficial https://jamesnicholsworley.github.io/civicatlasma/pdfs/Webster2022.pdf,published,other
Webster,2023,regular,yes,NEWS,https://www.webster-ma.gov/DocumentCenter/View/23136,,manual,,"citation found 2026-08-23 by overlap: a compilation (309747 chars) that contains the held reading and ALL 62 of its tallies -- the return filed inside a larger document, most often an annual town report",,,no,no,pdf_hosted,,playwright+docling-2.66.0,https://lake940.com/webster-election-results-gabor-kontoes-elected-to-board-of-selectmen/,published,official
Webster,2024,regular,yes,LEO,https://www.webster-ma.gov/DocumentCenter/View/23308/MAY-13-TOWN-ELECTION-RESULTS,https://jamesnicholsworley.github.io/civicatlasma/pdfs/Webster2024_d0.pdf,manual_sources,manual,,95,Webster2024_d0.pdf,yes,yes,hosted,https://jamesnicholsworley.github.io/civicatlasma/markdown/Webster2024.md,docling-2.66.0,,published,official
Webster,2025,regular,yes,LEO,https://www.webster-ma.gov/DocumentCenter/View/31860/May-5-2025-Election-Results?bidId=,https://jamesnicholsworley.github.io/civicatlasma/pdfs/Webster2025_d0.pdf,manual_sources,manual,,95,Webster2025_d0.pdf,yes,yes,hosted,https://jamesnicholsworley.github.io/civicatlasma/markdown/Webster2025.md,docling-2.66.0,,published,official
Webster,2026,regular,yes,cohort-2026,https://webster-ma.gov/DocumentCenter/View/35497,,,,,,,no,yes,hosted,,,,published,official
Wellesley,2021,regular,yes,LEO,https://www.wellesleyma.gov/ArchiveCenter/ViewFile/Item/498,https://jamesnicholsworley.github.io/civicatlasma/pdfs/Wellesley2021_d0.pdf,manual_sources,manual,,95,Wellesley2021_d0.pdf,yes,yes,hosted,https://jamesnicholsworley.github.io/civicatlasma/markdown/Wellesley2021.md,pypdf,,published,official
Wellesley,2022,regular,yes,LEO,https://www.wellesleyma.gov/ArchiveCenter/ViewFile/Item/613,https://jamesnicholsworley.github.io/civicatlasma/pdfs/Wellesley2022_d0.pdf,manual_sources,manual,,95,Wellesley2022_d0.pdf,yes,yes,hosted,https://jamesnicholsworley.github.io/civicatlasma/markdown/Wellesley2022.md,pypdf,,published,official
Wellesley,2023,regular,yes,LEO,https://wellesleyma.gov/ArchiveCenter/ViewFile/Item/700,https://jamesnicholsworley.github.io/civicatlasma/pdfs/Wellesley2023_d0.pdf,manual_sources,manual,,95,Wellesley2023_d0.pdf,yes,yes,hosted,https://jamesnicholsworley.github.io/civicatlasma/markdown/Wellesley2023.md,pypdf,,published,official
Wellesley,2024,regular,yes,LEO,https://wellesleyma.gov/ArchiveCenter/ViewFile/Item/819,https://jamesnicholsworley.github.io/civicatlasma/pdfs/Wellesley2024_d0.pdf,manual_sources,manual,,95,Wellesley2024_d0.pdf,yes,yes,hosted,https://jamesnicholsworley.github.io/civicatlasma/markdown/Wellesley2024.md,pypdf,,published,official
Wellesley,2025,regular,yes,LEO,https://www.wellesleyma.gov/ArchiveCenter/ViewFile/Item/880,https://jamesnicholsworley.github.io/civicatlasma/pdfs/Wellesley2025_d0.pdf,manual_sources,manual,,95,Wellesley2025_d0.pdf,yes,yes,hosted,https://jamesnicholsworley.github.io/civicatlasma/markdown/Wellesley2025.md,pypdf,,published,official
Wellesley,2026,regular,yes,custom-search-2026,https://wellesleyma.gov/DocumentCenter/View/50094/2026-Annual-Town-Election---OFFICIAL-RESULTS,,harvest-lead:sha256,,citation_proven_against_held_pdf,,,no,no,pdf_hosted,,,,published,official
Wellfleet,2021,regular,yes,LEO,https://www.wellfleet-ma.gov/sites/g/files/vyhlif16026/f/pages/rj_final_2021_annual_main_report_repaired.pdf,https://jamesnicholsworley.github.io/civicatlasma/pdfs/Wellfleet2021_d0.pdf,manual,high,manual_ingest,70,Wellfleet2021_d0.pdf,yes,yes,pdf_hosted,,,,published,official
Wellfleet,2022,regular,yes,LEO,https://www.wellfleet-ma.gov/sites/g/files/vyhlif16026/f/news/may_2nd_2022_ate_official_results_0.pdf,https://jamesnicholsworley.github.io/civicatlasma/pdfs/Wellfleet2022_d0.pdf,manual,high,manual_ingest,70,Wellfleet2022_d0.pdf,yes,yes,pdf_hosted,,,,published,official
Wellfleet,2023,regular,yes,LEO,https://www.wellfleet-ma.gov/sites/g/files/vyhlif16026/f/news/january_102023_results_1.pdf,https://jamesnicholsworley.github.io/civicatlasma/pdfs/Wellfleet2023_d0.pdf,manual,manual,ocr_triage:wrong_doc,95,Wellfleet2023_d0.pdf,yes,yes,pdf_hosted,,,,published,official
Wellfleet,2024,regular,yes,NEWS,https://www.aol.com/wellfleet-election-results-sheila-lyons-142453558.html,,manual,high,unrecovered_landing,70,Wellfleet2024_d0.pdf,no,yes,hosted,https://jamesnicholsworley.github.io/civicatlasma/markdown/Wellfleet2024.md,playwright+docling-2.66.0,,published,news
Wellfleet,2025,regular,yes,LEO,https://wellfleetma.civiccms.acsitefactory.com/sites/g/files/vyhlif16026/f/news/may_5_2025_ate_official_results.pdf,https://jamesnicholsworley.github.io/civicatlasma/pdfs/Wellfleet2025_d0.pdf,scraper_sheet9,spraped,CITATION REPAIRED 2026-08-21 (live URL recovered): 200 via curl_cffi chrome on the Granicus origin host; sha256 identical to held artifact; 2pg Wellfleet Annual Town Elect,70,Wellfleet2025_d0.pdf,yes,yes,hosted,https://jamesnicholsworley.github.io/civicatlasma/markdown/Wellfleet2025.md,pypdf,,published,official
Wellfleet,2026,regular,yes,cohort-2026,https://news.google.com/rss/articles/CBMivgFBVV95cUxOTzJGM0EzN3pjd2w2ZDVZdVA0Mk41N3h0TmNLcUtINkVLNUg1MnZzaE1wUGlBeTdlQ1ZOUVI2YTc1a3dZQ0pxNVZrUGVKWGh5aWV3dkNySkFYakpOX3JXcHBpOTBKTlpWajFCNXFRQnB4UmZzbUVkWTg2UDEyZnNVdXNndk4wN3JvU1YxeXFXSldxZXhoTGtobE1mZE9OSVRmYlpFb1ZnUWxFRzVJU3BCZFFtT2J5RVloSWVhMmRR?oc=5,,,,,,,no,yes,hosted,,,,published,news
Wendell,2021,regular,yes,LEO,https://www.recorder.com/2021/05/04/no-surprises-in-uncontested-wendell-election-40300446/,,verified_uncertain,medium,"landed 2026-09-01 from the round-10 news-window sweep (news; Greenfield Recorder, 4 May 2021); artifact only, parse and gate follow",60,Wendell2021_d0.pdf,,no,published,,,,published,news
Wendell,2022,regular,yes,LEO,https://recorder.com/2022/05/04/several-incumbents-retain-seats-in-uncontested-wendell-election-46208264/,,exa,high,"landed 2026-09-01 from the Greenfield Recorder, 4 May 2022 (also in the Athol Daily News), via /wp-json/wp/v2/posts. Election Monday 2 May 2022; 91 of 729 registered = 8%, per Town Clerk Anna Wetherby. ALL EIGHT RACES UNCONTESTED and WINNERS ONLY -- no per-candidate counts exist in the source. SIX SEATS HAD NO CANDIDATE (Assessors 2yr and 3yr, Board of Health, Planning 4yr and 5yr, Wendell-New Salem School Cttee, library trustee); the clerk said the town would contact write-ins, and no seat is reported filled. Record vacant.",60,,no,no,published,,docling-html,https://www.wendellmass.us/documents/2025-wendell-election-results/,published,news
Wendell,2023,regular,yes,NEWS,https://www.recorder.com/Doud-replaces-Keller-on-Wendell-Selectboard-50836705,,manual,low,runner_fetch,70,,,no,hosted,,docling-html,,published,news
Wendell,2024,regular,yes,NEWS,https://recorder.com/2024/05/08/no-surprises-in-wendell-election-55041731/,,manual,low,runner_fetch,70,Wendell2024_d0.pdf,,yes,hosted,https://jamesnicholsworley.github.io/civicatlasma/markdown/Wendell2024.md,docling-html,,published,news
Wendell,2025,regular,yes,LEO,https://storage.googleapis.com/proudcity/wendellma/2025/05/Official-Wendell-Annual-Election-Results.pdf,https://jamesnicholsworley.github.io/civicatlasma/pdfs/Wendell2025_d0.pdf,crawl,spraped,crawl_verified,70,Wendell2025_d0.pdf,yes,yes,hosted,https://jamesnicholsworley.github.io/civicatlasma/markdown/Wendell2025.md,pypdf(recrawl),,published,official
Wendell,2026,regular,yes,custom-search-2026,https://storage.googleapis.com/proudcity/wendellma/2026/05/b3f12d3b-wendell-local-election-may-4-2026.pdf,,custom-search:recovered,,citation_recovered_by_rerunning_the_search_that_found_it; document text matches the held copy,,,no,no,pdf_hosted,,,,published,official
Wenham,2021,regular,yes,LEO,https://www.wenhamma.gov/Archive.aspx?ADID=1268,https://jamesnicholsworley.github.io/civicatlasma/pdfs/Wenham2021_d0.pdf,exa_reviewed,spraped,auto_resourced,70,Wenham2021_d0.pdf,yes,yes,hosted,https://jamesnicholsworley.github.io/civicatlasma/markdown/Wenham2021.md,pypdf,,published,official
Wenham,2022,regular,yes,LEO,https://www.wenhamma.gov/Archive.aspx?ADID=1272,https://jamesnicholsworley.github.io/civicatlasma/pdfs/Wenham2022_d0.pdf,exa_reviewed,spraped,auto_resourced,70,Wenham2022_d0.pdf,yes,yes,hosted,https://jamesnicholsworley.github.io/civicatlasma/markdown/Wenham2022.md,pypdf,,published,official
Wenham,2023,regular,yes,LEO,https://cms4files1.revize.com/wenhamma/4-6-23%20ATE%20Results%20FINAL.pdf,,manual_sources,manual,,95,,no,no,hosted,,pypdf,,published,other
Wenham,2024,regular,yes,LEO,https://www.wenhamma.gov/Archive.aspx?ADID=1278,https://jamesnicholsworley.github.io/civicatlasma/pdfs/Wenham2024_d0.pdf,exa_reviewed,spraped,auto_resourced,70,Wenham2024_d0.pdf,yes,yes,hosted,https://jamesnicholsworley.github.io/civicatlasma/markdown/Wenham2024.md,pypdf,,published,official
Wenham,2025,regular,yes,LEO,https://www.wenhamma.gov/Archive.aspx?ADID=1281,https://jamesnicholsworley.github.io/civicatlasma/pdfs/Wenham2025_d0.pdf,exa_reviewed,spraped,auto_resourced,70,Wenham2025_d0.pdf,yes,yes,hosted,https://jamesnicholsworley.github.io/civicatlasma/markdown/Wenham2025.md,pypdf,,published,official
Wenham,2026,regular,yes,custom-search-2026,https://www.wenhamma.gov/DocumentCenter/View/2337/Official-Results-ATE-4162026,,,,,,,no,no,pdf_hosted,,,,published,official
West Boylston,2021,regular,yes,LEO,https://www.westboylston-ma.gov/town-clerk/files/june-1-2021,https://jamesnicholsworley.github.io/civicatlasma/pdfs/WestBoylston2021_d0.pdf,crawl,high,crawl_verified,70,WestBoylston2021_d0.pdf,yes,yes,hosted,https://jamesnicholsworley.github.io/civicatlasma/markdown/WestBoylston2021.md,pypdf(recrawl),,published,official
West Boylston,2022,regular,yes,LEO,https://www.westboylston-ma.gov/town-clerk/files/annual-town-election-official-results-june-7-2022,https://jamesnicholsworley.github.io/civicatlasma/pdfs/WestBoylston2022_d0.pdf,scraper_sheet9,spraped,,70,WestBoylston2022_d0.pdf,yes,yes,hosted,https://jamesnicholsworley.github.io/civicatlasma/markdown/WestBoylston2022.md,pypdf,,published,official
West Boylston,2023,regular,yes,LEO,https://www.westboylston-ma.gov/sites/g/files/vyhlif1421/f/news/official_results_june_6_2023_0.pdf,https://jamesnicholsworley.github.io/civicatlasma/pdfs/WestBoylston2023_d0.pdf,manual_sources,manual,,95,WestBoylston2023_d0.pdf,yes,yes,hosted,https://jamesnicholsworley.github.io/civicatlasma/markdown/WestBoylston2023.md,pypdf,,published,official
West Boylston,2024,regular,yes,LEO,https://www.westboylston-ma.gov/sites/g/files/vyhlif1421/f/uploads/official_results_june_4_2024.pdf,https://jamesnicholsworley.github.io/civicatlasma/pdfs/WestBoylston2024_d0.pdf,manual,spraped,manual_ingest,70,WestBoylston2024_d0.pdf,yes,yes,pdf_hosted,https://jamesnicholsworley.github.io/civicatlasma/markdown/WestBoylston2024.md,pypdf,,published,official
West Boylston,2025,regular,yes,LEO,https://www.westboylston-ma.gov/sites/g/files/vyhlif1421/f/pages/official_results_june_3_2025.pdf,https://jamesnicholsworley.github.io/civicatlasma/pdfs/WestBoylston2025_d0.pdf,crawl,high,crawl_verified,70,WestBoylston2025_d0.pdf,yes,yes,hosted,https://jamesnicholsworley.github.io/civicatlasma/markdown/WestBoylston2025.md,pypdf(recrawl),,published,official
West Boylston,2026,regular,yes,custom-search-2026,https://www.westboylston-ma.gov/sites/g/files/vyhlif1421/f/uploads/official_results_june_2_2026.pdf,,,,,,,no,no,pdf_hosted,,,,published,official
West Bridgewater,2021,regular,yes,LEO,https://archives.lib.state.ma.us/server/api/core/bitstreams/bfd2883b-efff-49c5-ba66-d3add92b2288/content,,manual,low,"landed 2026-09-01 from the round-9 gap sweep (ATR; #pages 19-21 of West Bridgewater-2021.pdf (MA State Library,); artifact only, parse and gate follow",70,,no,no,published,,,https://www.westbridgewaterma.org/Website%20Functions/calendar_app/document_center/ANNUAL%20REPORT%202021%20WEB%20Town%20of%20W%20Bridgewater.pdf,published,official
West Bridgewater,2022,regular,yes,LEO,https://archives.lib.state.ma.us/server/api/core/bitstreams/b5a732f8-aad0-4588-9a73-7bfd99897126/content #page=18,,manual,low,manual_ingest,70,,no,no,published,,,https://westbridgewaterma.org/Website%20Functions/calendar_app/document_center/2022%20Annual%20report%20-%20Town%20of%20WB.pdf,published,official
West Bridgewater,2023,regular,yes,LEO,https://archives.lib.state.ma.us/server/api/core/bitstreams/c984a11b-b49f-402b-8408-10ecfc86ff17/content #page=19,,manual,manual,manual_ingest,95,,no,no,published,,,https://www.westbridgewaterma.org/Website%20Functions/calendar_app/document_center/2023%20Town%20of%20West%20Bridgeater%20Annual%20Report.pdf,published,official
West Bridgewater,2024,regular,yes,LEO,https://archives.lib.state.ma.us/server/api/core/bitstreams/46d9ce1d-78cb-48bd-ac59-ffedeb9097ba/content,,manual,medium,"landed 2026-08-25 from the Chrome ingest (ATR, #pages 22-24 of WestBridgewater-2024.pdf); 11 races",70,,no,no,published,,,https://www.westbridgewaterma.org/document_center/2024%20Town%20of%20West%20Bridgeater%20Annual%20Report%20WEB.pdf,published,official
West Bridgewater,2025,regular,yes,NEWS,https://959watd.com/blog/2025/04/eight-percent-turnout-at-west-bridgewater-annual-town-election/,,manual,low,,70,WestBridgewater2025_d0.pdf,,yes,hosted,https://jamesnicholsworley.github.io/civicatlasma/markdown/WestBridgewater2025.md,playwright+docling-2.66.0,,published,news
West Bridgewater,2026,regular,yes,,https://959watd.com/blog/2026/04/rockland-west-bridgewater-hold-elections/,,,,"landed 2026-08-25 from the Chrome ingest (news, -); 4 races",,,no,no,missing,,,,published,news
West Brookfield,2021,regular,yes,ATR,https://storage.googleapis.com/juniper-media-library/43/2023/10/2021%20Annual%20Town%20Report.pdf,https://jamesnicholsworley.github.io/civicatlasma/pdfs/WestBrookfield2021_d0.pdf,dive_atr,,atr_cropped,,WestBrookfield2021_d0.pdf,yes,yes,pdf_hosted,,,,published,official
West Brookfield,2022,regular,yes,LEO,https://www.wbrookfield.com/vertical/Sites/%7BB56533C2-1DA3-4729-9D48-8DC44122BE48%7D/uploads/West_Brookfield_Zoning_Survey_Results.pdf,,manual,,"TOWN LIBRARY ENUMERATED WHOLE, AND THE CHANNEL IS PROVEN BUT THE VOLUME IS ABSENT. The town runs a Juniper site whose media library is listable without any filtering: storage.googleapis.com/juniper-media-library?prefix=43/ paged with max-keys=1000 returns 2,867 objects, every file the town hosts. Read in full rather than keyword-filtered, which is the lesson of Ware 2025 and Merrimac 2022. Result: the earliest election file of any kind is 2018-05-01, and the local-election series runs 2023, 2024, 2025, 2026 with a January 2025 special -- there is NO May 2022 local return. The library also carries three annual reports whose filenames contain no year at all ('ANNUAL REPORT Updated Word_FINAL Report.pdf', '...FINAL_1.04.pdf', 'Final 2023 Annual Report - on website.pdf'), exactly the untemplated-name trap; all three were fetched and all three are the SAME 2023 volume. CHANNEL PROVEN: page 41 of that 2023 report prints 'ANNUAL LOCAL ELECTION - MAY 2, 2023' with the return, so the 2022 volume would close this row. It does not exist anywhere reachable: not in the town library above, and not at the State Library, which holds West Brookfield 2017, 2018, 2021, 2023 and 2024 and no 2022 -- the same '2021 and 2023 but nothing between' shape the maintainer flagged. PARTIAL RESULT WORTH KEEPING: page 40 of the 2023 report is an ELECTED OFFICIALS directory with exact term-end DATES, and every entry ending 5/6/2025 was elected to a three-year term in May 2022: Erik Von Bleicken (Selectmen), Gary Simeone (Assessors), Mary Jane Haesche (Board of Health), Diane Vayda (Common Committee), Susan Rowden (Housing Authority, chairman), Jeffrey Robbins and David Swekla (Library Trustees), David Brown (Planning Board), William Mansfield (Moderator). That fixes WHO won; no tally and no turnout appear anywhere, so it cannot close the row on its own. WAYBACK MEASURED, AND ONE FALSE POSITIVE RULED OUT. A filtered CDX query over wbrookfield.com returned exactly one document captured in 2022 whose name matched the election filter: West_Brookfield_Zoning_Survey_Results.pdf. That is a zoning survey, not a return -- the word 'Results' is doing all the work. The only election artifacts the archive holds for this town at all are 2020 presidential ballot and result images and a 2014 nomination notice. Nothing from 2022. STONEBRIDGE PRESS WEEKLY MEASURED. The publisher's own archive index was pulled whole (POST /PdfSource/ItemIndexGetData, brandId=2) -- 985 Spencer New Leader issues, 992 Blackstone Valley Tribune, 2,282 Southbridge Evening News, each with a date and a PDF URL, so no filename guessing. The five issues following this town's election date -- taken from its OWN published parses, not estimated -- were downloaded and read whole. The paper does not report this town's annual election. It covers Spencer's election in detail and carried North Brookfield's and Brookfield's in 2026, so the channel demonstrably works; it simply does not write up this town. Note the masthead trap: every front page reads 'Free by request to residents of East Brookfield, West Brookfield, North Brookfield, Brookfield, Leicester and Spencer', so a town-name search returns a false hit on every issue ever printed unless that line is stripped first. TURLEY WEEKLY MEASURED VIA WAYBACK. Turley itself now 403s and its own archive links 404 for older issues, but Wayback holds 1,742 dated whole-issue PDFs across seven Turley titles (Barre Gazette, Country Journal, Quaboag Current, Ware River News, Journal Register, Agawam Advertiser, Chicopee Register), 2020 to 2026. The issues following this town's election were retrieved from Actions and read COLUMN-AWARE -- these papers set returns in five narrow columns and a full-page extract interleaves them, the same failure that hid Plainfield 2022. No return for this town-year. The channel demonstrably works: the same issues carry Hardwick's 2026 return in full (380 of 2,199 voters, 17.3%) and Oakham's 2026 (Gehring 308, Haapakoski 78), both towns these papers serve. They simply do not print this one. THE RIGHT CHANNEL, FOUND AND MEASURED. All five of West Brookfield's published rows cite storage.googleapis.com -- the Juniper media library -- and I had never probed that bucket for this town. Its site id is 43 and the bucket was listed IN FULL: 2,867 keys. It holds Annual Town Reports for 2007-2018 and 2021 and NO 2022 volume, which matters because the 2021 report is the source of this town's published 2021 row and the 2023 report prints the 2023 return in full at page 41. It holds the 2022 STATE election results and the September 2022 state primary results, backfilled in 2023/11 -- but no 2022 LOCAL election result. The town carried across everything else it had for that year. The State Library agrees independently: it holds West Brookfield 2014, 2018, 2021, 2023 and 2024 and no 2022. The winners ARE derivable from the 2023 report's ELECTED OFFICIALS list, where terms expiring 5/6/2025 were conferred in 2022 -- Erik Von Bleicken (Selectmen), Gary Simeone (Assessors), Mary Jane Haesche (Board of Health), Diane Vayda (Common Committee), Susan Rowden (Housing Authority) -- but no counts exist anywhere.",,,no,no,discarded_not_results,,,https://www.wbrookfield.com/vertical/Sites/%7BB56533C2-1DA3-4729-9D48-8DC44122BE48%7D/uploads/West_Brookfield_Zoning_Survey_Results.pdf,no_source,other
West Brookfield,2023,regular,yes,LEO,"https://storage.googleapis.com/juniper-media-library/43/2023/11/Local%20Election%20Results%20-%20May%202,%202023.pdf",https://jamesnicholsworley.github.io/civicatlasma/pdfs/WestBrookfield2023_d0.pdf,manual_sources,manual,,95,WestBrookfield2023_d0.pdf,yes,yes,hosted,https://jamesnicholsworley.github.io/civicatlasma/markdown/WestBrookfield2023.md,pypdf,,published,official
West Brookfield,2024,regular,yes,LEO,https://storage.googleapis.com/juniper-media-library/43/2024/05/2024%20-%20WB%20LOCAL_RESULTS_5-7-24%20-%20Letter%20size.pdf,https://jamesnicholsworley.github.io/civicatlasma/pdfs/WestBrookfield2024_d0.pdf,collect-crawl,,auto_resourced,,WestBrookfield2024_d0.pdf,yes,yes,pdf_hosted,,,,published,official
West Brookfield,2025,regular,yes,LEO,https://storage.googleapis.com/juniper-media-library/43/2025/05/Official%20local%20election%20results%202025.pdf,https://jamesnicholsworley.github.io/civicatlasma/pdfs/WestBrookfield2025_d0.pdf,collect-crawl,,auto_resourced,,WestBrookfield2025_d0.pdf,yes,yes,pdf_hosted,,,,published,official
West Brookfield,2026,regular,yes,cohort-2026,"https://storage.googleapis.com/juniper-media-library/43/2026/05/2026 Local Election - Official Results - May 5, 2026.pdf",,,,,,,no,yes,hosted,,,,published,official
West Newbury,2021,regular,yes,LEO,https://www.wnewbury.org/sites/g/files/vyhlif1436/f/news/results_of_town_election_2021.pdf,https://jamesnicholsworley.github.io/civicatlasma/pdfs/WestNewbury2021_d0.pdf,scraper_sheet9,spraped,,70,WestNewbury2021_d0.pdf,yes,yes,hosted,https://jamesnicholsworley.github.io/civicatlasma/markdown/WestNewbury2021.md,pypdf,,published,other
West Newbury,2022,regular,yes,LEO,https://www.wnewbury.org/DocumentCenter/View/6479/May-2-2022---Local-Election-Resultspdf,https://jamesnicholsworley.github.io/civicatlasma/pdfs/WestNewbury2022_d0.pdf,crawl,spraped,crawl_verified,70,WestNewbury2022_d0.pdf,yes,yes,hosted,https://jamesnicholsworley.github.io/civicatlasma/markdown/WestNewbury2022.md,pypdf(recrawl),,published,other
West Newbury,2023,regular,yes,LEO,https://www.wnewbury.org/sites/g/files/vyhlif1436/f/uploads/official_town_election_results_2023.pdf,,manual_sources,manual,,95,,no,no,hosted,,pypdf,,published,other
West Newbury,2024,regular,yes,LEO,https://www.wnewbury.org/sites/g/files/vyhlif1436/f/news/unofficial_november_5_2024_general_election_west_newbury_ma.pdf,,manual,spraped,manual_ingest,70,,no,no,pdf_hosted,,,https://www.wnewbury.org/sites/g/files/vyhlif1436/f/news/unofficial_november_5_2024_general_election_west_newbury_ma.pdf,published,other
West Newbury,2025,regular,yes,LEO,https://www.wnewbury.org/DocumentCenter/View/6468/May-5-2025-Official-Local-Election-Resultspdf,https://jamesnicholsworley.github.io/civicatlasma/pdfs/WestNewbury2025_d0.pdf,manual,spraped,manual_ingest | CITATION REPAIRED 2026-08-21 (live URL recovered): 200 via curl_cffi chrome; 2pg May 5 2025 official local election results - replaces a dead URL that was only an election,70,WestNewbury2025_d0.pdf,yes,yes,pdf_hosted,,,,published,other
West Newbury,2026,regular,yes,cohort-2026,https://www.wnewbury.org/DocumentCenter/View/6753/May-4-2026-Annual-Town-Election-Official-Results,,,,,,,no,yes,hosted,,,,published,official
West Springfield,2021,regular,yes,NEWS,https://www.townofwestspringfield.org/government/departments/town-clerk/elections,,manual,,runner_fetch2,,WestSpringfield2021_d0.pdf,,yes,hosted,https://jamesnicholsworley.github.io/civicatlasma/markdown/WestSpringfield2021.md,docling-html,,published,official
West Springfield,2022,regular,no,NEWS,https://www.wwlp.com/news/political-news/municipal-election-in-west-springfield-preview/,,manual,,,,WestSpringfield2022_d0.pdf,,no,needs_md_html,,,,no_election,news
West Springfield,2023,regular,yes,NEWS,https://www.wwlp.com/news/political-news/election-results-for-western-massachusetts/,,manual_sources,manual,unrecovered_landing,95,WestSpringfield2023_d0.pdf,no,yes,hosted,,,,published,news
West Springfield,2024,regular,no,CITY_ODD_YEAR_CYCLE,,,,,,,WestSpringfield2024_d0.pdf,,no,no_election,,,,no_election,other
West Springfield,2025,regular,yes,detally-news-tally,https://drive.google.com/file/d/1FIvwm7c8ylMTXlI97tH674zhqjYqKKP6/view,,manual,,CERTIFIED-CHECK 2026-08-21: already certified - the held Drive file contains the Town Clerk certification letter dated 2025-11-14. No upgrade available or needed.,,,,no,hosted,,playwright+docling-2.66.0,,published,official
West Springfield,2026,regular,no,,,,,,"no_election: even-year row seeded from the 2024 cohort, 2026-08-19",,,,,,,,,no_election,other
West Stockbridge,2021,regular,yes,LEO,https://www.weststockbridge-ma.gov/sites/g/files/vyhlif4031/f/news/election_information_0.pdf,https://jamesnicholsworley.github.io/civicatlasma/pdfs/WestStockbridge2021_d0.pdf,manual,low,manual_ingest,70,WestStockbridge2021_d0.pdf,yes,yes,hosted,,,,published,official
West Stockbridge,2022,regular,yes,LEO,https://www.weststockbridge-ma.gov/sites/g/files/vyhlif4031/f/news/election_results_2022.pdf,https://jamesnicholsworley.github.io/civicatlasma/pdfs/WestStockbridge2022_d0.pdf,manual,low,manual_ingest,70,WestStockbridge2022_d0.pdf,yes,yes,pdf_hosted,,,,published,official
West Stockbridge,2023,regular,yes,LEO,https://www.weststockbridge-ma.gov/sites/g/files/vyhlif4031/f/news/election_results.pdf,https://jamesnicholsworley.github.io/civicatlasma/pdfs/WestStockbridge2023_d0.pdf,manual_sources,manual,,95,WestStockbridge2023_d0.pdf,yes,yes,hosted,https://jamesnicholsworley.github.io/civicatlasma/markdown/WestStockbridge2023.md,docling-2.66.0,,published,official
West Stockbridge,2024,regular,yes,NEWS,https://www.berkshireeagle.com/news/central_berkshires/west-stockbridge-voters-reelect-andrew-krouss-to-the-select-board-in-a-high-turnout-annual-town-election/article_5bad295e-11f4-11ef-94be-df4633c7c501.html,,exa_reviewed,low,auto_resourced,70,WestStockbridge2024_d0.pdf,,yes,hosted,https://jamesnicholsworley.github.io/civicatlasma/markdown/WestStockbridge2024.md,playwright+docling-2.66.0,,published,news
West Stockbridge,2025,regular,yes,NEWS,https://theberkshireedge.com/west-stockbridge-municipal-election-unofficial-results/,,exa_reviewed,spraped,auto_resourced,70,WestStockbridge2025_d0.pdf,,yes,hosted,https://jamesnicholsworley.github.io/civicatlasma/markdown/WestStockbridge2025.md,playwright+docling-2.66.0,,published,news
West Stockbridge,2026,regular,yes,cohort-2026,https://news.google.com/rss/articles/CBMifkFVX3lxTE1MQjBJNW96TS1FaVJNR2ZRMUUyWHJnVHcwbG9LMGFXUEJoTjNGeUpyLUVzWVJ6YUtqbUVNZXBMMlBOZGpiU3lWeDE2OFNYU2ZGbVRnUXQ2eTk1dmw2NlB5N1pQYkZSTkpZOV9jcHR2SE90M2EzZ2haRHJDSzd5Zw?oc=5,,,,,,,no,yes,hosted,,,,published,news
West Tisbury,2021,regular,yes,LEO,https://www.westtisbury-ma.gov/DocumentCenter/View/171/2021-Town-Election-Results-PDF,https://jamesnicholsworley.github.io/civicatlasma/pdfs/WestTisbury2021_d0.pdf,scraper_sheet9,spraped,,70,WestTisbury2021_d0.pdf,yes,yes,hosted,https://jamesnicholsworley.github.io/civicatlasma/markdown/WestTisbury2021.md,pypdf,,published,official
West Tisbury,2022,regular,yes,LEO,https://www.westtisbury-ma.gov/DocumentCenter/View/172/2022-Town-Election-Results-PDF,https://jamesnicholsworley.github.io/civicatlasma/pdfs/WestTisbury2022_d0.pdf,scraper_sheet9,spraped,,70,WestTisbury2022_d0.pdf,yes,yes,hosted,https://jamesnicholsworley.github.io/civicatlasma/markdown/WestTisbury2022.md,pypdf,,published,official
West Tisbury,2023,regular,yes,LEO,https://www.westtisbury-ma.gov/DocumentCenter/View/159/2023-Town-Election-Results-PDF,https://jamesnicholsworley.github.io/civicatlasma/pdfs/WestTisbury2023_d0.pdf,manual,manual,manual_ingest,95,WestTisbury2023_d0.pdf,yes,yes,pdf_hosted,,,,published,official
West Tisbury,2024,regular,yes,LEO,https://www.westtisbury-ma.gov/DocumentCenter/View/148/2024-Town-Election-Results-PDF,https://jamesnicholsworley.github.io/civicatlasma/pdfs/WestTisbury2024_d0.pdf,scraper_sheet9,spraped,,70,WestTisbury2024_d0.pdf,yes,yes,hosted,https://jamesnicholsworley.github.io/civicatlasma/markdown/WestTisbury2024.md,pypdf,,published,official
West Tisbury,2025,regular,yes,LEO,https://www.westtisbury-ma.gov/Documents/Government/Town%20Clerk/April%2010%202025%20West%20Tisbury%20Ballot%20Tally%20%28PDF%29.pdf,https://jamesnicholsworley.github.io/civicatlasma/pdfs/WestTisbury2025_d0.pdf,scraper_sheet9,spraped,CITATION REPAIRED 2026-08-21 (live URL recovered): 200 via curl_cffi chrome after the move off CivicPlus; 2pg April 10 2025 West Tisbury ballot tally 2736 registered voter,70,WestTisbury2025_d0.pdf,yes,yes,hosted,https://jamesnicholsworley.github.io/civicatlasma/markdown/WestTisbury2025.md,pypdf,,published,official
West Tisbury,2026,regular,yes,harvest-lead-runner,https://www.westtisbury-ma.gov/Ballot%20Tally%204-16-2026-%20West%20Tisbury.pdf,https://jamesnicholsworley.github.io/civicatlasma/pdfs/WestTisbury2026_d0.pdf,manual,,"landed 2026-08-25 from the Chrome ingest (official, -); 11 races",,WestTisbury2026_d0.pdf,yes,no,pdf_hosted,,,,published,official
Westborough,2021,regular,yes,LEO,https://www.town.westborough.ma.us/DocumentCenter/View/476/Election-Results-2021-PDF?bidId=,https://jamesnicholsworley.github.io/civicatlasma/pdfs/Westborough2021_d0.pdf,manual_sources,manual,,95,Westborough2021_d0.pdf,yes,yes,hosted,https://jamesnicholsworley.github.io/civicatlasma/markdown/Westborough2021.md,docling-2.66.0,,published,official
Westborough,2022,regular,yes,LEO,https://www.town.westborough.ma.us/DocumentCenter/View/508/2022-Annual-Town-Election-Results-PDF,https://jamesnicholsworley.github.io/civicatlasma/pdfs/Westborough2022_d0.pdf,manual_sources,manual,,95,Westborough2022_d0.pdf,yes,yes,hosted,https://jamesnicholsworley.github.io/civicatlasma/markdown/Westborough2022.md,pypdf,,published,official
Westborough,2023,regular,yes,LEO,https://www.town.westborough.ma.us/DocumentCenter/View/503/Annual-Town-Election-Official-Results---March-14-2023-PDF,https://jamesnicholsworley.github.io/civicatlasma/pdfs/Westborough2023_d0.pdf,manual_sources,manual,,95,Westborough2023_d0.pdf,yes,yes,hosted,https://jamesnicholsworley.github.io/civicatlasma/markdown/Westborough2023.md,pypdf,,published,official
Westborough,2024,regular,yes,LEO,https://www.town.westborough.ma.us/DocumentCenter/View/3079/2024-03-12-TOWN-ELECTION-Results-OFFICIAL?bidId=,https://jamesnicholsworley.github.io/civicatlasma/pdfs/Westborough2024_d0.pdf,manual_sources,manual,,95,Westborough2024_d0.pdf,yes,yes,hosted,https://jamesnicholsworley.github.io/civicatlasma/markdown/Westborough2024.md,pypdf,,published,official
Westborough,2025,regular,yes,LEO,https://ma-westborough.civicplus.com/DocumentCenter/View/4943/2025-03-11-TOWN-Election-Results-OFFICIAL,https://jamesnicholsworley.github.io/civicatlasma/pdfs/Westborough2025_d0.pdf,manual_sources,manual,,95,Westborough2025_d0.pdf,yes,yes,hosted,https://jamesnicholsworley.github.io/civicatlasma/markdown/Westborough2025.md,pypdf,,published,other
Westborough,2026,regular,yes,cohort-2026,https://ma-westborough.civicplus.com/DocumentCenter/View/6443,,,,,,,no,yes,hosted,,,,published,official
Westfield,2021,regular,yes,LEO,https://www.cityofwestfield.org/DocumentCenter/View/10623/2021-11-02-City-Election-,https://jamesnicholsworley.github.io/civicatlasma/pdfs/Westfield2021_d0.pdf,manual_sources,manual,,95,Westfield2021_d0.pdf,yes,yes,hosted,https://jamesnicholsworley.github.io/civicatlasma/markdown/Westfield2021.md,docling-2.66.0,,published,official
Westfield,2022,regular,no,CITY_ODD_YEAR_CYCLE,,,,,,,Westfield2022_d0.pdf,,no,no_election,,,,no_election,other
Westfield,2023,regular,yes,LEO,https://www.cityofwestfield.org/DocumentCenter/View/14176/2023117-City-Election-Results,https://jamesnicholsworley.github.io/civicatlasma/pdfs/Westfield2023_d0.pdf,manual_sources,manual,,95,Westfield2023_d0.pdf,yes,yes,hosted,https://jamesnicholsworley.github.io/civicatlasma/markdown/Westfield2023.md,pypdf,,published,official
Westfield,2024,regular,no,CITY_ODD_YEAR_CYCLE,,,,,,,Westfield2024_d0.pdf,,no,no_election,,,,no_election,other
Westfield,2025,regular,yes,LEO,https://www.cityofwestfield.org/DocumentCenter/View/16939/2025-11-04-City-Election,,manual_city,manual,"manual | CERTIFIED UPGRADE 2026-08-21. Found by the naming series: held unofficial is DocumentCenter id 16936, the official is id 16939. Turnout 5,854 -> 5,881.",100,,no,no,hosted,,pypdf,,published,official
Westfield,2026,regular,no,,,,,,"no_election: even-year row seeded from the 2024 cohort, 2026-08-19",,,,,,,,,no_election,other
Westford,2021,regular,yes,LEO,https://www.westfordma.gov/DocumentCenter/View/10067/May-4-2021-Annual-Town-Election-OFFICIAL-RESULTS,https://jamesnicholsworley.github.io/civicatlasma/pdfs/Westford2021_d0.pdf,manual_sources,manual,,95,Westford2021_d0.pdf,yes,yes,hosted,https://jamesnicholsworley.github.io/civicatlasma/markdown/Westford2021.md,pypdf,,published,official
Westford,2022,regular,yes,LEO,https://westfordma.gov/DocumentCenter/View/11191/2022-05-03-Precinct-Totals-Unofficial,https://jamesnicholsworley.github.io/civicatlasma/pdfs/Westford2022_d0.pdf,collect-crawl,,auto_resourced,,Westford2022_d0.pdf,yes,yes,pdf_hosted,,,,published,official
Westford,2023,regular,yes,LEO,https://westfordma.gov/DocumentCenter/View/12777/May-2-2023-Annual-Town-Election-OFFICIAL-Results,https://jamesnicholsworley.github.io/civicatlasma/pdfs/Westford2023_d0.pdf,manual_sources,manual,,95,Westford2023_d0.pdf,yes,yes,hosted,https://jamesnicholsworley.github.io/civicatlasma/markdown/Westford2023.md,pypdf,,published,official
Westford,2024,regular,yes,LEO,https://westfordma.gov/DocumentCenter/View/14581/May-7-2024-Annual-Town-Election-UNOFFICIAL-Results,https://jamesnicholsworley.github.io/civicatlasma/pdfs/Westford2024_d0.pdf,manual_sources,manual,,95,Westford2024_d0.pdf,yes,yes,hosted,https://jamesnicholsworley.github.io/civicatlasma/markdown/Westford2024.md,pypdf,,published,official
Westford,2025,regular,yes,LEO,https://westfordma.gov/DocumentCenter/View/16365/5-6-2025-OFFICIAL-election--results-5-8-2025-1,https://jamesnicholsworley.github.io/civicatlasma/pdfs/Westford2025_d0.pdf,manual_sources,manual,,95,Westford2025_d0.pdf,yes,yes,hosted,https://jamesnicholsworley.github.io/civicatlasma/markdown/Westford2025.md,pypdf,,published,official
Westford,2026,regular,yes,custom-search-2026,https://www.westfordma.gov/DocumentCenter/View/18185,,,,,,,no,no,pdf_hosted,,,,published,official
Westhampton,2021,regular,yes,owner-supplied-2026-08-23-small_towns_ingest_3,https://westhamptonma.gov/wp-content/uploads/2021_WesthamptonAnnualTownReport_Full.pdf,https://jamesnicholsworley.github.io/civicatlasma/pdfs/Westhampton2021_d0.pdf,manual,medium,manual_ingest,60,Westhampton2021_d0.pdf,yes,no,pdf_hosted,,,https://www.westhampton-ma.com/sites/g/files/vyhlif5191/f/uploads/elections_results_march_13_2021.pdf,published,official
Westhampton,2022,regular,yes,LEO,https://www.westhampton-ma.com/sites/g/files/vyhlif5191/f/pages/2008-2016_town_election_results_westhampton.pdf,https://jamesnicholsworley.github.io/civicatlasma/pdfs/Westhampton2022_d0.pdf,manual,high,head_ocr:wrong_doc,60,Westhampton2022_d0.pdf,yes,yes,pdf_hosted,,,,published,other
Westhampton,2023,regular,yes,LEO,https://westhamptonma.gov/wp-content/uploads/WESTHMAPTON-Version-10-Revised-on-2024-0318.pdf,,manual_sources,manual,NO RESULTS 2026-09-02: the cited annual report covers the election in one narrative sentence and prints no candidate figures.,95,,no,no,discarded_not_results,,,,no_source,official
Westhampton,2024,regular,yes,serpapi,https://westhamptonma.gov/wp-content/uploads/ELECTION-RESULTS-JUNE-2024.pdf,https://jamesnicholsworley.github.io/civicatlasma/pdfs/Westhampton2024_d0.pdf,manual,,manual_ingest,,Westhampton2024_d0.pdf,yes,no,pdf_hosted,,,https://westhamptonma.gov/wp-content/uploads/WESTHMAPTON-Version-10-Revised-on-2024-0318.pdf https://jamesnicholsworley.github.io/civicatlasma/pdfs/Westhampton2024.pdf,published,official
Westhampton,2025,regular,yes,LEO,https://westhamptonma.gov/wp-content/uploads/2025-0321-WESTHAMPTON-Annual-Town-Report-FINAL.pdf,https://jamesnicholsworley.github.io/civicatlasma/pdfs/Westhampton2025_d0.pdf,collect-web,low,runner_fetch,70,Westhampton2025_d0.pdf,yes,yes,pdf_hosted,,,,published,official
Westhampton,2026,regular,yes,custom-search-2026,https://westhamptonma.gov/wp-content/uploads/OFFICIAL-ELECTION-RESULTS-Local-June-6-2026-1.pdf,,,,,,,no,no,pdf_hosted,,,,published,official
Westminster,2021,regular,yes,LEO,https://www.westminster-ma.gov/home/files/04-27-2021-annual-town-election-results,https://jamesnicholsworley.github.io/civicatlasma/pdfs/Westminster2021_d0.pdf,scraper_sheet9,spraped,,70,Westminster2021_d0.pdf,yes,yes,hosted,https://jamesnicholsworley.github.io/civicatlasma/markdown/Westminster2021.md,docling-2.66.0,,published,official
Westminster,2022,regular,yes,LEO,https://www.westminster-ma.gov/home/files/04-26-2022-official-results-annual-town-election,https://jamesnicholsworley.github.io/civicatlasma/pdfs/Westminster2022_d0.pdf,scraper_sheet9,spraped,,70,Westminster2022_d0.pdf,yes,yes,hosted,https://jamesnicholsworley.github.io/civicatlasma/markdown/Westminster2022.md,docling-2.66.0,,published,official
Westminster,2023,regular,yes,LEO,https://www.westminster-ma.gov/sites/g/files/vyhlif1431/f/uploads/official_results_of_the_04-25-2023_annual_town_election.pdf,https://jamesnicholsworley.github.io/civicatlasma/pdfs/Westminster2023_d0.pdf,manual_sources,manual,,95,Westminster2023_d0.pdf,yes,yes,hosted,https://jamesnicholsworley.github.io/civicatlasma/markdown/Westminster2023.md,pypdf,,published,official
Westminster,2024,regular,yes,LEO,https://www.westminster-ma.gov/home/files/04-30-2024-annual-town-election,https://jamesnicholsworley.github.io/civicatlasma/pdfs/Westminster2024_d0.pdf,scraper_sheet9,spraped,auto_resourced,70,Westminster2024_d0.pdf,yes,yes,hosted,https://jamesnicholsworley.github.io/civicatlasma/markdown/Westminster2024.md,docling-2.66.0,,published,official
Westminster,2025,regular,yes,LEO,https://www.westminster-ma.gov/DocumentCenter/View/7328/2025-Annual-Town-Election-Results,https://jamesnicholsworley.github.io/civicatlasma/pdfs/Westminster2025_d0.pdf,collect-web,spraped,runner_fetch | CITATION REPAIRED 2026-08-21 (live URL recovered): 200 via curl_cffi chrome; 4pg p1 reads VOTE TAKEN AT THE ANNUAL TOWN ELECTION APRIL 29 2025 with the 164-voter precinct,70,Westminster2025_d0.pdf,yes,yes,pdf_hosted,,,,published,official
Westminster,2026,regular,yes,custom-search-2026,https://www.westminster-ma.gov/DocumentCenter/View/7329/2026-Annual-Town-Election-Results,,,,citation found 2026-08-23 by sha256: bytes identical to the held PDF,,,no,no,pdf_hosted,,,,published,official
Weston,2021,regular,yes,NEWS,https://www.facebook.com/WestonMass/posts/2021-annual-town-election-results-find-the-results-and-vote-tallies-from-the-may/10160915620778098/,,manual,high,"WITHDRAWN by the gate 2026-09-05 and coverage_state corrected 2026-09-10: the cited page is a Facebook post wrapper, not a return. The gate reads data/json and decides what publish/ holds; coverage_state said published while the gate said DROP.",70,,no,no,hosted,,playwright+docling-2.66.0,,published,news
Weston,2022,regular,yes,LEO,https://www.westonma.gov/DocumentCenter/View/33079/May-7-2022-Town-Election-Results-PDF,https://jamesnicholsworley.github.io/civicatlasma/pdfs/Weston2022_d0.pdf,collect-crawl,high,auto_resourced,70,Weston2022_d0.pdf,yes,yes,hosted,https://jamesnicholsworley.github.io/civicatlasma/markdown/Weston2022.md,pypdf,,published,official
Weston,2023,regular,yes,LEO,https://www.weston.org/DocumentCenter/View/35726/Summary-Vote-PDF?bidId=,https://jamesnicholsworley.github.io/civicatlasma/pdfs/Weston2023_d0.pdf,manual_sources,manual,,95,Weston2023_d0.pdf,yes,yes,hosted,https://jamesnicholsworley.github.io/civicatlasma/markdown/Weston2023.md,docling-2.66.0,,published,other
Weston,2024,regular,yes,detally-upgrade,https://www.westonma.gov/DocumentCenter/View/38211/Final-Summary-Vote-Town-Election-24,https://jamesnicholsworley.github.io/civicatlasma/pdfs/Weston2024_d0.pdf,exa,low,auto_resourced,90,Weston2024_d0.pdf,yes,yes,pdf_hosted,https://jamesnicholsworley.github.io/civicatlasma/markdown/Weston2024.md,playwright+docling-2.66.0,,published,official
Weston,2025,regular,yes,LEO,https://www.westonma.gov/DocumentCenter/View/40194/Final-Results-Town-Election-2025-PDF,https://jamesnicholsworley.github.io/civicatlasma/pdfs/Weston2025_d0.pdf,crawl,high,crawl_verified,90,Weston2025_d0.pdf,yes,yes,hosted,https://jamesnicholsworley.github.io/civicatlasma/markdown/Weston2025.md,pypdf(recrawl),,published,official
Weston,2026,regular,yes,,https://westonobserver.org/dietz-elected-to-school-committee/,,,,,,,no,no,missing,,,,published,news
Westport,2021,regular,yes,ATR,,,manual,,"DOCUMENT RETIRED 2026-09-02: The file is named like a town report and is hosted on `westportschoolsorg`, because it is the ANNUAL REPORT OF THE WESTPORT COMMUNITY SCHOOLS for 2020-2021: thirty-eight pages of graduation exercises, book awards, scholarships and staff rosters. Fetched and read in full, its 78,860 characters contain no `annual town election`, no `ballots cast`, no `registered voters`, and not one of the words moderator, selectman or assessor. The only matches for the record names are students and a School Committee membership line. The copy stored beside it was worse still -- one page, 2.3 MB, listing seasonal liquor licences. Westport 2021 four contests carry real vote totals from elsewhere and are kept; what goes is the claim that this document is where they came from.",,,no,no,pdf_hosted,,,https://resources.finalsite.net/images/v1647976000/westportschoolsorg/zq1bv4gpvmea1uyndesy/WestportTownReport2021FINAL.pdf,no_source,other
Westport,2022,regular,yes,NEWS,https://www.westport-ma.com/Documents/Government/Annual%20Reports/town_report_2022.pdf,,manual,,"landed 2026-08-25 from the Chrome ingest (ATR, #pages 27-28); 10 races",,,no,no,missing,,docling-html,https://www.westport-ma.com/town-clerk/pages/elections-and-voter-information,published,
Westport,2023,regular,yes,LEO,https://www.westport-ma.com/sites/g/files/vyhlif7356/f/uploads/official_town_election_results_town_wide_by_precinct.pdf,https://jamesnicholsworley.github.io/civicatlasma/pdfs/Westport2023_d0.pdf,manual_sources,manual,,95,Westport2023_d0.pdf,yes,yes,hosted,https://jamesnicholsworley.github.io/civicatlasma/markdown/Westport2023.md,docling-2.66.0,,published,other
Westport,2024,regular,yes,LEO,https://www.westport-ma.com/sites/g/files/vyhlif12811/f/news/april_9_2024_unofficial_results_by_precinct_and_combined.pdf,,manual_sources,manual,,95,,no,no,hosted,,pypdf,,published,other
Westport,2025,regular,yes,owner-verified-2026-08-19,https://cms2.revize.com/revize/westportma/Documents/Government/Annual%20Reports/Town%20of%20Westport%20-%202025%20Annual%20Town%20Report%20-%20Final.pdf,,manual,manual,"wrongyear:document dated 2023-04-11, collision",95,,no,no,pdf_hosted,,playwright+docling-2.66.0,https://news.yahoo.com/westport-election-voters-approve-debt-185304196.html?fr=sycsrp_catchall https://jamesnicholsworley.github.io/civicatlasma/pdfs/Westport2025.pdf,published,official
Westport,2026,regular,yes,custom-search-2026,https://cms2.revize.com/revize/westportma/Documents/Government/Town%20Clerk/Official%20Results%2004.14.2026.pdf?t=202604161025570,,,,,,,no,no,pdf_hosted,,,,published,official
Westwood,2021,regular,yes,news->official-upgrade,https://www.townhall.westwood.ma.us/departments/town-clerk/voting-elections,https://jamesnicholsworley.github.io/civicatlasma/pdfs/Westwood2021_d0.pdf,manual,manual,,95,Westwood2021_d0.pdf,yes,yes,pdf_hosted,https://jamesnicholsworley.github.io/civicatlasma/markdown/Westwood2021.md,playwright+docling-2.66.0,,published,official
Westwood,2022,regular,yes,news->official-upgrade,https://www.townhall.westwood.ma.us/departments/town-clerk/voting-elections,https://jamesnicholsworley.github.io/civicatlasma/pdfs/Westwood2022_d0.pdf,manual,manual,,95,Westwood2022_d0.pdf,yes,yes,pdf_hosted,https://jamesnicholsworley.github.io/civicatlasma/markdown/Westwood2022.md,playwright+docling-2.66.0,,published,official
Westwood,2023,regular,yes,LEO,https://www.townhall.westwood.ma.us/home/showpublisheddocument/37952/639132322880830000,,collect-web,manual,"condemnation_retracted_2026-08-23: the held document is 'ANNUAL TOWN ELECTION RESULTS TUESDAY, APRIL 25, 2023' and shares 66% of its vocabulary with the condemned URL. The condemnation said 'document dated 2026-04-28'.",95,,no,no,pdf_hosted,,,https://www.townhall.westwood.ma.us/home/showpublisheddocument/37952/639132322880830000 https://jamesnicholsworley.github.io/civicatlasma/pdfs/Westwood2023.pdf,published,official
Westwood,2024,regular,yes,news->official-upgrade,https://www.townhall.westwood.ma.us/departments/town-clerk/voting-elections,https://jamesnicholsworley.github.io/civicatlasma/pdfs/Westwood2024_d0.pdf,manual,manual,,95,Westwood2024_d0.pdf,yes,yes,pdf_hosted,https://jamesnicholsworley.github.io/civicatlasma/markdown/Westwood2024.md,playwright+docling-2.66.0,,published,official
Westwood,2025,regular,yes,news->official-upgrade,https://www.townhall.westwood.ma.us/departments/town-clerk/voting-elections,https://jamesnicholsworley.github.io/civicatlasma/pdfs/Westwood2025_d0.pdf,manual,manual,unrecovered_landing,95,Westwood2025_d0.pdf,yes,yes,pdf_hosted,https://jamesnicholsworley.github.io/civicatlasma/markdown/Westwood2025.md,playwright+docling-2.66.0,,published,official
Westwood,2026,regular,yes,custom-search-2026,https://www.townhall.westwood.ma.us/home/showpublisheddocument/37998/639141021547130000,,custom-search:recovered,,citation_recovered_by_rerunning_the_search_that_found_it; document text matches the held copy,,,no,no,pdf_hosted,,,,published,official
Weymouth,2021,regular,yes,NEWS,https://959watd.com/blog/2021/11/three-contested-races-decided-in-weymouth-town-election/,,manual,manual,,95,Weymouth2021_d0.pdf,,yes,hosted,https://jamesnicholsworley.github.io/civicatlasma/markdown/Weymouth2021.md,playwright+docling-2.66.0,,published,news
Weymouth,2022,regular,no,CITY_ODD_YEAR_CYCLE,,,,,,,Weymouth2022_d0.pdf,,no,no_election,,,,no_election,other
Weymouth,2023,regular,yes,NEWS,https://www.patriotledger.com/story/news/2023/11/07/weymouth-ma-election-results-2023-hedlund-mayor-cowen/71405977007/,,manual,manual,,95,Weymouth2023_d0.pdf,,yes,hosted,https://jamesnicholsworley.github.io/civicatlasma/markdown/Weymouth2023.md,playwright+docling-2.66.0,,published,news
Weymouth,2024,regular,no,CITY_ODD_YEAR_CYCLE,,,,,,,Weymouth2024_d0.pdf,,no,no_election,,,,no_election,other
Weymouth,2025,regular,yes,NEWS,https://www.facebook.com/WETC8/posts/here-are-tonights-election-results-for-the-town-of-weymouth/1232967605538616/,,manual,,,,Weymouth2025_d0.pdf,,yes,hosted,https://jamesnicholsworley.github.io/civicatlasma/markdown/Weymouth2025.md,playwright+docling-2.66.0,,published,news
Weymouth,2026,regular,no,,,,,,"no_election: even-year row seeded from the 2024 cohort, 2026-08-19",,,,,,,,,no_election,other
Whately,2021,regular,yes,owner-supplied-2026-08-23-small_towns_ingest_3,https://recorder.com/2021/06/09/newcomer-baron-wins-selectboard-seat-in-whately-election-40876159/,,manual,medium,manual_ingest,70,,no,no,pdf_hosted,,,https://www.whately.org/sites/g/files/vyhlif5211/f/uploads/2014-11-4_state_election.pdf,published,other
Whately,2022,regular,yes,owner-supplied-2026-08-23-small_towns_ingest_3,https://gazettenet.com/2022/06/15/waggoner-wins-selectboard-seat-in-whately-46823766/,,manual,spraped,manual_ingest,70,,no,no,pdf_hosted,,,https://www.whately.org/sites/g/files/vyhlif5211/f/uploads/state_election_official_results_-_11.08.2022.pdf,published,news
Whately,2023,regular,yes,LEO,https://www.whately.org/sites/g/files/vyhlif5211/f/uploads/2023.06.13_-_excel_election_results_0.pdf,https://jamesnicholsworley.github.io/civicatlasma/pdfs/Whately2023_d0.pdf,manual_sources,manual,,95,Whately2023_d0.pdf,yes,yes,hosted,https://jamesnicholsworley.github.io/civicatlasma/markdown/Whately2023.md,pypdf,,published,other
Whately,2024,regular,yes,owner-supplied-2026-08-23-small_towns_ingest_3,https://recorder.com/2024/06/12/incumbent-retains-whately-selectboard-seat-for-second-term-55563772/,,manual,spraped,manual_ingest,70,,no,no,pdf_hosted,,,https://www.whately.org/sites/g/files/vyhlif5211/f/news/2024_1127_-_whately_selectboard_statement_on_the_2024_national_election_-_press_release.pdf,published,other
Whately,2025,regular,yes,NEWS,https://www.recorder.com/Whately-Elementary-School-Committee-seat-remains-in-limbo-following-election-61696657,,manual,spraped,runner_fetch,70,Whately2025_d0.pdf,,yes,hosted,https://jamesnicholsworley.github.io/civicatlasma/markdown/Whately2025.md,docling-html,,published,news
Whately,2026,regular,yes,harvest-lead,https://www.whately.org/Documents/Departments/Town%20Clerk%20or%20Board%20of%20Registrars/Election%20Information/2026%20APRIL%2028%20LOCAL%20ELECTION%20Official%20Results.pdf?t=202605041020410,https://jamesnicholsworley.github.io/civicatlasma/pdfs/Whately2026_d0.pdf,manual,,manual_ingest,,Whately2026_d0.pdf,yes,no,pdf_hosted,,,,published,
Whitman,2021,regular,yes,LEO,https://www.whitman-ma.gov/ArchiveCenter/ViewFile/Item/280,https://jamesnicholsworley.github.io/civicatlasma/pdfs/Whitman2021_d0.pdf,manual_sources,manual,,95,Whitman2021_d0.pdf,yes,yes,hosted,https://jamesnicholsworley.github.io/civicatlasma/markdown/Whitman2021.md,pypdf,,published,official
Whitman,2022,regular,yes,LEO,https://www.whitman-ma.gov/ArchiveCenter/ViewFile/Item/1300,https://jamesnicholsworley.github.io/civicatlasma/pdfs/Whitman2022_d0.pdf,manual_sources,manual,,95,Whitman2022_d0.pdf,yes,yes,hosted,https://jamesnicholsworley.github.io/civicatlasma/markdown/Whitman2022.md,pypdf,,published,official
Whitman,2023,regular,yes,LEO,https://www.whitman-ma.gov/ArchiveCenter/ViewFile/Item/1299,https://jamesnicholsworley.github.io/civicatlasma/pdfs/Whitman2023_d0.pdf,manual_sources,manual,,95,Whitman2023_d0.pdf,yes,yes,hosted,https://jamesnicholsworley.github.io/civicatlasma/markdown/Whitman2023.md,pypdf,,published,official
Whitman,2024,regular,yes,LEO,https://www.whitman-ma.gov/ArchiveCenter/ViewFile/Item/1330,https://jamesnicholsworley.github.io/civicatlasma/pdfs/Whitman2024_d0.pdf,manual_sources,manual,,95,Whitman2024_d0.pdf,yes,yes,hosted,https://jamesnicholsworley.github.io/civicatlasma/markdown/Whitman2024.md,pypdf,,published,official
Whitman,2025,regular,yes,LEO,https://www.whitman-ma.gov/ArchiveCenter/ViewFile/Item/1335,https://jamesnicholsworley.github.io/civicatlasma/pdfs/Whitman2025_d0.pdf,manual_sources,manual,,95,Whitman2025_d0.pdf,yes,yes,hosted,https://jamesnicholsworley.github.io/civicatlasma/markdown/Whitman2025.md,pypdf,,published,official
Whitman,2026,regular,yes,custom-search-2026,https://www.whitman-ma.gov/DocumentCenter/View/4050/051626-Annual-Town-Election,,,,,,,no,no,pdf_hosted,,,,published,official
Wilbraham,2021,regular,yes,NEWS,https://www.wwlp.com/news/local-news/hampden-county/wilbraham-town-election-results-in-races-for-selectman-moderator-school-committee-settled/,,manual_sources,manual,wayback_render,95,Wilbraham2021_d0.pdf,no,yes,hosted,https://jamesnicholsworley.github.io/civicatlasma/markdown/Wilbraham2021.md,wayback20221206+docling,,published,news
Wilbraham,2022,regular,yes,LEO,https://wilbraham-ma.gov/DocumentCenter/View/4886/CLERK-TALLY-SHEET---52122,https://jamesnicholsworley.github.io/civicatlasma/pdfs/Wilbraham2022_d0.pdf,manual_sources,manual,,95,Wilbraham2022_d0.pdf,yes,yes,hosted,https://jamesnicholsworley.github.io/civicatlasma/markdown/Wilbraham2022.md,pypdf,,published,official
Wilbraham,2023,regular,yes,LEO,https://www.wilbraham-ma.gov/DocumentCenter/View/5578/Clerk-Tally-Sheet-52023-After-Recount?bidId=,https://jamesnicholsworley.github.io/civicatlasma/pdfs/Wilbraham2023_d0.pdf,manual_sources,manual,,95,Wilbraham2023_d0.pdf,yes,yes,hosted,https://jamesnicholsworley.github.io/civicatlasma/markdown/Wilbraham2023.md,pypdf,,published,official
Wilbraham,2024,regular,yes,LEO,https://wilbraham-ma.gov/DocumentCenter/View/6199/Clerk-Tally-Sheet-51824--1,https://jamesnicholsworley.github.io/civicatlasma/pdfs/Wilbraham2024_d0.pdf,manual_sources,manual,,95,Wilbraham2024_d0.pdf,yes,yes,hosted,https://jamesnicholsworley.github.io/civicatlasma/markdown/Wilbraham2024.md,pypdf,,published,official
Wilbraham,2025,regular,yes,LEO,https://www.wilbraham-ma.gov/DocumentCenter/View/6579/Wilbraham-Official-Election-Results-5172025,https://jamesnicholsworley.github.io/civicatlasma/pdfs/Wilbraham2025_d0.pdf,manual_sources,manual,"CERTIFIED UPGRADE 2026-08-21. Status upgrade only - the official sheet is value-identical to the unofficial (the town posts it twice, ids 6579 and 6729, byte-identical). FLAG: the 1-year LIBRARY TRUSTEE prints ""Vote for 2"" yet totals 730 (= 1 seat); recorded as 2 per the printed-outranks-arithmetic rule.",95,Wilbraham2025_d0.pdf,yes,yes,hosted,https://jamesnicholsworley.github.io/civicatlasma/markdown/Wilbraham2025.md,pypdf,,published,official
Wilbraham,2026,regular,yes,cohort-2026,https://wilbraham-ma.gov/DocumentCenter/View/7253/Wilbraham-Official-Election-Results--51626,,,,,,,no,yes,hosted,,,,published,official
Williamsburg,2021,regular,yes,ATR,file://C:\Users\Owner\documents\CivicAtlasMA\data\incoming\atrcrops\Williamsburg2021_atr.pdf,https://jamesnicholsworley.github.io/civicatlasma/pdfs/Williamsburg2021_d0.pdf,manual,spraped,manual_ingest,70,Williamsburg2021_d0.pdf,yes,no,pdf_hosted,,,https://www.burgy.org/sites/g/files/vyhlif1451/f/uploads/2021_annual_town_report_0.pdf,published,official
Williamsburg,2022,regular,yes,LEO,https://www.burgy.org/sites/g/files/vyhlif1451/f/uploads/informal_results_may_2_2022.pdf,https://jamesnicholsworley.github.io/civicatlasma/pdfs/Williamsburg2022_d0.pdf,manual,spraped,manual_ingest,70,Williamsburg2022_d0.pdf,yes,yes,pdf_hosted,,,,published,other
Williamsburg,2023,regular,yes,LEO,https://www.burgy.org/sites/g/files/vyhlif1451/f/uploads/election_minutes_may_1_2023.pdf,https://jamesnicholsworley.github.io/civicatlasma/pdfs/Williamsburg2023_d0.pdf,manual_sources,manual,,95,Williamsburg2023_d0.pdf,yes,yes,hosted,https://jamesnicholsworley.github.io/civicatlasma/markdown/Williamsburg2023.md,pypdf,,published,other
Williamsburg,2024,regular,yes,LEO,https://www.burgy.org/sites/g/files/vyhlif1451/f/minutes/town_election_5-6-2024.pdf,,manual,spraped,manual_ingest,70,,no,no,pdf_hosted,,,https://www.burgy.org/sites/g/files/vyhlif1451/f/uploads/end_of_night_tally_03_05_2024.pdf https://www.burgy.org/sites/g/files/vyhlif1451/f/uploads/end_of_night_tally_03_05_2024.pdf,published,official
Williamsburg,2025,regular,yes,LEO,https://www.burgy.org/sites/g/files/vyhlif1451/f/minutes/ate_min.pdf,https://jamesnicholsworley.github.io/civicatlasma/pdfs/Williamsburg2025_d0.pdf,manual,spraped,manual_ingest,70,Williamsburg2025_d0.pdf,yes,yes,pdf_hosted,,,,published,other
Williamsburg,2026,regular,yes,,https://gazettenet.com/2026/05/06/low-turnout-marks-williamsburg-town-election/,,,,"landed 2026-09-01 from the Daily Hampshire Gazette, 6 May 2026, via /wp-json/wp/v2/posts (the rendered page is paywalled; the REST API returns content.rendered in full). Election Monday 4 May 2026; 160 of 2,218 = 7%. Recreation Commission 2 seats: Turner 105, Weber 95, James 84. ASSESSOR decided on write-ins and the arithmetic closes exactly (McKeown 10, three others 1 each, 147 blank = 160); the article reports her as taking the seat. REGIONAL SCHOOL COMMITTEE: NO ONE ELECTED - 158 blanks, two votes cast, minimum of three needed. Record vacant.",,,no,no,missing,,,,published,news
Williamstown,2021,regular,yes,NEWS,https://www.iberkshires.com/story/64890/Hasty-Johnson-Elected-to-Williamstown-Select-Board.html,,manual,high,,70,Williamstown2021_d0.pdf,,yes,hosted,https://jamesnicholsworley.github.io/civicatlasma/markdown/Williamstown2021.md,playwright+docling-2.66.0,,published,news
Williamstown,2022,regular,yes,LEO,https://williamstownma.gov/wp-content/uploads/2022/05/Annual-Town-Election-Results-May-10-2022.pdf,,manual,low,"landed 2026-08-25 from the Chrome ingest (official, -); 5 races",70,,no,no,published,,,https://williamstownma.gov/wp-content/uploads/2022/08/Williamstown_Policies_HRS_Draft-082622.docx.pdf,published,official
Williamstown,2023,regular,yes,LEO,https://williamstownma.gov/wp-content/uploads/2023/05/ATE-Official-Results-5.9.23-1.pdf,https://jamesnicholsworley.github.io/civicatlasma/pdfs/Williamstown2023_d0.pdf,manual,manual,manual_ingest,95,Williamstown2023_d0.pdf,yes,yes,pdf_hosted,,,,published,official
Williamstown,2024,regular,yes,LEO,https://www.iberkshires.com/story/75345/With-No-Races-to-Decide-a-Light-Turnout-in-Williamstown-Town-Election.html,,scraper_sheet9,high,"wrong_scope (read 2026-08-23): 'GENERAL ELECTION - NOVEMBER 5, 2024 | WILLIAMSTOWN ... HARRIS AND WALZ 3006'",70,,no,no,missing,,pypdf,https://williamstownma.gov/wp-content/uploads/2024/11/CERTIFIED-OFFICIAL-RESULTS-11.5.24.pdf,published,news
Williamstown,2025,regular,yes,LEO,https://williamstownma.gov/wp-content/uploads/2025/05/MAY-13-2025-ATE-OFFICIAL-RESULTS.pdf,https://jamesnicholsworley.github.io/civicatlasma/pdfs/Williamstown2025_d0.pdf,scraper_sheet9,spraped,,70,Williamstown2025_d0.pdf,yes,yes,hosted,https://jamesnicholsworley.github.io/civicatlasma/markdown/Williamstown2025.md,pypdf,,published,official
Williamstown,2026,regular,yes,,https://williamstownma.gov/wp-content/uploads/2026/05/Screenshot-2026-05-13-104238.png,,,,"landed 2026-08-25 from the Chrome ingest (official, -); 5 races",,,no,no,missing,,,,published,
Wilmington,2021,regular,yes,LEO,https://www.wilmingtonma.gov/sites/g/files/vyhlif5221/f/uploads/6_precinct_total_tally-_certified_results_0.pdf,,manual_sources,manual,,95,,no,no,hosted,,pypdf,,published,official
Wilmington,2022,regular,yes,LEO,https://www.wilmingtonma.gov/sites/g/files/vyhlif5221/f/uploads/certified_results_4.23.2022.pdf,https://jamesnicholsworley.github.io/civicatlasma/pdfs/Wilmington2022_d0.pdf,manual_sources,manual,,95,Wilmington2022_d0.pdf,yes,yes,hosted,https://jamesnicholsworley.github.io/civicatlasma/markdown/Wilmington2022.md,docling-2.66.0,,published,official
Wilmington,2023,regular,yes,LEO,https://www.wilmingtonma.gov/sites/g/files/vyhlif5221/f/uploads/official_results_4.22.2023.pdf,,manual_sources,manual,,95,,no,no,hosted,,pypdf,,published,official
Wilmington,2024,regular,yes,LEO,https://www.wilmingtonma.gov/sites/g/files/vyhlif5221/f/uploads/total_tally-_official_results_4.27.2024.v2_0.pdf,,manual_sources,manual,,95,,no,no,hosted,,pypdf,,published,official
Wilmington,2025,regular,yes,LEO,https://www.wilmingtonma.gov/sites/g/files/vyhlif5221/f/uploads/04.26.2025.official_results.pdf,https://jamesnicholsworley.github.io/civicatlasma/pdfs/Wilmington2025_d0.pdf,manual_sources,manual,,95,Wilmington2025_d0.pdf,yes,yes,hosted,https://jamesnicholsworley.github.io/civicatlasma/markdown/Wilmington2025.md,pypdf,,published,official
Wilmington,2026,regular,yes,custom-search-2026,https://www.wilmingtonma.gov/town-clerk/files/20260425-annual-town-election-official-results,,custom-search:recovered,,citation_recovered_by_rerunning_the_search_that_found_it; document text matches the held copy,,,no,no,pdf_hosted,,,,published,official
Winchendon,2021,regular,yes,LEO,https://www.townofwinchendon.com/Archive.aspx?ADID=50,https://jamesnicholsworley.github.io/civicatlasma/pdfs/Winchendon2021_d0.pdf,scraper_sheet9,spraped,,70,Winchendon2021_d0.pdf,yes,yes,hosted,https://jamesnicholsworley.github.io/civicatlasma/markdown/Winchendon2021.md,docling-2.66.0,,published,official
Winchendon,2022,regular,yes,LEO,https://www.townofwinchendon.com/Archive.aspx?ADID=51,https://jamesnicholsworley.github.io/civicatlasma/pdfs/Winchendon2022_d0.pdf,scraper_sheet9,spraped,,70,Winchendon2022_d0.pdf,yes,yes,hosted,https://jamesnicholsworley.github.io/civicatlasma/markdown/Winchendon2022.md,docling-2.66.0,,published,official
Winchendon,2023,regular,yes,LEO,https://www.townofwinchendon.com/sites/g/files/vyhlif8401/f/pages/2023.05.01_annual_town_election.pdf,https://jamesnicholsworley.github.io/civicatlasma/pdfs/Winchendon2023_d0.pdf,manual_sources,manual,,95,Winchendon2023_d0.pdf,yes,yes,hosted,https://jamesnicholsworley.github.io/civicatlasma/markdown/Winchendon2023.md,docling-2.66.0,,published,official
Winchendon,2024,regular,yes,LEO,https://www.townofwinchendon.com/Archive.aspx?ADID=2581,https://jamesnicholsworley.github.io/civicatlasma/pdfs/Winchendon2024_d0.pdf,scraper_sheet9,spraped,,70,Winchendon2024_d0.pdf,yes,yes,hosted,https://jamesnicholsworley.github.io/civicatlasma/markdown/Winchendon2024.md,docling-2.66.0,,published,official
Winchendon,2025,regular,yes,LEO,https://www.townofwinchendon.com/Archive.aspx?ADID=542,https://jamesnicholsworley.github.io/civicatlasma/pdfs/Winchendon2025_d0.pdf,scraper_sheet9,spraped,,70,Winchendon2025_d0.pdf,yes,yes,hosted,https://jamesnicholsworley.github.io/civicatlasma/markdown/Winchendon2025.md,docling-2.66.0,,published,official
Winchendon,2026,regular,yes,owner-lead,https://www.townofwinchendon.com/DocumentCenter/View/1964,,manual,,manual_ingest,,,no,no,hosted,,pandas-xlsx,,published,official
Winchester,2021,regular,yes,LEO,https://www.winchester.us/DocumentCenter/View/6098/Town-Wide-Tally-2021-002,https://jamesnicholsworley.github.io/civicatlasma/pdfs/Winchester2021_d0.pdf,manual_sources,manual,,95,Winchester2021_d0.pdf,yes,yes,hosted,https://jamesnicholsworley.github.io/civicatlasma/markdown/Winchester2021.md,pypdf,,published,official
Winchester,2022,regular,yes,LEO,https://www.winchester.us/DocumentCenter/View/7632/TOWN-ELECTION---OFFICIAL-RESULTS-2,https://jamesnicholsworley.github.io/civicatlasma/pdfs/Winchester2022_d0.pdf,manual_sources,manual,,95,Winchester2022_d0.pdf,yes,yes,hosted,https://jamesnicholsworley.github.io/civicatlasma/markdown/Winchester2022.md,pypdf,,published,official
Winchester,2023,regular,yes,LEO,https://www.winchester.us/DocumentCenter/View/9819/FINAL-RESULTS-MARCH-2023,https://jamesnicholsworley.github.io/civicatlasma/pdfs/Winchester2023_d0.pdf,manual_sources,manual,,95,Winchester2023_d0.pdf,yes,yes,hosted,https://jamesnicholsworley.github.io/civicatlasma/markdown/Winchester2023.md,pypdf,,published,official
Winchester,2024,regular,yes,LEO,https://www.winchester.us/DocumentCenter/View/11037/Copy-of-Winchester_Results_03-26-24_Final,https://jamesnicholsworley.github.io/civicatlasma/pdfs/Winchester2024_d0.pdf,manual_sources,manual,,95,Winchester2024_d0.pdf,yes,yes,hosted,https://jamesnicholsworley.github.io/civicatlasma/markdown/Winchester2024.md,pypdf,,published,official
Winchester,2025,regular,yes,LEO,https://www.winchester.us/DocumentCenter/View/11922/2025-OFFICIAL-RESULTS,https://jamesnicholsworley.github.io/civicatlasma/pdfs/Winchester2025_d0.pdf,manual_sources,manual,,95,Winchester2025_d0.pdf,yes,yes,hosted,https://jamesnicholsworley.github.io/civicatlasma/markdown/Winchester2025.md,pypdf,,published,official
Winchester,2026,regular,yes,custom-search-2026,https://www.winchester.us/DocumentCenter/View/13356/Final-Results-03-21-2026,,custom-search:recovered,,citation_recovered_by_rerunning_the_search_that_found_it; document text matches the held copy,,,no,no,pdf_hosted,,,,published,official
Windsor,2021,regular,yes,atr-2026-08-22-2021.pdf,,https://jamesnicholsworley.github.io/civicatlasma/pdfs/Windsor2021_d0.pdf,annual_town_report_crop,low,"cropped from the Windsor annual town report, pp 81; election date 2021-05-10 read off the page by atr_verify",70,Windsor2021_d0.pdf,yes,no,pdf_hosted,,docling-html,https://www.windsormass.com/requests-1/master-plan-for-windsor https://jamesnicholsworley.github.io/civicatlasma/pdfs/Windsor2021.pdf,published,official
Windsor,2022,regular,yes,atr-2026-08-22-2022.pdf,,https://jamesnicholsworley.github.io/civicatlasma/pdfs/Windsor2022_d0.pdf,annual_town_report_crop,low,"cropped from the Windsor annual town report, pp 93; election date 2022-05-09 read off the page by atr_verify",70,Windsor2022_d0.pdf,yes,no,pdf_hosted,,docling-html,https://www.windsormass.com/requests-1/master-plan-for-windsor https://jamesnicholsworley.github.io/civicatlasma/pdfs/Windsor2022.pdf,published,official
Windsor,2023,regular,yes,,https://archives.lib.state.ma.us/server/api/core/bitstreams/73a0085c-4155-4dc7-9b1a-30fa4998544e/content #page=85,,manual_sources,manual,local_triage:not_results,95,Windsor2023_d0.pdf,no,no,missing,,docling-html,https://drive.google.com/drive/u/0/folders/0B4aGK7gHXcefaEhvLUt6UDJ6V1E?resourcekey=0-TS7F37hq2FPg6dD8Y5WoaQ,published,official
Windsor,2024,regular,yes,LEO,https://drive.usercontent.google.com/download?id=1gStIxwTmeUtQHHJyzG-HAunuh4z4jVH1&export=download,https://jamesnicholsworley.github.io/civicatlasma/pdfs/Windsor2024_d0.pdf,manual,low,manual_ingest,70,Windsor2024_d0.pdf,yes,yes,pdf_hosted,,,,published,official
Windsor,2025,regular,yes,LEO,https://drive.usercontent.google.com/download?id=1ifQwo3bzkydwDNf47EHNgUeAlX00OfMW&export=download,https://jamesnicholsworley.github.io/civicatlasma/pdfs/Windsor2025_d0.pdf,manual,medium,manual_ingest,70,Windsor2025_d0.pdf,yes,yes,pdf_hosted,,,,published,official
Windsor,2026,regular,yes,owner-supplied-2026-08-23-small_towns_ingest_2,https://drive.google.com/file/d/1ln9EmyKdiEi4HA9nHfWVhZdOuEhg6m29/view,https://jamesnicholsworley.github.io/civicatlasma/pdfs/Windsor2026_d0.pdf,manual,,manual_ingest,,Windsor2026_d0.pdf,yes,no,pdf_hosted,,,https://www.auburnma.gov/DocumentCenter/View/20023/May-19-2026-Official-Election-Results,published,official
Winthrop,2021,regular,yes,LEO,https://www.winthropma.gov/DocumentCenter/View/788/Local-Election-Results-11-2-2021-PDF,https://jamesnicholsworley.github.io/civicatlasma/pdfs/Winthrop2021_d0.pdf,manual_sources,manual,,95,Winthrop2021_d0.pdf,yes,yes,hosted,https://jamesnicholsworley.github.io/civicatlasma/markdown/Winthrop2021.md,docling-2.66.0,,published,official
Winthrop,2022,regular,no,CITY_ODD_YEAR_CYCLE,,,,,,,Winthrop2022_d0.pdf,,no,no_election,,,,no_election,other
Winthrop,2023,regular,yes,NEWS,https://winthroptranscript.com/2023/11/09/voters-say-no-to-fire-station-tassinari-and-munson-win-their-contested-council-races/,,exa_reviewed,manual,auto_resourced,95,Winthrop2023_d0.pdf,,yes,hosted,https://jamesnicholsworley.github.io/civicatlasma/markdown/Winthrop2023.md,playwright+docling-2.66.0,,published,news
Winthrop,2024,regular,no,CITY_ODD_YEAR_CYCLE,,,,,,,Winthrop2024_d0.pdf,,no,no_election,,,,no_election,other
Winthrop,2025,regular,yes,owner-verified-2026-08-19,https://www.winthropma.gov/DocumentCenter/View/2586/Municipal-Election-Results11425,,manual,,"runner_fetch2 | VISUAL REVIEW 2026-08-20: re-read from rendered pages, all races close on ballots x seats",,,no,no,pdf_hosted,,docling-html,https://www.winthropma.gov/696/11-4-25-ELECTION-DRAFT-RESULTS,published,official
Winthrop,2026,regular,no,,,,,,"no_election: even-year row seeded from the 2024 cohort, 2026-08-19",,,,,,,,,no_election,other
Woburn,2021,regular,yes,LEO,https://woburnma.gov/wp-content/uploads/2017/07/Municipal-Election-11-2-2021-Official.pdf,https://jamesnicholsworley.github.io/civicatlasma/pdfs/Woburn2021_d0.pdf,manual_sources,manual,,95,Woburn2021_d0.pdf,yes,yes,hosted,https://jamesnicholsworley.github.io/civicatlasma/markdown/Woburn2021.md,pypdf,,published,official
Woburn,2022,regular,no,CITY_ODD_YEAR_CYCLE,,,,,,,Woburn2022_d0.pdf,,no,no_election,,,,no_election,other
Woburn,2023,regular,yes,LEO,https://woburnma.gov/wp-content/uploads/2017/07/Municipal-Election-11-7-2023-Official.pdf,https://jamesnicholsworley.github.io/civicatlasma/pdfs/Woburn2023_d0.pdf,manual_sources,manual,,95,Woburn2023_d0.pdf,yes,yes,hosted,https://jamesnicholsworley.github.io/civicatlasma/markdown/Woburn2023.md,pypdf,,published,official
Woburn,2024,regular,no,CITY_ODD_YEAR_CYCLE,,,,,,,Woburn2024_d0.pdf,,no,no_election,,,,no_election,other
Woburn,2025,regular,yes,LEO,https://woburnma.gov/wp-content/uploads/2017/07/Municipal-Election-11-4-2025-Official.pdf,https://jamesnicholsworley.github.io/civicatlasma/pdfs/Woburn2025_d0.pdf,manual_city,manual,manual,100,Woburn2025_d0.pdf,yes,yes,hosted,https://jamesnicholsworley.github.io/civicatlasma/markdown/Woburn2025.md,pypdf,,published,official
Woburn,2026,regular,no,,,,,,"no_election: even-year row seeded from the 2024 cohort, 2026-08-19",,,,,,,,,no_election,other
Worcester,2021,regular,yes,owner-supplied-2026-08-22-20211102,,https://jamesnicholsworley.github.io/civicatlasma/pdfs/Worcester2021_d0.pdf,owner_download,,downloaded from the municipality by the owner and ingested from Downloads; original filename '20211102.pdf'. No live URL recovered.,,Worcester2021_d0.pdf,yes,yes,pdf_hosted,,,,published,official
Worcester,2022,regular,no,CITY_ODD_YEAR_CYCLE,,,,,,,Worcester2022_d0.pdf,,no,no_election,,,,no_election,other
Worcester,2023,regular,yes,LEO,https://www.worcesterma.gov/election-results/2020-Present/20231107.pdf,https://jamesnicholsworley.github.io/civicatlasma/pdfs/Worcester2023_d0.pdf,manual_sources,manual,hosted_whole,95,Worcester2023_d0.pdf,yes,yes,hosted,https://jamesnicholsworley.github.io/civicatlasma/markdown/Worcester2023.md,docling-2.66.0,,published,official
Worcester,2024,regular,no,CITY_ODD_YEAR_CYCLE,,,,,,,Worcester2024_d0.pdf,,no,no_election,,,,no_election,other
Worcester,2025,regular,yes,LEO,https://www.worcesterma.gov/election-results/20251104.pdf,https://jamesnicholsworley.github.io/civicatlasma/pdfs/Worcester2025_d0.pdf,collect-crawl,manual,runner_fetch,100,Worcester2025_d0.pdf,yes,yes,pdf_hosted,,,,published,official
Worcester,2026,regular,no,,,,,,"no_election: even-year row seeded from the 2024 cohort, 2026-08-19",,,,,,,,,no_election,other
Worthington,2021,regular,yes,owner-supplied-2026-08-23-small_towns_ingest_2,https://worthington-ma.us/2021/05/worthington-2021-town-election-results/,,manual,high,"citation found 2026-08-23 by overlap: 96% of the held reading's words and 94% of its 18 tallies are on this page, and 47% of the page is in the reading",70,,no,no,pdf_hosted,,,https://worthington-ma.us/wp-content/uploads/2020/10/WebVoting-posterGeneralElection-10-13-20.pdf,pending_parse,official
Worthington,2022,regular,yes,NEWS,https://worthington-ma.us/2022/05/town-election-results-2022/,,manual,medium,,70,Worthington2022_d0.pdf,,yes,hosted,https://jamesnicholsworley.github.io/civicatlasma/markdown/Worthington2022.md,playwright+docling-2.66.0,,published,official
Worthington,2023,regular,yes,town-website-image,https://worthington-ma.us/2023/05/2023-town-elections-annual-town-meeting-results/,,manual,high,manual_ingest,70,,no,no,pdf_hosted,,docling-html,https://worthington-ma.us/2023/05/2023-town-elections-annual-town-meeting-results/,published,official
Worthington,2024,regular,yes,owner-supplied-2026-08-23-small_towns_ingest_2,https://worthington-ma.us/2024/05/election-town-meeting-results/,,manual,medium,"citation found 2026-08-23 by overlap: 95% of the held reading's words and 91% of its 11 tallies are on this page, and 39% of the page is in the reading",70,,no,no,pdf_hosted,,,https://worthington-ma.us/wp-content/uploads/2020/09/WebVoting-posterGeneralElection.pdf,published,official
Worthington,2025,regular,yes,owner-verified-2026-08-19,https://worthington-ma.us/2025/05/2025-election-results/,,scraper_sheet9,high,runner_fetch2,70,,no,no,pdf_hosted,,docling-html,,published,official
Worthington,2026,regular,yes,cohort-2026,https://worthington-ma.us/2026/05/2026-preliminary-town-election-results/,,,,,,,no,yes,hosted,,,,published,official
Wrentham,2021,regular,yes,LEO,https://www.wrentham.gov/DocumentCenter/View/214/04-05-21-Annual-Town-Election-Minutes-and-Results,https://jamesnicholsworley.github.io/civicatlasma/pdfs/Wrentham2021_d0.pdf,scraper_sheet9,spraped,,70,Wrentham2021_d0.pdf,yes,yes,hosted,https://jamesnicholsworley.github.io/civicatlasma/markdown/Wrentham2021.md,docling-2.66.0,,published,official
Wrentham,2022,regular,yes,LEO,https://www.wrentham.gov/DocumentCenter/View/197/04-04-22-Annual-Town-Election-Minutes-and-Results,https://jamesnicholsworley.github.io/civicatlasma/pdfs/Wrentham2022_d0.pdf,manual,medium,manual_ingest,90,Wrentham2022_d0.pdf,yes,yes,pdf_hosted,,,,published,official
Wrentham,2023,regular,yes,LEO,https://www.wrentham.gov/DocumentCenter/View/192/04-03-23-Annual-Town-Election-Minutes-and-Results,https://jamesnicholsworley.github.io/civicatlasma/pdfs/Wrentham2023_d0.pdf,manual,manual,manual_ingest,95,Wrentham2023_d0.pdf,yes,yes,pdf_hosted,,,,published,official
Wrentham,2024,regular,yes,LEO,https://www.wrentham.gov/DocumentCenter/View/173/04-01-24-Annual-Town-Election-Minutes-and-Results,https://jamesnicholsworley.github.io/civicatlasma/pdfs/Wrentham2024_d0.pdf,verified_yes,scraped,YES,90,Wrentham2024_d0.pdf,yes,yes,hosted,https://jamesnicholsworley.github.io/civicatlasma/markdown/Wrentham2024.md,pypdf,,published,official
Wrentham,2025,regular,yes,LEO,https://www.wrentham.gov/DocumentCenter/View/4117,https://jamesnicholsworley.github.io/civicatlasma/pdfs/Wrentham2025_d0.pdf,verified_yes,scraped,YES,90,Wrentham2025_d0.pdf,yes,yes,hosted,https://jamesnicholsworley.github.io/civicatlasma/markdown/Wrentham2025.md,pypdf,,published,official
Wrentham,2026,regular,yes,cohort-2026,https://wrentham.gov/DocumentCenter/View/6293,,,,"landed 2026-09-01 from the round-9 gap sweep (official; whole document (2 pages)); artifact only, parse and gate follow",,,no,no,missing,,,https://wrentham.gov/DocumentCenter/View/6152/04-06-2026-Speciman-Ballot,published,official
Yarmouth,2021,regular,yes,NEWS,https://www.yarmouth.ma.us/580/Election-Results,,manual,,WITHDRAWN by the gate 2026-09-05 and coverage_state corrected 2026-09-10: the cited page is already recorded in known_bad_url as the wrong document. The gate reads data/json and decides what publish/ holds; coverage_state said published while the gate said DROP.,,,no,no,pdf_hosted,,playwright+docling-2.66.0,https://www.yarmouth.ma.us/580/Election-Results,published,news
Yarmouth,2022,regular,yes,LEO,https://www.yarmouth.ma.us/DocumentCenter/View/17173/2022-ANNUAL-TOWN-REPORT,,manual,,"uncitable (released 2026-08-23): the candidate URL 404s, and the file Yarmouth itself titles 'Official Results' (DocumentCenter/View/16015) is an unrelated older scan. The artifact and parse are preserved under data/setaside/uncited/ and re-land in one step if a citation is ever recovered",,,no,no,missing,,,https://yarmouth.ma.us/DocumentCenter/View/16753/Yarmouth-MA---Nov-8-2022-State-Election---UNOFFICIAL-RESULTS001pdf,published,official
Yarmouth,2023,regular,yes,NEWS,https://www.capecodtimes.com/story/news/politics/elections/local/2023/05/17/yarmouth-election-mark-forest-reelected-third-term-phillip-morris/70218526007/,,manual_sources,manual,,95,Yarmouth2023_d0.pdf,,yes,hosted,https://jamesnicholsworley.github.io/civicatlasma/markdown/Yarmouth2023.md,playwright+docling-2.66.0,,published,news
Yarmouth,2024,regular,yes,LEO,https://www.yarmouth.ma.us/DocumentCenter/View/18845/YARMOUTH-MA---ANNUAL-TOWN-ELECTION----05212024-OFFICIAL-FNL,,collect-crawl,,auto_resourced,,Yarmouth2024_d0.pdf,yes,yes,hosted,https://jamesnicholsworley.github.io/civicatlasma/markdown/Yarmouth2024.md,xlsx+docling-2.66.0,,published,official
Yarmouth,2025,regular,yes,LEO,https://web.archive.org/web/20250522140136id_/http://yarmouth.ma.us/DocumentCenter/View/20597/Yarmouth-MA---ANNUAL-TOWN-ELECTION---05202025---UNOFFICIAL-RESULTS,https://jamesnicholsworley.github.io/civicatlasma/pdfs/Yarmouth2025_d0.pdf,manual_sources,manual,CITATION REPAIRED 2026-08-21 (Wayback capture cited): 200 via curl_cffi chrome; 1pg PDF reads YARMOUTH MASSACHUSETTS ANNUAL TOWN ELECTION UNOFFICIAL RESULTS Tuesday May 20 20,95,Yarmouth2025_d0.pdf,yes,yes,hosted,https://jamesnicholsworley.github.io/civicatlasma/markdown/Yarmouth2025.md,pypdf,,published,official
Yarmouth,2026,regular,yes,cohort-2026,https://yarmouth.ma.us/DocumentCenter/View/22384/Yarmouth-MA---Annual-Town-Election-May-19-2026---Unofficial-Results---FNL,,,,,,,no,yes,hosted,,,,published,official
