municipality,year,priority,kind,url,title
Abington,2022,2,townmtg_election,https://www.abingtonma.gov/sites/g/files/vyhlif236/f/pages/glossary_town_meeting_2022_booklet.pdf,
Abington,2022,3,election_page,https://www.abingtonma.gov/article/2936041,Special Election Results
Abington,2022,3,election_page,https://www.abingtonma.gov/page/election-information/,
Abington,2022,3,election_page,https://www.abingtonma.gov/page/town-clerk,Town Clerk
Abington,2023,2,townmtg_election,https://core-docs.s3.us-east-1.amazonaws.com/documents/asset/uploaded_file/4608/toa/4021230/2023_Town_Meeting_Warrant_with_finance_committee_votes_and_town_manager_comments.pdf,2023 Town Meeting article
Abington,2023,3,election_page,https://www.abingtonma.gov/article/2936041,Special Election Results
Abington,2023,3,election_page,https://www.abingtonma.gov/page/election-information/,
Abington,2023,3,election_page,https://www.abingtonma.gov/page/town-clerk,Town Clerk
Abington,2024,2,townmtg_election,https://core-docs.s3.us-east-1.amazonaws.com/documents/asset/uploaded_file/4608/toa/4113595/Abington_Annual_Town_Meeting_Warrant_for_April_1__2024_w_Exhibits.pdf,in depth please review the warrant
Abington,2024,3,election_page,https://www.abingtonma.gov/article/2936041,Special Election Results
Abington,2024,3,election_page,https://www.abingtonma.gov/page/election-information/,
Abington,2024,3,election_page,https://www.abingtonma.gov/page/town-clerk,Town Clerk
Abington,2025,2,townmtg_election,https://core-docs.s3.us-east-1.amazonaws.com/documents/asset/uploaded_file/4608/toa/5468119/Warrant_for_Annual_Town_Meeting_April_7_2025_TO_BE_POSTED.pdf,Warrant for the 2025 Annual Town Meeting
Abington,2025,3,election_page,https://www.abingtonma.gov/article/2936041,Special Election Results
Abington,2025,3,election_page,https://www.abingtonma.gov/page/election-information/,
Abington,2025,3,election_page,https://www.abingtonma.gov/page/town-clerk,Town Clerk
Acushnet,2021,1,annual_report,https://acushnet.ma.us/ImageRepository/Document?documentID=363,Department / Town Clerk / Town Reports (History) / 2018 / 20
Acushnet,2021,2,townmtg_election,https://www.acushnet.ma.us/DocumentCenter/View/2730/Town-Meeting-Warrant-May-10-2021-PDF,
Acushnet,2021,3,election_page,https://acushnet.ma.us/1206/Town-Clerk,Town Clerk
Acushnet,2021,3,election_page,https://acushnet.ma.us/1928/2026-Annual-Town-Election-Results,2026 Annual Town Election Results
Acushnet,2024,2,townmtg_election,https://www.acushnet.ma.us/DocumentCenter/View/1589/Annual-Town-Meeting-Warrant---June-17-2024,
Acushnet,2024,2,townmtg_election,https://www.acushnet.ma.us/DocumentCenter/View/1595/Special-Fall-Town-Meeting-Warrant---September-30-2024,
Acushnet,2024,3,election_page,https://acushnet.ma.us/1206/Town-Clerk,Town Clerk
Acushnet,2024,3,election_page,https://acushnet.ma.us/1928/2026-Annual-Town-Election-Results,2026 Annual Town Election Results
Acushnet,2025,2,townmtg_election,https://www.acushnet.ma.us/DocumentCenter/View/1587/Annual-Town-Meeting---Zoning-Articles---June-16-2025,
Acushnet,2025,2,townmtg_election,https://www.acushnet.ma.us/DocumentCenter/View/1588/Annual-Town-Meeting-Warrant---June-16-2025,
Acushnet,2025,2,townmtg_election,https://www.acushnet.ma.us/DocumentCenter/View/1592/Special-Fall-Town-Meeting-Warrant---November-3-2025,
Acushnet,2025,2,townmtg_election,https://www.acushnet.ma.us/sites/g/files/vyhlif2721/f/news/annual_town_election_ballot_warrant_04-22-2025.pdf,
Adams,2024,2,townmtg_election,https://www.town.adams.ma.us/sites/g/files/vyhlif141/f/events/12.10.2024_special_town_meeting_warrent.pdf,
Adams,2024,2,townmtg_election,https://www.town.adams.ma.us/sites/g/files/vyhlif141/f/events/2024_town_election_calendar_0.pdf,
Adams,2024,2,townmtg_election,https://www.town.adams.ma.us/sites/g/files/vyhlif141/f/uploads/2021_-_2024_town_meeting_members.pdf,
Adams,2024,3,election_page,https://iberkshires.com/election,ELECTION
Agawam,2023,1,annual_report,https://agawam.ma.us/DocumentCenter/View/3032/Permit-Year-Six-Annual-Report---Final,"Year Six Annual Report - July 1, 2023 - June 30, 2024"
Agawam,2023,1,annual_report,https://www.agawam.ma.us/DocumentCenter/View/2385/Year-Five-Annual-Report---July-1-2022---June-30-2023,
Agawam,2023,3,election_page,https://agawam.ma.us/231/Election-Information,Election Information
Agawam,2023,3,election_page,https://agawam.ma.us/DocumentCenter/View/3428,2025 Municipal Election Results
Alford,2022,3,election_page,https://www.townofalford.org/town-clerk,Town Clerk
Alford,2023,2,townmtg_election,https://www.townofalford.org/sites/g/files/vyhlif6926/f/events/3-14-2023sepcial_town_meeting_letter_size.pdf,
Alford,2023,2,townmtg_election,https://www.townofalford.org/sites/g/files/vyhlif6926/f/news/3-14-2023sepcial_town_meeting_letter_size.pdf,
Alford,2023,3,election_page,https://www.townofalford.org/town-clerk,Town Clerk
Alford,2024,2,townmtg_election,https://www.townofalford.org/sites/g/files/vyhlif6926/f/news/special_town_meeting_11-19-2024_final-letter.pdf,
Alford,2024,2,townmtg_election,https://www.townofalford.org/sites/g/files/vyhlif6926/f/news/town_meeting_fy2024_-final_letter_size.pdf,
Alford,2024,3,election_page,https://www.townofalford.org/town-clerk,Town Clerk
Aquinnah,2021,1,annual_report,https://www.aquinnah-ma.gov/sites/g/files/vyhlif261/f/news/2021_aquinnah_annual_town_report.pdf,
Aquinnah,2021,4,minutes,https://www.aquinnah-ma.gov/sites/g/files/vyhlif261/f/minutes/11-09_11-16-2021_-_approved.pdf,
Aquinnah,2021,4,minutes,https://www.aquinnah-ma.gov/sites/g/files/vyhlif261/f/minutes/11-22-2021_-_approved.pdf,
Aquinnah,2021,4,minutes,https://www.aquinnah-ma.gov/sites/g/files/vyhlif261/f/minutes/11-30-2021_-_approved.pdf,
Aquinnah,2022,1,annual_report,https://www.aquinnah-ma.gov/sites/g/files/vyhlif261/f/news/aquinnah_town_report_2022.pdf,
Aquinnah,2022,4,minutes,https://www.aquinnah-ma.gov/sites/g/files/vyhlif261/f/minutes/01-18-2022_-_approved.pdf,
Aquinnah,2022,4,minutes,https://www.aquinnah-ma.gov/sites/g/files/vyhlif261/f/minutes/minutes_july_7_2022.pdf,
Aquinnah,2023,1,annual_report,https://www.aquinnah-ma.gov/sites/g/files/vyhlif261/f/events/2023_aquinnah_town_report.indd_.pdf,
Aquinnah,2023,2,townmtg_election,https://www.aquinnah-ma.gov/sites/g/files/vyhlif261/f/news/special_town_meeting_-_june_14_2023.pdf,
Ashby,2021,1,annual_report,https://drive.google.com/uc?export=download&id=1DUlVVGaRnzPpp3_KX17Bn6P_gvfs2zq0,Town Report 2021
Ashby,2021,3,election_page,https://ci.ashby.ma.us/departments/town-clerk/,Town Clerk
Ashby,2021,3,election_page,https://ci.ashby.ma.us/departments/town-clerk/town-clerk-dogs/,Dog/Kennel License
Ashby,2021,3,election_page,https://ci.ashby.ma.us/departments/town-clerk/voter-registration/,Voter Registration
Ashby,2022,1,annual_report,https://drive.google.com/uc?export=download&id=17Fdp0LJbSLHJ7LOtSzAOUV0y2Rd-rHcC,Town Report 2022
Ashby,2022,3,election_page,https://ci.ashby.ma.us/departments/town-clerk/,Town Clerk
Ashby,2022,3,election_page,https://ci.ashby.ma.us/departments/town-clerk/town-clerk-dogs/,Dog/Kennel License
Ashby,2022,3,election_page,https://ci.ashby.ma.us/departments/town-clerk/voter-registration/,Voter Registration
Ashby,2023,1,annual_report,https://drive.google.com/uc?export=download&id=1YRzQb19zslqov98vFBRoHiBmDaEP5ncP,Town Report 2023
Ashby,2023,3,election_page,https://ci.ashby.ma.us/departments/town-clerk/,Town Clerk
Ashby,2023,3,election_page,https://ci.ashby.ma.us/departments/town-clerk/town-clerk-dogs/,Dog/Kennel License
Ashby,2023,3,election_page,https://ci.ashby.ma.us/departments/town-clerk/voter-registration/,Voter Registration
Ashby,2024,1,annual_report,https://drive.google.com/uc?export=download&id=1sHM1XgUU5A-7iVpDZEtTQQzwKQKcMUHY,Town Report 2024
Ashby,2024,3,election_page,https://ci.ashby.ma.us/departments/town-clerk/,Town Clerk
Ashby,2024,3,election_page,https://ci.ashby.ma.us/departments/town-clerk/town-clerk-dogs/,Dog/Kennel License
Ashby,2024,3,election_page,https://ci.ashby.ma.us/departments/town-clerk/voter-registration/,Voter Registration
Ashby,2025,1,annual_report,https://drive.google.com/uc?export=download&id=1Ilvq8PWi-rpG-5kxxqCYtGfI_ntzuMi2,Town Report 2025
Ashby,2025,3,election_page,https://ci.ashby.ma.us/departments/town-clerk/,Town Clerk
Ashby,2025,3,election_page,https://ci.ashby.ma.us/departments/town-clerk/town-clerk-dogs/,Dog/Kennel License
Ashby,2025,3,election_page,https://ci.ashby.ma.us/departments/town-clerk/voter-registration/,Voter Registration
Ayer,2021,1,annual_report,https://www.ayer.ma.us/sites/g/files/vyhlif2756/f/uploads/2021_annual_report.pdf,
Ayer,2021,2,townmtg_election,https://www.ayer.ma.us/DocumentCenter/View/667/2021-Spring-Town-Meeting-Presentation-PDF,2021 Spring Town Meeting Presentation – Trust Bylaw Adoption
Ayer,2021,2,townmtg_election,https://www.ayer.ma.us/sites/ayerma/files/uploads/fy_2021_budget_town_meeting_calendar.pdf,
Ayer,2021,2,townmtg_election,https://www.ayer.ma.us/sites/g/files/vyhlif2756/f/news/2021_fall_special_town_meeting_warrant_10-25-2021.pdf,
Ayer,2023,2,townmtg_election,https://www.ayer.ma.us/DocumentCenter/View/2100/Ayer-Town-Meeting---Solicitation-and-Information-Guidelines-Adopted-February-2023-PDF,Town Meeting and Special Town Meeting Guidelines for Informa
Ayer,2023,2,townmtg_election,https://www.ayer.ma.us/DocumentCenter/View/2306/Ayer-Town-Meeting--Solicitation-and-Information-Guidelines-Adopted-February-2023-PDF,Town Meeting and Special Town Meeting Guidelines for Informa
Ayer,2023,2,townmtg_election,https://www.ayer.ma.us/DocumentCenter/View/4767/Summary-of-the-2023-Annual-Town-Meeting-Warrant---March-7-2023,"Summary of the 2023 Annual Town Meeting Warrant - March 7, 2"
Ayer,2023,2,townmtg_election,https://www.ayer.ma.us/DocumentCenter/View/4768/Approved-Debt-Exclusion-Ballot-Questions-for-the-Annual-Town-Election-on-May-9-2023-002,Approved Debt Exclusion Ballot Questions for the Annual Town
Becket,2021,3,election_page,https://townofbecket.org/town-clerk,Town Clerk
Becket,2021,3,election_page,https://www.townofbecket.org/town-meeting/links/town-meeting-minutes-election-results,Town Meeting Minutes / Election Results
Becket,2021,4,minutes,https://www.townofbecket.org/sites/g/files/vyhlif4146/f/minutes/2021-08-05_conservation_minutes.pdf,
Becket,2021,4,minutes,https://www.townofbecket.org/sites/g/files/vyhlif4146/f/minutes/2021-10-26_conservation_minutes.pdf,
Becket,2025,3,election_page,https://townofbecket.org/town-clerk,Town Clerk
Becket,2025,3,election_page,https://www.townofbecket.org/town-meeting/links/town-meeting-minutes-election-results,Town Meeting Minutes / Election Results
Becket,2025,4,minutes,https://www.townofbecket.org/sites/g/files/vyhlif4146/f/uploads/2025.09.20_stm_minutes_10092025144156.pdf,
Berlin,2022,1,annual_report,https://townofberlin.com/DocumentCenter/View/1162/2022-Annual-Town-Report,2022 Annual Town Report
Berlin,2022,1,annual_report,https://townofberlin.com/DocumentCenter/View/1296/Town-Report-2022,Town Report 2022
Berlin,2022,1,annual_report,https://www.townofberlin.com/sites/g/files/vyhlif4156/f/pages/town_reports_2022_online_4-5-2023.pdf,
Berlin,2022,2,townmtg_election,https://townofberlin.com/DocumentCenter/View/1161/2022-Annual-Town-Meeting-warrant-and-Finance-Committee-report-with-Fiscal-Year-2023-budget,2022 Annual Town Meeting warrant and Finance Committee repor
Berlin,2023,1,annual_report,https://townofberlin.com/DocumentCenter/View/1164/2023-Annual-Town-Report,2023 Annual Town Report
Berlin,2023,1,annual_report,https://townofberlin.com/DocumentCenter/View/1298/Town-Report-2023,Town Report 2023
Berlin,2023,1,annual_report,https://www.townofberlin.com/sites/g/files/vyhlif4156/f/pages/town_reports_2022_online_4-5-2023.pdf,
Berlin,2023,2,townmtg_election,https://townofberlin.com/DocumentCenter/View/1161/2022-Annual-Town-Meeting-warrant-and-Finance-Committee-report-with-Fiscal-Year-2023-budget,2022 Annual Town Meeting warrant and Finance Committee repor
Bernardston,2021,2,townmtg_election,http://townofbernardston.org/images/clerk/townmeetings/Minutes/FY22/ATM_2021_Town_Clerk_Meeting_Minutes_Official.pdf,
Bernardston,2021,2,townmtg_election,http://townofbernardston.org/images/clerk/townmeetings/Minutes/FY22/Special_Town_Meeting_Minutes_09_15_2021_Certified.pdf,
Bernardston,2021,2,townmtg_election,http://townofbernardston.org/images/clerk/townmeetings/Warrants/FY22/2021_09_15_STM_warrant.pdf,
Bernardston,2021,2,townmtg_election,http://townofbernardston.org/images/clerk/townmeetings/Warrants/FY22/ATM2021warrant_final-web.pdf,
Bernardston,2023,2,townmtg_election,http://www.townofbernardston.org/images/2023_04/Town_Election_Warrant_2023.pdf,
Bernardston,2023,3,election_page,https://townofbernardston.org/town-clerk,Town Clerk
Bernardston,2024,1,annual_report,https://townofbernardston.org/sites/g/files/vyhlif12736/files/media/selectboard/file/4966/Bernardston_Annual%20Report_2024.pdf,2024 Annual Town Report
Bernardston,2024,3,election_page,https://townofbernardston.org/town-clerk,Town Clerk
Blandford,2021,1,annual_report,https://townofblandford.com/wp-content/uploads/2021/05/annual-town-report-2020-2021.pdf,
Blandford,2021,1,annual_report,https://townofblandford.com/wp-content/uploads/2022/05/annual-town-report-2020-2021.pdf,
Blandford,2021,1,annual_report,https://townofblandford.com/wp-content/uploads/2023/05/annual-town-report-2021-2022.pdf,
Blandford,2021,1,annual_report,https://townofblandford.gov/wp-content/uploads/2022/05/annual-town-report-2020-2021.pdf,
Blandford,2022,1,annual_report,https://townofblandford.com/wp-content/uploads/2022/05/annual-town-report-2020-2021.pdf,
Blandford,2022,1,annual_report,https://townofblandford.com/wp-content/uploads/2023/05/annual-town-report-2021-2022.pdf,
Blandford,2022,1,annual_report,https://townofblandford.com/wp-content/uploads/2024/05/annual-town-report-2022-2023.pdf,
Blandford,2022,1,annual_report,https://townofblandford.gov/wp-content/uploads/2022/05/annual-town-report-2020-2021.pdf,
Blandford,2023,1,annual_report,https://townofblandford.com/wp-content/uploads/2023/05/annual-town-report-2021-2022.pdf,
Blandford,2023,1,annual_report,https://townofblandford.com/wp-content/uploads/2024/05/annual-town-report-2022-2023.pdf,
Blandford,2023,1,annual_report,https://townofblandford.com/wp-content/uploads/2025/05/annual-town-report-2023-2024.pdf,
Blandford,2023,1,annual_report,https://townofblandford.com/wp-content/uploads/2025/06/annual-town-report-2023-2024.pdf,
Blandford,2025,1,annual_report,https://townofblandford.com/wp-content/uploads/2025/05/annual-town-report-2023-2024.pdf,
Blandford,2025,1,annual_report,https://townofblandford.com/wp-content/uploads/2025/06/annual-town-report-2023-2024.pdf,
Blandford,2025,1,annual_report,https://townofblandford.gov/wp-content/uploads/2025/06/annual-town-report-2023-2024.pdf,
Blandford,2025,1,annual_report,https://townofblandford.gov/wp-content/uploads/2026/05/Annual-Town-Report-2025-2026-web.pdf,Annual Report 2025-2026
Bolton,2021,1,annual_report,https://www.bolton-ma.gov/DocumentCenter/View/405/2021-Annual-Town-Report,2021 Annual Town Report
Bolton,2021,2,townmtg_election,https://ma-bolton.civicplus.com/DocumentCenter/View/3797,May 3rd 2021 Annual Town Meeting Warrant?bidId=
Bolton,2021,2,townmtg_election,https://ma-bolton.civicplus.com/DocumentCenter/View/3846,Annual Town Meeting Election Calendar   FY 2021?bidId=
Bolton,2021,2,townmtg_election,https://www.townofbolton.com/sites/g/files/vyhlif2836/f/uploads/rules_of_town_meeting_2021_final.pdf,
Bolton,2022,1,annual_report,https://www.bolton-ma.gov/DocumentCenter/View/406/2022-Annual-Town-Report,2022 Annual Town Report
Bolton,2022,1,annual_report,https://www.townofbolton.com/sites/g/files/vyhlif2836/f/uploads/annual_report_2022_proof.pdf,
Bolton,2022,2,townmtg_election,https://ma-bolton.civicplus.com/DocumentCenter/View/3792,May 2nd 2022 Annual Town Meeting Warrant?bidId=
Bolton,2022,2,townmtg_election,https://ma-bolton.civicplus.com/DocumentCenter/View/3796,Annual Town Meeting Election Calendar   FY 2022?bidId=
Bourne,2021,1,annual_report,https://www.bourne-ma.gov/DocumentCenter/View/3317/2021-Town-Report,2021 Town Report
Bourne,2021,2,townmtg_election,https://ma-bourne.civicplus.com/DocumentCenter/View/1513,Special Town Meeting 111521 Agenda 11 15 2021 PDF?bidId=
Bourne,2021,2,townmtg_election,https://ma-bourne.civicplus.com/DocumentCenter/View/3636,Board of Selectmens Agenda   112421   Town Meeting Review 2 
Bourne,2021,2,townmtg_election,https://townofbourne.com/ImageRepository/Document?documentID=1227,Town Info / Town Meeting Information / Archive Town Meetings
Bourne,2022,1,annual_report,https://www.bourne-ma.gov/DocumentCenter/View/3316/2022-Town-Report,2022 Town Report
Bourne,2022,2,townmtg_election,https://ma-bourne.civicplus.com/DocumentCenter/View/1518,Annual Town Meeting 050222 Agenda 05 02 2022 PDF?bidId=
Bourne,2022,2,townmtg_election,https://ma-bourne.civicplus.com/DocumentCenter/View/8295,102422 Board of Selectmen   Pre Special Town Meeting Minutes
Bourne,2022,2,townmtg_election,https://townofbourne.com/ImageRepository/Document?documentID=1226,Town Info / Town Meeting Information / Archive Town Meetings
Bourne,2025,1,annual_report,https://www.bourne-ma.gov/DocumentCenter/View/11920,2025 Town Report
Bourne,2025,2,townmtg_election,https://townofbourne.com/ImageRepository/Document?documentID=1221,Town Info / Town Meeting Information / Archive Town Meetings
Bourne,2025,2,townmtg_election,https://townofbourne.com/ImageRepository/Document?documentID=457,Town Info / Town Meeting Information Investigation of Police
Bourne,2025,2,townmtg_election,https://www.bourne-ma.gov/DocumentCenter/View/11508/October-20-2025---Town-Meeting-Transcript-PDF,"October 20, 2025 - Town Meeting Transcript (PDF)"
Boylston,2021,2,townmtg_election,https://boylston-ma.gov/services/clerk/Documents/Services/Clerk/Town Meetings/stm_12062021_minutes_0.pdf?t=202406101022130,"Special Town Meeting: December 6, 2021"
Boylston,2021,2,townmtg_election,https://boylston-ma.gov/services/clerk/Documents/Services/Clerk/Town Meetings/town_meeting_minutes_2021_2.pdf?t=202406101022130,"Annual Town Meeting: June 7, 2021"
Boylston,2021,2,townmtg_election,https://www.boylston-ma.gov/sites/g/files/vyhlif4171/f/pages/town_meeting_minutes_2021_0.pdf,
Boylston,2021,2,townmtg_election,https://www.boylston-ma.gov/sites/g/files/vyhlif4171/f/uploads/2021_town_election_0.pdf,
Boylston,2025,2,townmtg_election,https://boylston-ma.gov/services/clerk/Documents/Government/Town Clerk/2025 Town Meeting Minutes.pdf?t=202508120946410,"Annual Town Meeting: May 5, 2025"
Boylston,2025,3,election_page,https://boylston-ma.gov/services/clerk/index.php,Town Clerk
Brewster,2025,2,townmtg_election,http://www.brewster-ma.gov/sites/g/files/vyhlif16031/f/uploads/annual_town_election_2025_0.pdf,
Bridgewater,2022,1,annual_report,https://www.bridgewaterma.gov/government/town_clerk/Documents/Government/Town Clerk/Annual Town Reports/TR2022-DoneV4.pdf?t=202603021404220,2022 Annual Town Report
Bridgewater,2022,2,townmtg_election,https://www.bridgewaterma.gov/government/town_clerk/elections/Documents/Government/Town Clerk/Elections/Election Results and Specimen Ballots/04.23.2022 Annual Town Election Specimen Ballot.pdf?t=202512260928300,04/23/2022 Annual Town Election Specimen Ballot
Bridgewater,2022,2,townmtg_election,https://www.bridgewaterma.gov/government/town_clerk/elections/Documents/Government/Town Clerk/Elections/Election Results and Specimen Ballots/04.23.2022 Annual Town Election Warrant.pdf?t=202512260928300,04/23/2022 Annual Town Election Warrant
Bridgewater,2022,2,townmtg_election,https://www.bridgewaterma.gov/government/town_clerk/elections/Documents/Government/Town Clerk/Elections/Election Results and Specimen Ballots/2022 State Primary Warrant.pdf?t=202512260928310,09/6/2022 State Primary Warrant
Bridgewater,2023,1,annual_report,https://www.bridgewaterma.gov/government/town_clerk/Documents/Government/Town Clerk/Annual Town Reports/TR2023-V6.pdf?t=202603021404520,2023 Annual Town Report
Bridgewater,2023,2,townmtg_election,https://bridgewaterma.org/DocumentCenter/View/5134/Annual-Town-Election-Warrant-4222023-signed,
Bridgewater,2023,2,townmtg_election,https://www.bridgewaterma.gov/government/town_clerk/elections/Documents/Government/Town Clerk/Elections/Campaign Reports/Vote Yes for Local Business - Alternative Compassion Services Dissolution Special Town Election 1.7.2023.pdf?t=202512260928370,Vote Yes for Local Business Alternative Compassion Services 
Bridgewater,2023,2,townmtg_election,https://www.bridgewaterma.gov/government/town_clerk/elections/Documents/Government/Town Clerk/Elections/Election Results and Specimen Ballots/ATE 4-22-2023 Results_202306021013297520.pdf?t=202512260928320,04/22/2023 Annual Town Election Results
Bridgewater,2024,1,annual_report,https://www.bridgewaterma.gov/government/town_clerk/Documents/Government/Town Clerk/Annual Town Reports/Annual Report 2021_202412301218018656 with Edits_202412310912462492.pdf?t=202512260928320,2021 Annual Town Report
Bridgewater,2024,1,annual_report,https://www.bridgewaterma.gov/government/town_clerk/Documents/Government/Town Clerk/Annual Town Reports/TR2024-V6.pdf?t=202605061331560,2024 Annual Town Report
Bridgewater,2024,2,townmtg_election,https://www.bridgewaterma.gov/government/town_clerk/elections/Documents/Government/Town Clerk/Elections/Campaign Reports/Tina Larson Town Election 4.27.2024 8 days preceding.pdf?t=202512260928360,"Tina Larson, Town Clerk Pre Election Report 4.27.2024"
Bridgewater,2024,2,townmtg_election,https://www.bridgewaterma.gov/government/town_clerk/elections/Documents/Government/Town Clerk/Elections/Election Results and Specimen Ballots/11052024 Specimen Ballot.pdf?t=202512260928300,11/05/2024 Presidential Election Specimen Ballot
Bridgewater,2025,1,annual_report,https://www.bridgewaterma.gov/government/town_clerk/Documents/Government/Town Clerk/Annual Town Reports/2015_Town-Report_2018-final.pdf?t=202512260928310,2015 Annual Town Report
Bridgewater,2025,1,annual_report,https://www.bridgewaterma.gov/government/town_clerk/Documents/Government/Town Clerk/Annual Town Reports/2017_Town-Report_final_with-financials_no-cover_202108101420598503.pdf?t=202512260928310,2017 Annual Town Report
Bridgewater,2025,1,annual_report,https://www.bridgewaterma.gov/government/town_clerk/Documents/Government/Town Clerk/Annual Town Reports/Annual Report 2021_202412301218018656 with Edits_202412310912462492.pdf?t=202512260928320,2021 Annual Town Report
Bridgewater,2025,1,annual_report,https://www.bridgewaterma.gov/government/town_clerk/Documents/Government/Town Clerk/Annual Town Reports/Bridgewater_2018_Town-Report_Final_rev_online-copy.pdf?t=202512260928320,2018 Annual Town Report
Brimfield,2021,1,annual_report,https://www.brimfieldma.org/sites/g/files/vyhlif4181/f/news/townreport2021.pdf,
Brimfield,2021,1,annual_report,https://www.brimfieldma.org/sites/g/files/vyhlif4181/f/pages/townreport2021.pdf,
Brimfield,2021,1,annual_report,https://www.brimfieldma.org/sites/g/files/vyhlif4181/f/uploads/townreport2021.pdf,
Brimfield,2021,3,election_page,https://brimfieldma.org/town-clerk,Town Clerk
Brimfield,2024,3,election_page,https://brimfieldma.org/town-clerk,Town Clerk
Brimfield,2024,3,election_page,https://www.brimfieldma.org/town-clerk/files/absentee-ballot-application,
Brimfield,2024,3,election_page,https://www.brimfieldma.org/town-clerk/pages/general-laws-zoning,General By-Laws & Zoning
Brimfield,2025,3,election_page,https://brimfieldma.org/town-clerk,Town Clerk
Brimfield,2025,3,election_page,https://www.brimfieldma.org/town-clerk/files/absentee-ballot-application,
Brimfield,2025,3,election_page,https://www.brimfieldma.org/town-clerk/pages/general-laws-zoning,General By-Laws & Zoning
Brookfield,2021,1,annual_report,https://www.brookfieldma.us/wp-content/uploads/2026/01/atr_2021.pdf,Annual Report – 2021
Brookfield,2021,3,election_page,https://www.brookfieldma.us/announcement-brookfield-annual-town-election/,
Brookfield,2021,3,election_page,https://www.brookfieldma.us/departments/town-clerk/,Town Clerk
Brookfield,2021,3,election_page,https://www.brookfieldma.us/wp-content/uploads/2026/04/election_main.jpg,
Brookfield,2022,1,annual_report,https://www.brookfieldma.us/wp-content/uploads/2026/01/brookfield_tr_22_web_cc_0.pdf,Annual Report – 2022
Brookfield,2022,2,townmtg_election,https://www.brookfieldma.us/sites/g/files/vyhlif2871/f/uploads/annual_town_election_info_-2022.pdf,
Brookfield,2022,3,election_page,https://www.brookfieldma.us/announcement-brookfield-annual-town-election/,
Brookfield,2022,3,election_page,https://www.brookfieldma.us/departments/town-clerk/,Town Clerk
Brookfield,2023,1,annual_report,https://www.brookfieldma.us/wp-content/uploads/2026/01/brookfield_tr_23_web_cc_1.pdf,Annual Report – 2023
Brookfield,2023,2,townmtg_election,https://www.brookfieldma.us/sites/g/files/vyhlif2871/f/uploads/annual_town_election_info_to_publish-2023_0.pdf,
Brookfield,2023,2,townmtg_election,https://www.brookfieldma.us/wp-content/uploads/2026/01/annual_town_election_info_to_publish-2023_0-1.pdf,Annual Town Election Notice 2023
Brookfield,2023,2,townmtg_election,https://www.brookfieldma.us/wp-content/uploads/2026/01/warrant_book_final_1.pdf,Annual Town Meeting Warrant 2023
Brookfield,2024,1,annual_report,https://www.brookfieldma.us/wp-content/uploads/2026/01/brookfield_tr_24_web_cc_for_website.pdf,Annual Report – 2024
Brookfield,2024,2,townmtg_election,https://www.brookfieldma.us/sites/g/files/vyhlif2871/f/uploads/annual_town_election_info_to_publish-2024_1.pdf,
Brookfield,2024,2,townmtg_election,https://www.brookfieldma.us/wp-content/uploads/2026/01/annual_town_election_info_to_publish-2024_1.pdf,Annual Town Election Notice 2024
Brookfield,2024,2,townmtg_election,https://www.brookfieldma.us/wp-content/uploads/2026/01/special_town_meeting_warrant-november_12_2024.pdf,Special Town Meeting Warrant (November 2024)
Brookfield,2025,1,annual_report,https://www.brookfieldma.us/wp-content/uploads/2026/05/Brookfield_2025_ATR_draft.pdf,Annual Town Report (Draft)
Brookfield,2025,3,election_page,https://www.brookfieldma.us/announcement-brookfield-annual-town-election/,
Brookfield,2025,3,election_page,https://www.brookfieldma.us/departments/town-clerk/,Town Clerk
Brookfield,2025,3,election_page,https://www.brookfieldma.us/wp-content/uploads/2026/04/election_main.jpg,
Cambridge,2025,1,annual_report,https://www.cambridgema.gov/-/media/Files/publicworksdepartment/vehiclemaintenance/cleanfleetannualreport2025v71.pdf,
Cambridge,2025,1,annual_report,https://www.cambridgepublichealth.org/wp-content/uploads/2026/02/Cambridge-Public-Health-Department-Annual-Report-Fiscal-Year-2025-1.pdf,"Cambridge Public Health Department Annual Report, Fiscal Yea"
Cambridge,2025,3,election_page,https://cambridgema.gov/Departments/electioncommission,Election Commission
Cambridge,2025,3,election_page,https://cambridgema.gov/Services/absenteevoting,Absentee Voting
Carver,2021,1,annual_report,https://www.carverma.gov/sites/g/files/vyhlif4221/f/pages/2021_town_report.pdf,
Carver,2021,2,townmtg_election,https://www.carverma.gov/sites/g/files/vyhlif4221/f/minutes/2021_annual_town_meeting_minutespart1.pdf,
Carver,2023,1,annual_report,https://www.carverma.gov/sites/g/files/vyhlif4221/f/pages/2023_town_report.pdf,
Carver,2023,4,minutes,https://www.carverma.gov/sites/g/files/vyhlif4221/f/minutes/2023_rec_mins.pdf,
Carver,2023,4,minutes,https://www.carverma.gov/sites/g/files/vyhlif4221/f/minutes/april_4_2023_special_meeting.pdf,
Carver,2023,4,minutes,https://www.carverma.gov/sites/g/files/vyhlif4221/f/minutes/january_11_2023.pdf,
Carver,2025,4,minutes,https://www.carverma.gov/sites/g/files/vyhlif4221/f/minutes/ces_school_council_minutes_1_15_2025.pdf,
Charlemont,2022,1,annual_report,https://www.charlemont-ma.us/files/Town_Report_for_year_ending_December_312022.pdf,
Charlemont,2022,2,townmtg_election,https://charlemont-ma.us/files/2022_Town_Meeting_Article_Handout.pdf,
Charlemont,2022,3,election_page,https://charlemont-ma.us/f/0/1028/Town-Clerk,Town Clerk
Charlemont,2022,3,election_page,https://charlemont-ma.us/n/20209/June-3-Election-Results,
Charlemont,2024,1,annual_report,https://charlemont-ma.us/news/newsfile_20171_Town_Report_2024.pdf,
Charlemont,2024,1,annual_report,https://charlemont-ma.us/news/newsfile_20171_dedication_2024_town_report.pdf,
Charlemont,2024,1,annual_report,https://charlemont-ma.us/news/newsfile_20206_Town_Report__Year_end_2024_finished.pdf,
Charlemont,2024,1,annual_report,https://charlemont-ma.us/news/newsfile_20242_Town_Report_Year_end_2025.pdf,Town Report Year end 2025.pdf
Charlemont,2025,1,annual_report,https://charlemont-ma.us/news/newsfile_20242_Town_Report_Year_end_2025.pdf,Town Report Year end 2025.pdf
Charlemont,2025,1,annual_report,https://www.charlemont-ma.us/files/Town_Report_Year_end_2025.pdf,
Charlemont,2025,2,townmtg_election,https://charlemont-ma.us/files/CharlemontTownMeeting2025_Minutes_Final.pdf,
Charlemont,2025,2,townmtg_election,https://charlemont-ma.us/files/FY_2025_Town_Meeting_Budget.pdf,
Cheshire,2021,1,annual_report,https://storage.googleapis.com/juniper-media-library/56/2024/01/2021 Annual Town Report.pdf,2021 Annual Town Report
Cheshire,2021,1,annual_report,https://storage.googleapis.com/juniper-media-library/56/2025/11/Year 3 Annual Report FY21.pdf,MS4 Annual Report Fiscal Year 2021
Cheshire,2021,3,election_page,https://cheshire-ma.gov/news-and-notices/annual-town-election-information,
Cheshire,2021,3,election_page,https://cheshire-ma.gov/news-and-notices/annual-town-election-voter-registration-session,
Cheshire,2023,1,annual_report,https://storage.googleapis.com/juniper-media-library/56/2024/07/2023 Cheshire Town Report full.pdf,2023 Annual Town Report
Cheshire,2023,1,annual_report,https://storage.googleapis.com/juniper-media-library/56/2025/11/Year 5 Annual Report.pdf,MS4 Annual Report Fiscal Year 2023
Cheshire,2023,2,townmtg_election,https://storage.googleapis.com/juniper-media-library/56/2024/01/2023%20Annual%20Town%20Election%20Information.pdf,2023 Annual Town Election Information
Cheshire,2023,3,election_page,https://cheshire-ma.gov/news-and-notices/annual-town-election-information,
Chester,2023,1,annual_report,https://townofchester.net/wp-content/uploads/2023/04/Town-of-Chester-Annual-Report-FY21-22.pdf,
Chester,2023,1,annual_report,https://townofchester.net/wp-content/uploads/2024/05/Town-of-Chester-Annual-Report-FY22-23.pdf,2022-2023 Report
Chester,2023,2,townmtg_election,https://townofchester.net/wp-content/uploads/2023/04/ATE-warrant-20230506.pdf,
Chester,2023,3,election_page,https://townofchester.net/2025/04/2025-annual-town-election-nominees/,
Chesterfield,2021,1,annual_report,https://www.townofchesterfieldma.com/sites/g/files/vyhlif7606/f/uploads/chesterfield_fy2021_town_report_final_4.13.22.pdf,
Chesterfield,2021,2,townmtg_election,https://www.townofchesterfieldma.com/sites/g/files/vyhlif7606/f/minutes/certified_votes_of_2021_annual_town_meeting.pdf,
Chesterfield,2021,3,election_page,https://www.townofchesterfieldma.com/town-clerk,Town Clerk
Chesterfield,2021,4,minutes,https://www.townofchesterfieldma.com/sites/g/files/vyhlif7606/f/minutes/122021_select_board_minutes.pdf,
Chesterfield,2025,3,election_page,https://www.townofchesterfieldma.com/town-clerk,Town Clerk
Chilmark,2022,2,townmtg_election,https://www.chilmarkma.gov/sites/g/files/vyhlif2951/f/uploads/chilmark_special_town_meeting_warrant_march_26_2022.pdf,
Chilmark,2022,2,townmtg_election,https://www.chilmarkma.gov/sites/g/files/vyhlif8411/f/events/chilmark_special_town_meeting_new_as_in_vgazette_09092022.pdf,
Chilmark,2022,2,townmtg_election,https://www.chilmarkma.gov/sites/g/files/vyhlif8411/f/uploads/chilmark_annual_town_meeting_and_election_warrant_april_25_and_27_2022_town_clerk_true_copy_attest.pdf,
Chilmark,2022,4,minutes,http://www.chilmarkma.gov/Pages/ChilmarkMA_SquibnocketAgendas/12022014s/Minutes%20Nov%2018%202014.pdf,
Chilmark,2025,2,townmtg_election,http://chilmarkma.gov/Pages/ChilmarkMA_TownMeeting/STM%20Sept%2025%202006%20FINAL.pdf,
Chilmark,2025,4,minutes,http://chilmarkma.gov/Pages/ChilmarkMA_SelectMin/2008/Minutes%20Chilmark%20Selectmen%20November%2025th%202008.pdf,
Chilmark,2025,4,minutes,http://www.chilmarkma.gov/Pages/ChilmarkMA_SelectMin/2007/MinutesSeptember%2025th%202007Chilmark%20Board%20of%20Selectmen.pdf,
Chilmark,2025,4,minutes,https://www.chilmarkma.gov/sites/g/files/vyhlif8411/f/agendas/chilmark_planning_board_draft_minutes_12082025.pdf,
Clarksburg,2022,1,annual_report,https://clarksburgma.gov/specMedia/Clarksburg-Annual-Report-FY2022.pdf,
Clarksburg,2022,3,election_page,http://www.clarksburgma.gov/2022-annual-town-election-results,
Clarksburg,2022,3,election_page,http://www.clarksburgma.gov/2023-election-results,
Clarksburg,2022,3,election_page,http://www.clarksburgma.gov/annual-town-election-results,
Clarksburg,2023,1,annual_report,https://clarksburgma.gov/specMedia/Clarkburg-Annual-Report-FY2023.pdf,
Clarksburg,2023,3,election_page,http://www.clarksburgma.gov/2022-annual-town-election-results,
Clarksburg,2023,3,election_page,http://www.clarksburgma.gov/2023-election-results,
Clarksburg,2023,3,election_page,http://www.clarksburgma.gov/annual-town-election-results,
Clarksburg,2025,1,annual_report,https://clarksburgma.gov/specMedia/ANNUAL-TOWN-REPORT-FY-25_4-14-26.pdf,2025 Annual Report
Clarksburg,2025,3,election_page,http://www.clarksburgma.gov/2022-annual-town-election-results,
Clarksburg,2025,3,election_page,http://www.clarksburgma.gov/2023-election-results,
Clarksburg,2025,3,election_page,http://www.clarksburgma.gov/annual-town-election-results,
Colrain,2021,1,annual_report,https://colrain-ma.gov/files/Colrain_2021_Annual_Report.pdf,
Colrain,2021,1,annual_report,https://colrain-ma.gov/meetings/29757/2021_Annual_Report_.pdf,
Colrain,2021,1,annual_report,https://colrain-ma.gov/meetings/29766/2021_Annual_Report_.pdf,
Colrain,2021,2,townmtg_election,https://colrain-ma.gov/files/Annual_Town_Meeting_Warrant_FY2021_as_voted.pdf,
Conway,2021,2,townmtg_election,https://conwayma.gov/files/Town_Meeting_2021-06-05_Annual_Minutes.pdf,
Conway,2021,3,election_page,https://conwayma.gov/p/104/Elections,Elections
Conway,2021,3,election_page,https://conwayma.gov/p/22/Town-Clerk,
Conway,2021,3,election_page,https://conwayma.gov/p/42/Voting-in-Massachusetts,
Conway,2022,2,townmtg_election,https://conwayma.gov/files/Town_Meeting_2022-06-04_Annual_Minutes.pdf,
Conway,2022,3,election_page,https://conwayma.gov/p/104/Elections,Elections
Conway,2022,3,election_page,https://conwayma.gov/p/22/Town-Clerk,
Conway,2022,3,election_page,https://conwayma.gov/p/42/Voting-in-Massachusetts,
Conway,2023,2,townmtg_election,https://conwayma.gov/files/2023_Special_Town_Meeting_Voter_Guide.pdf,
Conway,2023,3,election_page,https://conwayma.gov/p/104/Elections,Elections
Conway,2023,3,election_page,https://conwayma.gov/p/22/Town-Clerk,
Conway,2023,3,election_page,https://conwayma.gov/p/42/Voting-in-Massachusetts,
Conway,2024,2,townmtg_election,https://conwayma.gov/files/2004_through_2024_Certified_Town_Meeting_Minutes.pdf,
Conway,2024,2,townmtg_election,https://conwayma.gov/files/2024_pre-town_meeting_poster.pdf,
Conway,2024,2,townmtg_election,https://conwayma.gov/files/Town_Meeting_Minutes_2024.pdf,
Conway,2024,3,election_page,https://conwayma.gov/p/104/Elections,Elections
Conway,2025,2,townmtg_election,https://conwayma.gov/files/2025_pre-town_meeting_poster.pdf,
Conway,2025,3,election_page,https://conwayma.gov/p/104/Elections,Elections
Conway,2025,3,election_page,https://conwayma.gov/p/22/Town-Clerk,
Conway,2025,3,election_page,https://conwayma.gov/p/42/Voting-in-Massachusetts,
Cummington,2022,1,annual_report,https://cummington-ma.gov/DDGAssets/Content/FY2022TownReport.pdf,
Cummington,2022,1,annual_report,https://cummington-ma.gov/PDFs/TownReportFY2022.pdf,
Cummington,2022,3,election_page,https://cummington-ma.gov/Boards.php?2,Town Clerk
Cummington,2023,1,annual_report,https://cummington-ma.gov/PDFs/TownReportFY2023.pdf,
Cummington,2023,3,election_page,https://cummington-ma.gov/Boards.php?2,Town Clerk
Cummington,2024,1,annual_report,https://cummington-ma.gov/PDFs/TownReportFY2024.pdf,
Cummington,2024,3,election_page,https://cummington-ma.gov/Boards.php?2,Town Clerk
Cummington,2025,1,annual_report,https://cummington-ma.gov/DDGAssets/Board/WWildScAnnRpt2025Rev.pdf,Westfield Wild and Scenic Committee 2025 Annual Report.
Cummington,2025,3,election_page,https://cummington-ma.gov/Boards.php?2,Town Clerk
Dalton,2025,1,annual_report,https://dalton-ma.gov/wp-content/uploads/2025/05/2024-Annual-Report-FINAL.pdf,ANNUAL REPORTS OF THE TOWN OF DALTON MASSACHUSETTS FOR 2024
Dalton,2025,1,annual_report,https://dalton-ma.gov/wp-content/uploads/2025/05/DAR2023-FINAL.pdf,ANNUAL REPORTS OF THE TOWN OF DALTON MASSACHUSETTS FOR 2023
Dalton,2025,1,annual_report,https://dalton-ma.gov/wp-content/uploads/2025/07/Town-of-Dalton-Annual-Report_FY20.pdf,Storm Water Annual Report FY20
Dalton,2025,1,annual_report,https://dalton-ma.gov/wp-content/uploads/2025/07/Town-of-Dalton-Annual-Report_FY23.pdf,Storm Water Annual Report FY23
Deerfield,2025,2,townmtg_election,https://deerfieldma.us/DocumentCenter/View/2123,FY2025 Annual Town Meeting Guide 4262024 Final?bidId=
Deerfield,2025,2,townmtg_election,https://deerfieldma.us/DocumentCenter/View/2503/2025-ATE-Information-and-Seats,2025 ATE Information and Seats
Deerfield,2025,2,townmtg_election,https://deerfieldma.us/DocumentCenter/View/2722,2025 ATM ATE Warrant with return?bidId=
Deerfield,2025,2,townmtg_election,https://www.deerfieldma.us/DocumentCenter/View/2673/Town-Election-Ballot-May-2025,
Douglas,2025,2,townmtg_election,https://douglas-ma.gov/DocumentCenter/View/4495,2025 Open Seats for ATE?bidId=
Douglas,2025,3,election_page,https://douglas-ma.gov/213/Town-Clerk,Town Clerk
Douglas,2025,3,election_page,https://douglas-ma.gov/221/Annual-Election-Information,Annual Election Information
Douglas,2025,3,election_page,https://douglas-ma.gov/Archive.aspx?AMID=50,Election Warrants
Dracut,2021,2,townmtg_election,https://www.dracutma.gov/DocumentCenter/View/495,Town Meeting June 14 2021 Vote PDF?bidId=
Dracut,2021,2,townmtg_election,https://www.dracutma.gov/DocumentCenter/View/505,Annual Fall Town Meeting November 1 2021 Vote PDF?bidId=
Dracut,2021,2,townmtg_election,https://www.dracutma.gov/DocumentCenter/View/506,Annual Fall Town Meeting November 1 2021 Warrant PDF?bidId=
Dracut,2021,2,townmtg_election,https://www.dracutma.gov/DocumentCenter/View/509,Special Town Meeting November 1 2021 Vote PDF?bidId=
Dracut,2023,2,townmtg_election,https://dracutma.gov/ImageRepository/Document?documentID=568,Town Meeting 2023
Dracut,2023,2,townmtg_election,https://www.dracutma.gov/DocumentCenter/View/1890/Annual-Town-Election-Sample-Ballot-04-13-2023-PDF,
Dracut,2023,2,townmtg_election,https://www.dracutma.gov/DocumentCenter/View/1936/Town-Meeting-June-5th-2023-Warrant-PDF,
Dracut,2023,2,townmtg_election,https://www.dracutma.gov/DocumentCenter/View/2058/Town-Meeting-Warrant-and-Motions-FINAL---June-5-2023-PDF,
Dudley,2021,3,election_page,https://dudleyma.gov/AgendaCenter/ViewFile/Agenda/_06152026-369,Annual Town Election Warrant
Dudley,2021,3,election_page,https://www.dudleyma.gov/233/Town-Clerk,Town Clerk
Dudley,2021,3,election_page,https://www.dudleyma.gov/276/Election-Voter-Resources,Election Voter Resources
Dunstable,2023,1,annual_report,https://www.dunstable-ma.gov/sites/g/files/vyhlif4361/f/uploads/092723_dunstable_ma-ms4-yr5-new-permittees.pdf,MS4 Annual Report 2023
Dunstable,2023,1,annual_report,https://www.dunstable-ma.gov/sites/g/files/vyhlif4361/f/uploads/advisory_board_2023_annual_report.pdf,
Dunstable,2023,3,election_page,https://dunstable-ma.gov/town-clerk,Town Clerk
Dunstable,2023,3,election_page,https://www.dunstable-ma.gov/town-clerk/files/town-clerk-fees,
East Bridgewater,2021,1,annual_report,https://ma-eastbridgewater.civicplus.com/DocumentCenter/View/1765/2021-Annual-Town-Report-PDF,2021 Annual Town Report (PDF)
East Bridgewater,2021,1,annual_report,https://www.eastbridgewaterma.gov/DocumentCenter/View/600/2021-Annual-Town-Report-PDF,
East Bridgewater,2021,2,townmtg_election,https://ma-eastbridgewater.civicplus.com/DocumentCenter/View/1780/June-14-2021-Special-and-Annual-Town-Meeting-PDF,"June 14, 2021 Special and Annual Town Meeting (PDF)"
East Bridgewater,2021,2,townmtg_election,https://ma-eastbridgewater.civicplus.com/DocumentCenter/View/771/2021-ATE-Candidate-Campaign-Finance-Forms-PDF,2021 ATE Candidate Campaign Finance Forms (PDF)
East Bridgewater,2022,1,annual_report,https://ma-eastbridgewater.civicplus.com/DocumentCenter/View/1766/2022-Annual-Town-Report-PDF,2022 Annual Town Report (PDF)
East Bridgewater,2022,1,annual_report,https://www.eastbridgewaterma.gov/DocumentCenter/View/601/2022-Annual-Town-Report-PDF,
East Bridgewater,2022,2,townmtg_election,https://ma-eastbridgewater.civicplus.com/DocumentCenter/View/1762/November-14-2022-Special-Town-Meeting-PDF,"November 14, 2022 Special Town Meeting (PDF)"
East Bridgewater,2022,2,townmtg_election,https://ma-eastbridgewater.civicplus.com/DocumentCenter/View/1767/May-9-2022-Special-and-Annual-Town-Meeting-PDF,"May 9, 2022 Special and Annual Town Meeting (PDF)"
East Bridgewater,2023,1,annual_report,https://ma-eastbridgewater.civicplus.com/DocumentCenter/View/1760/2023-Annual-Town-Report-PDF,2023 Annual Town Report (PDF)
East Bridgewater,2023,1,annual_report,https://www.eastbridgewaterma.gov/DocumentCenter/View/602/2023-Annual-Town-Report-PDF,
East Bridgewater,2023,2,townmtg_election,https://ma-eastbridgewater.civicplus.com/DocumentCenter/View/1763/October-2-2023-Special-Town-Meeting-PDF,"October 2, 2023 Special Town Meeting (PDF)"
East Bridgewater,2023,2,townmtg_election,https://ma-eastbridgewater.civicplus.com/DocumentCenter/View/1764/May-8-2023-Special-and-Annual-Town-Meeting-PDF,"May 8, 2023 Special and Annual Town Meeting (PDF)"
East Bridgewater,2025,2,townmtg_election,https://eastbridgewaterma.gov/DocumentCenter/View/1754/Town-Meeting---May-12-2025---Warrant---Final-Version-DOCX,File Town Meeting - May 12 2025 - Warrant - Final Version (D
East Bridgewater,2025,2,townmtg_election,https://eastbridgewaterma.gov/DocumentCenter/View/1755/Annual-Town-Meeting---May-12-2025---Operating-Budget-PDF,Annual Town Meeting - May 12 2025 - Operating Budget (PDF)
East Bridgewater,2025,3,election_page,https://eastbridgewaterma.gov/1694/Town-Clerk,Town Clerk
East Bridgewater,2025,3,election_page,https://eastbridgewaterma.gov/2185/Special-Town-Election---November-15-2025,"Special Town Election - November 15, 2025"
East Brookfield,2021,3,election_page,https://eastbrookfieldma.us/1201/Town-Clerk,
East Brookfield,2021,3,election_page,https://eastbrookfieldma.us/1277/Annual-Town-Election,
East Brookfield,2021,3,election_page,https://eastbrookfieldma.us/AgendaCenter/ViewFile/Agenda/_06172025-40?html=true,Town Clerk Meeting with no agenda
East Brookfield,2021,4,minutes,https://eastbrookfieldma.us/DocumentCenter/View/683,Town Clerk Minutes 11 08 2021?bidId=
East Brookfield,2022,3,election_page,https://eastbrookfieldma.us/1201/Town-Clerk,
East Brookfield,2022,3,election_page,https://eastbrookfieldma.us/1277/Annual-Town-Election,
East Brookfield,2022,3,election_page,https://eastbrookfieldma.us/AgendaCenter/ViewFile/Agenda/_06172025-40?html=true,Town Clerk Meeting with no agenda
East Brookfield,2022,4,minutes,https://eastbrookfieldma.us/DocumentCenter/View/688,Town Clerk Minutes 10 04 2022?bidId=
East Brookfield,2023,3,election_page,https://eastbrookfieldma.us/1201/Town-Clerk,
East Brookfield,2023,3,election_page,https://eastbrookfieldma.us/1277/Annual-Town-Election,
East Brookfield,2023,3,election_page,https://eastbrookfieldma.us/AgendaCenter/ViewFile/Agenda/_06172025-40?html=true,Town Clerk Meeting with no agenda
East Brookfield,2023,4,minutes,https://eastbrookfieldma.us/DocumentCenter/View/692,Town Clerk Minutes 10 10 2023?bidId=
East Brookfield,2024,3,election_page,https://eastbrookfieldma.us/1201/Town-Clerk,
East Brookfield,2024,3,election_page,https://eastbrookfieldma.us/1277/Annual-Town-Election,
East Brookfield,2024,3,election_page,https://eastbrookfieldma.us/AgendaCenter/ViewFile/Agenda/_06172025-40?html=true,Town Clerk Meeting with no agenda
East Brookfield,2024,4,minutes,https://eastbrookfieldma.us/DocumentCenter/View/694,Town Clerk Minutes 11 18 2024?bidId=
Edgartown,2022,3,election_page,https://edgartown-ma.us/departments/town-clerk,Town Clerk
Edgartown,2022,3,election_page,https://edgartown-ma.us/departments/town-clerk/dog-licensing,Dog Licensing
Edgartown,2022,3,election_page,https://edgartown-ma.us/departments/town-clerk/marriage-licenses,Marriage Licenses
Edgartown,2023,3,election_page,https://edgartown-ma.us/departments/town-clerk,Town Clerk
Edgartown,2023,3,election_page,https://edgartown-ma.us/departments/town-clerk/dog-licensing,Dog Licensing
Edgartown,2023,3,election_page,https://edgartown-ma.us/departments/town-clerk/marriage-licenses,Marriage Licenses
Egremont,2021,1,annual_report,https://www.egremont-ma.gov/DocumentCenter/View/231,Electric Aggregation Annual Report 2021 Spreadsheet PDF?bidI
Egremont,2021,1,annual_report,https://www.egremont-ma.gov/DocumentCenter/View/232,Electric Aggregation Annual Report 2021 PDF?bidId=
Egremont,2021,1,annual_report,https://www.egremont-ma.gov/DocumentCenter/View/237/2021-Annual-Report-PDF,
Egremont,2021,1,annual_report,https://www.egremont-ma.gov/DocumentCenter/View/850,Planning Board Annual Report for July 1 2021 to June 30 2022
Erving,2022,2,townmtg_election,https://www.erving-ma.gov/sites/g/files/vyhlif4401/f/uploads/special_town_meeting_march_5_2022_vote_certificate.pdf,
Erving,2022,3,election_page,https://erving-ma.gov/255/Town-Clerk,Town Clerk
Erving,2022,4,minutes,https://erving-ma.gov/AgendaCenter/ViewFile/Minutes/_02022026-343,
Erving,2022,4,minutes,https://www.erving-ma.gov/DocumentCenter/View/1162,07 11 2022 Board of Assessors Minutes PDF?bidId=
Erving,2023,3,election_page,https://erving-ma.gov/255/Town-Clerk,Town Clerk
Erving,2023,4,minutes,https://www.erving-ma.gov/DocumentCenter/View/1149,02 28 2023 Board of Assessors Executive Session Minutes PDF?
Erving,2023,4,minutes,https://www.erving-ma.gov/DocumentCenter/View/1150,02 13 2023 Board of Assessors Minutes PDF?bidId=
Erving,2023,4,minutes,https://www.erving-ma.gov/DocumentCenter/View/1151,02 13 2023 Board of Assessors Executive Session Minutes PDF?
Erving,2025,1,annual_report,https://www.erving-ma.gov/DocumentCenter/View/2973/2025-Annual-Town-Report-PDF,Calendar Year 2025 Report (PDF)
Erving,2025,3,election_page,https://erving-ma.gov/255/Town-Clerk,Town Clerk
Erving,2025,4,minutes,https://erving-ma.gov/AgendaCenter/ViewFile/Minutes/_01162025-104,
Erving,2025,4,minutes,https://erving-ma.gov/AgendaCenter/ViewFile/Minutes/_01282025-121,
Foxborough,2023,4,minutes,"http://foxboroughma.gov/Pages/FoxboroughMA_BOSMin/Minutes%202010/Minutes%20March%2023,%202010.pdf",
Foxborough,2023,4,minutes,"http://foxboroughma.gov/Pages/FoxboroughMA_BOSMin/Minutes%202014/Sept.%2023,%202014%20Meeting%20Minutes",
Foxborough,2023,4,minutes,http://foxboroughma.gov/Pages/FoxboroughMA_COAMin/June%2023%202016%20Minutes.pdf,
Foxborough,2023,4,minutes,"http://www.foxboroughma.gov/Pages/FoxboroughMA_BOSMin/Minutes%202009/Minutes%20June%2023,%202009.pdf",
Georgetown,2021,1,annual_report,https://georgetownma.gov/government/boards___commissions/planning_board/Document Center/Government/Boards & Commissions/Planning Board/MA Dept. of Energy Resources - Green/georgetown_gc-annual-report-2021.xlsx?t=202306300850250,MA Dept. of Energy Resources - Green Communities Annual Repo
Georgetown,2021,1,annual_report,https://www.georgetownma.gov/sites/g/files/vyhlif616/f/uploads/annual_town_report_fy2021-1.pdf,
Georgetown,2021,1,annual_report,https://www.georgetownma.gov/sites/g/files/vyhlif616/f/uploads/light_department_annual_report-2021.pdf,
Georgetown,2021,2,townmtg_election,https://georgetownma.gov/departments/town_administrator/Document Center/Departments/Town Administrator/Town Meeting Warrants/annual_town_meeting_6212021.pdf?t=202306300850130,"June 21, 2021 ATM Warrant"
Georgetown,2022,1,annual_report,https://www.georgetownma.gov/sites/g/files/vyhlif616/f/uploads/light_department_annual_report-2022.pdf,
Georgetown,2022,2,townmtg_election,https://georgetownma.gov/departments/town_administrator/Document Center/Departments/Town Administrator/Documents & Forms/doc042522.pdf?t=202306300850090,"ATM / STM Town Meeting May 2, 2022"
Georgetown,2022,2,townmtg_election,https://georgetownma.gov/departments/town_administrator/Document Center/Departments/Town Administrator/Town Meeting Warrants/atm_stm_town_meeting_warrant_3022022.pdf?t=202306300850150,atm_stm_town_meeting_warrant_3022022
Georgetown,2022,2,townmtg_election,https://georgetownma.gov/departments/town_administrator/Document Center/Departments/Town Administrator/Town Meeting Warrants/doc042522_0.pdf?t=202306300850130,"May 2, 2022 ATM / STM Warrant"
Gill,2021,2,townmtg_election,https://gillmass.org/files/2021-0626_Annual_Town_Meeting_Warrant_Motions_Explanations_DRAFT_1.pdf,
Gill,2021,2,townmtg_election,https://www.gillmass.org/files/2021-0626_Annual_Town_Meeting_Warrant_FINAL.pdf,
Gill,2021,3,election_page,https://gillmass.org/TownClerk,Town Clerk
Gill,2021,3,election_page,https://gillmass.org/f/0/65/Town-Clerk-Documents--Forms,Town Clerk Documents & Forms
Gill,2022,2,townmtg_election,https://gillmass.org/files/2022-0523_Annual_Town_Meeting_Warrant_final.pdf,
Gill,2022,3,election_page,https://gillmass.org/TownClerk,Town Clerk
Gill,2022,3,election_page,https://gillmass.org/f/0/65/Town-Clerk-Documents--Forms,Town Clerk Documents & Forms
Gill,2022,3,election_page,https://gillmass.org/p/36/Town-Clerk,
Gill,2023,2,townmtg_election,https://gillmass.org/files/2023-1127_Town_Meeting_Proposed_Gill-Kearsarge_Solar_PILOT_Agreement_231108.pdf,
Gill,2023,3,election_page,https://gillmass.org/TownClerk,Town Clerk
Gill,2023,3,election_page,https://gillmass.org/f/0/65/Town-Clerk-Documents--Forms,Town Clerk Documents & Forms
Gill,2023,3,election_page,https://gillmass.org/p/36/Town-Clerk,
Gill,2024,3,election_page,https://gillmass.org/TownClerk,Town Clerk
Gill,2024,3,election_page,https://gillmass.org/f/0/65/Town-Clerk-Documents--Forms,Town Clerk Documents & Forms
Gill,2024,3,election_page,https://gillmass.org/p/36/Town-Clerk,
Gill,2024,4,minutes,https://gillmass.org/files/Gill_FinanceCommittee_2024-12-09_Minutes.pdf,
Gill,2025,3,election_page,https://gillmass.org/TownClerk,Town Clerk
Gill,2025,3,election_page,https://gillmass.org/f/0/65/Town-Clerk-Documents--Forms,Town Clerk Documents & Forms
Gill,2025,3,election_page,https://gillmass.org/p/36/Town-Clerk,
Gill,2025,4,minutes,https://gillmass.org/files/Gill_Selectboard_2025-01-13_Minutes_with_FinCom.pdf,
Gosnold,2021,3,election_page,https://www.gosnold-ma.gov/222/Town-Clerk,
Gosnold,2022,3,election_page,https://www.gosnold-ma.gov/222/Town-Clerk,
Gosnold,2023,3,election_page,https://www.gosnold-ma.gov/222/Town-Clerk,
Gosnold,2024,3,election_page,https://www.gosnold-ma.gov/222/Town-Clerk,
Gosnold,2025,1,annual_report,https://drive.google.com/uc?export=download&id=1w1gaRDo0yQYnkBHGsTBtCm4X5mGZL_BqzssdqpjvWWI,Town Report 2025
Gosnold,2025,3,election_page,https://www.gosnold-ma.gov/222/Town-Clerk,
Granby,2021,3,election_page,https://granby-ma.gov/elections,Elections
Granby,2021,3,election_page,https://granby-ma.gov/townclerk,Town Clerk
Granby,2021,4,minutes,"http://granby-ma.gov/Pages/GranbyMA_Clerk/TC-Minutes/2010-Minutes/June%2021,%202010%20Special%20Town%20Meeting.pdf",
Granby,2021,4,minutes,http://www.granby-ma.gov/Pages/GranbyMA_CoA/COAMin/2012/MINUTES%202152012.pdf,
Granby,2022,1,annual_report,https://www.granby-ma.gov/sites/g/files/vyhlif4466/f/uploads/2022_annual_report_0.pdf,
Granby,2022,3,election_page,https://granby-ma.gov/elections,Elections
Granby,2022,3,election_page,https://granby-ma.gov/townclerk,Town Clerk
Granby,2022,4,minutes,"http://www.granby-ma.gov/Pages/GranbyMA_Clerk/TC-Minutes/2010-Minutes/February%2022,%202010%20Special%20Town%20Meeting.pdf",
Granby,2023,3,election_page,https://granby-ma.gov/elections,Elections
Granby,2023,3,election_page,https://granby-ma.gov/townclerk,Town Clerk
Granby,2023,4,minutes,http://www.granby-ma.gov/pages/GranbyMA_ConservationMin/2013/July%2023-Minutes-ConCom.pdf,
Granby,2024,3,election_page,https://granby-ma.gov/elections,Elections
Granby,2024,3,election_page,https://granby-ma.gov/townclerk,Town Clerk
Granby,2025,3,election_page,https://granby-ma.gov/elections,Elections
Granby,2025,3,election_page,https://granby-ma.gov/townclerk,Town Clerk
Great Barrington,2021,1,annual_report,https://www.townofgb.org/DocumentCenter/View/924,FY22 Annual Town Report PDF July 1 2021 to June 30 2022?bidI
Great Barrington,2021,2,townmtg_election,https://townofgb.org/DocumentCenter/View/1304/June-7-2021-Annual-Town-Meeting-Warrant-PDF,"June 7, 2021 Annual Town Meeting Warrant (PDF)"
Great Barrington,2021,2,townmtg_election,https://townofgb.org/ImageRepository/Document?documentID=201,Department / Town Clerk / Town Meetings 2021
Great Barrington,2021,3,election_page,https://theberkshireedge.com/tag/elections/,elections
Great Barrington,2023,1,annual_report,https://www.townofgb.org/DocumentCenter/View/922,FY 24 Annual Town Report PDF July 1 2023 to June 30 2024?bid
Great Barrington,2023,1,annual_report,https://www.townofgb.org/DocumentCenter/View/923,FY 23 Annual Town Report PDF July 1 2022 to June 30 2023?bid
Great Barrington,2023,2,townmtg_election,https://townofgb.org/DocumentCenter/View/1326/May-1-2023-Annual-Town-Meeting-Warrant-PDF,"May 1, 2023 Annual Town Meeting Warrant (PDF)"
Great Barrington,2023,2,townmtg_election,https://townofgb.org/DocumentCenter/View/1327/October-23-2023-Special-Town-Meeting-Warrant-PDF,"October 23, 2023 Special Town Meeting Warrant (PDF)"
Great Barrington,2025,1,annual_report,https://townofgb.org/DocumentCenter/View/2448/SCAC-Annual-Report-2025,Seasonal Communities Advisory Council – 2025 Annual Report
Great Barrington,2025,2,townmtg_election,https://townofgb.org/DocumentCenter/View/1151/2025-TOWN-MEETING---FY26-BUDGET-SUMMARIES,FY 26 Budget
Great Barrington,2025,2,townmtg_election,https://townofgb.org/DocumentCenter/View/1346/April-17-2025-Special-Town-Meeting-PDF,"April 17, 2025 Special Town Meeting (PDF)"
Great Barrington,2025,2,townmtg_election,https://townofgb.org/DocumentCenter/View/1347/May-3-2025-Annual-Town-Meeting,"May 3, 2025 Annual Town Meeting"
Hadley,2025,3,election_page,https://hadleyma.org/town-clerk,Town Clerk
Hadley,2025,3,election_page,https://www.hadleyma.org/town-clerk/pages/transfer-station,Transfer Station
Hadley,2025,3,election_page,https://www.hadleyma.org/town-clerk/pages/voting-elections,Voting & Elections
Hampden,2021,1,annual_report,https://www.hampdenma.gov/sites/g/files/vyhlif656/f/uploads/annual_report_hampden_2021.pdf,
Hampden,2021,3,election_page,https://hampdenma.gov/203/Town-Clerk,Town Clerk
Hampden,2021,3,election_page,https://hampdenma.gov/274/Town-Meetings-Elections,Elections & Town Meetings
Hampden,2021,3,election_page,https://hampdenma.gov/AgendaCenter/Town-Meetings-Elections-26,View Most Recent Warrants and Minutes
Hampden,2022,3,election_page,https://hampdenma.gov/203/Town-Clerk,Town Clerk
Hampden,2022,3,election_page,https://hampdenma.gov/274/Town-Meetings-Elections,Elections & Town Meetings
Hampden,2022,3,election_page,https://hampdenma.gov/AgendaCenter/Town-Meetings-Elections-26,View Most Recent Warrants and Minutes
Hampden,2022,4,minutes,https://www.hampdenma.gov/sites/g/files/vyhlif656/f/minutes/atm_minutes_05-09-2022.pdf,
Hampden,2023,3,election_page,https://hampdenma.gov/203/Town-Clerk,Town Clerk
Hampden,2023,3,election_page,https://hampdenma.gov/274/Town-Meetings-Elections,Elections & Town Meetings
Hampden,2023,3,election_page,https://hampdenma.gov/AgendaCenter/Town-Meetings-Elections-26,View Most Recent Warrants and Minutes
Hampden,2024,2,townmtg_election,https://hampdenma.gov/DocumentCenter/View/1190,Town Meeting   ADU DRAFT 12 11 2024 PDF?bidId=
Hampden,2024,3,election_page,https://hampdenma.gov/203/Town-Clerk,Town Clerk
Hampden,2024,3,election_page,https://hampdenma.gov/274/Town-Meetings-Elections,Elections & Town Meetings
Hampden,2024,3,election_page,https://hampdenma.gov/AgendaCenter/Town-Meetings-Elections-26,View Most Recent Warrants and Minutes
Hancock,2022,1,annual_report,https://town.hancock.ma.us/files/2023/04/OFFICIAL-TOWN-REPORT-FY2022.pdf,
Hancock,2023,1,annual_report,https://town.hancock.ma.us/files/2023/04/OFFICIAL-TOWN-REPORT-FY2022.pdf,
Hancock,2023,1,annual_report,https://town.hancock.ma.us/files/2024/04/2023-Town-of-Hancock-Annual-Report-Final.pdf,
Hancock,2024,1,annual_report,https://town.hancock.ma.us/files/2024/04/2023-Town-of-Hancock-Annual-Report-Final.pdf,
Hancock,2024,1,annual_report,https://town.hancock.ma.us/files/2025/04/2024-Town-of-Hancock-Annual-Report-COMPLETE.pdf,
Hanson,2025,4,minutes,https://www.hanson-ma.gov/sites/g/files/vyhlif3231/f/minutes/january_22_2025_minutes.pdf,
Hanson,2025,4,minutes,https://www.hanson-ma.gov/sites/g/files/vyhlif3231/f/minutes/january_8_2025_minutes.pdf,
Hatfield,2021,2,townmtg_election,https://townofhatfield.org/DocumentCenter/View/1083,Town Clerk Meeting Agenda 05 18 2021 Annual Town Election Sa
Hatfield,2021,3,election_page,https://townofhatfield.org/217/Town-Clerk,
Hatfield,2021,3,election_page,https://townofhatfield.org/371/Annual-Town-Meeting-Election-Information,
Hatfield,2021,3,election_page,https://townofhatfield.org/CivicAlerts.aspx?AID=48,Voting by Mail in 2026
Hatfield,2022,2,townmtg_election,https://townofhatfield.org/DocumentCenter/View/1133,Town Clerk Meeting Agenda 05 10 2022 Annual Town Meeting War
Hatfield,2022,3,election_page,https://townofhatfield.org/217/Town-Clerk,
Hatfield,2022,3,election_page,https://townofhatfield.org/371/Annual-Town-Meeting-Election-Information,
Hatfield,2022,3,election_page,https://townofhatfield.org/CivicAlerts.aspx?AID=48,Voting by Mail in 2026
Hatfield,2023,3,election_page,https://townofhatfield.org/217/Town-Clerk,
Hatfield,2023,3,election_page,https://townofhatfield.org/371/Annual-Town-Meeting-Election-Information,
Hatfield,2023,3,election_page,https://townofhatfield.org/CivicAlerts.aspx?AID=48,Voting by Mail in 2026
Hatfield,2023,4,minutes,https://townofhatfield.org/DocumentCenter/View/2952,Board of Health Meeting Minutes 09   27   2023?bidId=
Hatfield,2024,3,election_page,https://townofhatfield.org/217/Town-Clerk,
Hatfield,2024,3,election_page,https://townofhatfield.org/371/Annual-Town-Meeting-Election-Information,
Hatfield,2024,3,election_page,https://townofhatfield.org/CivicAlerts.aspx?AID=48,Voting by Mail in 2026
Hatfield,2024,4,minutes,https://townofhatfield.org/DocumentCenter/View/2919,Agriculture Advisory Commission Meeting Minutes 12   10   20
Hatfield,2025,3,election_page,https://townofhatfield.org/217/Town-Clerk,
Hatfield,2025,3,election_page,https://townofhatfield.org/371/Annual-Town-Meeting-Election-Information,
Hatfield,2025,3,election_page,https://townofhatfield.org/CivicAlerts.aspx?AID=48,Voting by Mail in 2026
Hatfield,2025,4,minutes,https://townofhatfield.org/ImageRepository/Document?documentID=520,Agendas and Minutes / Minutes / Community Preservation Commi
Hawley,2023,1,annual_report,https://townofhawley.com/wp-content/uploads/2023/09/2012-Hawley-Annual-Town-Report.pdf,
Hawley,2023,1,annual_report,https://townofhawley.com/wp-content/uploads/2023/09/2013-Hawley-Annual-Town-Report.pdf,
Hawley,2023,1,annual_report,https://townofhawley.com/wp-content/uploads/2023/09/2014-Hawley-Annual-Town-Report.pdf,
Hawley,2023,1,annual_report,https://townofhawley.com/wp-content/uploads/2023/09/2015-Hawley-Annual-Town-Report.pdf,
Hawley,2025,1,annual_report,https://townofhawley.com/wp-content/uploads/2025/04/Hawley-Town-Report-2024.pdf,
Hawley,2025,1,annual_report,https://townofhawley.com/wp-content/uploads/2026/04/Hawley-Town-Report-2025-FINAL.pdf,
Hawley,2025,3,election_page,https://townofhawley.com/election-news-and-more/,
Hawley,2025,3,election_page,https://townofhawley.com/hawley-election-particulars/,
Heath,2021,1,annual_report,https://townofheath.org/news/newsfile_9139_Board_of_Health_Annual_Report_2021_FINAL.pdf,
Heath,2021,1,annual_report,https://townofheath.org/news/newsfile_9143_2021HeathAnnualReport-web.pdf,
Heath,2021,3,election_page,https://townofheath.org/p/1185/Duties-of-the-Town-Clerk,Duties of the Town Clerk
Heath,2021,3,election_page,https://townofheath.org/p/132/Early-and-Absentee-Voting,
Heath,2022,1,annual_report,https://townofheath.org/news/newsfile_9204_2022_HeathAnnualReport-WEB2.pdf,
Heath,2022,3,election_page,https://townofheath.org/p/1185/Duties-of-the-Town-Clerk,Duties of the Town Clerk
Heath,2022,3,election_page,https://townofheath.org/p/132/Early-and-Absentee-Voting,
Heath,2022,3,election_page,https://townofheath.org/p/19/Town-Clerk,
Heath,2023,2,townmtg_election,https://townofheath.org/files/2023_Annual_Town_Election_Warrant.pdf,
Heath,2023,2,townmtg_election,https://townofheath.org/files/2023_Annual_Town_Meeting_Warrant_Handout.docx,
Heath,2023,2,townmtg_election,https://townofheath.org/files/Annual_Town_Election_Warrant_2023.pdf,
Heath,2023,2,townmtg_election,https://townofheath.org/files/Annual_Town_Meeting_Warrant_2023_Handout.pdf,
Heath,2024,1,annual_report,https://townofheath.org/news/newsfile_11271_2024_HeathAnnualReport-print.pdf,
Heath,2024,2,townmtg_election,https://townofheath.org/files/2024_Local_Town_Elections.pdf,
Heath,2024,3,election_page,https://townofheath.org/p/1185/Duties-of-the-Town-Clerk,Duties of the Town Clerk
Heath,2024,3,election_page,https://townofheath.org/p/132/Early-and-Absentee-Voting,
Heath,2025,1,annual_report,https://townofheath.org/files/2025_Annual_Town_Report_WEB_FINAL.pdf,
Heath,2025,1,annual_report,https://townofheath.org/files/FCTS_Annual_Report_2025.pdf,
Heath,2025,1,annual_report,https://townofheath.org/files/MTRSD_HRSD_Superintendent_2025_Annual_Report.pdf,
Heath,2025,1,annual_report,https://townofheath.org/files/MTRSD_Principal_Annual_Report_2025.pdf,
Hinsdale,2021,1,annual_report,https://www.hinsdalemass.com/sites/g/files/vyhlif7501/f/uploads/2021_annual_report.pdf,
Hinsdale,2021,3,election_page,https://hinsdalemass.com/1265/Town-Clerk,Town Clerk
Hinsdale,2021,3,election_page,https://hinsdalemass.com/1265/Town-Clerk---Dawn-Frissell-email-clerkhi,"Town Clerk - Dawn Frissell, email: clerk@hinsdalema.gov"
Hinsdale,2021,3,election_page,https://hinsdalemass.com/DocumentCenter/View/376/Beneficiary-Selection-Form-Option-D-2020,Beneficiary Selection Form - Option D 2020
Hinsdale,2022,1,annual_report,https://www.hinsdalemass.com/sites/g/files/vyhlif7501/f/news/full_2022_hinsdale_town_report-electronic_copy.pdf,
Hinsdale,2022,2,townmtg_election,https://www.hinsdalemass.com/sites/g/files/vyhlif7501/f/minutes/annual_town_meeting_minutes_may_4_2022.pdf,
Hinsdale,2022,2,townmtg_election,https://www.hinsdalemass.com/sites/g/files/vyhlif7501/f/news/annual_town_meeting_minutes_may_4_2022.pdf,
Hinsdale,2022,2,townmtg_election,https://www.hinsdalemass.com/sites/g/files/vyhlif7501/f/news/annual_town_meeting_minutes_may_4_2022_0.pdf,
Hinsdale,2024,3,election_page,https://hinsdalemass.com/1265/Town-Clerk,Town Clerk
Hinsdale,2024,3,election_page,https://hinsdalemass.com/1265/Town-Clerk---Dawn-Frissell-email-clerkhi,"Town Clerk - Dawn Frissell, email: clerk@hinsdalema.gov"
Hinsdale,2024,3,election_page,https://hinsdalemass.com/DocumentCenter/View/376/Beneficiary-Selection-Form-Option-D-2020,Beneficiary Selection Form - Option D 2020
Hinsdale,2024,4,minutes,https://hinsdalemass.com/ImageRepository/Document?documentID=101,Agendas and Minutes / Agendas / Plunkett Beach Committee 202
Hinsdale,2025,3,election_page,https://hinsdalemass.com/1265/Town-Clerk,Town Clerk
Hinsdale,2025,3,election_page,https://hinsdalemass.com/1265/Town-Clerk---Dawn-Frissell-email-clerkhi,"Town Clerk - Dawn Frissell, email: clerk@hinsdalema.gov"
Hinsdale,2025,3,election_page,https://hinsdalemass.com/DocumentCenter/View/376/Beneficiary-Selection-Form-Option-D-2020,Beneficiary Selection Form - Option D 2020
Hinsdale,2025,4,minutes,https://hinsdalemass.com/AgendaCenter/ViewFile/Minutes/_03122025-156,
Holland,2022,2,townmtg_election,https://town.holland.ma.us/sites/g/files/vyhlif3266/f/agendas/hcc_agenda_june_14_2022_cancel_due_to_town_election_day_1.pdf,
Holland,2022,3,election_page,https://town.holland.ma.us/town-clerk-notary-public,Town Clerk
Holland,2022,4,minutes,https://town.holland.ma.us/sites/g/files/vyhlif3266/f/events/mvp_core_team_meeting-cmrpc-_8-11-2022_agenda-minutes-docs_2.pdf,
Holland,2022,4,minutes,https://town.holland.ma.us/sites/g/files/vyhlif3266/f/minutes/04-21-2022_minutes_approved_0.pdf,
Hopedale,2021,2,townmtg_election,https://www.hopedale-ma.gov/DocumentCenter/View/3047,Special Town Meeting 10 16 2021?bidId=
Hopedale,2021,2,townmtg_election,https://www.hopedale-ma.gov/DocumentCenter/View/3049,ANNUALSPECIAL TOWN MEETING MINUTES 05 22 2021?bidId=
Hopedale,2021,2,townmtg_election,https://www.hopedale-ma.gov/DocumentCenter/View/3050,SPECIAL TOWN ELECTION MINUTES 06 29 2021?bidId=
Hopedale,2021,2,townmtg_election,https://www.hopedale-ma.gov/DocumentCenter/View/5072,ANNUAL TOWN MEETING WARRANT 05   22   2021?bidId=
Hopedale,2025,3,election_page,https://hopedale-ma.gov/1230/Town-Clerk,Town Clerk
Hopedale,2025,3,election_page,https://hopedale-ma.gov/1464/Town-Clerk-Fees,Town Clerk Fees
Hopedale,2025,3,election_page,https://www.hopedale-ma.gov/1751/Election-and-Voter-Information,
Hopedale,2025,4,minutes,https://hopedale-ma.gov/ImageRepository/Document?documentID=638,Agendas & Minutes / Minutes / Council on Aging 2025
Hopkinton,2021,1,annual_report,https://ehop.org/wp/wp-content/uploads/2021/05/2020-ANNUAL-TOWN-REPORT-HOPKINTON-MA-WEB-sm.pdf,
Hopkinton,2021,1,annual_report,https://ehop.org/wp/wp-content/uploads/2022/05/Hopkinton-Annual-Town-Report-2021-for-web.pdf,
Hopkinton,2021,2,townmtg_election,https://ehop.org/wp/wp-content/uploads/2021/04/2021-Hopkinton-Annual-Town-Meeting-Warrant-Final.pdf,
Hopkinton,2021,2,townmtg_election,https://ehop.org/wp/wp-content/uploads/2021/05/2021-05-22-Annual-Town-Election-Sample-Ballot.pdf,
Hopkinton,2023,1,annual_report,https://ehop.org/wp/wp-content/uploads/2023/04/Hopkinton-Annual-Town-Report-2022_sm.pdf,
Hopkinton,2023,1,annual_report,https://ehop.org/wp/wp-content/uploads/2024/04/Hopkinton-Annual-Town-Report-2023.pdf,
Hopkinton,2023,2,townmtg_election,https://ehop.org/wp/wp-content/uploads/2022/12/2023-Annual-Town-Meeting-FY24-Budget-Timeline.pdf,
Hopkinton,2023,2,townmtg_election,https://ehop.org/wp/wp-content/uploads/2023/04/2023-Town-Meeting-Motions-Document-Hopkinton-MA.pdf,
Hubbardston,2021,1,annual_report,https://www.hubbardstonma.us/sites/g/files/vyhlif3276/f/news/annual_report_2021_complete.pdf,
Hubbardston,2021,2,townmtg_election,https://www.hubbardstonma.us/sites/g/files/vyhlif3276/f/pages/final_candidate_list_for_june_8_2021_town_election_0.pdf,
Hubbardston,2021,3,election_page,https://hubbardstonma.us/208/Town-Clerk,Town Clerk
Hubbardston,2021,3,election_page,https://hubbardstonma.us/275/ElectionTown-Meeting-Information,Election/Town Meeting Information
Huntington,2021,3,election_page,https://huntingtonma.us/node/371,Elections
Huntington,2021,3,election_page,https://huntingtonma.us/town-clerk,Town Clerk
Huntington,2023,3,election_page,https://huntingtonma.us/node/371,Elections
Huntington,2023,3,election_page,https://huntingtonma.us/town-clerk,Town Clerk
Huntington,2024,3,election_page,https://huntingtonma.us/node/371,Elections
Huntington,2024,3,election_page,https://huntingtonma.us/town-clerk,Town Clerk
Huntington,2025,3,election_page,https://huntingtonma.us/node/371,Elections
Huntington,2025,3,election_page,https://huntingtonma.us/town-clerk,Town Clerk
Lanesborough,2021,1,annual_report,https://lanesborough-ma.gov/government/Document Center/Government/Town Meeting/2021/2020_lanesboro_town_report_for_website.pdf?t=202210051326380,FY20 Annual Town Report
Lanesborough,2021,1,annual_report,https://lanesborough-ma.gov/government/Document Center/Government/Town Meeting/2022/2021_full_lanesborough_town_report.pdf?t=202210051326380,FY21 Annual Town Report
Lanesborough,2021,1,annual_report,https://www.lanesborough-ma.gov/sites/g/files/vyhlif761/f/pages/mccann_annual_report_2021.pdf,
Lanesborough,2021,2,townmtg_election,https://lanesborough-ma.gov/government/Document Center/Government/Town Meeting/2021/annual_town_meeting_warrant_2021.pdf?t=202210051326380,FY22 Annual Town Meeting Warrant
Lanesborough,2024,1,annual_report,https://lanesborough-ma.gov/government/2024 Lanesborough Town Report Revised post print copy.pdf?t=202506021606460,FY24 Lanesborough Town Report Revised post print copy
Lanesborough,2024,1,annual_report,https://lanesborough-ma.gov/government/2nd Revised 2022 Lanesborough Town Report interior lo-rez proof.pdf?t=202404221130500,FY22 Annual Town Report
Lanesborough,2024,1,annual_report,https://lanesborough-ma.gov/government/Document Center/2023 Lanesborough Town Report.pdf?t=202408081304490,FY23 Annual Town Report
Lanesborough,2024,1,annual_report,https://lanesborough-ma.gov/government/town_reports/Lanesborough Pavement Evaluation Report 2024_Draft.pdf?t=202607221241580,2024 Lanesborough Pavement Evaluation Report
Lanesborough,2025,1,annual_report,https://lanesborough-ma.gov/business/business_directory/2025 LAN biz directory - REVISED for Annual Report 2.docx?t=202601181322170,Full 2026 Business Directory Here
Lanesborough,2025,1,annual_report,https://lanesborough-ma.gov/government/2024 Lanesborough Town Report Revised post print copy.pdf?t=202506021606460,FY24 Lanesborough Town Report Revised post print copy
Lanesborough,2025,1,annual_report,https://lanesborough-ma.gov/government/2025 Lanesborough Town Report.pdf?t=202607021421580,2025 Annual Town Report
Lanesborough,2025,1,annual_report,https://lanesborough-ma.gov/government/town_reports/Lanesborough Master Plan Final V4.pdf?t=202607221448250,2025 Master Plan
Lee,2023,3,election_page,https://lee.ma.us/174/Town-Clerk,Town Clerk
Lee,2023,3,election_page,https://lee.ma.us/235/Past-Town-Elections,Past Town Elections
Lee,2023,3,election_page,https://lee.ma.us/DocumentCenter/View/418/2023-Town-Clerk-Fee-Schedule,2023 Town Clerk Fee Schedule
Lee,2023,4,minutes,https://leema.gov/DocumentCenter/View/296/Minutes-STM-FY-24-December-2023-PDF,Minutes (PDF)
Lee,2024,3,election_page,https://lee.ma.us/174/Town-Clerk,Town Clerk
Lee,2024,3,election_page,https://lee.ma.us/235/Past-Town-Elections,Past Town Elections
Lee,2024,3,election_page,https://lee.ma.us/DocumentCenter/View/418/2023-Town-Clerk-Fee-Schedule,2023 Town Clerk Fee Schedule
Lee,2024,4,minutes,http://www.lee.ma.us/sites/g/files/vyhlif771/f/minutes/2024_10_02_minutes.pdf,
Lee,2025,2,townmtg_election,http://www.lee.ma.us/sites/g/files/vyhlif771/f/uploads/2025_fy_2026_annual_town_meeting_warrent.pdf,
Lee,2025,2,townmtg_election,https://leema.gov/DocumentCenter/View/1304/2025-FY-2026-Annual-Town-Meeting-Warrant-May-8,"2025 (FY 2026) Annual Town Meeting Warrant, May 8"
Lee,2025,2,townmtg_election,https://www.lee.ma.us/sites/g/files/vyhlif771/f/uploads/2025_fy_2026_annual_town_meeting_warrent.pdf?ref=writing.strisker.com,
Lee,2025,3,election_page,https://lee.ma.us/174/Town-Clerk,Town Clerk
Lenox,2021,1,annual_report,https://townoflenox.com/DocumentCenter/View/371/Annual-Town-Report-2021,Annual Town Report 2021
Lenox,2021,2,townmtg_election,https://www.townoflenox.com/sites/g/files/vyhlif3341/f/news/final_4-6-2021_agricultural_uses_bylaw_for_town_meeting.pdf,
Lenox,2021,2,townmtg_election,https://www.townoflenox.com/sites/g/files/vyhlif3341/f/uploads/zoning_bylaw_2021_annual_town_meeting_approved_zoning_bylaw.pdf,
Lenox,2021,2,townmtg_election,https://www.townoflenox.com/sites/g/files/vyhlif3341/f/uploads/zoning_bylaw_2021_annual_town_meeting_approved_zoning_bylaw_2.pdf,
Lenox,2022,1,annual_report,https://townoflenox.com/DocumentCenter/View/375/Annual-Town-Report-2022,Annual Town Report 2022
Lenox,2022,3,election_page,https://townoflenox.com/1200/Town-Clerk,Town Clerk
Lenox,2022,3,election_page,https://townoflenox.com/1490/2026-Annual-Town-Meeting-Annual-Town-Ele,2026 Annual Town Meeting & Annual Town Election Materials
Lenox,2022,3,election_page,https://townoflenox.com/m/newsflash/Home/Detail/23,2026 Election Calendar & Dates
Lenox,2023,1,annual_report,https://townoflenox.com/DocumentCenter/View/376/Annual-Town-Report-2023,Annual Town Report 2023
Lenox,2023,3,election_page,https://townoflenox.com/1200/Town-Clerk,Town Clerk
Lenox,2023,3,election_page,https://townoflenox.com/1490/2026-Annual-Town-Meeting-Annual-Town-Ele,2026 Annual Town Meeting & Annual Town Election Materials
Lenox,2023,3,election_page,https://townoflenox.com/m/newsflash/Home/Detail/23,2026 Election Calendar & Dates
Lenox,2024,1,annual_report,https://townoflenox.com/DocumentCenter/View/377/Annual-Town-Report-2024,Annual Town Report 2024
Lenox,2024,2,townmtg_election,https://townoflenox.com/ImageRepository/Document?documentID=106,Departments / Town Manager 2024 Town Meeting Budget Presenta
Lenox,2024,3,election_page,https://townoflenox.com/1200/Town-Clerk,Town Clerk
Lenox,2024,3,election_page,https://townoflenox.com/1490/2026-Annual-Town-Meeting-Annual-Town-Ele,2026 Annual Town Meeting & Annual Town Election Materials
Lenox,2025,1,annual_report,https://townoflenox.com/DocumentCenter/View/3428/Annual-Town-Report-2025,Annual Town Report 2025
Lenox,2025,3,election_page,https://townoflenox.com/1200/Town-Clerk,Town Clerk
Lenox,2025,3,election_page,https://townoflenox.com/1490/2026-Annual-Town-Meeting-Annual-Town-Ele,2026 Annual Town Meeting & Annual Town Election Materials
Lenox,2025,3,election_page,https://townoflenox.com/m/newsflash/Home/Detail/23,2026 Election Calendar & Dates
Leverett,2024,2,townmtg_election,https://leverett.ma.us/news/newsfile_12135_2024_budget_for_town_meeting.pdf,newsfile 12135 2024 budget for town meeting.pdf
Leverett,2024,2,townmtg_election,https://leverett.ma.us/news/newsfile_12136_2024_budget_for_town_meeting.pdf,
Leverett,2024,3,election_page,https://leverett.ma.us/d/0/?cid=69,Town Clerk
Leverett,2024,3,election_page,https://leverett.ma.us/f/0/16/Town-Clerk-Files,Town Clerk Files
Leverett,2025,2,townmtg_election,https://leverett.ma.us/news/newsfile_13198_May_3_2025_Annual_Town_Meeting_warrant.pdf,
Leverett,2025,3,election_page,https://leverett.ma.us/d/0/?cid=69,Town Clerk
Leverett,2025,3,election_page,https://leverett.ma.us/f/0/16/Town-Clerk-Files,Town Clerk Files
Leverett,2025,3,election_page,https://leverett.ma.us/p/29/Town-Clerk,
Leyden,2021,2,townmtg_election,https://www.townofleyden.com/news/newsfile_99_FY2021_Budget_for_Annual_Town_Meeting.pdf,
Leyden,2021,3,election_page,https://townofleyden.com/f/0/1053/Elections-and-Town-Meetings,Elections and Town Meetings
Leyden,2021,3,election_page,https://townofleyden.com/p/111/Voting-and-Elections,Voting and Election Information
Leyden,2021,3,election_page,https://townofleyden.com/p/40/Town-Clerk,
Leyden,2022,1,annual_report,https://townofleyden.com/files/2022_Annual_Town_Report.pdf,
Leyden,2022,2,townmtg_election,https://townofleyden.com/files/Annual_Town_Meeting_2022-06-21_Warrant.pdf,
Leyden,2022,2,townmtg_election,https://townofleyden.com/files/Special_Town_Meeting_2022-06-21_Warrant.pdf,
Leyden,2022,3,election_page,https://townofleyden.com/f/0/1053/Elections-and-Town-Meetings,Elections and Town Meetings
Ludlow,2021,1,annual_report,https://ludlow.ma.us/wp-content/uploads/sites/2/2025/05/2021-Annual-Town-Report.pdf,
Ludlow,2021,2,townmtg_election,https://ludlow.ma.us/wp-content/uploads/sites/2/2025/06/Annual-Town-Meeting-Warrant-2021-05-10.pdf,
Ludlow,2021,2,townmtg_election,https://ludlow.ma.us/wp-content/uploads/sites/2/2025/06/Special-Town-Meeting-Warrant-2021-10-04.pdf,
Ludlow,2021,3,election_page,https://ludlow.ma.us/category/town-clerk/,Documents and Resources
Ludlow,2022,1,annual_report,https://ludlow.ma.us/wp-content/uploads/sites/2/2025/05/2022-Annual-Town-Report.pdf,
Ludlow,2022,1,annual_report,https://ludlow.ma.us/wp-content/uploads/sites/2/2025/05/Collector-Town-Report-2022.pdf,
Ludlow,2022,2,townmtg_election,http://www.ludlow.ma.us/reports/clerk/2022-town_election_openings.pdf,
Ludlow,2022,2,townmtg_election,https://ludlow.ma.us/wp-content/uploads/sites/2/2025/06/Annual-Town-Meeting-Warrant-2022-05-09.pdf,
Mansfield,2021,1,annual_report,https://www.mansfieldma.com/DocumentCenter/View/5395/Annual-Town-Report-2021-PDF,
Mansfield,2021,2,townmtg_election,https://mansfieldma.com/ImageRepository/Document?documentID=309,Town Meetings ATM 2021
Mansfield,2021,2,townmtg_election,https://mansfieldma.com/ImageRepository/Document?documentID=312,"Elections / 2021 Annual Town Election May 11, 2021 Annual To"
Mansfield,2021,2,townmtg_election,https://www.mansfieldma.com/DocumentCenter/View/4182/2021-Special-Town-Meeting-Motions-Packet,
Marion,2021,1,annual_report,https://www.marionma.gov/sites/g/files/vyhlif3406/f/pages/2021_annual_report.pdf,
Marion,2021,1,annual_report,https://www.marionma.gov/sites/g/files/vyhlif3406/f/uploads/2021_annual_report.pdf,
Marion,2021,3,election_page,https://marionma.gov/272/Town-Meeting-Election-Information,
Marion,2021,3,election_page,https://marionma.gov/902/Past-Town-Meeting-and-Election-Informati,
Marion,2022,1,annual_report,https://www.marionma.gov/sites/g/files/vyhlif3406/f/pages/annual_report_2022.pdf,
Marion,2022,3,election_page,https://marionma.gov/272/Town-Meeting-Election-Information,
Marion,2022,3,election_page,https://marionma.gov/902/Past-Town-Meeting-and-Election-Informati,
Marion,2022,3,election_page,https://www.marionma.gov/762/Town-Meeting-Information,TOWN MEETING & ELECTION INFORMATION
Marion,2023,1,annual_report,https://marionma.gov/DocumentCenter/View/1157,2023 Annual Report (PDF)
Marion,2023,1,annual_report,https://www.marionma.gov/DocumentCenter/View/1157/2023-Annual-Report-PDF,
Marion,2023,1,annual_report,https://www.marionma.gov/DocumentCenter/View/1157/2023-Annual-Report-PDF?bidId=,
Marion,2023,2,townmtg_election,https://marionma.gov/DocumentCenter/View/2750,"October 23, 2023 Special Town Meeting Minutes (PDF)"
Mashpee,2022,1,annual_report,https://mashpeema.gov/DocumentCenter/View/1282/2022-Annual-Report,2022 Annual Report
Mashpee,2022,1,annual_report,https://www.mashpeema.gov/DocumentCenter/View/4349/2022-Annual-Report,2022 Annual Report
Mashpee,2022,2,townmtg_election,https://www.mashpeema.gov/sites/g/files/vyhlif3426/f/news/may_2_2022_executed_town_meeting_warrant_to_final_.pdf,
Mashpee,2022,3,election_page,https://mashpeema.gov/1205/Town-Clerk,Town Clerk
Mashpee,2023,1,annual_report,https://mashpeema.gov/DocumentCenter/View/1283/2023-Annual-Report,2023 Annual Report
Mashpee,2023,2,townmtg_election,https://mashpeema.gov/DocumentCenter/View/1304/Finance-Committee-Report---Town-Meeting-Warrant-October-16-2023,"Finance Committee Report - Town Meeting Warrant October 16, "
Mashpee,2023,2,townmtg_election,https://mashpeema.gov/DocumentCenter/View/561/May-1-2023-Finance-Committee-Report-and-Town-Meeting-Warrant,May 1 2023 Finance Committee Report & Town Meeting Warrant
Mashpee,2023,2,townmtg_election,https://www.mashpeema.gov/DocumentCenter/View/4302,2023 Statement of Organization for Special Town Election?bid
Mendon,2021,1,annual_report,https://mendonma.gov/DocumentCenter/View/181/2021-Annual-Town-Report,2021 Annual Town Report
Mendon,2021,1,annual_report,https://www.mendonma.gov/DocumentCenter/View/181/2021-Annual-Report-PDF,
Mendon,2021,1,annual_report,https://www.mendonma.gov/sites/g/files/vyhlif881/f/pages/2021_annual_report.pdf,
Mendon,2021,3,election_page,https://mendonma.gov/164/Town-Clerk,Town Clerk
Mendon,2024,1,annual_report,https://www.mendonma.gov/DocumentCenter/View/851/2024-Annual-Town-Report,
Mendon,2024,3,election_page,https://mendonma.gov/164/Town-Clerk,Town Clerk
Mendon,2024,3,election_page,https://mendonma.gov/171/Elections,
Mendon,2024,3,election_page,https://mendonma.gov/AgendaCenter/ViewFile/Agenda/_05192026-1520?html=true,Annual Town Election Warrant
Mendon,2025,1,annual_report,https://mendonma.gov/DocumentCenter/View/1528/2025--Annual-Town-Report,2025  Annual Town Report
Mendon,2025,2,townmtg_election,https://mendonma.gov/DocumentCenter/View/1087/2025-Annual-Town-Meeting-Report-5225,
Mendon,2025,2,townmtg_election,https://mendonma.gov/DocumentCenter/View/1508/SPECIAL-TOWN-MEETING-NOVEMBER-12-2025-PROCEEDINGS,"SPECIAL TOWN MEETING NOVEMBER 12, 2025-PROCEEDINGS"
Mendon,2025,2,townmtg_election,https://mendonma.gov/DocumentCenter/View/1509/ANNUAL-TOWN-MEETING-MAY-2-2025-PROCEEDINGS,"ANNUAL TOWN MEETING MAY 2, 2025-PROCEEDINGS"
Middlefield,2021,3,election_page,https://middlefield-ma.gov/230/Town-Clerk,
Middlefield,2021,3,election_page,https://middlefield-ma.gov/237/Find-Election-Information,Elections
Middlefield,2021,3,election_page,https://middlefield-ma.gov/CivicAlerts.aspx?AID=36,"TOWN ELECTION RESULTS OF MAY 2, 2026"
Middlefield,2022,3,election_page,https://middlefield-ma.gov/230/Town-Clerk,
Middlefield,2022,3,election_page,https://middlefield-ma.gov/237/Find-Election-Information,Elections
Middlefield,2022,3,election_page,https://middlefield-ma.gov/CivicAlerts.aspx?AID=36,"TOWN ELECTION RESULTS OF MAY 2, 2026"
Middlefield,2025,3,election_page,https://middlefield-ma.gov/230/Town-Clerk,
Middlefield,2025,3,election_page,https://middlefield-ma.gov/237/Find-Election-Information,Elections
Middlefield,2025,3,election_page,https://middlefield-ma.gov/CivicAlerts.aspx?AID=36,"TOWN ELECTION RESULTS OF MAY 2, 2026"
Middlefield,2025,4,minutes,https://middlefield-ma.gov/AgendaCenter/ViewFile/Minutes/_08042025-444,
Millbury,2021,1,annual_report,https://millburyma.gov/DocumentCenter/View/1816/Annual-Town-Report---FY-2021,Annual Town Report - FY 2021
Millbury,2021,1,annual_report,https://millburyma.gov/DocumentCenter/View/233/Annual-Town-Report---FY-2021,Annual Town Report - FY 2021
Millbury,2021,2,townmtg_election,https://millburyma.gov/ImageRepository/Document?documentID=657,Departments / Town Clerk / Elections & Voting Information / 
Millbury,2021,3,election_page,https://millburyma.gov/1407/Town-Clerk,Town Clerk
Millbury,2022,1,annual_report,https://millburyma.gov/DocumentCenter/View/1817/Annual-Town-Report---FY-2022,Annual Town Report - FY 2022
Millbury,2022,1,annual_report,https://millburyma.gov/DocumentCenter/View/246/Annual-Town-Report---FY-2022,Annual Town Report - FY 2022
Millbury,2022,2,townmtg_election,https://millburyma.gov/DocumentCenter/View/4219/Candidates-for-2022-ATE,Candidates for 2022 ATE
Millbury,2022,2,townmtg_election,https://millburyma.gov/ImageRepository/Document?documentID=653,Departments / Town Clerk / Elections & Voting Information / 
Millbury,2023,1,annual_report,https://millburyma.gov/DocumentCenter/View/1818/Annual-Town-Report---FY-2023,Annual Town Report - FY 2023
Millbury,2023,1,annual_report,https://millburyma.gov/DocumentCenter/View/247/Annual-Town-Report---FY-2023,Annual Town Report - FY 2023
Millbury,2023,2,townmtg_election,https://millburyma.gov/ImageRepository/Document?documentID=649,Departments / Town Clerk / Elections & Voting Information / 
Millbury,2023,3,election_page,https://millburyma.gov/1407/Town-Clerk,Town Clerk
Millis,2021,1,annual_report,https://www.millisma.gov/sites/g/files/vyhlif901/f/pages/millis_2021_town_report_6x9_for_web.pdf,
Millis,2021,3,election_page,https://millisma.gov/documents/departments/town-clerk/citizen's-guide-to-citizens-petition/27784801,Citizen's Guide to Citizens Petition
Millis,2021,3,election_page,https://millisma.gov/documents/departments/town-clerk/voting-%26-elections/27785958,Voting & Elections
Millis,2021,3,election_page,https://millisma.gov/page/town-clerk,Town Clerk
Millis,2025,1,annual_report,https://www.millisma.gov/sites/g/files/vyhlif901/f/uploads/2025_stormwater_management_program_annual_report.pdf,
Millis,2025,3,election_page,https://millisma.gov/documents/departments/town-clerk/citizen's-guide-to-citizens-petition/27784801,Citizen's Guide to Citizens Petition
Millis,2025,3,election_page,https://millisma.gov/documents/departments/town-clerk/voting-%26-elections/27785958,Voting & Elections
Millis,2025,3,election_page,https://millisma.gov/page/town-clerk,Town Clerk
Monson,2022,1,annual_report,https://monson-ma.gov/DocumentCenter/View/2485/Town-Report-2022,Town Report 2022
Monson,2022,1,annual_report,https://monson-ma.gov/DocumentCenter/View/716/2022-Annual-Report-Eastern-Hampden-Shared-Public-Health-Services-DOCS,2022 Annual Report Eastern Hampden Shared Public Health Serv
Monson,2022,1,annual_report,https://monson-ma.gov/ImageRepository/Document?documentID=173,Boards & Committees / Select Board / 2022 Annual Town Report
Monson,2022,3,election_page,https://monson-ma.gov/221/Town-Clerk,Town Clerk
Monterey,2021,3,election_page,https://montereyma.gov/town-clerk,Town Clerk
Monterey,2021,3,election_page,https://www.montereyma.gov/town-clerk/files/dog-license-application,Dog License Application
Monterey,2021,3,election_page,https://www.montereyma.gov/town-clerk/pages/absentee-ballots,Absentee Ballots
Monterey,2021,4,minutes,https://www.montereyma.gov/sites/g/files/vyhlif3496/f/minutes/december_9_2021.pdf,
Monterey,2022,3,election_page,https://montereyma.gov/town-clerk,Town Clerk
Monterey,2022,3,election_page,https://www.montereyma.gov/town-clerk/files/dog-license-application,Dog License Application
Monterey,2022,3,election_page,https://www.montereyma.gov/town-clerk/pages/absentee-ballots,Absentee Ballots
Monterey,2022,4,minutes,https://www.montereyma.gov/sites/g/files/vyhlif3496/f/minutes/february_10_2022.pdf,
Monterey,2025,2,townmtg_election,https://www.montereyma.gov/sites/g/files/vyhlif3496/f/uploads/annual_town_meeting_minutes_5.3.2025.pdf,Annual Town Meeting Minutes
Monterey,2025,2,townmtg_election,https://www.montereyma.gov/sites/g/files/vyhlif3496/f/uploads/monterey_ma_stm_warrant_and_letter_2025_07_24_001.pdf,Special Town Meeting Warrant
Monterey,2025,3,election_page,https://montereyma.gov/town-clerk,Town Clerk
Monterey,2025,3,election_page,https://www.montereyma.gov/town-clerk/files/dog-license-application,Dog License Application
Montgomery,2022,3,election_page,https://montgomeryma.gov/2023/03/town-clerk-notice/,
Montgomery,2022,3,election_page,https://montgomeryma.gov/2023/04/annual-town-election-and-town-meeting/,
Montgomery,2022,3,election_page,https://montgomeryma.gov/2023/05/may-1-2023-election-results/,
Montgomery,2022,4,minutes,https://montgomeryma.gov/wp-content/uploads/2022/07/selectboard-minutes-01232020.pdf,
Mount Washington,2021,3,election_page,https://mountwashington-ma.gov/departments/town-clerk/,Town Clerk
Mount Washington,2021,3,election_page,https://mountwashington-ma.gov/ma-state-primary-elections-sep-1-2026/,"MA State Primary Elections – Sep. 1, 2026"
Mount Washington,2023,2,townmtg_election,https://mountwashington-ma.gov/download/401/annual-special-town-meetings/11260/2023-02-07-special-town-meeting-warrant.pdf,
Mount Washington,2023,2,townmtg_election,https://mountwashington-ma.gov/download/401/annual-special-town-meetings/11260/2023-02-07-special-town-meeting-warrant.pdf?preview=1,
Mount Washington,2023,2,townmtg_election,https://mountwashington-ma.gov/download/401/annual-special-town-meetings/11527/2023-05-02-annual-town-meeting.pdf?preview=1,
Mount Washington,2023,2,townmtg_election,https://mountwashington-ma.gov/download/406/notices/11528/2023-05-09-town-election-warrant.pdf,
Mount Washington,2025,1,annual_report,https://mountwashington-ma.gov/download/488/historical-commission/14228/2025-annual-report-mwhc.pdf,
Mount Washington,2025,1,annual_report,https://mountwashington-ma.gov/download/488/historical-commission/14228/2025-annual-report-mwhc.pdf?preview=1,2025 Annual Report
Mount Washington,2025,3,election_page,https://mountwashington-ma.gov/departments/town-clerk/,Town Clerk
Mount Washington,2025,3,election_page,https://mountwashington-ma.gov/ma-state-primary-elections-sep-1-2026/,"MA State Primary Elections – Sep. 1, 2026"
Nantucket,2022,3,election_page,https://nantucket-ma.gov/180/Advisory-Committee-of-Non-Voting-Taxpaye,Advisory Committee of Non-Voting Taxpayers
Nantucket,2022,3,election_page,https://nantucket-ma.gov/1891/Elections-Voting,Elections & Voting
Nantucket,2022,3,election_page,https://nantucket-ma.gov/216/Town-Clerk,Town Clerk
Nantucket,2022,4,minutes,http://nantucket-ma.gov/AgendaCenter/ViewFile/Minutes/02022015-2175,
Nantucket,2023,2,townmtg_election,https://www.nantucket-ma.gov/DocumentCenter/View/45768/November-7-2023-Special-Town-Meeting-Warrant-as-Adopted-by-the-Select-Board,Warrant
Nantucket,2023,2,townmtg_election,https://www.nantucket-ma.gov/DocumentCenter/View/46101/November-7-2023-Special-Town-Meeting-Warrant-with-Finance-Committee-Motions,a booklet containing the Finance Committee motions
Nantucket,2023,3,election_page,https://nantucket-ma.gov/180/Advisory-Committee-of-Non-Voting-Taxpaye,Advisory Committee of Non-Voting Taxpayers
Nantucket,2023,3,election_page,https://nantucket-ma.gov/1891/Elections-Voting,Elections & Voting
Needham,2024,1,annual_report,https://needhamma.gov/DocumentCenter/View/46376,2024 Annual Report
Needham,2024,1,annual_report,https://needhamma.gov/DocumentCenter/View/46377,2024 Annual Report Logbook
Needham,2024,1,annual_report,https://needhamma.gov/DocumentCenter/View/62105,2024 Annual Town Report
Needham,2024,2,townmtg_election,http://needhamma.gov/DocumentCenter/View/42615/2024-Annual-Town-Election-Town-Meeting-Calendar?bidId=,
New Ashford,2021,1,annual_report,https://www.newashford-ma.us/wp-content/uploads/2021/05/New-Ashford-Annual-Town-Report-2021-2.pdf,
New Ashford,2021,1,annual_report,https://www.newashford-ma.us/wp-content/uploads/2021/05/New-Ashford-Annual-Town-Report-2021.pdf,
New Ashford,2021,3,election_page,https://www.newashford-ma.us/departments-and-committees/town-clerk/,Town Clerk
New Ashford,2021,3,election_page,https://www.newashford-ma.us/election-early-voting-october-29th-from-700am-to-1000am-at-the-town-hall/,
New Ashford,2022,1,annual_report,https://www.newashford-ma.us/wp-content/uploads/2022/05/2022NewAshfordAnnualTownReport.pdf,
New Ashford,2022,3,election_page,https://www.newashford-ma.us/departments-and-committees/town-clerk/,Town Clerk
New Ashford,2022,3,election_page,https://www.newashford-ma.us/election-early-voting-october-29th-from-700am-to-1000am-at-the-town-hall/,
New Ashford,2022,3,election_page,https://www.newashford-ma.us/town-elections-may-24th-200pm-400pm-and-600pm-800pm/,
New Ashford,2023,2,townmtg_election,https://www.newashford-ma.us/wp-content/uploads/2023/07/8-14-2023-Special-Town-Meeting-1.pdf,
New Ashford,2023,2,townmtg_election,https://www.newashford-ma.us/wp-content/uploads/2023/08/09-5-2023-SpecialTownMeeting.pdf,
New Ashford,2023,3,election_page,https://www.newashford-ma.us/departments-and-committees/town-clerk/,Town Clerk
New Ashford,2023,3,election_page,https://www.newashford-ma.us/election-early-voting-october-29th-from-700am-to-1000am-at-the-town-hall/,
New Ashford,2025,3,election_page,https://www.newashford-ma.us/departments-and-committees/town-clerk/,Town Clerk
New Ashford,2025,3,election_page,https://www.newashford-ma.us/election-early-voting-october-29th-from-700am-to-1000am-at-the-town-hall/,
New Ashford,2025,3,election_page,https://www.newashford-ma.us/town-elections-may-24th-200pm-400pm-and-600pm-800pm/,
New Ashford,2025,4,minutes,https://www.newashford-ma.us/wp-content/uploads/2025/01/PlanningBoardMinutes12192024.pdf,
New Braintree,2021,4,minutes,https://www.newbraintreema.us/vertical/Sites/%7BDB28C06A-9981-4746-94BD-D376054BB741%7D/uploads/Meeting_Minutes_Archive_2018-2021.pdf,
New Braintree,2021,4,minutes,https://www.newbraintreema.us/vertical/sites/%7BDB28C06A-9981-4746-94BD-D376054BB741%7D/uploads/June_2021_Meeting_Minutes.pdf,
New Braintree,2022,4,minutes,https://www.newbraintreema.us/vertical/Sites/%7BDB28C06A-9981-4746-94BD-D376054BB741%7D/uploads/NBCC_7_12_2022_Meeting_Minutes.pdf,
New Braintree,2022,4,minutes,https://www.newbraintreema.us/vertical/sites/%7BDB28C06A-9981-4746-94BD-D376054BB741%7D/uploads/Minutes_2022-02-07_voted.pdf,
New Braintree,2022,4,minutes,https://www.newbraintreema.us/vertical/sites/%7BDB28C06A-9981-4746-94BD-D376054BB741%7D/uploads/Minutes_2022-02-17_voted.pdf,
New Braintree,2022,4,minutes,https://www.newbraintreema.us/vertical/sites/%7BDB28C06A-9981-4746-94BD-D376054BB741%7D/uploads/Minutes_2022-03-14_voted.pdf,
New Braintree,2023,4,minutes,https://www.newbraintreema.us/vertical/Sites/%7BDB28C06A-9981-4746-94BD-D376054BB741%7D/uploads/Assessors_Meeting_Minutes_FY_2023(1).pdf,
New Braintree,2023,4,minutes,https://www.newbraintreema.us/vertical/Sites/%7BDB28C06A-9981-4746-94BD-D376054BB741%7D/uploads/Assessors_Meeting_Minutes_FY_2023.pdf,
New Braintree,2023,4,minutes,https://www.newbraintreema.us/vertical/Sites/%7BDB28C06A-9981-4746-94BD-D376054BB741%7D/uploads/Conservation_Commission_Meeting_Minutes_January_2023(1).pdf,
New Braintree,2023,4,minutes,https://www.newbraintreema.us/vertical/sites/%7BDB28C06A-9981-4746-94BD-D376054BB741%7D/uploads/Minutes_1-30-2023_voted.pdf,
New Braintree,2024,4,minutes,https://www.newbraintreema.us/vertical/Sites/%7BDB28C06A-9981-4746-94BD-D376054BB741%7D/uploads/FY_2024_February_Meeting_Minutes.pdf,
New Braintree,2024,4,minutes,https://www.newbraintreema.us/vertical/sites/%7BDB28C06A-9981-4746-94BD-D376054BB741%7D/uploads/Minutes_2024-01-08_voted(1).pdf,
New Braintree,2024,4,minutes,https://www.newbraintreema.us/vertical/sites/%7BDB28C06A-9981-4746-94BD-D376054BB741%7D/uploads/Minutes_2024-01-08_voted.pdf,
New Braintree,2024,4,minutes,https://www.newbraintreema.us/vertical/sites/%7BDB28C06A-9981-4746-94BD-D376054BB741%7D/uploads/Minutes_2024-04-01_voted(1).pdf,
New Braintree,2025,2,townmtg_election,https://www.newbraintreema.us/vertical/Sites/%7BDB28C06A-9981-4746-94BD-D376054BB741%7D/uploads/Annual_Town_Election_2025.docx.pdf,
New Braintree,2025,2,townmtg_election,https://www.newbraintreema.us/vertical/Sites/%7BDB28C06A-9981-4746-94BD-D376054BB741%7D/uploads/Annual_Town_Meeting_Warrant_-_June_2_2025_FINAL(1).pdf,
New Braintree,2025,2,townmtg_election,https://www.newbraintreema.us/vertical/Sites/%7BDB28C06A-9981-4746-94BD-D376054BB741%7D/uploads/Special_Town_Meeting_Warrant_-_June_2_2025_-FINAL(1).pdf,
New Braintree,2025,2,townmtg_election,https://www.newbraintreema.us/vertical/sites/%7BDB28C06A-9981-4746-94BD-D376054BB741%7D/uploads/Special_Town_Meeting_Warrant_-_June_2_2025_-FINAL.pdf,
Newbury,2023,3,election_page,https://townofnewbury.org/1187/Elections-Town-Meeting,Elections & Town Meeting
Newbury,2023,3,election_page,https://townofnewbury.org/743/Town-Clerk,Town Clerk
Newbury,2023,3,election_page,https://townofnewbury.org/879/Owners-Project-Manager-OPM-Designer-Sele,Owners Project Manager (OPM) & Designer Selection Committee 
Newbury,2023,4,minutes,https://townofnewbury.org/AgendaCenter/ViewFile/Minutes/_01102023-570,
Newbury,2025,1,annual_report,https://www.townofnewbury.org/sites/g/files/vyhlif951/f/uploads/newbury_fy2025_annual_town_report_and_budget.pdf,
Newbury,2025,1,annual_report,https://www.townofnewbury.org/sites/g/files/vyhlif951/f/uploads/newbury_town_report-2025.pdf,
Newbury,2025,2,townmtg_election,https://townofnewbury.org/DocumentCenter/View/2958,2025 Town Meeting Warrant?bidId=
Newbury,2025,2,townmtg_election,https://townofnewbury.org/DocumentCenter/View/3166,2025 Annual Town Meeting Minutes?bidId=
New Marlborough,2021,1,annual_report,https://www.newmarlboroughma.gov/sites/g/files/vyhlif4771/f/uploads/2021_new_marlborough_town_report_web_version.pdf,
New Marlborough,2021,3,election_page,https://newmarlboroughma.gov/1208/Town-Clerk,
New Marlborough,2021,3,election_page,https://newmarlboroughma.gov/1348/Election-ResultsTown-Meeting-Minutes,
New Marlborough,2021,3,election_page,https://newmarlboroughma.gov/CivicAlerts.aspx?AID=109,Early Voting for State Primary Election
New Marlborough,2022,1,annual_report,https://www.newmarlboroughma.gov/sites/g/files/vyhlif4771/f/uploads/new_marlboro_2022_town_report_web.pdf,
New Marlborough,2022,3,election_page,https://newmarlboroughma.gov/1208/Town-Clerk,
New Marlborough,2022,3,election_page,https://newmarlboroughma.gov/1348/Election-ResultsTown-Meeting-Minutes,
New Marlborough,2022,3,election_page,https://newmarlboroughma.gov/CivicAlerts.aspx?AID=109,Early Voting for State Primary Election
New Marlborough,2024,1,annual_report,https://www.newmarlboroughma.gov/sites/g/files/vyhlif4771/f/uploads/2024_nm_town_report_web_version_0.pdf,
New Marlborough,2024,2,townmtg_election,https://www.newmarlboroughma.gov/sites/g/files/vyhlif4771/f/uploads/annual_town_meeting_warrant_may_6_2024.pdf,
New Marlborough,2024,3,election_page,https://newmarlboroughma.gov/1208/Town-Clerk,
New Marlborough,2024,3,election_page,https://newmarlboroughma.gov/1348/Election-ResultsTown-Meeting-Minutes,
New Marlborough,2025,3,election_page,https://newmarlboroughma.gov/1208/Town-Clerk,
New Marlborough,2025,3,election_page,https://newmarlboroughma.gov/1348/Election-ResultsTown-Meeting-Minutes,
New Marlborough,2025,3,election_page,https://newmarlboroughma.gov/CivicAlerts.aspx?AID=109,Early Voting for State Primary Election
New Marlborough,2025,4,minutes,http://newmarlboroughma.gov/Pages/NewMarlboroughMA_PlanningMin/FOV1-0003A228/FOV1-000452E0/PB%20Minutes%20July%2025%202012%20final.pdf,
New Salem,2021,3,election_page,https://newsalemma.org/1455/Town-Clerk,Town Clerk
New Salem,2021,3,election_page,https://newsalemma.org/1456/Absentee-Early-Voting,Absentee & Early Voting
New Salem,2021,3,election_page,https://newsalemma.org/DocumentCenter/View/284/Special-Town-Election-Results-October-25-2022,"Special Town Election Results October 25, 2022"
New Salem,2023,2,townmtg_election,https://newsalemma.org/DocumentCenter/View/290/2023-Annual-Town-Meeting-Warrant,2023 Annual Town Meeting Warrant
New Salem,2023,3,election_page,https://newsalemma.org/1455/Town-Clerk,Town Clerk
New Salem,2023,3,election_page,https://newsalemma.org/1456/Absentee-Early-Voting,Absentee & Early Voting
New Salem,2023,3,election_page,https://newsalemma.org/DocumentCenter/View/284/Special-Town-Election-Results-October-25-2022,"Special Town Election Results October 25, 2022"
New Salem,2024,2,townmtg_election,https://newsalemma.org/DocumentCenter/View/262/Special-Town-Meeting-February-1-2024,"Special Town Meeting February 1, 2024"
New Salem,2024,3,election_page,https://newsalemma.org/1455/Town-Clerk,Town Clerk
New Salem,2024,3,election_page,https://newsalemma.org/1456/Absentee-Early-Voting,Absentee & Early Voting
New Salem,2024,3,election_page,https://newsalemma.org/DocumentCenter/View/284/Special-Town-Election-Results-October-25-2022,"Special Town Election Results October 25, 2022"
New Salem,2025,2,townmtg_election,https://newsalemma.org/DocumentCenter/View/291/2025-Annual-Town-Meeting-Warrant,2025 Annual Town Meeting Warrant
New Salem,2025,3,election_page,https://newsalemma.org/1455/Town-Clerk,Town Clerk
New Salem,2025,3,election_page,https://newsalemma.org/1456/Absentee-Early-Voting,Absentee & Early Voting
New Salem,2025,3,election_page,https://newsalemma.org/DocumentCenter/View/284/Special-Town-Election-Results-October-25-2022,"Special Town Election Results October 25, 2022"
Newton,2021,3,election_page,https://newtonma.gov/government/elections,Elections
Newton,2021,3,election_page,https://newtonma.gov/residents/election-voting-information,Election/Voting Information
Norfolk,2023,3,election_page,https://norfolk.ma.us/departments/town_clerk/census_information.php,Census Information
Norfolk,2023,3,election_page,https://norfolk.ma.us/departments/town_clerk/index.php,Town Clerk
Norfolk,2023,3,election_page,https://norfolk.ma.us/departments/town_clerk/meeting_minutes/index.php,Meeting Minutes
North Adams,2021,1,annual_report,https://northadams-ma.gov/government/city_reports/2022 NA Annual Report - Final.pdf?t=202605080932510,City of North Adams Annual Report 2021-2022
North Adams,2021,1,annual_report,https://northadams-ma.gov/residents/community_information/municipal_aggregation/Municipal Aggregation/DPU 21-MA North Adams 2020 Annual Report.pdf?t=202105110905270,DPU 21-MA North Adams 2020 Annual Report
North Adams,2021,1,annual_report,https://northadams-ma.gov/residents/community_information/municipal_aggregation/Municipal Aggregation/DPU 21-MA North Adams 2020 Annual Report_excel.pdf?t=202105110906000,DPU 21-MA North Adams 2020 Annual Report
North Adams,2021,3,election_page,https://northadams-ma.gov/government/departments_offices/city_clerk/government/departments_offices/city_clerk/becoming_an_election_worker.php,Becoming an Election Worker
North Adams,2023,3,election_page,https://northadams-ma.gov/government/departments_offices/city_clerk/government/departments_offices/city_clerk/becoming_an_election_worker.php,Becoming an Election Worker
North Adams,2023,3,election_page,https://northadams-ma.gov/government/departments_offices/city_clerk/government/departments_offices/city_clerk/elections.php,ELECTIONS
North Adams,2023,3,election_page,https://northadams-ma.gov/government/departments_offices/city_clerk/government/departments_offices/city_clerk/upcoming_2024_elections.php,2024 ELECTIONS
North Adams,2023,4,minutes,https://northadams-ma.gov/document_center/2021.01.12 City Council Special Meeting Minutes - Org of Gov.pdf?t=202304241326400,2021.01.12 City Council Special Meeting Organization of Gove
North Adams,2025,3,election_page,https://northadams-ma.gov/government/departments_offices/city_clerk/government/departments_offices/city_clerk/becoming_an_election_worker.php,Becoming an Election Worker
North Adams,2025,3,election_page,https://northadams-ma.gov/government/departments_offices/city_clerk/government/departments_offices/city_clerk/elections.php,ELECTIONS
North Adams,2025,3,election_page,https://northadams-ma.gov/government/departments_offices/city_clerk/government/departments_offices/city_clerk/upcoming_2024_elections.php,2024 ELECTIONS
North Adams,2025,4,minutes,https://northadams-ma.gov/document_center/11.18.2025 Airport Commission Minutes.pdf?t=202512310734130,2025.11.18 Airport Commission Minutes
North Andover,2021,1,annual_report,https://drive.google.com/uc?export=download&id=1R3LTftDpf3MDK2Fh9HwJnM1avpNGVHHe,2021 Annual Report
North Andover,2021,3,election_page,https://northandoverma.gov/197/Town-Clerk,
North Andover,2021,3,election_page,https://northandoverma.gov/199/Become-an-Election-Worker,
North Andover,2021,3,election_page,https://northandoverma.gov/218/Election-Town-Meeting-Voter-Information,
North Andover,2022,1,annual_report,https://drive.google.com/uc?export=download&id=1SV_gRmyLbuGl6xexi3QaBm8AlZDezNNR,2022 Annual Report
North Andover,2022,3,election_page,https://northandoverma.gov/197/Town-Clerk,
North Andover,2022,3,election_page,https://northandoverma.gov/199/Become-an-Election-Worker,
North Andover,2022,3,election_page,https://northandoverma.gov/218/Election-Town-Meeting-Voter-Information,
Northborough,2023,2,townmtg_election,https://www.town.northborough.ma.us/sites/g/files/vyhlif12221/f/uploads/zoning-related_articles_approved_at_april_2023_town_meeting_0.pdf,
Northborough,2023,2,townmtg_election,https://www.town.northborough.ma.us/sites/g/files/vyhlif3571/f/uploads/2023_annual_town_meeting_warrant_booklet_final_04.10.2023_0.pdf,
Northborough,2023,2,townmtg_election,https://www.town.northborough.ma.us/sites/g/files/vyhlif3571/f/uploads/2023_annual_town_meeting_warrant_booklet_final_04.10.2023_1.pdf,
Northborough,2023,2,townmtg_election,https://www.town.northborough.ma.us/sites/g/files/vyhlif3571/f/uploads/2023_annual_town_meeting_warrant_booklet_final_v2_04.10.2023.pdf,
Northbridge,2024,2,townmtg_election,https://northbridgemass.org/DocumentCenter/View/325/Fall-Annual-Town-Meeting-October-22-2024,"Fall Annual Town Meeting October 22, 2024"
Northbridge,2024,2,townmtg_election,https://northbridgemass.org/DocumentCenter/View/328/Spring-Annual-Town-Meeting-May-7-2024,"Spring Annual Town Meeting May 7, 2024"
Northbridge,2024,2,townmtg_election,https://northbridgemass.org/DocumentCenter/View/6100/5-21-2024-Annual-Town-Election,5-21-2024 Annual Town Election
Northbridge,2024,3,election_page,https://northbridgemass.org/206/Town-Clerk,
Northbridge,2025,2,townmtg_election,https://northbridgemass.org/DocumentCenter/View/326/Fall-Annual-Town-Meeting-October-28-2025,"Fall Annual Town Meeting October 28, 2025"
Northbridge,2025,2,townmtg_election,https://northbridgemass.org/DocumentCenter/View/327/Spring-Annual-Town-Meeting-May-6-2025,"Spring Annual Town Meeting May 6, 2025"
Northbridge,2025,2,townmtg_election,https://northbridgemass.org/DocumentCenter/View/6099/5-20-2025-Annual-Town-Election,5-20-2025 Annual Town Election
Northbridge,2025,3,election_page,https://northbridgemass.org/206/Town-Clerk,
North Brookfield,2022,1,annual_report,https://northbrookfield.net/DocumentCenter/View/357,2022 Town Report?bidId=
North Brookfield,2022,1,annual_report,https://www.northbrookfield.net/sites/g/files/vyhlif3576/f/uploads/town_house_committee_2022_annual_report.pdf,
North Brookfield,2022,2,townmtg_election,https://northbrookfield.net/DocumentCenter/View/6669/Special-Town-Meeting-June-3-2022,"Special Town Meeting June 3, 2022"
North Brookfield,2022,2,townmtg_election,https://northbrookfield.net/DocumentCenter/View/6670/Special-Town-Meeting-Minutes-May-6-2022,"Special Town Meeting Minutes May 6, 2022"
North Brookfield,2023,1,annual_report,https://northbrookfield.net/DocumentCenter/View/359,2023 Town Report?bidId=
North Brookfield,2023,3,election_page,https://northbrookfield.net/1285/Town-Clerk,
North Brookfield,2023,3,election_page,https://northbrookfield.net/1290/Election-Minutes,
North Brookfield,2023,3,election_page,https://northbrookfield.net/1510/Town-Clerk-Documents,Town Clerk Documents
North Brookfield,2024,1,annual_report,https://northbrookfield.net/DocumentCenter/View/358,2024 Town Report?bidId=
North Brookfield,2024,3,election_page,https://northbrookfield.net/1285/Town-Clerk,
North Brookfield,2024,3,election_page,https://northbrookfield.net/1290/Election-Minutes,
North Brookfield,2024,3,election_page,https://northbrookfield.net/1510/Town-Clerk-Documents,Town Clerk Documents
North Brookfield,2025,3,election_page,https://northbrookfield.net/1285/Town-Clerk,
North Brookfield,2025,3,election_page,https://northbrookfield.net/1290/Election-Minutes,
North Brookfield,2025,3,election_page,https://northbrookfield.net/1510/Town-Clerk-Documents,Town Clerk Documents
North Brookfield,2025,4,minutes,"http://www.northbrookfield.net:80/documents/Selectmens%20Minutes/2008/Nov.%2025,%202008.pdf",
Norwell,2023,1,annual_report,https://townofnorwell.net/departments/town_administrator/Documents/Departments/Town Administrator/Town Reports/2023_town_report.pdf?t=202512172000270,2023 Town Report
Norwell,2023,2,townmtg_election,https://townofnorwell.net/government/town_meeting/Documents/Government/Town Meeting/Warrants/2023_stm_atm_warrant_05-08-23.pdf?t=202507091946200,2023 Special / Annual Town Meeting Warrant 05-08-23
Norwell,2023,2,townmtg_election,https://townofnorwell.net/government/town_meeting/Documents/Government/Town Meeting/Warrants/2023_stm_warrant_01-23-23.pdf?t=202507091948320,2023 Special Town Meeting Warrant 01-23-23
Norwell,2023,3,election_page,https://townofnorwell.net/departments/town_clerk/election_information/index.php,Election Information
Oak Bluffs,2023,1,annual_report,https://oakbluffsma.gov/DocumentCenter/View/11505/Town-of-Oak-Bluffs---Annual-Report-2023,Town of Oak Bluffs - Annual Report 2023
Oak Bluffs,2023,1,annual_report,https://oakbluffsma.gov/DocumentCenter/View/9548,2023 Annual Warrant and Town Report Cover contest?bidId=
Oak Bluffs,2023,1,annual_report,https://oakbluffsma.gov/DocumentCenter/View/9636,2023 Annual Warrant  Town Report cover contest entry  releas
Oak Bluffs,2023,1,annual_report,https://www.oakbluffsma.gov/DocumentCenter/View/11127/Oak-Bluffs-2023-Town-Report,
Oakham,2021,1,annual_report,https://www.oakham-ma.gov/DocumentCenter/View/302/Fy2021-Annual-Town-Report-PDF,
Oakham,2021,3,election_page,https://oakham-ma.gov/208/Town-Clerk,Town Clerk
Oakham,2021,3,election_page,https://oakham-ma.gov/263/Town-Clerk-Fee-Schedule,Town Clerk Fee Schedule
Oakham,2021,3,election_page,https://oakham-ma.gov/390/Official-Town-Election-Results,Official Town Election Results
Oakham,2022,1,annual_report,https://www.oakham-ma.gov/DocumentCenter/View/303/Fy2022-Annual-Town-Report-PDF,
Oakham,2022,2,townmtg_election,https://www.oakham-ma.gov/DocumentCenter/View/499,Special Town Meeting 2 Agenda 11 28 2022 PDF?bidId=
Oakham,2022,3,election_page,https://oakham-ma.gov/208/Town-Clerk,Town Clerk
Oakham,2022,3,election_page,https://oakham-ma.gov/263/Town-Clerk-Fee-Schedule,Town Clerk Fee Schedule
Oakham,2023,1,annual_report,https://www.oakham-ma.gov/DocumentCenter/View/304/Fy2023-Annual-Town-Report-PDF,
Oakham,2023,2,townmtg_election,https://www.oakham-ma.gov/DocumentCenter/View/522,Annual Town Meeting 2 Agenda 06 12 2023 PDF?bidId=
Oakham,2023,3,election_page,https://oakham-ma.gov/208/Town-Clerk,Town Clerk
Oakham,2023,3,election_page,https://oakham-ma.gov/263/Town-Clerk-Fee-Schedule,Town Clerk Fee Schedule
Oakham,2024,1,annual_report,https://www.oakham-ma.gov/DocumentCenter/View/305/Fy2024-Annual-Town-Report-PDF,
Oakham,2024,3,election_page,https://oakham-ma.gov/208/Town-Clerk,Town Clerk
Oakham,2024,3,election_page,https://oakham-ma.gov/263/Town-Clerk-Fee-Schedule,Town Clerk Fee Schedule
Oakham,2024,3,election_page,https://oakham-ma.gov/390/Official-Town-Election-Results,Official Town Election Results
Oakham,2025,2,townmtg_election,https://www.oakham-ma.gov/DocumentCenter/View/280/Special-Town-Meeting-10-06-2025-PDF,
Oakham,2025,3,election_page,https://oakham-ma.gov/208/Town-Clerk,Town Clerk
Oakham,2025,3,election_page,https://oakham-ma.gov/263/Town-Clerk-Fee-Schedule,Town Clerk Fee Schedule
Oakham,2025,3,election_page,https://oakham-ma.gov/390/Official-Town-Election-Results,Official Town Election Results
Orange,2021,3,election_page,https://townoforange.org/266/Town-Clerk,Town Clerk
Orange,2021,3,election_page,https://townoforange.org/AlertCenter.aspx?AID=Town-Clerks-Office-Adjusted-Hours-130,"Town Clerk's Office Adjusted Hours
	 Read On..."
Orange,2021,3,election_page,https://townoforange.org/DocumentCenter/View/1265/FCTS-District-Wide-Borrowing-Election-October-6-2026pdf,FCTS District Wide Borrowing Election October 6 2026.pdf
Orange,2023,1,annual_report,https://www.townoforange.org/DocumentCenter/View/877,DPU 24 MA Orange Letter _  2023 Annual Report?bidId=
Orange,2023,3,election_page,https://townoforange.org/266/Town-Clerk,Town Clerk
Orange,2023,3,election_page,https://townoforange.org/AlertCenter.aspx?AID=Town-Clerks-Office-Adjusted-Hours-130,"Town Clerk's Office Adjusted Hours
	 Read On..."
Orange,2023,3,election_page,https://townoforange.org/DocumentCenter/View/1265/FCTS-District-Wide-Borrowing-Election-October-6-2026pdf,FCTS District Wide Borrowing Election October 6 2026.pdf
Palmer,2025,4,minutes,https://www.townofpalmer.com/vertical/sites/%7B034F9CAE-5196-4551-90C2-FBFD76374BDB%7D/uploads/5_21_2025_MPIC_Minutes.pdf,
Palmer,2025,4,minutes,https://www.townofpalmer.com/vertical/sites/%7B034F9CAE-5196-4551-90C2-FBFD76374BDB%7D/uploads/7_21_2025_MPIC_Minutes.pdf,
Paxton,2024,2,townmtg_election,http://www.townofpaxton.net/sites/g/files/vyhlif4846/f/uploads/special_town_meeting_warrant_11.18.2024.pdf,
Paxton,2024,4,minutes,http://www.townofpaxton.net/sites/g/files/vyhlif4846/f/minutes/20240312154640162.pdf,
Petersham,2021,1,annual_report,https://townofpetersham.gov/wp-content/uploads/2025/12/FY21-Town-report-2020-2021.pdf,FY21 Town Report 2020-2021
Petersham,2021,1,annual_report,https://townofpetersham.gov/wp-content/uploads/2025/12/FY22-Town-report-2021-2022.pdf,FY22 Town Report 2021-2022
Petersham,2021,2,townmtg_election,https://townofpetersham.gov/wp-content/uploads/2025/12/2020-Town-Meeting-Report-for-Fiscal-Year-2021.pdf,2020 Town Meeting Report for Fiscal Year 2021
Petersham,2021,2,townmtg_election,https://townofpetersham.gov/wp-content/uploads/2025/12/2021-Town-Meeting-Report-for-Fiscal-Year-2022.pdf,2021 Town Meeting Report for Fiscal Year 2022
Petersham,2022,1,annual_report,https://townofpetersham.gov/wp-content/uploads/2025/12/FY22-Town-report-2021-2022.pdf,FY22 Town Report 2021-2022
Petersham,2022,1,annual_report,https://townofpetersham.gov/wp-content/uploads/2025/12/FY23-Town-report-2022-2023.pdf,FY23 Town Report 2022-2023
Petersham,2022,2,townmtg_election,https://townofpetersham.gov/wp-content/uploads/2025/12/2021-Town-Meeting-Report-for-Fiscal-Year-2022.pdf,2021 Town Meeting Report for Fiscal Year 2022
Petersham,2022,2,townmtg_election,https://townofpetersham.gov/wp-content/uploads/2025/12/2022-Town-Meeting-Report-for-Fiscal-Year-2023.pdf,2022 Town Meeting Report for Fiscal Year 2023
Petersham,2023,1,annual_report,https://townofpetersham.gov/wp-content/uploads/2025/12/FY23-Town-report-2022-2023.pdf,FY23 Town Report 2022-2023
Petersham,2023,2,townmtg_election,https://townofpetersham.gov/wp-content/uploads/2025/12/2022-Town-Meeting-Report-for-Fiscal-Year-2023.pdf,2022 Town Meeting Report for Fiscal Year 2023
Petersham,2023,2,townmtg_election,https://townofpetersham.gov/wp-content/uploads/2025/12/2023-Town-Meeting-Report-for-Fiscal-Year-2024.pdf,2023 Town Meeting Report for Fiscal Year 2024
Petersham,2023,3,election_page,https://townofpetersham.gov/2026-annual-town-election/,
Phillipston,2021,3,election_page,https://phillipston-ma.gov/207/Town-Clerk,Town Clerk
Phillipston,2021,3,election_page,https://phillipston-ma.gov/259/Elections-Voting,Elections & Voting
Phillipston,2021,3,election_page,https://phillipston-ma.gov/DocumentCenter/View/300/Town-Clerk-Fee-Schedule,Town Clerk Fee Schedule
Phillipston,2021,4,minutes,https://phillipston-ma.gov/ImageRepository/Document?documentID=41,Agenda and Minutes / Agendas / Cultural Council 2021
Phillipston,2022,3,election_page,https://phillipston-ma.gov/207/Town-Clerk,Town Clerk
Phillipston,2022,3,election_page,https://phillipston-ma.gov/259/Elections-Voting,Elections & Voting
Phillipston,2022,3,election_page,https://phillipston-ma.gov/DocumentCenter/View/300/Town-Clerk-Fee-Schedule,Town Clerk Fee Schedule
Phillipston,2023,3,election_page,https://phillipston-ma.gov/207/Town-Clerk,Town Clerk
Phillipston,2023,3,election_page,https://phillipston-ma.gov/259/Elections-Voting,Elections & Voting
Phillipston,2023,3,election_page,https://phillipston-ma.gov/DocumentCenter/View/300/Town-Clerk-Fee-Schedule,Town Clerk Fee Schedule
Phillipston,2024,2,townmtg_election,https://www.phillipston-ma.gov/sites/g/files/vyhlif3676/f/news/2024_fy25_annual_town_meeting_warrant.pdf,
Phillipston,2024,2,townmtg_election,https://www.phillipston-ma.gov/sites/g/files/vyhlif3676/f/news/2024fy25_appendix_a_to_annual_town_meeting_warrant.pdf,
Phillipston,2024,3,election_page,https://phillipston-ma.gov/207/Town-Clerk,Town Clerk
Phillipston,2024,3,election_page,https://phillipston-ma.gov/259/Elections-Voting,Elections & Voting
Phillipston,2025,1,annual_report,https://phillipston-ma.gov/DocumentCenter/View/965,Phillipston_FY2025_Annual_Town_Report_Complete 1?bidId=
Phillipston,2025,3,election_page,https://phillipston-ma.gov/207/Town-Clerk,Town Clerk
Phillipston,2025,3,election_page,https://phillipston-ma.gov/259/Elections-Voting,Elections & Voting
Phillipston,2025,3,election_page,https://phillipston-ma.gov/DocumentCenter/View/300/Town-Clerk-Fee-Schedule,Town Clerk Fee Schedule
Pittsfield,2025,3,election_page,https://www.pittsfieldma.gov/380/Registrar-of-Voters-Elections,
Pittsfield,2025,3,election_page,https://www.pittsfieldma.gov/408/Absentee-Early-Voting,
Pittsfield,2025,3,election_page,https://www.pittsfieldma.gov/429/Voting-Polling-Locations,
Plainfield,2023,2,townmtg_election,https://plainfield-ma.us/files/2023_Annual_Town_Meeting_Warrant.pdf,
Plainfield,2023,2,townmtg_election,https://plainfield-ma.us/files/Annual_Town_Meeting_Warrant_2023-05-07.pdf,
Plainfield,2023,3,election_page,https://plainfield-ma.us/town-clerk,Town Clerk
Plainfield,2023,3,election_page,https://plainfield-ma.us/town-clerk/page/annual-reports,Annual Reports
Plainfield,2024,2,townmtg_election,https://plainfield-ma.us/files/2024-07-30_Special_Town_Meeting_Warrant.pdf,
Plainfield,2024,2,townmtg_election,https://plainfield-ma.us/files/2024-09-24_Special_Town_Meeting_Warrant.pdf,
Plainfield,2024,2,townmtg_election,https://plainfield-ma.us/files/6-04-2024_Special_Town_Meeting_Warrant.pdf,
Plainfield,2024,3,election_page,https://plainfield-ma.us/town-clerk,Town Clerk
Plympton,2022,1,annual_report,https://town.plympton.ma.us/DocumentCenter/View/1151/2022-Annual-Town-Report,2022 Annual Town Report
Plympton,2022,2,townmtg_election,https://ma-plympton.civicplus.com/DocumentCenter/View/1945,Annual Town Meeting Agenda 05   18   2022?bidId=
Plympton,2022,2,townmtg_election,https://ma-plympton.civicplus.com/DocumentCenter/View/1946,Special Town Meeting Agenda 05   18   2022?bidId=
Plympton,2022,2,townmtg_election,https://ma-plympton.civicplus.com/DocumentCenter/View/4555,Special Town Meeting Agenda 11   30   2022?bidId=
Plympton,2023,1,annual_report,https://town.plympton.ma.us/DocumentCenter/View/1154/2023-Annual-Town-Report,2023 Annual Town Report
Plympton,2023,2,townmtg_election,https://ma-plympton.civicplus.com/DocumentCenter/View/1891,SPECIAL TOWN MEETING Agenda 10   18   2023?bidId=
Plympton,2023,2,townmtg_election,https://ma-plympton.civicplus.com/DocumentCenter/View/4599,Special Town Meeting Agenda 05   17   2023?bidId=
Plympton,2023,2,townmtg_election,https://ma-plympton.civicplus.com/DocumentCenter/View/4601,Annual Town Meeting Agenda 05   17   2023?bidId=
Plympton,2024,1,annual_report,https://town.plympton.ma.us/DocumentCenter/View/1171/2024-Annual-Town-Report,2024 Annual Town Report
Plympton,2024,2,townmtg_election,https://town.plympton.ma.us/ImageRepository/Document?documentID=498,Agendas & Minutes / Agendas / Town Meeting & Elections 2024
Plympton,2024,3,election_page,https://town.plympton.ma.us/201/Town-Meetings-Elections,
Plympton,2024,3,election_page,https://town.plympton.ma.us/242/Historical-Town-Elections,
Plympton,2025,2,townmtg_election,https://town.plympton.ma.us/DocumentCenter/View/2953/2025-Annual-and-Special-Town-Meeting-Calendar,2025 Annual and Special Town Meeting Calendar
Plympton,2025,2,townmtg_election,https://town.plympton.ma.us/DocumentCenter/View/590/ate_051725_and_atm_stm_051425_calendar_0,2025 Annual Town Meeting and Elections Calendar.
Plympton,2025,3,election_page,https://town.plympton.ma.us/201/Town-Meetings-Elections,
Plympton,2025,3,election_page,https://town.plympton.ma.us/242/Historical-Town-Elections,
Princeton,2021,1,annual_report,https://storage.googleapis.com/proudcity/princetonma/2025/09/2021_princeton_annual_town_report_final.pdf,Download
Princeton,2021,1,annual_report,https://www.town.princeton.ma.us/sites/g/files/vyhlif4891/f/news/2021_princeton_annual_town_report.pdf,
Princeton,2021,1,annual_report,https://www.town.princeton.ma.us/sites/g/files/vyhlif4891/f/uploads/2021_princeton_annual_town_report.pdf,
Princeton,2021,1,annual_report,https://www.town.princeton.ma.us/sites/g/files/vyhlif4891/f/uploads/2021_princeton_annual_town_report_final.pdf,
Princeton,2022,1,annual_report,https://storage.googleapis.com/proudcity/princetonma/2025/09/2022_annual_town_report.pdf,Download
Princeton,2022,2,townmtg_election,https://storage.googleapis.com/proudcity/princetonma/2025/08/2022_annual_town_meeting_warrant_signed.pdf,Download
Princeton,2022,2,townmtg_election,https://www.town.princeton.ma.us/sites/g/files/vyhlif4891/f/events/2022_spring_town_meeting_and_election_schedule_4.5.pdf,
Princeton,2022,2,townmtg_election,https://www.town.princeton.ma.us/sites/g/files/vyhlif4891/f/news/2022_spring_town_meeting_and_election_schedule_3.22.pdf,
Raynham,2021,2,townmtg_election,https://www.town.raynham.ma.us/sites/g/files/vyhlif1111/f/news/annual_town_meeting_warrant_budget_05-17-2021_final.pdf,
Raynham,2021,2,townmtg_election,https://www.town.raynham.ma.us/sites/g/files/vyhlif1111/f/news/combined_final_special_town_meeting_warrant_2021.pdf,
Raynham,2021,2,townmtg_election,https://www.town.raynham.ma.us/sites/g/files/vyhlif1111/f/news/special_town_meeting_warrant_capital_budget_05-17-2021_draft.pdf,
Raynham,2021,3,election_page,https://www.town.raynham.ma.us/town-clerk,Town Clerk
Raynham,2022,2,townmtg_election,https://www.town.raynham.ma.us/sites/g/files/vyhlif1111/f/news/special_town_meeting_11-15-2022.pdf,
Raynham,2022,2,townmtg_election,https://www.town.raynham.ma.us/sites/g/files/vyhlif1111/f/news/town_election_calendar_for_2022.pdf,
Raynham,2022,2,townmtg_election,https://www.town.raynham.ma.us/sites/g/files/vyhlif1111/f/pages/annual_town_meeting_warrant_05-16-2022.pdf,
Raynham,2022,3,election_page,https://www.town.raynham.ma.us/town-clerk,Town Clerk
Richmond,2021,1,annual_report,https://richmondma.org/document_center/2020 TOWN REPORT-WEB VERSION.pdf?t=202105111554040,
Richmond,2021,1,annual_report,https://richmondma.org/document_center/2021 Annual Town Report.pdf?t=202301091021090,
Richmond,2021,3,election_page,https://richmondma.org/government/town_clerk/government_town_clerk_index.php,Elections/Town Meeting
Richmond,2021,3,election_page,https://richmondma.org/government/town_clerk/index.php,Town Clerk
Richmond,2024,1,annual_report,https://richmondma.org/document_center/RICHMOND 2024 TOWN REPORT FOR WEB_.pdf?t=202505120940180,
Richmond,2024,3,election_page,https://richmondma.org/government/town_clerk/government_town_clerk_index.php,Elections/Town Meeting
Richmond,2024,3,election_page,https://richmondma.org/government/town_clerk/index.php,Town Clerk
Richmond,2024,3,election_page,https://richmondma.org/newsletters/government/town_clerk/government_town_clerk_index.php,Elections/Town Meeting
Richmond,2025,1,annual_report,https://richmondma.org/document_center/RICHMOND 2024 TOWN REPORT FOR WEB_.pdf?t=202505120940180,
Richmond,2025,3,election_page,https://richmondma.org/government/town_clerk/government_town_clerk_index.php,Elections/Town Meeting
Richmond,2025,3,election_page,https://richmondma.org/government/town_clerk/index.php,Town Clerk
Richmond,2025,3,election_page,https://richmondma.org/newsletters/government/town_clerk/government_town_clerk_index.php,Elections/Town Meeting
Rochester,2022,1,annual_report,https://townofrochestermass.com/DocumentCenter/View/263/2022-Annual-Report,2022 Annual Report
Rochester,2022,3,election_page,https://sippican.theweektoday.com/article/marion-welcomes-new-town-clerk/158634,Marion welcomes new town clerk
Rochester,2022,3,election_page,https://sippican.theweektoday.com/article/questions-raised-about-previously-donated-voting-devices/158620,Questions raised about previously donated voting devices
Rochester,2022,3,election_page,https://townofrochestermass.com/329/Town-Meetings-Elections,Town Meetings / Elections
Rochester,2023,1,annual_report,https://townofrochestermass.com/DocumentCenter/View/264/2023-Annual-Report,2023 Annual Report
Rochester,2023,1,annual_report,https://www.townofrochestermass.com/sites/g/files/vyhlif5446/f/uploads/2023_annual_report.pdf,
Rochester,2023,2,townmtg_election,https://www.townofrochestermass.com/sites/g/files/vyhlif5446/f/news/annual_town_meeting_warrant_2023_0.pdf,
Rochester,2023,3,election_page,https://sippican.theweektoday.com/article/marion-welcomes-new-town-clerk/158634,Marion welcomes new town clerk
Rochester,2024,2,townmtg_election,https://townofrochestermass.com/DocumentCenter/View/1166/BESS-Bylaw-Town-Meeting-Version-Final-10-22-2024,BESS Bylaw Town Meeting Version Final 10-22-2024
Rochester,2024,2,townmtg_election,https://townofrochestermass.com/ImageRepository/Document?documentID=82,Government / Departments / Town Meetings / Elections Early i
Rochester,2024,2,townmtg_election,https://www.townofrochestermass.com/sites/g/files/vyhlif5446/f/pages/2024_annual_town_meeting_warrant.pdf,
Rochester,2024,2,townmtg_election,https://www.townofrochestermass.com/sites/g/files/vyhlif5446/f/pages/bess_bylaw_town_meeting_version_final_10.22.2024.pdf,
Rochester,2025,3,election_page,https://sippican.theweektoday.com/article/marion-welcomes-new-town-clerk/158634,Marion welcomes new town clerk
Rochester,2025,3,election_page,https://sippican.theweektoday.com/article/questions-raised-about-previously-donated-voting-devices/158620,Questions raised about previously donated voting devices
Rochester,2025,3,election_page,https://townofrochestermass.com/329/Town-Meetings-Elections,Town Meetings / Elections
Rockport,2021,1,annual_report,https://www.rockportma.gov/sites/g/files/vyhlif1141/f/uploads/2021_cpc_annual_report_-_word_12-8-21.pdf,
Rockport,2021,2,townmtg_election,https://rockportma.gov/DocumentCenter/View/1100,2021 for 2022 Town Meeting PDF?bidId=
Rockport,2021,3,election_page,https://rockportma.gov/266/Town-Clerk,Town Clerk
Rockport,2021,3,election_page,https://rockportma.gov/273/Elections,Elections
Rowley,2021,1,annual_report,https://www.townofrowley.net/sites/g/files/vyhlif4956/f/uploads/2021_town_report_final.pdf,
Rowley,2021,3,election_page,https://townofrowley.net/election,Election
Rowley,2021,3,election_page,https://townofrowley.net/town-clerk,Town Clerk
Rowley,2021,4,minutes,https://www.townofrowley.net/sites/g/files/vyhlif4956/f/minutes/02-02-2021.pdf,
Rowley,2024,2,townmtg_election,https://www.townofrowley.net/sites/g/files/vyhlif4956/f/uploads/town_meeting_guidelines_moderator_rules_11_7_2024_pdf_0.pdf,
Rowley,2024,3,election_page,https://townofrowley.net/election,Election
Rowley,2024,3,election_page,https://townofrowley.net/town-clerk,Town Clerk
Rowley,2025,2,townmtg_election,https://www.townofrowley.net/sites/g/files/vyhlif4956/f/news/may_5_2025_annual_town_meeting_warrant.pdf,
Rowley,2025,3,election_page,https://townofrowley.net/election,Election
Rowley,2025,3,election_page,https://townofrowley.net/town-clerk,Town Clerk
Rowley,2025,4,minutes,https://www.townofrowley.net/sites/g/files/vyhlif4956/f/minutes/meeting_minutes_-_05.15.2025_-_approved_1_0.pdf,
Russell,2021,3,election_page,https://townofrussell.us/229/Town-Clerk,Town Clerk
Russell,2021,3,election_page,https://townofrussell.us/322/Email-Town-Clerk,Email Town Clerk
Russell,2021,3,election_page,https://townofrussell.us/362/State-Elections-Early-Voting-Dates-and-T,State Elections Early Voting Dates and Times
Russell,2022,3,election_page,https://townofrussell.us/229/Town-Clerk,Town Clerk
Russell,2022,3,election_page,https://townofrussell.us/322/Email-Town-Clerk,Email Town Clerk
Russell,2022,3,election_page,https://townofrussell.us/362/State-Elections-Early-Voting-Dates-and-T,State Elections Early Voting Dates and Times
Russell,2022,4,minutes,https://townofrussell.us/DocumentCenter/View/467,Planning Board Minutes 12 13 2022?bidId=
Russell,2024,3,election_page,https://townofrussell.us/229/Town-Clerk,Town Clerk
Russell,2024,3,election_page,https://townofrussell.us/322/Email-Town-Clerk,Email Town Clerk
Russell,2024,3,election_page,https://townofrussell.us/362/State-Elections-Early-Voting-Dates-and-T,State Elections Early Voting Dates and Times
Russell,2024,4,minutes,https://townofrussell.us/DocumentCenter/View/384,BOS Meeting Minutes for 07 23 24 07 23 2024?bidId=
Russell,2025,1,annual_report,https://www.townofrussell.us/sites/g/files/vyhlif7626/f/news/fy2025_russell_town_report.pdf,
Russell,2025,3,election_page,https://townofrussell.us/229/Town-Clerk,Town Clerk
Russell,2025,3,election_page,https://townofrussell.us/322/Email-Town-Clerk,Email Town Clerk
Russell,2025,3,election_page,https://townofrussell.us/362/State-Elections-Early-Voting-Dates-and-T,State Elections Early Voting Dates and Times
Rutland,2021,1,annual_report,https://rutlandma.gov/DocumentCenter/View/859/FY2021-Annual-Town-Report,FY2021 Annual Town Report
Rutland,2021,1,annual_report,https://townofrutland.org/DocumentCenter/View/859/FY2021-Annual-Town-Report,FY2021 Annual Town Report
Rutland,2021,3,election_page,https://rutlandma.gov/278/Town-Clerk-Elections,Town Clerk & Elections
Rutland,2021,3,election_page,https://rutlandma.gov/755/2026-Upcoming-Elections,
Rutland,2022,1,annual_report,https://rutlandma.gov/DocumentCenter/View/860/FY2022-Annual-Town-Report,FY2022 Annual Town Report
Rutland,2022,1,annual_report,https://townofrutland.org/DocumentCenter/View/616,Fy2022 Annual Town Report Final PDF?bidId=
Rutland,2022,1,annual_report,https://townofrutland.org/DocumentCenter/View/860/FY2022-Annual-Town-Report,FY2022 Annual Town Report
Rutland,2022,1,annual_report,https://www.rutlandma.gov/DocumentCenter/View/616,Fy2022 Annual Town Report Final PDF?bidId=
Rutland,2023,1,annual_report,https://rutlandma.gov/DocumentCenter/View/1949/FY2023-Annual-Town-Report-,FY2023 Annual Town Report
Rutland,2023,1,annual_report,https://townofrutland.org/DocumentCenter/View/1949/FY2023-Annual-Town-Report-,FY2023 Annual Town Report
Rutland,2023,1,annual_report,https://townofrutland.org/DocumentCenter/View/2889,FY2023 Annual Town Report?bidId=
Rutland,2023,1,annual_report,https://www.rutlandma.gov/DocumentCenter/View/2889,FY2023 Annual Town Report?bidId=
Salisbury,2025,3,election_page,https://www.salisburyma.gov/town-clerk/files/marriage-license-information,Marriage License
Salisbury,2025,3,election_page,https://www.salisburyma.gov/town-clerk/pages/dog-licensing,Dog License
Salisbury,2025,3,election_page,https://www.salisburyma.gov/town-clerk/pages/voter-registration-information-forms,Voting
Sandisfield,2025,4,minutes,https://www.sandisfieldma.gov/sites/g/files/vyhlif1171/f/minutes/sb_es_2025.10.27.pdf,
Sandisfield,2025,4,minutes,https://www.sandisfieldma.gov/sites/g/files/vyhlif1171/f/minutes/sb_es_2025.10.27.pdf?fbclid=IwY2xjawN6Hf5leHRuA2FlbQIxMABicmlkETFEVllPWFk3RENuWVpvTVhKc3J0YwZhcHBfaWQQMjIyMDM5MTc4ODIwMDg5MgABHmJM8Y2-4q-DVVdxW9ja_ycMQ1etwDy_DZa3ut7AeKypL3f-RqbRqLXeoYju_aem_vlP25jlZq9b0L0yQAYU-Cw,
Sandisfield,2025,4,minutes,https://www.sandisfieldma.gov/sites/g/files/vyhlif1171/f/minutes/sb_es_minutes_2025.10.20.pdf,
Sandisfield,2025,4,minutes,https://www.sandisfieldma.gov/sites/g/files/vyhlif1171/f/minutes/sb_es_minutes_2025.10.20.pdf?fbclid=IwY2xjawN6Hd1leHRuA2FlbQIxMABicmlkETFEVllPWFk3RENuWVpvTVhKc3J0YwZhcHBfaWQQMjIyMDM5MTc4ODIwMDg5MgABHmoW_BNWZThTfahZb22tdfSyp8lDoIP1_cxIzJWoOS1B1DOh4n1tTe_vwoXb_aem_7JtJJZqWF358inSva-okPw,
Saugus,2024,2,townmtg_election,https://www.saugus-ma.gov/DocumentCenter/View/188,"Finance Committee Report for Annual Town Meeting May 13, 202"
Saugus,2024,2,townmtg_election,https://www.saugus-ma.gov/DocumentCenter/View/193,"Finance Committee Report for Annual Town Meeting May 6, 2024"
Saugus,2024,2,townmtg_election,https://www.saugus-ma.gov/DocumentCenter/View/204,"Finance Committee Report for Special Town Meeting May 6, 202"
Saugus,2024,2,townmtg_election,https://www.saugus-ma.gov/DocumentCenter/View/890/2024-May-6---Annual-Town-Meeting-PDF,2024 May 6 - Annual Town Meeting (PDF)
Savoy,2021,3,election_page,https://townofsavoy.com/election-information,
Savoy,2021,3,election_page,https://townofsavoy.com/town-clerk,
Savoy,2022,3,election_page,https://townofsavoy.com/election-information,
Savoy,2022,3,election_page,https://townofsavoy.com/town-clerk,
Savoy,2023,1,annual_report,https://storage.googleapis.com/juniper-media-library/394/2025/09/FY%202023-Annual%20Town%20Reports.pdf,FY 2023-Annual Town Reports
Savoy,2023,3,election_page,https://townofsavoy.com/election-information,
Savoy,2023,3,election_page,https://townofsavoy.com/town-clerk,
Savoy,2024,1,annual_report,https://storage.googleapis.com/juniper-media-library/394/2025/09/FY%202024-Annual%20Town%20Reports.pdf,FY 2024-Annual Town Reports
Savoy,2024,2,townmtg_election,https://storage.googleapis.com/juniper-media-library/394/2025/09/2024-Annual Town Election Warrant.pdf,2024 Annual Town Election Warrant
Savoy,2024,3,election_page,https://townofsavoy.com/election-information,
Savoy,2024,3,election_page,https://townofsavoy.com/town-clerk,
Savoy,2025,1,annual_report,https://storage.googleapis.com/juniper-media-library/394/2025/09/FY%202023-Annual%20Town%20Reports.pdf,FY 2023-Annual Town Reports
Savoy,2025,1,annual_report,https://storage.googleapis.com/juniper-media-library/394/2025/09/FY%202024-Annual%20Town%20Reports.pdf,FY 2024-Annual Town Reports
Savoy,2025,1,annual_report,https://storage.googleapis.com/juniper-media-library/394/2026/06/2025 Annual Report-FINAL FOR PRINTING.pdf,FY 2025-Annual Town Reports
Savoy,2025,2,townmtg_election,https://storage.googleapis.com/juniper-media-library/394/2025/09/2024-Annual Town Election Warrant.pdf,2024 Annual Town Election Warrant
Scituate,2023,1,annual_report,https://ma-scituate.civicplus.com/DocumentCenter/View/17542,plymouth_county_mosquito_control_2023_annual_reportpdf?bidId
Scituate,2023,1,annual_report,https://scituatema.gov/DocumentCenter/View/859/2023-Annual-Town-Report,2023 Annual Town Report
Scituate,2023,1,annual_report,https://www.scituatema.gov/sites/g/files/vyhlif11836/f/pages/2023_select_board_appointments_for_annual_report.pdf,
Scituate,2023,2,townmtg_election,https://ma-scituate.civicplus.com/DocumentCenter/View/10067,Annual and Special Town Meeting Minutes 2023 04 10 PDF?bidId
Shelburne,2021,1,annual_report,https://townofshelburne.com/files/2021_Open_Space_annual_report.pdf,
Shelburne,2021,1,annual_report,https://townofshelburne.com/files/SHA_FY_2021_Annual_Report.pdf,
Shelburne,2021,1,annual_report,https://townofshelburnema.gov/files/2021_Open_Space_annual_report.pdf,
Shelburne,2021,1,annual_report,https://townofshelburnema.gov/files/SHA_FY_2021_Annual_Report.pdf,
Shelburne,2024,1,annual_report,https://townofshelburne.com/files/2024_Open_Space_annual_report.pdf,
Shelburne,2024,1,annual_report,https://townofshelburnema.gov/files/2024_Open_Space_annual_report.pdf,
Shelburne,2024,2,townmtg_election,https://townofshelburne.com/files/2024FY_Annual_Town_Meeting_Warrant-FINAL.docx,2024FY Annual Town Meeting Warrant-FINAL.docx
Shelburne,2024,2,townmtg_election,https://townofshelburne.com/files/2024_Annual_Town_Meeting_Warrant_-_May_2_2023.pdf,
Shelburne,2025,2,townmtg_election,https://townofshelburne.com/files/2025FYAnnual_Town_Meeting_Warrant-Final.docx,2025FYAnnual Town Meeting Warrant-Final.docx
Shelburne,2025,2,townmtg_election,https://townofshelburne.com/files/2025_Annual_Town_Meeting_Warrant_-_May_7_2024.pdf,
Shelburne,2025,2,townmtg_election,https://townofshelburne.com/files/2025_Special_Town_Meeting_Warrant_-_April_22_2025_2.docx,2025 Special Town Meeting Warrant - April 22 2025 2.docx
Shelburne,2025,2,townmtg_election,https://townofshelburne.com/files/2026_Annual_Town_Meeting_Warrant_-_May_6_2025.pdf,
Shutesbury,2021,1,annual_report,https://www.shutesbury.org/sites/default/files/files-and-images/Annual%20Town%20Reports/AnnualTownReport_FY2021.pdf,
Shutesbury,2021,3,election_page,https://shutesbury.org/local-elections,Annual Town Meetings & Local Elections
Shutesbury,2021,3,election_page,https://shutesbury.org/townclerk,Town Clerk
Shutesbury,2021,4,minutes,http://www.shutesbury.org/sites/default/files/offices_committees/town_clerk/minutes/120215%20Selectboard.pdf,
Shutesbury,2022,1,annual_report,https://www.shutesbury.org/sites/default/files/files-and-images/Annual%20Town%20Reports/AnnualTownReport_FY2022.pdf,
Shutesbury,2022,2,townmtg_election,https://shutesbury.org/sites/default/files/2022-01/120606_Special-Town-Meeting_warrant.pdf,
Shutesbury,2022,2,townmtg_election,https://www.shutesbury.org/sites/default/files/2022-01/191203_special-town-meeting-warrant.pdf,
Shutesbury,2022,2,townmtg_election,https://www.shutesbury.org/sites/default/files/2022-01/200727_Annual-Town-Meeting_warrant.pdf,
Somerset,2023,1,annual_report,https://townofsomerset.org/DocumentCenter/View/1330/Annual-town-Report-2023,Annual town Report 2023
Somerset,2023,2,townmtg_election,https://www.townofsomerset.org/sites/g/files/vyhlif3821/f/news/2023_town_meeting_babysiting_1.pdf,
Somerset,2023,3,election_page,https://townofsomerset.org/279/Town-Clerk,
Somerset,2023,3,election_page,https://townofsomerset.org/318/Election-Information-Results,Elections
Southbridge,2022,3,election_page,https://ci.southbridge.ma.us/479/Town-Clerk,
Southbridge,2022,3,election_page,https://ci.southbridge.ma.us/507/Voting-Elections,
Southbridge,2022,3,election_page,https://ci.southbridge.ma.us/CivicAlerts.aspx?AID=259,Early Voting Schedule for 2026
Southbridge,2022,4,minutes,http://www.ci.southbridge.ma.us/AgendaCenter/ViewFile/Minutes/_01032022-418,
Southbridge,2023,3,election_page,https://ci.southbridge.ma.us/479/Town-Clerk,
Southbridge,2023,3,election_page,https://ci.southbridge.ma.us/507/Voting-Elections,
Southbridge,2023,3,election_page,https://ci.southbridge.ma.us/CivicAlerts.aspx?AID=259,Early Voting Schedule for 2026
Southbridge,2023,4,minutes,https://ci.southbridge.ma.us/AgendaCenter/ViewFile/ArchivedMinutes/_01042023-1169,
Southbridge,2024,3,election_page,https://ci.southbridge.ma.us/479/Town-Clerk,
Southbridge,2024,3,election_page,https://ci.southbridge.ma.us/507/Voting-Elections,
Southbridge,2024,3,election_page,https://ci.southbridge.ma.us/CivicAlerts.aspx?AID=259,Early Voting Schedule for 2026
Southbridge,2024,4,minutes,https://ci.southbridge.ma.us/AgendaCenter/ViewFile/Minutes/_01022024-2322,
Southbridge,2025,3,election_page,https://ci.southbridge.ma.us/479/Town-Clerk,
Southbridge,2025,3,election_page,https://ci.southbridge.ma.us/507/Voting-Elections,
Southbridge,2025,3,election_page,https://ci.southbridge.ma.us/CivicAlerts.aspx?AID=259,Early Voting Schedule for 2026
Southbridge,2025,4,minutes,https://ci.southbridge.ma.us/AgendaCenter/ViewFile/Minutes/_02132025-2852,
Springfield,2023,1,annual_report,https://www.springfield-ma.gov/cos/fileadmin/mayor/2023/BOPC/2024_BOPC_Annual_report_3.12.25__pdf.pdf,
Springfield,2023,1,annual_report,https://www.springfield-ma.gov/cos/fileadmin/mayor/2023/BOPC/Board_of_Police_Commissioners_2023_Annual_Report.pdf,
Springfield,2023,1,annual_report,https://www.springfield-ma.gov/police/fileadmin/user_upload/Board_of_Police_Commissioners_2023_Annual_Report.pdf,
Springfield,2023,2,townmtg_election,https://www.springfield-ma.gov/elections/fileadmin/Past_Election_Results/9-12-2023_Official_Precinct_Results.pdf,
Springfield,2025,3,election_page,https://springfield-ma.gov/cos/vote,Voting
Springfield,2025,3,election_page,https://springfield-ma.gov/elections/how-to-register,Register to Vote
Stockbridge,2021,1,annual_report,https://stockbridge-ma.gov/wp-content/uploads/2021/04/FINAL-2020-Annual-Report-2.pdf,
Stockbridge,2021,1,annual_report,https://stockbridge-ma.gov/wp-content/uploads/2022/05/FINAL-2021-Annual-Report.pdf,
Stockbridge,2021,2,townmtg_election,https://stockbridge-ma.gov/wp-content/uploads/2021/04/STOCKBRIDGE-ANNUAL-TOWN-ELECTION.pdf,
Stockbridge,2021,2,townmtg_election,https://stockbridge-ma.gov/wp-content/uploads/2021/06/06.12.21AnnualTown-Meeting-Notice.pdf,
Stockbridge,2022,1,annual_report,https://stockbridge-ma.gov/wp-content/uploads/2022/05/FINAL-2021-Annual-Report.pdf,
Stockbridge,2022,2,townmtg_election,https://stockbridge-ma.gov/wp-content/uploads/2022/05/05.1622-AnnualTown-Meeting-Notice-1.pdf,
Stockbridge,2022,2,townmtg_election,https://stockbridge-ma.gov/wp-content/uploads/2022/05/Baby-Town-Meeting.pdf,
Stockbridge,2022,4,minutes,https://stockbridge-ma.gov/wp-content/uploads/2022/01/Ag-and-Forest-Comm-meeting-minutes-2021-12-06.pdf,
Sturbridge,2021,1,annual_report,https://www.sturbridge.gov/sites/g/files/vyhlif3881/f/pages/2021_completed_annual_town_report.pdf,
Sturbridge,2021,3,election_page,https://sturbridge.gov/town-clerk,Town Clerk
Sturbridge,2021,3,election_page,https://www.sturbridge.gov/town-clerk/files/public-records-request,
Sturbridge,2021,4,minutes,https://www.sturbridge.gov/sites/g/files/vyhlif12111/f/minutes/2021_03_24_meeting_minutes.pdf,
Sturbridge,2023,3,election_page,https://sturbridge.gov/town-clerk,Town Clerk
Sturbridge,2023,3,election_page,https://www.sturbridge.gov/town-clerk/files/public-records-request,
Sturbridge,2023,4,minutes,https://www.sturbridge.gov/sites/g/files/vyhlif12111/f/minutes/2023-10-16_bos_meeting_minutes.pdf,
Sturbridge,2023,4,minutes,https://www.sturbridge.gov/sites/g/files/vyhlif12111/f/minutes/_jhpl-2023-05-04-meeting_minutes.pdf,
Sturbridge,2024,3,election_page,https://sturbridge.gov/town-clerk,Town Clerk
Sturbridge,2024,3,election_page,https://www.sturbridge.gov/town-clerk/files/public-records-request,
Sturbridge,2024,4,minutes,https://www.sturbridge.gov/sites/g/files/vyhlif12111/f/minutes/2024-09-16_agricultural_commission_meeting_notes_09.pdf,
Sturbridge,2024,4,minutes,https://www.sturbridge.gov/sites/g/files/vyhlif12111/f/minutes/2024-10-21_approved_select_board_minutes.pdf,
Sturbridge,2025,3,election_page,https://sturbridge.gov/town-clerk,Town Clerk
Sturbridge,2025,3,election_page,https://www.sturbridge.gov/town-clerk/files/public-records-request,
Sudbury,2021,1,annual_report,https://cdn.sudbury.ma.us/wp-content/uploads/sites/293/2021/01/2020-Town-Report-Finance-Committee.pdf,
Sudbury,2021,1,annual_report,https://cdn.sudbury.ma.us/wp-content/uploads/sites/293/2021/01/2020-Town-Report-Finance-Committee.pdf?version=d3a33949c0293a6f96e7dade29775790,
Sudbury,2021,1,annual_report,https://cdn.sudbury.ma.us/wp-content/uploads/sites/342/2021/03/Sudbury-2019-Town-Report.pdf?version=7613194b04113666d493d6f30a09a35d,Download Now
Sudbury,2021,1,annual_report,https://cdn.sudbury.ma.us/wp-content/uploads/sites/342/2021/10/Sudbury-2020-Town-Report.pdf?version=dc0f5577c1308cf4ab0fc3c4bea67ed0,Download Now
Sudbury,2025,2,townmtg_election,https://cdn.sudbury.ma.us/wp-content/uploads/sites/270/2025/01/2023-ATE-pre-campaign-report.pdf?version=0166c11c82a805772164fe19c06366e0,
Sudbury,2025,2,townmtg_election,https://cdn.sudbury.ma.us/wp-content/uploads/sites/270/2025/01/2023-ATE-pre-campaign-report.pdf?version=9629631f1c411bba675da492746e414f,
Sudbury,2025,2,townmtg_election,https://cdn.sudbury.ma.us/wp-content/uploads/sites/270/2025/01/Post-Election-CPF-reports-for-ATE-3.25.24.pdf?version=1366785cfbb96dd6f1b92310a1f83850,
Sudbury,2025,2,townmtg_election,https://cdn.sudbury.ma.us/wp-content/uploads/sites/270/2025/01/Post-Election-CPF-reports-for-ATE-3.25.24.pdf?version=d415a90fef8c1b73a3189dbf781352fb,
Sutton,2021,1,annual_report,https://www.suttonma.org/sites/g/files/vyhlif3901/f/uploads/2021_annual_town_report.pdf,
Sutton,2021,2,townmtg_election,https://www.suttonma.gov/DocumentCenter/View/769/2021-Fall-Town-Meeting-Minutes,2021 Fall Town Meeting Minutes
Sutton,2021,2,townmtg_election,https://www.suttonma.gov/DocumentCenter/View/778/2021-Spring-Town-Meeting-Minutes,2021 Spring Town Meeting Minutes
Sutton,2021,3,election_page,https://suttonma.org/453/Town-Clerk,Town Clerk
Sutton,2022,2,townmtg_election,https://www.suttonma.gov/DocumentCenter/View/773/2022-Fall-Town-Meeting-Minutes,2022 Fall Town Meeting Minutes
Sutton,2022,2,townmtg_election,https://www.suttonma.gov/DocumentCenter/View/779/2022-Spring-Town-Meeting-Minutes,2022 Spring Town Meeting Minutes
Sutton,2022,3,election_page,https://suttonma.org/453/Town-Clerk,Town Clerk
Sutton,2022,3,election_page,https://suttonma.org/470/Budget-Town-Meeting-Election,Town Meeting & Election
Sutton,2024,2,townmtg_election,https://suttonma.org/ImageRepository/Document?documentID=417,Departments / Budget / Town Meeting & Election 2024 Annual F
Sutton,2024,2,townmtg_election,https://www.suttonma.gov/DocumentCenter/View/2749/October-2024-Annual-Town-Meeting-and-Election-Schedule,October 2024 Annual Town Meeting and Election Schedule
Sutton,2024,2,townmtg_election,https://www.suttonma.gov/DocumentCenter/View/770/2024-Fall-Town-Meeting-Minutes,2024 Fall Town Meeting Minutes
Sutton,2024,2,townmtg_election,https://www.suttonma.gov/DocumentCenter/View/775/2024-Spring-Town-Meeting-Minutes,2024 Spring Town Meeting Minutes
Sutton,2025,2,townmtg_election,https://ma-sutton.civicplus.com/DocumentCenter/View/723,2025 Annual Fall Town Meeting Schedule?bidId=
Sutton,2025,2,townmtg_election,https://suttonma.org/ImageRepository/Document?documentID=235,Departments / Budget / Town Meeting & Election Code Red Call
Sutton,2025,2,townmtg_election,https://suttonma.org/ImageRepository/Document?documentID=369,Departments / Budget / Town Meeting & Election 2025 Annual S
Sutton,2025,2,townmtg_election,https://suttonma.org/ImageRepository/Document?documentID=485,Departments / Budget / Town Meeting & Election 2025 Annual F
Swampscott,2025,2,townmtg_election,https://swampscottma.gov/DocumentCenter/View/7715,"2025 Special Town Meeting - March 19, 2025"
Swampscott,2025,2,townmtg_election,https://swampscottma.gov/DocumentCenter/View/7716,"2025 Annual Town Meeting - May 19, 2025"
Swampscott,2025,2,townmtg_election,https://swampscottma.gov/DocumentCenter/View/7717,"2025 Special Town Meeting - December 1, 2025"
Swampscott,2025,2,townmtg_election,https://www.swampscottma.gov/DocumentCenter/View/446,Town Meeting 52025?bidId=
Templeton,2022,1,annual_report,https://www.templetonma.gov/DocumentCenter/View/2426/Annual-Report-for-Fiscal-Year-2022-PDF,
Templeton,2022,2,townmtg_election,https://www.templetonma.gov/DocumentCenter/View/1935/May-11-2022-Annual-Town-Meeting-PDF,"May 11, 2022 Annual Town Meeting (PDF)"
Templeton,2022,2,townmtg_election,https://www.templetonma.gov/DocumentCenter/View/1936/November-2-2022-Fall-Town-Meeting-PDF,
Templeton,2022,2,townmtg_election,https://www.templetonma.gov/DocumentCenter/View/2094/May-16-2022-Annual-Town-Election-PDF,"May 16, 2022, Annual Town Election (PDF)"
Tisbury,2021,3,election_page,https://tisburyma.gov/228/Town-Clerk,Town Clerk
Tisbury,2021,3,election_page,https://tisburyma.gov/CivicAlerts.aspx?AID=44,"FINAL RESULTS ANNUAL TOWN ELECTION MAY 12, 2026"
Tisbury,2021,3,election_page,https://tisburyma.gov/CivicAlerts.aspx?AID=46,MVRSD Building Project Election Results
Tisbury,2021,4,minutes,https://tisburyma.gov/DocumentCenter/View/1387/minutes_zba_2021_combined_bookmarked,minutes_zba_2021_combined_bookmarked
Tisbury,2022,2,townmtg_election,https://www.tisburyma.gov/sites/g/files/vyhlif1321/f/uploads/annual_town_elections_2022.pdf,
Tisbury,2022,3,election_page,https://tisburyma.gov/228/Town-Clerk,Town Clerk
Tisbury,2022,3,election_page,https://tisburyma.gov/CivicAlerts.aspx?AID=44,"FINAL RESULTS ANNUAL TOWN ELECTION MAY 12, 2026"
Tisbury,2022,3,election_page,https://tisburyma.gov/CivicAlerts.aspx?AID=46,MVRSD Building Project Election Results
Tisbury,2023,1,annual_report,https://tisburyma.gov/DocumentCenter/View/393/IT-Annual-Town-Report-January-2023-PDF,I.T. Annual Town Report January 2023 (PDF)
Tisbury,2023,3,election_page,https://tisburyma.gov/228/Town-Clerk,Town Clerk
Tisbury,2023,3,election_page,https://tisburyma.gov/CivicAlerts.aspx?AID=44,"FINAL RESULTS ANNUAL TOWN ELECTION MAY 12, 2026"
Tisbury,2023,3,election_page,https://tisburyma.gov/CivicAlerts.aspx?AID=46,MVRSD Building Project Election Results
Tisbury,2024,3,election_page,https://tisburyma.gov/228/Town-Clerk,Town Clerk
Tisbury,2024,3,election_page,https://tisburyma.gov/CivicAlerts.aspx?AID=44,"FINAL RESULTS ANNUAL TOWN ELECTION MAY 12, 2026"
Tisbury,2024,3,election_page,https://tisburyma.gov/CivicAlerts.aspx?AID=46,MVRSD Building Project Election Results
Tisbury,2024,4,minutes,https://tisburyma.gov/DocumentCenter/View/1532/minutes_zba_2024_combined_bookmarked,minutes_zba_2024_combined_bookmarked
Tisbury,2025,3,election_page,https://tisburyma.gov/228/Town-Clerk,Town Clerk
Tisbury,2025,3,election_page,https://tisburyma.gov/CivicAlerts.aspx?AID=44,"FINAL RESULTS ANNUAL TOWN ELECTION MAY 12, 2026"
Tisbury,2025,3,election_page,https://tisburyma.gov/CivicAlerts.aspx?AID=46,MVRSD Building Project Election Results
Tisbury,2025,4,minutes,https://www.tisburyma.gov/AgendaCenter/ViewFile/Minutes/_01062025-730,
Tolland,2021,3,election_page,https://tolland-ma.gov/1201/Town-Clerk,Town Clerk
Tolland,2021,3,election_page,https://tolland-ma.gov/1365/Mass-General-Laws-Open-Meeting-Law-Town-,"Mass. General Laws: Open Meeting Law, Town Meetings and Elec"
Tolland,2021,3,election_page,https://tolland-ma.gov/1367/Duties-Responsibilities-of-the-Town-Cler,Duties & Responsibilities of the Town Clerk
Tolland,2021,4,minutes,https://tolland-ma.gov/DocumentCenter/View/1010,Conservation Commission Minutes 11 30 2021?bidId=
Tolland,2022,3,election_page,https://tolland-ma.gov/1201/Town-Clerk,Town Clerk
Tolland,2022,3,election_page,https://tolland-ma.gov/1365/Mass-General-Laws-Open-Meeting-Law-Town-,"Mass. General Laws: Open Meeting Law, Town Meetings and Elec"
Tolland,2022,3,election_page,https://tolland-ma.gov/1367/Duties-Responsibilities-of-the-Town-Cler,Duties & Responsibilities of the Town Clerk
Tolland,2022,4,minutes,https://tolland-ma.gov/DocumentCenter/View/1050,Planning Board Minutes 04 19 2022?bidId=
Tolland,2023,3,election_page,https://tolland-ma.gov/1201/Town-Clerk,Town Clerk
Tolland,2023,3,election_page,https://tolland-ma.gov/1365/Mass-General-Laws-Open-Meeting-Law-Town-,"Mass. General Laws: Open Meeting Law, Town Meetings and Elec"
Tolland,2023,3,election_page,https://tolland-ma.gov/1367/Duties-Responsibilities-of-the-Town-Cler,Duties & Responsibilities of the Town Clerk
Tolland,2023,4,minutes,https://tolland-ma.gov/DocumentCenter/View/1017,Conservation Commission Minutes 11 30 2023?bidId=
Tolland,2024,3,election_page,https://tolland-ma.gov/1201/Town-Clerk,Town Clerk
Tolland,2024,3,election_page,https://tolland-ma.gov/1365/Mass-General-Laws-Open-Meeting-Law-Town-,"Mass. General Laws: Open Meeting Law, Town Meetings and Elec"
Tolland,2024,3,election_page,https://tolland-ma.gov/1367/Duties-Responsibilities-of-the-Town-Cler,Duties & Responsibilities of the Town Clerk
Tolland,2024,4,minutes,https://tolland-ma.gov/DocumentCenter/View/1023,Conservation Commission Minutes 07 18 2024?bidId=
Tolland,2025,3,election_page,https://tolland-ma.gov/1201/Town-Clerk,Town Clerk
Tolland,2025,3,election_page,https://tolland-ma.gov/1365/Mass-General-Laws-Open-Meeting-Law-Town-,"Mass. General Laws: Open Meeting Law, Town Meetings and Elec"
Tolland,2025,3,election_page,https://tolland-ma.gov/1367/Duties-Responsibilities-of-the-Town-Cler,Duties & Responsibilities of the Town Clerk
Tolland,2025,4,minutes,https://tolland-ma.gov/AgendaCenter/ViewFile/Minutes/_01212025-62,
Topsfield,2024,2,townmtg_election,https://www.topsfield-ma.gov/DocumentCenter/View/1585/FY25-Budget-Preparation-Schedule-for-2024-Town-Meeting,FY25 Budget Preparation Schedule for 2024 Town Meeting
Topsfield,2024,2,townmtg_election,https://www.topsfield-ma.gov/DocumentCenter/View/3506,Select Board Pre Town Meeting Agenda Agenda 05 07 2024 PDF?b
Topsfield,2024,2,townmtg_election,https://www.topsfield-ma.gov/sites/g/files/vyhlif5086/f/agendas/selectboardpretownmeeting05072024.pdf,
Topsfield,2024,2,townmtg_election,https://www.topsfield-ma.gov/sites/g/files/vyhlif5086/f/pages/2024townelectionschedule.pdf,
Topsfield,2025,1,annual_report,https://www.topsfield-ma.gov/DocumentCenter/View/8188,topsfield_annual_report_2025_online?bidId=
Topsfield,2025,2,townmtg_election,https://www.topsfield-ma.gov/DocumentCenter/View/1423/2025-Annual-and-Special-Town-Meeting-Warrants,2025 Annual and Special Town Meeting Warrants
Topsfield,2025,2,townmtg_election,https://www.topsfield-ma.gov/DocumentCenter/View/1425/FY26-Budget-Preparation-Schedule-for-2025-Town-Meeting,FY26 Budget Preparation Schedule for 2025 Town Meeting
Topsfield,2025,3,election_page,https://www.topsfield-ma.gov/1206/Town-Clerk,
Townsend,2024,1,annual_report,https://townsendma.gov/government/board_of_selectmen/Annual Town Reports/2024 Townsend Annual Town Report updated 4.10.2025 (1).pdf?t=202508051706390,2024 Annual Town Report
Townsend,2024,2,townmtg_election,https://townsendma.gov/departments/town_administrator/budgets/Documents/Departments/Town Administrator/Budgets/FY 15 Budget/fy2015_town_meeting_budget_adopted.pdf?t=202406030935200,FY2015 Town Meeting Budget ADOPTED
Townsend,2024,2,townmtg_election,https://townsendma.gov/departments/town_administrator/budgets/Documents/Departments/Town Administrator/Budgets/FY 17 Budget/5-3-2016_town_meeting_packet_handout_3_0.pdf?t=202406030935190,Budget Prep Docs
Townsend,2024,2,townmtg_election,https://townsendma.gov/departments/town_administrator/budgets/Documents/Departments/Town Administrator/Budgets/FY19 Budget/warrant_0.pdf?t=202406030935180,ANNUAL/SPECIAL TOWN MEETING WARRANT
Townsend,2025,1,annual_report,https://townsendma.gov/government/board_of_selectmen/Annual Town Reports/2024 Townsend Annual Town Report updated 4.10.2025 (1).pdf?t=202508051706390,2024 Annual Town Report
Townsend,2025,1,annual_report,https://townsendma.gov/government/board_of_selectmen/Documents/Boards Committees/Selectboard/Annual Town Reports/2006_report_0.pdf?t=202504291250120,2006 Annual Town Report
Townsend,2025,1,annual_report,https://townsendma.gov/government/board_of_selectmen/Documents/Boards Committees/Selectboard/Annual Town Reports/2007_townsend_annual_town_report.pdf?t=202504291250220,2007 Annual Town Report
Townsend,2025,1,annual_report,https://townsendma.gov/government/board_of_selectmen/Documents/Boards Committees/Selectboard/Annual Town Reports/2008townsendannualtownreport_0.pdf?t=202504291250290,2008 Annual Town Report
Truro,2021,1,annual_report,https://www.truro-ma.gov/sites/g/files/vyhlif3936/f/uploads/annual_town_report_2021_0.pdf,
Truro,2021,1,annual_report,https://www.truro-ma.gov/sites/g/files/vyhlif9766/f/uploads/annual_town_report_2021_0.pdf,
Truro,2021,2,townmtg_election,https://truro-ma.gov/DocumentCenter/View/863/2021-Annual-Town-Meeting-Minutes-June-26-2021,2021 Annual Town Meeting Minutes June 26 2021
Truro,2021,2,townmtg_election,https://www.truro-ma.gov/DocumentCenter/View/1452,Town Meeting Map 2021 PDF?bidId=
Tyringham,2022,3,election_page,https://www.tyringham-ma.gov/1248/Town-Clerk,
Tyringham,2022,3,election_page,https://www.tyringham-ma.gov/1255/Election-Voting-Information,
Tyringham,2022,3,election_page,https://www.tyringham-ma.gov/DocumentCenter/View/1598/Annual-Town-Election-Results-5182026,Annual Town Election Results (5.18.2026)
Tyringham,2022,4,minutes,https://www.tyringham-ma.gov/sites/g/files/vyhlif1336/f/minutes/historical_commission_meeting_-_thursday_february_10_2022.pdf,
Tyringham,2023,3,election_page,https://www.tyringham-ma.gov/1248/Town-Clerk,
Tyringham,2023,3,election_page,https://www.tyringham-ma.gov/1255/Election-Voting-Information,
Tyringham,2023,3,election_page,https://www.tyringham-ma.gov/DocumentCenter/View/1598/Annual-Town-Election-Results-5182026,Annual Town Election Results (5.18.2026)
Tyringham,2024,3,election_page,https://www.tyringham-ma.gov/1248/Town-Clerk,
Tyringham,2024,3,election_page,https://www.tyringham-ma.gov/1255/Election-Voting-Information,
Tyringham,2024,3,election_page,https://www.tyringham-ma.gov/DocumentCenter/View/1598/Annual-Town-Election-Results-5182026,Annual Town Election Results (5.18.2026)
Tyringham,2025,3,election_page,https://www.tyringham-ma.gov/1248/Town-Clerk,
Tyringham,2025,3,election_page,https://www.tyringham-ma.gov/1255/Election-Voting-Information,
Tyringham,2025,3,election_page,https://www.tyringham-ma.gov/DocumentCenter/View/1598/Annual-Town-Election-Results-5182026,Annual Town Election Results (5.18.2026)
Upton,2021,2,townmtg_election,https://uptonma.gov/ImageRepository/Document?documentID=175,Town Clerk / Town Meetings & Elections / 2021 Annual Town Me
Upton,2021,2,townmtg_election,https://uptonma.gov/ImageRepository/Document?documentID=176,Town Clerk / Town Meetings & Elections / 2021 Annual Town El
Upton,2021,2,townmtg_election,https://uptonma.gov/ImageRepository/Document?documentID=179,Town Clerk / Town Meetings & Elections / 2021 Special Town M
Upton,2021,2,townmtg_election,https://www.uptonma.gov/DocumentCenter/View/837/Proceedings-of-Annual-Town-Meeting---May-8-2021-PDF,
Uxbridge,2022,2,townmtg_election,https://www.uxbridge-ma.gov/sites/g/files/vyhlif3971/f/uploads/fy_2022_capital_projects_for_may_2022_town_meeting_warrant_002_capital_committee_recommendations_0.pdf,
Uxbridge,2022,3,election_page,https://uxbridge-ma.gov/171/Town-Clerk,Town Clerk
Uxbridge,2022,3,election_page,https://uxbridge-ma.gov/DocumentCenter/View/5382/2026-Election-Calendar,2026 Election Calendar
Uxbridge,2022,3,election_page,https://uxbridge-ma.gov/DocumentCenter/View/5537/5192026-Ate-Certified-Results,"May 19, 2026 Election Results"
Uxbridge,2023,1,annual_report,https://ma-uxbridge.civicplus.com/DocumentCenter/View/5973,fy2023_annual_report_photos_11png?bidId=
Uxbridge,2023,1,annual_report,https://ma-uxbridge.civicplus.com/DocumentCenter/View/5974,fy2023_annual_report_photos_11?bidId=
Uxbridge,2023,3,election_page,https://uxbridge-ma.gov/171/Town-Clerk,Town Clerk
Uxbridge,2023,3,election_page,https://uxbridge-ma.gov/DocumentCenter/View/5382/2026-Election-Calendar,2026 Election Calendar
Wakefield,2025,1,annual_report,https://www.wakefieldma.gov/DocumentCenter/View/2642,2025 Annual Town Report
Wakefield,2025,2,townmtg_election,https://www.wakefieldma.gov/DocumentCenter/View/1987/Town-Meeting-Warrant-November-8-2025,"November 8, 2025, Warrant"
Wakefield,2025,2,townmtg_election,https://www.wakefieldma.gov/DocumentCenter/View/2001/Regular-Town-Meeting-Voters-Booklet-November-8-2025,Voter's Booklet
Wakefield,2025,2,townmtg_election,https://www.wakefieldma.gov/DocumentCenter/View/2004,town meeting banner 2025 11?bidId=
Warren,2022,1,annual_report,https://www.warrenct.gov/sites/g/files/vyhlif3991/f/uploads/2022.23annualreport.pdf,
Warren,2022,2,townmtg_election,https://warren-ma.gov/DocumentCenter/View/1366,Special Town Meeting 05 14 2022 PDF?bidId=
Warren,2022,3,election_page,https://warren-ma.gov/204/Town-Clerk,
Warren,2022,3,election_page,https://www.warrenct.gov/town-clerk,
Warwick,2021,3,election_page,https://warwickma.org/town-clerk/2022-11-08-state-election-results/,
Warwick,2021,3,election_page,https://warwickma.org/town-clerk/2023-04-03-special-election-results/,
Warwick,2021,3,election_page,https://warwickma.org/town-clerk/2023-05-15-annual-town-election/,
Warwick,2022,3,election_page,https://warwickma.org/town-clerk/2022-11-08-state-election-results/,
Warwick,2022,3,election_page,https://warwickma.org/town-clerk/2023-04-03-special-election-results/,
Warwick,2022,3,election_page,https://warwickma.org/town-clerk/2023-05-15-annual-town-election/,
Warwick,2022,4,minutes,https://warwickma.org/wp-content/uploads/2023/10/Planning-Board-minutes-10-Nov-2022-1.pdf,
Warwick,2023,3,election_page,https://warwickma.org/town-clerk/2022-11-08-state-election-results/,
Warwick,2023,3,election_page,https://warwickma.org/town-clerk/2023-04-03-special-election-results/,
Warwick,2023,3,election_page,https://warwickma.org/town-clerk/2023-05-15-annual-town-election/,
Warwick,2023,4,minutes,https://warwickma.org/wp-content/uploads/2023/10/Planning-Board-minutes-10-Nov-2022-1.pdf,
Warwick,2025,2,townmtg_election,https://warwickma.org/wp-content/uploads/2025/04/Town-Meeting-Explanations-4.30-jdy-dn.pdf,
Warwick,2025,3,election_page,https://warwickma.org/town-clerk/2022-11-08-state-election-results/,
Warwick,2025,3,election_page,https://warwickma.org/town-clerk/2023-04-03-special-election-results/,
Warwick,2025,3,election_page,https://warwickma.org/town-clerk/2023-05-15-annual-town-election/,
Washington,2021,3,election_page,https://www.washington-ma.gov/town-clerk,Town Clerk
Washington,2021,3,election_page,https://www.washington-ma.gov/town-clerk/pages/town-elections,Town Elections
Washington,2021,3,election_page,https://www.washington-ma.gov/town-clerk/pages/town-meetings,Town Meetings
Webster,2023,1,annual_report,https://www.webster-ma.gov/DocumentCenter/View/23136/2023-Annual-Town-Report,
Webster,2023,2,townmtg_election,https://webster-ma.gov/ImageRepository/Document?documentID=2141,Planning / Projects - Planning Board / Town Meeting - Warran
Webster,2023,2,townmtg_election,https://webster-ma.gov/ImageRepository/Document?documentID=2142,Planning / Projects - Planning Board / Town Meeting - Warran
Webster,2023,2,townmtg_election,https://webster-ma.gov/ImageRepository/Document?documentID=2143,Planning / Projects - Planning Board / Town Meeting - Warran
Wendell,2021,3,election_page,https://www.wendellmass.us/early-voting-is-nearly-here/,
Wendell,2021,3,election_page,https://www.wendellmass.us/presidential-primary-voting/,
Wendell,2021,3,election_page,https://www.wendellmass.us/town-clerk-office-hours/,
Wendell,2022,3,election_page,https://www.wendellmass.us/early-voting-is-nearly-here/,
Wendell,2022,3,election_page,https://www.wendellmass.us/presidential-primary-voting/,
Wendell,2022,3,election_page,https://www.wendellmass.us/town-clerk-office-hours/,
Wendell,2023,1,annual_report,https://storage.googleapis.com/proudcity/wendellma/2025/02/Wendell-2023-Annual-Report-8.5x5.5-final.pdf,Wendell 2023 Annual Report 8.5x5.5 Final
Wendell,2023,2,townmtg_election,https://storage.googleapis.com/proudcity/wendellma/2024/06/2023-Town-Meeting-Report.pdf,Download
Wendell,2023,3,election_page,https://www.wendellmass.us/early-voting-is-nearly-here/,
Wendell,2023,3,election_page,https://www.wendellmass.us/presidential-primary-voting/,
West Bridgewater,2024,1,annual_report,https://westbridgewaterma.org/departments/conservation_preservation_recreation/Website Functions/calendar_app/document_center/ConservationCommission/News/TRFC Town Annual Report 2024.pdf,2024 Annual Report
West Bridgewater,2024,2,townmtg_election,https://westbridgewaterma.org/departments/town_meeting/Website Functions/calendar_app/document_center/Official ATM Warrant 5-6-24.pdf,"ANNUAL TOWN MEETING MAY 6, 2024"
West Bridgewater,2024,2,townmtg_election,https://westbridgewaterma.org/departments/town_meeting/Website Functions/calendar_app/document_center/Official Warrant STM 11-14-24.pdf,"Special Town Meeting November 14, 2024"
West Bridgewater,2024,3,election_page,https://westbridgewaterma.org/departments/town_clerk/index.php,Town Clerk
West Bridgewater,2025,2,townmtg_election,"https://westbridgewaterma.org/departments/Town Meeting Warrant for October 20, 2025 Meeting.pdf?t=20251015135427376","Town Meeting Warrant for October 20, 2025 Meeting"
West Bridgewater,2025,2,townmtg_election,https://westbridgewaterma.org/departments/town_meeting/Website Functions/calendar_app/document_center/BoardSelectmen/Official Warrant ATM 5-17-21.pdf?t=20250226194832492,click here for warrant
West Bridgewater,2025,2,townmtg_election,https://westbridgewaterma.org/departments/town_meeting/document_center/Posted Warrant.pdf,"Annual Town Meeting May 12, 2025"
West Bridgewater,2025,3,election_page,https://westbridgewaterma.org/departments/town_clerk/index.php,Town Clerk
West Brookfield,2021,1,annual_report,https://storage.googleapis.com/juniper-media-library/43/2023/10/2021%20Annual%20Town%20Report.pdf,2021 Annual Town Report
West Brookfield,2021,3,election_page,https://wbrookfield.com/news-and-notices/official-local-election-results,
West Brookfield,2021,3,election_page,https://wbrookfield.com/news-and-notices/special-town-election-2,
West Brookfield,2021,3,election_page,https://wbrookfield.com/news-and-notices/town-election-unofficial-results,
Westhampton,2023,2,townmtg_election,https://westhamptonma.gov/wp-content/uploads/Annual-Town-Meeting-2023.pdf,
Westhampton,2023,2,townmtg_election,https://www.westhampton-ma.com/sites/g/files/vyhlif5191/f/uploads/fy2023_-_annual_and_special_town_meeting_guide_for_members_-_final_-_trimmed.pdf,
Westhampton,2023,4,minutes,https://westhamptonma.gov/wp-content/uploads/2023-0103-MINUTES-As-Approved.pdf,
Westhampton,2023,4,minutes,https://westhamptonma.gov/wp-content/uploads/2023-0110-Minutes-of-ZBA-MINUTES-ZBA.pdf,
Westhampton,2024,2,townmtg_election,https://www.westhampton-ma.com/sites/g/files/vyhlif5191/f/uploads/2024-0511_-_a_guide_to_the_2024_annual_town_meeting_-_ver_4.pdf,
Westhampton,2024,4,minutes,https://westhamptonma.gov/wp-content/uploads/2024-0109-minutes-trustees.pdf,
Westhampton,2024,4,minutes,https://westhamptonma.gov/wp-content/uploads/2024-0110-PSC-Minutes-65.pdf,
Westhampton,2024,4,minutes,https://westhamptonma.gov/wp-content/uploads/2024-0116-MINUTES-Selectboard-AS-APPROVED.pdf,
Westminster,2025,3,election_page,https://www.westminster-ma.gov/town-clerk,Notary Public Services
West Springfield,2021,3,election_page,https://www.townofwestspringfield.org/Government/Town-Clerk,
West Springfield,2021,3,election_page,https://www.townofwestspringfield.org/Government/Town-Clerk/License-Commission,
West Springfield,2021,3,election_page,https://www.townofwestspringfield.org/Government/Town-Clerk/Public-Meeting-Postings,
West Springfield,2023,3,election_page,https://www.townofwestspringfield.org/Government/Town-Clerk,
West Springfield,2023,3,election_page,https://www.townofwestspringfield.org/Government/Town-Clerk/License-Commission,
West Springfield,2023,3,election_page,https://www.townofwestspringfield.org/Government/Town-Clerk/Public-Meeting-Postings,
West Springfield,2025,3,election_page,https://www.townofwestspringfield.org/Government/Town-Clerk,
West Springfield,2025,3,election_page,https://www.townofwestspringfield.org/Government/Town-Clerk/License-Commission,
West Springfield,2025,3,election_page,https://www.townofwestspringfield.org/Government/Town-Clerk/Public-Meeting-Postings,
West Stockbridge,2021,3,election_page,https://www.weststockbridge-ma.gov/1328/Town-Clerk,Town Clerk
West Stockbridge,2021,3,election_page,https://www.weststockbridge-ma.gov/1330/Absentee-Early-Voting-Information,Absentee & Early Voting Information
West Stockbridge,2021,3,election_page,https://www.weststockbridge-ma.gov/DocumentCenter/View/389/Early-Voting-Application-for-Town-Election,Early Voting Application for Town Election
West Stockbridge,2021,4,minutes,https://www.weststockbridge-ma.gov/DocumentCenter/View/560,Board of Assessors Minutes 11 02 2021?bidId=
West Stockbridge,2024,1,annual_report,https://www.weststockbridge-ma.gov/sites/g/files/vyhlif4031/f/news/2024_annual_town_report.pdf,
West Stockbridge,2024,1,annual_report,https://www.weststockbridge-ma.gov/sites/g/files/vyhlif4031/f/uploads/2024_annual_town_report.pdf,
West Stockbridge,2024,3,election_page,https://www.weststockbridge-ma.gov/1328/Town-Clerk,Town Clerk
West Stockbridge,2024,3,election_page,https://www.weststockbridge-ma.gov/1330/Absentee-Early-Voting-Information,Absentee & Early Voting Information
Westwood,2021,3,election_page,https://townhall.westwood.ma.us/government/current-election-information,Town Meeting & Election Info
Westwood,2021,3,election_page,https://townhall.westwood.ma.us/how-do-i/find/voting-locations,Voting Locations
Westwood,2022,3,election_page,https://townhall.westwood.ma.us/government/current-election-information,Town Meeting & Election Info
Westwood,2022,3,election_page,https://townhall.westwood.ma.us/how-do-i/find/voting-locations,Voting Locations
Westwood,2025,3,election_page,https://townhall.westwood.ma.us/government/current-election-information,Town Meeting & Election Info
Westwood,2025,3,election_page,https://townhall.westwood.ma.us/how-do-i/find/voting-locations,Voting Locations
Weymouth,2023,1,annual_report,https://weymouth.ma.us/DocumentCenter/View/1871/FY2023-Annual-Town-Report,FY2023 Annual Town Report
Weymouth,2023,2,townmtg_election,https://weymouth.ma.us/DocumentCenter/View/1957/Annual-Town-Meeting-Presentation---May-15-2023,"Annual Town Meeting Presentation - May 15, 2023"
Weymouth,2023,3,election_page,https://weymouth.ma.us/1545/Town-Clerk,
Weymouth,2023,3,election_page,https://weymouth.ma.us/1982/2026-State-Elections,
Weymouth,2025,1,annual_report,https://weymouth.ma.us/DocumentCenter/View/13170/FY2025-Annual-Town-Report,FY2025 Annual Town Report
Weymouth,2025,1,annual_report,https://weymouth.ma.us/DocumentCenter/View/13731/TRC_Whitmans-Pond-2025-Annual-Report,TRC_Whitmans Pond 2025 Annual Report
Weymouth,2025,3,election_page,https://weymouth.ma.us/1545/Town-Clerk,
Weymouth,2025,3,election_page,https://weymouth.ma.us/1982/2026-State-Elections,
Whately,2021,1,annual_report,https://www.whately.org/sites/g/files/vyhlif5211/f/uploads/2021_annual_report_of_the_personnel_committee_002.pdf,
Whately,2021,2,townmtg_election,https://www.whately.org/sites/g/files/vyhlif5211/f/agendas/2021_6-15_annual_town_meeting_warrant_0.pdf,
Whately,2021,2,townmtg_election,https://www.whately.org/sites/g/files/vyhlif5211/f/agendas/special_town_meeting_warrant_-_11.06.2021.pdf,
Whately,2021,2,townmtg_election,https://www.whately.org/sites/g/files/vyhlif5211/f/minutes/2021_4-10_special_town_meeting.pdf,
Whately,2025,2,townmtg_election,https://www.whately.org/sites/g/files/vyhlif5211/f/uploads/-_2025_annual_town_meeting_warrant_-_final.pdf,
Whately,2025,2,townmtg_election,https://www.whately.org/sites/g/files/vyhlif5211/f/uploads/spring_2025_special_town_meeting_warrant_04.30.2025.pdf,
Whately,2025,3,election_page,https://whately.org/departments/town_clerk/index.php,Town Clerk
Wilbraham,2021,1,annual_report,https://wilbraham-ma.gov/DocumentCenter/View/4911/Wilbraham-2021-Annual-Town-Report,
Wilbraham,2021,2,townmtg_election,https://wilbraham-ma.gov/ImageRepository/Document?documentID=665,Annual Town Meeting / Town Meeting Documents 2021 Annual
Wilbraham,2021,2,townmtg_election,https://www.wilbraham-ma.gov/DocumentCenter/View/4419,Wilbraham Special Town Meeting Oct18 release 072021?bidId=
Wilbraham,2021,3,election_page,https://wilbraham-ma.gov/138/Voting-Elections,Voting & Elections
Williamsburg,2021,1,annual_report,https://www.burgy.org/sites/g/files/vyhlif1451/f/uploads/2021_annual_town_report_0.pdf,
Williamsburg,2021,3,election_page,https://burgy.org/town-clerk,Town Clerk
Williamsburg,2021,4,minutes,http://burgy.org/Pages/WilliamsburgMA_CPCMin/cpc2009/Minutes%207%2021%2009.pdf,
Williamsburg,2021,4,minutes,http://burgy.org/Pages/WilliamsburgMA_ConserveMin/FOV1-0003CAB1/Minutes%20July%2021%202011.pdf,
Williamsburg,2025,3,election_page,https://burgy.org/town-clerk,Town Clerk
Williamsburg,2025,4,minutes,http://burgy.org/Pages/WilliamsburgMA_ConserveMin/FOV1-00043ECC/Minutes%20-%20July%2025%20-2013,
Williamsburg,2025,4,minutes,http://burgy.org/Pages/WilliamsburgMA_ConserveMin/FOV1-00043ECC/Minutes%20-%20June%2025-2013,
Williamsburg,2025,4,minutes,http://burgy.org/Pages/WilliamsburgMA_ConserveMin/FOV1-000463CD/Minutes%20-%20Sep%2025%202014.pdf,
Williamstown,2021,2,townmtg_election,https://williamstownma.gov/wp-content/uploads/2021/02/FY19-ANNUAL-TOWN-MEETING-WARRANT.pdf,
Williamstown,2021,2,townmtg_election,https://williamstownma.gov/wp-content/uploads/2021/03/FY21-ANNUAL-TOWN-MEETING-WARRANT.pdf,
Williamstown,2021,2,townmtg_election,https://williamstownma.gov/wp-content/uploads/2021/04/Printer-copy-FY20-ANNUAL-TOWN-MEETING-WARRANT-1.pdf,
Williamstown,2021,2,townmtg_election,https://williamstownma.gov/wp-content/uploads/2021/05/FY22-ANNUAL-TOWN-MEETING-WARRANT.pdf,
Windsor,2021,3,election_page,https://www.windsormass.com/requests-1/elections,
Windsor,2022,3,election_page,https://www.windsormass.com/requests-1/elections,
Windsor,2023,3,election_page,https://www.windsormass.com/requests-1/elections,
Windsor,2024,3,election_page,https://www.windsormass.com/requests-1/elections,
Windsor,2025,3,election_page,https://www.windsormass.com/requests-1/elections,
Winthrop,2023,1,annual_report,https://www.winthropma.gov/DocumentCenter/View/2163,ANNUAL REPORT2023?bidId=
Winthrop,2023,3,election_page,https://winthropma.gov/676/9-1-2026-STATE-PRIMARY-ELECTION-INFORMAT,
Winthrop,2023,3,election_page,https://winthroptranscript.com/2025/09/24/peter-gill-will-seek-re-election-to-the-winthrop-housing-authority/,Peter Gill will Seek Re-election to the Winthrop Housing Aut
Winthrop,2023,3,election_page,https://winthroptranscript.com/2025/10/30/polls-open-tuesday-for-town-election/,Polls Open Tuesday for Town Election
Winthrop,2025,3,election_page,https://winthropma.gov/676/9-1-2026-STATE-PRIMARY-ELECTION-INFORMAT,
Winthrop,2025,3,election_page,https://winthroptranscript.com/2025/09/24/peter-gill-will-seek-re-election-to-the-winthrop-housing-authority/,Peter Gill will Seek Re-election to the Winthrop Housing Aut
Winthrop,2025,3,election_page,https://winthroptranscript.com/2025/10/30/polls-open-tuesday-for-town-election/,Polls Open Tuesday for Town Election
Winthrop,2025,4,minutes,https://www.winthropma.gov/AgendaCenter/ViewFile/Minutes/_01072025-1382,
Worthington,2021,1,annual_report,https://worthington-ma.us/wp-content/uploads/2021/04/FY2020-Annual-Report.pdf,
Worthington,2021,1,annual_report,https://worthington-ma.us/wp-content/uploads/2022/08/2021-Annual-Report.pdf,
Worthington,2021,3,election_page,https://worthington-ma.us/2018/11/early-voting-dates-hours/,
Worthington,2021,3,election_page,https://worthington-ma.us/municipal-directory/town-clerk/,Town Clerk
Worthington,2022,1,annual_report,https://worthington-ma.us/wp-content/uploads/2022/08/2021-Annual-Report.pdf,
Worthington,2022,1,annual_report,https://worthington-ma.us/wp-content/uploads/2023/05/FY2022-Annual-Report-1.pdf,
Worthington,2022,3,election_page,https://worthington-ma.us/2018/11/early-voting-dates-hours/,
Worthington,2022,3,election_page,https://worthington-ma.us/municipal-directory/town-clerk/,Town Clerk
Worthington,2023,1,annual_report,https://worthington-ma.us/wp-content/uploads/2023/05/FY2022-Annual-Report-1.pdf,
Worthington,2023,3,election_page,https://worthington-ma.us/2018/11/early-voting-dates-hours/,
Worthington,2023,3,election_page,https://worthington-ma.us/municipal-directory/town-clerk/,Town Clerk
Worthington,2024,3,election_page,https://worthington-ma.us/2018/11/early-voting-dates-hours/,
Worthington,2024,3,election_page,https://worthington-ma.us/municipal-directory/town-clerk/,Town Clerk
Worthington,2025,3,election_page,https://worthington-ma.us/2018/11/early-voting-dates-hours/,
Worthington,2025,3,election_page,https://worthington-ma.us/municipal-directory/town-clerk/,Town Clerk
Worthington,2025,4,minutes,https://drive.google.com/drive/folders/1-HMnLGwHyQH4QjfvTKoNug0lYPZ5Mve9?usp=sharing,Meeting Minutes for 2017 – 2025
