municipality,year,status,host,native_url
Boston,2021,HOST_ONLY,boston.gov,https://www.boston.gov/departments/elections/state-and-city-boston-election-results
Boston,2023,HOST_ONLY,boston.gov,https://www.boston.gov/departments/elections/state-and-city-boston-election-results
Boston,2025,HOST_ONLY,boston.gov,https://www.boston.gov/sites/default/files/file/2025/11/2025-Unofficial-Ward-Precinct-Results-General-Municipal-Election.pdf
Springfield,2021,HOST_ONLY,springfield-ma.gov,https://www.springfield-ma.gov/elections/past-elections/november-2-2021-election-results
Springfield,2023,HOST_ONLY,springfield-ma.gov,https://www.springfield-ma.gov/elections/votecounts.php
Springfield,2025,HOST_ONLY,springfield-ma.gov,https://www.springfield-ma.gov/elections/fileadmin/Past_Election_Results/November_4__2025_Precinct_Breakdown.pdf
Cambridge,2025,HOST_ONLY,cambridgema.gov,https://www.cambridgema.gov/Departments/electioncommission/news/2025/11/2025municipalelectionofficialresultsnovember14thupdate
Quincy,2023,HOST_ONLY,cms7files1.revize.com,https://cms7files1.revize.com/quincyma/Document%20Center/Government/City%20Clerk/Election/Election%20Results%202005-Present/November_7_2023%20Election%20Results%20V2.pdf
Quincy,2025,HOST_ONLY,quincyma.gov,https://www.quincyma.gov/departments/city_clerk/election/election_results.php
Lynn,2021,HOST_ONLY,lynnma.gov,https://www.lynnma.gov/common/pages/GetFile.ashx?key=q38CAFaA
Lynn,2025,HOST_ONLY,lynnma.gov,https://www.lynnma.gov/common/pages/GetFile.ashx?key=s6cEAEhY
New Bedford,2025,HOST_ONLY,newbedford-ma.s3.amazonaws.com,https://newbedford-ma.s3.amazonaws.com/wp-content/uploads/20251107134056/DOC1106251.pdf
Fall River,2025,HOST_ONLY,cms2.revize.com,https://cms2.revize.com/revize/fallriver/Document%20Center/Departments/Elections/Election%20Results/2025%20Biennial%20Municipal%20Election-Unofficial%20Election%20Results.pdf?t=202511061534240&t=202511061534240
Lawrence,2025,HOST_ONLY,cityoflawrence.com,https://www.cityoflawrence.com/DocumentCenter/View/51303/OFFICIAL-RESULTS-FOR-NOVEMBER-4-2025
Newton,2023,HOST_ONLY,newtonma.gov,https://www.newtonma.gov/government/elections/election-results/-folder-1809#docfold_5503_407_314_1809
Somerville,2023,HOST_ONLY,s3.amazonaws.com,https://s3.amazonaws.com/somervillema-live/s3fs-public/11-07-2023-official-election-results.pdf
Somerville,2025,HOST_ONLY,s3.amazonaws.com,https://s3.amazonaws.com/somervillema-live/s3fs-public/election-totals-20251104.pdf
Framingham,2021,HOST_ONLY,framinghamma.gov,https://www.framinghamma.gov/DocumentCenter/View/44049/Official-Results-110221-v2?bidId=
Framingham,2023,HOST_ONLY,framinghamma.gov,https://framinghamma.gov/DocumentCenter/View/50979/Official-Results--110723
Malden,2025,HOST_ONLY,cityofmalden.org,https://www.cityofmalden.org/DocumentCenter/View/10903/Nov-4-2025-Final-Results-PDF?bidId=
Waltham,2025,HOST_ONLY,city.waltham.ma.us,https://www.city.waltham.ma.us/sites/g/files/vyhlif12301/f/uploads/unofficial_municipal_nov_4_2025.pdf
Medford,2021,HOST_ONLY,resources.finalsite.net,https://resources.finalsite.net/images/v1674676392/medfordmaorg/x35ynludydv647seftk7/2021_MACERTIFIEDSBGNOVEMBER220212021.pdf
Medford,2023,HOST_ONLY,resources.finalsite.net,https://resources.finalsite.net/images/v1702398106/medfordmaorg/caq9ghzsowwtv56j5lzd/20231212102933345.pdf
Medford,2025,HOST_ONLY,resources.finalsite.net,https://resources.finalsite.net/images/v1763049199/medfordmaorg/hlcay8er2il2sc7td8nm/OfficialElectionResults11425.pdf
Chicopee,2025,HOST_ONLY,chicopeema.gov,https://www.chicopeema.gov/DocumentCenter/View/21409/November-4-2025-Municipal-Election--Summary-Report
Methuen,2023,HOST_ONLY,methuen.gov,https://www.methuen.gov/DocumentCenter/View/2254/Municipal-Election-Official-Results---November-7-2023
Methuen,2025,HOST_ONLY,cityofmethuen.net,https://cityofmethuen.net/DocumentCenter/View/4874/Official-Certified-Municipal-Election-Results--11525-PDF
Everett,2021,HOST_ONLY,cityofeverett.com,https://cityofeverett.com/wp-content/uploads/2021/11/2021-Municipal-Election-Results.xlsx
Barnstable,2025,HOST_ONLY,tobweb.town.barnstable.ma.us,https://tobweb.town.barnstable.ma.us/ElectionResults/OFFICIAL%20Results%20Municipal%20Election%20November%204%202025.pdf
Attleboro,2021,HOST_MISSING,wpri.com,https://www.wpri.com/wp-content/uploads/sites/23/2021/11/Attleboro-Municipal-Election-11-2-2021-Unofficial-Results.pdf
Attleboro,2023,HOST_ONLY,cityofattleboro.us,https://www.cityofattleboro.us/DocumentCenter/View/8671/All-Wards-Unofficial-Results
Attleboro,2025,HOST_ONLY,cityofattleboro.us,https://cityofattleboro.us/DocumentCenter/View/13416/Unofficial-Results-20251104-Municipal-Election
Salem,2025,HOST_ONLY,salemma.gov,https://www.salemma.gov/DocumentCenter/View/8243/UNOFFICIAL-ELECTION-RESULTS---CITY-OF-SALEM-BIENNIAL-ELECTION---NOVEMBER-4-2025
Pittsfield,2021,HOST_ONLY,cms2.revize.com,https://cms2.revize.com/revize/pittsfieldma/city_hall/registrar_of_voters_and_elections/docs/11-2-2121%20MUNICIPAL%20ELECTION%20RESULTS.pdf
Leominster,2025,HOST_ONLY,leominster-ma.gov,https://leominster-ma.gov/DocumentCenter/View/
Beverly,2025,HOST_ONLY,beverlyma.gov,https://www.beverlyma.gov/DocumentCenter/View/6843/November-4-2025-Municipal-Election-Unofficial-Result-PDF
Fitchburg,2021,HOST_ONLY,fitchburgma.gov,https://www.fitchburgma.gov/ArchiveCenter/ViewFile/Item/1164
Marlborough,2021,HOST_ONLY,marlborough-ma.gov,https://www.marlborough-ma.gov/DocumentCenter/View/234/2021-11-02-Municipal-Election-Results-PDF
Marlborough,2025,HOST_ONLY,marlborough-ma.gov,https://www.marlborough-ma.gov/DocumentCenter/View/3455/OFFICIAL-RESULTS-Municipal-Election---11-04-25
Westfield,2021,HOST_ONLY,cityofwestfield.org,https://www.cityofwestfield.org/DocumentCenter/View/10623/2021-11-02-City-Election-
Westfield,2023,HOST_ONLY,cityofwestfield.org,https://www.cityofwestfield.org/DocumentCenter/View/14176/2023117-City-Election-Results
Westfield,2025,HOST_ONLY,cityofwestfield.org,https://www.cityofwestfield.org/DocumentCenter/View/16936/1142025-UNOFFICIAL-RESULTS-CITY-ELECTION?bidId=
Chelsea,2021,HOST_ONLY,cms5.revize.com,"https://cms5.revize.com/revize/chelseama/Document_Center/Departments/City%20Clerk/Elections,%20Voting%20&%20Campaign%20Finance/Election%20Results/official_results_november_2_2021_municipal_election.pdf"
Chelsea,2023,HOST_ONLY,cms5.revize.com,"https://cms5.revize.com/revize/chelseama/Document_Center/Departments/City%20Clerk/Elections,%20Voting%20&%20Campaign%20Finance/2023%20Election%20Info/November%207%202023%20City%20Election%20Official%20Results.pdf"
Chelsea,2025,HOST_ONLY,cms5.revize.com,"https://cms5.revize.com/revize/chelseama/Document_Center/Departments/City%20Clerk/Elections,%20Voting%20&%20Campaign%20Finance/2025%20Election%20Info/Official%20City%20Election%20Summary%20and%20Precinct%20Results%2011.4.25.pdf?t=202511241140310&t=202511241140310"
Amherst,2023,HOST_ONLY,amherstma.gov,https://www.amherstma.gov/DocumentCenter/View/69786/Unofficial-Results---11-7-23-Town-Election
Amherst,2025,HOST_ONLY,amherstma.gov,https://www.amherstma.gov/DocumentCenter/View/83343/November-4-2025-Town-Election-Official-Certified-Results?bidId=
Shrewsbury,2023,HOST_ONLY,shrewsburyma.gov,https://shrewsburyma.gov/ArchiveCenter/ViewFile/Item/1608
Shrewsbury,2025,HOST_ONLY,shrewsburyma.gov,https://shrewsburyma.gov/ArchiveCenter/ViewFile/Item/1696
Holyoke,2021,HOST_ONLY,storage.googleapis.com,https://storage.googleapis.com/proudcity/holyokema/uploads/2021/11/11.02.21-Official-Results.pdf
Holyoke,2023,HOST_ONLY,storage.googleapis.com,https://storage.googleapis.com/proudcity/holyokema/uploads/2023/11/11.7.23-Official-Municipal-Election-Results.pdf
Holyoke,2025,HOST_ONLY,storage.googleapis.com,https://storage.googleapis.com/proudcity/holyokema/2025/11/b75e54c1-official-reults-november-4-2025.pdf
Natick,2024,HOST_ONLY,natickma.gov,https://www.natickma.gov/DocumentCenter/View/17263/2024_ANNUAL-TOWN-ELECTION_OFFICIAL-RESULTS_3-26-24
Andover,2025,HOST_ONLY,andoverma.gov,https://andoverma.gov/ArchiveCenter/ViewFile/Item/2678
Watertown,2023,HOST_ONLY,content.civicplus.com,https://content.civicplus.com/api/assets/d385806a-fd80-4d85-a313-8ab4ab5417b3?cache=1800
Lexington,2023,HOST_ONLY,lexingtonma.gov,https://www.lexingtonma.gov/DocumentCenter/View/8347/March-6-2023---Annual-Town-Election-PDF
Dartmouth,2021,HOST_ONLY,dartmouthma.gov,https://www.dartmouthma.gov/DocumentCenter/View/6599/2021-April-6-Annual-Town-Election-Official-Results
Dartmouth,2022,HOST_ONLY,town.dartmouth.ma.us,https://www.town.dartmouth.ma.us/DocumentCenter/View/338/2022-April-5-Annual-Town-Election-Official-Results-PDF
Dartmouth,2023,HOST_ONLY,town.dartmouth.ma.us,https://www.town.dartmouth.ma.us/DocumentCenter/View/2343/2023-April-4-Annual-Town-Election-Official-Results
Dartmouth,2024,HOST_ONLY,town.dartmouth.ma.us,https://www.town.dartmouth.ma.us/DocumentCenter/View/3541/2024-April-2-Annual-Town-Election-Official-Results
Dartmouth,2025,HOST_ONLY,town.dartmouth.ma.us,https://www.town.dartmouth.ma.us/DocumentCenter/View/4882/2025-April-1-Annual-Town-Election-Official-Town-Meeting-Member-Results
Franklin,2025,HOST_ONLY,franklinma.gov,https://www.franklinma.gov/DocumentCenter/View/7540/OFFICIAL-RESULTS---11-4-2025---LOCAL-BIENNIAL-ELECTION-11-5-2025
Dracut,2023,HOST_ONLY,dracutma.gov,https://www.dracutma.gov/DocumentCenter/View/2014/Town-Election-May-6-2023-Official-Results-PDF
Dracut,2024,HOST_ONLY,web.archive.org,https://web.archive.org/web/20240515042051/https://www.dracutma.gov/DocumentCenter/View/3497/Unofficial-Results-Town-Election-May-4-2024-PDF?bidId=
Dracut,2025,HOST_ONLY,dracutma.gov,https://www.dracutma.gov/DocumentCenter/View/4699/Official-Results-for-Town-Election-2025-on-May-3-2025-PDF
Falmouth,2021,HOST_ONLY,falmouthma.gov,https://www.falmouthma.gov/DocumentCenter/View/9901/2021-Annual-Town-Election-Unofficial-Results-May-18-2021
Falmouth,2022,HOST_ONLY,falmouthma.gov,https://www.falmouthma.gov/DocumentCenter/View/12082/2022-Annual-Town-Election-Unofficial-Results-May-17-2022
Falmouth,2023,HOST_ONLY,falmouthma.gov,https://www.falmouthma.gov/DocumentCenter/View/14523/2023-Annual-Town-Election-May-16th-Official-Results
Falmouth,2024,HOST_ONLY,falmouthma.gov,https://www.falmouthma.gov/DocumentCenter/View/16584/2024-Annual-Town-Election-May-21st-Un-Official-Results
Falmouth,2025,HOST_ONLY,falmouthma.gov,https://www.falmouthma.gov/DocumentCenter/View/19494/2025--Annual-Town-Election-May-20th-Un-official-Results
Needham,2024,HOST_ONLY,needhamma.gov,https://www.needhamma.gov/5315/2024-Annual-Town-ElectionTown-MeetingCal
Needham,2025,HOST_ONLY,needhamma.gov,https://needhamma.gov/DocumentCenter/View/59121/Preliminary-Tally-04082025-Townwide-Published-04102025
Norwood,2021,HOST_ONLY,cms5.revize.com,https://cms5.revize.com/revize/norwoodma/TCA/ate%20offical%20results.pdf
Norwood,2022,HOST_ONLY,cms5.revize.com,https://cms5.revize.com/revize/norwoodma/ATE%20tally%20Sheet%202022.pdf
Norwood,2023,HOST_ONLY,cms5.revize.com,https://cms5.revize.com/revize/norwoodma/20230412145842890.pdf
Norwood,2024,HOST_MISSING,jamesnicholsworley.github.io,https://jamesnicholsworley.github.io/civicatlasma/Norwood_4_1_2024_ATE_OFFICIAL_RESULTS.pdf
Norwood,2025,HOST_ONLY,cms5.revize.com,https://cms5.revize.com/revize/norwoodma/4.7.2025%20ATE%20OFFICIAL%20RESULTS.pdf
Tewksbury,2023,HOST_ONLY,tewksbury-ma.gov,https://www.tewksbury-ma.gov/DocumentCenter/View/3713/April-1-2023-Annual-Town-Election-Official-Results
Tewksbury,2024,HOST_ONLY,tewksbury-ma.gov,https://www.tewksbury-ma.gov/DocumentCenter/View/4940/4624-Annual-Town-Election-Official-Results
North Andover,2023,HOST_ONLY,drive.google.com,https://drive.google.com/file/d/14vvIypTB-ukMjs5reEByiR_bHmhxdBXg/view
North Andover,2024,HOST_ONLY,drive.google.com,https://drive.google.com/file/d/14j-bVk7GtK0kQMKLJq8CO-fN41NfdtwJ/view
North Andover,2025,HOST_ONLY,drive.google.com,https://drive.google.com/file/d/1uNctApcb2tWvnKnjD4wXoLaG4NDSbsPX/view
North Attleborough,2021,HOST_ONLY,nattleboro.com,https://www.nattleboro.com/DocumentCenter/View/1585/2021-April-6-Town-Election-Official-Totals-PDF
North Attleborough,2022,HOST_ONLY,nattleboro.com,https://www.nattleboro.com/DocumentCenter/View/3241/2022-April-5-Town-Election-Official-Results-PDF
Milford,2021,HOST_ONLY,citizensformilford.com,https://citizensformilford.com/wp-content/uploads/2021/04/2021-Unofficial-Annual-Town-Election-Results.pdf
Melrose,2025,HOST_ONLY,cityofmelrose.org,https://www.cityofmelrose.org/DocumentCenter/View/2778/Local-Election-Results-for-2025
Gloucester,2023,HOST_ONLY,gloucester-ma.gov,https://gloucester-ma.gov/DocumentCenter/View/9787/OFFICIAL-RESULTS-NOVEMBER-7-2023?bidId=
Gloucester,2025,HOST_ONLY,gloucester-ma.gov,https://www.gloucester-ma.gov/DocumentCenter/View/11881/OFFICIAL-RESULTS-November-4-2025-City-Election
Northampton,2021,HOST_ONLY,northamptonma.gov,https://northamptonma.gov/DocumentCenter/View/18596/Final-Election-Report-November-2-2021
Northampton,2023,HOST_ONLY,northamptonma.gov,https://northamptonma.gov/DocumentCenter/View/24059/2023-11-07FinalElectionResults
Northampton,2025,HOST_ONLY,northamptonma.gov,https://northamptonma.gov/DocumentCenter/View/35208/Municipal-Election-Results-Final-Report---November-4-2025
Stoughton,2022,HOST_MISSING,stoughtonma.gov,https://www.stoughtonma.gov/DocumentCenter/View/12788/2022-Annual-Town-Election-Results-PDF
Stoughton,2023,HOST_ONLY,stoughton.org,https://www.stoughton.org/DocumentCenter/View/1713/04042023-FINAL-Local-Election-Results
Agawam,2023,HOST_ONLY,agawam.ma.us,https://www.agawam.ma.us/DocumentCenter/View/2421/November-7-results?bidId=
Agawam,2025,HOST_ONLY,agawam.ma.us,https://www.agawam.ma.us/DocumentCenter/View/3428/2025-Resuts?bidId=
Bridgewater,2022,HOST_ONLY,bridgewaterma.org,https://www.bridgewaterma.org/DocumentCenter/View/4721/ATE4232022-Unofficial-Results
Bridgewater,2023,HOST_ONLY,bridgewaterma.org,https://www.bridgewaterma.org/DocumentCenter/View/5178/ATE-4-22-2023--Results?bidId=
Bridgewater,2024,HOST_ONLY,bridgewaterma.org,https://www.bridgewaterma.org/DocumentCenter/View/5617/ATE4272024-Official-Results-?bidId=
Bridgewater,2025,HOST_ONLY,bridgewaterma.org,https://www.bridgewaterma.org/DocumentCenter/View/6261/ATE-04262025-Results?bidId=
Milton,2023,HOST_ONLY,miltonma.gov,https://www.miltonma.gov/Archive.aspx?ADID=207
Milton,2025,HOST_ONLY,townofmilton.org,https://www.townofmilton.org/DocumentCenter/View/8299/2025-Annual-Town-Election-TW-and-TM-Unofficial-Results
Saugus,2021,HOST_ONLY,saugus-ma.gov,https://www.saugus-ma.gov/DocumentCenter/View/821/2021-November-2---Local-Town-Election-Results-PDF
Saugus,2023,HOST_ONLY,saugus-ma.gov,https://www.saugus-ma.gov/DocumentCenter/View/824/2023-November-7---Local-Town-Election-Results-PDF
Saugus,2025,HOST_ONLY,saugus-ma.gov,https://www.saugus-ma.gov/sites/g/files/vyhlif1181/f/uploads/local_election_11.4.2025_-_official_results_002.pdf
Danvers,2025,HOST_ONLY,danversma.gov,https://www.danversma.gov/DocumentCenter/View/3709/May-6-2025-Annual-Town-Election-Official-Results-PDF
Wakefield,2022,HOST_ONLY,wakefield.ma.us,https://www.wakefield.ma.us/sites/g/files/vyhlif3986/f/uploads/town-election-2022-04-26.pdf
Wakefield,2025,HOST_ONLY,wakefield.ma.us,https://www.wakefield.ma.us/sites/g/files/vyhlif3986/f/uploads/town-election-results-2025-04-22.pdf
Walpole,2023,HOST_ONLY,walpole-ma.gov,https://www.walpole-ma.gov/sites/g/files/vyhlif1381/f/uploads/2023.06.03_ate_voter_info.pdf
Walpole,2024,HOST_ONLY,walpole-ma.gov,https://www.walpole-ma.gov/sites/g/files/vyhlif12086/f/uploads/2024.06.01_walpole_ate.pdf
Walpole,2025,HOST_ONLY,walpole-ma.gov,https://www.walpole-ma.gov/sites/g/files/vyhlif12086/f/uploads/2025.05.20_ate_official_results_0.pdf
Burlington,2021,HOST_ONLY,burlington.org,https://www.burlington.org/DocumentCenter/View/3694/Town-Election-2021
Burlington,2023,HOST_ONLY,burlington.org,https://www.burlington.org/DocumentCenter/View/13011/Town-Election-2023
Burlington,2024,HOST_ONLY,burlington.org,https://www.burlington.org/DocumentCenter/View/14668/Town-Election-2024
Burlington,2025,HOST_ONLY,burlington.org,https://www.burlington.org/DocumentCenter/View/17564/Town-Election-2025
Marshfield,2021,HOST_ONLY,cms3.revize.com,https://cms3.revize.com/revize/marshfield/Documents/Departments/Town%20Hall/Town%20Clerk/Elections/Election%20Results/tally_sheet_local_election_050121_final.pdf
Marshfield,2022,HOST_ONLY,cms3.revize.com,https://cms3.revize.com/revize/marshfield/Documents/Departments/Town%20Hall/Town%20Clerk/Elections/Election%20Results/220430tally_sheet_local_election.pdf
Marshfield,2023,HOST_ONLY,marshfield-ma.gov,https://www.marshfield-ma.gov/Documents/Departments/Town%20Hall/Town%20Clerk/Elections/Election%20Results/local_election_april_29_2023_final_results_0.pdf?t=202407311049430
Marshfield,2024,HOST_ONLY,cms3.revize.com,https://cms3.revize.com/revize/marshfield/240427%20Local%20Election%20Results.pdf
Marshfield,2025,HOST_ONLY,marshfield-ma.gov,https://www.marshfield-ma.gov/240427%20Local%20Election%20Results.pdf?t=202501161316370
Reading,2021,HOST_ONLY,readingma.gov,https://www.readingma.gov/DocumentCenter/View/2938/2021-04-06-Local-Election-Results-PDF
Reading,2023,HOST_ONLY,readingma.gov,https://www.readingma.gov/DocumentCenter/View/10193/2023-04-04-Local-Election-Results-PDF
Reading,2024,HOST_ONLY,readingma.gov,https://www.readingma.gov/DocumentCenter/View/13273/2024-03-05-Local-Election-Results-PDF
Reading,2025,HOST_ONLY,readingma.gov,https://www.readingma.gov/DocumentCenter/View/17101/2025-04-08-Local-Election-Results-PDF
Dedham,2021,HOST_ONLY,dedham-ma.gov,https://www.dedham-ma.gov/home/showpublisheddocument/14984/637536872049570000
Dedham,2022,HOST_ONLY,dedham-ma.gov,https://www.dedham-ma.gov/home/showpublisheddocument/17833/637853643440570000
Dedham,2023,HOST_ONLY,dedham-ma.gov,https://www.dedham-ma.gov/home/showpublisheddocument/20768/638176071909100000
Dedham,2024,HOST_ONLY,dedham-ma.gov,https://www.dedham-ma.gov/home/showpublisheddocument/21702/638671781803800000
Dedham,2025,HOST_ONLY,dedham-ma.gov,https://www.dedham-ma.gov/home/showpublisheddocument/25421/638802475709570000
Easton,2023,HOST_ONLY,eastontownma.documents-on-demand.com,https://eastontownma.documents-on-demand.com/?l=f591af8c635542dc9dc3f568f0ffcf1c&d=2d8269706ee1ed11a3b8000c29a59557
Yarmouth,2024,HOST_ONLY,yarmouth.ma.us,https://www.yarmouth.ma.us/DocumentCenter/View/18845/YARMOUTH-MA---ANNUAL-TOWN-ELECTION----05212024-OFFICIAL-FNL
Westford,2021,HOST_ONLY,westfordma.gov,https://www.westfordma.gov/DocumentCenter/View/10067/May-4-2021-Annual-Town-Election-OFFICIAL-RESULTS
Westford,2022,HOST_ONLY,westfordma.gov,https://westfordma.gov/DocumentCenter/View/11191/2022-05-03-Precinct-Totals-Unofficial
Westford,2024,HOST_ONLY,westfordma.gov,https://westfordma.gov/DocumentCenter/View/14581/May-7-2024-Annual-Town-Election-UNOFFICIAL-Results
Westford,2025,HOST_ONLY,westfordma.gov,https://westfordma.gov/DocumentCenter/View/16365/5-6-2025-OFFICIAL-election--results-5-8-2025-1
Canton,2025,HOST_ONLY,town.canton.ma.us,https://www.town.canton.ma.us/DocumentCenter/View/11848/2025-Annual-Town-Election-Results
Hingham,2021,HOST_ONLY,hingham-ma.gov,https://www.hingham-ma.gov/DocumentCenter/View/12240/2021-Town-Election-Results-PDF?bidId=
Hingham,2022,HOST_ONLY,hingham-ma.gov,https://www.hingham-ma.gov/DocumentCenter/View/14266/2022-Town-Election-Results-PDF
Hingham,2025,HOST_ONLY,hingham-ma.gov,https://www.hingham-ma.gov/DocumentCenter/View/23997/Town-Election-Results-May-2025?bidId=
Middleborough,2021,HOST_ONLY,middleboroughma.gov,https://www.middleboroughma.gov/ArchiveCenter/ViewFile/Item/316
Middleborough,2022,HOST_ONLY,middleboroughma.gov,https://www.middleboroughma.gov/ArchiveCenter/ViewFile/Item/323
Middleborough,2023,HOST_ONLY,middleboroughma.gov,https://www.middleboroughma.gov/ArchiveCenter/ViewFile/Item/330
Middleborough,2024,HOST_ONLY,middleboroughma.gov,https://www.middleboroughma.gov/ArchiveCenter/ViewFile/Item/334
Middleborough,2025,HOST_ONLY,middleboroughma.gov,https://www.middleboroughma.gov/ArchiveCenter/ViewFile/Item/340
Acton,2021,HOST_ONLY,ma-acton2.civicplus.com,https://ma-acton2.civicplus.com/ArchiveCenter/ViewFile/Item/14138
Acton,2022,HOST_ONLY,ma-acton2.civicplus.com,https://ma-acton2.civicplus.com/ArchiveCenter/ViewFile/Item/15276
Acton,2023,HOST_ONLY,ma-acton2.civicplus.com,https://ma-acton2.civicplus.com/ArchiveCenter/ViewFile/Item/18407
Acton,2024,HOST_ONLY,acton-ma.gov,https://www.acton-ma.gov/DocumentCenter/View/9561/Annual-Town-Election-43024-FINAL?bidId=
Acton,2025,HOST_ONLY,acton-ma.gov,https://www.acton-ma.gov/DocumentCenter/View/10630/Annual-Town-Election-0429-2025-Final-Results?bidId=
Mansfield,2023,HOST_ONLY,townforms.com,https://www.townforms.com/FOIADirect-MansfieldMACitizens/Public/Request/ResponseDocDownload.aspx?pRId=wBdyeBSFqLA%3d&pDocId=ItGb2Fg%2b%2bsc%3d
Mansfield,2025,HOST_ONLY,mansfieldma.com,https://www.mansfieldma.com/DocumentCenter/View/11634/Results-5-13-25-ATE
Wilmington,2021,HOST_ONLY,wilmingtonma.gov,https://www.wilmingtonma.gov/sites/g/files/vyhlif5221/f/uploads/6_precinct_total_tally-_certified_results_0.pdf
Wilmington,2022,HOST_ONLY,wilmingtonma.gov,https://www.wilmingtonma.gov/sites/g/files/vyhlif5221/f/uploads/certified_results_4.23.2022.pdf
Wilmington,2023,HOST_ONLY,wilmingtonma.gov,https://www.wilmingtonma.gov/sites/g/files/vyhlif5221/f/uploads/official_results_4.22.2023.pdf
Wilmington,2024,HOST_ONLY,wilmingtonma.gov,https://www.wilmingtonma.gov/sites/g/files/vyhlif5221/f/uploads/total_tally-_official_results_4.27.2024.v2_0.pdf
Wilmington,2025,HOST_ONLY,wilmingtonma.gov,https://www.wilmingtonma.gov/sites/g/files/vyhlif5221/f/uploads/04.26.2025.official_results.pdf
Wareham,2023,HOST_ONLY,wareham.ma.us,https://www.wareham.ma.us/DocumentCenter/View/2838/2023-May-Election-Results-PDF
Wareham,2024,HOST_ONLY,wareham.ma.us,https://wareham.ma.us/DocumentCenter/View/2839/2024-Local-Election-Results-PDF
Stoneham,2023,HOST_ONLY,stoneham-ma.gov,https://www.stoneham-ma.gov/DocumentCenter/View/7124/2023-Annual-Town-Election
Stoneham,2024,HOST_ONLY,stoneham-ma.gov,https://www.stoneham-ma.gov/DocumentCenter/View/8730/2024-Annual-Town-Election
Stoneham,2025,HOST_ONLY,stoneham-ma.gov,https://www.stoneham-ma.gov/DocumentCenter/View/10440/2025-Annual-Town-Election-
Westborough,2021,HOST_ONLY,town.westborough.ma.us,https://www.town.westborough.ma.us/DocumentCenter/View/476/Election-Results-2021-PDF?bidId=
Westborough,2024,HOST_ONLY,town.westborough.ma.us,https://www.town.westborough.ma.us/DocumentCenter/View/3079/2024-03-12-TOWN-ELECTION-Results-OFFICIAL?bidId=
Gardner,2025,HOST_ONLY,gardner-ma.gov,https://www.gardner-ma.gov/DocumentCenter/View/11949/2025-Official-Election-Results?bidId=
Bourne,2022,HOST_ONLY,townofbourne.com,https://www.townofbourne.com/sites/g/files/vyhlif12841/f/news/mx-m264n_20220517_200322.pdf
Bourne,2023,HOST_ONLY,townofbourne.com,https://www.townofbourne.com/sites/g/files/vyhlif7346/f/news/mx-m264n_20230516_202021.pdf
Bourne,2024,HOST_ONLY,townofbourne.com,https://www.townofbourne.com/sites/g/files/vyhlif12841/f/news/may_21_2024_town_election_unofficial_results.pdf
Bourne,2025,HOST_ONLY,townofbourne.com,https://www.townofbourne.com/sites/g/files/vyhlif12841/f/news/unofficial_election_results_with_write-ins_-_may_20_2025_1.pdf
Sandwich,2024,HOST_ONLY,sandwichmass.org,https://www.sandwichmass.org/ArchiveCenter/ViewFile/Item/352
Sandwich,2025,HOST_ONLY,sandwichmass.org,https://www.sandwichmass.org/ArchiveCenter/ViewFile/Item/439
Hudson,2021,HOST_ONLY,townofhudson.org,https://www.townofhudson.org/sites/g/files/vyhlif3281/f/uploads/may10_2021_annual_town_election_unoffical_results.pdf
Hudson,2022,HOST_ONLY,townofhudson.org,https://www.townofhudson.org/sites/g/files/vyhlif3281/f/uploads/5.09.22_annual_town_election_official_results.pdf
Hudson,2025,HOST_ONLY,townofhudson.org,https://www.townofhudson.org/Archive.aspx?ADID=239
Grafton,2021,HOST_ONLY,grafton-ma.gov,https://www.grafton-ma.gov/DocumentCenter/View/1073/5-22-2021--Local-Election-PDF
Grafton,2022,HOST_ONLY,grafton-ma.gov,https://www.grafton-ma.gov/DocumentCenter/View/1072/5-17-2022--Local-Election-PDF
Grafton,2023,HOST_ONLY,grafton-ma.gov,https://www.grafton-ma.gov/DocumentCenter/View/9253/5-16-2023-Local-Election
Norton,2022,HOST_ONLY,nortonma.org,https://www.nortonma.org/sites/g/files/vyhlif3606/f/news/official_results_ate_04-30-2022_3.pdf
Norton,2025,HOST_ONLY,nortonma.org,https://www.nortonma.org/sites/g/files/vyhlif3606/f/news/2025.04.26_norton_unofficial_election_result_4.26.2025.pdf
Scituate,2022,HOST_ONLY,scituatema.gov,https://www.scituatema.gov/sites/g/files/vyhlif11836/f/pages/official_results_ate_5-21-2022.pdf
Scituate,2023,HOST_ONLY,scituatema.gov,https://www.scituatema.gov/sites/g/files/vyhlif3781/f/pages/amended_official_town_election_results_5-20-23.pdf
Scituate,2024,HOST_ONLY,scituatema.gov,https://www.scituatema.gov/sites/g/files/vyhlif11836/f/pages/official_results_2024_annual_town_election.pdf
Scituate,2025,HOST_ONLY,scituatema.gov,https://www.scituatema.gov/sites/g/files/vyhlif11836/f/alerts/official_town_election_results_5-31-2025_kg_2.pdf
Sudbury,2023,HOST_ONLY,sudbury.ma.us,https://sudbury.ma.us/election/316/
Ashland,2022,HOST_ONLY,ashlandmass.com,https://www.ashlandmass.com/DocumentCenter/View/9931/OFFICIAL-RESULTS-FOR-MAY-17-2022-ATE-ctl
Ashland,2025,HOST_ONLY,ashlandmass.com,https://www.ashlandmass.com/DocumentCenter/View/15235/Official-Results-for-May-20-2025-Annual-Town-Election
Hopkinton,2023,HOST_ONLY,ehop.org,https://ehop.org/2023/05/town-election-results-2023/
Hopkinton,2025,HOST_ONLY,ehop.org,https://ehop.org/wp/wp-content/uploads/2025/05/2025-05-19-ATE-Unofficial-Results-1.pdf
Foxborough,2021,HOST_ONLY,foxboroughma.gov,https://www.foxboroughma.gov/common/pages/GetFile.ashx?key=4J8NARJh
Foxborough,2022,HOST_ONLY,foxboroughma.gov,https://www.foxboroughma.gov/common/pages/GetFile.ashx?key=UKgaAbVW
Foxborough,2023,HOST_ONLY,foxboroughma.gov,https://www.foxboroughma.gov/departments/town_clerk/election_information/election_results
Foxborough,2024,HOST_ONLY,foxboroughma.gov,https://www.foxboroughma.gov/common/pages/GetFile.ashx?key=dC81Ab7R
Foxborough,2025,HOST_ONLY,foxboroughma.gov,https://www.foxboroughma.gov/common/pages/GetFile.ashx?key=pMo9AWY0
Sharon,2024,HOST_ONLY,townofsharon.net,https://www.townofsharon.net/sites/g/files/vyhlif3801/f/uploads/ate2024-may.pdf
Concord,2021,HOST_ONLY,concordma.gov,https://concordma.gov/DocumentCenter/View/28663/2021-03-25-Official-Tally-Town-Election
Concord,2022,HOST_ONLY,concordma.gov,https://concordma.gov/DocumentCenter/View/35993/April-12-2022-Annual-Town-Election-Unofficial-Results
Concord,2023,HOST_ONLY,concordma.gov,https://concordma.gov/DocumentCenter/View/41598/2023-03-28-Official-Election-Results
Concord,2024,HOST_ONLY,concordma.gov,https://concordma.gov/DocumentCenter/View/48018/2024-04-09_Official_Election-Results
Concord,2025,HOST_ONLY,concordma.gov,https://concordma.gov/DocumentCenter/View/54741/20250408_Official_Election_Results
Pembroke,2025,HOST_ONLY,pembroke-ma.gov,https://www.pembroke-ma.gov/sites/g/files/vyhlif3666/f/uploads/elections_total_sheet_5-17_1.pdf
Somerset,2021,HOST_ONLY,townofsomerset.org,https://www.townofsomerset.org/ArchiveCenter/ViewFile/Item/78
Somerset,2022,HOST_ONLY,townofsomerset.org,https://www.townofsomerset.org/ArchiveCenter/ViewFile/Item/74
Somerset,2024,HOST_ONLY,townofsomerset.org,https://www.townofsomerset.org/ArchiveCenter/ViewFile/Item/139
Newburyport,2021,HOST_ONLY,cityofnewburyport.com,https://www.cityofnewburyport.com/sites/g/files/vyhlif12211/f/uploads/november_2_2021_election_results.pdf
Newburyport,2023,HOST_ONLY,cityofnewburyport.com,https://www.cityofnewburyport.com/city-clerk/files/nov-2023-election-results
Newburyport,2025,HOST_ONLY,cityofnewburyport.com,https://www.cityofnewburyport.com/sites/g/files/vyhlif12211/f/news/municipal_election_11-4-25_official_results.pdf
South Hadley,2021,HOST_ONLY,southhadley.org,https://www.southhadley.org/DocumentCenter/View/8303/April-13-2021-Annual-Town-Election-Official-Results
South Hadley,2024,HOST_ONLY,southhadley.org,https://www.southhadley.org/DocumentCenter/View/12606/2024_Annual_Town_Election_South_Hadley_Official_ResultsPDF
Rockland,2021,HOST_ONLY,cityofnewburyport.com,https://www.cityofnewburyport.com/city-clerk/files/november-2-2021-election-results
Rockland,2024,HOST_ONLY,cityofnewburyport.com,https://www.cityofnewburyport.com/city-clerk/files/official-results-1232024
Webster,2024,HOST_ONLY,webster-ma.gov,https://www.webster-ma.gov/DocumentCenter/View/23308/MAY-13-TOWN-ELECTION-RESULTS
Webster,2025,HOST_ONLY,webster-ma.gov,https://www.webster-ma.gov/DocumentCenter/View/31860/May-5-2025-Election-Results?bidId=
Greenfield,2021,HOST_ONLY,cms5.revize.com,https://cms5.revize.com/revize/greenfield/2021_Official_November_2_2021_Biennial_City_Election_Results.pdf
Greenfield,2022,HOST_ONLY,greenfield-ma.gov,https://www.greenfield-ma.gov/departments/town-clerk/election-information
Greenfield,2023,HOST_ONLY,greenfield-ma.gov,https://greenfield-ma.gov/departments/city_clerk/local_election_2023.php
Greenfield,2024,HOST_ONLY,greenfield-ma.gov,https://greenfield-ma.gov/elections_and_voting/elections_results.php
Greenfield,2025,HOST_ONLY,cms5.revize.com,"https://cms5.revize.com/revize/greenfield/Document_Center/Department/Elections/Official%20Results%20-%20November%204,%202025%20Local%20General%20Election.pdf?t=202511071308170&t=202511071308170"
Southbridge,2021,HOST_MISSING,southbridgema.gov,https://www.southbridgema.gov/sites/g/files/vyhlif4796/f/pages/2021_annual_town_election.pdf
Southbridge,2022,HOST_MISSING,southbridgema.gov,https://www.southbridgema.gov/sites/g/files/vyhlif4796/f/pages/2022_ate_results.pdf
Southbridge,2023,HOST_MISSING,southbridgema.gov,https://www.southbridgema.gov/sites/g/files/vyhlif4796/f/pages/2023_ate_final_results.pdf
Southbridge,2024,HOST_ONLY,ci.southbridge.ma.us,https://www.ci.southbridge.ma.us/CivicAlerts.asp?AID=188&ARC=324
Southbridge,2025,HOST_MISSING,southbridgema.gov,https://www.southbridgema.gov/sites/g/files/vyhlif4796/f/pages/2025_ate_final_results.pdf
Amesbury,2025,HOST_ONLY,amesburyma.gov,https://www.amesburyma.gov/DocumentCenter/View/5718/2025-11-04-Municipal-Election-Results-UNOFFICIAL-
Swansea,2021,HOST_ONLY,cms8.revize.com,https://cms8.revize.com/revize/swanseama/election_results_for_04-12-2021%20(3).pdf
Swansea,2022,HOST_ONLY,cms8.revize.com,https://cms8.revize.com/revize/swanseama/ATE%20-%20final%20results%20-%202022.pdf
Swansea,2023,HOST_ONLY,cms8.revize.com,https://cms8.revize.com/revize/swanseama/Unofficial%20Results%2004-10-223.pdf
Swansea,2024,HOST_ONLY,cms8.revize.com,https://cms8.revize.com/revize/swanseama/Official%20Results%20of%20Annual%20Town%20Election%202024.pdf
Swansea,2025,HOST_ONLY,cms8.revize.com,https://cms8.revize.com/revize/swanseama/OFFICIAL%20RESULTS%20OF%20ATE%2004-14-25.pdf
Bellingham,2021,HOST_ONLY,bellinghamma.org,https://www.bellinghamma.org/DocumentCenter/View/407/2021-Annual-Town-Election-PDF
Bellingham,2022,HOST_ONLY,bellinghamma.org,https://www.bellinghamma.org/DocumentCenter/View/408/2022-Annual-Town-Election-PDF
Bellingham,2024,HOST_ONLY,bellinghamma.org,https://www.bellinghamma.org/DocumentCenter/View/1578/2024-Annual-Town-Election-PDF
Bellingham,2025,HOST_ONLY,bellinghamma.org,https://www.bellinghamma.org/DocumentCenter/View/3617/2025-Annual-Town-Election-PDF
Auburn,2023,HOST_ONLY,auburnma.gov,https://www.auburnma.gov/Archive.aspx?ADID=1775
Auburn,2024,HOST_ONLY,pakachoaggolfcourse.com,https://www.pakachoaggolfcourse.com/DocumentCenter/View/14358/UNOFFICIAL-election-Results-May-21-2024-PDF
Auburn,2025,HOST_ONLY,auburnma.gov,https://www.auburnma.gov/Archive.aspx?ADID=1780
East Longmeadow,2022,HOST_ONLY,eastlongmeadowma.gov,https://www.eastlongmeadowma.gov/DocumentCenter/View/13039/Final-Election-Results-6-7-2022-Town-Election
East Longmeadow,2023,HOST_ONLY,eastlongmeadowma.gov,https://www.eastlongmeadowma.gov/DocumentCenter/View/14486/Unofficial-6-6-23-Election-results-?bidId=
East Longmeadow,2024,HOST_ONLY,eastlongmeadowma.gov,https://www.eastlongmeadowma.gov/DocumentCenter/View/16444/6-4-2024-Town-Election-results-Official-?bidId=
Westport,2021,HOST_ONLY,resources.finalsite.net,https://resources.finalsite.net/images/v1647976000/westportschoolsorg/zq1bv4gpvmea1uyndesy/WestportTownReport2021FINAL.pdf
Westport,2025,HOST_ONLY,westport-ma.com,https://www.westport-ma.com/sites/g/files/vyhlif12811/f/news/final_results_04.08.2025_annual_town_election.pdf
Northbridge,2024,HOST_ONLY,northbridgemass.org,https://www.northbridgemass.org/sites/g/files/vyhlif981/f/uploads/final_results_0.pdf
Northbridge,2025,HOST_ONLY,northbridgemass.org,https://www.northbridgemass.org/sites/g/files/vyhlif981/f/uploads/results_2025.pdf
Duxbury,2022,HOST_ONLY,town.duxbury.ma.us,https://www.town.duxbury.ma.us/sites/g/files/vyhlif10506/f/uploads/annual_town_election_official_results_3-26-2022.pdf
Duxbury,2024,HOST_ONLY,town.duxbury.ma.us,https://www.town.duxbury.ma.us/sites/g/files/vyhlif10506/f/pages/official_results_-_website.pdf
Duxbury,2025,HOST_ONLY,town.duxbury.ma.us,https://www.town.duxbury.ma.us/sites/g/files/vyhlif10506/f/pages/official_results_0.pdf
Longmeadow,2021,HOST_ONLY,longmeadowma.gov,https://www.longmeadowma.gov/ArchiveCenter/ViewFile/Item/707
Longmeadow,2022,HOST_ONLY,longmeadowma.gov,https://www.longmeadowma.gov/ArchiveCenter/ViewFile/Item/766
Longmeadow,2023,HOST_ONLY,longmeadowma.gov,https://www.longmeadowma.gov/ArchiveCenter/ViewFile/Item/756
Longmeadow,2024,HOST_ONLY,longmeadowma.gov,https://www.longmeadowma.gov/DocumentCenter/View/9208/OFFICIAL-RESULTS---ANNUAL-TOWN-ELECTION---JUNE-11-2024?bidId=
Longmeadow,2025,HOST_ONLY,longmeadowma.gov,https://www.longmeadowma.gov/DocumentCenter/View/10333/OFFICIAL-RESULTS----ANNUAL-TOWN-ELECTION--JUNE-3-2025?bidId=
Northborough,2023,HOST_ONLY,town.northborough.ma.us,https://www.town.northborough.ma.us/sites/g/files/vyhlif3571/f/uploads/northborough_official_election_results_5-09-2023.pdf
Northborough,2024,HOST_ONLY,town.northborough.ma.us,https://www.town.northborough.ma.us/sites/g/files/vyhlif12221/f/uploads/northborough_official_election_results_ate_05-14-2024_atd.pdf
Northborough,2025,HOST_ONLY,town.northborough.ma.us,https://www.town.northborough.ma.us/sites/g/files/vyhlif12221/f/uploads/northborough_official_election_results_05-13-2025_1.pdf
North Reading,2023,HOST_ONLY,northreadingma.gov,https://www.northreadingma.gov/DocumentCenter/View/4660/May-2-2023-Town-Election-Official-Results
North Reading,2024,HOST_ONLY,northreadingma.gov,https://www.northreadingma.gov/DocumentCenter/View/480/May-7-2024-Local-Election-Official-Results
North Reading,2025,HOST_ONLY,northreadingma.gov,https://www.northreadingma.gov/DocumentCenter/View/4657/5-6-25-Town-Election-Official-Results-0
Seekonk,2022,HOST_MISSING,seekonkma.gov,https://www.seekonkma.gov/DocumentCenter/View/7289/2022-Annual-Town-Election-Results-PDF
Seekonk,2023,HOST_ONLY,seekonk-ma.gov,https://www.seekonk-ma.gov/DocumentCenter/View/1478/432023-Annual-Town-Election-Results
Seekonk,2024,HOST_ONLY,seekonk-ma.gov,https://www.seekonk-ma.gov/DocumentCenter/View/2385/4124-Town-Election-Results-PDF
Seekonk,2025,HOST_ONLY,seekonk-ma.gov,https://www.seekonk-ma.gov/DocumentCenter/View/3322/4725-Town-Election-Results-PDF
Clinton,2021,HOST_ONLY,clintonma.gov,https://www.clintonma.gov/DocumentCenter/View/2344/2021-Town-Election-Results-PDF
Clinton,2022,HOST_ONLY,clintonma.gov,https://www.clintonma.gov/DocumentCenter/View/1632
Clinton,2023,HOST_ONLY,clintonma.gov,https://www.clintonma.gov/DocumentCenter/View/2985/2023-Town-Election-Results?bidId=
Clinton,2024,HOST_ONLY,clintonma.gov,https://www.clintonma.gov/DocumentCenter/View/3400/Town-Election-Results-June-2024
Clinton,2025,HOST_ONLY,clintonma.gov,https://www.clintonma.gov/DocumentCenter/View/3636
Belchertown,2021,HOST_ONLY,belchertown.org,https://www.belchertown.org/ArchiveCenter/ViewFile/Item/197
Belchertown,2022,HOST_ONLY,belchertown.org,https://www.belchertown.org/ArchiveCenter/ViewFile/Item/198
Belchertown,2023,HOST_ONLY,belchertown.org,https://www.belchertown.org/Archive.aspx?ADID=189
Belchertown,2024,HOST_ONLY,belchertown.org,https://www.belchertown.org/ArchiveCenter/ViewFile/Item/441
Belchertown,2025,HOST_ONLY,belchertown.org,https://www.belchertown.org/ArchiveCenter/ViewFile/Item/505
Raynham,2021,HOST_ONLY,town.raynham.ma.us,https://www.town.raynham.ma.us/town-clerk/news/unofficial-results-town-election-april-24-2021
Raynham,2022,HOST_MISSING,raynham-ma.gov,https://www.raynham-ma.gov/DocumentCenter/View/5071/2022-Annual-Election-Results-Final-PDF
Raynham,2023,HOST_ONLY,town.raynham.ma.us,https://www.town.raynham.ma.us/sites/g/files/vyhlif1111/f/news/copy_of_unofficial_results_4-22-2023_1_0.pdf
Raynham,2024,HOST_ONLY,town.raynham.ma.us,https://www.town.raynham.ma.us/sites/g/files/vyhlif1111/f/news/unofficial_annual_town_election_results-april_27_2024.pdf
Raynham,2025,HOST_ONLY,town.raynham.ma.us,https://www.town.raynham.ma.us/sites/g/files/vyhlif1111/f/news/annual_town_election-4-26-25-official_results_1.pdf
Whitman,2022,HOST_ONLY,whitman-ma.gov,https://www.whitman-ma.gov/ArchiveCenter/ViewFile/Item/1300
Whitman,2023,HOST_ONLY,whitman-ma.gov,https://www.whitman-ma.gov/ArchiveCenter/ViewFile/Item/1299
Whitman,2024,HOST_ONLY,whitman-ma.gov,https://www.whitman-ma.gov/ArchiveCenter/ViewFile/Item/1330
Mashpee,2021,HOST_ONLY,mashpeema.gov,https://www.mashpeema.gov/DocumentCenter/View/2496/02-03-2021
Mashpee,2023,HOST_ONLY,records.mashpeema.gov,https://records.mashpeema.gov/WebLink/0/doc/359370/Page23.aspx
Mashpee,2025,HOST_ONLY,mashpeema.gov,https://www.mashpeema.gov/DocumentCenter/View/4091/12-03-2025
Holliston,2021,HOST_ONLY,townofholliston.us,https://www.townofholliston.us/Archive.aspx?ADID=123
Holliston,2022,HOST_ONLY,townofholliston.us,https://www.townofholliston.us/Archive.aspx?ADID=122
Holliston,2023,HOST_ONLY,townofholliston.us,https://www.townofholliston.us/Archive.aspx?ADID=121
Holliston,2024,HOST_ONLY,townofholliston.us,https://www.townofholliston.us/Archive.aspx?ADID=118
Holliston,2025,HOST_ONLY,townofholliston.us,https://www.townofholliston.us/sites/g/files/vyhlif706/f/uploads/official_results_ate_5-20-2025.pdf
Hanover,2022,HOST_ONLY,hanover-ma.gov,https://www.hanover-ma.gov/sites/g/files/vyhlif12081/f/uploads/town_of_hanover_official_results_5-7-2022.pdf
Hanover,2023,HOST_ONLY,hanover-ma.gov,https://www.hanover-ma.gov/finance-department/town-clerk/files/official-results-reports-annual-town-election-5-13-23
Hanover,2024,HOST_ONLY,hanover-ma.gov,https://www.hanover-ma.gov/sites/g/files/vyhlif12081/f/uploads/official_results_reports_annual_town_election_5-18-24.pdf
Hanover,2025,HOST_ONLY,hanover-ma.gov,https://www.hanover-ma.gov/sites/g/files/vyhlif12081/f/uploads/official_results_reports_annual_town_election_5-17-25.pdf
Dennis,2021,HOST_ONLY,town.dennis.ma.us,https://www.town.dennis.ma.us/DocumentCenter/View/669/2021-Annual-Town-Election-PDF
Dennis,2022,HOST_ONLY,town.dennis.ma.us,https://www.town.dennis.ma.us/DocumentCenter/View/684/2022-Annual-Town-Election---Official-Results-PDF
Dennis,2023,HOST_ONLY,town.dennis.ma.us,https://www.town.dennis.ma.us/DocumentCenter/View/683/2023-Annual-Town-Election---Official-Results-PDF
Dennis,2024,HOST_ONLY,town.dennis.ma.us,https://www.town.dennis.ma.us/DocumentCenter/View/2502/Annual-Town-Election-5-14-2024-Official-Results
Dennis,2025,HOST_ONLY,town.dennis.ma.us,https://www.town.dennis.ma.us/DocumentCenter/View/3474/OFFICIAL-Annual-Town-Election-Results-5-13-2025
Wilbraham,2023,HOST_ONLY,wilbraham-ma.gov,https://www.wilbraham-ma.gov/DocumentCenter/View/5578/Clerk-Tally-Sheet-52023-After-Recount?bidId=
Wilbraham,2024,HOST_ONLY,wilbraham-ma.gov,https://wilbraham-ma.gov/DocumentCenter/View/6199/Clerk-Tally-Sheet-51824--1
Wilbraham,2025,HOST_ONLY,wilbraham-ma.gov,https://www.wilbraham-ma.gov/DocumentCenter/View/6577/2025-Unofficial-Annual-Town-Election-Results
East Bridgewater,2023,HOST_ONLY,eastbridgewaterma.gov,https://www.eastbridgewaterma.gov/sites/g/files/vyhlif516/f/news/skm_450i23051409010.pdf
Bedford,2022,HOST_ONLY,bedfordnh.org,https://bedfordnh.org/DocumentCenter/View/5680/2022-TOWN-RESULTS
Bedford,2025,HOST_ONLY,bedfordma.gov,https://www.bedfordma.gov/DocumentCenter/View/5132/March-8-2025-Annual-Town-Meeting-Results-PDF
Nantucket,2023,HOST_ONLY,nantucketcurrent.com,https://nantucketcurrent.com/news/nantucket-election-results
Nantucket,2025,HOST_ONLY,nantucket-ma.gov,https://www.nantucket-ma.gov/DocumentCenter/View/51611/2025ATE---TallyPrelim
Uxbridge,2023,HOST_ONLY,uxbridge-ma.gov,https://www.uxbridge-ma.gov/town-clerk/news/may-23-2023-certified-election-results
Uxbridge,2024,HOST_ONLY,uxbridge-ma.gov,https://www.uxbridge-ma.gov/sites/g/files/vyhlif3971/f/uploads/may_21_2024_ate_official_results.pdf
Uxbridge,2025,HOST_ONLY,uxbridge-ma.gov,https://www.uxbridge-ma.gov/sites/g/files/vyhlif3971/f/uploads/may_20_2025_ate_official_results.pdf
Wayland,2021,HOST_ONLY,wayland.ma.us,https://www.wayland.ma.us/DocumentCenter/View/13176/offical_results_for_posting_may_11_2021
Wayland,2022,HOST_ONLY,wayland.ma.us,https://www.wayland.ma.us/DocumentCenter/View/13174/officials_results_ate_2022xls_1
Wayland,2024,HOST_ONLY,wayland.ma.us,https://www.wayland.ma.us/DocumentCenter/View/13173/572024_annual_town_election_official
Wayland,2025,HOST_ONLY,ma-wayland.civicplus.com,https://ma-wayland.civicplus.com/DocumentCenter/View/12784/Annual-Town-Election--April-1-2025-PDF
Millbury,2021,HOST_ONLY,millburyma.gov,https://www.millburyma.gov/1422/Annual-Town-Elections
Millbury,2022,HOST_ONLY,millburyma.gov,https://www.millburyma.gov/1422/Annual-Town-Elections
Millbury,2023,HOST_ONLY,millburyma.gov,https://www.millburyma.gov/1422/Annual-Town-Elections
Millbury,2024,HOST_ONLY,millburyma.gov,https://millburyma.gov/DocumentCenter/View/4211/Unofficial-Results
Millbury,2025,HOST_ONLY,millburyma.gov,https://millburyma.gov/DocumentCenter/View/4207/Official-Results
Ipswich,2023,HOST_ONLY,ipswichma.gov,https://www.ipswichma.gov/DocumentCenter/View/15975/2023-05-16-Annual-Town-Election-
Harwich,2022,HOST_ONLY,content.civicplus.com,https://content.civicplus.com/api/assets/36408dde-cd76-4302-a4d2-b05b60901e7e?cache=1800
Harwich,2023,HOST_ONLY,content.civicplus.com,https://content.civicplus.com/api/assets/ma-harwich/16a43369-532f-44c3-a4fb-10e561418004?cache=1800
Harwich,2024,HOST_ONLY,content.civicplus.com,https://content.civicplus.com/api/assets/dbff8320-384c-4a75-aaf5-50ecc418e89c
Harwich,2025,HOST_ONLY,content.civicplus.com,https://content.civicplus.com/api/assets/3977636c-28f2-4cb3-92d7-e59e1c21d5df
Oxford,2021,HOST_ONLY,oxfordma.us,https://oxfordma.us/DocumentCenter/View/2373/May-18-2021---Official-Annual-Town-Election-Results
Oxford,2022,HOST_ONLY,oxfordma.us,https://oxfordma.us/DocumentCenter/View/2372/May-17-2022---Official-Annual-Town-Election-Results
Oxford,2023,HOST_ONLY,oxfordma.us,https://oxfordma.us/ArchiveCenter/ViewFile/Item/161
Oxford,2024,HOST_ONLY,oxfordma.us,https://oxfordma.us/DocumentCenter/View/1624/May-21-2024---Official-Annual-Town-Election-Results-
Charlton,2025,HOST_ONLY,townofcharlton.net,https://www.townofcharlton.net/DocumentCenter/View/4888/Official-Tally-2025-Annual-Town-Election
Lynnfield,2023,HOST_ONLY,town.lynnfield.ma.us,https://www.town.lynnfield.ma.us/sites/g/files/vyhlif3391/f/news/final_election_results_-_april_11.pdf
Lynnfield,2025,HOST_ONLY,lynnfieldma.gov,https://www.lynnfieldma.gov/DocumentCenter/View/2106/April-8-2025-Annual-Town-Election-Official-Results-
Medfield,2021,HOST_ONLY,town.medfield.net,https://www.town.medfield.net/DocumentCenter/View/5085/2021-Town-Election---Official-Results
Medfield,2022,HOST_ONLY,town.medfield.net,https://www.town.medfield.net/DocumentCenter/View/5975/March-28-2022---Official-Results
Medfield,2023,HOST_ONLY,town.medfield.net,https://www.town.medfield.net/DocumentCenter/View/7031/Stats-3-27-23
Medfield,2024,HOST_ONLY,town.medfield.net,https://www.town.medfield.net/DocumentCenter/View/7783/OFFICIAL-FINAL-RESULTS---Town-Elections-3-25-2024
Medfield,2025,HOST_ONLY,town.medfield.net,https://www.town.medfield.net/DocumentCenter/View/8470/Town-Election_Medfield_03_31_25_final
Rehoboth,2023,HOST_ONLY,rehobothma.gov,https://www.rehobothma.gov/home/news/official-4-4-23-annual-town-election-results
Palmer,2023,HOST_ONLY,townofpalmer.com,https://www.townofpalmer.com/vertical/sites/%7B034F9CAE-5196-4551-90C2-FBFD76374BDB%7D/uploads/20230614_085538(2).pdf
Tyngsborough,2023,HOST_ONLY,tyngsboroughma.gov,https://www.tyngsboroughma.gov/wp-content/uploads/2023/05/TOWN-ELECTION-16-MAY-2023.pdf
Tyngsborough,2024,HOST_ONLY,tyngsboroughma.gov,https://www.tyngsboroughma.gov/DocumentCenter/View/2159/May-2024-Annual-Town-Election---Unofficial-Results
Tyngsborough,2025,HOST_ONLY,tyngsboroughma.gov,https://www.tyngsboroughma.gov/CivicAlerts.asp?AID=214
Wrentham,2022,HOST_MISSING,wrentham-ma.gov,https://wrentham-ma.gov/news
Wrentham,2024,HOST_ONLY,wrentham.gov,https://www.wrentham.gov/DocumentCenter/View/173/04-01-24-Annual-Town-Election-Minutes-and-Results
Wrentham,2025,HOST_ONLY,wrentham.gov,https://www.wrentham.gov/DocumentCenter/View/4117
Spencer,2021,HOST_ONLY,spencerma.gov,https://www.spencerma.gov/DocumentCenter/View/1204/May-11th-2021-ATE-Election-Results
Spencer,2022,HOST_ONLY,spencerma.gov,https://www.spencerma.gov/DocumentCenter/View/1203/May-10th-2022-ATE-Election-Results
Spencer,2023,HOST_ONLY,spencerma.gov,https://www.spencerma.gov/DocumentCenter/View/1194/May-9th-2023-ATE-Election-Results
Spencer,2024,HOST_ONLY,spencerma.gov,https://www.spencerma.gov/DocumentCenter/View/1196/May-14th-2024-Annual-Town-Election
Spencer,2025,HOST_ONLY,spencerma.gov,https://www.spencerma.gov/DocumentCenter/View/1208/Final-Results-5-13-2025-Election
Athol,2021,HOST_ONLY,athol-ma.gov,https://www.athol-ma.gov/sites/g/files/vyhlif2741/f/uploads/10-12-23_athol_final_report_edit.opt_.pdf
Athol,2024,HOST_ONLY,athol-ma.gov,https://www.athol-ma.gov/home/news/election-results-april-1-2024-annual-town-election
Athol,2025,HOST_ONLY,athol-ma.gov,https://www.athol-ma.gov/home/files/athol-election-results-4-7-2025
Weston,2021,HOST_ONLY,westonma.gov,https://westonma.gov/DocumentCenter/View/29428/Summary-Vote-Town-Election-2021-PDF
Weston,2023,HOST_ONLY,weston.org,https://www.weston.org/DocumentCenter/View/35726/Summary-Vote-PDF?bidId=
Weston,2024,HOST_ONLY,westonma.gov,https://www.westonma.gov/1888/2024-Annual-Town-Election
Weston,2025,HOST_ONLY,westonma.gov,https://www.westonma.gov/DocumentCenter/View/40194/Final-Results-Town-Election-2025-PDF
Lunenburg,2021,HOST_ONLY,lunenburgma.gov,https://www.lunenburgma.gov/500/Notices-Election-Voting-InformationResul
Lunenburg,2023,HOST_ONLY,lunenburgma.gov,https://www.lunenburgma.gov/ArchiveCenter/ViewFile/Item/49
Lunenburg,2024,HOST_ONLY,lunenburgma.gov,https://www.lunenburgma.gov/DocumentCenter/View/2029/5182024-Annual-Town-Election-Official-Results-PDF
Carver,2021,HOST_ONLY,carverma.gov,https://www.carverma.gov/home/news/election-results-november-18-2025
Carver,2022,HOST_ONLY,carverma.gov,https://www.carverma.gov/emergency-management/files/private/hazard-mitigation-plan-2022
Carver,2024,HOST_ONLY,carverma.gov,https://www.carverma.gov/town-clerk/files/2024-local-election-results
Carver,2025,HOST_ONLY,carverma.gov,https://www.carverma.gov/town-clerk/files/april-26-2025-annual-town-election-candidates
Pepperell,2021,HOST_ONLY,town.pepperell.ma.us,https://town.pepperell.ma.us/DocumentCenter/View/6019/20210426-OFFICIAL-RESULTS---Annual-Town-Election
Pepperell,2022,HOST_ONLY,town.pepperell.ma.us,https://www.town.pepperell.ma.us/DocumentCenter/View/7223/20220425-OFFICIAL-RESULTS---Annual-Town-Election
Pepperell,2023,HOST_ONLY,town.pepperell.ma.us,https://www.town.pepperell.ma.us/DocumentCenter/View/8060/20230424-OFFICIAL-RESULTS---Annual-Town-Election
Pepperell,2024,HOST_ONLY,town.pepperell.ma.us,https://www.town.pepperell.ma.us/DocumentCenter/View/8670/20240422-OFFICIAL-RESULTS---Annual-Town-Election
Pepperell,2025,HOST_ONLY,town.pepperell.ma.us,https://www.town.pepperell.ma.us/DocumentCenter/View/9832/OFFICIAL-RESULTS-20250428
Lakeville,2025,HOST_ONLY,lakevillema.org,https://www.lakevillema.org/sites/g/files/vyhlif751/f/pages/official_results-_ate_april_7_2025_0.pdf
Holbrook,2023,HOST_ONLY,holbrookma.gov,https://www.holbrookma.gov/DocumentCenter/View/627
Holbrook,2025,HOST_ONLY,holbrookma.gov,https://holbrookma.gov/DocumentCenter/View/947/2025-45-certified-Annual-Town-Elec-Results
Norwell,2021,HOST_ONLY,townofnorwell.net,https://townofnorwell.net/Documents/Departments/Town%20Accountant/Annual%20Comprehensive%20Financial%20Reports/fy24_afcr.pdf
Norwell,2022,HOST_ONLY,cms2.revize.com,https://cms2.revize.com/revize/norwell/Documents/Departments/Town%20Accountant/Annual%20Comprehensive%20Financial%20Reports/norwell_ma_acfr22_-_final_002.pdf
Norwell,2025,HOST_ONLY,townofnorwell.net,https://townofnorwell.net/Documents/Departments/Town%20Accountant/Annual%20Comprehensive%20Financial%20Reports/fy24_afcr.pdf
Leicester,2025,HOST_ONLY,leicesterma.org,https://www.leicesterma.org/DocumentCenter/View/3948/FINAL-Special-Town-Election-Results-October-28-2025-
Maynard,2021,HOST_ONLY,townofmaynard-ma.gov,https://www.townofmaynard-ma.gov/DocumentCenter/View/1064
Maynard,2022,HOST_ONLY,townofmaynard-ma.gov,https://www.townofmaynard-ma.gov/DocumentCenter/View/1060
Maynard,2023,HOST_ONLY,townofmaynard-ma.gov,https://www.townofmaynard-ma.gov/DocumentCenter/View/2282/ATE---Official-Results---050223?bidId=
Maynard,2024,HOST_ONLY,townofmaynard-ma.gov,https://www.townofmaynard-ma.gov/DocumentCenter/View/2956
Maynard,2025,HOST_ONLY,townofmaynard-ma.gov,https://www.townofmaynard-ma.gov/DocumentCenter/View/3798/Official-Results-5-6-25
Hanson,2021,HOST_ONLY,hanson-ma.gov,https://www.hanson-ma.gov/town-clerk/files/annual-town-election-may-15-2021
Hanson,2022,HOST_ONLY,hanson-ma.gov,https://www.hanson-ma.gov/town-clerk/files/annual-town-election-may-21-2022
Hanson,2024,HOST_ONLY,whitman-ma.gov,https://www.whitman-ma.gov/Archive.aspx?ADID=1330
Hanson,2025,HOST_ONLY,hanson-ma.gov,https://www.hanson-ma.gov/planning-boarddepartment/files/hlc-approved-housing-production-plan-2025
Acushnet,2022,HOST_ONLY,acushnet.ma.us,https://www.acushnet.ma.us/documentcenter/view/887
Acushnet,2024,HOST_ONLY,acushnet.ma.us,https://www.acushnet.ma.us/1433/Eastern-Massachusetts-ARES
Southborough,2021,HOST_ONLY,southboroughtown.com,https://southboroughtown.com/DocumentCenter/View/1707/9-Skylar-Drive---Variance-PDF
Southborough,2023,HOST_ONLY,mysouthborough.com,https://www.mysouthborough.com/2023/05/10/election-result-highlights/
Winchendon,2021,HOST_ONLY,townofwinchendon.com,https://www.townofwinchendon.com/Archive.aspx?ADID=50
Winchendon,2022,HOST_ONLY,townofwinchendon.com,https://www.townofwinchendon.com/Archive.aspx?ADID=51
Winchendon,2023,HOST_ONLY,townofwinchendon.com,https://www.townofwinchendon.com/sites/g/files/vyhlif8401/f/pages/2023.05.01_annual_town_election.pdf
Winchendon,2024,HOST_ONLY,townofwinchendon.com,https://www.townofwinchendon.com/Archive.aspx?ADID=2581
Winchendon,2025,HOST_ONLY,townofwinchendon.com,https://www.townofwinchendon.com/Archive.aspx?ADID=542
Brewster,2023,HOST_ONLY,brewster-ma.gov,https://www.brewster-ma.gov/sites/g/files/vyhlif6286/f/uploads/unofficial_town_election_results.pdf
Brewster,2024,HOST_ONLY,brewster-ma.gov,https://www.brewster-ma.gov/town-clerk/files/march-5-2024-official-primary-results
Brewster,2025,HOST_ONLY,brewster-ma.gov,https://www.brewster-ma.gov/home/files/atm-may-5-2025-results
Littleton,2021,HOST_ONLY,littletonma.org,https://www.littletonma.org/DocumentCenter/View/1790
Littleton,2025,HOST_ONLY,littletonma.org,https://www.littletonma.org/DocumentCenter/View/9564
Hull,2021,HOST_ONLY,town.hull.ma.us,https://www.town.hull.ma.us/town-clerk/pages/archived-election-information
Hull,2023,HOST_ONLY,town.hull.ma.us,https://www.town.hull.ma.us/sites/g/files/vyhlif3286/f/uploads/unofficial_results_may_15_2023_and_june_13_2023_combined_total_1.pdf
Hull,2024,HOST_ONLY,town.hull.ma.us,https://www.town.hull.ma.us/town-clerk/files/november-5-2024-state-presidential-election-official-results
Hull,2025,HOST_ONLY,town.hull.ma.us,https://www.town.hull.ma.us/town-clerk/files/2025-annual-town-election-official-results
Ware,2021,HOST_ONLY,townofware.com,https://www.townofware.com/00-Full%20Report%20Web.pdf
Ware,2022,HOST_ONLY,townofware.com,https://www.townofware.com/2023%20Annual%20Report%20Final%20Reduced%20File%20Size.pdf
Plainville,2022,HOST_ONLY,plainville.ma.us,https://www.plainville.ma.us/DocumentCenter/View/363
Plainville,2024,HOST_ONLY,plainville.ma.us,https://www.plainville.ma.us/DocumentCenter/View/1457
Sturbridge,2021,HOST_ONLY,sturbridge.org,https://sturbridge.org/DocumentCenter/View/7969/2021-Annual-Town-Election-Results
Sturbridge,2023,HOST_ONLY,sturbridge.gov,https://www.sturbridge.gov/sites/g/files/vyhlif12111/f/news/annual_town_election_04-10-2023_offical_tally_sheet_0.xlsx
Sturbridge,2025,HOST_ONLY,sturbridge.gov,https://www.sturbridge.gov/sites/g/files/vyhlif12111/f/pages/fy26_finance_committee_report.pdf
Middleton,2021,HOST_ONLY,middletonma.gov,https://www.middletonma.gov/DocumentCenter/View/2941/2021-6-12-Annual-Town-Election--Official-Results
Middleton,2022,HOST_ONLY,middletonma.gov,https://www.middletonma.gov/DocumentCenter/View/3347/2022-05-17-ATE---Official-Results
Middleton,2023,HOST_ONLY,middletonma.gov,https://www.middletonma.gov/DocumentCenter/View/3811/2023-05-16-ATE-Official-Results
Middleton,2024,HOST_ONLY,middletonma.gov,https://www.middletonma.gov/DocumentCenter/View/4608/2024-05-21-ATE---Official-Results
Middleton,2025,HOST_ONLY,middletonma.gov,https://www.middletonma.gov/DocumentCenter/View/5221/2025-05-20-ATE---Official-Results
Sutton,2022,HOST_ONLY,suttonma.org,https://www.suttonma.org/town-clerk/news/annual-town-election-official-results-may-27-2025
Sutton,2024,HOST_ONLY,suttonma.org,https://www.suttonma.org/home/news/town-election-results-1
Sutton,2025,HOST_ONLY,suttonma.org,https://www.suttonma.org/home/news/official-town-election-results-may-27-2025
Salisbury,2021,HOST_ONLY,salisburyma.gov,https://www.salisburyma.gov/town-clerk/files/2021-town-election-results-5-11-2021
Salisbury,2022,HOST_ONLY,salisburyma.gov,https://www.salisburyma.gov/town-clerk/files/2022-town-election-results-5-10-2022
Salisbury,2023,HOST_ONLY,salisburyma.gov,https://www.salisburyma.gov/sites/g/files/vyhlif1166/f/uploads/unofficial_results_-2023_town_election.pdf
Salisbury,2024,HOST_ONLY,salisburyma.gov,https://www.salisburyma.gov/home/news/town-election-results-may-14-2024
Salisbury,2025,HOST_ONLY,salisburyma.gov,https://www.salisburyma.gov/town-clerk/pages/election-results
Southwick,2021,HOST_ONLY,southwickma.org,https://www.southwickma.org/sites/g/files/vyhlif1241/f/uploads/atr21.pdf
Southwick,2022,HOST_ONLY,southwickma.org,https://www.southwickma.org/town-clerk/pages/elections-archive
Southwick,2023,HOST_ONLY,southwickma.org,https://www.southwickma.org/sites/g/files/vyhlif1241/f/uploads/town_official_may_9_2023.pdf
Southwick,2024,HOST_ONLY,southwickma.gov,https://www.southwickma.gov/sites/g/files/vyhlif5381/f/uploads/2024_official_results.pdf
Southwick,2025,HOST_ONLY,southwickma.gov,https://www.southwickma.gov/sites/g/files/vyhlif5381/f/uploads/2025_election_results.pdf
Blackstone,2021,HOST_ONLY,townofblackstone.org,https://www.townofblackstone.org/DocumentCenter/View/584/Official-Results-Ate-2021-PDF
Blackstone,2022,HOST_ONLY,townofblackstone.org,https://www.townofblackstone.org/DocumentCenter/View/610/Ate-2022-Official-Results-PDF
Blackstone,2023,HOST_ONLY,townofblackstone.org,https://www.townofblackstone.org/DocumentCenter/View/242/2023-Annual-Town-Election-Official-Results-PDF
Blackstone,2024,HOST_ONLY,townofblackstone.org,https://www.townofblackstone.org/DocumentCenter/View/1352/2024-Annual-Town-Election-Official-Results
Blackstone,2025,HOST_ONLY,townofblackstone.org,https://www.townofblackstone.org/DocumentCenter/View/2451/Annual-Town-Election-Results-2025
Townsend,2024,HOST_ONLY,townsendma.gov,https://www.townsendma.gov/news_detail_T21_R76.php
Townsend,2025,HOST_ONLY,townsendma.gov,https://www.townsendma.gov/Documents/Departments/Clerk/OFFICIAL RESULTS 7-29-25.pdf?t=202507292025100
Rutland,2024,HOST_ONLY,townofrutland.org,https://www.townofrutland.org/DocumentCenter/View/1995
Rutland,2025,HOST_MISSING,rutland-ma.gov,https://www.rutland-ma.gov/sites/g/files/vyhlif5676/f/uploads/2025_election_official_results.pdf
Douglas,2021,HOST_ONLY,douglas-ma.gov,https://douglas-ma.gov/Archive.aspx?ADID=139
Douglas,2022,HOST_ONLY,douglas-ma.gov,https://douglas-ma.gov/DocumentCenter/View/2876/2022-TOWN-ELECTION-RESULTS
Douglas,2023,HOST_ONLY,douglas-ma.gov,https://www.douglas-ma.gov/DocumentCenter/View/3533/2023-Annual-Election-Results
Douglas,2024,HOST_ONLY,douglas-ma.gov,https://www.douglas-ma.gov/civicalerts.aspx?ARC=L&What=1&CC=0&intArchCatID=1&From=CID%3D1
Georgetown,2021,HOST_ONLY,georgetownma.gov,http://georgetownma.gov/Document%20Center/Departments/Town%20Clerk/Election%20Results/officialresultsate051021_1.xlsx?t=202308070838400
Georgetown,2022,HOST_ONLY,georgetownma.gov,http://georgetownma.gov/Document%20Center/Departments/Town%20Clerk/Election%20Results/unofficial_results_0592022.xlsx?t=202308070839370
Georgetown,2023,HOST_ONLY,georgetownma.gov,https://georgetownma.gov/Document%20Center/Departments/Town%20Clerk/Election%20Results/unofficial_results_tally_sheets_5_8_23.pdf?t=202308070841530
Georgetown,2024,HOST_ONLY,georgetownma.gov,http://georgetownma.gov/Document%20Center/Departments/Town%20Clerk/Election%20Results/results_tally_sheet_-_totals_-_may_13_2024_town_election.pdf?t=202409120623360
Georgetown,2025,HOST_ONLY,georgetownma.gov,http://georgetownma.gov/Document%20Center/Town%20Clerk/FINAL%20OFFICIAL%20Results%20-Annual%20Town%20Election%20-%20May12%202025.pdf?t=202505151127070
Millis,2021,HOST_ONLY,millisma.gov,https://www.millisma.gov/economic-development-committee
Millis,2024,HOST_ONLY,millisma.gov,https://www.millisma.gov/home/files/051324-town-election-results
Millis,2025,HOST_ONLY,millisma.gov,https://www.millisma.gov/town-clerk/news/december-8-2025-special-town-election-results
Lancaster,2022,HOST_ONLY,ci.lancaster.ma.us,https://www.ci.lancaster.ma.us/DocumentCenter/View/434/2022-Year-End-Campaign-Finance-Report-ALL-PDF
Lancaster,2024,HOST_ONLY,ci.lancaster.ma.us,https://www.ci.lancaster.ma.us/DocumentCenter/View/2004/2024-State-Election-Final-Results
Lancaster,2025,HOST_ONLY,ci.lancaster.ma.us,https://www.ci.lancaster.ma.us/DocumentCenter/View/2070/Annual-Town-Election-05122025-Official-Results
Cohasset,2023,HOST_ONLY,cohassetma.org,https://www.cohassetma.org/DocumentCenter/View/9158/ATE-2023_05_13---Final-Tabulation-Sheet-PDF-updated-5-19-2023
Cohasset,2024,HOST_ONLY,cohassetma.org,https://cohassetma.org/DocumentCenter/View/12736/2024-Nov-5_Presidential-Election-State-Election---Official-Results
Cohasset,2025,HOST_ONLY,cohassetma.gov,https://www.cohassetma.gov/DocumentCenter/View/13043/Cohasset_SS-Vo-Tech-District-Election-Results-2025
Westminster,2021,HOST_ONLY,westminster-ma.gov,https://www.westminster-ma.gov/home/files/04-27-2021-annual-town-election-results
Westminster,2022,HOST_ONLY,westminster-ma.gov,https://www.westminster-ma.gov/home/files/04-26-2022-official-results-annual-town-election
Westminster,2023,HOST_ONLY,westminster-ma.gov,https://www.westminster-ma.gov/sites/g/files/vyhlif1431/f/uploads/official_results_of_the_04-25-2023_annual_town_election.pdf
Westminster,2024,HOST_ONLY,westminster-ma.gov,https://www.westminster-ma.gov/home/files/04-30-2024-annual-town-election
Westminster,2025,HOST_ONLY,westminster-ma.gov,https://www.westminster-ma.gov/sites/g/files/vyhlif1431/f/uploads/final_fy_25_adv_bd_booklet.pdf
Boxford,2025,HOST_ONLY,boxfordlibrary.org,https://boxfordlibrary.org/DocumentCenter/View/2305
Adams,2025,HOST_ONLY,town.adams.ma.us,https://www.town.adams.ma.us/town-clerk/files/05052025-unofficial-election-results
Monson,2023,HOST_ONLY,monson-ma.gov,https://www.monson-ma.gov/DocumentCenter/View/182/Annual-Town-Election-Results-June-16-2023-PDF
Monson,2024,HOST_ONLY,monson-ma.gov,https://www.monson-ma.gov/DocumentCenter/View/3183/ATE-results-06-11-24
Monson,2025,HOST_ONLY,monson-ma.gov,https://www.monson-ma.gov/DocumentCenter/View/3019/Monson-Annual-Town-Election-Official-Results-06-10-25
Templeton,2021,HOST_ONLY,templetonma.gov,https://www.templetonma.gov/DocumentCenter/View/2095/May-17-2021-Annual-Town-Election-PDF
Templeton,2022,HOST_ONLY,templetonma.gov,https://www.templetonma.gov/town-clerk/pages/election-results
Templeton,2024,HOST_ONLY,templetonma.gov,https://www.templetonma.gov/home/news/election-results
Templeton,2025,HOST_ONLY,templetonma.gov,https://www.templetonma.gov/DocumentCenter/View/2084/May-19-2025-Annual-Town-Election--PDF
Dighton,2021,HOST_ONLY,dighton-ma.gov,https://www.dighton-ma.gov/385/Election-Information-Center-Results
Dighton,2022,HOST_ONLY,dighton-ma.gov,https://www.dighton-ma.gov/DocumentCenter/View/1864/April-10-2022---Annual-Town-Election-Results-Packet-PDF
Dighton,2023,HOST_ONLY,dighton-ma.gov,https://www.dighton-ma.gov/DocumentCenter/View/2390/FINAL-CERTIFIED-ELECTION-RESULTS-ANNUAL-TOWN-ELECTION-4823
Dighton,2024,HOST_ONLY,dighton-ma.gov,https://www.dighton-ma.gov/385/Election-Information-Center-Results
Dighton,2025,HOST_ONLY,dighton-ma.gov,https://www.dighton-ma.gov/DocumentCenter/View/3611/Unofficial-Results-Annual-Town-Election-2025
Upton,2024,HOST_ONLY,uptonma.gov,https://uptonma.gov/DocumentCenter/View/4402/05-7--2024-Offical-Results-?bidId=
Upton,2025,HOST_ONLY,uptonma.gov,https://uptonma.gov/DocumentCenter/View/5793
Sterling,2021,HOST_ONLY,sterling-ma.gov,https://www.sterling-ma.gov/DocumentCenter/View/606/2021-06-21-Annual-Town-Election-Results-PDF
Sterling,2022,HOST_ONLY,sterling-ma.gov,https://www.sterling-ma.gov/DocumentCenter/View/611/2022-05-09-Annual-Town-Election-Results-PDF
Sterling,2023,HOST_ONLY,sterling-ma.gov,https://www.sterling-ma.gov/DocumentCenter/View/569/2023-05-08-Annual-Town-Election-Results-PDF
Sterling,2024,HOST_ONLY,sterling-ma.gov,https://www.sterling-ma.gov/DocumentCenter/View/572/2024-05-13-Annual-Town-Election-Results-PDF
West Boylston,2021,HOST_ONLY,westboylston-ma.gov,https://www.westboylston-ma.gov/town-clerk/files/june-1-2021
West Boylston,2022,HOST_ONLY,westboylston-ma.gov,https://www.westboylston-ma.gov/town-clerk/files/annual-town-election-official-results-june-7-2022
West Boylston,2024,HOST_ONLY,westboylston-ma.gov,https://www.westboylston-ma.gov/town-clerk/files/june-4-2024-local-election-results
West Boylston,2025,HOST_ONLY,westboylston-ma.gov,https://www.westboylston-ma.gov/sites/g/files/vyhlif1421/f/pages/official_results_june_3_2025.pdf
Halifax,2021,HOST_ONLY,halifax-ma.org,https://www.halifax-ma.org/DocumentCenter/View/277/Town-Election---May-15-2021---Write-Ins-XLS
Halifax,2023,HOST_ONLY,halifax-ma.org,https://www.halifax-ma.org/sites/g/files/vyhlif4496/f/uploads/official_local_election_results_5.13.2023_.pdf
Halifax,2025,HOST_ONLY,halifax-ma.org,https://www.halifax-ma.org/DocumentCenter/View/284/May-17th-2025---Annual--PDF
West Bridgewater,2021,HOST_ONLY,westbridgewaterma.org,"https://www.westbridgewaterma.org/April%202,%202025%20Packet.pdf"
West Bridgewater,2022,HOST_ONLY,westbridgewaterma.org,"https://www.westbridgewaterma.org/April%202,%202025%20Packet.pdf"
West Bridgewater,2023,HOST_ONLY,youtube.com,https://www.youtube.com/watch?v=3ou30f6kalw
Orange,2025,HOST_ONLY,townoforange.org,https://www.townoforange.org/DocumentCenter/View/939/2025-03-03-Town-Election-Results
Williamstown,2023,HOST_ONLY,williamstownma.gov,https://williamstownma.gov/2023-town-election-results/
Shirley,2025,HOST_ONLY,shirley-ma.gov,https://www.shirley-ma.gov/DocumentCenter/View/1322/2025-05-06-Annual-Town-Election
Stow,2021,HOST_ONLY,stow-ma.gov,https://www.stow-ma.gov/DocumentCenter/View/1712/2021-May-Annual-Town-Election-Results-PDF
Great Barrington,2021,HOST_MISSING,town.great-barrington.ma.us,https://www.town.great-barrington.ma.us/departments/town-clerk/elections
Great Barrington,2022,HOST_MISSING,town.great-barrington.ma.us,https://www.town.great-barrington.ma.us/departments/town-clerk/elections
Great Barrington,2025,HOST_MISSING,town.great-barrington.ma.us,https://www.town.great-barrington.ma.us/departments/town-clerk/elections
Lincoln,2021,HOST_ONLY,lincolntown.org,https://www.lincolntown.org/DocumentCenter/View/65260/Official-Annual-Town-Election-Results-2021
Lincoln,2022,HOST_ONLY,lincolntown.org,https://www.lincolntown.org/501/Election-Result-History
Lincoln,2023,HOST_ONLY,lincolntown.org,https://lincolntown.org/DocumentCenter/View/79025/2023-Annual-Town-Election-Official-Results?bidId=
Lincoln,2024,HOST_ONLY,lincolntown.org,https://www.lincolntown.org/DocumentCenter/View/85811/Annual-Town-Election-Official-Results-3252024-PDF
Lincoln,2025,HOST_ONLY,lincolntown.org,https://www.lincolntown.org/DocumentCenter/View/98361/Annual-Town-Election-3312025-Official-Results
Rockport,2023,HOST_ONLY,rockportma.gov,https://www.rockportma.gov/DocumentCenter/View/454/Local-Election-Results-May-9-2023-PDF
Rockport,2024,HOST_ONLY,rockportma.gov,https://www.rockportma.gov/DocumentCenter/View/2626
Rockport,2025,HOST_ONLY,rockportma.gov,https://www.rockportma.gov/DocumentCenter/View/4419
Berkley,2023,HOST_ONLY,townofberkleyma.com,https://www.townofberkleyma.com/sites/g/files/vyhlif2806/f/uploads/ate-_5-6-23_official_results_0.pdf
Merrimac,2025,HOST_ONLY,townofmerrimac.com,https://townofmerrimac.com/wp-content/uploads/2025/05/Unofficial-Results-Town-Election-5.5.2025.pdf
Newbury,2023,HOST_ONLY,townofnewbury.org,https://www.townofnewbury.org/home/news/official-election-results-may-9-2023
Chatham,2023,HOST_ONLY,chatham-ma.gov,https://www.chatham-ma.gov/DocumentCenter/View/5314/Our-Perspective-on-Electronic-Voting-at-Town-Meeting---January-2023-PDF
Topsfield,2021,HOST_ONLY,topsfield-ma.gov,https://www.topsfield-ma.gov/town-clerk/files/11052024-state-election-unofficial-results
Topsfield,2022,HOST_ONLY,topsfield-ma.gov,https://www.topsfield-ma.gov/town-clerk/pages/election-results-state
Topsfield,2024,HOST_ONLY,topsfield-ma.gov,https://www.topsfield-ma.gov/town-clerk/files/unofficial-results-2024-annual-town-election
Topsfield,2025,HOST_ONLY,topsfield-ma.gov,https://www.topsfield-ma.gov/town-clerk/files/officialannualtownelectionresults2025
Mattapoisett,2022,HOST_ONLY,mattapoisett.net,https://www.mattapoisett.net/DocumentCenter/View/386/Official-2023-Mattapoisett-Town-Election-Results-PDF
Ashburnham,2021,HOST_ONLY,ashburnham-ma.gov,https://www.ashburnham-ma.gov/DocumentCenter/View/499/Ballot-SAMPLE-for-Town-Election-April-27-2021-PDF
Ashburnham,2022,HOST_ONLY,ashburnham-ma.gov,https://www.ashburnham-ma.gov/DocumentCenter/View/498/Ballot-Sample-for-Town-Election-April-26-2022-PDF
Ashburnham,2023,HOST_ONLY,ashburnham-ma.gov,https://www.ashburnham-ma.gov/DocumentCenter/View/1442/2023-ATM-PROCEEDINGS----Copy
Ashburnham,2025,HOST_ONLY,ashburnham-ma.gov,https://www.ashburnham-ma.gov/DocumentCenter/View/2326/2025-Election-Results
Orleans,2022,HOST_ONLY,ma-orleans.civicplus.com,https://ma-orleans.civicplus.com/DocumentCenter/View/3142/May-2022-Final-Town-Election-Results
Orleans,2023,HOST_ONLY,town.orleans.ma.us,https://www.town.orleans.ma.us/DocumentCenter/View/5730/Final-Certified-May-16-2023-Annual-Town-Election-Results
Orleans,2024,HOST_ONLY,town.orleans.ma.us,https://www.town.orleans.ma.us/DocumentCenter/View/7386/May-21-2024-Final-Annual-Election-Results
Orleans,2025,HOST_ONLY,town.orleans.ma.us,https://www.town.orleans.ma.us/DocumentCenter/View/9116/Annual-Town-Election-Results---May-20-2025
Mendon,2022,HOST_ONLY,mendonma.gov,https://www.mendonma.gov/DocumentCenter/View/1061/02---2025-09-24---Annotation-and-Numbering---Redlined-FINAL
Mendon,2023,HOST_ONLY,mendonma.gov,https://www.mendonma.gov/DocumentCenter/View/1061/02---2025-09-24---Annotation-and-Numbering---Redlined-FINAL
Southampton,2021,HOST_ONLY,resources.finalsite.net,https://resources.finalsite.net/images/v1687279176/townofsouthamptonorg/cbntvlwbnwhtg9qi5l7w/TownofSouthampton2021AnnualTownReportFinal.pdf
Southampton,2022,HOST_MISSING,southampton-ma.gov,https://www.southampton-ma.gov/DocumentCenter/View/2245/2022-Annual-Town-Election-Results-PDF
Southampton,2023,HOST_MISSING,southampton-ma.gov,https://www.southampton-ma.gov/DocumentCenter/View/2700/2023-Annual-Town-Election-Results-PDF
Southampton,2024,HOST_MISSING,southampton-ma.gov,https://www.southampton-ma.gov/DocumentCenter/View/3192/2024-Annual-Town-Election-Results-PDF
Rowley,2021,HOST_ONLY,townofrowley.net,https://www.townofrowley.net/election/pages/election-results
Rowley,2022,HOST_ONLY,townofrowley.net,https://www.townofrowley.net/election/pages/election-results
Rowley,2023,HOST_ONLY,townofrowley.net,https://www.townofrowley.net/sites/g/files/vyhlif4956/f/uploads/20230509_certified_election_results.pdf
Rowley,2024,HOST_ONLY,townofrowley.net,https://www.townofrowley.net/election/pages/election-results
Rowley,2025,HOST_ONLY,townofrowley.net,https://www.townofrowley.net/election/pages/election-results
Granby,2021,HOST_ONLY,granby-ma.gov,https://granby-ma.gov/town-clerk/files/annual-town-election-results-2021
Granby,2022,HOST_ONLY,granby-ma.gov,https://granby-ma.gov/town-clerk/files/annual-town-election-results-2022
Granby,2023,HOST_ONLY,granby-ma.gov,https://www.granby-ma.gov/sites/g/files/vyhlif4466/f/minutes/townelection5.15.23.pdf
Granby,2024,HOST_ONLY,granby-ma.gov,https://granby-ma.gov/town-clerk/files/town-election-results-may-2024
Granby,2025,HOST_ONLY,granby-ma.gov,https://www.granby-ma.gov/sites/g/files/vyhlif4466/f/news/rec.townelection.5.19.25.pdf
Hopedale,2024,HOST_ONLY,hopedale-ma.gov,https://www.hopedale-ma.gov/sites/g/files/vyhlif711/f/news/unofficial_results_0.pdf
Hopedale,2025,HOST_ONLY,hopedale-ma.gov,https://www.hopedale-ma.gov/town-clerk/minutes/2025-may-annual-town-election
Dover,2021,HOST_ONLY,doverma.gov,https://www.doverma.gov/557/2021-Election-Results
Dover,2023,HOST_ONLY,doverma.gov,https://www.doverma.gov/DocumentCenter/View/2971/2023-Annual-Town-Election-Final-Results?bidId=
Dover,2024,HOST_ONLY,doverma.gov,https://www.doverma.gov/DocumentCenter/View/3613
Dover,2025,HOST_ONLY,doverma.gov,https://www.doverma.gov/DocumentCenter/View/4588
Lee,2025,HOST_ONLY,lee.ma.us,https://www.lee.ma.us/home/news/town-election-results-2025
Eastham,2021,HOST_ONLY,eastham-ma.gov,https://www.eastham-ma.gov/Archive.aspx?ADID=131
Eastham,2022,HOST_ONLY,eastham-ma.gov,https://www.eastham-ma.gov/Archive.aspx?ADID=170
Eastham,2024,HOST_ONLY,eastham-ma.gov,https://www.eastham-ma.gov/Archive.aspx?ADID=196
Eastham,2025,HOST_ONLY,eastham-ma.gov,https://www.eastham-ma.gov/DocumentCenter/View/4401/TOWN-ELECTION-FINAL-RESULT-5202025
Rochester,2022,HOST_ONLY,townofrochestermass.com,https://www.townofrochestermass.com/town-clerk/news/unofficial-results-annual-town-election-may-22-2024
Rochester,2024,HOST_ONLY,townofrochestermass.com,https://www.townofrochestermass.com/town-clerk/news/unofficial-results-annual-town-election-may-22-2024
Rochester,2025,HOST_ONLY,townofrochestermass.com,https://www.townofrochestermass.com/sites/g/files/vyhlif5446/f/news/copy_of_tally_sheet_-_18nov25_003.xlsx
Bolton,2023,HOST_ONLY,bolton-ma.gov,https://www.bolton-ma.gov/DocumentCenter/View/425/ate_5-8-23_official_results
Bolton,2024,HOST_ONLY,bolton-ma.gov,https://www.bolton-ma.gov/DocumentCenter/View/434/May-13-2024---Annual-Town-Election
Bolton,2025,HOST_ONLY,bolton-ma.gov,https://www.bolton-ma.gov/DocumentCenter/View/429/Tally-Sheet---Unofficial
Barre,2025,HOST_ONLY,townofbarre.com,https://www.townofbarre.com/index.asp?DE=0627AF68-4842-4C82-9206-FA4CDE73CFC5&SEC=98DE393D-B275-437E-A650-4DAA9F735869
Boxborough,2021,HOST_ONLY,boxborough-ma.gov,https://www.boxborough-ma.gov/DocumentCenter/View/1529/05-18-2021-Annual-Town-Election-PDF
Boxborough,2022,HOST_ONLY,boxborough-ma.gov,https://www.boxborough-ma.gov/DocumentCenter/View/2305/05-17-2022-Annual-Town-Election-PDF
Boxborough,2023,HOST_ONLY,boxborough-ma.gov,https://www.boxborough-ma.gov/DocumentCenter/View/3282/Election-results-May-16-2023
Boxborough,2024,HOST_ONLY,boxborough-ma.gov,https://www.boxborough-ma.gov/DocumentCenter/View/4806/05-21-2024-Town-Election-Results-PDF
Boxborough,2025,HOST_ONLY,boxborough-ma.gov,https://www.boxborough-ma.gov/DocumentCenter/View/6367/05-20-2025-Annual-Town-Election-PDF
Manchester,2021,HOST_ONLY,manchester.ma.us,https://www.manchester.ma.us/DocumentCenter/View/3907/2021-May-18-Annual-Town-Election-Results
Manchester,2022,HOST_ONLY,manchester.ma.us,https://manchester.ma.us/DocumentCenter/View/4884/2022-May-17-Annual-Town-Election-Results
Manchester,2024,HOST_ONLY,manchester.ma.us,https://manchester.ma.us/DocumentCenter/View/8043/2024-Official-Election-Results-11524
Manchester,2025,HOST_ONLY,manchester.ma.us,https://www.manchester.ma.us/DocumentCenter/View/9131/2025-May-20-Annual-Town-Election-Results
Marion,2023,HOST_ONLY,sippican.theweektoday.com,https://sippican.theweektoday.com/article/incumbents-mcsweeny-beauregard-mcgaffey-win-school-committee-seats-marion/63777
Marion,2024,HOST_ONLY,marionma.gov,https://www.marionma.gov/DocumentCenter/View/1225
Marion,2025,HOST_ONLY,marionma.gov,https://www.marionma.gov/DocumentCenter/View/2650
Oak Bluffs,2025,HOST_ONLY,oakbluffsma.gov,https://oakbluffsma.gov/DocumentCenter/View/12344
Hadley,2021,HOST_ONLY,hadleyma.org,https://www.hadleyma.org/town-clerk/files/doings-2021413-ate
Hadley,2022,HOST_ONLY,hadleyma.org,https://www.hadleyma.org/town-clerk/files/5172022-ate
Hadley,2023,HOST_ONLY,hadleyma.org,https://www.hadleyma.org/sites/g/files/vyhlif651/f/uploads/doings_at_the_2023_may_16_ate_0.pdf
Hadley,2024,HOST_ONLY,hadleyma.org,https://www.hadleyma.org/town-clerk/files/2024ate
Hadley,2025,HOST_ONLY,hadleyma.org,https://www.hadleyma.org/select-board/files/service-delivery-plan-2025
Carlisle,2021,HOST_ONLY,carlislema.gov,https://www.carlislema.gov/DocumentCenter/View/3313/2021-06-22-Annual-Town-Election-Results-PDF
Carlisle,2022,HOST_ONLY,carlislema.gov,https://carlislema.gov/DocumentCenter/View/3954/2022-05-10-Annual-Town-Election-Results-PDF
Carlisle,2023,HOST_ONLY,carlislema.gov,https://www.carlislema.gov/DocumentCenter/View/4904/2023-05-16-Annual-Town-Election-Results?bidId=
Carlisle,2024,HOST_ONLY,carlislema.gov,https://www.carlislema.gov/DocumentCenter/View/5664/03-05-2024-Presidential-Primary-Preliminary-Results
Carlisle,2025,HOST_ONLY,carlislema.gov,https://carlislema.gov/DocumentCenter/View/7369/Final-Results-20250603-Town-Election
Edgartown,2021,HOST_ONLY,edgartown-ma.us,https://www.edgartown-ma.us/home/showpublisheddocument/14598/637856245439400000
Edgartown,2023,HOST_ONLY,edgartown-ma.us,https://www.edgartown-ma.us/home/showpublisheddocument/20230/638170630272000000
Edgartown,2024,HOST_ONLY,edgartown-ma.us,https://www.edgartown-ma.us/home/showpublisheddocument/23759/638485248313700000
Edgartown,2025,HOST_ONLY,edgartown-ma.us,https://www.edgartown-ma.us/home/showpublisheddocument/26482/638799144056070000
Deerfield,2021,HOST_ONLY,deerfieldma.us,https://www.deerfieldma.us/DocumentCenter/View/268
Deerfield,2022,HOST_ONLY,deerfieldma.us,https://www.deerfieldma.us/DocumentCenter/View/678/Local-Election-Results-5-2-22-OFFICIAL
Deerfield,2024,HOST_ONLY,deerfieldma.us,https://www.deerfieldma.us/DocumentCenter/View/2132
Deerfield,2025,HOST_ONLY,deerfieldma.us,https://www.deerfieldma.us/DocumentCenter/View/2758
Paxton,2021,HOST_ONLY,townofpaxton.net,https://www.townofpaxton.net/sites/g/files/vyhlif4846/f/events/atm_warrant_8.29.2020_fy21.pdf
Paxton,2023,HOST_ONLY,townofpaxton.net,https://www.townofpaxton.net/sites/g/files/vyhlif4846/f/uploads/official_results_annual_town_election_05.08.2023.pdf
Paxton,2024,HOST_ONLY,townofpaxton.net,https://www.townofpaxton.net/scenic-byway-committee?month=2024-11
Paxton,2025,HOST_ONLY,townofpaxton.net,https://www.townofpaxton.net/capital-improvements-planning-committee?month=2025-07
Wenham,2021,HOST_ONLY,wenhamma.gov,https://www.wenhamma.gov/Archive.aspx?ADID=1268
Wenham,2022,HOST_ONLY,wenhamma.gov,https://www.wenhamma.gov/Archive.aspx?ADID=1272
Wenham,2023,HOST_ONLY,cms4files1.revize.com,https://cms4files1.revize.com/wenhamma/4-6-23%20ATE%20Results%20FINAL.pdf
Wenham,2024,HOST_ONLY,wenhamma.gov,https://www.wenhamma.gov/Archive.aspx?ADID=1278
Wenham,2025,HOST_ONLY,wenhamma.gov,https://www.wenhamma.gov/Archive.aspx?ADID=1281
Warren,2021,HOST_ONLY,warren-ma.gov,https://www.warren-ma.gov/home/news/election-results-may-6-2025
Warren,2022,HOST_ONLY,warren-ma.gov,https://www.warren-ma.gov/sites/g/files/vyhlif3996/f/news/revised_final_plan_-_warren_2024.pdf
Warren,2023,HOST_ONLY,monson-ma.gov,https://www.monson-ma.gov/DocumentCenter/View/182/Annual-Town-Election-Results-June-16-2023-PDF
Warren,2025,HOST_ONLY,warrenct.gov,https://warrenct.gov/voter-registration/links/2025-municipal-election-results
Hampden,2023,HOST_ONLY,hampdenma.gov,https://www.hampdenma.gov/sites/g/files/vyhlif656/f/uploads/5-15-23_results.pdf
Boylston,2022,HOST_ONLY,boylston-ma.gov,https://www.boylston-ma.gov/Documents/Government/Board%20of%20Selectman/Town%20Meeting/STM%202022%20Results.pdf
Boylston,2023,HOST_ONLY,boylston-ma.gov,https://www.boylston-ma.gov/Documents/Government/Board%20of%20Selectman/Annual%20Town%20Reports/2023%20Annual%20Town%20Report.pdf
Tisbury,2024,HOST_ONLY,tisburyma.gov,https://www.tisburyma.gov/home/files/official-election-results
Tisbury,2025,HOST_ONLY,tisburyma.gov,https://www.tisburyma.gov/news
Avon,2021,HOST_ONLY,avon-ma.gov,https://www.avon-ma.gov/DocumentCenter/View/3028/April-13-2021-Local-Election
Avon,2022,HOST_ONLY,avon-ma.gov,https://www.avon-ma.gov/DocumentCenter/View/3022/April-12-2022-Local-Election
Avon,2024,HOST_ONLY,avon-ma.gov,https://www.avon-ma.gov/DocumentCenter/View/3016/April-9-2024-Local-Election
Avon,2025,HOST_ONLY,avon-ma.gov,https://www.avon-ma.gov/DocumentCenter/View/3014/April-8-2025-Local-Election
West Newbury,2022,HOST_ONLY,wnewbury.org,https://www.wnewbury.org/DocumentCenter/View/6479/May-2-2022---Local-Election-Resultspdf
West Newbury,2024,HOST_ONLY,wnewbury.org,https://www.wnewbury.org/sites/g/files/vyhlif1436/f/uploads/election_results_-_all_2024.pdf
West Newbury,2025,HOST_ONLY,wnewbury.org,https://www.wnewbury.org/sites/g/files/vyhlif1436/f/uploads/-cc_2025_official_local_election_results.pdf
Sherborn,2023,HOST_ONLY,sherbornma.org,https://www.sherbornma.org/DocumentCenter/View/341/2023-Annual-Town-Election-Results-PDF
Sherborn,2024,HOST_ONLY,sherbornma.org,https://www.sherbornma.org/DocumentCenter/View/2205/Official-Results-March-7-2024
Sherborn,2025,HOST_ONLY,sherbornma.org,https://www.sherbornma.org/DocumentCenter/View/3379/OFFICIAL-RESULTS--May-13-2025-Annual-Town-Election
West Brookfield,2023,HOST_ONLY,storage.googleapis.com,"https://storage.googleapis.com/juniper-media-library/43/2023/11/Local%20Election%20Results%20-%20May%202,%202023.pdf"
West Brookfield,2024,HOST_ONLY,storage.googleapis.com,https://storage.googleapis.com/juniper-media-library/43/2024/05/2024%20-%20WB%20LOCAL_RESULTS_5-7-24%20-%20Letter%20size.pdf
West Brookfield,2025,HOST_ONLY,storage.googleapis.com,https://storage.googleapis.com/juniper-media-library/43/2025/05/Official%20local%20election%20results%202025.pdf
Brimfield,2022,HOST_ONLY,brimfieldma.org,https://www.brimfieldma.org/sites/g/files/vyhlif4181/f/pages/annual_town_report_2023.pdf
Brimfield,2023,HOST_ONLY,brimfieldma.org,https://www.brimfieldma.org/sites/g/files/vyhlif4181/f/news/brimfield_ate_june_20_2023_counter_tally_sheets.pdf
Brimfield,2025,HOST_ONLY,brimfieldma.org,https://www.brimfieldma.org/sites/g/files/vyhlif4181/f/pages/results_by_question_9.23.25.xlsx
Essex,2023,HOST_ONLY,essexma.org,https://www.essexma.org/sites/g/files/vyhlif4406/f/uploads/may_8_2023_election_official_results.pdf
Essex,2025,HOST_ONLY,essexma.org,https://www.essexma.org/DocumentCenter/View/2061/May-12-2025-Local-Election-Final-Results
Provincetown,2021,HOST_ONLY,provincetown-ma.gov,https://www.provincetown-ma.gov/DocumentCenter/View/13970/Official-Election-Results-for-Website-5-11-2021
Provincetown,2022,HOST_ONLY,provincetown-ma.gov,https://www.provincetown-ma.gov/DocumentCenter/View/15162/Official-Election-Results-ATE-5-10-2022
Provincetown,2023,HOST_ONLY,provincetown-ma.gov,https://www.provincetown-ma.gov/DocumentCenter/View/16380/Unoffical-Election-Results-for-Website-5-09-2023
Provincetown,2024,HOST_ONLY,provincetown-ma.gov,https://www.provincetown-ma.gov/DocumentCenter/View/18395/OfficialResults_AnnualTownElection_051524
Sunderland,2021,HOST_ONLY,townofsunderland.us,https://www.townofsunderland.us/370/ANNUAL-TOWN-ELECTION-MAY-1-2021-RESULTS
Sunderland,2022,HOST_ONLY,townofsunderland.us,https://www.townofsunderland.us/town-clerk/pages/voting-information
Sunderland,2023,HOST_ONLY,townofsunderland.us,https://www.townofsunderland.us/DocumentCenter/View/372
Sunderland,2024,HOST_ONLY,townofsunderland.us,https://www.townofsunderland.us/town-clerk/files/2024-offical-election-results
Sunderland,2025,HOST_ONLY,townofsunderland.us,https://www.townofsunderland.us/DocumentCenter/View/365
Wellfleet,2022,HOST_ONLY,wellfleet-ma.gov,https://www.wellfleet-ma.gov/town-clerk/news/may-5th-2025-annual-town-election-official-results
Wellfleet,2024,HOST_ONLY,wellfleet-ma.gov,https://www.wellfleet-ma.gov/town-clerk/news/may-5th-2025-annual-town-election-official-results
Wellfleet,2025,HOST_ONLY,wellfleet-ma.gov,https://www.wellfleet-ma.gov/sites/g/files/vyhlif16026/f/news/may_5_2025_ate_official_results.pdf
Princeton,2022,HOST_ONLY,town.princeton.ma.us,https://www.town.princeton.ma.us/town-clerk/webforms/election-information
Princeton,2023,HOST_ONLY,town.princeton.ma.us,https://www.town.princeton.ma.us/sites/g/files/vyhlif4891/f/uploads/election_2023_official_results_.pdf
Princeton,2024,HOST_ONLY,town.princeton.ma.us,https://www.town.princeton.ma.us/town-clerk/news/town-election-results
Princeton,2025,HOST_ONLY,town.princeton.ma.us,https://www.town.princeton.ma.us/town-clerk/news/town-election-results
Brookfield,2021,HOST_ONLY,brookfieldma.us,https://www.brookfieldma.us/home/news/annual-town-election-results-report%C2%A0
Brookfield,2022,HOST_ONLY,brookfieldma.us,https://www.brookfieldma.us/water-department/pages/annual-drinking-water-quality-reports
Brookfield,2025,HOST_ONLY,brookfieldma.us,https://www.brookfieldma.us/home/news/annual-town-election-results-report%C2%A0
Dunstable,2021,HOST_ONLY,dunstable-ma.gov,https://www.dunstable-ma.gov/town-clerk/files/annual-town-election-results-may-18-2021
Dunstable,2022,HOST_ONLY,dunstable-ma.gov,https://www.dunstable-ma.gov/town-clerk/files/2022-unofficial-state-election-results
Dunstable,2023,HOST_ONLY,dunstable-ma.gov,https://www.dunstable-ma.gov/home/news/official-election-results-tuesday-may-16-2023
Dunstable,2024,HOST_ONLY,dunstable-ma.gov,https://www.dunstable-ma.gov/town-clerk/files/annual-town-election-official-results-may-21-2024
Dunstable,2025,HOST_ONLY,dunstable-ma.gov,https://www.dunstable-ma.gov/town-clerk/files/official-annual-town-election-results-may-20-2025
Hatfield,2021,HOST_ONLY,townofhatfield.org,https://www.townofhatfield.org/node/1/news
Hatfield,2023,HOST_ONLY,townofhatfield.org,https://www.townofhatfield.org/sites/g/files/vyhlif3246/f/news/unofficial_results_ate_5_16_23.pdf
Hatfield,2025,HOST_ONLY,townofhatfield.org,https://www.townofhatfield.org/home/news/final-results-annual-town-election-5202025
Sheffield,2024,HOST_ONLY,sheffieldma.gov,https://www.sheffieldma.gov/home/files/unofficial-results-state-election-nov-5-2024
Sheffield,2025,HOST_ONLY,sheffieldma.gov,https://www.sheffieldma.gov/sites/g/files/vyhlif3806/f/uploads/ate_2025_official_results.pdf
Ashby,2023,HOST_ONLY,drive.google.com,https://drive.google.com/file/d/1RWt37gEVKTUilnbdTwrPmC8XUiadro4P/view
Millville,2021,HOST_ONLY,millvillema.org,https://www.millvillema.org/town-clerk/files/official-results-ate-april-5-2021#main
Millville,2022,HOST_ONLY,millvillema.org,https://www.millvillema.org/home/files/2019-annual-town-report
Millville,2023,HOST_ONLY,millvillema.org,https://www.millvillema.org/sites/g/files/vyhlif906/f/minutes/results_annual_town_election_april_3_2023.pdf
Millville,2024,HOST_ONLY,millvillema.org,https://www.millvillema.org/town-clerk/minutes/results-annual-town-meeting-may-13-2024
Berlin,2024,HOST_ONLY,townofberlin.com,https://www.townofberlin.com/town-clerk/files/berlin-ma-nov-5-2024-unofficial-results-final
Berlin,2025,HOST_ONLY,townofberlin.com,https://www.townofberlin.com/DocumentCenter/View/308/2025-Local-Town-Election
Lanesborough,2021,HOST_ONLY,cms5.revize.com,https://cms5.revize.com/revize/lanesboroughma/Document%20Center/Government/Town%20Meeting/2021/2020_lanesboro_town_report_for_website.pdf
Lanesborough,2022,HOST_ONLY,lanesborough-ma.gov,https://www.lanesborough-ma.gov/Document%20Center/2023%20Lanesborough%20Town%20Report.pdf
Lanesborough,2023,HOST_ONLY,lanesborough-ma.gov,https://www.lanesborough-ma.gov/ATE%206-20-23.docx?t=202307121128310
Lanesborough,2024,HOST_ONLY,lanesborough-ma.gov,https://www.lanesborough-ma.gov/departments/clerk/elections/town_election_results.php
Lanesborough,2025,HOST_ONLY,lanesborough-ma.gov,https://www.lanesborough-ma.gov/departments/clerk/elections/town_election_results.php
Plympton,2022,HOST_ONLY,town.plympton.ma.us,https://www.town.plympton.ma.us/sites/g/files/vyhlif1091/f/uploads/plympton_tr_23_web_cc.pdf
Plympton,2023,HOST_ONLY,town.plympton.ma.us,https://www.town.plympton.ma.us/sites/g/files/vyhlif1091/f/uploads/unofficial_results_1.pdf
Plympton,2024,HOST_ONLY,town.plympton.ma.us,https://www.town.plympton.ma.us/home/news/town-of-plympton-unofficial-election-results-11524
Plympton,2025,HOST_ONLY,town.plympton.ma.us,https://www.town.plympton.ma.us/home/news/official-election-results-presidential-primary
Northfield,2021,HOST_ONLY,northfieldma.gov,https://www.northfieldma.gov/DocumentCenter/View/326
Northfield,2024,HOST_ONLY,northfieldma.gov,https://www.northfieldma.gov/select-board/files/may-7-annual-election-warrant-results
Northfield,2025,HOST_ONLY,northfieldma.gov,https://www.northfieldma.gov/sites/g/files/vyhlif991/f/uploads/results_2025annual_town_election_northfield.pdf
Hardwick,2023,HOST_ONLY,hardwick-ma.gov,https://www.hardwick-ma.gov/media/3596
Hardwick,2024,HOST_ONLY,hardwick-ma.gov,https://www.hardwick-ma.gov/media/5951
Hardwick,2025,HOST_ONLY,hardwick-ma.gov,https://www.hardwick-ma.gov/media/7296
Holland,2025,HOST_ONLY,town.holland.ma.us,https://www.town.holland.ma.us/sites/g/files/vyhlif3266/f/news/election_results_june_10_2025_0.pdf
Williamsburg,2023,HOST_ONLY,burgy.org,https://www.burgy.org/sites/g/files/vyhlif1451/f/uploads/election_minutes_may_1_2023.pdf
Williamsburg,2024,HOST_ONLY,burgy.org,https://www.burgy.org/sites/g/files/vyhlif1451/f/minutes/town_election_5-6-2024.pdf
Williamsburg,2025,HOST_ONLY,burgy.org,https://www.burgy.org/sites/g/files/vyhlif1451/f/minutes/ate_min.pdf
Truro,2024,HOST_ONLY,truro-ma.gov,https://www.truro-ma.gov/DocumentCenter/View/874/2024-Official-Annual-Town-Election-Results-PDF
Truro,2025,HOST_ONLY,truro-ma.gov,https://www.truro-ma.gov/DocumentCenter/View/2065/2025-Annual-Town-Election-Results
East Brookfield,2022,HOST_ONLY,eastbrookfieldma.us,https://www.eastbrookfieldma.us/node/2027/news
East Brookfield,2023,HOST_ONLY,eastbrookfieldma.us,https://www.eastbrookfieldma.us/town-clerk/news/annual-election-results
East Brookfield,2024,HOST_ONLY,eastbrookfieldma.us,https://www.eastbrookfieldma.us/town-clerk/news/official-results-annual-town-election-2024
East Brookfield,2025,HOST_ONLY,eastbrookfieldma.us,https://www.eastbrookfieldma.us/sites/g/files/vyhlif541/f/news/2025_ate_official_results.pdf
Bernardston,2024,HOST_ONLY,townofbernardston.org,https://www.townofbernardston.org/town-clerk/page/2024-election-information
Bernardston,2025,HOST_ONLY,townofbernardston.org,https://www.townofbernardston.org/media/5021
Huntington,2024,HOST_ONLY,huntingtonma.us,https://www.huntingtonma.us/media/4136
Huntington,2025,HOST_ONLY,huntingtonma.us,https://www.huntingtonma.us/town-clerk/page/elections
Stockbridge,2024,HOST_ONLY,stockbridge-ma.gov,https://www.stockbridge-ma.gov/home/news/town-election-results
Stockbridge,2025,HOST_ONLY,stockbridge-ma.gov,https://www.stockbridge-ma.gov/town-clerk/pages/election-results
Becket,2022,HOST_ONLY,townofbecket.org,https://www.townofbecket.org/town-clerk/files/annual-town-election-results-may-21-2022
Becket,2023,HOST_ONLY,townofbecket.org,https://www.townofbecket.org/sites/g/files/vyhlif4146/f/uploads/2023_atm_election_minutes.pdf
Becket,2024,HOST_ONLY,townofbecket.org,https://www.townofbecket.org/town-clerk/files/2024-annual-town-election-official-ballot
Becket,2025,HOST_ONLY,townofbecket.org,https://www.townofbecket.org/board-health
Hinsdale,2021,HOST_ONLY,hinsdalemass.com,https://www.hinsdalemass.com/where
Hinsdale,2022,HOST_ONLY,hinsdalemass.com,https://www.hinsdalemass.com/home/files/2022-annual-election-results
Hinsdale,2023,HOST_ONLY,hinsdalemass.com,https://www.hinsdalemass.com/sites/g/files/vyhlif7501/f/news/2023_05_15_13_16_20_0.pdf
Hinsdale,2024,HOST_ONLY,hinsdalemass.com,https://www.hinsdalemass.com/sites/g/files/vyhlif7501/f/news/2024preselect.results.pdf
Hinsdale,2025,HOST_ONLY,hinsdalemass.com,https://www.hinsdalemass.com/sites/g/files/vyhlif7501/f/news/annual_town_election_official2025_0.pdf
Shelburne,2021,HOST_MISSING,shelburne-ma.gov,https://www.shelburne-ma.gov/town-clerk/files/2021-annual-town-election-official-results
Shelburne,2024,HOST_MISSING,shelburne-ma.gov,https://www.shelburne-ma.gov/town-clerk/files/2024-annual-town-election-official-results
Shelburne,2025,HOST_MISSING,shelburne-ma.gov,https://www.shelburne-ma.gov/sites/g/files/vyhlif5626/f/uploads/2025_election_results.pdf
Leverett,2024,HOST_ONLY,leverett.ma.us,https://leverett.ma.us/n/12187/Leverett-Election-Results
Leverett,2025,HOST_ONLY,leverett.ma.us,https://leverett.ma.us/n/12187/Leverett-Election-Results
Buckland,2021,HOST_ONLY,town.buckland.ma.us,https://www.town.buckland.ma.us/town-clerk/files/annual-town-election-results-2021
Buckland,2024,HOST_ONLY,town.buckland.ma.us,https://www.town.buckland.ma.us/town-clerk/files/ate-results-642024
Buckland,2025,HOST_ONLY,town.buckland.ma.us,https://www.town.buckland.ma.us/home/files/annual-town-election-results-632025
Conway,2022,HOST_ONLY,conwayma.gov,https://www.conwayma.gov/d/4774/Post-Election-Tally-Session
Conway,2025,HOST_ONLY,conwayma.gov,https://conwayma.gov/n/2182/2025-Local-Election-Results
Phillipston,2021,HOST_ONLY,phillipston-ma.gov,https://www.phillipston-ma.gov/town-clerk/news/2021-general-election-results
Phillipston,2022,HOST_ONLY,phillipston-ma.gov,https://www.phillipston-ma.gov/sites/g/files/vyhlif3676/f/news/phillipston_-final_atr_fy2025_budget_document_04-22-2024_1.pdf
Phillipston,2023,HOST_ONLY,phillipston-ma.gov,https://www.phillipston-ma.gov/sites/g/files/vyhlif3676/f/news/phillipston_-final_atr_fy2025_budget_document_04-22-2024_1.pdf
Phillipston,2025,HOST_ONLY,phillipston-ma.gov,https://www.phillipston-ma.gov/home/news/annual-town-election-reminder
Shutesbury,2022,HOST_ONLY,shutesbury.org,https://shutesbury.org/sites/default/files/FY25%20Annual%20Town%20Report_post.pdf
Ashfield,2022,HOST_ONLY,ashfield.org,https://ashfield.org/DocumentCenter/View/3860/Annual-Town-Report---2017-PDF
Ashfield,2023,HOST_ONLY,ashfield.org,https://www.ashfield.org/DocumentCenter/View/9161/Local-election-results-20230506
Ashfield,2024,HOST_ONLY,ashfield.org,https://ashfield.org/DocumentCenter/View/10043/Ashfield-Town-Election-Results---May-4-2024
Ashfield,2025,HOST_ONLY,ashfield.org,https://ashfield.org/DocumentCenter/View/11014/Ashfield-May-3-2025-Election-results
Erving,2024,HOST_ONLY,erving-ma.gov,https://www.erving-ma.gov/home/news/2024-annual-town-election-results
Erving,2025,HOST_ONLY,erving-ma.gov,https://www.erving-ma.gov/home/news/2024-annual-town-election-results
Russell,2023,HOST_ONLY,oxfordma.us,https://oxfordma.us/DocumentCenter/View/1752/May-16-2023---Official-Annual-Town-Election-Results
Russell,2024,HOST_MISSING,russell-ma.gov,https://www.russell-ma.gov/home/news/unofficial-results-annual-town-election
Russell,2025,HOST_MISSING,russell-ma.gov,https://www.russell-ma.gov/sites/g/files/vyhlif5871/f/uploads/2025_ate_official_results_final.pdf
Westhampton,2021,HOST_MISSING,westhampton-ma.gov,https://www.westhampton-ma.gov/town-clerk/pages/election-results
Westhampton,2022,HOST_MISSING,westhampton-ma.gov,https://westhampton-ma.gov/news
Westhampton,2023,HOST_ONLY,westhampton-ma.com,https://www.westhampton-ma.com/sites/g/files/vyhlif5191/f/minutes/election_results_june_2023.pdf
Whately,2021,HOST_ONLY,whately.org,https://www.whately.org/town-clerkboard-registrars
Whately,2022,HOST_ONLY,whately.org,https://www.whately.org/home/files/official-election-results-06142022
Whately,2024,HOST_ONLY,whately.org,https://www.whately.org/home/files/local-election-official-results-6112024
Whately,2025,HOST_ONLY,whately.org,https://www.whately.org/home/files/06102025-official-results-local-election
Colrain,2021,HOST_ONLY,colrain-ma.gov,https://colrain-ma.gov/n/21501/Special-Town-Election-Results-09072021
Colrain,2022,HOST_ONLY,colrain-ma.gov,https://colrain-ma.gov/news/7/Election-News
Granville,2021,HOST_MISSING,granvillema.gov,https://granvillema.gov/town-clerk/files/2021-election-results
Granville,2022,HOST_MISSING,granvillema.gov,https://granvillema.gov/town-clerk/files/2022-election-results
Granville,2023,HOST_ONLY,townofgranville.net,https://www.townofgranville.net/sites/g/files/vyhlif4471/f/news/townelectionsresults041023.pdf
Granville,2024,HOST_MISSING,granvillema.gov,https://granvillema.gov/town-clerk/files/2024-election-results
New Marlborough,2021,HOST_ONLY,newmarlboroughma.gov,https://www.newmarlboroughma.gov/sites/g/files/vyhlif4771/f/pages/results_of_ate_5.10.21.pdf
New Marlborough,2022,HOST_ONLY,newmarlboroughma.gov,https://www.newmarlboroughma.gov/sites/g/files/vyhlif4771/f/pages/results_of_annual_town_election_5.9.22.pdf
New Marlborough,2025,HOST_ONLY,newmarlboroughma.gov,https://www.newmarlboroughma.gov/sites/g/files/vyhlif4771/f/pages/official_results_of_annual_town_election_5.12.25.pdf
Richmond,2022,HOST_ONLY,richmondma.org,https://www.richmondma.org/RICHMOND%202024%20TOWN%20REPORT%20FOR%20WEB_.pdf
Richmond,2023,HOST_ONLY,richmondma.org,https://www.richmondma.org/2023%20report.pdf
Richmond,2024,HOST_MISSING,townofrichmond-ma.gov,https://www.townofrichmond-ma.gov/board-selectmen/files/richmond-election-results-may-20-2024
Richmond,2025,HOST_MISSING,townofrichmond-ma.gov,https://townofrichmond-ma.gov/town-clerk/files/richmond-annual-town-election-results-may-19-2025
Egremont,2021,HOST_ONLY,egremont-ma.gov,https://www.egremont-ma.gov/DocumentCenter/View/1961
Egremont,2022,HOST_ONLY,egremont-ma.gov,https://www.egremont-ma.gov/Archive.aspx?ADID=140
Egremont,2023,HOST_ONLY,egremont-ma.gov,https://www.egremont-ma.gov/DocumentCenter/View/1138/Annual-Town-Election-2023-Certified-Results-PDF?bidId=
Egremont,2024,HOST_ONLY,egremont-ma.gov,https://www.egremont-ma.gov/Archive.aspx?ADID=181
Royalston,2021,HOST_ONLY,royalston-ma.gov,https://www.royalston-ma.gov/broadband-committee
Royalston,2024,HOST_ONLY,royalston-ma.gov,https://www.royalston-ma.gov/sites/g/files/vyhlif5901/f/uploads/2024_town_election_results-official.pdf
Royalston,2025,HOST_ONLY,royalston-ma.gov,https://www.royalston-ma.gov/sites/g/files/vyhlif5901/f/uploads/2025_official_results.pdf
Chester,2022,HOST_ONLY,auburnma.gov,https://www.auburnma.gov/Archive.aspx?ADID=1528
Blandford,2023,HOST_ONLY,townofblandford.com,https://townofblandford.com/2023-annual-town-election-results/
Chilmark,2021,HOST_ONLY,chilmarkma.gov,https://www.chilmarkma.gov/town-clerk/town-meeting/pages/annual-town-meeting-warrants
Chilmark,2023,HOST_ONLY,chilmarkma.gov,https://www.chilmarkma.gov/sites/g/files/vyhlif8411/f/uploads/chilmark_04262023_annual_town_election_results_for_vault_book.pdf
Chilmark,2025,HOST_ONLY,chilmarkma.gov,https://www.chilmarkma.gov/town-clerk/pages/2025-town-elections
Worthington,2022,HOST_ONLY,worthington-ma.us,https://worthington-ma.us/2023/04/2023-selectboard-campaign-statements/
Worthington,2023,HOST_ONLY,worthington-ma.us,https://worthington-ma.us/2023/04/2023-selectboard-campaign-statements/
Worthington,2024,HOST_ONLY,worthington-ma.us,https://worthington-ma.us/2021/04/school-commitee-statement-of-appreciation/
Worthington,2025,HOST_ONLY,worthington-ma.us,https://worthington-ma.us/2025/05/2025-election-results/
Chesterfield,2025,HOST_ONLY,townofchesterfieldma.com,https://www.townofchesterfieldma.com/town-clerk/files/open-meeting-law-updated-june-2025
Charlemont,2025,HOST_ONLY,charlemont-ma.us,https://charlemont-ma.us/n/20209/June-3-Election-Results
Monterey,2022,HOST_ONLY,montereyma.gov,https://www.montereyma.gov/town-clerk/files/may-9-2022-sample-town-election-ballot
Monterey,2023,HOST_ONLY,montereyma.gov,https://www.montereyma.gov/sites/g/files/vyhlif3496/f/uploads/5.9.23electionresults.pdf
Monterey,2024,HOST_ONLY,montereyma.gov,https://www.montereyma.gov/town-clerk/files/november-5-2024-election-results
Monterey,2025,HOST_ONLY,montereyma.gov,https://www.montereyma.gov/town-clerk/files/may-6-2025-town-election-results
New Braintree,2021,HOST_ONLY,newbraintreema.us,https://www.newbraintreema.us/index.asp?SEC=076A927A-DF4C-4C12-8761-576214AB65FB
New Braintree,2022,HOST_ONLY,newbraintreema.us,https://www.newbraintreema.us/?SEC=6C821174-D33C-4D39-AB77-DE267F98096F
New Braintree,2023,HOST_ONLY,newbraintreema.us,https://www.newbraintreema.us/elections
New Braintree,2024,HOST_ONLY,newbraintreema.us,https://www.newbraintreema.us/?SEC=6C821174-D33C-4D39-AB77-DE267F98096F
New Braintree,2025,HOST_ONLY,newbraintreema.us,https://www.newbraintreema.us/
Sandisfield,2022,HOST_ONLY,sandisfieldma.gov,https://www.sandisfieldma.gov/sites/g/files/vyhlif1171/f/pages/dpw_union_contract_sandisfield_fy23-24-25_with_addendum_0.pdf
New Salem,2022,HOST_ONLY,newsalemma.org,https://www.newsalemma.org/town-clerk/pages/election-results
New Salem,2024,HOST_ONLY,newsalemma.org,https://www.newsalemma.org/node/626/events/upcoming
New Salem,2025,HOST_ONLY,newsalemma.org,https://www.newsalemma.org/town-clerk/pages/election-results
Goshen,2021,HOST_ONLY,storage.googleapis.com,https://storage.googleapis.com/proudcity/goshenma/uploads/2021/05/ATE-5.1.2021-Results.pdf
Goshen,2022,HOST_ONLY,storage.googleapis.com,https://storage.googleapis.com/proudcity/goshenma/uploads/2022/06/Annual-Town-Election-Results-6.4.2022.pdf
Goshen,2023,HOST_ONLY,storage.googleapis.com,https://storage.googleapis.com/proudcity/goshenma/uploads/2023/06/ATE-6.3.23-Results.pdf
Goshen,2024,HOST_ONLY,storage.googleapis.com,https://storage.googleapis.com/proudcity/goshenma/2024/06/Annual-Town-Election-Results-6.1.2024.pdf
Goshen,2025,HOST_ONLY,storage.googleapis.com,https://storage.googleapis.com/proudcity/goshenma/2025/06/Annual-Town-Elect-Results-6.7.2025.pdf
Wendell,2021,HOST_MISSING,wendell-ma.gov,https://www.wendell-ma.gov/town-clerk/pages/election-results
Wendell,2022,HOST_ONLY,wendellmass.us,https://www.wendellmass.us/documents/2025-wendell-election-results/
Wendell,2025,HOST_ONLY,storage.googleapis.com,https://storage.googleapis.com/proudcity/wendellma/2025/05/Official-Wendell-Annual-Election-Results.pdf
Windsor,2021,HOST_ONLY,windsormass.com,https://www.windsormass.com/requests-1/master-plan-for-windsor
Windsor,2022,HOST_ONLY,windsormass.com,https://www.windsormass.com/requests-1/master-plan-for-windsor
Windsor,2023,HOST_ONLY,drive.google.com,https://drive.google.com/drive/u/0/folders/0B4aGK7gHXcefaEhvLUt6UDJ6V1E?resourcekey=0-TS7F37hq2FPg6dD8Y5WoaQ
Windsor,2024,HOST_ONLY,windsormass.com,https://www.windsormass.com/mvp-2-0
Windsor,2025,HOST_ONLY,windsormass.com,https://www.windsormass.com/mvp-2-0
Cummington,2023,HOST_ONLY,cummington-ma.gov,https://cummington-ma.gov/TownMeet.php?ATM
Peru,2021,HOST_ONLY,townofperuma.com,https://www.townofperuma.com/sites/g/files/vyhlif3671/f/uploads/june_12_2021_annual_town_election.pdf
Peru,2022,HOST_ONLY,townofperuma.com,https://www.townofperuma.com/town-clerk/elections/files/annual-town-election-june-11-2022-results
Peru,2023,HOST_ONLY,townofperuma.com,https://www.townofperuma.com/sites/g/files/vyhlif3671/f/news/20230610175522.pdf
Peru,2024,HOST_ONLY,townofperuma.com,https://www.townofperuma.com/town-clerk/election/files/annual-town-election-june-8-2024-results
Peru,2025,HOST_ONLY,townofperuma.com,https://www.townofperuma.com/town-clerk/annual-town-meeting-election-2025
Hancock,2021,HOST_ONLY,quincyma.gov,https://www.quincyma.gov/departments/city_clerk/election/election_results_2005_present.php
Hancock,2023,HOST_ONLY,town.hancock.ma.us,https://town.hancock.ma.us/2019/07/31/town-clerk-2/
Hancock,2024,HOST_MISSING,apps.npr.org,https://apps.npr.org/2024-election-results/massachusetts.html
Hancock,2025,HOST_ONLY,town.hancock.ma.us,https://town.hancock.ma.us/files/2019/07/2025-Annual-Election-Results1.xlsx
Leyden,2022,HOST_ONLY,townofleyden.com,https://www.townofleyden.com/f/0/1053/Town-Meetings-and-Elections
Leyden,2025,HOST_ONLY,townofleyden.com,https://townofleyden.com/n/11249/2025-Local-Election-Results-Unofficial
Heath,2023,HOST_ONLY,townofheath.org,https://townofheath.org/n/9192/ANNUAL-TOWN-ELECTIONS-MAY-5
Heath,2024,HOST_ONLY,townofheath.org,https://townofheath.org/k/5/Town-Elections-Information
Heath,2025,HOST_ONLY,townofheath.org,https://townofheath.org/d/18632/Annual-Town-Election
Savoy,2023,HOST_MISSING,savoy-ma.gov,https://www.savoy-ma.gov/sites/g/files/vyhlif6856/f/uploads/2023_official_election_results.pdf
Plainfield,2023,HOST_ONLY,plainfield-ma.us,https://plainfield-ma.us/n/11140/Results-of-May-6-2023-Election
Plainfield,2024,HOST_ONLY,plainfield-ma.us,https://www.plainfield-ma.us/town-clerk/page/register-vote
Plainfield,2025,HOST_ONLY,plainfield-ma.us,https://plainfield-ma.us/media/7871
Washington,2021,HOST_ONLY,washington-ma.gov,https://www.washington-ma.gov/community/washington-insights-articles
Alford,2021,HOST_ONLY,townofalford.org,https://www.townofalford.org/sites/g/files/vyhlif6926/f/pages/alford_town_report_2024_0.pdf
Alford,2023,HOST_ONLY,townofalford.org,https://www.townofalford.org/home/town-clerk/news/results-annual-town-election-may-162023
Alford,2024,HOST_ONLY,townofalford.org,https://www.townofalford.org/home/town-clerk-office
Alford,2025,HOST_ONLY,townofalford.org,https://www.townofalford.org/home/town-clerk-office/files/alford-annual-town-election-results-52025
Tolland,2021,HOST_ONLY,tolland-ma.gov,https://www.tolland-ma.gov/police-department/links/mass-state-police
Tolland,2022,HOST_ONLY,tolland-ma.gov,https://www.tolland-ma.gov/town-clerk/links/massachusetts-secretary-state
Tolland,2023,HOST_ONLY,tolland-ma.gov,https://www.tolland-ma.gov/home/news/5232023-town-election-results
Tolland,2024,HOST_ONLY,tolland-ma.gov,https://www.tolland-ma.gov/town-clerk/links/massachusetts-secretary-state
Tolland,2025,HOST_ONLY,tolland-ma.gov,https://www.tolland-ma.gov/town-clerk/pages/duties-responsibilities-town-clerk
Aquinnah,2023,HOST_ONLY,aquinnah-ma.gov,https://www.aquinnah-ma.gov/home/news/aquinnah-annual-town-election-results-may-11-2023
Aquinnah,2025,HOST_ONLY,aquinnah-ma.gov,https://www.aquinnah-ma.gov/home/events/15736
Tyringham,2022,HOST_ONLY,tyringham-ma.gov,https://tyringham-ma.gov/news
Tyringham,2023,HOST_ONLY,tyringham-ma.gov,https://www.tyringham-ma.gov/sites/g/files/vyhlif1336/f/news/annual_town_election_results_5-15-23.pdf
Mount Washington,2021,HOST_ONLY,mountwashington-ma.gov,https://mountwashington-ma.gov/departments/town-clerk/election-results
Mount Washington,2022,HOST_ONLY,mountwashington-ma.gov,https://mountwashington-ma.gov/departments/town-clerk/election-results
Mount Washington,2023,HOST_ONLY,mountwashington-ma.gov,https://mountwashington-ma.gov/departments/town-clerk/election-results/
Mount Washington,2024,HOST_ONLY,mountwashington-ma.gov,https://mountwashington-ma.gov/departments/town-clerk/election-results
Mount Washington,2025,HOST_ONLY,mountwashington-ma.gov,https://mountwashington-ma.gov/departments/town-clerk/election-results
