town,town_norm,community_type,priority,board,doctype,year,verdict,topic_hits,vote_hits,body_hits,topic_pages,npages,url,kind,err
Abington,abington,commuter rail,5,,,,CONFIRMED,5,1,3,1,0,https://www.abingtonma.gov/article/1513682,page,
Abington,abington,commuter rail,5,,,2022,FETCH_FAIL,0,0,0,,0,https://www.abingtonma.gov/sites/g/files/vyhlif236/f/news/info_on_mbta_communities_mulit_family_by_right_jan_2022.pdf,file,HTTPError
Abington,abington,commuter rail,5,,notice,,CONFIRMED,5,1,3,1,0,https://www.abingtonma.gov/article/1488446,page,
Abington,abington,commuter rail,1,town_meeting,minutes,,NO,0,0,1,,0,https://www.abingtonma.gov/documents/government/town-manager/town-meeting/minutes/587543,page,
Abington,abington,commuter rail,1,town_meeting,warrant,,FETCH_FAIL,0,0,0,,0,http://www.abingtonma.gov/sites/abingtonma/files/gregg_corbo_revised_special_town_meeting_warrant_0.pdf,file,HTTPError
Abington,abington,commuter rail,1,town_meeting,warrant,,FETCH_FAIL,0,0,0,,0,https://www.abingtonma.gov/sites/g/files/vyhlif236/f/uploads/stm_warrant_final_with_commentary_fincom_recommendations.pdf,file,HTTPError
Abington,abington,commuter rail,1,town_meeting,warrant,,NO,0,2,26,,0,https://www.abingtonma.gov/article/1976989,page,
Abington,abington,commuter rail,1,town_meeting,warrant,2022,FETCH_FAIL,0,0,0,,0,https://www.abingtonma.gov/sites/g/files/vyhlif236/f/uploads/atm_fy23_warrant_march_17_2022.pdf,file,HTTPError
Abington,abington,commuter rail,1,town_meeting,warrant,2022,FETCH_FAIL,0,0,0,,0,https://www.abingtonma.gov/sites/g/files/vyhlif236/f/uploads/stm_warrant_3_17_22.pdf,file,HTTPError
Abington,abington,commuter rail,1,town_meeting,warrant,2023,FETCH_FAIL,0,0,0,,0,https://www.abingtonma.gov/sites/g/files/vyhlif236/f/pages/october_2023_stm_warrantl79.pdf,file,HTTPError
Acton,acton,commuter rail,1,town_meeting,warrant,,CONFIRMED,16,276,234,"57,64,65,66,78",117,https://acton-ma.gov/warrant,file,
Acton,acton,commuter rail,1,town_meeting,warrant,,NO,0,274,301,,69,https://ma-acton2.civicplus.com/Archive.aspx?ADID=21582,file,
Acton,acton,commuter rail,1,town_meeting,warrant,,CONFIRMED,2,246,275,58,73,https://ma-acton2.civicplus.com/Archive.aspx?AMID=54&Type=Recent,file,
Acton,acton,commuter rail,1,town_meeting,warrant,,NO,0,2,9,,2,https://ma-acton2.civicplus.com/DocumentCenter/View/596,file,
Acton,acton,commuter rail,1,town_meeting,warrant,,NO,0,6,10,,1,https://ma-acton2.civicplus.com/DocumentCenter/View/784,file,
Acton,acton,commuter rail,1,town_meeting,warrant,,NO,0,25,1,,6,https://www.acton-ma.gov/DocumentCenter/View/9977/warrant-11-5,file,
Acton,acton,commuter rail,1,town_meeting,warrant,,NO,0,25,1,,6,https://www.acton-ma.gov/DocumentCenter/View/9977/warrant-11-5?bidId=,file,
Acton,acton,commuter rail,1,town_meeting,warrant,2022,NO,0,0,0,,1,https://www.acton-ma.gov/DocumentCenter/View/8121/2022-09-warrant,file,
Acton,acton,commuter rail,1,town_meeting,warrant,2024,NO,0,29,35,,8,https://www.acton-ma.gov/DocumentCenter/View/10072/2024-11-25-STM-WARRANT-AND-MOTIONS---FINAL,file,
Acton,acton,commuter rail,1,town_meeting,warrant,2024,NO,0,29,35,,8,https://www.acton-ma.gov/DocumentCenter/View/10072/2024-11-25-STM-WARRANT-AND-MOTIONS---FINAL?bidId=,file,
Amesbury,amesbury,MBTA adjacent,5,,,,NO,0,0,0,,0,https://amesburyma.gov/ImageRepository/Document?documentID=344,file,
Amesbury,amesbury,MBTA adjacent,5,,,,TOPIC_ONLY,2,0,0,1,1,https://www.amesburyma.gov/DocumentCenter/View/5086/RH-MFOD-overlay-map,file,
Amesbury,amesbury,MBTA adjacent,5,,,,PROBABLE,28,0,2,1,0,https://www.amesburyma.gov/687/MBTA-Communities-Overlay-District,page,
Amesbury,amesbury,MBTA adjacent,5,,,2025,NO,0,3,0,,0,https://www.amesburyma.gov/DocumentCenter/View/5455/2025-4-11--Amesbury-Recieves-MBTA-Community-Letter-of-Compliance-from-the-State,file,
Amesbury,amesbury,MBTA adjacent,5,city_council,bylaw,2024,NO,0,0,0,,96,https://www.amesburyma.gov/DocumentCenter/View/4802/2024-098-An-Ordinance-to-amend-the-Amesbury-Zoning-Ordinance-to-create-an-overlay-in-compliance-with-MBTA-Communities-Act-1pdf,file,
Amesbury,amesbury,MBTA adjacent,5,zoning,bylaw,,CONFIRMED,12,1,1,"1,2",2,https://www.amesburyma.gov/DocumentCenter/View/4938/An-Ordinance-to-amend-the-Amesbury-Zoning-Ordinance-to-create-an-overlay-in-compliance-with-MBTA-Communities-Act,file,
Amesbury,amesbury,MBTA adjacent,1,town_meeting,warrant,2023,NO,0,0,0,,8,https://www.amesburyma.gov/DocumentCenter/View/3979/2023-084-An-Ordinance-updating-the-Motor-Vehicle-Excise-Warrant-Fee--amending-the-Schedule-of-Feespdf,file,
Amesbury,amesbury,MBTA adjacent,1,town_meeting,warrant,2024,NO,0,2,1,,0,https://www.amesburyma.gov/DocumentCenter/View/4852/2024-105-State-Primary-Warrant-2024doc,file,
Amesbury,amesbury,MBTA adjacent,2,city_council,minutes,,FETCH_FAIL,0,0,0,,0,https://www.amesburyma.gov/sites/g/files/vyhlif6891/f/minutes/20210103_city_council_organizational_meeting_minutes.pdf,file,HTTPError
Amesbury,amesbury,MBTA adjacent,2,city_council,minutes,,FETCH_FAIL,0,0,0,,0,https://www.amesburyma.gov/sites/g/files/vyhlif6891/f/minutes/20210512_city_council_minutes_0.pdf,file,HTTPError
Andover,andover,commuter rail,5,,,,PROBABLE,16,0,2,"1,2,6,7",8,https://andoverma.gov/DocumentCenter/View/10936/04272022-MBTA-Communities-Presentation,file,
Andover,andover,commuter rail,5,,,,PROBABLE,14,0,1,"1,3,4,5,21",24,https://andoverma.gov/DocumentCenter/View/12984/MBTA-Communities-Visioning-Session-1-Final-?bidId=,file,
Andover,andover,commuter rail,5,,,,CONFIRMED,21,1,6,"1,3,4,5,7,11,15",28,https://andoverma.gov/DocumentCenter/View/13494/MBTA-Communities-Zone-update-101223---FINAL?bidId=,file,
Andover,andover,commuter rail,5,,,,CONFIRMED,14,2,6,"1,2,3,19",29,https://andoverma.gov/DocumentCenter/View/13670/MBTA-Communities-Zone-update-110923---FINAL?bidId=,file,
Andover,andover,commuter rail,5,,,,CONFIRMED,7,2,7,"1,3,4,17",20,https://andoverma.gov/DocumentCenter/View/13671/MBTA-Communities-Working-Group-92823---FINAL?bidId=,file,
Andover,andover,commuter rail,5,,,,CONFIRMED,14,2,14,"1,3,4,31,32",36,https://andoverma.gov/DocumentCenter/View/13692/MBTA-Communities-Zone-update-111623---FINAL?bidId=,file,
Andover,andover,commuter rail,5,,,,CONFIRMED,14,1,9,"1,26,27,28",38,https://andoverma.gov/DocumentCenter/View/13951/MBTA-Communities-Working-Group-121123---FINALpptx,file,
Andover,andover,commuter rail,5,,,,PROBABLE,13,0,8,"1,3,4,5,8",43,https://andoverma.gov/DocumentCenter/View/13971/MBTA-Communities-Zone-update-121323---FINAL-w-Gamble-slides?bidId=,file,
Andover,andover,commuter rail,5,,,,CONFIRMED,6,1,6,"1,4",13,https://andoverma.gov/DocumentCenter/View/13983/MBTA-Communities-Zone-Working-Group-122123-Final?bidId=,file,
Andover,andover,commuter rail,5,,,,CONFIRMED,32,1,2,"1,2,3,4,5,6,7,8,9,10,11,15,17",19,https://andoverma.gov/DocumentCenter/View/14043/Andover-MBTA-Communities-Comms-Plan_for-Working-Group_1424?bidId=,file,
Arlington,arlington,subway or light rail,5,,,,NO,0,0,0,,0,https://www.arlingtonma.gov/home/showpublisheddocument/67120/638399915962630000?ref=mbtacommunities.bostonindicators.org,file,
Ashburnham,ashburnham,MBTA adjacent,5,,,,NO,0,7,0,,0,https://ashburnham-ma.gov/DocumentCenter/View/2509/New-MBTA-Multi-family-Overlay-District-Map-,file,
Ashburnham,ashburnham,MBTA adjacent,5,,,,TOPIC_ONLY,11,0,0,1,0,https://ashburnham-ma.gov/711/MBTA-Communities-Act-Information-Page,page,
Ashburnham,ashburnham,MBTA adjacent,5,,,,NO,0,0,0,,0,https://ashburnham-ma.gov/728/Proposed-Multi-Family-Overlay-District-M,page,
Ashburnham,ashburnham,MBTA adjacent,5,,,2025,TOPIC_ONLY,3,0,0,1,1,https://ashburnham-ma.gov/DocumentCenter/View/2722,page,
Ashburnham,ashburnham,MBTA adjacent,5,,bylaw,,NO,0,0,0,,12,https://ashburnham-ma.gov/DocumentCenter/View/2511/Proposed-New-MBTA-MFOD-Compliance-Bylaw,file,
Ashburnham,ashburnham,MBTA adjacent,5,,bylaw,,NO,0,0,0,,0,https://ashburnham-ma.gov/727/Proposed-Bylaw-Amendment---Multifamily-O,page,
Ashburnham,ashburnham,MBTA adjacent,5,zoning,,2025,PROBABLE,6,1,0,"1,2,4,10",11,https://ashburnham-ma.gov/DocumentCenter/View/2394/April-16-2025-MBTA-Public-Info-Session-No-1,file,
Ashburnham,ashburnham,MBTA adjacent,5,zoning,,2025,CONFIRMED,8,1,1,"1,2,4,6,15",16,https://ashburnham-ma.gov/DocumentCenter/View/2395/June-3-2025-Ashburnham-MBTA--Public-Information-Session-No-2,file,
Ashburnham,ashburnham,MBTA adjacent,1,town_meeting,warrant,,FETCH_FAIL,0,0,0,,0,http://www.ashburnham-ma.gov/Pages/AshburnhamMA_TownMtgs/ATM%205-1-04%20WarrantA.pdf,file,HTTPError
Ashburnham,ashburnham,MBTA adjacent,1,town_meeting,warrant,,FETCH_FAIL,0,0,0,,0,http://www.ashburnham-ma.gov/Pages/AshburnhamMA_TownMtgs/June%204%20%202013%20Special%20Town%20Meeting%20Warrant.pdf,file,HTTPError
Ashby,ashby,MBTA adjacent,5,,,,CONFIRMED,17,1,11,"1,2,3",5,https://drive.google.com/uc?export=download&id=1lpymrYkOWAKtyN19Ze-7ZQ2ylP3vB-AE,file,
Ashby,ashby,MBTA adjacent,5,planning_board,,,PROBABLE,14,0,15,1,0,https://ci.ashby.ma.us/departments/planning-board/planning-board-news/multi-family-zoning-requirement-for-mbta-communities/,page,
Ashby,ashby,MBTA adjacent,1,town_meeting,warrant,,FETCH_FAIL,0,0,0,,0,http://www.ci.ashby.ma.us:80/clerk/warrants/ATM05Warrant.pdf,file,HTTPError
Ashby,ashby,MBTA adjacent,1,town_meeting,warrant,,NO,0,0,0,,1,http://www.ci.ashby.ma.us:80/document/official/payroll_warrant_form.pdf,file,
Ashby,ashby,MBTA adjacent,1,town_meeting,warrant,,NO,0,0,0,,1,https://drive.google.com/uc?export=download&id=17sym6ZLb0C56ivvLEwwUDOi86tMIb5HF,file,
Ashby,ashby,MBTA adjacent,1,town_meeting,warrant,,NO,0,0,0,,2,https://drive.google.com/uc?export=download&id=19NhKHaydzB3WLwjK0D68cIo4geAxgm0j,file,
Ashby,ashby,MBTA adjacent,1,town_meeting,warrant,,NO,0,0,0,,3,https://drive.google.com/uc?export=download&id=1AoNoOZGyS4k-VMuFXueQ52kEmNVJ1z4f,file,
Ashby,ashby,MBTA adjacent,1,town_meeting,warrant,,NO,0,0,0,,19,https://drive.google.com/uc?export=download&id=1DQLWGBypih2tZBvUNIDp-gws-3K_4K8f,file,
Ashby,ashby,MBTA adjacent,1,town_meeting,warrant,,NO,0,0,0,,2,https://drive.google.com/uc?export=download&id=1HiAfj9JmIVQgPkRXrzV1-IFDh33P61PP,file,
Ashby,ashby,MBTA adjacent,1,town_meeting,warrant,,NO,0,0,0,,5,https://drive.google.com/uc?export=download&id=1HqrU8CIK5fNr9HvrLYXFRvtRnIqMrGx4,file,
Ashland,ashland,commuter rail,5,,,,CONFIRMED,9,6,2,"1,2,3,5",7,https://ashlandmass.com/DocumentCenter/View/12341,file,
Ashland,ashland,commuter rail,5,,,,NO,0,0,0,,5,https://ashlandmass.com/DocumentCenter/View/13643,file,
Ashland,ashland,commuter rail,5,,,,CONFIRMED,18,5,2,"1,2,3,5",5,https://ashlandmass.com/DocumentCenter/View/14615,file,
Ashland,ashland,commuter rail,5,,,,PROBABLE,17,0,1,"1,2,3,4,5",5,https://ashlandmass.com/DocumentCenter/View/15986,file,
Ashland,ashland,commuter rail,5,,,,NO,0,0,0,,0,https://drive.google.com/uc?export=download&id=13_zWFFDFXAVGYHkh24pyuAha8dTCkMwH,file,
Ashland,ashland,commuter rail,5,,,,NO,0,0,0,,0,https://drive.google.com/uc?export=download&id=1ubSA7TdE6JI3WMfR-ZJAddwvF2edolEH,file,
Ashland,ashland,commuter rail,5,,,,CONFIRMED,27,2,29,1,0,https://ashlandmass.com/1092/MBTA-Communities,page,
Ashland,ashland,commuter rail,5,,,2024,NO,0,13,0,,0,https://ashlandmass.com/ImageRepository/Document?documentID=1377,file,
Ashland,ashland,commuter rail,5,,bylaw,,NO,0,0,0,,5,https://ashlandmass.com/DocumentCenter/View/14446,file,
Ashland,ashland,commuter rail,5,planning_board,,,PROBABLE,10,1,0,"1,2,4,5,9",13,https://ashlandmass.com/DocumentCenter/View/12343,file,
Attleboro,attleboro,commuter rail,1,town_meeting,warrant,,NO,0,0,0,,1,https://www.cityofattleboro.us/DocumentCenter/View/13268,file,
Attleboro,attleboro,commuter rail,1,town_meeting,warrant,2026,NO,0,0,0,,1,https://cityofattleboro.us/DocumentCenter/View/14179/State-Primary-2026-Warrant,file,
Attleboro,attleboro,commuter rail,2,city_council,minutes,2026,NO,0,8,0,,2,https://cityofattleboro.us/AgendaCenter/ViewFile/Minutes/_01062026-2904,file,
Attleboro,attleboro,commuter rail,3,planning_board,minutes,2026,NO,0,82,24,,8,https://cityofattleboro.us/AgendaCenter/ViewFile/Minutes/_01122026-2917,file,
Attleboro,attleboro,commuter rail,3,planning_board,minutes,2026,CONFIRMED,1,6,14,4,4,https://cityofattleboro.us/AgendaCenter/ViewFile/Minutes/_03032026-2997,file,
Attleboro,attleboro,commuter rail,3,planning_board,minutes,2026,NO,0,64,15,,7,https://cityofattleboro.us/AgendaCenter/ViewFile/Minutes/_03092026-3015,file,
Attleboro,attleboro,commuter rail,3,planning_board,minutes,2026,NO,0,34,12,,4,https://cityofattleboro.us/AgendaCenter/ViewFile/Minutes/_03232026-3035,file,
Attleboro,attleboro,commuter rail,3,planning_board,minutes,2026,NO,0,76,15,,5,https://cityofattleboro.us/AgendaCenter/ViewFile/Minutes/_04062026-3053,file,
Attleboro,attleboro,commuter rail,3,planning_board,minutes,2026,NO,0,30,9,,4,https://cityofattleboro.us/AgendaCenter/ViewFile/Minutes/_04272026-3085,file,
Attleboro,attleboro,commuter rail,3,planning_board,minutes,2026,NO,0,32,9,,3,https://cityofattleboro.us/AgendaCenter/ViewFile/Minutes/_05042026-3097,file,
Auburn,auburn,MBTA adjacent,1,town_meeting,warrant,,NO,0,11,27,,6,https://pakachoaggolfcourse.com/DocumentCenter/View/18728/Submitting-a-Warrant-Article-Instructions-PDF,file,
Auburn,auburn,MBTA adjacent,1,town_meeting,warrant,,NO,0,0,0,,1,https://www.auburnma.gov/DocumentCenter/View/12246,file,
Auburn,auburn,MBTA adjacent,1,town_meeting,warrant,,NO,0,11,27,,6,https://www.auburnma.gov/DocumentCenter/View/18728/Submitting-a-Warrant-Article-Instructions-PDF,file,
Auburn,auburn,MBTA adjacent,1,town_meeting,warrant,,FETCH_FAIL,0,0,0,,0,https://www.auburnma.gov/DocumentCenter/View/19013/Special-Town-Meeting-WarrantPDF,file,HTTPError
Auburn,auburn,MBTA adjacent,1,town_meeting,warrant,2025,FETCH_FAIL,0,0,0,,0,https://auburnma.gov/DocumentCenter/View/18353/Merged-2025-Warrant-and-Addendum-PDF,file,HTTPError
Auburn,auburn,MBTA adjacent,2,city_council,minutes,2026,NO,0,2,0,,2,https://auburnma.gov/AgendaCenter/ViewFile/Minutes/_02172026-2374,page,
Auburn,auburn,MBTA adjacent,2,city_council,minutes,2026,NO,0,0,0,,2,https://auburnma.gov/AgendaCenter/ViewFile/Minutes/_05122026-2480,page,
Auburn,auburn,MBTA adjacent,2,city_council,minutes,2026,NO,0,2,0,,2,https://pakachoaggolfcourse.com/AgendaCenter/ViewFile/Minutes/_02172026-2374,page,
Auburn,auburn,MBTA adjacent,2,city_council,minutes,2026,NO,0,0,0,,2,https://pakachoaggolfcourse.com/AgendaCenter/ViewFile/Minutes/_05122026-2480,page,
Auburn,auburn,MBTA adjacent,3,planning_board,minutes,2026,NO,0,59,9,,4,https://auburnma.gov/AgendaCenter/ViewFile/Minutes/_01132026-2335,file,
Ayer,ayer,commuter rail,5,,,,PROBABLE,5,0,5,1,0,https://www.ayer.ma.us/547/MBTA-Communities-Documents,page,
Ayer,ayer,commuter rail,5,,bylaw,,CONFIRMED,9,1,6,"1,5,6",6,https://www.ayer.ma.us/DocumentCenter/View/110,file,
Ayer,ayer,commuter rail,1,town_meeting,warrant,,NO,0,47,58,,10,https://www.ayer.ma.us/DocumentCenter/View/13706,file,
Ayer,ayer,commuter rail,1,town_meeting,warrant,,NO,0,175,73,,14,https://www.ayer.ma.us/DocumentCenter/View/13748,file,
Ayer,ayer,commuter rail,1,town_meeting,warrant,,NO,0,4,8,,2,https://www.ayer.ma.us/DocumentCenter/View/13749,file,
Ayer,ayer,commuter rail,1,town_meeting,warrant,,NO,0,185,81,,13,https://www.ayer.ma.us/DocumentCenter/View/13755,file,
Ayer,ayer,commuter rail,1,town_meeting,warrant,,NO,0,53,33,,5,https://www.ayer.ma.us/DocumentCenter/View/13756,file,
Ayer,ayer,commuter rail,1,town_meeting,warrant,,NO,0,24,25,,4,https://www.ayer.ma.us/DocumentCenter/View/13757,file,
Ayer,ayer,commuter rail,1,town_meeting,warrant,,NO,0,4,12,,2,https://www.ayer.ma.us/DocumentCenter/View/14370,file,
Ayer,ayer,commuter rail,1,town_meeting,warrant,,NO,0,0,3,,1,https://www.ayer.ma.us/DocumentCenter/View/2098/Town-of-Ayer---Warrant-Submission-Form-PDF,file,
Bedford,bedford,bus,5,,,,CONFIRMED,9,2,8,"1,2,3",4,https://bedfordma.gov/DocumentCenter/View/2157,file,
Bedford,bedford,bus,5,,,,CONFIRMED,9,2,8,"1,2,3",4,https://www.bedfordma.gov/DocumentCenter/View/2157/ActionPlanforMBTACommunities_SubmissionPDF,file,
Bedford,bedford,bus,5,,bylaw,,CONFIRMED,8,2,6,"1,2",2,https://bedfordma.gov/DocumentCenter/View/3655/MBTA-Communities-Act-Bylaw-Passage-Support-,file,
Bedford,bedford,bus,5,planning_board,,,NO,0,0,0,,0,https://bedfordma.gov/ImageRepository/Document?documentID=532,file,
Bedford,bedford,bus,5,zoning,,,CONFIRMED,10,2,5,"4,5,8,15,16,22,24,25",27,https://www.bedfordma.gov/DocumentCenter/View/3766/Articles-11-and-12-Multifamily-Zoning,file,
Bedford,bedford,bus,5,zoning,,,CONFIRMED,10,2,5,"4,5,8,15,16,22,24,25",27,https://www.bedfordma.gov/DocumentCenter/View/3766/Articles-11-and-12-Multifamily-Zoning?bidId=,file,
Bedford,bedford,bus,5,zoning,,,FETCH_FAIL,0,0,0,,0,https://bedfordma.gov/836/MBTA-Communities-Multifamily-Zoning-Requ,page,HTTPError
Bedford,bedford,bus,5,zoning,,2022,TOPIC_ONLY,4,0,0,"1,3,4",7,https://bedfordma.gov/DocumentCenter/View/2098/MBTA-Communities-Multifamily-Zoning-Requirement-Summary-9-16-22-PDF?bidId=,file,
Bedford,bedford,bus,5,zoning,,2022,TOPIC_ONLY,4,0,0,"1,3,4",7,https://www.bedfordma.gov/DocumentCenter/View/2098/MBTA-Communities-Multifamily-Zoning-Requirement-Summary-9-16-22-PDF,file,
Bedford,bedford,bus,5,zoning,,2023,PROBABLE,6,0,1,"1,2,3,16",16,https://bedfordma.gov/DocumentCenter/View/3070,file,
Belmont,belmont,bus,5,,,,CONFIRMED,10,2,11,"1,2,3,4",4,https://belmont-ma.gov/DocumentCenter/View/3144,file,
Belmont,belmont,bus,5,,,,CONFIRMED,204,4,1,"1,2,4,5,6,7,8,9,10,11,12,13,14,15,16,17,25,26",26,https://belmont-ma.gov/DocumentCenter/View/3152,file,
Belmont,belmont,bus,5,,,,FETCH_FAIL,0,0,0,,0,https://www.belmont-ma.gov/sites/g/files/vyhlif12826/f/uploads/mbta_communities_advisory_ag.pdf,file,HTTPError
Belmont,belmont,bus,5,,,,FETCH_FAIL,0,0,0,,0,https://www.belmont-ma.gov/sites/g/files/vyhlif12826/f/uploads/mbta_communities_zoning_2nd_map.pdf,file,HTTPError
Belmont,belmont,bus,5,,,2024,FETCH_FAIL,0,0,0,,0,https://www.belmont-ma.gov/sites/g/files/vyhlif12826/f/events/2024-04-01_mbta_communities_advisory.pdf,file,HTTPError
Belmont,belmont,bus,5,city_council,,,CONFIRMED,87,11,35,"1,2,3,4,5,6,8,10,12,14,16,18,20,23,24,26",27,https://belmont-ma.gov/DocumentCenter/View/3147,file,
Belmont,belmont,bus,5,finance,,,PROBABLE,5,0,1,"1,2",3,https://belmont-ma.gov/DocumentCenter/View/3153,file,
Belmont,belmont,bus,5,finance,,,NO,0,1,0,,0,https://belmont-ma.gov/ImageRepository/Document?documentID=473,file,
Belmont,belmont,bus,5,finance,,,NO,0,0,0,,2,https://belmont-ma.gov/ImageRepository/Document?documentID=475,file,
Belmont,belmont,bus,5,finance,,,NO,0,0,0,,14,https://belmont-ma.gov/ImageRepository/Document?documentID=476,file,
Berkley,berkley,MBTA adjacent,5,,bylaw,,CONFIRMED,4,1,9,1,0,https://townofberkleyma.gov/public-forum-proposed-bylaw-changes-including-mbta-communities-3a-compliance-tonight-at-605pm/,page,
Berkley,berkley,MBTA adjacent,1,town_meeting,minutes,2022,NO,0,61,17,,5,https://townofberkleyma.gov/wp-content/uploads/2024/12/Special-Town-Meeting-Minutes-2022-11-14.pdf,file,
Berkley,berkley,MBTA adjacent,1,town_meeting,minutes,2023,NO,0,135,23,,22,https://townofberkleyma.gov/wp-content/uploads/2024/12/Annual-Town-Meeting-Minutes-2023-06-05.pdf,file,
Berkley,berkley,MBTA adjacent,1,town_meeting,minutes,2024,NO,0,95,27,,12,https://townofberkleyma.gov/wp-content/uploads/2024/12/2024-11-14-Special-Town-Meeting-Minutes.pdf,file,
Berkley,berkley,MBTA adjacent,1,town_meeting,minutes,2024,NO,0,103,22,,15,https://townofberkleyma.gov/wp-content/uploads/2024/12/ANNUAL-TOWN-MEETING-Mins-June-6-2022.pdf,file,
Berkley,berkley,MBTA adjacent,1,town_meeting,minutes,2024,NO,0,180,62,,28,https://townofberkleyma.gov/wp-content/uploads/2024/12/ATM-Mins-June-1-2026.pdf,file,
Berkley,berkley,MBTA adjacent,1,town_meeting,minutes,2024,NO,0,183,62,,30,https://townofberkleyma.gov/wp-content/uploads/2024/12/ATM-Mins-June-2-2025.pdf,file,
Berkley,berkley,MBTA adjacent,1,town_meeting,minutes,2024,NO,0,125,22,,24,https://townofberkleyma.gov/wp-content/uploads/2024/12/Annual-Town-Meeting-Minutes-2024-06-03.pdf,file,
Berkley,berkley,MBTA adjacent,1,town_meeting,minutes,2025,CONFIRMED,4,126,38,5,13,https://townofberkleyma.gov/wp-content/uploads/2024/12/STM-Mtg.-Mins-11-15-25-2.pdf,file,
Berkley,berkley,MBTA adjacent,1,town_meeting,warrant,,NO,0,2,13,,0,https://townofberkleyma.gov/annual-town-meeting-warrant-opening-and-closing-dates-times/,page,
Beverly,beverly,bus,5,,,,NO,0,0,0,,0,https://beverlyma.gov/DocumentCenter/View/5295,file,
Beverly,beverly,bus,5,,,,NO,0,7,0,,0,https://beverlyma.gov/DocumentCenter/View/5308,file,
Beverly,beverly,bus,5,,,2024,NO,0,12,0,,0,https://beverlyma.gov/DocumentCenter/View/5334,file,
Beverly,beverly,bus,5,,,2024,TOPIC_ONLY,11,0,0,"1,2,3,4,6,8",13,https://beverlyma.gov/DocumentCenter/View/5598,file,
Beverly,beverly,bus,5,zoning,,,NO,0,2,0,,4,https://beverlyma.gov/ImageRepository/Document?documentID=336,file,
Beverly,beverly,bus,5,zoning,,,CONFIRMED,51,2,2,1,0,https://beverlyma.gov/1105/MBTA-Communities-Multifamily-Zoning,page,
Beverly,beverly,bus,2,city_council,minutes,2026,NO,0,15,4,,3,https://beverlyma.gov/AgendaCenter/ViewFile/Minutes/_01052026-2578,file,
Beverly,beverly,bus,2,city_council,minutes,2026,NO,0,0,0,,33,https://beverlyma.gov/AgendaCenter/ViewFile/Minutes/_01202026-2598,file,
Beverly,beverly,bus,2,city_council,minutes,2026,NO,0,0,0,,1,https://beverlyma.gov/AgendaCenter/ViewFile/Minutes/_02022026-2610,file,
Beverly,beverly,bus,2,city_council,minutes,2026,NO,0,0,0,,16,https://beverlyma.gov/AgendaCenter/ViewFile/Minutes/_02022026-2612,file,
Billerica,billerica,bus,5,,,,CONFIRMED,146,1,1,"1,2,3,4,5,6,7,8,9,10,11",11,http://www.town.billerica.ma.us/DocumentCenter/View/9578/Draft-Compliance-Guidelines-for-MBTA-Communities,file,
Billerica,billerica,bus,5,,,,PROBABLE,12,0,6,"1,4,5,6,7,9,27",27,https://billerica.gov/DocumentCenter/View/11175/MBTA-Communities--Kickoff-NMCOG-presentation-to-Billerica,file,
Billerica,billerica,bus,5,,,,PROBABLE,11,0,2,"1,2,3,4,6,7,10,13,16",17,https://billerica.gov/DocumentCenter/View/11270/NMCOG-present-MBTA-Communities-Billerica_08212023,file,
Billerica,billerica,bus,5,,,,PROBABLE,21,8,0,"1,3,5,6,7,8",8,https://billerica.gov/DocumentCenter/View/11543/PreAdoptionReviewApplicationforMBTACommunities_Submission_1175203117,file,
Billerica,billerica,bus,5,,,,TOPIC_ONLY,3,0,0,1,1,https://billerica.gov/DocumentCenter/View/11877/MBTA-Communities_Police_Response,file,
Billerica,billerica,bus,5,,,,NO,0,0,0,,1,https://billerica.gov/ImageRepository/Document?documentID=544,file,
Billerica,billerica,bus,5,,,,NO,0,0,0,,1,https://billerica.gov/ImageRepository/Document?documentID=546,file,
Billerica,billerica,bus,5,,,,NO,0,0,0,,1,https://billerica.gov/ImageRepository/Document?documentID=568,file,
Billerica,billerica,bus,5,,,,NO,0,480,0,,0,https://ma-billerica.civicplus.com/DocumentCenter/View/11636,file,
Billerica,billerica,bus,5,,,,PROBABLE,4,0,2,"2,3,14",14,https://ma-billerica.civicplus.com/DocumentCenter/View/11931,file,
Bourne,bourne,MBTA adjacent,5,,,,FETCH_FAIL,0,0,0,,0,https://www.townofbourne.com/sites/g/files/vyhlif12841/f/uploads/mbta_community_zoning_guidelines_0.pdf,file,HTTPError
Bourne,bourne,MBTA adjacent,5,,,,FETCH_FAIL,0,0,0,,0,https://www.townofbourne.com/sites/g/files/vyhlif7346/f/news/actionplanformbtacommunities_final_submission_1063081719.pdf,file,HTTPError
Bourne,bourne,MBTA adjacent,5,,,,FETCH_FAIL,0,0,0,,0,https://www.townofbourne.com/sites/g/files/vyhlif7346/f/uploads/actionplanformbtacommunities_final_submission_1063081719.pdf,file,HTTPError
Bourne,bourne,MBTA adjacent,5,,,,FETCH_FAIL,0,0,0,,0,https://www.townofbourne.com/sites/g/files/vyhlif7346/f/uploads/mbta_community_zoning_guidelines.pdf,file,HTTPError
Bourne,bourne,MBTA adjacent,5,,,,FETCH_FAIL,0,0,0,,0,https://www.townofbourne.com/sites/g/files/vyhlif7346/f/uploads/mbta_community_zoning_guidelines_0.pdf,file,HTTPError
Bourne,bourne,MBTA adjacent,5,,,2025,NO,0,0,0,,1,https://www.bourne-ma.gov/DocumentCenter/View/898/Map-of-Preferred-Multi-Family-Overlay-District-MFOD-in-Buzzards-Bay-August-2025,file,
Bourne,bourne,MBTA adjacent,5,zoning,,,CONFIRMED,17,1,7,1,0,https://ma-bourne.civicplus.com/1961/MBTA-Multi-Family-Zoning,file,
Bourne,bourne,MBTA adjacent,5,zoning,,,CONFIRMED,9,2,2,"1,2,3",3,https://www.bourne-ma.gov/DocumentCenter/View/900/Proposed-3A-Multi-family-Zoning-Town-Meeting-Article,file,
Bourne,bourne,MBTA adjacent,5,zoning,,,CONFIRMED,17,1,7,1,0,https://www.bourne-ma.gov/1961/MBTA-Multi-Family-Zoning,page,
Bourne,bourne,MBTA adjacent,5,zoning,,,CONFIRMED,17,1,9,1,0,https://www.bourne-ma.gov/2227/MBTA-Multi-Family-Zoning,page,
Boxborough,boxborough,MBTA adjacent,5,,,,CONFIRMED,146,1,1,"1,2,3,4,5,6,7,8,9,10,11",11,https://boxborough-ma.gov/DocumentCenter/View/2137/Draft-Guidelines-for-MBTA-Communitiespdf,file,
Boxborough,boxborough,MBTA adjacent,5,,,,CONFIRMED,51,6,1,"1,2,3,4,5,6,7",7,https://boxborough-ma.gov/DocumentCenter/View/2138/MBTACommunitiesFAQ-FINALIteration101-11-22pdf,file,
Boxborough,boxborough,MBTA adjacent,5,,,,CONFIRMED,4,1,3,1,1,https://boxborough-ma.gov/DocumentCenter/View/2147/DHCD-Guidelines-for-MBTA-Communities-Boxborough-Presentation-Press-Releasepdf,file,
Boxborough,boxborough,MBTA adjacent,5,,,,CONFIRMED,12,2,10,"1,3,8,9,11,14,15",16,https://boxborough-ma.gov/DocumentCenter/View/2148/MBTA-Communities-Draft-Multifamily-Guidelines_Boxborough-Presentationpdf,file,
Boxborough,boxborough,MBTA adjacent,5,,,,NO,0,6,0,,0,https://www.boxborough-ma.gov/DocumentCenter/View/4348,file,
Boxborough,boxborough,MBTA adjacent,5,,,,NO,0,10,0,,0,https://www.boxborough-ma.gov/DocumentCenter/View/4353,file,
Boxborough,boxborough,MBTA adjacent,5,,,,PROBABLE,1,1,0,1,0,https://www.boxborough-ma.gov/DocumentCenter/View/4679,file,
Boxborough,boxborough,MBTA adjacent,5,,,,PROBABLE,5,1,0,"1,2",2,https://www.boxborough-ma.gov/DocumentCenter/View/4822/Boxborough-MBTA-Communities-FAQ,file,
Boxborough,boxborough,MBTA adjacent,5,,,2022,CONFIRMED,28,2,3,"1,6,8,9,10,11,13,14,17,18,19,20,21",21,https://boxborough-ma.gov/DocumentCenter/View/2139/MBTA-Communities_Summary-Deck-Feb-2022pdf,file,
Boxborough,boxborough,MBTA adjacent,5,zoning,,,CONFIRMED,99,10,16,"1,2,3,4,5,6,7,8,10,11,12,13,14,16,17,18,19,20,21,22",39,https://boxborough-ma.gov/DocumentCenter/View/2140/MBTA-Community-Multi-Family-Zoning-Finalpdf,file,
Boxford,boxford,MBTA adjacent,5,,,,NO,0,1,0,,0,https://boxfordlibrary.org/DocumentCenter/View/1072,file,
Boxford,boxford,MBTA adjacent,5,,,,CONFIRMED,9,1,6,"1,3,4,7,8,12",25,https://boxfordlibrary.org/DocumentCenter/View/1180,file,
Boxford,boxford,MBTA adjacent,5,,,,NO,0,1,0,,0,https://boxfordlibrary.org/DocumentCenter/View/1182,file,
Boxford,boxford,MBTA adjacent,5,,,,CONFIRMED,33,13,41,1,0,https://ma-boxford.civicplus.com/542/MBTA-Communities-Law,file,
Boxford,boxford,MBTA adjacent,5,,,,NO,0,1,0,,0,https://ma-boxford.civicplus.com/DocumentCenter/View/1072,file,
Boxford,boxford,MBTA adjacent,5,,,,NO,0,1,0,,0,https://ma-boxford.civicplus.com/DocumentCenter/View/1182,file,
Boxford,boxford,MBTA adjacent,5,,,,NO,0,1,0,,0,https://www.boxfordma.gov/DocumentCenter/View/1072,file,
Boxford,boxford,MBTA adjacent,5,,,,CONFIRMED,9,1,6,"1,3,4,7,8,12",25,https://www.boxfordma.gov/DocumentCenter/View/1180,file,
Boxford,boxford,MBTA adjacent,5,,,,NO,0,1,0,,0,https://www.boxfordma.gov/DocumentCenter/View/1182,file,
Boxford,boxford,MBTA adjacent,5,,,,CONFIRMED,8,1,7,"1,2,3,4,9",10,https://www.boxfordma.gov/DocumentCenter/View/2636/11-MBTA-Communities-Update,file,
Braintree,braintree,subway or light rail,5,,,2023,NO,0,0,0,,1,https://braintreema.gov/DocumentCenter/View/12504/23-076-1-and-2-MBTA-Communities-Dec-5-continued-to-Dec-19-2023,file,
Braintree,braintree,subway or light rail,5,,,2023,NO,0,0,0,,1,https://www.braintreema.gov/DocumentCenter/View/12503,file,
Braintree,braintree,subway or light rail,5,planning_board,,,NO,0,0,0,,1,https://braintreema.gov/ImageRepository/Document?documentID=951,file,
Braintree,braintree,subway or light rail,5,zoning,,2023,CONFIRMED,33,3,19,"1,2,3,4,5,6,7,8,9,10,11,12,13,14,15,16,17,18,19",19,https://www.braintreema.gov/DocumentCenter/View/12356,file,
Braintree,braintree,subway or light rail,5,zoning,,2023,CONFIRMED,33,3,20,"1,2,3,4,5,6,7,8,9,10,11,12,13,14,15,16,17,18,19",19,https://www.braintreema.gov/DocumentCenter/View/12527,file,
Braintree,braintree,subway or light rail,5,zoning,,2023,CONFIRMED,37,3,22,"1,2,3,4,5,6,7,8,9,10,11,12,13,14,15,16,17,18,19,20",23,https://www.braintreema.gov/DocumentCenter/View/12528,file,
Braintree,braintree,subway or light rail,2,city_council,minutes,,FETCH_FAIL,0,0,0,,0,http://braintreema.gov/towncouncil/documents/09APR28COUNCILMINUTES.pdf,file,HTTPError
Braintree,braintree,subway or light rail,2,city_council,minutes,,FETCH_FAIL,0,0,0,,0,http://braintreema.gov/towncouncil/documents/09APR7COUNCILMINUTES.pdf,file,HTTPError
Braintree,braintree,subway or light rail,2,city_council,minutes,,FETCH_FAIL,0,0,0,,0,http://braintreema.gov/towncouncil/documents/09AUG11COUNCILMINUTES.pdf,file,HTTPError
Braintree,braintree,subway or light rail,2,city_council,minutes,,FETCH_FAIL,0,0,0,,0,http://braintreema.gov/towncouncil/documents/09DEC15COUNCILMINUTES.pdf,file,HTTPError
Bridgewater,bridgewater,commuter rail,5,,,2023,FETCH_FAIL,0,0,0,,0,https://www.bridgewaterma.gov/services/community_economic_development/economic_development_planning/Documents/Services/Community And Economic Development/Economic Development And Planning/Memo for Bridgewater MBTA Communities 9-14-23.pdf?t=202512260928350,file,HTTPError
Bridgewater,bridgewater,commuter rail,5,,,2025,FETCH_FAIL,0,0,0,,0,https://www.bridgewaterma.gov/services/community_economic_development/Documents/Services/Community And Economic Development/MBTA Communities Act.pdf?t=202601221249050,file,HTTPError
Bridgewater,bridgewater,commuter rail,5,planning_board,,2023,FETCH_FAIL,0,0,0,,0,https://www.bridgewaterma.gov/services/community_economic_development/economic_development_planning/Documents/Services/Community And Economic Development/Economic Development And Planning/Planning Board Applications/Memo for Bridgewater MBTA Communities 9-14-23.pdf?t=202512260928350,file,HTTPError
Bridgewater,bridgewater,commuter rail,1,town_meeting,warrant,,FETCH_FAIL,0,0,0,,0,https://www.bridgewaterma.org/DocumentCenter/View/3317/State-Primary-09012020-Warrant,file,HTTPError
Bridgewater,bridgewater,commuter rail,6,city_council,report,2024,FETCH_FAIL,0,0,0,,0,https://www.bridgewaterma.gov/government/town_clerk/elections/Documents/Government/Town Clerk/Elections/Campaign Reports/Adelene Ellenberg Town Council At Large Pre Election Report 4.27.2024.pdf?t=202512260928310,file,HTTPError
Bridgewater,bridgewater,commuter rail,6,city_council,report,2024,FETCH_FAIL,0,0,0,,0,https://www.bridgewaterma.gov/government/town_clerk/elections/Documents/Government/Town Clerk/Elections/Campaign Reports/Michael MacDonald Council At Large Pre Election Report 4.27.2024.pdf?t=202512260928350,file,HTTPError
Brockton,brockton,bus,5,,,,TOPIC_ONLY,2,0,0,"1,2",2,https://drive.google.com/uc?export=download&id=14oTwNPYyEW5PHv9Zw4zLjkJggBXvTWL5,file,
Brockton,brockton,bus,5,,,,CONFIRMED,4,11,43,"1,25",193,https://drive.google.com/uc?export=download&id=1FFuiQu8dBq5egdRMSExgIm91CxAj6rzz,file,
Brockton,brockton,bus,5,,,,PROBABLE,4,0,1,1,1,https://drive.google.com/uc?export=download&id=1P1yKpu0ZXal9c9Atc4QTjBGgdCCEi9HM,file,
Brockton,brockton,bus,5,,,,NO,0,0,1,,37,https://drive.google.com/uc?export=download&id=1Z7j_3hOF-I-JlpsAt0N0qOWyPAKOcIMV,file,
Brockton,brockton,bus,5,,,,PROBABLE,1,0,1,1,29,https://drive.google.com/uc?export=download&id=1fd66Us97MGHXju3JHjcbAFCMvhtqeNce,file,
Brockton,brockton,bus,5,,,,NO,0,0,0,,2,https://drive.google.com/uc?export=download&id=1rj5_ZuACoAkmipJu7KbTVkabIIACgtzk,file,
Brockton,brockton,bus,5,,,,CONFIRMED,8,2,3,"1,3",4,https://drive.google.com/uc?export=download&id=1wJYz12F8N_oqSWaLDUaDjDB-x_9Yvll9,file,
Brockton,brockton,bus,5,,,,PROBABLE,5,0,4,"1,2",9,https://drive.google.com/uc?export=download&id=1z1eqZl_P9s2N0gRKJ4lovrpkwZgrUNed,file,
Brockton,brockton,bus,2,city_council,minutes,,NO,0,0,0,,0,https://brockton.ma.us/public-documents-archive/?mdl_committee=city-council&mdl_category=meeting-minutes,page,
Brockton,brockton,bus,2,city_council,minutes,,NO,0,0,0,,0,https://brockton.ma.us/public-documents/?mdl_committee=city-council&mdl_category=meeting-minutes,page,
Brookline,brookline,subway or light rail,5,,,,CONFIRMED,11,6,2,"1,2,3",4,https://www.brooklinema.gov/DocumentCenter/View/32142/MBTACommunitiesInformationForm_Submission_959867238,file,
Brookline,brookline,subway or light rail,5,,,,CONFIRMED,11,6,2,"1,2,3",4,https://www.brooklinema.gov/DocumentCenter/View/32142/MBTACommunitiesInformationForm_Submission_959867238?bidId=,file,
Brookline,brookline,subway or light rail,5,,,,NO,0,1,0,,15,https://www.brooklinema.gov/DocumentCenter/View/37610/Presentation-on-MBTA-Communities-Requirements,file,
Brookline,brookline,subway or light rail,5,,,,NO,0,1,0,,3,https://www.brooklinema.gov/DocumentCenter/View/38299/DRAFT-EDAB-Memo---MBTA-Communities---1623,file,
Brookline,brookline,subway or light rail,5,,,,CONFIRMED,9,1,1,"1,2",3,https://www.brooklinema.gov/DocumentCenter/View/38300/DRAFT-EDAB-Memo---MBTA-Communities---1623-clean,file,
Brookline,brookline,subway or light rail,5,,,,CONFIRMED,8,8,9,"1,2,3",5,https://www.brooklinema.gov/DocumentCenter/View/39393/ActionPlanforMBTACommunities_Submission_1058173804,file,
Brookline,brookline,subway or light rail,5,,,,CONFIRMED,87,11,35,"1,2,3,4,5,6,8,10,12,14,16,18,20,23,24,26",27,https://www.brooklinema.gov/DocumentCenter/View/40149/20230303-MBTA-Communities-Act-Noncompliance-FINAL,file,
Brookline,brookline,subway or light rail,5,,,,NO,0,0,0,,4,https://www.brooklinema.gov/DocumentCenter/View/40582/signed-DHCD-LETTER-MBTA-COMMUNITIES,file,
Brookline,brookline,subway or light rail,5,,,,NO,0,0,0,,4,https://www.brooklinema.gov/DocumentCenter/View/40582/signed-DHCD-LETTER-MBTA-COMMUNITIES?bidId=,file,
Brookline,brookline,subway or light rail,5,,,,CONFIRMED,24,64,81,"1,2,3,5,8,11,13,14,16,17,18",23,https://www.brooklinema.gov/DocumentCenter/View/41384/ARTICLE-24---Reso-MBTA-Communites,file,
Burlington,burlington,bus,5,,,,NO,0,0,6,,3,https://burlington.org/ImageRepository/Document?documentID=643,file,
Burlington,burlington,bus,5,,,,CONFIRMED,22,15,9,"1,2,3,5,6,11",11,https://www.burlington.org/DocumentCenter/View/13669,file,
Burlington,burlington,bus,5,,,,CONFIRMED,22,15,9,"1,2,3,5,6,11",11,https://www.burlington.org/DocumentCenter/View/13681,file,
Burlington,burlington,bus,5,,,,CONFIRMED,22,15,9,"1,2,3,5,6,11",11,https://www.burlington.org/DocumentCenter/View/13682,file,
Burlington,burlington,bus,5,,,,NO,0,1,0,,0,https://www.burlington.org/DocumentCenter/View/14107,file,
Burlington,burlington,bus,5,,,,NO,0,0,0,,0,https://www.burlington.org/DocumentCenter/View/14108,file,
Burlington,burlington,bus,5,,,,NO,0,2,0,,0,https://www.burlington.org/DocumentCenter/View/14109,file,
Burlington,burlington,bus,5,,,,NO,0,1,0,,0,https://www.burlington.org/DocumentCenter/View/14110,file,
Burlington,burlington,bus,5,,,,NO,0,2,0,,0,https://www.burlington.org/DocumentCenter/View/14111,file,
Burlington,burlington,bus,5,,,,NO,0,2,0,,0,https://www.burlington.org/DocumentCenter/View/14112,file,
Cambridge,cambridge,subway or light rail,5,,,,PROBABLE,18,0,1,"1,2,3,4,5,6,7,8,9",14,https://www.cambridgema.gov/-/media/Files/CDD/ZoningDevel/OtherProjects/mbtacommunities/MBTACommunities_CDDPresentation20220411.pdf,file,
Cambridge,cambridge,subway or light rail,5,,,,CONFIRMED,11,8,3,"1,2,6,7,9",9,https://www.cambridgema.gov/-/media/Files/CDD/ZoningDevel/OtherProjects/mbtacommunities/mbtacomm_cambridge_ActionPlan_20230131.pdf,file,
Cambridge,cambridge,subway or light rail,5,,,2024,NO,0,5,13,,4,https://www.cambridgema.gov/-/media/Files/CDD/ZoningDevel/Amendments/2024/multifamilyhousing/SIGNED_MultifamilyZoning_PBReport.pdf,file,
Cambridge,cambridge,subway or light rail,5,,,2024,CONFIRMED,10,30,29,"2,10,14,19,20,22,24",25,https://www.cambridgema.gov/-/media/Files/CDD/ZoningDevel/Amendments/2024/multifamilyhousing/multifamily_zoning_faq_20241127.pdf,file,
Cambridge,cambridge,subway or light rail,2,city_council,minutes,,NO,0,54,132,,17,https://cambridgema.gov/-/media/Files/cityclerksoffice/citycouncilmeetingminutes/citycouncilrulescleancopyadopted6126.pdf,file,
Cambridge,cambridge,subway or light rail,3,planning_board,minutes,,NO,0,0,0,,5,https://www.cambridgema.gov/-/media/Files/CDD/Planning/Studies/ConcordAlewifeStudy/MeetingNotes/concale_mtgnotes_20030327.pdf,file,
Cambridge,cambridge,subway or light rail,3,planning_board,minutes,,NO,0,0,1,,4,https://www.cambridgema.gov/-/media/Files/CDD/Planning/Studies/ConcordAlewifeStudy/MeetingNotes/concale_mtgnotes_20030607.pdf,file,
Cambridge,cambridge,subway or light rail,3,planning_board,minutes,,NO,0,0,0,,4,https://www.cambridgema.gov/-/media/Files/CDD/Planning/Studies/K2C2/central/k2c2_central_20110609_minutes.pdf,file,
Cambridge,cambridge,subway or light rail,3,planning_board,minutes,,NO,0,0,0,,4,https://www.cambridgema.gov/-/media/Files/CDD/Planning/Studies/K2C2/kendall/k2c2_kendall_20110621_minutes.pdf,file,
Cambridge,cambridge,subway or light rail,3,planning_board,minutes,,NO,0,0,0,,3,https://www.cambridgema.gov/-/media/Files/CDD/Planning/Studies/Trolley/MeetingNotes/trolleysq_notes_20020207.pdf,file,
Canton,canton,bus,5,,,,NO,0,0,0,,1,https://www.town.canton.ma.us/DocumentCenter/View/10991,file,
Canton,canton,bus,5,,,,NO,0,0,0,,1,https://www.town.canton.ma.us/DocumentCenter/View/10992,file,
Canton,canton,bus,5,,,,PROBABLE,5,0,2,"1,2",3,https://www.town.canton.ma.us/DocumentCenter/View/12176/Town-of-Canton-Receives-Determination-of-Compliance-with-MBTA-Communities-Law,file,
Canton,canton,bus,5,,,2023,CONFIRMED,213,8,1,"1,2,3,4,5,6,7,8,9,10,11,12,13,14,15,16,17,18",18,https://town.canton.ma.us/DocumentCenter/View/10964/REVISION-to-Section-3A-Compliance-Guidelines-August-17-2023,file,
Canton,canton,bus,5,,,2024,NO,0,349,0,,0,https://town.canton.ma.us/DocumentCenter/View/10993/MBTA-Communities-Public-Forum---January-24-2024,file,
Canton,canton,bus,1,town_meeting,warrant,,FETCH_FAIL,0,0,0,,0,http://www.town.canton.ma.us:80/ATM/STM-05_Warrant.pdf,file,HTTPError
Canton,canton,bus,1,town_meeting,warrant,,NO,0,0,0,,1,https://www.town.canton.ma.us/DocumentCenter/View/11665,file,
Canton,canton,bus,1,town_meeting,warrant,,CONFIRMED,1,19,9,29,52,https://www.town.canton.ma.us/DocumentCenter/View/13177/PUBLIC-INFO-SESSION---Specialized-Code-Slide-Deck,file,
Canton,canton,bus,1,town_meeting,warrant,,NO,0,0,1,,2,https://www.town.canton.ma.us/DocumentCenter/View/13333,file,
Canton,canton,bus,1,town_meeting,warrant,,NO,0,0,1,,8,https://www.town.canton.ma.us/DocumentCenter/View/13334,file,
Carlisle,carlisle,MBTA adjacent,1,town_meeting,warrant,,CONFIRMED,8,2,13,1,1,https://www.carlislema.gov/DocumentCenter/View/7281,file,
Carlisle,carlisle,MBTA adjacent,5,,,,CONFIRMED,14,1,4,"1,2,3",3,https://www.carlislema.gov/DocumentCenter/View/5509,file,
Carlisle,carlisle,MBTA adjacent,5,,,,PROBABLE,9,5,0,"1,2,3",3,https://www.carlislema.gov/DocumentCenter/View/6013,file,
Carlisle,carlisle,MBTA adjacent,5,,,,PROBABLE,1,1,0,1,0,https://www.carlislema.gov/DocumentCenter/View/6026,file,
Carlisle,carlisle,MBTA adjacent,5,,,,TOPIC_ONLY,6,0,0,1,1,https://www.carlislema.gov/DocumentCenter/View/6027,file,
Carlisle,carlisle,MBTA adjacent,5,,,,NO,0,5,0,,0,https://www.carlislema.gov/DocumentCenter/View/6030,file,
Carlisle,carlisle,MBTA adjacent,5,,,,NO,0,5,0,,0,https://www.carlislema.gov/DocumentCenter/View/6038,file,
Carlisle,carlisle,MBTA adjacent,5,,,,NO,0,1,0,,0,https://www.carlislema.gov/DocumentCenter/View/6364,file,
Carlisle,carlisle,MBTA adjacent,5,,,,PROBABLE,19,3,0,"1,2,3,4,5,6,7,8",8,https://www.carlislema.gov/DocumentCenter/View/6635/MBTACommunitiesSurvey-Carlisle_PDF,file,
Carlisle,carlisle,MBTA adjacent,5,,,,TOPIC_ONLY,6,0,0,1,1,https://www.carlislema.gov/DocumentCenter/View/6816/MBTA-Communities-SURVEY-Postcard_Revised,file,
Carver,carver,MBTA adjacent,5,,,,NO,0,0,0,,1,https://www.carverma.gov/sites/g/files/vyhlif4221/f/uploads/mbta_communities_multifamily_overlay_district.pdf,file,
Carver,carver,MBTA adjacent,1,town_meeting,warrant,,FETCH_FAIL,0,0,0,,0,http://www.carverma.gov/sites/carverma/files/pages/atm_warrant.pdf,file,HTTPError
Carver,carver,MBTA adjacent,1,town_meeting,warrant,,FETCH_FAIL,0,0,0,,0,http://www.carverma.gov/sites/carverma/files/uploads/atm_warrant_20120604june.pdf,file,HTTPError
Carver,carver,MBTA adjacent,1,town_meeting,warrant,,FETCH_FAIL,0,0,0,,0,http://www.carverma.gov/sites/carverma/files/uploads/atm_warrant_20130603.pdf,file,HTTPError
Carver,carver,MBTA adjacent,1,town_meeting,warrant,,FETCH_FAIL,0,0,0,,0,http://www.carverma.gov/sites/carverma/files/uploads/ste_warrant.pdf,file,HTTPError
Carver,carver,MBTA adjacent,1,town_meeting,warrant,,FETCH_FAIL,0,0,0,,0,http://www.carverma.gov/sites/carverma/files/uploads/stm_warrant_20120227_1feb.pdf,file,HTTPError
Carver,carver,MBTA adjacent,1,town_meeting,warrant,,FETCH_FAIL,0,0,0,,0,http://www.carverma.gov/sites/carverma/files/uploads/stm_warrant_20120604june.pdf,file,HTTPError
Carver,carver,MBTA adjacent,1,town_meeting,warrant,,FETCH_FAIL,0,0,0,,0,http://www.carverma.gov/sites/carverma/files/uploads/stm_warrant_20121206dec.pdf,file,HTTPError
Carver,carver,MBTA adjacent,1,town_meeting,warrant,,FETCH_FAIL,0,0,0,,0,http://www.carverma.gov/sites/carverma/files/uploads/stm_warrant_nov.pdf,file,HTTPError
Carver,carver,MBTA adjacent,1,town_meeting,warrant,,FETCH_FAIL,0,0,0,,0,http://www.carverma.gov:80/sites/carverma/files/uploads/issues_for_considerations_when_drafting_warrant_articles.pdf,file,HTTPError
Chelmsford,chelmsford,MBTA adjacent,5,,,,NO,0,0,0,,0,https://www.chelmsfordma.gov/DocumentCenter/View/13159,file,
Chelmsford,chelmsford,MBTA adjacent,5,,,,NO,0,0,0,,0,https://www.chelmsfordma.gov/DocumentCenter/View/13471,file,
Chelmsford,chelmsford,MBTA adjacent,5,,,,NO,0,0,0,,0,https://www.chelmsfordma.gov/DocumentCenter/View/13476,file,
Chelmsford,chelmsford,MBTA adjacent,5,,,,NO,0,0,0,,0,https://www.chelmsfordma.gov/DocumentCenter/View/13477,file,
Chelmsford,chelmsford,MBTA adjacent,5,,,,CONFIRMED,25,15,2,"1,4,5,6",6,https://www.chelmsfordma.gov/DocumentCenter/View/14653,file,
Chelmsford,chelmsford,MBTA adjacent,5,,,,CONFIRMED,204,4,1,"1,2,4,5,6,7,8,9,10,11,12,13,14,15,16,17,25,26",26,https://www.chelmsfordma.gov/DocumentCenter/View/14654,file,
Chelmsford,chelmsford,MBTA adjacent,5,,,,PROBABLE,24,0,29,"1,3,4,6,7,8,9,10,11,12,13,14,15",16,https://www.chelmsfordma.gov/DocumentCenter/View/14655,file,
Chelmsford,chelmsford,MBTA adjacent,5,,,,PROBABLE,13,0,5,"1,3,5,6,7,9,22,23,26",27,https://www.chelmsfordma.gov/DocumentCenter/View/15863,file,
Chelmsford,chelmsford,MBTA adjacent,5,,,,PROBABLE,21,10,0,"1,3,4,6",8,https://www.chelmsfordma.gov/DocumentCenter/View/16701,file,
Chelmsford,chelmsford,MBTA adjacent,5,,,,PROBABLE,13,0,5,"1,3,5,6,7,9,22,23,26",27,https://www.townofchelmsford.us/DocumentCenter/View/15863/MBTA-Communities--Kickoff-NMCOG-presentation-to-Chelmsford---06122023,file,
Chelsea,chelsea,subway or light rail,2,city_council,minutes,,FETCH_FAIL,0,0,0,,0,https://cms5.revize.com/revize/bedfordheightsoh/Document_Center/Council/12032024%20COUNCIL%20MINUTES.pdf,file,HTTPError
Chelsea,chelsea,subway or light rail,2,city_council,minutes,,FETCH_FAIL,0,0,0,,0,https://cms5.revize.com/revize/bedfordheightsoh/Document_Center/Council/Council%20Minutes/03182025COUNCILAGD.pdf,file,HTTPError
Chelsea,chelsea,subway or light rail,2,city_council,minutes,2022,FETCH_FAIL,0,0,0,,0,https://cms5.revize.com/revize/bridgewater/Council/Minutes/2022.07.12%20Signed%20Minutes.pdf,file,HTTPError
Chelsea,chelsea,subway or light rail,2,city_council,minutes,2022,FETCH_FAIL,0,0,0,,0,https://cms5.revize.com/revize/bridgewater/Council/Minutes/2022.08.09%20Signed%20Minutes.pdf,file,HTTPError
Chelsea,chelsea,subway or light rail,2,city_council,minutes,2022,FETCH_FAIL,0,0,0,,0,https://cms5.revize.com/revize/bridgewater/Council/Minutes/2022.09.13%20Signed%20Minutes.pdf,file,HTTPError
Chelsea,chelsea,subway or light rail,2,city_council,minutes,2022,FETCH_FAIL,0,0,0,,0,https://cms5.revize.com/revize/bridgewater/Council/Minutes/2022.11.09%20Signed%20Minutes.pdf,file,HTTPError
Chelsea,chelsea,subway or light rail,2,city_council,minutes,2022,FETCH_FAIL,0,0,0,,0,https://cms5.revize.com/revize/bridgewater/Council/Minutes/2022.12.13%20Signed%20Minutes.pdf,file,HTTPError
Chelsea,chelsea,subway or light rail,2,city_council,minutes,2023,FETCH_FAIL,0,0,0,,0,https://cms5.revize.com/revize/bridgewater/Council/Minutes/2023.01.10%20Signed%20Minutes.pdf,file,HTTPError
Chelsea,chelsea,subway or light rail,2,city_council,minutes,2023,FETCH_FAIL,0,0,0,,0,https://cms5.revize.com/revize/bridgewater/Council/Minutes/2023.03.14%20Signed%20Minutes%20of%20Town%20Council.pdf,file,HTTPError
Chelsea,chelsea,subway or light rail,2,city_council,minutes,2023,FETCH_FAIL,0,0,0,,0,https://cms5.revize.com/revize/bridgewater/Council/Minutes/2023.04.11%20Signed%20Council%20Minutes.pdf,file,HTTPError
Cohasset,cohasset,commuter rail,5,,,,CONFIRMED,14,1,1,"1,2,3,4,7,9,10,11,14",17,https://cohassetma.org/DocumentCenter/View/5153/MBTA-Community-Multi-Family-Housing-Presentation-LLind-to-SB-32222-Final,file,
Cohasset,cohasset,commuter rail,5,,,,NO,0,1,4,,1,https://www.cohassetma.gov/DocumentCenter/View/11454/FAQ-Cohasset-3A-MBTA-Communities,file,
Cohasset,cohasset,commuter rail,5,,,,CONFIRMED,10,6,1,"1,2,3",3,https://www.cohassetma.gov/DocumentCenter/View/11471/4c-Z3-3A-Multi-Family-Overlay-District-pdf,file,
Cohasset,cohasset,commuter rail,5,,,,CONFIRMED,8,7,1,"1,2,3",3,https://www.cohassetma.gov/DocumentCenter/View/11669/MBTA-Communities-Overlay-District-Article-ZBC-5,file,
Cohasset,cohasset,commuter rail,5,,,,CONFIRMED,14,1,1,"1,2,3,4,7,9,10,11,14",17,https://www.cohassetma.gov/DocumentCenter/View/5153/MBTA-Community-Multi-Family-Housing-Presentation-LLind-to-SB-32222-Final,file,
Cohasset,cohasset,commuter rail,5,,,,CONFIRMED,10,6,1,"1,2,3",3,https://www.cohassetma.org/DocumentCenter/View/11447,file,
Cohasset,cohasset,commuter rail,5,,,,CONFIRMED,10,6,1,"1,2,3",3,https://www.cohassetma.org/DocumentCenter/View/11471,file,
Cohasset,cohasset,commuter rail,5,,,,CONFIRMED,11,5,4,"1,3,5,6",10,https://www.cohassetma.org/DocumentCenter/View/7942,file,
Cohasset,cohasset,commuter rail,5,,,,CONFIRMED,17,3,10,1,0,https://www.cohassetma.gov/706/MBTA-Communities-Overlay-District-Inform,page,
Cohasset,cohasset,commuter rail,5,,,2024,PROBABLE,30,3,0,"1,2,3,4,5,6,7,8,9,10,11,12,13,14,15,16,17,18,19",19,https://www.cohassetma.gov/DocumentCenter/View/11846/2024-06-03-Update_-Cohasset-MBTA-Communities-Compliance,file,
Concord,concord,commuter rail,1,town_meeting,warrant,2024,NO,0,10,0,,0,https://concordma.gov/DocumentCenter/View/46331,file,
Concord,concord,commuter rail,1,town_meeting,warrant,2024,TOPIC_ONLY,1,0,0,1,1,https://www.concordma.gov/DocumentCenter/View/46330/MBTA_Communities_Multifamily_Overlay_District_Warrant-Article-Map-April-2024,file,
Concord,concord,commuter rail,5,,,,PROBABLE,1,0,2,1,4,https://concordma.gov/DocumentCenter/View/43241/MBTA-Communities-Outreach-Plan-Presentation,file,
Concord,concord,commuter rail,5,,,,CONFIRMED,1,1,5,1,1,https://concordma.gov/DocumentCenter/View/43264/MBTA-Communities-Timeline-,file,
Concord,concord,commuter rail,5,,,,TOPIC_ONLY,4,0,0,1,1,https://concordma.gov/DocumentCenter/View/43418/Basic-Facts-1-pager-MBTA-Communities,file,
Concord,concord,commuter rail,5,,,,PROBABLE,22,6,0,"6,7,11,19,20,21,22,30,32,33,34,35,39,42,46",47,https://concordma.gov/DocumentCenter/View/43439/June-28th-MBTA-Communities-Information-Session-Presentations,file,
Concord,concord,commuter rail,5,,,,NO,0,83,0,,0,https://concordma.gov/DocumentCenter/View/43980/Concord-MBTA-Presentation-July-26th-Community-Workshop,file,
Concord,concord,commuter rail,5,,,,NO,0,14,0,,0,https://concordma.gov/DocumentCenter/View/44340,file,
Concord,concord,commuter rail,5,,,,PROBABLE,1,11,0,1,0,https://concordma.gov/DocumentCenter/View/44530,file,
Concord,concord,commuter rail,5,,,,NO,0,7,0,,0,https://concordma.gov/DocumentCenter/View/44531,file,
Danvers,danvers,bus,5,zoning,,,NO,0,132,0,,0,https://www.danversma.gov/DocumentCenter/View/2170,file,
Danvers,danvers,bus,5,zoning,,2023,FETCH_FAIL,0,0,0,,0,https://www.danversma.gov/DocumentCenter/View/2000/MBTA-Community-Zoning-8-1-2023,file,HTTPError
Danvers,danvers,bus,5,zoning,,2023,NO,0,37,71,,99,https://www.danversma.gov/DocumentCenter/View/2172/MBTA-3A-Zoning-redline-11-9-2023,file,
Danvers,danvers,bus,5,zoning,,2024,NO,0,35,68,,91,https://www.danversma.gov/DocumentCenter/View/2443/Art-8-FINAL-MBTA-3A-Zoning-Sections-18-22-1-10-2024-CLEAN,file,
Danvers,danvers,bus,1,town_meeting,warrant,,NO,0,0,0,,37,https://www.danversma.gov/DocumentCenter/View/1115,file,
Danvers,danvers,bus,1,town_meeting,warrant,,CONFIRMED,5,27,28,4,7,https://www.danversma.gov/DocumentCenter/View/2268,file,
Danvers,danvers,bus,1,town_meeting,warrant,,NO,0,129,92,,47,https://www.danversma.gov/DocumentCenter/View/2520,file,
Danvers,danvers,bus,1,town_meeting,warrant,,NO,0,0,0,,37,https://www.danversma.gov/DocumentCenter/View/358,file,
Danvers,danvers,bus,1,town_meeting,warrant,,CONFIRMED,1,8,44,1,0,https://www.danversma.gov/799/Town-Meeting-Warrants,page,
Danvers,danvers,bus,1,town_meeting,warrant,2022,NO,0,0,0,,37,https://www.danversma.gov/DocumentCenter/View/573/May-16-2022-Annual-Town-Meeting-Warrant-and-Explanation-Report-PDF,file,
Dedham,dedham,bus,3,planning_board,minutes,,FETCH_FAIL,0,0,0,,0,http://www.dedham-ma.gov/dedham/file/PB/PB%20Minutes.pdf,file,HTTPError
Dedham,dedham,bus,3,planning_board,minutes,,FETCH_FAIL,0,0,0,,0,http://www.dedham-ma.gov/dedham/file/PB/PB%20Minutes/PB%20Minutes.pdf,file,HTTPError
Dedham,dedham,bus,4,select_board,minutes,2022,FETCH_FAIL,0,0,0,,0,http://www.dedham-ma.gov/dedham/file/Selectmen's%20Meeting%20Minutes%209%2022%2012.pdf,file,HTTPError
Dover,dover,MBTA adjacent,5,,,,PROBABLE,14,0,7,"1,3,4,5,6,7,9",9,https://doverma.gov/DocumentCenter/View/3525,file,
Dover,dover,MBTA adjacent,5,,,,PROBABLE,15,0,2,"1,2,3,4",4,https://doverma.gov/DocumentCenter/View/4215,file,
Dover,dover,MBTA adjacent,5,,,,PROBABLE,13,1,0,"1,2",2,https://doverma.gov/DocumentCenter/View/4228/Dover---Confirmation-of-Compliance-with-GL-c-40A-Section-3A-1-12725,file,
Dover,dover,MBTA adjacent,5,,,,CONFIRMED,8,3,9,"1,2,3",4,https://doverma.gov/DocumentCenter/View/4231,file,
Dover,dover,MBTA adjacent,5,,,,PROBABLE,15,0,2,"1,2,3,4",4,https://doverma.gov/DocumentCenter/View/4233,file,
Dover,dover,MBTA adjacent,5,,,,PROBABLE,16,0,5,"1,2,3,4,5,6,7,9",9,https://doverma.gov/DocumentCenter/View/4262,file,
Dover,dover,MBTA adjacent,5,,,,CONFIRMED,29,1,6,"1,2,3,4,5,6,7,8",8,https://doverma.gov/DocumentCenter/View/4294,file,
Dover,dover,MBTA adjacent,5,,,,CONFIRMED,51,8,48,1,0,https://doverma.gov/675/MBTA-Communities-Act,page,
Dover,dover,MBTA adjacent,5,,,2023,PROBABLE,4,0,2,"1,2",2,https://doverma.gov/DocumentCenter/View/4291/MBTA-Communities-Act-Dover--Timeline---2023-and-2024,file,
Dover,dover,MBTA adjacent,5,,,2025,PROBABLE,16,0,7,"1,2,3,4,5,6,7,9",9,https://www.doverma.gov/DocumentCenter/View/4230/MBTA-Communities-FAQ-2-4-25,file,
Dracut,dracut,MBTA adjacent,5,,,,FETCH_FAIL,0,0,0,,0,https://dracutma.gov/DocumentCenter/View/2688/Dracut-MBTA-Communities-Handout-PDF?bidId=,file,HTTPError
Dracut,dracut,MBTA adjacent,5,,,,NO,0,0,0,,0,https://www.dracutma.gov/DocumentCenter/View/2679,file,
Dracut,dracut,MBTA adjacent,5,,,,TOPIC_ONLY,1,0,0,1,1,https://www.dracutma.gov/DocumentCenter/View/3076,file,
Dracut,dracut,MBTA adjacent,5,,,,NO,0,0,0,,0,https://www.dracutma.gov/DocumentCenter/View/3077,file,
Dracut,dracut,MBTA adjacent,5,,,,CONFIRMED,8,4,8,"1,2,3,6,7",12,https://www.dracutma.gov/DocumentCenter/View/3231/MBTA-Communities-Survey-Results-PDF,file,
Dracut,dracut,MBTA adjacent,5,,,,NO,0,1,0,,0,https://www.dracutma.gov/DocumentCenter/View/5490,file,
Dracut,dracut,MBTA adjacent,5,,,,TOPIC_ONLY,1,0,0,1,1,https://www.dracutma.gov/DocumentCenter/View/5493,file,
Dracut,dracut,MBTA adjacent,5,,,2026,CONFIRMED,4,1,3,"1,2",4,https://dracutma.gov/DocumentCenter/View/5564/MBTA-Communities-Act-Frequently-Asked-Questions-2-26-2026-PDF,file,
Dracut,dracut,MBTA adjacent,5,,,2026,CONFIRMED,5,8,10,"1,3,5,11",24,https://dracutma.gov/DocumentCenter/View/5565/MBTA-Communities-Act-Community-Input-Session-Slides-2-26-2026-PDF,file,
Dracut,dracut,MBTA adjacent,5,zoning,,,CONFIRMED,11,3,2,1,0,https://dracutma.gov/836/MBTA-Communities-Zoning,page,
Duxbury,duxbury,MBTA adjacent,5,,,,CONFIRMED,11,2,9,"1,2,5,6",8,https://www.town.duxbury.ma.us/sites/g/files/vyhlif10506/f/uploads/actionplanformbtacommunities_submission_1061750257_0.pdf,file,
Duxbury,duxbury,MBTA adjacent,5,,,,CONFIRMED,146,1,1,"1,2,3,4,5,6,7,8,9,10,11",11,https://www.town.duxbury.ma.us/sites/g/files/vyhlif10506/f/uploads/draft_guidelines_for_mbta_communities_1.pdf,file,
Duxbury,duxbury,MBTA adjacent,5,,,,CONFIRMED,42,9,4,"1,2,3,4,5,6,7,8",8,https://www.town.duxbury.ma.us/sites/g/files/vyhlif10506/f/uploads/duxbury_mbtacommunities_faq_0.pdf,file,
Duxbury,duxbury,MBTA adjacent,5,,,,PROBABLE,9,0,6,"1,2",2,https://www.town.duxbury.ma.us/sites/g/files/vyhlif10506/f/uploads/eohlc_letter_re_mbta_communities_-_duxbury_request_for_12_month_extension.pdf,file,
Duxbury,duxbury,MBTA adjacent,5,,,2023,TOPIC_ONLY,1,0,0,1,1,https://www.town.duxbury.ma.us/sites/g/files/vyhlif10506/f/uploads/2023-07-20_mbta_communities_potential_sites_map_0.pdf,file,
Duxbury,duxbury,MBTA adjacent,5,,,2023,CONFIRMED,216,8,1,"1,2,3,4,5,6,7,8,9,10,11,12,13,14,15,16,17,18,19,26",26,https://www.town.duxbury.ma.us/sites/g/files/vyhlif10506/f/uploads/revision_to_section_3a_compliance_guidelines_august_17_2023_clean_with_appendix.pdf,file,
Duxbury,duxbury,MBTA adjacent,5,,,2024,CONFIRMED,10,5,12,"1,2,4",4,https://www.town.duxbury.ma.us/sites/g/files/vyhlif10506/f/pages/mbta_communities_chronology_06-13-2024.pdf,file,
Duxbury,duxbury,MBTA adjacent,5,,agenda,2024,NO,0,0,0,,1,https://www.town.duxbury.ma.us/sites/g/files/vyhlif10506/f/agendas/06-17-24_mbta_community_working_group_agenda.pdf,file,
Duxbury,duxbury,MBTA adjacent,5,,agenda,2024,TOPIC_ONLY,1,0,0,1,1,https://www.town.duxbury.ma.us/sites/g/files/vyhlif10506/f/events/06-17-24_mbta_communities_working_group_agenda_-_revised.pdf,file,
Duxbury,duxbury,MBTA adjacent,5,,agenda,2024,PROBABLE,1,0,1,1,1,https://www.town.duxbury.ma.us/sites/g/files/vyhlif10506/f/events/mbta_communities_wg_agenda_-_july_16_2024.pdf,file,
East Bridgewater,eastbridgewater,MBTA adjacent,1,town_meeting,warrant,,CONFIRMED,6,148,106,"20,21,22",56,https://eastbridgewaterma.gov/DocumentCenter/View/5088,file,
East Bridgewater,eastbridgewater,MBTA adjacent,1,town_meeting,warrant,,NO,0,1,0,,0,https://www.eastbridgewaterma.gov/DocumentCenter/View/4800,file,
East Bridgewater,eastbridgewater,MBTA adjacent,1,town_meeting,warrant,2022,FETCH_FAIL,0,0,0,,0,https://www.eastbridgewaterma.gov/sites/g/files/vyhlif516/f/uploads/stm_warrant_11-2022.pdf,file,HTTPError
East Bridgewater,eastbridgewater,MBTA adjacent,1,town_meeting,warrant,2025,NO,0,189,0,,0,https://eastbridgewaterma.gov/DocumentCenter/View/1754/Town-Meeting---May-12-2025---Warrant---Final-Version-DOCX,file,
East Bridgewater,eastbridgewater,MBTA adjacent,1,town_meeting,warrant,2025,NO,0,1,0,,0,https://eastbridgewaterma.gov/DocumentCenter/View/4799/FINAL_10272025-Warrantdocx,file,
East Bridgewater,eastbridgewater,MBTA adjacent,1,town_meeting,warrant,2025,NO,0,1,0,,0,https://eastbridgewaterma.gov/DocumentCenter/View/4801/11102025-Final-Warrantdocx,file,
East Bridgewater,eastbridgewater,MBTA adjacent,1,town_meeting,warrant,2025,NO,0,62,27,,12,https://www.eastbridgewaterma.gov/DocumentCenter/View/1756/Stm-Warrant-Winter-2025-PDF,file,
East Bridgewater,eastbridgewater,MBTA adjacent,1,town_meeting,warrant,2026,CONFIRMED,6,148,106,"20,21,22",56,https://eastbridgewaterma.gov/DocumentCenter/View/5064/Town-Meeting---May-16-2026---Warrant,file,
East Bridgewater,eastbridgewater,MBTA adjacent,1,town_meeting,warrant,2026,NO,0,83,0,,0,https://www.eastbridgewaterma.gov/DocumentCenter/View/5062,file,
East Bridgewater,eastbridgewater,MBTA adjacent,2,city_council,minutes,2024,NO,0,12,0,,7,https://www.eastbridgewaterma.gov/DocumentCenter/View/4653,file,
Easton,easton,MBTA adjacent,5,,,,NO,0,1,0,,0,https://eastontownma.documents-on-demand.com/document/eb73d369-47a0-ee11-a3e5-000c29a59557/Timeline%20of%20Critical%20Events?ref=mbtacommunities.bostonindicators.org,file,
Easton,easton,MBTA adjacent,1,town_meeting,warrant,,NO,0,0,1,,2,https://eastontownma.documents-on-demand.com/Document/32c13745-115e-e511-9795-001fbc00ed84/petition_for_article_insertion_in_warrant.pdf,file,
Easton,easton,MBTA adjacent,1,town_meeting,warrant,,FETCH_FAIL,0,0,0,,0,"https://eastontownma.documents-on-demand.com/Document/360753fe-5cd1-e811-a2c6-000c29a59557/STM%20Final%20Warrant%20October%2030,%202018.pdf",file,HTTPError
Easton,easton,MBTA adjacent,1,town_meeting,warrant,,FETCH_FAIL,0,0,0,,0,https://eastontownma.documents-on-demand.com/Document/db5ad93d-8ba7-eb11-a336-000c29a59557/Proposed%20Zoning%20Amendment%20Warrant%20Supplement%20FINAL%20042721.pdf,file,HTTPError
Easton,easton,MBTA adjacent,1,town_meeting,warrant,,NO,0,1,0,,1,https://eastontownma.documents-on-demand.com/document/1aa4e83d-54c4-ee11-a3ed-000c29a59557/Ames%20Library%20Roof%20-%20CPA%20Application%20&%20Warrant%20Article%20WEB.PDF,file,
Easton,easton,MBTA adjacent,1,town_meeting,warrant,2022,NO,0,1,0,,0,"https://eastontownma.documents-on-demand.com/document/4b353a7c-09af-ea11-a2fd-000c29a59557/ATM%20Final%20Warrant%20June%2022,%202020",file,
Easton,easton,MBTA adjacent,1,town_meeting,warrant,2023,NO,0,1,0,,0,https://eastontownma.documents-on-demand.com/Document/9f9b832f-8472-ee11-a3db-000c29a59557/2023.10.23%20STM%20Warrant%20,file,
Easton,easton,MBTA adjacent,1,town_meeting,warrant,2023,FETCH_FAIL,0,0,0,,0,https://eastontownma.documents-on-demand.com/Document/9f9b832f-8472-ee11-a3db-000c29a59557/2023.10.23%20STM%20Warrant%20&%20Results.pdf,file,HTTPError
Easton,easton,MBTA adjacent,1,town_meeting,warrant,2024,NO,0,1,0,,1,https://eastontownma.documents-on-demand.com/document/5dac5ac7-ac17-ef11-a405-000c29a59557/2024.05.20%20ATM%20Warrant%20and%20Results.PDF,file,
Essex,essex,MBTA adjacent,1,town_meeting,minutes,,FETCH_FAIL,0,0,0,,0,http://essexma.org/Pages/EssexMA_Clerk/WarrantsMinutes/02012016Min.pdf,file,HTTPError
Essex,essex,MBTA adjacent,1,town_meeting,minutes,,FETCH_FAIL,0,0,0,,0,http://essexma.org/Pages/EssexMA_Clerk/WarrantsMinutes/05022011%20Minutes.pdf,file,HTTPError
Essex,essex,MBTA adjacent,1,town_meeting,minutes,,FETCH_FAIL,0,0,0,,0,http://essexma.org/Pages/EssexMA_Clerk/WarrantsMinutes/05022016Min.pdf,file,HTTPError
Essex,essex,MBTA adjacent,1,town_meeting,minutes,,FETCH_FAIL,0,0,0,,0,http://essexma.org/Pages/EssexMA_Clerk/WarrantsMinutes/05022016War.pdf,file,HTTPError
Essex,essex,MBTA adjacent,1,town_meeting,minutes,,FETCH_FAIL,0,0,0,,0,http://essexma.org/Pages/EssexMA_Clerk/WarrantsMinutes/050310%20ATM%20Min.pdf,file,HTTPError
Essex,essex,MBTA adjacent,1,town_meeting,minutes,,FETCH_FAIL,0,0,0,,0,http://essexma.org/Pages/EssexMA_Clerk/WarrantsMinutes/050310%20ATM%20Warrant.pdf,file,HTTPError
Essex,essex,MBTA adjacent,1,town_meeting,minutes,,FETCH_FAIL,0,0,0,,0,http://essexma.org/Pages/EssexMA_Clerk/WarrantsMinutes/050415%20ATM%20Minutes.pdf,file,HTTPError
Essex,essex,MBTA adjacent,1,town_meeting,minutes,,FETCH_FAIL,0,0,0,,0,http://essexma.org/Pages/EssexMA_Clerk/WarrantsMinutes/050514ATMMinutes.pdf,file,HTTPError
Essex,essex,MBTA adjacent,1,town_meeting,minutes,,FETCH_FAIL,0,0,0,,0,http://essexma.org/Pages/EssexMA_Clerk/WarrantsMinutes/050712%20ATM%20Warrant.pdf,file,HTTPError
Essex,essex,MBTA adjacent,1,town_meeting,minutes,,FETCH_FAIL,0,0,0,,0,http://essexma.org/Pages/EssexMA_Clerk/WarrantsMinutes/050712ATMMinutes.pdf,file,HTTPError
Everett,everett,subway or light rail,2,city_council,minutes,2022,NO,0,0,0,,2,https://cityofeverett.com/wp-content/uploads/2022/08/08-30-2022-Cultural-Council-minutes.pdf,file,
Everett,everett,subway or light rail,2,city_council,minutes,2023,NO,0,0,0,,2,https://cityofeverett.com/wp-content/uploads/2022/12/01-03-2023-City-Council-Minutes.pdf,file,
Everett,everett,subway or light rail,2,city_council,minutes,2023,NO,0,0,0,,10,https://cityofeverett.com/wp-content/uploads/2023/01/01-09-2023-City-Council-Minutes.pdf,file,
Everett,everett,subway or light rail,2,city_council,minutes,2023,NO,0,0,0,,11,https://cityofeverett.com/wp-content/uploads/2023/01/01-23-2023-City-Council-Minutes.pdf,file,
Everett,everett,subway or light rail,2,city_council,minutes,2023,NO,0,0,0,,14,https://cityofeverett.com/wp-content/uploads/2023/02/02-13-2023-City-Council-Minutes.pdf,file,
Everett,everett,subway or light rail,2,city_council,minutes,2023,NO,0,0,0,,11,https://cityofeverett.com/wp-content/uploads/2023/03/03-13-2023-City-Council-Minutes.pdf,file,
Everett,everett,subway or light rail,2,city_council,minutes,2023,NO,0,0,0,,8,https://cityofeverett.com/wp-content/uploads/2023/03/03-27-2023-City-Council-Minutes.pdf,file,
Everett,everett,subway or light rail,2,city_council,minutes,2023,NO,0,0,0,,13,https://cityofeverett.com/wp-content/uploads/2023/04/04-24-2023-City-Council-Minutes-2.pdf,file,
Everett,everett,subway or light rail,2,city_council,minutes,2023,NO,0,0,0,,10,https://cityofeverett.com/wp-content/uploads/2023/05/05-08-2023-City-Council-Minutes.pdf,file,
Everett,everett,subway or light rail,2,city_council,minutes,2023,NO,0,0,0,,2,https://cityofeverett.com/wp-content/uploads/2023/05/05-10-2023-City-Council-School-Committee-Joint-Conv-Minutes.pdf,file,
Fitchburg,fitchburg,commuter rail,5,city_council,,,PROBABLE,14,0,3,"1,8,9,10,12,17,24,25",25,https://www.fitchburgma.gov/DocumentCenter/View/9707/MBTA-Communities-Council-Presentation,file,
Fitchburg,fitchburg,commuter rail,1,town_meeting,warrant,,NO,0,8,11,,70,http://www.fitchburgma.gov/DocumentCenter/View/10563/WARRANT-FOR-A-SPECIAL-MEETING-PACKET,file,
Fitchburg,fitchburg,commuter rail,2,city_council,minutes,2026,NO,0,22,14,,3,https://fitchburgma.gov/AgendaCenter/ViewFile/Minutes/_01052026-4975,file,
Fitchburg,fitchburg,commuter rail,2,city_council,minutes,2026,NO,0,19,11,,7,https://fitchburgma.gov/AgendaCenter/ViewFile/Minutes/_01062026-4990,file,
Fitchburg,fitchburg,commuter rail,2,city_council,minutes,2026,NO,0,9,5,,2,https://fitchburgma.gov/AgendaCenter/ViewFile/Minutes/_01202026-4974,file,
Fitchburg,fitchburg,commuter rail,2,city_council,minutes,2026,NO,0,19,14,,6,https://fitchburgma.gov/AgendaCenter/ViewFile/Minutes/_01202026-5026,file,
Fitchburg,fitchburg,commuter rail,2,city_council,minutes,2026,NO,0,41,13,,7,https://fitchburgma.gov/AgendaCenter/ViewFile/Minutes/_02032026-5049,file,
Fitchburg,fitchburg,commuter rail,2,city_council,minutes,2026,NO,0,42,7,,6,https://fitchburgma.gov/AgendaCenter/ViewFile/Minutes/_02172026-5075,file,
Fitchburg,fitchburg,commuter rail,2,city_council,minutes,2026,NO,0,20,6,,8,https://fitchburgma.gov/AgendaCenter/ViewFile/Minutes/_03112026-5110,file,
Fitchburg,fitchburg,commuter rail,2,city_council,minutes,2026,NO,0,10,5,,6,https://fitchburgma.gov/AgendaCenter/ViewFile/Minutes/_03172026-5127,file,
Foxborough,foxborough,MBTA adjacent,1,town_meeting,warrant,,FETCH_FAIL,0,0,0,,0,http://foxboroughma.gov/Pages/FoxboroughMA_EmerNews/0250A41D-000F8513.0/Foxborough%20Warrant%20STM%20Fall%20Dec.%205%202016.pdf,file,HTTPError
Foxborough,foxborough,MBTA adjacent,1,town_meeting,warrant,,FETCH_FAIL,0,0,0,,0,http://www.foxboroughma.gov/Pages/FoxboroughMA_BComm/archive%20boards/FoxboroughMA_ZoningReview/WARRANTArticle1.pdf,file,HTTPError
Foxborough,foxborough,MBTA adjacent,1,town_meeting,warrant,,FETCH_FAIL,0,0,0,,0,http://www.foxboroughma.gov/Pages/FoxboroughMA_BComm/archive%20boards/FoxboroughMA_ZoningReview/WARRANTArticle4.pdf,file,HTTPError
Foxborough,foxborough,MBTA adjacent,1,town_meeting,warrant,,FETCH_FAIL,0,0,0,,0,http://www.foxboroughma.gov/Pages/FoxboroughMA_BComm/archive%20boards/FoxboroughMA_ZoningReview/WARRANTArticle6.pdf,file,HTTPError
Foxborough,foxborough,MBTA adjacent,1,town_meeting,warrant,,FETCH_FAIL,0,0,0,,0,http://www.foxboroughma.gov/Pages/FoxboroughMA_News/020B9616-000F8513.0/FOXBORO%20WARRANT-FINAL%20PROOF.pdf,file,HTTPError
Foxborough,foxborough,MBTA adjacent,1,town_meeting,warrant,,FETCH_FAIL,0,0,0,,0,http://www.foxboroughma.gov/Pages/FoxboroughMA_News/I020B970B.0/FOXBORO%20WARRANT-FINAL%20PROOF.pdf,file,HTTPError
Foxborough,foxborough,MBTA adjacent,4,select_board,minutes,,FETCH_FAIL,0,0,0,,0,http://foxboroughma.gov/Pages/FoxboroughMA_BOSMin/Minutes%202015/BOS%20Minutes%201-28-15,file,HTTPError
Foxborough,foxborough,MBTA adjacent,4,select_board,minutes,,FETCH_FAIL,0,0,0,,0,http://foxboroughma.gov/Pages/FoxboroughMA_BOSMin/Minutes%202015/BOS%20Minutes%203-17-15,file,HTTPError
Foxborough,foxborough,MBTA adjacent,4,select_board,minutes,,FETCH_FAIL,0,0,0,,0,http://foxboroughma.gov/Pages/FoxboroughMA_BOSMin/Minutes%202015/BOS%20Minutes%203-3-15,file,HTTPError
Foxborough,foxborough,MBTA adjacent,4,select_board,minutes,,FETCH_FAIL,0,0,0,,0,http://foxboroughma.gov/Pages/FoxboroughMA_BOSMin/Minutes%202015/BOS%20Minutes%204-14-15,file,HTTPError
Framingham,framingham,commuter rail,5,,,,CONFIRMED,6,4,3,"1,2",2,https://framinghamma.gov/DocumentCenter/View/52911,file,
Framingham,framingham,commuter rail,5,,,,NO,0,20,0,,0,https://www.framinghamma.gov/DocumentCenter/View/54020,file,
Framingham,framingham,commuter rail,5,,,,PROBABLE,7,0,10,1,0,https://framinghamma.gov/3947/MBTA-Communities-ACT-Documents,page,
Framingham,framingham,commuter rail,5,zoning,notice,,NO,0,0,0,,1,https://www.framinghamma.gov/DocumentCenter/View/52950,file,
Framingham,framingham,commuter rail,5,zoning,notice,,NO,0,0,0,,1,https://www.framinghamma.gov/DocumentCenter/View/53178,file,
Framingham,framingham,commuter rail,1,town_meeting,warrant,,NO,0,0,0,,2,https://framinghamma.gov/DocumentCenter/View/50434/Warrant-091923,file,
Framingham,framingham,commuter rail,1,town_meeting,warrant,,NO,0,0,0,,2,https://framinghamma.gov/DocumentCenter/View/50434/Warrant-091923?bidId=,file,
Framingham,framingham,commuter rail,1,town_meeting,warrant,,NO,0,0,0,,3,https://framinghamma.gov/DocumentCenter/View/50702/Warrant--110723,file,
Framingham,framingham,commuter rail,1,town_meeting,warrant,,NO,0,0,0,,2,https://framinghamma.gov/DocumentCenter/View/51584/Warrant-030524,file,
Framingham,framingham,commuter rail,1,town_meeting,warrant,,NO,0,1,1,,3,https://www.framinghamma.gov/DocumentCenter/View/42975/Warrant-091421?bidId=,file,
Franklin,franklin,commuter rail,5,,,2022,FETCH_FAIL,0,0,0,,0,https://www.franklinma.gov/sites/g/files/vyhlif6896/f/uploads/2022_multifamily_zoning_requirements_for_mbta_communities_-_franklin_0.pdf,file,HTTPError
Franklin,franklin,commuter rail,5,city_council,,2026,TOPIC_ONLY,8,0,0,"1,2,3,4",8,https://www.franklinma.gov/DocumentCenter/View/9325/MBTA-Communities-Council-Presentation---4126,file,
Franklin,franklin,commuter rail,1,town_meeting,warrant,2023,FETCH_FAIL,0,0,0,,0,https://www.franklinma.gov/sites/g/files/vyhlif10036/f/news/tri-county_warrant_10-24-2023.pdf,file,HTTPError
Franklin,franklin,commuter rail,2,city_council,minutes,,FETCH_FAIL,0,0,0,,0,https://www.franklinma.gov/sites/g/files/vyhlif6896/f/minutes/town_council_mtg_minutes_jan_5_22.pdf,file,HTTPError
Franklin,franklin,commuter rail,2,city_council,minutes,2022,FETCH_FAIL,0,0,0,,0,https://www.franklinma.gov/sites/g/files/vyhlif6896/f/minutes/town_council_meeting_minutes_-_february_16_2022.pdf,file,HTTPError
Franklin,franklin,commuter rail,2,city_council,minutes,2022,FETCH_FAIL,0,0,0,,0,https://www.franklinma.gov/sites/g/files/vyhlif6896/f/minutes/town_council_meeting_minutes_-_jan_19_2022.pdf,file,HTTPError
Franklin,franklin,commuter rail,2,city_council,minutes,2023,FETCH_FAIL,0,0,0,,0,https://www.franklinma.gov/sites/g/files/vyhlif6896/f/uploads/3a._march_15_2023_town_council_minutes_-_draft.pdf,file,HTTPError
Franklin,franklin,commuter rail,2,city_council,minutes,2024,NO,0,1,5,,2,https://www.franklinma.gov/DocumentCenter/View/204,file,
Franklin,franklin,commuter rail,2,city_council,minutes,2024,NO,0,0,1,,15,https://www.franklinma.gov/DocumentCenter/View/205,file,
Franklin,franklin,commuter rail,2,city_council,minutes,2025,NO,0,75,20,,8,https://www.franklinma.gov/DocumentCenter/View/4068/3a-January-8-2025-Town-Council-Meeting-Minutes,file,
Freetown,freetown,MBTA adjacent,5,,,,CONFIRMED,18,1,5,"1,3,4,5",6,https://freetownma.gov/DocumentCenter/View/1452,file,
Freetown,freetown,MBTA adjacent,5,,,,NO,0,2,0,,0,https://freetownma.gov/DocumentCenter/View/6907,file,
Freetown,freetown,MBTA adjacent,5,,,,TOPIC_ONLY,3,0,0,1,1,https://freetownma.gov/DocumentCenter/View/7332/MBTA-Multi-Family-Overlay-District-Map-Proposed,file,
Freetown,freetown,MBTA adjacent,5,,,,TOPIC_ONLY,3,0,0,1,1,https://freetownma.gov/DocumentCenter/View/7332/MBTA-Multi-Family-Overlay-District-Map-Proposed?bidId=,file,
Freetown,freetown,MBTA adjacent,5,,,,NO,0,12,0,,0,https://freetownma.gov/DocumentCenter/View/7333,file,
Freetown,freetown,MBTA adjacent,5,planning_board,,,NO,0,0,0,,1,https://freetownma.gov/ImageRepository/Document?documentID=927,file,
Freetown,freetown,MBTA adjacent,5,zoning,bylaw,,PROBABLE,16,0,8,"1,2,6",7,https://freetownma.gov/DocumentCenter/View/7644,file,
Freetown,freetown,MBTA adjacent,1,town_meeting,minutes,,FETCH_FAIL,0,0,0,,0,https://www.freetownma.gov/sites/g/files/vyhlif4441/f/minutes/town_meeting_study_comm_min_0113.pdf,file,HTTPError
Freetown,freetown,MBTA adjacent,1,town_meeting,warrant,,FETCH_FAIL,0,0,0,,0,http://freetownma.gov/download/FY06Warrant.pdf,file,HTTPError
Freetown,freetown,MBTA adjacent,1,town_meeting,warrant,,FETCH_FAIL,0,0,0,,0,http://www.freetownma.gov/sites/freetownma/files/u61/atm_warrant_for_posting_on_website.pdf,file,HTTPError
Georgetown,georgetown,MBTA adjacent,5,,,,FETCH_FAIL,0,0,0,,0,https://www.georgetownma.gov/sites/g/files/vyhlif616/f/news/mbtacommunitiesgeorgetown_26x36.pdf,file,HTTPError
Georgetown,georgetown,MBTA adjacent,5,,,,FETCH_FAIL,0,0,0,,0,https://www.georgetownma.gov/sites/g/files/vyhlif616/f/news/mbtacommunitiesgeorgetown_26x36_0.pdf,file,HTTPError
Georgetown,georgetown,MBTA adjacent,5,planning_board,,2025,FETCH_FAIL,0,0,0,,0,https://georgetownma.gov/government/boards___commissions/planning_board/MBTA 3A districts MAY 2025.pptx,file,HTTPError
Georgetown,georgetown,MBTA adjacent,6,planning_board,decision,2025,FETCH_FAIL,0,0,0,,0,https://georgetownma.gov/government/boards___commissions/planning_board/e-Update_MBTA_Communities_Act_Milton_Decision JAN2025.pdf,file,HTTPError
Georgetown,georgetown,MBTA adjacent,1,town_meeting,minutes,,FETCH_FAIL,0,0,0,,0,http://georgetownma.gov/Public_Documents/Georgetownma_Clerk/tmminutes/ATM%205_2_11%20final%20Minutes.pdf,file,HTTPError
Georgetown,georgetown,MBTA adjacent,1,town_meeting,minutes,,FETCH_FAIL,0,0,0,,0,"http://georgetownma.gov/Public_Documents/Georgetownma_Clerk/tmminutes/ATM%20May%205,%202014%20Minutes.pdf/",file,HTTPError
Georgetown,georgetown,MBTA adjacent,1,town_meeting,minutes,,FETCH_FAIL,0,0,0,,0,http://georgetownma.gov/Public_Documents/Georgetownma_Clerk/tmminutes/ATM%20Minutes%205-5-08.pdf,file,HTTPError
Georgetown,georgetown,MBTA adjacent,1,town_meeting,minutes,,FETCH_FAIL,0,0,0,,0,http://georgetownma.gov/Public_Documents/Georgetownma_Clerk/tmminutes/ATM%20Minutes%20final%205-7-12.pdf,file,HTTPError
Georgetown,georgetown,MBTA adjacent,1,town_meeting,warrant,,FETCH_FAIL,0,0,0,,0,http://georgetownma.gov/public_documents/GeorgetownMA_Admin/ATM%20and%20STM%20Warrants/Final%20ATM%20Warrant%20for%20dist%204_23_12.pdf,file,HTTPError
Georgetown,georgetown,MBTA adjacent,1,town_meeting,warrant,,FETCH_FAIL,0,0,0,,0,http://www.georgetownma.gov/Public_Documents/GeorgetownMA_Admin/ATM%20and%20STM%20Warrants/ATM%20Final%20Warrant%205_5_08.pdf,file,HTTPError
Gloucester,gloucester,commuter rail,5,,,,NO,0,0,0,,0,https://gloucester-ma.gov/ImageRepository/Document?documentID=689,file,
Gloucester,gloucester,commuter rail,5,,,,TOPIC_ONLY,30,0,0,"1,2,3,4,5,6,7,8,9,10,11,12,13,14,15,16,17,18,19,20",21,https://www.gloucester-ma.gov/DocumentCenter/View/10319/MBTA-Communities-QA-Session-Presentation-5222024,file,
Gloucester,gloucester,commuter rail,5,,,,PROBABLE,7,4,0,1,0,https://3Azoning.gloucester-ma.gov,page,
Gloucester,gloucester,commuter rail,5,,,,CONFIRMED,24,3,36,1,0,https://gloucester-ma.gov/1250/Past-MBTA-Communities-Meetings-Presentat,page,
Gloucester,gloucester,commuter rail,5,,,,CONFIRMED,24,3,36,1,0,https://www.gloucester-ma.gov/1250/State-40A-3A-MBTA-Communities-Informatio,page,
Gloucester,gloucester,commuter rail,5,,,2024,CONFIRMED,75,2,1,"1,2,3,4,5,6,7,8,9,10,11,12,13,14,15,16,17,18,19,20",40,https://www.gloucester-ma.gov/DocumentCenter/View/10097/2024-02-20_Gloucester-MBTA-Communities-Presentation,file,
Gloucester,gloucester,commuter rail,5,planning_board,,,PROBABLE,1,0,1,4,14,https://www.gloucester-ma.gov/DocumentCenter/View/10351/Joint-Planning-Board-P-and-D-Meeting---June-6th----MBTA-Communities-Scenario-Development,file,
Gloucester,gloucester,commuter rail,5,planning_board,,2024,PROBABLE,19,0,1,"1,2,3,4,5,6,7,8,9,10,11,12,13,14,15,16,17",17,https://www.gloucester-ma.gov/DocumentCenter/View/10443/MBTA-Communities-Presentaiton-at-PB-Meeting-July-18-2024,file,
Gloucester,gloucester,commuter rail,5,planning_board,,2024,CONFIRMED,22,2,13,"1,2,3,4,5,6,7,8",9,https://www.gloucester-ma.gov/DocumentCenter/View/10499/PB-Initiation-of-40A-3A-MBTA-Communities-Compliant-Zoning-8-9-2024,file,
Gloucester,gloucester,commuter rail,5,zoning,,,FETCH_FAIL,0,0,0,,0,https://gloucester-ma.gov/DocumentCenter/View/8140/MBTA-Community-Zoning-Fact-Sheet?bidId=,file,HTTPError
Grafton,grafton,commuter rail,1,town_meeting,warrant,2023,PROBABLE,18,0,2,"1,2",4,http://www.grafton-ma.gov/DocumentCenter/View/10386/MBTA-Communities-Section-14---2023-ATM-Article---Warrant-Submission---August-2023,file,
Grafton,grafton,commuter rail,1,town_meeting,warrant,2023,PROBABLE,18,0,2,"1,2",4,http://www.grafton-ma.gov/DocumentCenter/View/10386/MBTA-Communities-Section-14---2023-ATM-Article---Warrant-Submission---August-2023?bidId=,file,
Grafton,grafton,commuter rail,1,town_meeting,warrant,2023,PROBABLE,18,0,2,"1,2",4,https://www.grafton-ma.gov/DocumentCenter/View/10231/MBTA-Communities-Section-14---2023-ATM-Article---Warrant-Submission---August-2023,file,
Grafton,grafton,commuter rail,5,,,,TOPIC_ONLY,1,0,0,1,14,http://www.grafton-ma.gov/DocumentCenter/View/8239/MBTA-Communities-Update,file,
Grafton,grafton,commuter rail,5,,,,CONFIRMED,11,3,3,"1,2,3,4,5",7,https://grafton-ma.gov/DocumentCenter/View/9297/Grafton-Action-Plan-for-MBTA-Communities-Submission,file,
Grafton,grafton,commuter rail,5,,,,TOPIC_ONLY,1,0,0,1,14,https://www.grafton-ma.gov/DocumentCenter/View/8239/MBTA-Communities-Update?bidId=,file,
Grafton,grafton,commuter rail,5,,,,NO,0,1,0,,0,https://www.grafton-ma.gov/DocumentCenter/View/9291,file,
Grafton,grafton,commuter rail,5,,,,PROBABLE,4,1,0,1,1,https://www.grafton-ma.gov/DocumentCenter/View/9296/Update-to-the-MBTA-Communities-Guidelines-on-Affordability-102122,file,
Grafton,grafton,commuter rail,5,,,,NO,0,151,0,,0,https://www.grafton-ma.gov/DocumentCenter/View/9309,file,
Grafton,grafton,commuter rail,5,,,2022,PROBABLE,4,1,0,1,1,https://grafton-ma.gov/DocumentCenter/View/16719/UPDATE---MBTA-COMMUNITIES-AFFORDABILITY-GUIDELINES-10-21-22,file,
Groton,groton,MBTA adjacent,5,planning_board,,2025,FETCH_FAIL,0,0,0,,0,https://portal.grotonma.gov/storage/Planning_Board/MBTA%20Communities%20Multi-Family%20Zoning/MBTA_Communities_Multi-Family_Overlay_District_DRAFT-CLEAN-1-10-2025.pdf,file,HTTPError
Groton,groton,MBTA adjacent,5,planning_board,,2025,FETCH_FAIL,0,0,0,,0,https://portal.grotonma.gov/storage/Planning_Board/MBTA%20Communities%20Multi-Family%20Zoning/MBTA_Communities_Multi-Family_Overlay_District_DRAFT_3-31-2025.pdf,file,HTTPError
Groton,groton,MBTA adjacent,5,planning_board,,2025,FETCH_FAIL,0,0,0,,0,https://portal.grotonma.gov/storage/Planning_Board/MBTA%20Communities%20Multi-Family%20Zoning/MBTA_Communities_Multi-Family_Overlay_District_DRAFT_with_Summary_2-18-2025.pdf,file,HTTPError
Groton,groton,MBTA adjacent,5,planning_board,,2025,FETCH_FAIL,0,0,0,,0,https://portal.grotonma.gov/storage/Planning_Board/MBTA%20Communities%20Multi-Family%20Zoning/MBTA_Communities_Multi-Family_Overlay_District_Map_3-12-2025.pdf,file,HTTPError
Groton,groton,MBTA adjacent,5,planning_board,bylaw,2025,FETCH_FAIL,0,0,0,,0,https://portal.grotonma.gov/storage/Planning_Board/MBTA%20Communities%20Multi-Family%20Zoning/MBTA_Communities_Emergency_Regulations_1-14-25.pdf,file,HTTPError
Groton,groton,MBTA adjacent,1,town_meeting,minutes,,FETCH_FAIL,0,0,0,,0,https://portal.grotonma.gov/storage/Town_Meeting/All%20Documents%20Before%202014/1997_Fall_Town_Meeting_Minutes.pdf,file,HTTPError
Groton,groton,MBTA adjacent,1,town_meeting,minutes,,FETCH_FAIL,0,0,0,,0,https://portal.grotonma.gov/storage/Town_Meeting/All%20Documents%20Before%202014/1997_March_Special_Town_Meeting_Minutes.pdf,file,HTTPError
Groton,groton,MBTA adjacent,1,town_meeting,minutes,,FETCH_FAIL,0,0,0,,0,https://portal.grotonma.gov/storage/Town_Meeting/All%20Documents%20Before%202014/1997_May_Special_Town_Meeting_Minutes.pdf,file,HTTPError
Groton,groton,MBTA adjacent,1,town_meeting,minutes,,FETCH_FAIL,0,0,0,,0,https://portal.grotonma.gov/storage/Town_Meeting/All%20Documents%20Before%202014/1997_Spring_Town_Meeting_Minutes.pdf,file,HTTPError
Groton,groton,MBTA adjacent,1,town_meeting,minutes,,FETCH_FAIL,0,0,0,,0,https://portal.grotonma.gov/storage/Town_Meeting/All%20Documents%20Before%202014/1998_April_Special_Town_Meeting_Minutes.pdf,file,HTTPError
Groveland,groveland,MBTA adjacent,1,town_meeting,minutes,,NO,0,1,0,,1,"https://grovelandtownma.documents-on-demand.com/document/22271c87-ba68-f011-a45f-000c29a59557/1997%20STM%20Minutes%20October%209,%201997.PDF",file,
Groveland,groveland,MBTA adjacent,1,town_meeting,minutes,,NO,0,1,0,,1,"https://grovelandtownma.documents-on-demand.com/document/47f73f39-ba68-f011-a45f-000c29a59557/1998%20STM%20Minutes%20November%2030,%201998.PDF",file,
Groveland,groveland,MBTA adjacent,1,town_meeting,minutes,,NO,0,1,0,,1,"https://grovelandtownma.documents-on-demand.com/document/78f33e7c-ba68-f011-a45f-000c29a59557/1997%20STM%20Minutes%20June%2030,%201997.PDF",file,
Groveland,groveland,MBTA adjacent,1,town_meeting,minutes,,NO,0,1,0,,1,"https://grovelandtownma.documents-on-demand.com/document/96161b71-ba68-f011-a45f-000c29a59557/1997%20STM%20Minutes%20February%203,%201997.PDF",file,
Groveland,groveland,MBTA adjacent,1,town_meeting,minutes,,NO,0,1,0,,1,"https://grovelandtownma.documents-on-demand.com/document/b68eee52-ba68-f011-a45f-000c29a59557/1997%20ATM%20Minutes%20June%209,%201997.PDF",file,
Groveland,groveland,MBTA adjacent,1,town_meeting,minutes,2022,FETCH_FAIL,0,0,0,,0,https://grovelandma.com/wp-content/uploads/2022/04/2020_annual_town_meeting_minutes.pdf,file,HTTPError
Groveland,groveland,MBTA adjacent,1,town_meeting,minutes,2022,FETCH_FAIL,0,0,0,,0,https://grovelandma.com/wp-content/uploads/2022/04/special_and_annual_town_meeting_minutes_may_24_2021.pdf,file,HTTPError
Groveland,groveland,MBTA adjacent,1,town_meeting,minutes,2022,FETCH_FAIL,0,0,0,,0,https://grovelandma.com/wp-content/uploads/2022/05/2022_annual_town_meeting_warrant-_voted_minutes.pdf,file,HTTPError
Groveland,groveland,MBTA adjacent,1,town_meeting,minutes,2022,FETCH_FAIL,0,0,0,,0,https://grovelandma.com/wp-content/uploads/2022/05/2023-Annual-Town-Meeting-Minutes.pdf,file,HTTPError
Groveland,groveland,MBTA adjacent,1,town_meeting,minutes,2022,FETCH_FAIL,0,0,0,,0,https://grovelandma.com/wp-content/uploads/2022/06/2021_fall_special_town_meeting_minutes.pdf,file,HTTPError
Halifax,halifax,commuter rail,5,zoning,,,CONFIRMED,9,4,5,"1,2",2,https://www.halifax-ma.org/DocumentCenter/View/1630/Frequently-Asked-Questions-FAQs-MBTA-Communities-Zoning-Requirement-PDF,file,
Halifax,halifax,commuter rail,5,zoning,,,TOPIC_ONLY,24,0,0,"1,2",2,https://www.halifax-ma.org/DocumentCenter/View/1718/Massachusetts-Attorney-General-Advisory-Concerning-Enforcement-of-MBTA-Communities-Zoning-Act-PDF,file,
Halifax,halifax,commuter rail,5,zoning,,,NO,0,0,0,,1,https://www.halifax-ma.org/DocumentCenter/View/1758/Proposed-Zoning-Map-with-MBTA-Communities-Multi-Family-Overlay-District-PDF,file,
Halifax,halifax,commuter rail,5,zoning,,,CONFIRMED,9,4,5,"1,2",2,https://www.halifaxma.gov/DocumentCenter/View/1630/Frequently-Asked-Questions-FAQs-MBTA-Communities-Zoning-Requirement-PDF,file,
Halifax,halifax,commuter rail,5,zoning,,,TOPIC_ONLY,24,0,0,"1,2",2,https://www.halifaxma.gov/DocumentCenter/View/1718/Massachusetts-Attorney-General-Advisory-Concerning-Enforcement-of-MBTA-Communities-Zoning-Act-PDF,file,
Halifax,halifax,commuter rail,5,zoning,,,NO,0,0,0,,1,https://www.halifaxma.gov/DocumentCenter/View/1758/Proposed-Zoning-Map-with-MBTA-Communities-Multi-Family-Overlay-District-PDF,file,
Halifax,halifax,commuter rail,5,zoning,,,PROBABLE,9,0,2,1,0,https://www.halifaxma.gov/2057/MBTA-Communities-Act-Zoning-Requirements,page,
Halifax,halifax,commuter rail,1,town_meeting,minutes,,NO,0,170,56,,33,https://www.halifax-ma.org/DocumentCenter/View/1200/20110509---Annual-Town-Meeting---Minutes-PDF,file,
Halifax,halifax,commuter rail,1,town_meeting,minutes,,NO,0,48,17,,6,https://www.halifax-ma.org/DocumentCenter/View/1207/20170307---Special-Town-Meeting---Minutes-PDF,file,
Halifax,halifax,commuter rail,1,town_meeting,minutes,,NO,0,182,59,,39,https://www.halifax-ma.org/DocumentCenter/View/1209/20170508---Annual-Town-Meeting---Minutes-PDF,file,
Hamilton,hamilton,commuter rail,5,,,2025,NO,0,0,0,,3,https://hamiltonma.gov/wp-content/uploads/2025/02/KP-964460-v1-Methuen_MBTA_Communities_Act_Mandate_Determination.pdf,file,
Hamilton,hamilton,commuter rail,5,,,2025,NO,0,0,0,,3,https://hamiltonma.gov/wp-content/uploads/2025/05/2025-05-28-Hamilton-3A-Multi-Family-Overlay-District-DRAFT-4b-CLEAN.pdf,file,
Hamilton,hamilton,commuter rail,5,,,2025,NO,0,0,0,,3,https://hamiltonma.gov/wp-content/uploads/2025/05/KP-977783-v1-HAML_Proposed_Revisions_to_Zoning_Code_Hamilton_Town_Center_MBTA_Communities-002.DOCX.pdf,file,
Hamilton,hamilton,commuter rail,5,,packet,2025,NO,0,0,0,,3,https://hamiltonma.gov/wp-content/uploads/2025/05/2025_05_19-SB-Packet_Kassner-Memo-for-Hamilton-MGL-40A-Section-3A_May-2025.pdf,file,
Hamilton,hamilton,commuter rail,5,planning_board,,2024,NO,0,0,0,,3,https://hamiltonma.gov/wp-content/uploads/2024/04/MBTA-Communities-Law-Information-written-by-Planning-Board-Chair-Marnie-Crouch-04-09-2024.pdf,file,
Hamilton,hamilton,commuter rail,5,planning_board,,2025,NO,0,0,0,,3,https://hamiltonma.gov/wp-content/uploads/2025/03/2025-04-01-Hamilton-Town-Center-Section-3A-Zoning-Planning-Board-Meeting.pdf,file,
Hamilton,hamilton,commuter rail,5,planning_board,,2025,NO,0,0,0,,3,https://hamiltonma.gov/wp-content/uploads/2025/04/2025-04-08-Hamilton-Town-Center-Section-3A-Zoning-Planning-Board-Meeting.pdf,file,
Hamilton,hamilton,commuter rail,5,planning_board,,2025,NO,0,0,0,,3,https://hamiltonma.gov/wp-content/uploads/2025/05/2025-04-29-Hamilton-Town-Center-Section-3A-Zoning-Planning-Board-Meeting.pdf,file,
Hamilton,hamilton,commuter rail,5,zoning,,2024,NO,0,0,0,,3,https://hamiltonma.gov/wp-content/uploads/2024/04/Compliance-Guidelines-for-Multi-family-Zoning-Districts-Under-Section-3A-of-the-Zoning-Act-from-Commonwealth-of-Massachusetts-Executive-Office-of-Housing-Livable-Communities.pdf,file,
Hamilton,hamilton,commuter rail,5,zoning,,2025,NO,0,0,0,,3,https://hamiltonma.gov/wp-content/uploads/2025/04/2025-04-03-Hamilton-Town-Center-3A-Zoning-Combined-DRAFT-1.pdf,file,
Hanover,hanover,MBTA adjacent,1,town_meeting,warrant,,FETCH_FAIL,0,0,0,,0,http://www.hanover-ma.gov/pdf/forms/moderator/Warrant-Article-Petition.pdf,file,HTTPError
Hanover,hanover,MBTA adjacent,1,town_meeting,warrant,,FETCH_FAIL,0,0,0,,0,http://www.hanover-ma.gov/sites/hanoverma/files/file/file/warrant-article-petition.pdf,file,HTTPError
Hanover,hanover,MBTA adjacent,1,town_meeting,warrant,,FETCH_FAIL,0,0,0,,0,http://www.hanover-ma.gov:80/sites/hanoverma/files/file/file/memo_regarding_annual_special_town_meeting_warrant.pdf,file,HTTPError
Hanover,hanover,MBTA adjacent,1,town_meeting,warrant,,NO,0,86,27,,17,https://www.hanover-ma.gov/sites/g/files/vyhlif12081/f/uploads/02062019_-_atm_warrant.pdf,file,
Hanover,hanover,MBTA adjacent,1,town_meeting,warrant,,NO,0,86,28,,18,https://www.hanover-ma.gov/sites/g/files/vyhlif12081/f/uploads/03042019_-_atm_warrant.pdf,file,
Hanover,hanover,MBTA adjacent,1,town_meeting,warrant,,NO,0,89,31,,23,https://www.hanover-ma.gov/sites/g/files/vyhlif12081/f/uploads/04012019_-_atm_warrant_-_final.pdf,file,
Hanover,hanover,MBTA adjacent,1,town_meeting,warrant,,NO,0,22,9,,5,https://www.hanover-ma.gov/sites/g/files/vyhlif12081/f/uploads/050420_approved_special_town_meeting_warrant_0.pdf,file,
Hanover,hanover,MBTA adjacent,1,town_meeting,warrant,,NO,0,172,94,,51,https://www.hanover-ma.gov/sites/g/files/vyhlif12081/f/uploads/3-7_-23_-_updated_draft_atm_warrant.pdf,file,
Hanover,hanover,MBTA adjacent,1,town_meeting,warrant,,FETCH_FAIL,0,0,0,,0,https://www.hanover-ma.gov/sites/g/files/vyhlif666/f/uploads/01252021_atm_draft_warrant.pdf,file,HTTPError
Hanover,hanover,MBTA adjacent,1,town_meeting,warrant,,FETCH_FAIL,0,0,0,,0,https://www.hanover-ma.gov/sites/g/files/vyhlif666/f/uploads/02032021_atm_warrant_draft.pdf,file,HTTPError
Hanson,hanson,commuter rail,5,,,,TOPIC_ONLY,23,0,0,"1,2",2,https://www.hanson-ma.gov/sites/g/files/vyhlif3231/f/pages/article_17_mbta_communities_advisory.pdf,file,
Hanson,hanson,commuter rail,5,,,,CONFIRMED,146,1,1,"1,2,3,4,5,6,7,8,9,10,11",11,https://www.hanson-ma.gov/sites/g/files/vyhlif3231/f/uploads/draft_guidelines_for_mbta_communities.pdf,file,
Hanson,hanson,commuter rail,1,town_meeting,warrant,,NO,0,0,0,,17,https://www.hanson-ma.gov/sites/g/files/vyhlif3231/f/news/october_special_town_meeting_posted_warrant_-_executed.pdf,file,
Hanson,hanson,commuter rail,1,town_meeting,warrant,2022,NO,0,0,0,,25,https://www.hanson-ma.gov/sites/g/files/vyhlif3231/f/news/10.03.22_special_town_meeting_-_informational_warrant_-final.pdf,file,
Hanson,hanson,commuter rail,1,town_meeting,warrant,2022,NO,0,0,0,,25,https://www.hanson-ma.gov/sites/g/files/vyhlif3231/f/news/10.03.22_special_town_meeting_-_informational_warrant_-final_0.pdf,file,
Hanson,hanson,commuter rail,1,town_meeting,warrant,2022,NO,0,66,43,,8,https://www.hanson-ma.gov/sites/g/files/vyhlif3231/f/pages/10-3-2022_posted_warrant.pdf,file,
Hanson,hanson,commuter rail,1,town_meeting,warrant,2022,NO,0,117,99,,16,https://www.hanson-ma.gov/sites/g/files/vyhlif3231/f/pages/10-3-22-_stm_informational_warrant.pdf,file,
Hanson,hanson,commuter rail,1,town_meeting,warrant,2022,NO,0,0,0,,16,https://www.hanson-ma.gov/sites/g/files/vyhlif3231/f/pages/annual_town_meeting_warrant_may_2.2022.pdf,file,
Hanson,hanson,commuter rail,1,town_meeting,warrant,2022,NO,0,0,0,,7,https://www.hanson-ma.gov/sites/g/files/vyhlif3231/f/pages/special_town_meeting_warrant_may_2.2022.pdf,file,
Hanson,hanson,commuter rail,1,town_meeting,warrant,2023,NO,0,171,201,,77,https://www.hanson-ma.gov/sites/g/files/vyhlif3231/f/pages/05.01.2023_annual_town_meeting_informational_warrant.pdf,file,
Harvard,harvard,MBTA adjacent,5,,,,FETCH_FAIL,0,0,0,,0,https://www.harvard-ma.gov/sites/g/files/vyhlif676/f/uploads/mbta_community_multi-family_zoning_final.pdf,file,HTTPError
Harvard,harvard,MBTA adjacent,1,town_meeting,minutes,,CONFIRMED,1,124,95,19,26,https://www.harvard-ma.gov/DocumentCenter/View/1163,file,
Harvard,harvard,MBTA adjacent,1,town_meeting,minutes,,NO,0,0,5,,0,https://www.harvard-ma.gov/368/Town-Meeting-Warrants-Minutes,page,
Harvard,harvard,MBTA adjacent,1,town_meeting,minutes,2022,NO,0,559,113,,27,https://www.harvard-ma.gov/DocumentCenter/View/1559/ATM-Minutes---May-14-2022-PDF,file,
Harvard,harvard,MBTA adjacent,1,town_meeting,minutes,2022,NO,0,124,26,,23,https://www.harvard-ma.gov/DocumentCenter/View/1560/ATM-Minutes---October-1-2022-PDF,file,
Harvard,harvard,MBTA adjacent,1,town_meeting,minutes,2023,NO,0,362,59,,30,https://www.harvard-ma.gov/DocumentCenter/View/1558/ATM-Minutes---April-29-2023-PDF,file,
Harvard,harvard,MBTA adjacent,1,town_meeting,minutes,2023,NO,0,61,15,,8,https://www.harvard-ma.gov/DocumentCenter/View/1561/STM-Minutes---February-13-2023-PDF,file,
Harvard,harvard,MBTA adjacent,1,town_meeting,minutes,2023,CONFIRMED,1,124,95,19,26,https://www.harvard-ma.gov/DocumentCenter/View/1562/ATM-Minutes---October-21-2023-PDF,file,
Harvard,harvard,MBTA adjacent,1,town_meeting,minutes,2024,CONFIRMED,18,433,63,"19,20,21,28",30,https://www.harvard-ma.gov/DocumentCenter/View/1563/ATM-Minutes---April-6-2024-PDF,file,
Harvard,harvard,MBTA adjacent,1,town_meeting,minutes,2024,NO,0,155,32,,10,https://www.harvard-ma.gov/DocumentCenter/View/1565/ATM-Minutes---September-28-2024-PDF,file,
Haverhill,haverhill,commuter rail,1,town_meeting,warrant,,NO,0,3,0,,0,https://www.haverhillma.gov/media/jcmnaff0/page-1-of-warrant.jpg,page,
Haverhill,haverhill,commuter rail,1,town_meeting,warrant,,NO,0,6,0,,0,https://www.haverhillma.gov/media/tpvmwjaz/page-2-of-warrant.jpg,page,
Haverhill,haverhill,commuter rail,2,city_council,minutes,,FETCH_FAIL,0,0,0,,0,http://www.haverhillma.gov/government/city_council/docs/A&F%20minutes%201.29.15.pdf,file,HTTPError
Haverhill,haverhill,commuter rail,2,city_council,minutes,,FETCH_FAIL,0,0,0,,0,http://www.haverhillma.gov/government/city_council/docs/A&F%20minutes%203.5.15.pdf,file,HTTPError
Haverhill,haverhill,commuter rail,2,city_council,minutes,,FETCH_FAIL,0,0,0,,0,http://www.haverhillma.gov/government/city_council/docs/A&F%20minutes%204.22.15.pdf,file,HTTPError
Haverhill,haverhill,commuter rail,2,city_council,minutes,,FETCH_FAIL,0,0,0,,0,http://www.haverhillma.gov/government/city_council/docs/A&F%20minutes%208.26.15.pdf,file,HTTPError
Haverhill,haverhill,commuter rail,2,city_council,minutes,,FETCH_FAIL,0,0,0,,0,http://www.haverhillma.gov/government/city_council/docs/Citizen%20Outreach%20meeting%20minutes%204.28.16.pdf,file,HTTPError
Haverhill,haverhill,commuter rail,2,city_council,minutes,,FETCH_FAIL,0,0,0,,0,http://www.haverhillma.gov/government/city_council/docs/NRPP%20minutes%204.14.16.pdf,file,HTTPError
Haverhill,haverhill,commuter rail,2,city_council,minutes,,FETCH_FAIL,0,0,0,,0,http://www.haverhillma.gov/government/city_council/docs/NRPP%20minutes%205.13.15.pdf,file,HTTPError
Haverhill,haverhill,commuter rail,2,city_council,minutes,,FETCH_FAIL,0,0,0,,0,http://www.haverhillma.gov/government/city_council/docs/NRPP%20minutes%208.12.15.pdf,file,HTTPError
Hingham,hingham,bus,5,,,,NO,0,0,0,,4,https://hingham-ma.gov/DocumentCenter/View/16748/MBTA-Communites-Public-Comment-Letter-033122?bidId=,file,
Hingham,hingham,bus,5,,,,NO,0,21,0,,0,https://www.hingham-ma.gov/DocumentCenter/View/17352,file,
Hingham,hingham,bus,5,,,,PROBABLE,22,0,4,"1,2,3,4,5,6,7,8,9,10,11,12,13,14,15,16,17",17,https://www.hingham-ma.gov/DocumentCenter/View/18727,file,
Hingham,hingham,bus,5,,,,PROBABLE,1,0,1,1,1,https://www.hingham-ma.gov/DocumentCenter/View/19684/MBTA-Communities-Alternative-Locations,file,
Hingham,hingham,bus,5,,,,CONFIRMED,8,1,4,"1,2,10,11,13",13,https://www.hingham-ma.gov/DocumentCenter/View/19965,file,
Hingham,hingham,bus,5,,,,NO,0,190,0,,0,https://www.hingham-ma.gov/DocumentCenter/View/20145,file,
Hingham,hingham,bus,5,,,,CONFIRMED,12,4,13,1,0,https://hingham-ma.gov/1013/MBTA-Communities,page,
Hingham,hingham,bus,5,,,2022,CONFIRMED,20,1,5,"1,2,3,4,5,6,7,8,9,10,11,12",12,https://hingham-ma.gov/DocumentCenter/View/16747/SB-MBTA-Communities-Briefing-4-26-22?bidId=,file,
Hingham,hingham,bus,5,,,2023,PROBABLE,10,0,3,"1,2,3,4,5,6,7",7,https://hingham-ma.gov/DocumentCenter/View/17361/SB-MBTA-Communities-Action-Plan-1-24-23?bidId=,file,
Hingham,hingham,bus,5,,notice,,NO,0,2,0,,0,https://www.hingham-ma.gov/DocumentCenter/View/19724,file,
Holbrook,holbrook,bus,1,town_meeting,warrant,,FETCH_FAIL,0,0,0,,0,http://holbrookma.gov/Pages/HolbrookMA_MeetingsCal/S0155DA3C-01577015.1/stm_warrant.pdf,file,HTTPError
Holbrook,holbrook,bus,1,town_meeting,warrant,,FETCH_FAIL,0,0,0,,0,http://holbrookma.gov/Pages/HolbrookMA_News/016F86A1-000F8513.0/ATMwarrant%20may22012.pdf,file,HTTPError
Holbrook,holbrook,bus,1,town_meeting,warrant,,FETCH_FAIL,0,0,0,,0,http://holbrookma.gov/Pages/HolbrookMA_News/ATMwarrant_May6'15.pdf,file,HTTPError
Holbrook,holbrook,bus,1,town_meeting,warrant,,FETCH_FAIL,0,0,0,,0,http://holbrookma.gov/Pages/HolbrookMA_News/I0156E8C2.0/stm_warrant.pdf,file,HTTPError
Holbrook,holbrook,bus,1,town_meeting,warrant,,FETCH_FAIL,0,0,0,,0,http://holbrookma.gov/Pages/HolbrookMA_News/I016F86DB.0/ATMwarrant%20may22012.pdf,file,HTTPError
Holbrook,holbrook,bus,1,town_meeting,warrant,,FETCH_FAIL,0,0,0,,0,http://holbrookma.gov/Pages/HolbrookMA_News/I017D6BA6.0/STM%20warrant.pdf,file,HTTPError
Holbrook,holbrook,bus,1,town_meeting,warrant,,FETCH_FAIL,0,0,0,,0,http://www.holbrookma.gov:80/Pages/HolbrookMA_BOS/Annual%20Town%20Meeting%20Warrant%20May%209%202018.pdf,file,HTTPError
Holbrook,holbrook,bus,1,town_meeting,warrant,,FETCH_FAIL,0,0,0,,0,http://www.holbrookma.gov:80/Pages/HolbrookMA_BOS/Special%20Town%20Meeting%20Warrant%20May%209%202018.pdf,file,HTTPError
Holbrook,holbrook,bus,1,town_meeting,warrant,,NO,0,0,0,,49,https://www.holbrookma.gov/DocumentCenter/View/1412/Holbrook-STM-Warrant-111925,file,
Holbrook,holbrook,bus,1,town_meeting,warrant,,NO,0,89,74,,56,https://www.holbrookma.gov/DocumentCenter/View/1766,file,
Holden,holden,MBTA adjacent,5,,agenda,2025,FETCH_FAIL,0,0,0,,0,https://www.holdenma.gov/sites/g/files/vyhlif4526/f/agendas/2025_12_18_mbta_communities_act_agenda.pdf,file,HTTPError
Holden,holden,MBTA adjacent,5,elections,agenda,2026,NO,0,0,0,,0,https://holdenma.gov/AgendaCenter/ViewFile/Agenda/_01292026-931?html=true,page,
Holden,holden,MBTA adjacent,1,town_meeting,warrant,,FETCH_FAIL,0,0,0,,0,https://www.holdenma.gov/sites/g/files/vyhlif4526/f/uploads/warrant_signed_by_constable_bos.pdf,file,HTTPError
Holden,holden,MBTA adjacent,1,town_meeting,warrant,2023,FETCH_FAIL,0,0,0,,0,https://www.holdenma.gov/sites/g/files/vyhlif4526/f/uploads/2023_10_16_stm_warrant_signed.pdf,file,HTTPError
Holden,holden,MBTA adjacent,3,planning_board,minutes,2022,NO,0,8,2,,2,https://holdenma.gov/DocumentCenter/View/6105,file,
Holden,holden,MBTA adjacent,3,planning_board,minutes,2022,NO,0,26,2,,2,https://holdenma.gov/DocumentCenter/View/6106,file,
Holden,holden,MBTA adjacent,3,planning_board,minutes,2022,CONFIRMED,1,13,5,2,2,https://holdenma.gov/DocumentCenter/View/6107,file,
Holden,holden,MBTA adjacent,3,planning_board,minutes,2022,NO,0,22,7,,4,https://holdenma.gov/DocumentCenter/View/6108,file,
Holden,holden,MBTA adjacent,3,planning_board,minutes,2022,NO,0,24,7,,5,https://holdenma.gov/DocumentCenter/View/6109,file,
Holden,holden,MBTA adjacent,3,planning_board,minutes,2022,NO,0,10,1,,3,https://holdenma.gov/DocumentCenter/View/6110,file,
Holliston,holliston,MBTA adjacent,5,,,,FETCH_FAIL,0,0,0,,0,https://www.townofholliston.us/sites/g/files/vyhlif706/f/uploads/mbta_communities_multi-family_overlay_draft_article.pdf,file,HTTPError
Holliston,holliston,MBTA adjacent,5,town_meeting,,,CONFIRMED,10,1,3,"1,2",7,https://www.townofholliston.us/DocumentCenter/View/4229/MBTA-3A-Multi-Family-Overlay-Town-Meeting-Draft-Article-PDF,file,
Holliston,holliston,MBTA adjacent,5,zoning,,,CONFIRMED,4,1,2,1,0,https://www.townofholliston.us/392/MBTA-3A-Zoning-Maps,page,
Holliston,holliston,MBTA adjacent,5,zoning,,,CONFIRMED,15,29,10,1,0,https://www.townofholliston.us/537/Article-9-MBTA-3A-Zoning-Overlay-Distric,page,
Holliston,holliston,MBTA adjacent,5,zoning,bylaw,,CONFIRMED,16,29,8,1,0,https://www.townofholliston.us/538/Article-10-MBTA-3A-Zoning-by-Law-Consist,page,
Holliston,holliston,MBTA adjacent,1,town_meeting,minutes,2024,CONFIRMED,24,355,52,"1,6,7,8,9",20,https://www.townofholliston.us/DocumentCenter/View/9711,file,
Holliston,holliston,MBTA adjacent,1,town_meeting,minutes,2025,NO,0,235,43,,14,https://www.townofholliston.us/DocumentCenter/View/10229,file,
Holliston,holliston,MBTA adjacent,1,town_meeting,warrant,,FETCH_FAIL,0,0,0,,0,http://www.townofholliston.us/warrant%20version%20section%20v-h.pdf,file,HTTPError
Holliston,holliston,MBTA adjacent,1,town_meeting,warrant,,FETCH_FAIL,0,0,0,,0,https://www.townofholliston.us/sites/g/files/vyhlif706/f/uploads/atm20_warrant.pdf,file,HTTPError
Holliston,holliston,MBTA adjacent,1,town_meeting,warrant,2022,FETCH_FAIL,0,0,0,,0,https://www.townofholliston.us/sites/g/files/vyhlif706/f/uploads/combined_warrant_fincom_report_for_atm_may_9_2022_-_web_version_0.pdf,file,HTTPError
Hopkinton,hopkinton,commuter rail,5,,,2024,TOPIC_ONLY,2,0,0,1,1,https://ehop.org/wp/wp-content/uploads/2024/04/MBTA-Communities-Map-FINAL-02-22-24_sm.pdf,file,
Hopkinton,hopkinton,commuter rail,5,planning_board,,2024,CONFIRMED,14,5,10,"1,2,3,4,6",21,https://ehop.org/wp/wp-content/uploads/2024/10/MBTA-Communities-Presentation-PB-10-07-24.pdf,file,
Hopkinton,hopkinton,commuter rail,5,planning_board,bylaw,2024,CONFIRMED,18,2,32,"1,2,3,4,10",12,https://ehop.org/wp/wp-content/uploads/2024/04/ARTICLE-39_MBTA-Communities-Zoning-Bylaw_Sponsor-Planning-Board_2024-1.pdf,file,
Hopkinton,hopkinton,commuter rail,1,town_meeting,warrant,2022,NO,0,125,106,,47,https://ehop.org/wp/wp-content/uploads/2022/04/2022-ATM-Warrant-FINAL.pdf,file,
Hopkinton,hopkinton,commuter rail,1,town_meeting,warrant,2022,NO,0,338,172,,67,https://ehop.org/wp/wp-content/uploads/2022/05/2022-ATM-Warrant-Motions-Document-FINAL.pdf,file,
Hopkinton,hopkinton,commuter rail,1,town_meeting,warrant,2022,NO,0,8,6,,2,https://ehop.org/wp/wp-content/uploads/2022/08/Hopkinton_STM-Warrant_2022-08-18.pdf,file,
Hopkinton,hopkinton,commuter rail,1,town_meeting,warrant,2023,NO,0,104,102,,32,https://ehop.org/wp/wp-content/uploads/2023/04/2023-Town-Meeting-Warrant-Hopkinton-MA.pdf,file,
Hopkinton,hopkinton,commuter rail,1,town_meeting,warrant,2023,NO,0,15,12,,4,https://ehop.org/wp/wp-content/uploads/2023/10/2023-11-13-STM_Warrant_Signed.pdf,file,
Hopkinton,hopkinton,commuter rail,1,town_meeting,warrant,2023,NO,0,26,19,,5,https://ehop.org/wp/wp-content/uploads/2023/11/2023-11-13-Warrant-Articles-and-Motions-FINAL.pdf,file,
Hopkinton,hopkinton,commuter rail,1,town_meeting,warrant,2024,CONFIRMED,20,290,152,"35,36,37,44,46",55,https://ehop.org/wp/wp-content/uploads/2024/04/2024-05-06-ATM-Warrant-Motions-Document-FINAL.pdf,file,
Hull,hull,bus,5,,,,NO,0,0,0,,0,https://www.town.hull.ma.us/DocumentCenter/View/343,file,
Hull,hull,bus,5,,,,CONFIRMED,11,3,7,"1,2,3",4,https://www.town.hull.ma.us/DocumentCenter/View/345/Hull-Action-Plan-For-MBTA-Communities-PDF,file,
Hull,hull,bus,5,,,,CONFIRMED,216,8,1,"1,2,3,4,5,6,7,8,9,10,11,12,13,14,15,16,17,18,19,26",26,https://www.town.hull.ma.us/DocumentCenter/View/347/Section-3A-Compliance-Guidelines-PDF,file,
Hull,hull,bus,5,,,,CONFIRMED,6,1,10,1,0,https://www.town.hull.ma.us/625/MBTA-Communities-MGL40A3A,page,
Hull,hull,bus,5,,,2024,PROBABLE,11,0,1,1,0,https://www.town.hull.ma.us/240/2024-MBTA-Communities-MGL40A3A,page,
Hull,hull,bus,1,town_meeting,minutes,,CONFIRMED,1,627,112,16,28,https://www.town.hull.ma.us/DocumentCenter/View/1166/Most-Recent-Town-Meeting-Minutes-PDF,file,
Hull,hull,bus,1,town_meeting,minutes,,NO,0,0,11,,0,https://www.town.hull.ma.us/450/Town-Meeting---Meeting-Minutes,page,
Hull,hull,bus,1,town_meeting,minutes,2025,CONFIRMED,1,627,112,16,28,https://www.town.hull.ma.us/DocumentCenter/View/1202/2025-Annual-Town-Meeting-Minutes-PDF,file,
Hull,hull,bus,1,town_meeting,warrant,,FETCH_FAIL,0,0,0,,0,http://www.town.hull.ma.us/Public_Documents/HullMA_AdBoard/Warrant2.pdf,file,HTTPError
Hull,hull,bus,1,town_meeting,warrant,,CONFIRMED,2,179,119,"23,35",44,https://www.town.hull.ma.us/DocumentCenter/View/1167/Town-Meeting-Warrant-Facsimile-PDF,file,
Ipswich,ipswich,commuter rail,5,,,,NO,0,21,0,,0,https://ipswichma.gov/ImageRepository/Document?documentID=2386,file,
Ipswich,ipswich,commuter rail,5,,,,TOPIC_ONLY,24,0,0,"1,2",2,https://www.ipswichma.gov/DocumentCenter/View/15377/MBTA-Communities-Advisory,file,
Ipswich,ipswich,commuter rail,5,,,,TOPIC_ONLY,2,0,0,1,1,https://www.ipswichma.gov/DocumentCenter/View/16203,file,
Ipswich,ipswich,commuter rail,5,,,,NO,0,9,0,,0,https://www.ipswichma.gov/DocumentCenter/View/17522,file,
Ipswich,ipswich,commuter rail,5,,,,CONFIRMED,28,1,5,1,0,https://ipswichma.gov/978/Section-3A,page,
Ipswich,ipswich,commuter rail,5,,,2024,NO,0,1,0,,0,https://www.ipswichma.gov/DocumentCenter/View/16687,file,
Ipswich,ipswich,commuter rail,5,,bylaw,,PROBABLE,219,9,0,"1,2,3,4,5,6,7,8,9,10,11,12,13,14,15,16,17,18,19",19,https://www.ipswichma.gov/DocumentCenter/View/17444/3A-MBTA-Communities-Emergency-Regulations-Issued-for-Public-Comment-and-Promulgation,file,
Ipswich,ipswich,commuter rail,5,zoning,bylaw,2025,CONFIRMED,17,1,5,"1,2,3,5",7,https://ipswichma.gov/DocumentCenter/View/17525/Town-of-Ipswich-3A-MBTA-MOD-Zoning-Bylaw-Article-2-5-2025---REVISED-with-Affordable-Housing-Percentages-as-per-Econ-Feasibility-Study-pdf,file,
Ipswich,ipswich,commuter rail,1,town_meeting,minutes,2022,NO,0,155,83,,13,https://ipswichma.gov/DocumentCenter/View/14914/May-10-2022-Town-Meeting-Minutes,file,
Ipswich,ipswich,commuter rail,1,town_meeting,minutes,2022,NO,0,147,104,,15,https://ipswichma.gov/DocumentCenter/View/15238/10-25-2022-Special-Town-Meeting-minutes,file,
Kingston,kingston,commuter rail,5,,,,PROBABLE,7,0,8,"2,3,7,8,9",21,https://www.kingstonma.gov/DocumentCenter/View/4576,file,
Kingston,kingston,commuter rail,5,,,,PROBABLE,7,0,8,"2,3,7,8,9",21,https://www.kingstonma.gov/DocumentCenter/View/4578,file,
Kingston,kingston,commuter rail,5,,,,PROBABLE,7,0,8,"2,3,7,8,9",21,https://www.kingstonma.gov/DocumentCenter/View/4579/Town-of-Kingston--MBTA-Communities-Slideshow-Presentation,file,
Kingston,kingston,commuter rail,5,,,,PROBABLE,7,0,8,"2,3,7,8,9",21,https://www.kingstonma.gov/DocumentCenter/View/4579/Town-of-Kingston--MBTA-Communities-Slideshow-Presentation?bidId=,file,
Kingston,kingston,commuter rail,5,,,,PROBABLE,3,1,0,1,2,https://www.kingstonma.gov/DocumentCenter/View/5423,file,
Kingston,kingston,commuter rail,5,,,2024,CONFIRMED,7,1,8,"2,3,7,8,9",21,https://kingstonma.gov/DocumentCenter/View/5170/Town-of-Kingston--MBTA-Communities-Sept-5-2024,file,
Kingston,kingston,commuter rail,5,,,2024,NO,0,0,1,,1,https://kingstonma.gov/DocumentCenter/View/5274,file,
Kingston,kingston,commuter rail,1,town_meeting,minutes,,NO,0,0,0,,30,https://www.kingstonma.gov/DocumentCenter/View/4042,file,
Kingston,kingston,commuter rail,1,town_meeting,minutes,2024,CONFIRMED,25,149,72,"3,4,5,13",24,https://kingstonma.gov/DocumentCenter/View/5637,file,
Kingston,kingston,commuter rail,1,town_meeting,minutes,2024,NO,0,6,0,,0,https://kingstonma.gov/DocumentCenter/View/5638/Annual-Town-Meeting-Minutes-5-11-24-PDF,file,
Lakeville,lakeville,commuter rail,5,,,,CONFIRMED,69,6,1,"1,2,3,4,5,6,7,8,9",9,https://ma-lakeville.civicplus.com/DocumentCenter/View/438,file,
Lakeville,lakeville,commuter rail,5,,,,CONFIRMED,204,4,1,"1,2,4,5,6,7,8,9,10,11,12,13,14,15,16,17,25,26",26,https://ma-lakeville.civicplus.com/DocumentCenter/View/439,file,
Lakeville,lakeville,commuter rail,1,town_meeting,minutes,,NO,0,2,68,,0,https://www.lakevillema.org/795/Town-Meeting-Minutes,page,
Lakeville,lakeville,commuter rail,1,town_meeting,minutes,2022,NO,0,22,10,,4,https://www.lakevillema.org/DocumentCenter/View/5997/Special-Town-Meeting-May-16-2022-minutes,file,
Lakeville,lakeville,commuter rail,1,town_meeting,warrant,,FETCH_FAIL,0,0,0,,0,http://lakevillema.org/Town%20Meeting%20Warrants/Annual%206-10-13.pdf,file,HTTPError
Lakeville,lakeville,commuter rail,1,town_meeting,warrant,,NO,0,0,0,,3,https://ma-lakeville.civicplus.com/DocumentCenter/View/5478,file,
Lakeville,lakeville,commuter rail,1,town_meeting,warrant,,NO,0,0,0,,2,https://ma-lakeville.civicplus.com/DocumentCenter/View/950,file,
Lakeville,lakeville,commuter rail,1,town_meeting,warrant,,NO,0,0,1,,2,https://www.lakevillema.org/DocumentCenter/View/235/Petition-for-article-insertion-for-Warrant,file,
Lakeville,lakeville,commuter rail,1,town_meeting,warrant,,FETCH_FAIL,0,0,0,,0,https://www.lakevillema.org/sites/g/files/vyhlif751/f/pages/petition_for_article_insertion_in_warrant.pdf,file,HTTPError
Lakeville,lakeville,commuter rail,1,town_meeting,warrant,,FETCH_FAIL,0,0,0,,0,https://www.lakevillema.org/sites/g/files/vyhlif751/f/uploads/final_warrant_3.pdf,file,HTTPError
Lancaster,lancaster,MBTA adjacent,5,,,,CONFIRMED,10,1,3,1,2,https://www.ci.lancaster.ma.us/DocumentCenter/View/3477/Re_-Lancaster---Conditional-Compliance-with-Section-3A_MBTA-Communities,file,
Lancaster,lancaster,MBTA adjacent,5,,,,NO,0,0,0,,3,https://www.ci.lancaster.ma.us/DocumentCenter/View/809/Letter-to-MBTA-Communities-121521-PDF,file,
Lancaster,lancaster,MBTA adjacent,5,,,,TOPIC_ONLY,9,0,0,"1,2",2,https://www.ci.lancaster.ma.us/DocumentCenter/View/813/MBTA-Communities-Final-Compliance-Guidelines-Letter-81022-PDF,file,
Lancaster,lancaster,MBTA adjacent,5,,,2022,NO,0,0,0,,1,https://www.ci.lancaster.ma.us/DocumentCenter/View/810/MBTA-Communities-How-to-Comply-in-2022-121521-PDF,file,
Lancaster,lancaster,MBTA adjacent,5,zoning,,,NO,0,0,0,,7,https://www.ci.lancaster.ma.us/DocumentCenter/View/811/MBTA-Multi-Family-Zoning-FAQs-11122-PDF,file,
Lancaster,lancaster,MBTA adjacent,5,zoning,,,TOPIC_ONLY,2,0,0,1,1,https://www.ci.lancaster.ma.us/DocumentCenter/View/815/Webinar-on-New-Multi-Family-Zoning-for-MBTA-Communities-011222-PDF,file,
Lancaster,lancaster,MBTA adjacent,5,zoning,,,TOPIC_ONLY,11,0,0,1,0,https://www.ci.lancaster.ma.us/260/MBTA-Multi-Family-Zoning-Requirement,page,
Lancaster,lancaster,MBTA adjacent,5,zoning,,2022,NO,0,0,0,,19,https://www.ci.lancaster.ma.us/DocumentCenter/View/814/MBTA-Multi-Family-Zoning-Webinar-Slides-011222-PDF,file,
Lancaster,lancaster,MBTA adjacent,1,town_meeting,minutes,,NO,0,0,0,,0,https://www.ci.lancaster.ma.us/DocumentCenter/View/2618,file,
Lancaster,lancaster,MBTA adjacent,1,town_meeting,minutes,,NO,0,226,29,,17,https://www.ci.lancaster.ma.us/DocumentCenter/View/574,file,
Lawrence,lawrence,commuter rail,2,city_council,minutes,2026,NO,0,18,11,,3,https://cityoflawrence.com/AgendaCenter/ViewFile/Minutes/_01052026-1660,file,
Lawrence,lawrence,commuter rail,2,city_council,minutes,2026,NO,0,48,7,,5,https://cityoflawrence.com/AgendaCenter/ViewFile/Minutes/_01062026-1662,page,
Lawrence,lawrence,commuter rail,2,city_council,minutes,2026,NO,0,30,7,,3,https://cityoflawrence.com/AgendaCenter/ViewFile/Minutes/_01122026-1666,page,
Lawrence,lawrence,commuter rail,2,city_council,minutes,2026,NO,0,227,8,,13,https://cityoflawrence.com/AgendaCenter/ViewFile/Minutes/_01202026-1682,page,
Lawrence,lawrence,commuter rail,2,city_council,minutes,2026,NO,0,154,12,,16,https://cityoflawrence.com/AgendaCenter/ViewFile/Minutes/_02032026-1701,page,
Lawrence,lawrence,commuter rail,6,planning_board,decision,,FETCH_FAIL,0,0,0,,0,http://www.cityoflawrence.com:80/Data/Sites/1/documents/boards_commissions/planning/Special_Permit_Site_Plan_Approval_application.pdf,file,HTTPError
Lawrence,lawrence,commuter rail,6,planning_board,decision,,FETCH_FAIL,0,0,0,,0,http://www.cityoflawrence.com:80/Data/Sites/1/documents/boards_commissions/planning/Special_Permit_application.pdf,file,HTTPError
Leicester,leicester,MBTA adjacent,5,,,,TOPIC_ONLY,24,0,0,"1,2",2,https://leicesterma.org/DocumentCenter/View/2155/Attorney-Generals-Advisory-About-the-Enforcement-of-MBTA-Communities-PDF,file,
Leicester,leicester,MBTA adjacent,5,,,,TOPIC_ONLY,1,0,0,1,4,https://www.leicesterma.org/DocumentCenter/View/2156/Complete-MBTA-Community-List-PDF,file,
Leicester,leicester,MBTA adjacent,5,,,,PROBABLE,9,4,0,"1,2",2,https://www.leicesterma.org/DocumentCenter/View/2162/MBTA-Communities-Law-101-PDF,file,
Leicester,leicester,MBTA adjacent,5,,,,TOPIC_ONLY,17,0,0,"1,2",2,https://www.leicesterma.org/DocumentCenter/View/2164/Myth-Busting-MBTA-Communities-Law-PDF,file,
Leicester,leicester,MBTA adjacent,5,,,,CONFIRMED,15,1,6,1,0,https://leicesterma.org/481/MBTA-Communities-Leicester,page,
Leicester,leicester,MBTA adjacent,5,zoning,,,NO,0,0,0,,0,https://leicesterma.org/ImageRepository/Document?documentID=175,file,
Leicester,leicester,MBTA adjacent,5,zoning,bylaw,2025,CONFIRMED,10,2,4,"1,7",7,https://leicesterma.org/DocumentCenter/View/3233/Leicester-MBTA-Zoning-Draft-02192025,file,
Leicester,leicester,MBTA adjacent,5,zoning,bylaw,2025,NO,0,1,0,,0,https://leicesterma.org/DocumentCenter/View/3657/Leicester-MBTA-Zoning-Draft-06162025,file,
Leicester,leicester,MBTA adjacent,1,town_meeting,minutes,2026,NO,0,0,0,,42,https://leicesterma.org/AgendaCenter/ViewFile/Minutes/_05052026-3229,file,
Leicester,leicester,MBTA adjacent,1,town_meeting,warrant,,NO,0,12,6,,48,https://www.leicesterma.org/DocumentCenter/View/3859,file,
Leominster,leominster,commuter rail,5,,,,NO,0,0,0,,10,https://leominster-ma.gov/DocumentCenter/View/3126/MRPC-Petition-for-MBTA-Multi-Family-Overlay-District,file,
Leominster,leominster,commuter rail,5,,,,NO,0,0,0,,1,https://leominster-ma.gov/DocumentCenter/View/3127/Multi-Family-Overlay-District-1,file,
Leominster,leominster,commuter rail,5,,,,NO,0,0,0,,1,https://leominster-ma.gov/DocumentCenter/View/3128/Multi-Family-Overlay-District-2,file,
Leominster,leominster,commuter rail,5,,,,NO,0,0,0,,1,https://leominster-ma.gov/DocumentCenter/View/3129/Multi-Family-Overlay-District-3,file,
Leominster,leominster,commuter rail,2,city_council,minutes,2026,NO,0,0,0,,10,https://leominster-ma.gov/AgendaCenter/ViewFile/Minutes/_01122026-1886,file,
Leominster,leominster,commuter rail,2,city_council,minutes,2026,NO,0,0,0,,1,https://leominster-ma.gov/AgendaCenter/ViewFile/Minutes/_01202026-1896,file,
Leominster,leominster,commuter rail,2,city_council,minutes,2026,NO,0,0,0,,2,https://leominster-ma.gov/AgendaCenter/ViewFile/Minutes/_01202026-1897,file,
Leominster,leominster,commuter rail,2,city_council,minutes,2026,NO,0,0,0,,9,https://leominster-ma.gov/AgendaCenter/ViewFile/Minutes/_01292026-1909,file,
Leominster,leominster,commuter rail,2,city_council,minutes,2026,NO,0,0,0,,1,https://leominster-ma.gov/AgendaCenter/ViewFile/Minutes/_02092026-1903,file,
Leominster,leominster,commuter rail,2,city_council,minutes,2026,NO,0,0,0,,8,https://leominster-ma.gov/AgendaCenter/ViewFile/Minutes/_02092026-1919,file,
Lexington,lexington,bus,5,,,,CONFIRMED,204,4,1,"1,2,4,5,6,7,8,9,10,11,12,13,14,15,16,17,25,26",26,https://www.lexingtonma.gov/DocumentCenter/View/7029,file,
Lexington,lexington,bus,5,,,,TOPIC_ONLY,24,0,0,"1,2",2,https://www.lexingtonma.gov/DocumentCenter/View/8487,file,
Lexington,lexington,bus,5,zoning,,,CONFIRMED,3,2,1,1,1,https://lexingtonma.gov/DocumentCenter/View/7932/Art-34-multi-family-zoning?bidId=,file,
Lexington,lexington,bus,5,zoning,,,CONFIRMED,3,5,29,"1,2",40,https://lexingtonma.gov/DocumentCenter/View/8463/Art-34-village-and-multi-family-slides?bidId=%EF%BF%BD%EF%BF%BD%20;%20%EF%BF%BD%EF%BF%BD(%EF%BF%BD%EF%BF%BDhttps://www.lexingtonma.gov/1496/Zoning-Amendments---MBTA-Communities,file,
Lexington,lexington,bus,5,zoning,,,CONFIRMED,3,2,1,1,1,https://www.lexingtonma.gov/DocumentCenter/View/7932/Art-34-multi-family-zoning,file,
Lexington,lexington,bus,5,zoning,,,CONFIRMED,11,24,55,1,0,https://lexingtonma.gov/1496/MBTA-Communities-Zoning,page,
Lexington,lexington,bus,5,zoning,,2025,CONFIRMED,1,1,4,1,1,https://www.lexingtonma.gov/DocumentCenter/View/14478/2025-Village-Overlay-Zoning-Map-STM?bidId=,file,
Lexington,lexington,bus,1,town_meeting,warrant,,FETCH_FAIL,0,0,0,,0,http://lexingtonma.gov/budget/STMwarrant111708.pdf,file,HTTPError
Lexington,lexington,bus,1,town_meeting,warrant,,FETCH_FAIL,0,0,0,,0,http://lexingtonma.gov/towngovernment/STMwarrant111708MAIL.pdf,file,HTTPError
Lexington,lexington,bus,1,town_meeting,warrant,,FETCH_FAIL,0,0,0,,0,http://www.lexingtonma.gov/sites/lexingtonma/files/uploads/1-stmwarrant-110215-print2.pdf,file,HTTPError
Lincoln,lincoln,bus,5,,,,CONFIRMED,146,1,1,"1,2,3,4,5,6,7,8,9,10,11",11,http://lincolntown.org/DocumentCenter/View/72113/Draft-Guidelines-for-MBTA-Communities--12152021,file,
Lincoln,lincoln,bus,5,,,,CONFIRMED,29,24,6,"1,3,4,6,7,8,9,11,12",13,https://lincolntown.org/DocumentCenter/View/85829/DistrictComplianceApplicationforMBTACommunities_Submission_1216484705,file,
Lincoln,lincoln,bus,5,,,,CONFIRMED,29,24,6,"1,3,4,6,7,8,9,11,12",13,https://lincolntown.org/DocumentCenter/View/85832/DistrictComplianceApplicationforMBTACommunities_Submission_1216484705pdf,file,
Lincoln,lincoln,bus,5,,,,PROBABLE,21,10,0,"1,3,5,6,7,8",8,https://www.lincolntown.org/DocumentCenter/View/85155/PreAdoptionReviewApplicationforMBTACommunities_Submission_1153266991,file,
Lincoln,lincoln,bus,5,,,2023,CONFIRMED,26,18,8,"1,2,3,4,5,7,8,9,11,12,13,15,16,17,19,20,21,24",24,https://lincolntown.org/DocumentCenter/View/85192/2023-10-24-Lincoln-MBTA-Communities---Corrected,file,
Lincoln,lincoln,bus,5,,,2023,CONFIRMED,26,22,18,"1,4,6,7,9,10,12,13,15,16,18,19,21,23,25,26,27,28",29,https://www.lincolntown.org/DocumentCenter/View/85225/2023-11-08-Lincoln-MBTA-Communities-Forums---Updated?bidId=,file,
Lincoln,lincoln,bus,5,planning_board,,,NO,0,144,0,,0,https://lincolntown.org/DocumentCenter/View/98275/Formatted-Lincoln-Station-DGs-FINAL-PB-approved-03192024-,file,
Lincoln,lincoln,bus,5,town_meeting,,2023,TOPIC_ONLY,4,0,0,"1,2",2,https://www.lincolntown.org/DocumentCenter/View/85294/2023-12-02-DRAFT-STM-Lincoln-MBTA-Communities-2,file,
Lincoln,lincoln,bus,1,town_meeting,warrant,,FETCH_FAIL,0,0,0,,0,http://www.lincolntown.org/ATM%20Warrant%20032506.pdf,file,HTTPError
Lincoln,lincoln,bus,1,town_meeting,warrant,,FETCH_FAIL,0,0,0,,0,http://www.lincolntown.org/Adobe%20Acrobat%20Files/Town%20Meeting%202012/Notice%20for%20Opening%20or%20Warrant%20and%20ballots.pdf,file,HTTPError
Littleton,littleton,commuter rail,5,,,,CONFIRMED,15,6,10,"1,2,3,4,5,6",6,https://littletonma.org/DocumentCenter/View/5205,file,
Littleton,littleton,commuter rail,5,,,,NO,0,2,18,,1,https://littletonma.org/DocumentCenter/View/5209,file,
Littleton,littleton,commuter rail,5,,,,CONFIRMED,17,5,6,"1,2,10,11,12,13,15",17,https://littletonma.org/DocumentCenter/View/5210,file,
Littleton,littleton,commuter rail,5,,,,CONFIRMED,14,3,3,"1,2,3",3,https://littletonma.org/DocumentCenter/View/5212,file,
Littleton,littleton,commuter rail,5,,,,NO,0,0,0,,0,https://littletonma.org/DocumentCenter/View/7501,file,
Littleton,littleton,commuter rail,5,,,,NO,0,0,0,,0,https://littletonma.org/DocumentCenter/View/7508,file,
Littleton,littleton,commuter rail,5,,,,CONFIRMED,22,2,8,"1,2,3,4,5,6,7,8,9,10,11,12,13,14,15",16,https://littletonma.org/DocumentCenter/View/7631,file,
Littleton,littleton,commuter rail,5,,,,NO,0,0,0,,1,https://littletonma.org/ImageRepository/Document?documentID=768,file,
Littleton,littleton,commuter rail,5,,,,PROBABLE,7,0,16,1,0,https://littletonma.org/1083/MBTA-Communities-Working-Group,page,
Littleton,littleton,commuter rail,5,,,2023,CONFIRMED,215,8,1,"1,2,3,4,5,6,7,8,9,10,11,12,13,14,15,16,17,18,19",19,https://littletonma.org/DocumentCenter/View/5993/REVISION-to-Section-3A-Compliance-Guidelines-August-17-2023-REDLINE,file,
Lowell,lowell,commuter rail,5,,,,TOPIC_ONLY,1,0,0,1,1,https://www.lowellma.gov/DocumentCenter/View/24244/MBTA-Communities-Overlay-Districts-PDF,file,
Lowell,lowell,commuter rail,5,planning_board,,,NO,0,0,0,,0,https://lowellma.gov/ImageRepository/Document?documentID=2581,file,
Lowell,lowell,commuter rail,5,zoning,,,CONFIRMED,20,2,7,"2,6,7,9,10,15,16",16,https://www.lowellma.gov/DocumentCenter/View/23656,file,
Lowell,lowell,commuter rail,1,town_meeting,warrant,2024,NO,0,0,0,,2,https://www.lowellma.gov/DocumentCenter/View/27417/2024-State-Primary-Warrant?bidId=,file,
Lowell,lowell,commuter rail,2,city_council,minutes,2022,NO,0,6,2,,2,https://lowellma.gov/AgendaCenter/ViewFile/Minutes/_09272022-2452,file,
Lowell,lowell,commuter rail,2,city_council,minutes,2022,NO,0,0,0,,0,https://lowellma.gov/ImageRepository/Document?documentID=1916,file,
Lowell,lowell,commuter rail,2,city_council,minutes,2022,NO,0,19,1,,2,https://www.lowellma.gov/AgendaCenter/ViewFile/Minutes/_02242022-2247,file,
Lowell,lowell,commuter rail,2,city_council,minutes,2022,NO,0,10,3,,2,https://www.lowellma.gov/AgendaCenter/ViewFile/Minutes/_07272022-2406,file,
Lowell,lowell,commuter rail,2,city_council,minutes,2023,NO,0,9,0,,0,https://lowellma.gov/ImageRepository/Document?documentID=2403,file,
Lowell,lowell,commuter rail,2,city_council,minutes,2023,NO,0,18,1,,2,https://www.lowellma.gov/AgendaCenter/ViewFile/Minutes/_09122023-2799,file,
Lunenburg,lunenburg,MBTA adjacent,5,,,,PROBABLE,8,0,1,"1,2,3,5",6,https://www.lunenburgma.gov/DocumentCenter/View/1149,file,
Lunenburg,lunenburg,MBTA adjacent,5,,,,PROBABLE,8,0,1,"1,2,3,5",6,https://www.lunenburgma.gov/DocumentCenter/View/1150,file,
Lunenburg,lunenburg,MBTA adjacent,5,,,,PROBABLE,8,0,1,"1,2,3,5",6,https://www.lunenburgma.gov/DocumentCenter/View/1153,file,
Lunenburg,lunenburg,MBTA adjacent,5,,,,PROBABLE,8,0,1,"1,2,3,5",6,https://www.lunenburgma.gov/DocumentCenter/View/1154,file,
Lunenburg,lunenburg,MBTA adjacent,5,,,,PROBABLE,1,9,0,1,0,https://www.lunenburgma.gov/DocumentCenter/View/2801,file,
Lunenburg,lunenburg,MBTA adjacent,5,,,,PROBABLE,1,19,0,1,0,https://www.lunenburgma.gov/DocumentCenter/View/2802,file,
Lunenburg,lunenburg,MBTA adjacent,5,,,,PROBABLE,1,7,0,1,0,https://www.lunenburgma.gov/DocumentCenter/View/2805,file,
Lunenburg,lunenburg,MBTA adjacent,5,,,,PROBABLE,1,7,0,1,0,https://www.lunenburgma.gov/DocumentCenter/View/2809,file,
Lunenburg,lunenburg,MBTA adjacent,5,,,,PROBABLE,2,0,3,"1,14",19,https://www.lunenburgma.gov/DocumentCenter/View/2822/MBTA-Communities-Information-PDF,file,
Lunenburg,lunenburg,MBTA adjacent,5,,,,PROBABLE,1,9,0,1,0,https://www.lunenburgma.gov/DocumentCenter/View/3084,file,
Lynn,lynn,bus,2,city_council,minutes,2022,FETCH_FAIL,0,0,0,,0,http://www.lynnma.gov/cityhall_documents/city_council/city_council_2022/city_council_aug_09_2022_minutes.pdf,file,HTTPError
Lynn,lynn,bus,2,city_council,minutes,2022,FETCH_FAIL,0,0,0,,0,http://www.lynnma.gov/cityhall_documents/city_council/city_council_2022/city_council_feb_08_2022_minutes.pdf,file,HTTPError
Lynn,lynn,bus,2,city_council,minutes,2022,FETCH_FAIL,0,0,0,,0,http://www.lynnma.gov/cityhall_documents/city_council/city_council_2022/city_council_feb_22_2022_minutes.pdf,file,HTTPError
Lynn,lynn,bus,2,city_council,minutes,2022,FETCH_FAIL,0,0,0,,0,http://www.lynnma.gov/cityhall_documents/city_council/city_council_2022/city_council_jan_03_2022_minutes.pdf,file,HTTPError
Lynn,lynn,bus,2,city_council,minutes,2022,FETCH_FAIL,0,0,0,,0,http://www.lynnma.gov/cityhall_documents/city_council/city_council_2022/city_council_jan_11_2022_minutes.pdf,file,HTTPError
Lynn,lynn,bus,2,city_council,minutes,2022,FETCH_FAIL,0,0,0,,0,http://www.lynnma.gov/cityhall_documents/city_council/city_council_2022/city_council_jan_25_2022_minutes.pdf,file,HTTPError
Lynn,lynn,bus,2,city_council,minutes,2022,FETCH_FAIL,0,0,0,,0,http://www.lynnma.gov/cityhall_documents/city_council/city_council_2022/city_council_jul_12_2022_minutes.pdf,file,HTTPError
Lynn,lynn,bus,2,city_council,minutes,2022,FETCH_FAIL,0,0,0,,0,http://www.lynnma.gov/cityhall_documents/city_council/city_council_2022/city_council_nov_22_2022_minutes.pdf,file,HTTPError
Lynn,lynn,bus,2,city_council,minutes,2022,FETCH_FAIL,0,0,0,,0,https://www.lynnma.gov/cityhall_documents/city_council/city_council_2022/city_council_apr_12_2022_minutes.pdf,file,HTTPError
Lynn,lynn,bus,2,city_council,minutes,2022,FETCH_FAIL,0,0,0,,0,https://www.lynnma.gov/cityhall_documents/city_council/city_council_2022/city_council_apr_26_2022_minutes.pdf,file,HTTPError
Lynnfield,lynnfield,MBTA adjacent,5,,,,TOPIC_ONLY,10,0,0,1,1,https://www.lynnfieldma.gov/DocumentCenter/View/275/MBTA-Community-PDF,file,
Lynnfield,lynnfield,MBTA adjacent,5,,,,NO,0,50,0,,0,https://www.lynnfieldma.gov/DocumentCenter/View/2977,file,
Lynnfield,lynnfield,MBTA adjacent,5,,,,NO,0,50,0,,0,https://www.lynnfieldma.gov/DocumentCenter/View/2979,file,
Lynnfield,lynnfield,MBTA adjacent,5,,,,NO,0,7,0,,0,https://www.lynnfieldma.gov/DocumentCenter/View/2980,file,
Lynnfield,lynnfield,MBTA adjacent,5,,,2024,CONFIRMED,14,5,15,"1,2,3",3,https://www.lynnfieldma.gov/DocumentCenter/View/287/May-8-2024---Lynnfield-Villager-MBTA-Communities-Law-Committee-Formed-PDF,file,
Lynnfield,lynnfield,MBTA adjacent,5,select_board,,2024,CONFIRMED,2,2,9,1,2,https://www.lynnfieldma.gov/DocumentCenter/View/283/May-6-2024---Lynn-Item-Select-Board-Forms-MBTA-Communities-Law-Committee-PDF,file,
Lynnfield,lynnfield,MBTA adjacent,5,zoning,,,CONFIRMED,17,7,1,"1,2,3,4,5,6",6,https://www.lynnfieldma.gov/DocumentCenter/View/1623/3A-Zoning-Amendment-Article-PDF,file,
Lynnfield,lynnfield,MBTA adjacent,5,zoning,,,TOPIC_ONLY,24,0,0,"1,2",2,https://www.lynnfieldma.gov/DocumentCenter/View/272,file,
Lynnfield,lynnfield,MBTA adjacent,5,zoning,,,CONFIRMED,216,8,1,"1,2,3,4,5,6,7,8,9,10,11,12,13,14,15,16,17,18,19,26",26,https://www.lynnfieldma.gov/DocumentCenter/View/303/The-Law---Revision-to-Section-3A-Compliance-Guidelines-for-Multi-Family-Zoning-Districts-PDF,file,
Lynnfield,lynnfield,MBTA adjacent,5,zoning,,2024,CONFIRMED,14,3,7,"1,2,3,4",4,https://www.lynnfieldma.gov/DocumentCenter/View/284/July-24-2024---Lynnfield-Villager-MBTA-Communities-Zoning-Locations-Proposed-PDF,file,
Malden,malden,subway or light rail,5,,,,CONFIRMED,204,4,1,"1,2,4,5,6,7,8,9,10,11,12,13,14,15,16,17,25,26",26,https://cityofmalden.org/DocumentCenter/View/6750/DHCD-Section-3A-Compliance-Guidelines-81022,file,
Malden,malden,subway or light rail,5,,,,CONFIRMED,204,4,1,"1,2,4,5,6,7,8,9,10,11,12,13,14,15,16,17,25,26",26,https://cityofmalden.org/DocumentCenter/View/6750/DHCD-Section-3A-Compliance-Guidelines-81022?bidId=,file,
Malden,malden,subway or light rail,5,,,,PROBABLE,42,25,0,"1,2,3,4,6,7,8,9,10,12,13,14,15,16,18,19,21,24,25,27",73,https://www.cityofmalden.org/DocumentCenter/View/7786/MBTA-Communities-Survey-Results-with-Comments-23-12-6-v2,file,
Malden,malden,subway or light rail,5,,,2022,CONFIRMED,202,5,1,"1,2,3,4,5,6,7,8,9,10,11,12,13,14,15,16,17,18,26,27",27,https://cityofmalden.org/DocumentCenter/View/6748/DHCD-Section-3A-Compliance-Guidelines-with-Appendices-Revised-October-21-2022-,file,
Malden,malden,subway or light rail,5,,,2022,CONFIRMED,202,5,1,"1,2,3,4,5,6,7,8,9,10,11,12,13,14,15,16,17,18,26,27",27,https://cityofmalden.org/DocumentCenter/View/6748/DHCD-Section-3A-Compliance-Guidelines-with-Appendices-Revised-October-21-2022-?bidId=,file,
Malden,malden,subway or light rail,5,,,2023,CONFIRMED,213,8,1,"1,2,3,4,5,6,7,8,9,10,11,12,13,14,15,16,17,18",18,https://www.cityofmalden.org/DocumentCenter/View/7339/REVISION-to-Section-3A-Compliance-Guidelines-August-17-2023,file,
Malden,malden,subway or light rail,5,,,2023,CONFIRMED,213,8,1,"1,2,3,4,5,6,7,8,9,10,11,12,13,14,15,16,17,18",18,https://www.cityofmalden.org/DocumentCenter/View/7339/REVISION-to-Section-3A-Compliance-Guidelines-August-17-2023?bidId=,file,
Malden,malden,subway or light rail,5,,,2025,CONFIRMED,10,5,1,"1,2,3",3,https://cityofmalden.org/DocumentCenter/View/11092/EOHLC-Malden---Determination-of-Compliance-2025611,file,
Malden,malden,subway or light rail,5,city_council,,2022,PROBABLE,63,0,2,"1,2,3,4,5,6,7,8,9,10,11,12,13,14,15,16,17,18,19,20",26,https://cityofmalden.org/DocumentCenter/View/6751/-MBTA-Communities-Zoning-Presentation-to-City-Council-April-26-2022?bidId=,file,
Malden,malden,subway or light rail,5,city_council,,2023,PROBABLE,29,0,6,"1,2,3,4,5,6,7,8,9,10,11",11,https://cityofmalden.org/DocumentCenter/View/6752/MBTA-Communities-Zoning-Update-to-City-Council-February-14-2023,file,
Manchester,manchester,commuter rail,5,,,,CONFIRMED,146,1,1,"1,2,3,4,5,6,7,8,9,10,11",11,http://manchester.ma.us/DocumentCenter/View/4709/MBTACommunities-Draft-Compliance-Guidelines-c40A-Sect-3A,file,
Manchester,manchester,commuter rail,5,,,,PROBABLE,27,4,0,"1,2,3,4,5,6,7,14,18,19,20,21,22",22,http://manchester.ma.us/DocumentCenter/View/6064/Introduction-to-MGL-Section-3A,file,
Manchester,manchester,commuter rail,5,,,,CONFIRMED,213,8,1,"1,2,3,4,5,6,7,8,9,10,11,12,13,14,15,16,17,18",18,http://manchester.ma.us/DocumentCenter/View/6290/Section-3A-Compliance-Guidelines-81723,file,
Manchester,manchester,commuter rail,5,,,,CONFIRMED,213,8,1,"1,2,3,4,5,6,7,8,9,10,11,12,13,14,15,16,17,18",18,http://manchester.ma.us/DocumentCenter/View/6290/Section-3A-Compliance-Guidelines-81723?bidId=,file,
Manchester,manchester,commuter rail,5,,,,PROBABLE,15,1,0,1,1,http://manchester.ma.us/DocumentCenter/View/6291/Section-3A-Summary-of-Changes-81723,file,
Manchester,manchester,commuter rail,5,,,,CONFIRMED,8,4,1,"1,2,3",3,http://www.manchester.ma.us/DocumentCenter/View/8884/MBTS---Section-3A-Determination-of-Compliance,file,
Manchester,manchester,commuter rail,5,,,2022,CONFIRMED,69,6,1,"1,2,3,4,5,6,7,8,9",9,http://manchester.ma.us/DocumentCenter/View/4710/MBTACommunitiesFAQ-Updated_03-01-22,file,
Manchester,manchester,commuter rail,5,,,2022,CONFIRMED,12,3,1,"1,3,4,5,7",7,http://manchester.ma.us/DocumentCenter/View/4759/MAPC-MBTA-TOD-Section3A_FinalComments_3_21_22,file,
Manchester,manchester,commuter rail,5,,,2022,PROBABLE,7,0,1,1,4,https://manchester.ma.us/DocumentCenter/View/4756/MBTA-Communities-Regional-Letter-32322,file,
Manchester,manchester,commuter rail,5,,,2023,TOPIC_ONLY,24,0,0,"1,2",2,https://www.manchester.ma.us/DocumentCenter/View/5842/MBTA-Communities-Advisory_3-15-23_AGO,file,
Mansfield,mansfield,commuter rail,5,,,,CONFIRMED,69,6,1,"1,2,3,4,5,6,7,8,9",9,https://mansfieldma.com/DocumentCenter/View/6097/MBTA-Communities-FAQ---Updated-03102022,file,
Mansfield,mansfield,commuter rail,5,,,2024,CONFIRMED,10,3,2,"1,2",2,https://mansfieldma.com/DocumentCenter/View/9181,file,
Mansfield,mansfield,commuter rail,5,zoning,,,CONFIRMED,20,9,39,1,0,https://mansfieldma.com/705/MGL-Chapter-40A-Section-3A-3A-MBTA-Zonin,page,
Mansfield,mansfield,commuter rail,1,town_meeting,warrant,,FETCH_FAIL,0,0,0,,0,http://mansfieldma.com/Town%20Meeting/201o_Spring_Special_TM_Warrant.pdf,file,HTTPError
Mansfield,mansfield,commuter rail,1,town_meeting,warrant,,FETCH_FAIL,0,0,0,,0,http://www.mansfieldma.com/EK%20Links/warrant.pdf,file,HTTPError
Mansfield,mansfield,commuter rail,1,town_meeting,warrant,,FETCH_FAIL,0,0,0,,0,http://www.mansfieldma.com:80/clerk/archives/Fall%20Special%20Town%20Meeting%20Warrant%202002.pdf,file,HTTPError
Mansfield,mansfield,commuter rail,1,town_meeting,warrant,,FETCH_FAIL,0,0,0,,0,http://www.mansfieldma.com:80/town_meeting/Special%20Town%20Meeting%20Warrant%202003.pdf,file,HTTPError
Mansfield,mansfield,commuter rail,1,town_meeting,warrant,,NO,0,1,1,,23,https://mansfieldma.com/DocumentCenter/View/10117/25008T-Warrant-Summary,file,
Mansfield,mansfield,commuter rail,1,town_meeting,warrant,,NO,0,0,1,,6,https://mansfieldma.com/DocumentCenter/View/10118/25009E-Warrant-Summary,file,
Mansfield,mansfield,commuter rail,1,town_meeting,warrant,,NO,0,0,3,,26,https://mansfieldma.com/DocumentCenter/View/10119/25009T-Warrant-Summary,file,
Marblehead,marblehead,bus,5,,,,FETCH_FAIL,0,0,0,,0,https://www.marblehead.org/sites/g/files/vyhlif4661/f/news/mbta_communities_zoning_act_virtual_mtg_10.26_0.pdf,file,HTTPError
Marblehead,marblehead,bus,5,,,,FETCH_FAIL,0,0,0,,0,https://www.marblehead.org/sites/g/files/vyhlif4661/f/uploads/mbta_community_zoning_final.pdf,file,HTTPError
Marblehead,marblehead,bus,5,,,,PROBABLE,3,0,8,1,0,https://marbleheadma.gov/3a-multifamily-overlay-district-information-session/,page,
Marblehead,marblehead,bus,5,,,,PROBABLE,6,0,8,1,0,https://marbleheadma.gov/category/mbta-communities-section-3a/,page,
Marblehead,marblehead,bus,5,,,,CONFIRMED,4,1,11,1,0,https://marbleheadma.gov/event/3a-multifamily-overlay-district-information-session/,page,
Marblehead,marblehead,bus,5,,,2024,FETCH_FAIL,0,0,0,,0,https://www.marbleheadma.gov/sites/g/files/vyhlif4661/f/uploads/mbta_community_zoning_1_16_2024_complinace_model.pptx,file,HTTPError
Marblehead,marblehead,bus,5,,,2025,CONFIRMED,11,4,3,"1,3,19,20",24,https://marbleheadma.gov/wp-content/uploads/2025/03/mbta_communities_-_public_presentation.pdf.pdf,file,
Marblehead,marblehead,bus,5,,,2025,CONFIRMED,11,4,3,"1,3,19,20",24,https://marbleheadma.gov/wp-content/uploads/2025/04/MBTA-Communities-3A-Compliance.pdf,file,
Marblehead,marblehead,bus,5,,,2026,NO,0,0,0,,1,https://marbleheadma.gov/wp-content/uploads/2026/02/3A-Multifamily-Overlay-District-Map-February-11-2026.pdf,file,
Marblehead,marblehead,bus,5,planning_board,,2024,PROBABLE,2,0,11,1,0,https://marbleheadma.gov/mbta-community-zoning-january-16-2024-planning-board-meeting-recording/,page,
Marlborough,marlborough,MBTA adjacent,1,town_meeting,warrant,,FETCH_FAIL,0,0,0,,0,http://www.marlborough-ma.gov/Gen/MarlboroughMA_CityClerks/State%20Warrant.pdf,file,HTTPError
Marlborough,marlborough,MBTA adjacent,1,town_meeting,warrant,,FETCH_FAIL,0,0,0,,0,http://www.marlborough-ma.gov/Res/familyhsng/MarlboroughMA_CityClerks/State%20Warrant.pdf,file,HTTPError
Marlborough,marlborough,MBTA adjacent,1,town_meeting,warrant,,FETCH_FAIL,0,0,0,,0,http://www.marlborough-ma.gov/res/publicsfty/MarlboroughMA_CityClerks/State%20Warrant.pdf,file,HTTPError
Marlborough,marlborough,MBTA adjacent,2,city_council,minutes,2026,NO,0,10,18,,2,https://marlborough-ma.gov/AgendaCenter/ViewFile/Minutes/_01052026-2352,file,
Marlborough,marlborough,MBTA adjacent,2,city_council,minutes,2026,NO,0,137,66,,13,https://marlborough-ma.gov/AgendaCenter/ViewFile/Minutes/_01122026-2361,file,
Marlborough,marlborough,MBTA adjacent,2,city_council,minutes,2026,NO,0,178,34,,10,https://marlborough-ma.gov/AgendaCenter/ViewFile/Minutes/_02092026-2408,file,
Marlborough,marlborough,MBTA adjacent,2,city_council,minutes,2026,NO,0,200,42,,11,https://marlborough-ma.gov/AgendaCenter/ViewFile/Minutes/_03092026-2447,file,
Marlborough,marlborough,MBTA adjacent,2,city_council,minutes,2026,NO,0,203,49,,22,https://marlborough-ma.gov/AgendaCenter/ViewFile/Minutes/_03232026-2467,file,
Marlborough,marlborough,MBTA adjacent,2,city_council,minutes,2026,NO,0,155,29,,12,https://marlborough-ma.gov/AgendaCenter/ViewFile/Minutes/_04062026-2484,file,
Marlborough,marlborough,MBTA adjacent,2,city_council,minutes,2026,NO,0,160,37,,12,https://marlborough-ma.gov/AgendaCenter/ViewFile/Minutes/_04272026-2510,file,
Marshfield,marshfield,MBTA adjacent,5,select_board,,,NO,0,0,0,,0,https://cms3.revize.com/revize/security/index.jsp?webspace=marshfield&filename=/government/select_board/mbta_communities_act_information.php,file,
Marshfield,marshfield,MBTA adjacent,5,select_board,,,FETCH_FAIL,0,0,0,,0,https://marshfield-ma.gov/government/select_board/Second AGO Advisory on MBTA Communities.pdf?t=202509281948570,file,HTTPError
Marshfield,marshfield,MBTA adjacent,5,select_board,,,CONFIRMED,7,2,6,1,0,https://marshfield-ma.gov/government/select_board/mbta_communities_act_information.php,page,
Marshfield,marshfield,MBTA adjacent,5,select_board,,2025,FETCH_FAIL,0,0,0,,0,https://marshfield-ma.gov/government/select_board/2.27.25 FINAL COMPLAINT (MBTA COMMUNITIES ACT).pdf?t=202509281951100,file,HTTPError
Marshfield,marshfield,MBTA adjacent,5,town_meeting,,2024,FETCH_FAIL,0,0,0,,0,https://marshfield-ma.gov/government/boards_commissions/town_meeting/MBTA Overlay District Location 9-12-2024.pdf?t=202412141741430,file,HTTPError
Marshfield,marshfield,MBTA adjacent,5,zoning,,,FETCH_FAIL,0,0,0,,0,"https://marshfield-ma.gov/government/boards_commissions/town_meeting/Articles 12, 13 and 14  MBTA Communities and impacts.pptx?t=202510011231130",file,HTTPError
Marshfield,marshfield,MBTA adjacent,1,town_meeting,minutes,2022,FETCH_FAIL,0,0,0,,0,https://cms3.revize.com/revize/boylstonma/Documents/Services/Clerk/Town%20Meetings/special_town_meeting_minutes.12.12.2022.pdf,file,HTTPError
Marshfield,marshfield,MBTA adjacent,1,town_meeting,minutes,2023,FETCH_FAIL,0,0,0,,0,https://cms3.revize.com/revize/boylstonma/Documents/Services/Clerk/Town%20Meetings/town_meeting_minutes_2023.5.1.pdf,file,HTTPError
Marshfield,marshfield,MBTA adjacent,1,town_meeting,minutes,2023,FETCH_FAIL,0,0,0,,0,https://marshfield-ma.gov/government/boards_commissions/town_meeting/230424ATM MinutesFinal.pdf?t=202503061053150,file,HTTPError
Marshfield,marshfield,MBTA adjacent,1,town_meeting,minutes,2023,FETCH_FAIL,0,0,0,,0,https://marshfield-ma.gov/government/boards_commissions/town_meeting/230424STMMINUTESFINAL.pdf?t=202503061054100,file,HTTPError
Maynard,maynard,MBTA adjacent,1,town_meeting,minutes,,NO,0,617,135,,60,https://townofmaynard-ma.gov/DocumentCenter/View/3902/Official-Town-Meeting-Minutes,file,
Maynard,maynard,MBTA adjacent,1,town_meeting,minutes,2023,NO,0,116,46,,16,https://townofmaynard-ma.gov/DocumentCenter/View/2335,file,
Maynard,maynard,MBTA adjacent,1,town_meeting,minutes,2023,NO,0,414,185,,77,https://www.townofmaynard-ma.gov/DocumentCenter/View/1923/Official-Minutes-of-ATM-05-15-2023,file,
Maynard,maynard,MBTA adjacent,1,town_meeting,minutes,2024,CONFIRMED,6,359,103,"41,45,46,47",57,https://townofmaynard-ma.gov/DocumentCenter/View/3037/Official-Minutes-of-ATM-5-20-2024,file,
Maynard,maynard,MBTA adjacent,1,town_meeting,minutes,2024,NO,0,105,19,,10,https://townofmaynard-ma.gov/DocumentCenter/View/3524/Official-Minutes-of-Special-Town-Meeting-10-7-24,file,
Maynard,maynard,MBTA adjacent,1,town_meeting,minutes,2025,NO,0,163,52,,26,https://townofmaynard-ma.gov/DocumentCenter/View/4182,file,
Maynard,maynard,MBTA adjacent,1,town_meeting,warrant,,FETCH_FAIL,0,0,0,,0,http://www.townofmaynard-ma.gov/Pages/MaynardMA_BOS/maynardwarrant.pdf,file,HTTPError
Maynard,maynard,MBTA adjacent,1,town_meeting,warrant,,FETCH_FAIL,0,0,0,,0,http://www.townofmaynard-ma.gov/documents/stm-warrant-20150507.pdf,file,HTTPError
Maynard,maynard,MBTA adjacent,1,town_meeting,warrant,,NO,0,69,48,,19,https://townofmaynard-ma.gov/DocumentCenter/View/1086/Special-Town-Meeting-Warrant-PDF,file,
Maynard,maynard,MBTA adjacent,1,town_meeting,warrant,,NO,0,91,119,,53,https://townofmaynard-ma.gov/DocumentCenter/View/1090/Annual-Town-Meeting-Warrant-PDF,file,
Medfield,medfield,MBTA adjacent,5,,,,TOPIC_ONLY,1,0,0,1,1,http://www.town.medfield.net/DocumentCenter/View/7764/MBTA-CommunitiesMSH-Impact-,file,
Medfield,medfield,MBTA adjacent,5,,,,NO,0,4,0,,0,https://town.medfield.net/DocumentCenter/View/6766,file,
Medfield,medfield,MBTA adjacent,5,,,2023,CONFIRMED,10,2,4,"1,2,3",5,https://town.medfield.net/DocumentCenter/View/6767/Action-Plan-for-MBTA-Communities-01-17-23-Submission-pdf,file,
Medfield,medfield,MBTA adjacent,5,planning_board,,,NO,0,4,2,,3,https://town.medfield.net/ImageRepository/Document?documentID=760,file,
Medfield,medfield,MBTA adjacent,5,zoning,,,CONFIRMED,12,1,17,1,0,https://town.medfield.net/2178/MBTA-Communities-Multi-Family-Zoning-Req,page,
Medfield,medfield,MBTA adjacent,1,town_meeting,warrant,,NO,0,1,0,,1,http://town.medfield.net/DocumentCenter/View/2779/Map-for-Art-29---BASEMAPS-for-Warrant-PDF,file,
Medfield,medfield,MBTA adjacent,1,town_meeting,warrant,,NO,0,100,53,,42,http://town.medfield.net/DocumentCenter/View/3349/Special-Town-Meeting-Warrant-Report-PDF,file,
Medfield,medfield,MBTA adjacent,1,town_meeting,warrant,,NO,0,65,13,,34,http://town.medfield.net/DocumentCenter/View/3350/Special-Town-Meeting-Warrant-PDF,file,
Medfield,medfield,MBTA adjacent,1,town_meeting,warrant,,NO,0,2,1,,24,http://town.medfield.net/DocumentCenter/View/4337/Presentation-to-Warrant-Committee---5182020pdf,file,
Medfield,medfield,MBTA adjacent,1,town_meeting,warrant,,NO,0,29,41,,65,http://town.medfield.net/DocumentCenter/View/4340/Warrant-Committe-Budget-Book-1272020pdf,file,
Medford,medford,subway or light rail,1,town_meeting,warrant,,NO,0,0,0,,1,https://resources.finalsite.net/images/v1543531216/highlineschoolsorg/dfmrsmin0vht8kxopoth/PayrollwarrantNovember18.pdf,file,
Medway,medway,MBTA adjacent,5,,,,PROBABLE,2,0,1,1,0,https://medwayma.gov/39-west-street-development-plan-approval-in-accordance-with-gl-c-40a-3a,page,
Medway,medway,MBTA adjacent,5,,,,PROBABLE,7,0,3,1,0,https://medwayma.gov/mbta-communities-law,page,
Medway,medway,MBTA adjacent,5,,,,PROBABLE,6,0,2,1,0,https://medwayma.gov/mbta-communities-law-pedb-special-meeting-862024,page,
Medway,medway,MBTA adjacent,5,,,,PROBABLE,7,0,3,1,0,https://townofmedway.org/mbta-communities-law,page,
Medway,medway,MBTA adjacent,5,,,2023,FETCH_FAIL,0,0,0,,0,https://www.townofmedway.org/sites/g/files/vyhlif8006/f/news/mbta_communities_public_info_doc_11.13.23.pdf,file,HTTPError
Medway,medway,MBTA adjacent,5,,,2024,FETCH_FAIL,0,0,0,,0,https://www.townofmedway.org/sites/g/files/vyhlif12846/f/uploads/mbta-communities-ballot-vote_6-7-24-healey_ltr_7.16.24.pdf,file,HTTPError
Medway,medway,MBTA adjacent,5,,notice,,CONFIRMED,4,1,1,1,0,https://medwayma.gov/news-and-notices/have-you-heard-of-the-mbta-communities-law,page,
Medway,medway,MBTA adjacent,5,,notice,,CONFIRMED,2,1,1,1,0,https://medwayma.gov/news-and-notices/mbta-communities-law-compliance-in-medway-barrett-planning-group-presentation,page,
Medway,medway,MBTA adjacent,5,,notice,,CONFIRMED,6,1,2,1,0,https://medwayma.gov/news-and-notices/mbta-communities-law-pedb-special-meeting-862024-2,page,
Medway,medway,MBTA adjacent,5,,notice,,CONFIRMED,4,1,1,1,0,https://medwayma.gov/news-and-notices/mbta-communities-public-information-flyer,page,
Melrose,melrose,subway or light rail,5,,,,CONFIRMED,9,4,1,"1,2,3",3,https://www.cityofmelrose.org/DocumentCenter/View/2647/MBTA-Communities-Compliance-Letter,file,
Melrose,melrose,subway or light rail,5,,,,NO,0,1,0,,0,https://www.cityofmelrose.org/DocumentCenter/View/2649,file,
Melrose,melrose,subway or light rail,5,,,,NO,0,2,0,,0,https://www.cityofmelrose.org/DocumentCenter/View/2650,file,
Melrose,melrose,subway or light rail,5,,,,NO,0,6,0,,0,https://www.cityofmelrose.org/DocumentCenter/View/2651,file,
Melrose,melrose,subway or light rail,5,,,,NO,0,2,0,,0,https://www.cityofmelrose.org/DocumentCenter/View/2652,file,
Melrose,melrose,subway or light rail,5,,,,PROBABLE,14,0,1,1,0,https://www.cityofmelrose.org/783/MBTA-Communities-Law,page,
Melrose,melrose,subway or light rail,6,city_council,report,,NO,0,0,0,,6,https://www.cityofmelrose.org/DocumentCenter/View/746,file,
Merrimac,merrimac,MBTA adjacent,5,,,,CONFIRMED,3,1,6,1,0,https://townofmerrimac.com/event/mbta-communities-workshop-with-mvpc/,page,
Merrimac,merrimac,MBTA adjacent,5,,bylaw,,CONFIRMED,5,1,6,1,0,https://townofmerrimac.com/event/mbta-communities-by-law-meeting/,page,
Merrimac,merrimac,MBTA adjacent,1,town_meeting,minutes,,FETCH_FAIL,0,0,0,,0,https://www.townofmerrimac.com/DocumentCenter/View/2345/ATM-MINUTES-4252022,file,HTTPError
Merrimac,merrimac,MBTA adjacent,1,town_meeting,minutes,2023,NO,0,0,0,,8,https://townofmerrimac.com/wp-content/uploads/2023/05/ATM-MINUTES-4.2022.pdf,file,
Merrimac,merrimac,MBTA adjacent,1,town_meeting,minutes,2023,NO,0,0,0,,3,https://townofmerrimac.com/wp-content/uploads/2023/05/STM-MINUTES-10-2022.pdf,file,
Merrimac,merrimac,MBTA adjacent,1,town_meeting,warrant,,FETCH_FAIL,0,0,0,,0,http://townofmerrimac.com/DocumentCenter/View/1836/Special-Town-Meeting-Warrant-101920,file,HTTPError
Merrimac,merrimac,MBTA adjacent,1,town_meeting,warrant,,FETCH_FAIL,0,0,0,,0,http://townofmerrimac.com/DocumentCenter/View/1845/Speical-Town-Meeting-Warrant-101920,file,HTTPError
Merrimac,merrimac,MBTA adjacent,1,town_meeting,warrant,,NO,0,0,76,,0,https://townofmerrimac.com/document-tag/warrant/,page,
Merrimac,merrimac,MBTA adjacent,1,town_meeting,warrant,,NO,0,0,10,,0,https://townofmerrimac.com/documents/vendor-warrant/,page,
Merrimac,merrimac,MBTA adjacent,1,town_meeting,warrant,2022,FETCH_FAIL,0,0,0,,0,http://townofmerrimac.com/DocumentCenter/View/1994/FY2022-ATM-Warrant,file,HTTPError
Methuen,methuen,MBTA adjacent,5,,,,PROBABLE,85,0,2,"1,2,4,5,6,7,8,9,10,11,12,13,14,15,16,17,18,19,20,21",48,https://cityofmethuen.net/DocumentCenter/View/2451/MBTA-Communities-Act-101-and-Implications-for-Methuen,file,
Methuen,methuen,MBTA adjacent,5,,,,TOPIC_ONLY,24,0,0,"1,2",2,https://cityofmethuen.net/DocumentCenter/View/2567/MBTA-Communities-Advisory,file,
Methuen,methuen,MBTA adjacent,5,,,,NO,0,0,0,,1,https://cityofmethuen.net/ImageRepository/Document?documentID=460,file,
Methuen,methuen,MBTA adjacent,5,,,,PROBABLE,85,0,2,"1,2,4,5,6,7,8,9,10,11,12,13,14,15,16,17,18,19,20,21",48,https://methuen.gov/DocumentCenter/View/2451/MBTA-Communities-Act-101-and-Implications-for-Methuen,file,
Methuen,methuen,MBTA adjacent,5,,,,TOPIC_ONLY,24,0,0,"1,2",2,https://methuen.gov/DocumentCenter/View/2567/MBTA-Communities-Advisory,file,
Methuen,methuen,MBTA adjacent,5,,,,NO,0,0,0,,1,https://methuen.gov/ImageRepository/Document?documentID=460,file,
Methuen,methuen,MBTA adjacent,5,city_council,,2024,PROBABLE,43,0,10,"1,2,3,4,5,6,7,8,9,10,11,12,13,14,15,16,17,18",38,https://cityofmethuen.net/DocumentCenter/View/2566/MBTA-Communities--City-Council-Presentation-02-05-24,file,
Methuen,methuen,MBTA adjacent,5,city_council,,2024,PROBABLE,43,0,10,"1,2,3,4,5,6,7,8,9,10,11,12,13,14,15,16,17,18",38,https://methuen.gov/DocumentCenter/View/2566/MBTA-Communities--City-Council-Presentation-02-05-24,file,
Methuen,methuen,MBTA adjacent,5,city_council,,2024,PROBABLE,43,0,10,"1,2,3,4,5,6,7,8,9,10,11,12,13,14,15,16,17,18",38,https://methuen.gov/DocumentCenter/View/2566/MBTA-Communities--City-Council-Presentation-02-05-24?bidId=,file,
Methuen,methuen,MBTA adjacent,5,zoning,,,CONFIRMED,24,2,5,1,0,https://cityofmethuen.net/838/MBTA-Communities-Multi-Family-Zoning,page,
Middleborough,middleborough,commuter rail,5,zoning,,,CONFIRMED,9,1,3,"1,2,3,4,5",5,https://www.middleboroughma.gov/DocumentCenter/View/4873,file,
Middleborough,middleborough,commuter rail,1,town_meeting,minutes,,NO,0,45,23,,6,https://www.middleboroughma.gov/DocumentCenter/View/8530,file,
Middleborough,middleborough,commuter rail,1,town_meeting,minutes,,NO,0,0,106,,0,https://www.middleboroughma.gov/1021/Town-Meeting-Warrants-Minutes,page,
Middleborough,middleborough,commuter rail,1,town_meeting,warrant,,NO,0,0,0,,1,https://www.middleboroughma.gov/DocumentCenter/View/1741,file,
Middleborough,middleborough,commuter rail,1,town_meeting,warrant,,NO,0,0,0,,22,https://www.middleboroughma.gov/DocumentCenter/View/1837/special-town-meeting-warrant-101519?bidId=,file,
Middleborough,middleborough,commuter rail,1,town_meeting,warrant,,NO,0,39,9,,4,https://www.middleboroughma.gov/DocumentCenter/View/3132,file,
Middleborough,middleborough,commuter rail,1,town_meeting,warrant,,NO,0,117,53,,21,https://www.middleboroughma.gov/DocumentCenter/View/3133,file,
Middleborough,middleborough,commuter rail,1,town_meeting,warrant,,NO,0,0,0,,37,https://www.middleboroughma.gov/DocumentCenter/View/3443,file,
Middleborough,middleborough,commuter rail,1,town_meeting,warrant,,NO,0,0,0,,3,https://www.middleboroughma.gov/DocumentCenter/View/5477,file,
Middleborough,middleborough,commuter rail,1,town_meeting,warrant,,NO,0,0,0,,2,https://www.middleboroughma.gov/DocumentCenter/View/8595,file,
Middleton,middleton,MBTA adjacent,5,,,2024,PROBABLE,10,1,0,1,2,https://www.middletonma.gov/DocumentCenter/View/4379,file,
Middleton,middleton,MBTA adjacent,5,,decision,,TOPIC_ONLY,1,0,0,1,1,https://www.middletonma.gov/DocumentCenter/View/5214,file,
Middleton,middleton,MBTA adjacent,1,town_meeting,warrant,,NO,0,0,0,,15,https://www.middletonma.gov/DocumentCenter/View/1064/Warrant-FINAL-postedpdf,file,
Middleton,middleton,MBTA adjacent,1,town_meeting,warrant,,NO,0,4,13,,4,https://www.middletonma.gov/DocumentCenter/View/1756,file,
Middleton,middleton,MBTA adjacent,1,town_meeting,warrant,,NO,0,0,0,,3,https://www.middletonma.gov/DocumentCenter/View/2579/Special-Town-Meeting-Warrant-1282021,file,
Middleton,middleton,MBTA adjacent,1,town_meeting,warrant,,NO,0,44,20,,10,https://www.middletonma.gov/DocumentCenter/View/3043,file,
Middleton,middleton,MBTA adjacent,1,town_meeting,warrant,,NO,0,0,12,,9,https://www.middletonma.gov/DocumentCenter/View/3245,file,
Middleton,middleton,MBTA adjacent,1,town_meeting,warrant,,NO,0,1,11,,0,https://middletonma.gov/297/Meeting-Warrants,page,
Middleton,middleton,MBTA adjacent,1,town_meeting,warrant,2022,NO,0,96,51,,56,https://middletonma.gov/DocumentCenter/View/3272/Annual-Town-Meeting-Warrant-May-10-2022,file,
Middleton,middleton,MBTA adjacent,1,town_meeting,warrant,2022,NO,0,0,0,,16,https://middletonma.gov/DocumentCenter/View/3528/Special-Town-Meeting-Warrant-October-18-2022,file,
Millbury,millbury,MBTA adjacent,1,town_meeting,warrant,,CONFIRMED,10,199,116,"21,24,28,31",44,https://millburyma.gov/DocumentCenter/View/373/Annual-Town-Meeting-Warrant,file,
Millbury,millbury,MBTA adjacent,1,town_meeting,warrant,,NO,0,2,21,,3,https://millburyma.gov/DocumentCenter/View/375/Petition-Article-for-Town-Meeting-Warrant,file,
Millbury,millbury,MBTA adjacent,1,town_meeting,warrant,,NO,0,69,37,,20,https://millburyma.gov/DocumentCenter/View/378/Signed-Warrant,file,
Millbury,millbury,MBTA adjacent,1,town_meeting,warrant,,CONFIRMED,11,51,49,"2,12,13,16,17",20,https://millburyma.gov/DocumentCenter/View/385/Signed-Warrant,file,
Millbury,millbury,MBTA adjacent,1,town_meeting,warrant,,NO,0,186,86,,36,https://millburyma.gov/DocumentCenter/View/389/Signed-Warrant,file,
Millbury,millbury,MBTA adjacent,1,town_meeting,warrant,,NO,0,126,52,,24,https://millburyma.gov/DocumentCenter/View/395/Signed-Warrant,file,
Millbury,millbury,MBTA adjacent,1,town_meeting,warrant,,NO,0,0,0,,4,https://millburyma.gov/DocumentCenter/View/397/Signed-Warrant,file,
Millbury,millbury,MBTA adjacent,1,town_meeting,warrant,,NO,0,146,84,,28,https://millburyma.gov/DocumentCenter/View/398/Signed-Warrant,file,
Millbury,millbury,MBTA adjacent,1,town_meeting,warrant,,NO,0,0,0,,5,https://millburyma.gov/DocumentCenter/View/399/Signed-Warrant,file,
Millbury,millbury,MBTA adjacent,1,town_meeting,warrant,,NO,0,0,0,,13,https://millburyma.gov/DocumentCenter/View/403/Signed-Warrant,file,
Millis,millis,MBTA adjacent,5,,,,FETCH_FAIL,0,0,0,,0,https://www.millisma.gov/sites/g/files/vyhlif901/f/uploads/about_mbta_communitues_3a_rezoning_eff_092622.pdf,file,HTTPError
Millis,millis,MBTA adjacent,5,,,,FETCH_FAIL,0,0,0,,0,https://www.millisma.gov/sites/g/files/vyhlif901/f/uploads/compliance_guidleines_for_multi-family_zoning_districts.pdf,file,HTTPError
Millis,millis,MBTA adjacent,1,town_meeting,warrant,,FETCH_FAIL,0,0,0,,0,https://www.millisma.gov/sites/g/files/vyhlif901/f/events/millis_050222_atm_warrant_final_.pdf,file,HTTPError
Millis,millis,MBTA adjacent,1,town_meeting,warrant,,FETCH_FAIL,0,0,0,,0,https://www.millisma.gov/sites/g/files/vyhlif901/f/news/050323_annual_town_meeting_warrant_final.pdf,file,HTTPError
Millis,millis,MBTA adjacent,1,town_meeting,warrant,,FETCH_FAIL,0,0,0,,0,https://www.millisma.gov/sites/g/files/vyhlif901/f/news/110623_fatm_warrant_signed.pdf,file,HTTPError
Millis,millis,MBTA adjacent,1,town_meeting,warrant,,FETCH_FAIL,0,0,0,,0,https://www.millisma.gov/sites/g/files/vyhlif901/f/uploads/050724_atm_warrant_final_signed.pdf,file,HTTPError
Millis,millis,MBTA adjacent,1,town_meeting,warrant,,FETCH_FAIL,0,0,0,,0,https://www.millisma.gov/sites/g/files/vyhlif901/f/uploads/nov_10_22_fall_annual_town_meeting_warrant_signed.pdf,file,HTTPError
Millis,millis,MBTA adjacent,1,town_meeting,warrant,2022,FETCH_FAIL,0,0,0,,0,https://www.millisma.gov/sites/g/files/vyhlif901/f/news/may_2_2022_annual_town_meeting_warrant.pdf,file,HTTPError
Millis,millis,MBTA adjacent,1,town_meeting,warrant,2022,FETCH_FAIL,0,0,0,,0,https://www.millisma.gov/sites/g/files/vyhlif901/f/news/may_2_2022_annual_town_meeting_warrant_0.pdf,file,HTTPError
Millis,millis,MBTA adjacent,1,town_meeting,warrant,2022,FETCH_FAIL,0,0,0,,0,https://www.millisma.gov/sites/g/files/vyhlif901/f/uploads/final_november_10_2022_annual_town_meeting_warrant_.pdf,file,HTTPError
Milton,milton,subway or light rail,1,town_meeting,warrant,,PROBABLE,40,0,4,"1,2,3,5,6,7,8,9,10,11,12,13,14,15,16,17,22,23,24,25",36,https://www.miltonma.gov/DocumentCenter/View/3258,file,
Milton,milton,subway or light rail,1,town_meeting,warrant,,CONFIRMED,29,19,28,"1,2,3,30,31,32,33,34",34,https://www.miltonma.gov/DocumentCenter/View/6120,file,
Milton,milton,subway or light rail,1,town_meeting,warrant,,PROBABLE,40,0,4,"1,2,3,5,6,7,8,9,10,11,12,13,14,15,16,17,22,23,24,25",36,https://www.townofmilton.org/DocumentCenter/View/3258/20230814_WarrantCommitteePresentation_MBTACommunities,file,
Milton,milton,subway or light rail,1,town_meeting,warrant,,CONFIRMED,29,19,28,"1,2,3,30,31,32,33,34",34,https://www.townofmilton.org/DocumentCenter/View/6120/MBTA-Communities-Warrant-Articles-1-and-2,file,
Milton,milton,subway or light rail,5,,,,NO,0,0,0,,1,https://www.miltonma.gov/DocumentCenter/View/2715,file,
Milton,milton,subway or light rail,5,,,,CONFIRMED,40,2,2,"1,2,3,4,5,6,7,8,9,10,11,12,13,14,15,16,17,18,19,20",30,https://www.miltonma.gov/DocumentCenter/View/3138,file,
Milton,milton,subway or light rail,5,,,,CONFIRMED,35,4,1,"1,2,3,4,5,6,7,8,9,10,11,12,13,14,15,27,28,29,30,31",41,https://www.miltonma.gov/DocumentCenter/View/3139,file,
Milton,milton,subway or light rail,5,,,,CONFIRMED,12,3,2,"1,2,3,4,5,16,17,18,19,20,21,22",22,https://www.miltonma.gov/DocumentCenter/View/3146,file,
Milton,milton,subway or light rail,5,,,,NO,0,3,0,,0,https://www.miltonma.gov/DocumentCenter/View/3227,file,
Milton,milton,subway or light rail,5,,,,CONFIRMED,41,2,4,"1,2,3,4,5,6,7,8,9,10,11,12,13,14,15,16,17,18,19,20",34,https://www.miltonma.gov/DocumentCenter/View/3261,file,
Nahant,nahant,bus,5,,,,PROBABLE,6,0,2,1,0,https://nahant.org/documents/mbta-communities-comment-letter/,page,
Nahant,nahant,bus,5,,,,PROBABLE,8,0,3,1,0,https://nahant.org/tag/mbta-communities-act/,page,
Nahant,nahant,bus,5,,,2022,CONFIRMED,8,2,2,"1,2,3",3,https://nahant.org/wp-content/uploads/2022/11/MBTACommunitiesInformationForm_Submission_963837223.pdf,file,
Nahant,nahant,bus,5,,,2022,PROBABLE,8,0,3,1,0,https://nahant.org/2022/04/town-of-nahant-responds-to-proposed-changes-to-multi-family-housing-guidelines-for-mbta-communities/,page,
Nahant,nahant,bus,5,,,2026,PROBABLE,12,0,3,1,0,https://nahant.org/2026/01/state-finds-nahant-in-compliance-with-mbta-communities-act/,page,
Nahant,nahant,bus,5,planning_board,notice,2025,PROBABLE,8,0,7,1,0,https://nahant.org/2025/09/planning-board-to-hold-mbta-communities-act-public-hearing-on-sept-23/,page,
Nahant,nahant,bus,5,zoning,,,PROBABLE,26,0,4,1,0,https://nahant.org/multi-family-zoning-mbta/,page,
Nahant,nahant,bus,5,zoning,,2022,FETCH_FAIL,0,0,0,,0,https://nahant.org/wp-content/uploads/2022/04/MBTA-Communities-mandatory-zoning-comment-letter.pdf,file,HTTPError
Nahant,nahant,bus,5,zoning,,2025,CONFIRMED,7,1,6,"1,2",2,https://nahant.org/wp-content/uploads/2025/03/MBTA-Communities-mandatory-zoning-comment-letter.pdf,file,
Nahant,nahant,bus,5,zoning,,2025,PROBABLE,12,0,4,"1,2",7,https://nahant.org/wp-content/uploads/2025/09/Nahant-MBTA-communities-Zoning-Final-version.pdf,file,
Natick,natick,commuter rail,5,,,,FETCH_FAIL,0,0,0,,0,http://www.natickma.gov/Public_documents/NatickMA_ZoneRegs/section3a.pdf,file,HTTPError
Natick,natick,commuter rail,5,,,,NO,0,1,0,,0,https://natickma.gov/ImageRepository/Document?documentID=1153,file,
Natick,natick,commuter rail,5,,,,NO,0,8,29,,8,https://www.natickma.gov/DocumentCenter/View/18152/09092024-Article-24-MBTA-Communities-Binder---Clean,file,
Natick,natick,commuter rail,5,,,,NO,0,14,47,,12,https://www.natickma.gov/DocumentCenter/View/18153/09092024-Article-24-MBTA-Communities-Binder---Marked-up,file,
Natick,natick,commuter rail,1,town_meeting,minutes,2025,NO,0,109,36,,11,https://natickma.gov/DocumentCenter/View/22484,file,
Natick,natick,commuter rail,1,town_meeting,minutes,2026,NO,0,44,48,,11,https://natickma.gov/AgendaCenter/ViewFile/Minutes/_01072026-6789,file,
Natick,natick,commuter rail,1,town_meeting,minutes,2026,NO,0,16,31,,10,https://natickma.gov/AgendaCenter/ViewFile/Minutes/_01152026-6814,file,
Natick,natick,commuter rail,1,town_meeting,minutes,2026,NO,0,98,76,,18,https://natickma.gov/AgendaCenter/ViewFile/Minutes/_01222026-6818,file,
Natick,natick,commuter rail,1,town_meeting,minutes,2026,NO,0,12,14,,21,https://natickma.gov/AgendaCenter/ViewFile/Minutes/_01282026-6824,file,
Natick,natick,commuter rail,1,town_meeting,minutes,2026,NO,0,40,36,,14,https://natickma.gov/AgendaCenter/ViewFile/Minutes/_02052026-6827,file,
Needham,needham,bus,5,,,,CONFIRMED,51,6,1,"1,2,3,4,5,6,7",7,http://www.needhamma.gov/DocumentCenter/View/24936/MBTACommunitiesFAQ-FINALIteration101-11-22,file,
Needham,needham,bus,5,,,,NO,0,0,0,,1,https://needhamma.gov/DocumentCenter/View/46219/MBTA-Comts-Act-Timeline-082024-1-pager,file,
Needham,needham,bus,5,,,,CONFIRMED,5,4,6,1,2,https://needhamma.gov/DocumentCenter/View/47397,file,
Needham,needham,bus,5,,,,CONFIRMED,14,1,6,"1,2,3,4,5,6,7",7,https://needhamma.gov/DocumentCenter/View/59237,file,
Needham,needham,bus,5,,,,CONFIRMED,11,2,2,"1,2,3,4",4,https://needhamma.gov/DocumentCenter/View/59242,file,
Needham,needham,bus,5,,,,NO,0,51,36,,84,https://needhamma.gov/ImageRepository/Document?documentID=1376,file,
Needham,needham,bus,5,,,,CONFIRMED,21,4,13,"1,2,3,4,5,7,10,12,16,23",23,https://www.needhamma.gov/DocumentCenter/View/43813/ActionPlanforMBTACommunities_Submission_1061884882,file,
Needham,needham,bus,5,,,,CONFIRMED,3,1,10,1,0,https://www.needhamchannel.org/tag/mbta-communities-act/,page,
Needham,needham,bus,5,,,,CONFIRMED,4,1,11,1,0,https://www.needhamchannel.org/tag/mbta-communities-law/,page,
Needham,needham,bus,5,,,,CONFIRMED,3,1,7,1,0,https://www.needhamchannel.org/tag/mbta-communities/,page,
Newbury,newbury,commuter rail,5,,,,NO,0,0,0,,1,https://www.newburyma.gov/DocumentCenter/View/2138/newbury3asubdistricts-PDF,file,
Newbury,newbury,commuter rail,5,,,,TOPIC_ONLY,9,0,0,"1,2",2,https://www.newburyma.gov/DocumentCenter/View/2145/Mbta-Communities-Final-Compliance-Guidelines-Letter-81022-PDF,file,
Newbury,newbury,commuter rail,5,,,,CONFIRMED,6,1,4,"1,2",2,https://www.newburyma.gov/Documentcenter/View/2141/Updated-Newbury-Section-3a-Mbta-Communities-Fact-Sheet-PDF,file,
Newbury,newbury,commuter rail,5,,,,FETCH_FAIL,0,0,0,,0,https://www.townofnewbury.org/sites/g/files/vyhlif951/f/uploads/updated_newbury_section_3a_mbta_communities_fact_sheet_032024.pdf,file,HTTPError
Newbury,newbury,commuter rail,5,,,,FETCH_FAIL,0,0,0,,0,https://www.townofnewbury.org/sites/g/files/vyhlif951/f/uploads/updated_newbury_section_3a_mbta_communities_fact_sheet_040224.pdf,file,HTTPError
Newbury,newbury,commuter rail,5,planning_board,,,NO,0,0,0,,2,https://townofnewbury.org/ImageRepository/Document?documentID=327,file,
Newbury,newbury,commuter rail,5,town_meeting,bylaw,2024,NO,0,0,0,,10,https://www.newburyma.gov/DocumentCenter/View/2137/Mbta-Bylaw---Final-Approved-at-Atm-2024-PDF,file,
Newbury,newbury,commuter rail,5,zoning,,,CONFIRMED,28,3,19,1,0,https://townofnewbury.org/896/MBTA-Communities-Multi-Family-Zoning-Ove,page,
Newbury,newbury,commuter rail,5,zoning,,,CONFIRMED,28,3,19,1,0,https://www.newburyma.gov/896/MBTA-Communities-Multi-Family-Zoning-Ove,page,
Newbury,newbury,commuter rail,1,town_meeting,minutes,2022,FETCH_FAIL,0,0,0,,0,https://www.townofnewbury.org/sites/g/files/vyhlif951/f/minutes/town_meeting_minutes_4.26.22.pdf,file,HTTPError
Newburyport,newburyport,commuter rail,5,,,2024,CONFIRMED,54,5,5,"1,2,3,4,5,6,7,8,9,10,11,12,13,14,15,16,17,18,19,20",43,https://www.cityofnewburyport.com/sites/g/files/vyhlif12211/f/uploads/comm00540_02_26_2024_newburyport-mbta-communities-storey-ave-slides-2024-2-20-final.pdf,file,
Newburyport,newburyport,commuter rail,5,,notice,,NO,0,1,3,,1,https://www.cityofnewburyport.com/sites/g/files/vyhlif12211/f/mai/files/mbta_communities_legal_notice.pdf,file,
Newburyport,newburyport,commuter rail,3,planning_board,minutes,2022,NO,0,34,27,,10,https://www.cityofnewburyport.com/sites/g/files/vyhlif12211/f/minutes/04-06-22_planning_board_minutes.pdf,file,
Newburyport,newburyport,commuter rail,3,planning_board,minutes,2022,FETCH_FAIL,0,0,0,,0,https://www.cityofnewburyport.com/sites/g/files/vyhlif7106/f/minutes/01-19-22_planning_board_minutes.pdf,file,HTTPError
Newburyport,newburyport,commuter rail,3,planning_board,minutes,2022,FETCH_FAIL,0,0,0,,0,https://www.cityofnewburyport.com/sites/g/files/vyhlif7106/f/minutes/02-02-22_planning_board_minutes.pdf,file,HTTPError
Newburyport,newburyport,commuter rail,3,planning_board,minutes,2022,FETCH_FAIL,0,0,0,,0,https://www.cityofnewburyport.com/sites/g/files/vyhlif7106/f/minutes/02-16-22_planning_board_minutes.pdf,file,HTTPError
Newburyport,newburyport,commuter rail,3,planning_board,minutes,2022,FETCH_FAIL,0,0,0,,0,https://www.cityofnewburyport.com/sites/g/files/vyhlif7106/f/minutes/03-02-22_planning_board_minutes.pdf,file,HTTPError
Newburyport,newburyport,commuter rail,3,planning_board,minutes,2024,NO,0,56,18,,14,https://www.cityofnewburyport.com/sites/g/files/vyhlif12211/f/minutes/10-16-24_planning_board_minutes.pdf,file,
Newburyport,newburyport,commuter rail,3,planning_board,minutes,2024,NO,0,60,13,,13,https://www.cityofnewburyport.com/sites/g/files/vyhlif12211/f/minutes/11-6-24_planning_board_minutes.pdf,file,
Newburyport,newburyport,commuter rail,6,planning_board,decision,,FETCH_FAIL,0,0,0,,0,http://www.cityofnewburyport.com/sites/newburyportma/files/file/file/pb_special_permit_1.pdf,file,HTTPError
Newton,newton,subway or light rail,3,planning_board,minutes,,NO,0,0,0,,1,http://www.newtonma.gov/documents/Planning/Housing%20and%20CD/West%20Newton%20Armory/Meeting%20Minutes%20Summary%202.4.20%20(Final).pdf,file,
Norfolk,norfolk,commuter rail,4,select_board,warrant,,FETCH_FAIL,0,0,0,,0,http://www.norfolk.ma.us/assets/files/boards-and-committees/board-of-selectmen/warrants/article-11-floodplain-bylaw-as-proposed-by-planning-board.pdf,file,HTTPError
Norfolk,norfolk,commuter rail,4,select_board,warrant,,FETCH_FAIL,0,0,0,,0,http://www.norfolk.ma.us/assets/files/boards-and-committees/board-of-selectmen/warrants/article-13-stormwater-bylaw-only-sections-that-change.pdf,file,HTTPError
North Andover,northandover,commuter rail,5,,,,PROBABLE,8,0,12,1,0,https://northandoverma.gov/1009/MBTA-Communities-Public-Engagement,page,
North Andover,northandover,commuter rail,5,zoning,,,CONFIRMED,27,4,15,1,0,https://northandoverma.gov/359/MBTA-Communities-Multi-Family-Zoning,page,
North Andover,northandover,commuter rail,1,town_meeting,warrant,,FETCH_FAIL,0,0,0,,0,https://drive.google.com/uc?export=download&id=1Prf5Z9Nd6OLikFRu0R4yggnHJcvgWx5JHKzralxfI0s,file,HTTPError
North Andover,northandover,commuter rail,1,town_meeting,warrant,2026,NO,0,256,165,,50,https://drive.google.com/uc?export=download&id=1b6CoXO4kgZUp5jlwizDPsEgXYfYyNqAf,file,
North Attleborough,northattleborough,MBTA adjacent,5,zoning,,2022,NO,0,0,0,,13,https://www.nattleboro.com/DocumentCenter/View/2256,file,
North Attleborough,northattleborough,MBTA adjacent,5,zoning,bylaw,2025,CONFIRMED,9,2,7,"1,2",9,https://www.northattleborough.gov/DocumentCenter/View/8244/Measure-2025-008--Multi-Unit-Residenence-Overlay-District-MROD-PDF,file,
North Attleborough,northattleborough,MBTA adjacent,1,town_meeting,warrant,,FETCH_FAIL,0,0,0,,0,https://nattleboro.com/DocumentCenter/View/1969/September-1-20-Warrant-PDF,file,HTTPError
North Attleborough,northattleborough,MBTA adjacent,1,town_meeting,warrant,,FETCH_FAIL,0,0,0,,0,https://www.nattleboro.com/sites/northattleboroughma/files/uploads/061819_warrant.pdf,file,HTTPError
North Attleborough,northattleborough,MBTA adjacent,1,town_meeting,warrant,2022,FETCH_FAIL,0,0,0,,0,https://nattleboro.com/DocumentCenter/View/1968/April-5-2022-Posted-Warrant-PDF,file,HTTPError
North Attleborough,northattleborough,MBTA adjacent,2,city_council,minutes,,NO,0,0,0,,0,https://nattleboro.com/ImageRepository/Document?documentID=574,file,
North Attleborough,northattleborough,MBTA adjacent,2,city_council,minutes,,NO,0,10,3,,3,https://www.nattleboro.com/DocumentCenter/View/5507,file,
North Attleborough,northattleborough,MBTA adjacent,2,city_council,minutes,,NO,0,28,5,,3,https://www.nattleboro.com/DocumentCenter/View/5511,file,
North Attleborough,northattleborough,MBTA adjacent,2,city_council,minutes,,NO,0,35,2,,4,https://www.nattleboro.com/DocumentCenter/View/5512,file,
North Attleborough,northattleborough,MBTA adjacent,2,city_council,minutes,,NO,0,29,4,,3,https://www.nattleboro.com/DocumentCenter/View/5513,file,
Northborough,northborough,MBTA adjacent,1,town_meeting,minutes,2022,FETCH_FAIL,0,0,0,,0,https://www.town.northborough.ma.us/sites/g/files/vyhlif3571/f/uploads/town_meeting_minutes_first_night_04-25-2022.pdf,file,HTTPError
Northborough,northborough,MBTA adjacent,1,town_meeting,minutes,2024,CONFIRMED,2,874,150,44,77,https://www.town.northborough.ma.us/sites/g/files/vyhlif12221/f/uploads/town_meeting_minutes_04.22.2024.pdf,file,
Northborough,northborough,MBTA adjacent,1,town_meeting,warrant,2022,FETCH_FAIL,0,0,0,,0,https://www.town.northborough.ma.us/sites/g/files/vyhlif3571/f/uploads/town_meeting_warrant_with_motions_4-11-22_final_web_v.pdf,file,HTTPError
Northborough,northborough,MBTA adjacent,1,town_meeting,warrant,2023,FETCH_FAIL,0,0,0,,0,https://www.town.northborough.ma.us/sites/g/files/vyhlif3571/f/uploads/2023_annual_town_meeting_warrant_booklet_final_04.10.2023_0.pdf,file,HTTPError
Northborough,northborough,MBTA adjacent,1,town_meeting,warrant,2023,FETCH_FAIL,0,0,0,,0,https://www.town.northborough.ma.us/sites/g/files/vyhlif3571/f/uploads/2023_annual_town_meeting_warrant_booklet_final_04.10.2023_1.pdf,file,HTTPError
Northborough,northborough,MBTA adjacent,1,town_meeting,warrant,2023,FETCH_FAIL,0,0,0,,0,https://www.town.northborough.ma.us/sites/g/files/vyhlif3571/f/uploads/2023_annual_town_meeting_warrant_booklet_final_v2_04.10.2023.pdf,file,HTTPError
Northborough,northborough,MBTA adjacent,1,town_meeting,warrant,2024,CONFIRMED,2,654,139,33,119,https://www.town.northborough.ma.us/sites/g/files/vyhlif12221/f/uploads/final_warrant_-_ready_for_printing_4.10.24.pdf,file,
Northborough,northborough,MBTA adjacent,1,town_meeting,warrant,2024,NO,0,37,29,,27,https://www.town.northborough.ma.us/sites/g/files/vyhlif12221/f/uploads/stm_final_warrant_booklet_to_post_9.23.24_0.pdf,file,
Northborough,northborough,MBTA adjacent,1,town_meeting,warrant,2024,CONFIRMED,2,214,42,24,53,https://www.town.northborough.ma.us/sites/g/files/vyhlif12221/f/uploads/town_meeting_warrant_04.05.2024.pdf,file,
Northborough,northborough,MBTA adjacent,3,planning_board,minutes,2022,FETCH_FAIL,0,0,0,,0,https://www.town.northborough.ma.us/sites/g/files/vyhlif3571/f/minutes/01-04-2022_pb_zoom_minutes_approved_2-1-2022.pdf,file,HTTPError
Northbridge,northbridge,MBTA adjacent,1,town_meeting,minutes,2023,NO,0,15,11,,2,https://www.northbridgemass.org/DocumentCenter/View/925,file,
Northbridge,northbridge,MBTA adjacent,1,town_meeting,warrant,,FETCH_FAIL,0,0,0,,0,http://www.northbridgemass.org:80/pdf/fatm_warrant102202.pdf,file,HTTPError
Northbridge,northbridge,MBTA adjacent,1,town_meeting,warrant,,NO,0,0,13,,0,https://northbridgemass.org/387/Town-Meeting-Warrants,page,
Northbridge,northbridge,MBTA adjacent,1,town_meeting,warrant,2022,FETCH_FAIL,0,0,0,,0,https://www.northbridgemass.org/sites/g/files/vyhlif981/f/news/fatm_warrant_10.25.22_-_signed_final.pdf,file,HTTPError
Northbridge,northbridge,MBTA adjacent,1,town_meeting,warrant,2022,FETCH_FAIL,0,0,0,,0,https://www.northbridgemass.org/sites/g/files/vyhlif981/f/uploads/satm_5.3.22_warrant_final_3.30.22.pdf,file,HTTPError
Northbridge,northbridge,MBTA adjacent,1,town_meeting,warrant,2023,FETCH_FAIL,0,0,0,,0,https://www.northbridgemass.org/sites/g/files/vyhlif981/f/uploads/2023_satm_pubnoticewarrant_budget.3.15.23.pdf,file,HTTPError
Northbridge,northbridge,MBTA adjacent,1,town_meeting,warrant,2023,FETCH_FAIL,0,0,0,,0,https://www.northbridgemass.org/sites/g/files/vyhlif981/f/uploads/satm_5.2.23_warrant_-_final_signed_0.pdf,file,HTTPError
Northbridge,northbridge,MBTA adjacent,1,town_meeting,warrant,2023,FETCH_FAIL,0,0,0,,0,https://www.northbridgemass.org/sites/g/files/vyhlif981/f/uploads/satm_5.2.23_warrant_-_final_signed_1.pdf,file,HTTPError
Northbridge,northbridge,MBTA adjacent,1,town_meeting,warrant,2024,FETCH_FAIL,0,0,0,,0,https://www.northbridgemass.org/sites/g/files/vyhlif981/f/news/fatm_warrant_final_signed_10.22.24.pdf,file,HTTPError
Northbridge,northbridge,MBTA adjacent,1,town_meeting,warrant,2024,FETCH_FAIL,0,0,0,,0,https://www.northbridgemass.org/sites/g/files/vyhlif981/f/news/satm_5.7.24_warrant_-_final.pdf,file,HTTPError
North Reading,northreading,MBTA adjacent,5,,,,NO,0,0,0,,4,https://northreadingma.gov/DocumentCenter/View/1991/2,file,
North Reading,northreading,MBTA adjacent,5,,,,NO,0,0,0,,4,https://northreadingma.gov/DocumentCenter/View/428/loewl-road,file,
North Reading,northreading,MBTA adjacent,5,,,,CONFIRMED,23,6,20,1,0,https://northreadingma.gov/377/MBTA-Communities3A-Compliance,page,
North Reading,northreading,MBTA adjacent,1,town_meeting,warrant,,NO,0,56,37,,7,https://ma-northreading.civicplus.com/DocumentCenter/View/4425,file,
North Reading,northreading,MBTA adjacent,1,town_meeting,warrant,,NO,0,4,0,,1,https://northreadingma.gov/DocumentCenter/View/1028/Short-Term-Warrant-article,file,
North Reading,northreading,MBTA adjacent,1,town_meeting,warrant,,NO,0,5,0,,1,https://northreadingma.gov/DocumentCenter/View/1412/Warrant-Article,file,
North Reading,northreading,MBTA adjacent,1,town_meeting,warrant,,NO,0,2,0,,1,https://northreadingma.gov/DocumentCenter/View/1574/Warrant-Foodplain-Bylaw-Chhanges,file,
North Reading,northreading,MBTA adjacent,1,town_meeting,warrant,,NO,0,5,0,,1,https://northreadingma.gov/DocumentCenter/View/3057/Warrant-Article,file,
North Reading,northreading,MBTA adjacent,1,town_meeting,warrant,,NO,0,2,0,,1,https://northreadingma.gov/DocumentCenter/View/897/Warrant,file,
North Reading,northreading,MBTA adjacent,1,town_meeting,warrant,,FETCH_FAIL,0,0,0,,0,https://www.northreadingma.gov/sites/g/files/vyhlif3591/f/uploads/nrwarrant.pdf,file,HTTPError
Norton,norton,MBTA adjacent,5,,,,NO,0,1,0,,4,https://nortonma.org/DocumentCenter/View/736/Section-3A-Community-Setting-PDF,file,
Norton,norton,MBTA adjacent,5,,,,NO,0,1,0,,15,https://nortonma.org/DocumentCenter/View/737/Section-3A-Part-2-Town-Characteristics-PDF,file,
Norton,norton,MBTA adjacent,1,town_meeting,minutes,,NO,0,0,0,,4,https://nortonma.org/DocumentCenter/View/1947/Special-Town-Meeting-Minutes---June-8-1998-PDF,file,
Norton,norton,MBTA adjacent,1,town_meeting,minutes,,NO,0,0,0,,2,https://nortonma.org/DocumentCenter/View/1948/Special-Town-Meeting-Minutes---June-7-1999-PDF,file,
Norton,norton,MBTA adjacent,1,town_meeting,minutes,,NO,0,1,11,,1,https://nortonma.org/DocumentCenter/View/825,file,
Norton,norton,MBTA adjacent,1,town_meeting,minutes,,FETCH_FAIL,0,0,0,,0,https://www.nortonma.org/sites/g/files/vyhlif3606/f/uploads/minutes_for_the_annual_and_special_town_meeting.pdf,file,HTTPError
Norton,norton,MBTA adjacent,1,town_meeting,minutes,,NO,0,0,187,,0,https://nortonma.org/366/Town-Meeting-Warrants-Minutes,page,
Norton,norton,MBTA adjacent,1,town_meeting,minutes,2022,NO,0,119,23,,11,https://nortonma.org/DocumentCenter/View/1921/Annual-Town-Meeting-Minutes---October-17-2022-PDF,file,
Norton,norton,MBTA adjacent,1,town_meeting,minutes,2022,NO,0,213,50,,37,https://nortonma.org/DocumentCenter/View/1922/Special-and-Annual-Town-Meeting-Minutes---June-7-2022-PDF,file,
Norton,norton,MBTA adjacent,1,town_meeting,minutes,2022,NO,0,109,16,,12,https://nortonma.org/DocumentCenter/View/2022/Annual-Town-Meeting-Minutes---May-11-2015-PDF,file,
Norwell,norwell,MBTA adjacent,1,town_meeting,minutes,2024,FETCH_FAIL,0,0,0,,0,https://townofnorwell.net/government/town_meeting/STM_ATM_MINUTES_05-06-24.pdf?t=202606081604410,file,HTTPError
Norwell,norwell,MBTA adjacent,1,town_meeting,minutes,2024,FETCH_FAIL,0,0,0,,0,https://townofnorwell.net/government/town_meeting/STM_MINUTES_12-12-24.pdf?t=202606081605180,file,HTTPError
Norwell,norwell,MBTA adjacent,1,town_meeting,minutes,2025,FETCH_FAIL,0,0,0,,0,https://townofnorwell.net/government/town_meeting/STM_ATM_MINUTES_05-05-25.pdf?t=202606081606040,file,HTTPError
Norwell,norwell,MBTA adjacent,1,town_meeting,minutes,2026,FETCH_FAIL,0,0,0,,0,https://townofnorwell.net/government/town_meeting/STM_ATM_Minutes_05-04-26.pdf?t=202606081606510,file,HTTPError
Norwell,norwell,MBTA adjacent,1,town_meeting,warrant,,FETCH_FAIL,0,0,0,,0,http://www.townofnorwell.net/Public_Documents/NorwellMA_Admin/07Warrant.pdf,file,HTTPError
Norwell,norwell,MBTA adjacent,1,town_meeting,warrant,,FETCH_FAIL,0,0,0,,0,http://www.townofnorwell.net/Public_Documents/NorwellMA_Admin/08Warrant.pdf,file,HTTPError
Norwell,norwell,MBTA adjacent,1,town_meeting,warrant,,FETCH_FAIL,0,0,0,,0,https://www.townofnorwell.net/sites/g/files/vyhlif1011/f/pages/amended_stm_warrant_index_and_st._helens_sheet.pdf,file,HTTPError
Norwell,norwell,MBTA adjacent,1,town_meeting,warrant,,FETCH_FAIL,0,0,0,,0,https://www.townofnorwell.net/sites/g/files/vyhlif1011/f/pages/fy24_art_2_for_warrant_book-final.pdf,file,HTTPError
Norwell,norwell,MBTA adjacent,1,town_meeting,warrant,,FETCH_FAIL,0,0,0,,0,https://www.townofnorwell.net/sites/g/files/vyhlif1011/f/uploads/fy23_art_2_budget-warrant_version_0.pdf,file,HTTPError
Norwell,norwell,MBTA adjacent,1,town_meeting,warrant,,FETCH_FAIL,0,0,0,,0,https://www.townofnorwell.net/sites/g/files/vyhlif1011/f/uploads/fy23_art_2_budget-warrant_version_3.pdf,file,HTTPError
Norwood,norwood,bus,5,,,,NO,0,0,0,,0,https://cms5.revize.com/revize/security/index.jsp?webspace=norwoodma25&filename=/departments/planning_and_economic_development/mbta_communities_faqs.php,file,
Norwood,norwood,bus,5,,,,NO,0,0,0,,0,https://cms5.revize.com/revize/security/index.jsp?webspace=norwoodma25&filename=/departments/planning_and_economic_development/mbta_community_initiative.php,file,
Norwood,norwood,bus,5,,,,FETCH_FAIL,0,0,0,,0,https://www.norwoodma.gov/departments/planning_and_economic_development/Economic Development Dept/Action Plan for MBTA Communities - Draft.pdf?t=202603060936390,file,HTTPError
Norwood,norwood,bus,5,,,,CONFIRMED,20,11,30,1,0,https://www.norwoodma.gov/departments/planning_and_economic_development/mbta_communities_faqs.php,page,
Norwood,norwood,bus,5,,,,CONFIRMED,17,4,32,1,0,https://www.norwoodma.gov/departments/planning_and_economic_development/mbta_community_initiative.php,page,
Norwood,norwood,bus,5,,,2022,FETCH_FAIL,0,0,0,,0,https://www.norwoodma.gov/departments/planning_and_economic_development/MBTA Communities Memo 3.7.22 SDB.docx?t=202203101319500,file,HTTPError
Norwood,norwood,bus,5,,,2023,FETCH_FAIL,0,0,0,,0,https://www.norwoodma.gov/departments/planning_and_economic_development/MBTA Communities Advisory_3-15-23_AGO.pdf?t=202303161013570,file,HTTPError
Norwood,norwood,bus,5,zoning,,2023,FETCH_FAIL,0,0,0,,0,https://www.norwoodma.gov/departments/planning_and_economic_development/MBTA Multifamily Zoning 101.pptx (1).pdf?t=202305231320320,file,HTTPError
Norwood,norwood,bus,1,town_meeting,warrant,,NO,0,0,0,,0,https://cms5.revize.com/revize/security/index.jsp?webspace=norwoodma25&filename=/departments/police/warrant_team.php,file,
Norwood,norwood,bus,1,town_meeting,warrant,,NO,0,1,5,,0,https://www.norwoodma.gov/departments/police/warrant_team.php,page,
Paxton,paxton,MBTA adjacent,1,town_meeting,warrant,,FETCH_FAIL,0,0,0,,0,http://www.townofpaxton.net/sites/g/files/vyhlif4846/f/uploads/complete_warrant_with_budget.pdf,file,URLError
Paxton,paxton,MBTA adjacent,1,town_meeting,warrant,,FETCH_FAIL,0,0,0,,0,http://www.townofpaxton.net/vertical/sites/%7B4877D6D1-B638-4BAD-B942-A67C40C2215D%7D/uploads/FY15_Town_Warrant.pdf,file,URLError
Paxton,paxton,MBTA adjacent,1,town_meeting,warrant,,FETCH_FAIL,0,0,0,,0,http://www.townofpaxton.net:80/vertical/sites/%7B4877D6D1-B638-4BAD-B942-A67C40C2215D%7D/uploads/FY17_Annual_Town_Warrant.pdf,file,URLError
Paxton,paxton,MBTA adjacent,1,town_meeting,warrant,2023,FETCH_FAIL,0,0,0,,0,http://www.townofpaxton.net/sites/g/files/vyhlif4846/f/events/special_town_meeting_warrant_11.20.2023.pdf,file,URLError
Paxton,paxton,MBTA adjacent,1,town_meeting,warrant,2023,FETCH_FAIL,0,0,0,,0,http://www.townofpaxton.net/sites/g/files/vyhlif4846/f/uploads/special_town_meeting_warrant_11.20.2023.pdf,file,URLError
Paxton,paxton,MBTA adjacent,1,town_meeting,warrant,2024,FETCH_FAIL,0,0,0,,0,http://www.townofpaxton.net/sites/g/files/vyhlif4846/f/uploads/atm_warrant_5.6.2024.pdf,file,URLError
Paxton,paxton,MBTA adjacent,1,town_meeting,warrant,2024,FETCH_FAIL,0,0,0,,0,http://www.townofpaxton.net/sites/g/files/vyhlif4846/f/uploads/special_town_meeting_warrant_11.18.2024.pdf,file,URLError
Paxton,paxton,MBTA adjacent,1,town_meeting,warrant,2024,FETCH_FAIL,0,0,0,,0,http://www.townofpaxton.net/sites/g/files/vyhlif4846/f/uploads/special_town_meeting_warrant_8.19.24.pdf,file,URLError
Paxton,paxton,MBTA adjacent,1,town_meeting,warrant,2024,FETCH_FAIL,0,0,0,,0,http://www.townofpaxton.net/sites/g/files/vyhlif4846/f/uploads/state_primary_warrant_9.3.24.pdf,file,URLError
Paxton,paxton,MBTA adjacent,1,town_meeting,warrant,2024,FETCH_FAIL,0,0,0,,0,http://www.townofpaxton.net/sites/g/files/vyhlif4846/f/uploads/stm_warrant_6.27.24.pdf,file,URLError
Peabody,peabody,bus,5,zoning,,,PROBABLE,6,0,6,"1,7",8,https://peabody-ma.gov/city clerk/Zoning Amendment - Multi-family Overlay District MFOD.pdf,file,
Peabody,peabody,bus,2,city_council,minutes,,FETCH_FAIL,0,0,0,,0,http://peabody-ma.gov/pdf_minutes/city_council/011416%20REG.%20MEETING.pdf,file,HTTPError
Peabody,peabody,bus,2,city_council,minutes,,FETCH_FAIL,0,0,0,,0,http://peabody-ma.gov/pdf_minutes/city_council/012314%20REG.%20MEETING(2).pdf,file,HTTPError
Peabody,peabody,bus,2,city_council,minutes,,FETCH_FAIL,0,0,0,,0,http://peabody-ma.gov/pdf_minutes/city_council/012314%20REG.%20MEETING.pdf,file,HTTPError
Peabody,peabody,bus,2,city_council,minutes,,FETCH_FAIL,0,0,0,,0,http://peabody-ma.gov/pdf_minutes/city_council/012816%20REG.%20MEETING.pdf,file,HTTPError
Peabody,peabody,bus,2,city_council,minutes,,FETCH_FAIL,0,0,0,,0,http://peabody-ma.gov/pdf_minutes/city_council/021116%20REG.%20MEETING.pdf,file,HTTPError
Peabody,peabody,bus,2,city_council,minutes,,FETCH_FAIL,0,0,0,,0,http://peabody-ma.gov/pdf_minutes/city_council/022516%20REG.%20MEETING.pdf,file,HTTPError
Peabody,peabody,bus,2,city_council,minutes,,FETCH_FAIL,0,0,0,,0,http://peabody-ma.gov/pdf_minutes/city_council/031016%20REG.%20MEETING.pdf,file,HTTPError
Peabody,peabody,bus,2,city_council,minutes,,FETCH_FAIL,0,0,0,,0,http://peabody-ma.gov/pdf_minutes/city_council/033116%20REG.%20MEETING.pdf,file,HTTPError
Peabody,peabody,bus,2,city_council,minutes,,FETCH_FAIL,0,0,0,,0,http://peabody-ma.gov/pdf_minutes/city_council/050516%20REG.%20MEETING.pdf,file,HTTPError
Pembroke,pembroke,MBTA adjacent,1,town_meeting,warrant,,NO,0,1,19,,0,https://ma-pembroke.civicplus.com/1956/Past-Town-Meeting-Warrants,file,
Pembroke,pembroke,MBTA adjacent,1,town_meeting,warrant,,NO,0,1,22,,7,https://www.pembroke-ma.gov/DocumentCenter/View/3466/Placing-an-Article-on-a-Town-Meeting-Warrant-3,file,
Pembroke,pembroke,MBTA adjacent,1,town_meeting,warrant,,NO,0,13,0,,2,https://www.pembroke-ma.gov/DocumentCenter/View/7017/Application-for-Warrant-of-Apprehension-Section-12-Mental-Health,file,
Pembroke,pembroke,MBTA adjacent,1,town_meeting,warrant,,NO,0,10,0,,2,https://www.pembroke-ma.gov/DocumentCenter/View/7018/Application-for-Warrant-of-Apprehension-Section-35-Substance-Abuse,file,
Pembroke,pembroke,MBTA adjacent,1,town_meeting,warrant,,FETCH_FAIL,0,0,0,,0,https://www.pembroke-ma.gov/sites/g/files/vyhlif3666/f/pages/placing_an_article_on_a_town_meeting_warrant.pdf,file,HTTPError
Pembroke,pembroke,MBTA adjacent,1,town_meeting,warrant,,FETCH_FAIL,0,0,0,,0,https://www.pembroke-ma.gov/sites/g/files/vyhlif3666/f/uploads/placing_an_article_on_a_town_meeting_warrant.pdf,file,HTTPError
Pembroke,pembroke,MBTA adjacent,1,town_meeting,warrant,,FETCH_FAIL,0,0,0,,0,https://www.pembroke-ma.gov/sites/g/files/vyhlif3666/f/uploads/placing_an_article_on_a_town_meeting_warrant_2.pdf,file,HTTPError
Pembroke,pembroke,MBTA adjacent,1,town_meeting,warrant,,FETCH_FAIL,0,0,0,,0,https://www.pembroke-ma.gov/sites/pembrokema/files/uploads/placing_an_article_on_a_town_meeting_warrant.pdf,file,HTTPError
Pembroke,pembroke,MBTA adjacent,1,town_meeting,warrant,,NO,0,1,19,,0,https://www.pembroke-ma.gov/1956/Past-Town-Meeting-Warrants,page,
Pembroke,pembroke,MBTA adjacent,1,town_meeting,warrant,,NO,0,1,22,,7,https://www.pembroke-ma.gov/DocumentCenter/View/1085/Placing-an-Article-on-a-Town-Meeting-Warrant-3,page,
Plymouth,plymouth,commuter rail,5,,,,PROBABLE,11,5,0,"2,4,5,7,11,15,16,18",32,https://plymouth-ma.gov/DocumentCenter/View/4373/Plymouth-MBTA-Communities-Information-Sessions-Presentation,file,
Plymouth,plymouth,commuter rail,5,,,,PROBABLE,1,0,1,1,1,https://plymouth-ma.gov/DocumentCenter/View/4736/MBTA-Communities-Overlay-District-Map,file,
Plymouth,plymouth,commuter rail,5,,,,NO,0,5,0,,0,https://www.plymouth-ma.gov/DocumentCenter/View/4235,file,
Plymouth,plymouth,commuter rail,5,,,,CONFIRMED,7,2,8,1,0,https://plymouth-ma.gov/1246/MBTA-Communities,page,
Plymouth,plymouth,commuter rail,5,,,2023,NO,0,3,0,,0,https://www.plymouth-ma.gov/DocumentCenter/View/4540,file,
Plymouth,plymouth,commuter rail,5,zoning,bylaw,2024,CONFIRMED,14,7,16,"1,2,3,4,5,6,7",7,https://plymouth-ma.gov/DocumentCenter/View/4738/MBTA-communities-Draft-Zoning-Bylaw-1242024,file,
Plymouth,plymouth,commuter rail,1,town_meeting,minutes,,FETCH_FAIL,0,0,0,,0,http://www.plymouth-ma.gov/sites/plymouthma/files/uploads/fall_town_meeting_minutes_all_combined.pdf,file,HTTPError
Plymouth,plymouth,commuter rail,1,town_meeting,minutes,2022,FETCH_FAIL,0,0,0,,0,https://www.plymouth-ma.gov/sites/g/files/vyhlif3691/f/uploads/minutes_by_article_spring_2022_town_meeting.pdf,file,HTTPError
Plymouth,plymouth,commuter rail,1,town_meeting,minutes,2024,CONFIRMED,3,301,120,25,25,https://www.plymouth-ma.gov/DocumentCenter/View/5337,file,
Plymouth,plymouth,commuter rail,1,town_meeting,minutes,2025,NO,0,8,3,,2,https://www.plymouth-ma.gov/AgendaCenter/ViewFile/Minutes/_01142025-2415,file,
Plympton,plympton,MBTA adjacent,1,town_meeting,minutes,,CONFIRMED,5,159,57,"11,12,16",21,https://town.plympton.ma.us/DocumentCenter/View/669/Minutes-for-Annual-Town-Meeting,file,
Plympton,plympton,MBTA adjacent,1,town_meeting,minutes,,NO,0,34,4,,2,https://town.plympton.ma.us/DocumentCenter/View/670/Minutes-for-Special-Town-Meeting,file,
Plympton,plympton,MBTA adjacent,1,town_meeting,minutes,,NO,0,267,79,,20,https://town.plympton.ma.us/DocumentCenter/View/681/Minutes-for-Annual-Town-Meeting,file,
Plympton,plympton,MBTA adjacent,1,town_meeting,minutes,,NO,0,27,8,,2,https://town.plympton.ma.us/DocumentCenter/View/682/Minutes-for-Special-Town-Meeting,file,
Plympton,plympton,MBTA adjacent,1,town_meeting,minutes,,NO,0,8,5,,2,https://town.plympton.ma.us/DocumentCenter/View/687/Minutes-for-Special-Town-Meeting,file,
Plympton,plympton,MBTA adjacent,1,town_meeting,minutes,,NO,0,245,35,,24,https://town.plympton.ma.us/DocumentCenter/View/688/Minutes-for-Annual-Town-Meeting,file,
Plympton,plympton,MBTA adjacent,1,town_meeting,minutes,,NO,0,0,0,,3,https://town.plympton.ma.us/DocumentCenter/View/689/Minutes-for-Special-Town-Meeting,file,
Plympton,plympton,MBTA adjacent,1,town_meeting,minutes,,NO,0,1,1,,0,https://town.plympton.ma.us/DocumentCenter/View/700/Minutes-for-Special-Town-Meeting,file,
Plympton,plympton,MBTA adjacent,1,town_meeting,minutes,,NO,0,85,24,,5,https://town.plympton.ma.us/DocumentCenter/View/702/Minutes-for-Special-Town-Meeting,file,
Plympton,plympton,MBTA adjacent,1,town_meeting,minutes,,NO,0,3,0,,0,https://town.plympton.ma.us/DocumentCenter/View/705/Minutes-for-Annual-Town-Meeting,file,
Princeton,princeton,MBTA adjacent,5,,,,FETCH_FAIL,0,0,0,,0,https://www.town.princeton.ma.us/sites/g/files/vyhlif4891/f/news/draft_guidelines_for_mbta_communities.pdf,file,HTTPError
Princeton,princeton,MBTA adjacent,5,,,,FETCH_FAIL,0,0,0,,0,https://www.town.princeton.ma.us/sites/g/files/vyhlif4891/f/news/princeton_compliance_under_section_3a_of_the_zoning_act_presentation.pdf,file,HTTPError
Princeton,princeton,MBTA adjacent,1,town_meeting,minutes,,FETCH_FAIL,0,0,0,,0,https://drive.google.com/drive/folders/1dm5Un38xSkzgQS84X0N2NN-VRrs9aH3z?usp=drive_link,file,HTTPError
Princeton,princeton,MBTA adjacent,1,town_meeting,minutes,2022,NO,0,0,3,,0,https://princetonma.gov/documents/annual-town-meeting-atm-minutes-2022-05-14/,page,
Princeton,princeton,MBTA adjacent,1,town_meeting,minutes,2023,NO,0,0,3,,0,https://princetonma.gov/documents/annual-town-meeting-atm-minutes-2023-06-20/,page,
Princeton,princeton,MBTA adjacent,1,town_meeting,minutes,2024,NO,0,0,3,,0,https://princetonma.gov/documents/annual-town-meeting-atm-minutes-2024-06-11/,page,
Princeton,princeton,MBTA adjacent,1,town_meeting,minutes,2025,NO,0,0,3,,0,https://princetonma.gov/documents/annual-town-meeting-atm-minutes-2025-05-13-2/,page,
Princeton,princeton,MBTA adjacent,1,town_meeting,minutes,2025,NO,0,0,3,,0,https://princetonma.gov/documents/annual-town-meeting-atm-minutes-2025-05-13/,page,
Princeton,princeton,MBTA adjacent,1,town_meeting,warrant,,FETCH_FAIL,0,0,0,,0,http://town.princeton.ma.us/Warrants/051005ASTM.pdf,file,HTTPError
Princeton,princeton,MBTA adjacent,1,town_meeting,warrant,,FETCH_FAIL,0,0,0,,0,http://town.princeton.ma.us/Warrants/080905%20STM%20Warrant.pdf,file,HTTPError
Quincy,quincy,subway or light rail,1,town_meeting,warrant,,FETCH_FAIL,0,0,0,,0,https://cms7files1.revize.com/alpinetxnew/APRIL%202024%20WARRANT%20ROUNDUp%20final.pdf,file,HTTPError
Quincy,quincy,subway or light rail,1,town_meeting,warrant,,FETCH_FAIL,0,0,0,,0,https://cms7files1.revize.com/alpinetxnew/April%202024%20Warrant%20Roundup.pdf,file,HTTPError
Quincy,quincy,subway or light rail,1,town_meeting,warrant,,FETCH_FAIL,0,0,0,,0,https://cms7files1.revize.com/alpinetxnew/August%202024%20Warrant%20List.pdf,file,HTTPError
Quincy,quincy,subway or light rail,1,town_meeting,warrant,,FETCH_FAIL,0,0,0,,0,https://cms7files1.revize.com/alpinetxnew/January%202023%20Warrant%20Roundup%20-%20Updated%201-10-23.pdf,file,HTTPError
Quincy,quincy,subway or light rail,1,town_meeting,warrant,,FETCH_FAIL,0,0,0,,0,https://cms7files1.revize.com/alpinetxnew/January%202023%20Warrant%20Roundup.pdf,file,HTTPError
Quincy,quincy,subway or light rail,1,town_meeting,warrant,,FETCH_FAIL,0,0,0,,0,https://cms7files1.revize.com/alpinetxnew/September%202023%20Warrant%20Round%20Up.pdf,file,HTTPError
Quincy,quincy,subway or light rail,1,town_meeting,warrant,,FETCH_FAIL,0,0,0,,0,https://cms7files1.revize.com/bedfordtownshipmi/Document_Center/Government/Board_commission/Downtown_Development_Authority/Pedestrian%20Mobility%20Study%20&%20Signal%20Warrant%20Report%202019.pdf,file,HTTPError
Quincy,quincy,subway or light rail,1,town_meeting,warrant,,FETCH_FAIL,0,0,0,,0,https://cms7files1.revize.com/cartercounty/document_center/Court%20Clerk%20Forms/Warranty%20Deed-%20individual.pdf,file,HTTPError
Quincy,quincy,subway or light rail,1,town_meeting,warrant,,FETCH_FAIL,0,0,0,,0,https://cms7files1.revize.com/cartercounty/document_center/Court%20Clerk%20Forms/Warranty%20Deed-%20joint%20tenancy.pdf,file,HTTPError
Quincy,quincy,subway or light rail,2,city_council,minutes,,FETCH_FAIL,0,0,0,,0,http://www.quincyma.gov/CityOfQuincy_Content/documents/minutes/CITYCOUNCIL_012015_Minutes_Final.PDF,file,HTTPError
Randolph,randolph,bus,5,,,,PROBABLE,9,0,2,1,0,https://randolph-ma.gov/686/MBTA-Communities,page,
Randolph,randolph,bus,1,town_meeting,warrant,,FETCH_FAIL,0,0,0,,0,http://www.randolph-ma.gov:80/Public_Documents/RandolphMA_Clerk/warrant.pdf,file,HTTPError
Randolph,randolph,bus,6,city_council,report,,NO,0,0,0,,6,https://randolph-ma.gov/DocumentCenter/View/2429/CPC-Report-to-the-Town-Council--FY24,file,
Randolph,randolph,bus,6,city_council,report,2022,NO,0,3,11,,7,https://www.randolph-ma.gov/DocumentCenter/View/155/CPC-Fiscal-Year-2022-Report-to-the-Town-Council-PDF,file,
Raynham,raynham,MBTA adjacent,1,town_meeting,warrant,2022,NO,0,118,115,,38,https://www.town.raynham.ma.us/sites/g/files/vyhlif1111/f/pages/annual_town_meeting_warrant_05-16-2022.pdf,file,
Raynham,raynham,MBTA adjacent,1,town_meeting,warrant,2025,NO,0,0,0,,6,https://www.town.raynham.ma.us/sites/g/files/vyhlif1111/f/news/special_town_meeting_warrant_for_november_17_2025_for_posting_1.pdf,file,
Raynham,raynham,MBTA adjacent,1,town_meeting,warrant,2025,NO,0,0,0,,6,https://www.town.raynham.ma.us/sites/g/files/vyhlif1111/f/news/special_town_meeting_warrant_for_november_17_2025_for_posting_2.pdf,file,
Raynham,raynham,MBTA adjacent,1,town_meeting,warrant,2025,NO,0,66,59,,11,https://www.town.raynham.ma.us/sites/g/files/vyhlif1111/f/news/warrant_packet_for_fall_special_town_meeting_of_november_17_2025.pdf,file,
Raynham,raynham,MBTA adjacent,1,town_meeting,warrant,2025,NO,0,6,9,,4,https://www.town.raynham.ma.us/sites/g/files/vyhlif1111/f/news/warrant_packet_for_special_town_meeting_of_august_5_2025_2.pdf,file,
Reading,reading,bus,5,,,,NO,0,0,0,,1,https://readingma.gov/DocumentCenter/View/10540/Reading-MBTA-Communities-Train-Depot-12-Mile-Map-PDF?bidId=,file,
Reading,reading,bus,5,,,,NO,0,1,0,,0,https://readingma.gov/DocumentCenter/View/11532,file,
Reading,reading,bus,5,,,,PROBABLE,1,40,0,1,0,https://readingma.gov/DocumentCenter/View/16678,file,
Reading,reading,bus,5,,,,PROBABLE,1,12,0,1,0,https://readingma.gov/DocumentCenter/View/16685,file,
Reading,reading,bus,5,,,,NO,0,0,0,,2,https://readingma.gov/ImageRepository/Document?documentID=1070,file,
Reading,reading,bus,5,,,,NO,0,0,0,,1,https://www.readingma.gov/DocumentCenter/View/10540/Reading-MBTA-Communities-Train-Depot-12-Mile-Map-PDF,file,
Reading,reading,bus,5,,,,CONFIRMED,9,6,5,"1,2,3",4,https://www.readingma.gov/DocumentCenter/View/10601/ActionPlanforMBTACommunities_Submission-PDF,file,
Reading,reading,bus,5,,,,PROBABLE,3,3,0,1,7,https://www.readingma.gov/DocumentCenter/View/11671/MBTA-Communities-Survey-Printable-Version-FINAL-PDF,file,
Reading,reading,bus,5,,,,NO,0,15,1,,26,https://www.readingma.gov/DocumentCenter/View/16010/MBTA-COMMUNITIES-INFO-SESSIONS-PRESENTATION,file,
Reading,reading,bus,5,,,,NO,0,15,1,,26,https://www.readingma.gov/DocumentCenter/View/16010/MBTA-COMMUNITIES-INFO-SESSIONS-PRESENTATION?bidId=,file,
Rehoboth,rehoboth,MBTA adjacent,1,town_meeting,warrant,2022,NO,0,15,14,,8,https://www.rehobothma.gov/sites/g/files/vyhlif4911/f/news/warrant-august_6_2022_stm-final.pdf,file,
Rehoboth,rehoboth,MBTA adjacent,1,town_meeting,warrant,2022,NO,0,0,0,,1,https://www.rehobothma.gov/sites/g/files/vyhlif4911/f/uploads/6-11-22-warrant-sampleballot-only.pdf,file,
Rehoboth,rehoboth,MBTA adjacent,1,town_meeting,warrant,2022,NO,0,111,128,,44,https://www.rehobothma.gov/sites/g/files/vyhlif4911/f/uploads/rehoboth_may_14_2022_warrant_final.pdf.pdf,file,
Rehoboth,rehoboth,MBTA adjacent,1,town_meeting,warrant,2022,NO,0,15,14,,8,https://www.rehobothma.gov/sites/g/files/vyhlif4911/f/uploads/warrant-august_6_2022_stm-final.pdf,file,
Rehoboth,rehoboth,MBTA adjacent,1,town_meeting,warrant,2022,NO,0,10,15,,8,https://www.rehobothma.gov/sites/g/files/vyhlif4911/f/uploads/warrant-october_25_2022-final_copy.pdf,file,
Rehoboth,rehoboth,MBTA adjacent,1,town_meeting,warrant,2023,NO,0,110,98,,36,https://www.rehobothma.gov/sites/g/files/vyhlif4911/f/uploads/rehoboth_may_9_2023_warrant_final.pdf,file,
Rehoboth,rehoboth,MBTA adjacent,1,town_meeting,warrant,2023,CONFIRMED,2,18,26,4,8,https://www.rehobothma.gov/sites/g/files/vyhlif4911/f/uploads/warrant-final_10-10-2023.pdf,file,
Rehoboth,rehoboth,MBTA adjacent,1,town_meeting,warrant,2024,NO,0,127,109,,40,https://www.rehobothma.gov/sites/g/files/vyhlif4911/f/pages/rehoboth_june_4_2024_warrant_da_5-15-24_final_copy.pdf,file,
Rehoboth,rehoboth,MBTA adjacent,1,town_meeting,warrant,2024,NO,0,41,77,,24,https://www.rehobothma.gov/sites/g/files/vyhlif4911/f/uploads/warrant_final_copy_for_print_8-28-2024.pdf,file,
Rehoboth,rehoboth,MBTA adjacent,1,town_meeting,warrant,2025,CONFIRMED,11,23,38,"2,6,8,13",16,https://www.rehobothma.gov/sites/g/files/vyhlif4911/f/uploads/warrant_10.7.25-final_copy_to_printer.pdf,file,
Revere,revere,subway or light rail,1,town_meeting,minutes,,NO,0,23,9,,6,https://files.aptuitivcdn.com/Aq59a76JR7-1846/docs/meetings/FY25.26-Annual-Town-Meeting-Minutes.pdf,file,
Revere,revere,subway or light rail,1,town_meeting,minutes,,NO,0,0,0,,9,https://files.aptuitivcdn.com/J5p0q5O049-1715/docs/board/Town-Meeting-Minutes.pdf,file,
Revere,revere,subway or light rail,1,town_meeting,minutes,2022,FETCH_FAIL,0,0,0,,0,https://files.aptuitivcdn.com/EzoynNLyL2-1704/docs/boards/Town%20Meetings/2022/Special-Town-Meeting-Minutes-April-19-2022-2.pdf,file,HTTPError
Revere,revere,subway or light rail,1,town_meeting,minutes,2022,FETCH_FAIL,0,0,0,,0,https://files.aptuitivcdn.com/EzoynNLyL2-1704/docs/boards/Town%20Meetings/2022/minutes/Annual-Town-Meeting-Minutes-5-3-22.pdf,file,HTTPError
Revere,revere,subway or light rail,1,town_meeting,minutes,2022,FETCH_FAIL,0,0,0,,0,https://files.aptuitivcdn.com/EzoynNLyL2-1704/docs/boards/Town%20Meetings/2022/minutes/Speical-Town-Meeting-Minutes-5-17-22.pdf,file,HTTPError
Revere,revere,subway or light rail,1,town_meeting,minutes,2023,FETCH_FAIL,0,0,0,,0,https://files.aptuitivcdn.com/EzoynNLyL2-1704/docs/boards/Town%20Meetings/2023/Annual-Town-Meeting-Minutes-May-16-2023.pdf,file,HTTPError
Revere,revere,subway or light rail,1,town_meeting,minutes,2023,FETCH_FAIL,0,0,0,,0,https://files.aptuitivcdn.com/EzoynNLyL2-1704/docs/boards/Town%20Meetings/2023/Special-Town-Meeting-Minutes-April-18-2023.pdf,file,HTTPError
Revere,revere,subway or light rail,1,town_meeting,minutes,2023,FETCH_FAIL,0,0,0,,0,https://files.aptuitivcdn.com/EzoynNLyL2-1704/docs/boards/Town%20Meetings/2023/Special-Town-Meeting-Minutes-PP-10-11-23.pdf,file,HTTPError
Revere,revere,subway or light rail,1,town_meeting,minutes,2024,NO,0,10,2,,1,https://files.aptuitivcdn.com/Aq59a76JR7-1846/docs/SPECIAL-TOWN-MEETING-MINUTES-10.22.24.pdf,file,
Revere,revere,subway or light rail,1,town_meeting,minutes,2024,NO,0,119,28,,12,https://files.aptuitivcdn.com/Aq59a76JR7-1846/docs/meetings/ANNUAL-TOWN-MEETING-MINUTES-FY-2024-2025.pdf,file,
Rochester,rochester,MBTA adjacent,1,town_meeting,warrant,,FETCH_FAIL,0,0,0,,0,https://www.townofrochestermass.com/FY20%20Annual%20Town%20Meeting%20Warrant%20%5B3%5D.pdf,file,HTTPError
Rochester,rochester,MBTA adjacent,1,town_meeting,warrant,,FETCH_FAIL,0,0,0,,0,https://www.townofrochestermass.com/FY20%20Annual%20Town%20Meeting%20Warrant%20%5B4%5D.pdf,file,HTTPError
Rochester,rochester,MBTA adjacent,1,town_meeting,warrant,,FETCH_FAIL,0,0,0,,0,https://www.townofrochestermass.com/Rochester%20Annual%20Town%20Meeting%20Warrant%20%5B1%5D.pdf,file,HTTPError
Rochester,rochester,MBTA adjacent,1,town_meeting,warrant,2023,FETCH_FAIL,0,0,0,,0,https://www.townofrochestermass.com/sites/g/files/vyhlif5446/f/news/annual_town_meeting_warrant_2023_0.pdf,file,HTTPError
Rochester,rochester,MBTA adjacent,1,town_meeting,warrant,2024,FETCH_FAIL,0,0,0,,0,https://www.townofrochestermass.com/sites/g/files/vyhlif5446/f/pages/2024_annual_town_meeting_warrant.pdf,file,HTTPError
Rochester,rochester,MBTA adjacent,1,town_meeting,warrant,2024,FETCH_FAIL,0,0,0,,0,https://www.townofrochestermass.com/sites/g/files/vyhlif5446/f/pages/roch.tm_.2024_atm_warrant.draft_zoning_revised_4.24.2024_02.pdf,file,HTTPError
Rochester,rochester,MBTA adjacent,2,city_council,minutes,2022,NO,0,0,0,,1,https://townofrochestermass.com/DocumentCenter/View/1867,file,
Rochester,rochester,MBTA adjacent,2,city_council,minutes,2022,NO,0,2,0,,2,https://townofrochestermass.com/DocumentCenter/View/1868,file,
Rochester,rochester,MBTA adjacent,2,city_council,minutes,2022,NO,0,7,0,,2,https://townofrochestermass.com/DocumentCenter/View/1869,file,
Rochester,rochester,MBTA adjacent,2,city_council,minutes,2022,NO,0,5,0,,1,https://townofrochestermass.com/DocumentCenter/View/1870,file,
Rockland,rockland,MBTA adjacent,5,,,,CONFIRMED,3,1,1,1,3,https://www.rockland-ma.gov/DocumentCenter/View/3444,file,
Rockland,rockland,MBTA adjacent,5,,,,CONFIRMED,3,1,1,1,3,https://www.rockland-ma.gov/DocumentCenter/View/3446/Frequently-Asked-Questions---MBTA-Communities-Law,file,
Rockland,rockland,MBTA adjacent,5,,,,CONFIRMED,22,5,4,"1,2,3,4",4,https://www.rockland-ma.gov/DocumentCenter/View/3503,file,
Rockland,rockland,MBTA adjacent,5,,,,CONFIRMED,22,5,4,"1,2,3,4",4,https://www.rockland-ma.gov/DocumentCenter/View/3504,file,
Rockland,rockland,MBTA adjacent,5,,,,CONFIRMED,4,1,1,"1,2",2,https://www.rockland-ma.gov/DocumentCenter/View/3518,file,
Rockland,rockland,MBTA adjacent,5,,,,CONFIRMED,29,11,5,"1,2,3,4,5",6,https://www.rockland-ma.gov/DocumentCenter/View/3524,file,
Rockland,rockland,MBTA adjacent,5,,,,CONFIRMED,32,19,11,"1,2,3,4,5,6",8,https://www.rockland-ma.gov/DocumentCenter/View/3573/MBTA-Communities-Law---Resident-Questions-and-Answers_41624,file,
Rockland,rockland,MBTA adjacent,5,,,2024,CONFIRMED,4,1,2,"1,2",2,https://rockland-ma.gov/DocumentCenter/View/3525/MBTA-Communities-Law-Compliance---Questions-and-Answers-April-2024,file,
Rockland,rockland,MBTA adjacent,5,zoning,,,NO,0,0,0,,2,https://rockland-ma.gov/DocumentCenter/View/3447/MBTA-Communities-Zoning-District-Map,file,
Rockland,rockland,MBTA adjacent,5,zoning,,,CONFIRMED,15,7,36,"1,2,14",14,https://www.rockland-ma.gov/DocumentCenter/View/3443,file,
Rockport,rockport,commuter rail,5,,,,FETCH_FAIL,0,0,0,,0,https://www.rockportma.gov/sites/g/files/vyhlif1141/f/pages/attorney_general_mbta_communities_advisory.pdf,file,HTTPError
Rockport,rockport,commuter rail,5,,,2022,TOPIC_ONLY,9,0,0,"1,2",2,https://rockportma.gov/DocumentCenter/View/607/MBTA-Communities-Final-Compliance-Guidelines-Letter-8-10-22-PDF,file,
Rockport,rockport,commuter rail,5,,,2022,CONFIRMED,204,4,1,"1,2,4,5,6,7,8,9,10,11,12,13,14,15,16,17,25,26",26,https://rockportma.gov/DocumentCenter/View/608/Final-Section-3A-Guidelines-8-10-22-PDF,file,
Rockport,rockport,commuter rail,5,,,2022,FETCH_FAIL,0,0,0,,0,https://www.rockportma.gov/sites/g/files/vyhlif1141/f/pages/final_section_3a_guidelines_8-10-22.pdf,file,HTTPError
Rockport,rockport,commuter rail,5,,,2022,FETCH_FAIL,0,0,0,,0,https://www.rockportma.gov/sites/g/files/vyhlif1141/f/pages/mbta_communities_final_compliance_guidelines_letter_8.10.22.pdf,file,HTTPError
Rockport,rockport,commuter rail,5,zoning,,,TOPIC_ONLY,24,0,0,"1,2",2,https://rockportma.gov/DocumentCenter/View/615,file,
Rockport,rockport,commuter rail,1,town_meeting,minutes,,FETCH_FAIL,0,0,0,,0,http://www.rockportma.gov/sites/rockportma/files/minutes/fall_town_meeting.pdf,file,HTTPError
Rockport,rockport,commuter rail,1,town_meeting,minutes,2023,NO,0,686,228,,64,https://rockportma.gov/DocumentCenter/View/1787/Fall-Town-Meeting-Minutes-9-11-23-PDF,file,
Rockport,rockport,commuter rail,1,town_meeting,minutes,2023,NO,0,837,388,,90,https://rockportma.gov/DocumentCenter/View/1788/Annual-Town-Meeting-Minutes-4-1-23-PDF,file,
Rockport,rockport,commuter rail,1,town_meeting,minutes,2023,NO,0,281,84,,31,https://rockportma.gov/DocumentCenter/View/1789/Special-Town-Meeting-Minutes-1-18-23-PDF,file,
Rowley,rowley,commuter rail,1,town_meeting,warrant,,FETCH_FAIL,0,0,0,,0,http://www.townofrowley.net/pdf/110516_ATM_Warrant.pdf,file,HTTPError
Rowley,rowley,commuter rail,1,town_meeting,warrant,,FETCH_FAIL,0,0,0,,0,http://www.townofrowley.net/pdf/110516_Spring_STM_Warrant.pdf,file,HTTPError
Rowley,rowley,commuter rail,1,town_meeting,warrant,,FETCH_FAIL,0,0,0,,0,http://www.townofrowley.net/pdf/120430_ATM_Warrant.pdf,file,HTTPError
Rowley,rowley,commuter rail,1,town_meeting,warrant,,FETCH_FAIL,0,0,0,,0,http://www.townofrowley.net/pdf/120430_STM_Warrant.pdf,file,HTTPError
Rowley,rowley,commuter rail,1,town_meeting,warrant,,FETCH_FAIL,0,0,0,,0,http://www.townofrowley.net/pdf/150409_ATM_STM_Warrants.pdf,file,HTTPError
Rowley,rowley,commuter rail,1,town_meeting,warrant,,NO,0,0,0,,0,https://www.townofrowley.net/about-rowley/pages/town-meeting-warrants,page,
Rowley,rowley,commuter rail,1,town_meeting,warrant,2022,NO,0,0,0,,34,https://www.townofrowley.net/sites/g/files/vyhlif4956/f/uploads/5.2.22_atm_warrant_sent_to_printer_4.11.22.pdf,file,
Rowley,rowley,commuter rail,1,town_meeting,warrant,2025,NO,0,0,0,,20,https://www.townofrowley.net/sites/g/files/vyhlif4956/f/news/may_5_2025_annual_town_meeting_warrant.pdf,file,
Salem,salem,bus,1,town_meeting,warrant,,NO,0,0,0,,1,https://www.salemma.gov/DocumentCenter/View/8005,file,
Salem,salem,bus,2,city_council,minutes,,FETCH_FAIL,0,0,0,,0,https://cmsarchive.civicplus.com/Salem%20MA/SalemMA_CouncilMin/default.htm,file,HTTPError
Salem,salem,bus,2,city_council,minutes,,FETCH_FAIL,0,0,0,,0,https://cmsarchive.civicplus.com/Salem%20MA/SalemMA_CouncilSubMin/AdminMin/default.htm,file,HTTPError
Salem,salem,bus,2,city_council,minutes,,FETCH_FAIL,0,0,0,,0,https://cmsarchive.civicplus.com/Salem%20MA/SalemMA_CouncilSubMin/CommMin/default.htm,file,HTTPError
Salem,salem,bus,2,city_council,minutes,,FETCH_FAIL,0,0,0,,0,https://cmsarchive.civicplus.com/Salem%20MA/SalemMA_CouncilSubMin/GovtMin/default.htm,file,HTTPError
Salem,salem,bus,2,city_council,minutes,,FETCH_FAIL,0,0,0,,0,https://cmsarchive.civicplus.com/Salem%20MA/SalemMA_CouncilSubMin/HealthMin/default.htm,file,HTTPError
Salem,salem,bus,2,city_council,minutes,,FETCH_FAIL,0,0,0,,0,https://cmsarchive.civicplus.com/Salem%20MA/SalemMA_CouncilSubMin/OrdMin/default.htm,file,HTTPError
Salem,salem,bus,2,city_council,minutes,,FETCH_FAIL,0,0,0,,0,https://cmsarchive.civicplus.com/Salem%20MA/SalemMA_CouncilSubMin/WholeMin/default.htm,file,HTTPError
Salem,salem,bus,2,city_council,minutes,,FETCH_FAIL,0,0,0,,0,https://cmsarchive.civicplus.com/Salem%20MA/SalemMA_CouncilSubMin/default.htm,file,HTTPError
Salem,salem,bus,2,city_council,minutes,2026,NO,0,19,0,,2,https://salemma.gov/AgendaCenter/ViewFile/Minutes/_01052026-7934,file,
Salisbury,salisbury,MBTA adjacent,1,town_meeting,warrant,,FETCH_FAIL,0,0,0,,0,http://www.salisburyma.gov/sites/salisburyma/files/file/file/beach_overlay_zoning_bylaw_-_tm_warrant_article_as_is.pdf,file,HTTPError
Salisbury,salisbury,MBTA adjacent,1,town_meeting,warrant,,FETCH_FAIL,0,0,0,,0,http://www.salisburyma.gov/sites/salisburyma/files/file/file/beach_overlay_zoning_bylaw_-_tm_warrant_article_as_is_0.pdf,file,HTTPError
Salisbury,salisbury,MBTA adjacent,1,town_meeting,warrant,,NO,0,0,0,,1,https://www.salisburyma.gov/sites/g/files/vyhlif1166/f/uploads/presidential_primary_warrant-original_signed.pdf,file,
Salisbury,salisbury,MBTA adjacent,1,town_meeting,warrant,2022,NO,0,0,0,,7,https://www.salisburyma.gov/sites/g/files/vyhlif1166/f/uploads/atm_may_16_2022_warrant-original.pdf,file,
Salisbury,salisbury,MBTA adjacent,1,town_meeting,warrant,2022,NO,0,0,0,,6,https://www.salisburyma.gov/sites/g/files/vyhlif1166/f/uploads/stm_may_16_2022_warrant-original.pdf,file,
Salisbury,salisbury,MBTA adjacent,1,town_meeting,warrant,2023,NO,0,0,0,,27,https://www.salisburyma.gov/sites/g/files/vyhlif1166/f/uploads/atm_warrant_5-15-2023_-original_0.pdf,file,
Salisbury,salisbury,MBTA adjacent,1,town_meeting,warrant,2023,NO,0,0,0,,6,https://www.salisburyma.gov/sites/g/files/vyhlif1166/f/uploads/stm_warrant_5-15-2023_-original.pdf,file,
Salisbury,salisbury,MBTA adjacent,1,town_meeting,warrant,2024,NO,0,0,0,,12,https://www.salisburyma.gov/sites/g/files/vyhlif1166/f/uploads/atm_warrant-original-05-20-2024_0.pdf,file,
Salisbury,salisbury,MBTA adjacent,1,town_meeting,warrant,2024,NO,0,0,0,,5,https://www.salisburyma.gov/sites/g/files/vyhlif1166/f/uploads/stm_warrant-original-05-20-2024.pdf,file,
Salisbury,salisbury,MBTA adjacent,3,planning_board,minutes,2026,FETCH_FAIL,0,0,0,,0,http://www.salisburyma.gov/sites/salisburyma/files/minutes/minutes-file/pb_minutes_7.27.26.pdf,file,HTTPError
Saugus,saugus,bus,5,,,,NO,0,0,0,,1,https://www.saugus-ma.gov/DocumentCenter/View/118,file,
Saugus,saugus,bus,5,,,,PROBABLE,21,5,0,"1,2,3,4,5,6,7,8,9,10,11,12,13,14",14,https://www.saugus-ma.gov/DocumentCenter/View/119,file,
Saugus,saugus,bus,5,town_meeting,,,NO,0,0,0,,11,https://www.saugus-ma.gov/DocumentCenter/View/117,file,
Saugus,saugus,bus,1,town_meeting,warrant,,FETCH_FAIL,0,0,0,,0,http://www.saugus-ma.gov/sites/saugusma/files/uploads/stm_warrant_article_docs.pdf,file,HTTPError
Saugus,saugus,bus,1,town_meeting,warrant,,FETCH_FAIL,0,0,0,,0,http://www.saugus-ma.gov/sites/saugusma/files/uploads/stm_warrant_article_docs_0.pdf,file,HTTPError
Saugus,saugus,bus,1,town_meeting,warrant,,NO,0,0,0,,21,https://www.saugus-ma.gov/DocumentCenter/View/342,file,
Saugus,saugus,bus,1,town_meeting,warrant,,NO,0,0,27,,0,https://www.saugus-ma.gov/386/Warrants,page,
Saugus,saugus,bus,1,town_meeting,warrant,2022,NO,0,0,0,,2,https://www.saugus-ma.gov/DocumentCenter/View/880/2022-November-28---Special-Town-Meeting-Warrant-PDF,file,
Saugus,saugus,bus,1,town_meeting,warrant,2022,NO,0,25,3,,2,https://www.saugus-ma.gov/DocumentCenter/View/881/2022-May-2---Special-Town-Meeting-Warrant-PDF,file,
Saugus,saugus,bus,1,town_meeting,warrant,2022,NO,0,0,0,,2,https://www.saugus-ma.gov/DocumentCenter/View/882/2022-October-24---Special-Town-Meeting-Warrant-PDF,file,
Scituate,scituate,commuter rail,1,town_meeting,minutes,,FETCH_FAIL,0,0,0,,0,http://www.scituatema.gov/sites/scituatema/files/minutes/minutes-file/20140414_annual_town_meeting.pdf,file,HTTPError
Scituate,scituate,commuter rail,1,town_meeting,minutes,,FETCH_FAIL,0,0,0,,0,http://www.scituatema.gov/sites/scituatema/files/minutes/minutes-file/20140414_special_town_meeting.pdf,file,HTTPError
Scituate,scituate,commuter rail,1,town_meeting,minutes,,FETCH_FAIL,0,0,0,,0,http://www.scituatema.gov/sites/scituatema/files/minutes/minutes-file/town_meeting_minutes.pdf,file,HTTPError
Scituate,scituate,commuter rail,1,town_meeting,minutes,,NO,0,29,21,,4,https://ma-scituate.civicplus.com/DocumentCenter/View/15787,file,
Scituate,scituate,commuter rail,1,town_meeting,minutes,2022,NO,0,0,0,,4,https://ma-scituate.civicplus.com/DocumentCenter/View/10041,file,
Scituate,scituate,commuter rail,1,town_meeting,minutes,2022,NO,0,0,0,,3,https://ma-scituate.civicplus.com/DocumentCenter/View/10045,file,
Scituate,scituate,commuter rail,1,town_meeting,minutes,2023,NO,0,0,0,,4,https://ma-scituate.civicplus.com/DocumentCenter/View/10067,file,
Scituate,scituate,commuter rail,1,town_meeting,minutes,2023,NO,0,0,0,,3,https://ma-scituate.civicplus.com/DocumentCenter/View/10071,file,
Scituate,scituate,commuter rail,1,town_meeting,minutes,2024,NO,0,0,0,,3,https://ma-scituate.civicplus.com/DocumentCenter/View/10004,file,
Scituate,scituate,commuter rail,1,town_meeting,minutes,2024,NO,0,0,0,,3,https://ma-scituate.civicplus.com/DocumentCenter/View/10010,file,
Seekonk,seekonk,MBTA adjacent,1,town_meeting,minutes,,NO,0,0,0,,20,https://seekonk-ma.gov/DocumentCenter/View/3388/Town-Meeting-Minutes-51225,file,
Seekonk,seekonk,MBTA adjacent,1,town_meeting,minutes,,NO,0,0,0,,4,https://seekonk-ma.gov/DocumentCenter/View/3654/91525-Special-Town-Meeting-Minutes,file,
Seekonk,seekonk,MBTA adjacent,1,town_meeting,minutes,,NO,0,0,0,,20,https://seekonk-ma.gov/DocumentCenter/View/3706/1669_001,file,
Seekonk,seekonk,MBTA adjacent,1,town_meeting,minutes,,NO,0,0,0,,10,https://www.seekonk-ma.gov/DocumentCenter/View/1745,file,
Seekonk,seekonk,MBTA adjacent,1,town_meeting,minutes,,NO,0,89,12,,12,https://www.seekonk-ma.gov/DocumentCenter/View/2102,file,
Seekonk,seekonk,MBTA adjacent,1,town_meeting,minutes,,CONFIRMED,2,211,64,20,22,https://www.seekonk-ma.gov/DocumentCenter/View/2550,file,
Seekonk,seekonk,MBTA adjacent,1,town_meeting,minutes,,CONFIRMED,2,205,54,10,19,https://www.seekonk-ma.gov/DocumentCenter/View/3102,file,
Seekonk,seekonk,MBTA adjacent,1,town_meeting,minutes,,FETCH_FAIL,0,0,0,,0,https://www.seekonk-ma.gov/sites/g/files/vyhlif1191/f/minutes/6222020_town_meeting_minutes.pdf,file,HTTPError
Seekonk,seekonk,MBTA adjacent,1,town_meeting,minutes,,FETCH_FAIL,0,0,0,,0,https://www.seekonk-ma.gov/sites/g/files/vyhlif1191/f/minutes/fall_town_meeting_minutes.pdf,file,HTTPError
Seekonk,seekonk,MBTA adjacent,1,town_meeting,minutes,,NO,0,0,13,,0,https://seekonk-ma.gov/566/Town-Meeting-Minutes,page,
Sharon,sharon,commuter rail,5,,,,TOPIC_ONLY,1,0,0,1,1,https://www.sharonma.gov/DocumentCenter/View/1942/Comparison-between-MUOD--Mixed-Use-Overlay-District-and-MCMMOD-MBTA-Communities-Multi-Family-and-Mixed-Use--PDF,file,
Sharon,sharon,commuter rail,5,,,,CONFIRMED,18,1,1,"1,2,3,4,5",5,https://www.sharonma.gov/DocumentCenter/View/1947/Sharon-MBTA-Communities-Law-Frequently-Asked-Questions-PDF,file,
Sharon,sharon,commuter rail,5,,,2023,PROBABLE,9,0,1,"1,2,3,4,5,6,7,10,11",12,https://www.sharonma.gov/DocumentCenter/View/1940/3A-District-Options-03262023-PDF-PDF,file,
Sharon,sharon,commuter rail,5,,,2023,FETCH_FAIL,0,0,0,,0,https://www.townofsharon.net/sites/g/files/vyhlif3801/f/pages/3a_district_options_03.26.2023_002.pdf,file,HTTPError
Sharon,sharon,commuter rail,5,zoning,bylaw,,NO,0,0,0,,9,https://www.sharonma.gov/DocumentCenter/View/2032/For-Article-19-Zoning-By-Law-to-Comply-with-MBTA-Multi-Family-Zoning-District-Law---Clean-Copy-PDF,file,
Sharon,sharon,commuter rail,5,zoning,bylaw,,NO,0,0,0,,9,https://www.sharonma.gov/DocumentCenter/View/2033/For-Article-19-Zoning-By-Law-to-Comply-with-MBTA-Multi-Family-Zoning-District-Law---Changes-Copy-PDF,file,
Sharon,sharon,commuter rail,1,town_meeting,minutes,,NO,0,0,0,,3,https://townofsharon.net/ImageRepository/Document?documentID=910,file,
Sharon,sharon,commuter rail,1,town_meeting,minutes,,FETCH_FAIL,0,0,0,,0,https://www.townofsharon.net/sites/g/files/vyhlif3801/f/news/04_town_meeting_subcommittee_minutes_0.pdf,file,HTTPError
Sharon,sharon,commuter rail,1,town_meeting,minutes,,NO,0,0,4,,0,https://www.sharonma.gov/1571/Minutes-of-the-Town-Meeting-subcommittee,page,
Sharon,sharon,commuter rail,1,town_meeting,warrant,,FETCH_FAIL,0,0,0,,0,http://www.townofsharon.net/sites/sharonma/files/pages/finalwarrant._sent_to_printer.pdf,file,HTTPError
Sherborn,sherborn,MBTA adjacent,1,town_meeting,warrant,,NO,0,0,0,,11,https://www.sherbornma.org/DocumentCenter/View/3089,file,
Sherborn,sherborn,MBTA adjacent,1,town_meeting,warrant,2025,CONFIRMED,10,1,5,"1,2,3,10",10,https://www.sherbornma.org/DocumentCenter/View/3208/Warrant-Articles-MBTA-Multi-family-Overlay-District-Bylaw-draft-2-26-2025,file,
Sherborn,sherborn,MBTA adjacent,5,,,,NO,0,0,0,,1,https://www.sherbornma.org/DocumentCenter/View/3014,file,
Sherborn,sherborn,MBTA adjacent,5,,,,CONFIRMED,3,6,5,"1,2,8",11,https://www.sherbornma.org/DocumentCenter/View/3075,file,
Sherborn,sherborn,MBTA adjacent,5,,,2024,CONFIRMED,17,1,2,"1,2,3,7,8,9,10,13,16,17,19,25,35,47",50,https://sherbornma.org/DocumentCenter/View/2566/Multi-Family-Overlay-District-Presentation-of-February-20-2024,file,
Sherborn,sherborn,MBTA adjacent,5,,,2024,CONFIRMED,35,4,1,"1,2,3,4,5,6,7,8,9,10,11,12,13,14,15,16,17",17,https://sherbornma.org/DocumentCenter/View/2614/Sherborn-MBTA-Communities-3A---June-25-2024-Workshop,file,
Sherborn,sherborn,MBTA adjacent,5,,,2024,CONFIRMED,9,1,10,"1,2",2,https://sherbornma.org/DocumentCenter/View/2654/The-MBTA-Communities-Law-Survey-Overview-updated-July-16-2024,file,
Sherborn,sherborn,MBTA adjacent,5,,bylaw,,NO,0,0,0,,9,https://www.sherbornma.org/DocumentCenter/View/1897,file,
Sherborn,sherborn,MBTA adjacent,5,,bylaw,2024,PROBABLE,8,0,5,"1,2",7,https://www.sherbornma.org/DocumentCenter/View/3028,file,
Sherborn,sherborn,MBTA adjacent,5,,notice,2024,NO,0,0,0,,2,https://sherbornma.org/DocumentCenter/View/2559/MBTA-Communities-Law-101-posted-June-2024,file,
Shirley,shirley,commuter rail,5,,bylaw,,PROBABLE,5,0,5,1,0,https://shirley-ma.gov/1538/MBTA-Communities-Act-Overlay-District-Ma,page,
Shirley,shirley,commuter rail,5,planning_board,bylaw,2024,CONFIRMED,8,2,8,"1,2,3,4",7,https://shirley-ma.gov/DocumentCenter/View/1086/Shirley-PB-Approved-Final-MBTA-Communities-Bylaw-92524,file,
Shirley,shirley,commuter rail,1,town_meeting,minutes,,NO,0,0,28,,0,https://shirley-ma.gov/527/Town-Meeting-Minutes,page,
Shirley,shirley,commuter rail,1,town_meeting,minutes,2022,NO,0,169,18,,8,https://www.shirley-ma.gov/DocumentCenter/View/774/2022-05-09-Annual-Town-Meeting-Minutesdocx,file,
Shirley,shirley,commuter rail,1,town_meeting,minutes,2022,NO,0,70,15,,5,https://www.shirley-ma.gov/DocumentCenter/View/775/2022-11-28-Special-Town-Meeting-Minutes-without-appendices,file,
Shirley,shirley,commuter rail,1,town_meeting,minutes,2023,NO,0,0,0,,14,https://shirley-ma.gov/DocumentCenter/View/776/2023-05-08-Annual-Town-Meeting-Minutes-PDF,file,
Shirley,shirley,commuter rail,1,town_meeting,minutes,2023,NO,0,0,0,,6,https://shirley-ma.gov/DocumentCenter/View/777/2023-11-23-Special-Town-Meeting-Minutes-PDF,file,
Shirley,shirley,commuter rail,1,town_meeting,minutes,2023,NO,0,0,0,,14,https://www.shirley-ma.gov/DocumentCenter/View/776/2023-05-08-Annual-Town-Meeting-Minutes,file,
Shirley,shirley,commuter rail,1,town_meeting,minutes,2023,NO,0,0,0,,6,https://www.shirley-ma.gov/DocumentCenter/View/777/2023-11-23-Special-Town-Meeting-Minutes,file,
Shirley,shirley,commuter rail,1,town_meeting,minutes,2024,NO,0,0,0,,6,https://shirley-ma.gov/DocumentCenter/View/1001/2024-11-18-Special-Town-Meeting-Minutes-PDF,file,
Shrewsbury,shrewsbury,commuter rail,5,,,2023,PROBABLE,27,4,0,"1,2,3,4,5,6,7,14,18,19,20,21,22",22,https://shrewsburyma.gov/DocumentCenter/View/15356/Introduction-to-the-Section-3A-Program-Citizen-Planner-Training-Collaborative-CPTC-Annual-Conference-March-2023,file,
Shrewsbury,shrewsbury,commuter rail,5,zoning,,,CONFIRMED,213,8,1,"1,2,3,4,5,6,7,8,9,10,11,12,13,14,15,16,17,18",18,https://shrewsburyma.gov/DocumentCenter/View/15207/Compliance-Guidelines-for-Multi-family-Zoning-Districts-Under-Section-3A-of-the-Zoning-Act,file,
Shrewsbury,shrewsbury,commuter rail,5,zoning,,,PROBABLE,5,2,0,1,16,https://shrewsburyma.gov/DocumentCenter/View/15518/MBTA-Communities-Zoning-Survey-?bidId=,file,
Shrewsbury,shrewsbury,commuter rail,5,zoning,,,TOPIC_ONLY,1,0,0,1,0,https://shrewsburyma.gov/DocumentCenter/View/15704,file,
Shrewsbury,shrewsbury,commuter rail,5,zoning,,,CONFIRMED,5,1,2,1,1,https://shrewsburyma.gov/DocumentCenter/View/17856/Press-Release-EOHLC-Issues-Determination-on--Shrewsburys-Compliance-with-MBTA-Communities-Zoning,file,
Shrewsbury,shrewsbury,commuter rail,5,zoning,,,PROBABLE,20,0,7,1,0,https://shrewsburyma.gov/1382/MBTA-Communities-Zoning-Initiative,page,
Shrewsbury,shrewsbury,commuter rail,1,town_meeting,minutes,,NO,0,0,0,,0,https://shrewsburyma.gov/DocumentCenter/View/12575,file,
Shrewsbury,shrewsbury,commuter rail,1,town_meeting,minutes,,NO,0,0,2,,0,https://shrewsburyma.gov/DocumentCenter/View/17972,file,
Shrewsbury,shrewsbury,commuter rail,1,town_meeting,minutes,2025,NO,0,9,4,,2,https://shrewsburyma.gov/AgendaCenter/ViewFile/Minutes/_04142025-4860,file,
Shrewsbury,shrewsbury,commuter rail,1,town_meeting,minutes,2025,NO,0,213,34,,15,https://shrewsburyma.gov/AgendaCenter/ViewFile/Minutes/_05192025-4861,file,
Southborough,southborough,commuter rail,5,,,,CONFIRMED,204,5,1,"1,2,3,4,5,6,7,8,9,10,11,12,13,14,15,16,17,18,24,25",26,https://www.southboroughma.gov/DocumentCenter/View/2174/MASSGOV-MBTA-Communities-Compliance-Guidelines,file,
Southborough,southborough,commuter rail,5,,,,TOPIC_ONLY,14,0,0,"1,2",2,https://www.southboroughma.gov/DocumentCenter/View/2506,file,
Southborough,southborough,commuter rail,5,,,,TOPIC_ONLY,2,0,0,1,1,https://www.southboroughma.gov/DocumentCenter/View/2510,file,
Southborough,southborough,commuter rail,5,,,,CONFIRMED,69,6,1,"1,2,3,4,5,6,7,8,9",9,https://www.southboroughma.gov/DocumentCenter/View/2513,file,
Southborough,southborough,commuter rail,5,,,,TOPIC_ONLY,17,0,0,"1,2,3,4,5,6,7,8,11,12,14",17,https://www.southboroughma.gov/DocumentCenter/View/3362/MMAMMLA-webinar-MBTA-Communities-Takeaways-from-Reviews-313,file,
Southborough,southborough,commuter rail,5,,,,CONFIRMED,99,10,16,"1,2,3,4,5,6,7,8,10,11,12,13,14,16,17,18,19,20,21,22",39,https://www.southboroughma.gov/DocumentCenter/View/3431/01--20220216-MMLA-Presentation-MBTA-Communities-Multi-Family-Housing,file,
Southborough,southborough,commuter rail,5,,,,TOPIC_ONLY,3,0,0,"1,2",2,https://www.southboroughma.gov/DocumentCenter/View/3445/20240416---MBTA-Community-Categories-and-Requirements,file,
Southborough,southborough,commuter rail,5,,,,TOPIC_ONLY,17,0,0,"1,2,3,4,5,6,7,8,11,12,14",17,https://www.southboroughma.gov/DocumentCenter/View/3447,file,
Southborough,southborough,commuter rail,5,,,,TOPIC_ONLY,1,0,0,1,1,https://www.southboroughma.gov/DocumentCenter/View/3451,file,
Southborough,southborough,commuter rail,5,,,,TOPIC_ONLY,3,0,0,"1,2",2,https://www.southboroughma.gov/DocumentCenter/View/3471,file,
Sterling,sterling,MBTA adjacent,5,,,,FETCH_FAIL,0,0,0,,0,https://www.sterling-ma.gov/DocumentCenter/View/1099/Sterling-Proposed-Multifamily-Overlay-District-PDF,file,HTTPError
Sterling,sterling,MBTA adjacent,5,planning_board,,,NO,0,0,0,,0,https://sterling-ma.gov/ImageRepository/Document?documentID=319,file,
Sterling,sterling,MBTA adjacent,1,town_meeting,minutes,,NO,0,1,88,,0,https://sterling-ma.gov/611/Town-Meetings-Warrants-and-Minutes,page,
Sterling,sterling,MBTA adjacent,1,town_meeting,minutes,2022,NO,0,300,59,,30,https://sterling-ma.gov/DocumentCenter/View/5870/2022-May-2-Annual-Town-Meeting-Minutes,file,
Sterling,sterling,MBTA adjacent,1,town_meeting,minutes,2023,NO,0,304,58,,34,https://sterling-ma.gov/DocumentCenter/View/5796/2023-May-1-Annual-Town-Meeting-Minutes,file,
Sterling,sterling,MBTA adjacent,1,town_meeting,minutes,2023,NO,0,104,22,,10,https://sterling-ma.gov/DocumentCenter/View/5872/2023-October-16-Special-Town-Meeting-Minutes,file,
Sterling,sterling,MBTA adjacent,1,town_meeting,minutes,2024,NO,0,18,6,,2,https://sterling-ma.gov/DocumentCenter/View/5798/2024-June-24-Special-Town-Meeting-Minutes,file,
Sterling,sterling,MBTA adjacent,1,town_meeting,minutes,2024,NO,0,225,26,,12,https://sterling-ma.gov/DocumentCenter/View/5800/2024-May-6-Annual-Town-Meeting-Minutes,file,
Sterling,sterling,MBTA adjacent,1,town_meeting,minutes,2025,NO,0,408,56,,19,https://sterling-ma.gov/DocumentCenter/View/5802/2025-May-5-Annual-Town-Meeting-Minutes,file,
Sterling,sterling,MBTA adjacent,1,town_meeting,minutes,2025,CONFIRMED,11,111,45,"2,3,6",13,https://sterling-ma.gov/DocumentCenter/View/8257/2025-November-3-Speical-Town-Meeting-Minutes,file,
Stoneham,stoneham,bus,5,,,2022,TOPIC_ONLY,4,0,0,"2,6,7",8,https://www.stoneham-ma.gov/DocumentCenter/View/5394/Wortman-MBTA-Communities-Presentation-March-2022?bidId=,file,
Stoneham,stoneham,bus,5,,,2022,TOPIC_ONLY,4,0,0,"2,6,7",8,https://www.stoneham-ma.gov/DocumentCenter/View/5833/Wortman-MBTA-Communities-Presentation-March-2022,file,
Stoneham,stoneham,bus,1,town_meeting,minutes,,FETCH_FAIL,0,0,0,,0,http://www.stoneham-ma.gov/sites/stonehamma/files/u80/minutes_for_special_town_meeting.pdf,file,HTTPError
Stoneham,stoneham,bus,1,town_meeting,minutes,,NO,0,0,7,,0,https://stoneham-ma.gov/507/Town-Meeting-Minutes,page,
Stoneham,stoneham,bus,1,town_meeting,minutes,2022,FETCH_FAIL,0,0,0,,0,http://www.stoneham-ma.gov/sites/stonehamma/files/minutes/minutes-file/minutes_15_10_22_town_meeting.pdf,file,HTTPError
Stoneham,stoneham,bus,1,town_meeting,warrant,,FETCH_FAIL,0,0,0,,0,http://www.stoneham-ma.gov/sites/stonehamma/files/9_signed_special_sept_tm_warrant.pdf,file,HTTPError
Stoneham,stoneham,bus,1,town_meeting,warrant,,FETCH_FAIL,0,0,0,,0,http://www.stoneham-ma.gov/sites/stonehamma/files/file/file/9_warrant_spec_june_tm_14.pdf,file,HTTPError
Stoneham,stoneham,bus,1,town_meeting,warrant,,FETCH_FAIL,0,0,0,,0,http://www.stoneham-ma.gov/sites/stonehamma/files/file/file/jan_12_special_tm_warrant.pdf,file,HTTPError
Stoneham,stoneham,bus,1,town_meeting,warrant,,FETCH_FAIL,0,0,0,,0,http://www.stoneham-ma.gov/sites/stonehamma/files/u59/signed_special_town_meeting_warrant.pdf,file,HTTPError
Stoneham,stoneham,bus,1,town_meeting,warrant,,FETCH_FAIL,0,0,0,,0,http://www.stoneham-ma.gov/sites/stonehamma/files/u59/signed_warrant.pdf,file,HTTPError
Stoughton,stoughton,commuter rail,1,town_meeting,minutes,,NO,0,1,8,,0,https://stoughton.org/696/Town-Meeting-AttendanceMinutes,page,
Stoughton,stoughton,commuter rail,1,town_meeting,minutes,2024,NO,0,851,142,,63,https://www.stoughton.org/DocumentCenter/View/4110,file,
Stoughton,stoughton,commuter rail,1,town_meeting,warrant,,FETCH_FAIL,0,0,0,,0,http://www.stoughton.org/TownNews/FINAL%20WARRANT.pdf?plugin=RWD&templates=RWD&printversion=2&conferencesimpleview,file,HTTPError
Stoughton,stoughton,commuter rail,1,town_meeting,warrant,,NO,0,0,0,,1,https://stoughton.org/DocumentCenter/View/2692/BLANK-Warrant-Article-Petition-PDF,file,
Stoughton,stoughton,commuter rail,1,town_meeting,warrant,,NO,0,0,0,,0,https://stoughton.org/DocumentCenter/View/4416/Combined-Warrant-Backup-Material-030425-PDF,file,
Stoughton,stoughton,commuter rail,1,town_meeting,warrant,,NO,0,0,6,,1,https://stoughton.org/DocumentCenter/View/5333/STM-Warrant-Summary-Chart-PDF,file,
Stoughton,stoughton,commuter rail,1,town_meeting,warrant,,FETCH_FAIL,0,0,0,,0,https://www.stoughton.org/DocumentCenter/View/1235/Stoughton-Center-District-SCD-Warrant-Edition-PDF,file,HTTPError
Stoughton,stoughton,commuter rail,1,town_meeting,warrant,,NO,0,0,0,,1,https://www.stoughton.org/DocumentCenter/View/2691,file,
Stoughton,stoughton,commuter rail,1,town_meeting,warrant,,NO,0,0,0,,5,https://www.stoughton.org/DocumentCenter/View/4039/STM-Warrant-signed-PDF,file,
Stoughton,stoughton,commuter rail,1,town_meeting,warrant,,FETCH_FAIL,0,0,0,,0,https://www.stoughton.org/sites/stoughtonma/files/uploads/sth180402_warrant-r_part_2_0.pdf,file,HTTPError
Stow,stow,MBTA adjacent,5,,,,PROBABLE,24,5,0,"1,2",2,https://www.stow-ma.gov/DocumentCenter/View/1296/Is-Section-3A-an-Unfunded-Mandate-PDF,file,
Stow,stow,MBTA adjacent,5,,,,PROBABLE,1,0,1,1,1,https://www.stow-ma.gov/DocumentCenter/View/1298/What-are-the-fiscal-impacts-of-complying-with-the-MBTA-Communities-Law-PDF,file,
Stow,stow,MBTA adjacent,5,,,,CONFIRMED,3,1,1,1,1,https://www.stow-ma.gov/DocumentCenter/View/1299/Does-Stow-need-to-comply-with-the-MBTA-Communities-Law-PDF,file,
Stow,stow,MBTA adjacent,5,,,,NO,0,1,2,,2,https://www.stow-ma.gov/DocumentCenter/View/7669,file,
Stow,stow,MBTA adjacent,5,,,,NO,0,0,0,,1,https://www.stow-ma.gov/DocumentCenter/View/7671,file,
Stow,stow,MBTA adjacent,5,,,,CONFIRMED,32,9,16,"1,2,4,5,6,7,8,9,11",11,https://www.stow-ma.gov/DocumentCenter/View/7678/MBTA-Communities-FAQs-Oct-25,file,
Stow,stow,MBTA adjacent,5,,,,CONFIRMED,20,4,3,"1,2,3,6,8",8,https://www.stow-ma.gov/DocumentCenter/View/7693/CHAPA-3AEnforcementPotential-092225,file,
Stow,stow,MBTA adjacent,5,,,,NO,0,2,13,,3,https://www.stow-ma.gov/DocumentCenter/View/7861/Timeline-of-Outreach,file,
Stow,stow,MBTA adjacent,5,,,,CONFIRMED,9,1,5,1,0,https://www.stow-ma.gov/398/MBTA-Communities,page,
Stow,stow,MBTA adjacent,5,,,,PROBABLE,9,0,4,1,0,https://www.stow-ma.gov/682/MBTA-Communities-Mapping,page,
Sudbury,sudbury,MBTA adjacent,1,town_meeting,warrant,2022,NO,0,361,327,,91,https://cdn.sudbury.ma.us/wp-content/uploads/sites/358/2022/04/Sudbury-2022-May-Annual-Town-Meeting-Warrant.pdf?version=d267836092aa0eb1d9bdc51971597134,file,
Sudbury,sudbury,MBTA adjacent,1,town_meeting,warrant,2022,NO,0,361,327,,91,https://sudbury.ma.us/townmeeting/wp-content/uploads/sites/358/2022/04/Sudbury-2022-May-Annual-Town-Meeting-Warrant.pdf,file,
Sudbury,sudbury,MBTA adjacent,1,town_meeting,warrant,2022,NO,0,361,327,,91,https://sudbury.ma.us/townmeeting/wp-content/uploads/sites/358/2022/04/Sudbury-2022-May-Annual-Town-Meeting-Warrant.pdf?version=d267836092aa0eb1d9bdc51971597134,file,
Sudbury,sudbury,MBTA adjacent,1,town_meeting,warrant,2022,NO,0,0,19,,0,https://sudbury.ma.us/townmeeting/sudbury-2022-may-annual-town-meeting-warrant/,page,
Sudbury,sudbury,MBTA adjacent,1,town_meeting,warrant,2023,NO,0,374,286,,100,https://cdn.sudbury.ma.us/wp-content/uploads/sites/358/2023/04/Sudbury-2023-Annual-Town-Meeting-Warrant.pdf?version=e3b7e0e55684c23109c3bd421207e846,file,
Sudbury,sudbury,MBTA adjacent,1,town_meeting,warrant,2023,NO,0,187,86,,33,https://cdn.sudbury.ma.us/wp-content/uploads/sites/358/2023/09/Sudbury-2023-Fall-Special-Town-Meeting-Warrant.pdf?version=ce90d67e8caeaf1d0f3963d9df894c25,file,
Sudbury,sudbury,MBTA adjacent,1,town_meeting,warrant,2023,NO,0,13,9,,4,https://sudbury.ma.us/clerk/wp-content/uploads/sites/270/2023/03/2023-ATE-Warrant.pdf,file,
Sudbury,sudbury,MBTA adjacent,1,town_meeting,warrant,2023,NO,0,13,9,,4,https://sudbury.ma.us/clerk/wp-content/uploads/sites/270/2023/03/2023-ATE-Warrant.pdf?version=f39a733268be16698e4cbd2fd55756a0,file,
Sudbury,sudbury,MBTA adjacent,1,town_meeting,warrant,2023,NO,0,374,286,,100,https://sudbury.ma.us/townmeeting/wp-content/uploads/sites/358/2023/04/Sudbury-2023-Annual-Town-Meeting-Warrant.pdf,file,
Sudbury,sudbury,MBTA adjacent,1,town_meeting,warrant,2023,NO,0,374,286,,100,https://sudbury.ma.us/townmeeting/wp-content/uploads/sites/358/2023/04/Sudbury-2023-Annual-Town-Meeting-Warrant.pdf?version=3fd6d60e7a10bf4bce0be9ea52661b64,file,
Sutton,sutton,MBTA adjacent,5,,,,FETCH_FAIL,0,0,0,,0,https://ma-sutton.civicplus.com/DocumentCenter/View/505/MBTA-Multifamily-Overlay-District-Fact-Sheet,file,HTTPError
Sutton,sutton,MBTA adjacent,5,,,,FETCH_FAIL,0,0,0,,0,https://ma-sutton.civicplus.com/DocumentCenter/View/506/MBTA-Multifamily-Overlay-District-Map,file,HTTPError
Sutton,sutton,MBTA adjacent,5,,,,FETCH_FAIL,0,0,0,,0,https://ma-sutton.civicplus.com/DocumentCenter/View/507/MBTA-Multifamily-Overlay-District-Presentation-Slides,file,HTTPError
Sutton,sutton,MBTA adjacent,5,,,,NO,0,0,0,,1,https://www.suttonma.gov/DocumentCenter/View/3140/MBTA-Multifamily-Overlay-District-MMFOD-Overlay-District-MAP,file,
Sutton,sutton,MBTA adjacent,5,,,,TOPIC_ONLY,5,0,0,"1,2,4",5,https://www.suttonma.gov/DocumentCenter/View/3141/MBTA-Multifamily-Overlay-District-Presentation-Slides,file,
Sutton,sutton,MBTA adjacent,5,,,,PROBABLE,9,0,2,"1,2",2,https://www.suttonma.gov/DocumentCenter/View/4178/40aa_s_3a_fact_sheet_52925_pdf,file,
Sutton,sutton,MBTA adjacent,5,,,,CONFIRMED,11,1,12,1,0,https://suttonma.org/1326/Chapter-40A-Section-3A-Multifamily-Housi,page,
Sutton,sutton,MBTA adjacent,5,,,,PROBABLE,9,0,2,"1,2",2,https://suttonma.org/DocumentCenter/View/4178/40aa_s_3a_fact_sheet_52925_pdf,page,
Sutton,sutton,MBTA adjacent,5,,,,CONFIRMED,11,1,12,1,0,https://www.suttonma.gov/1326/Chapter-40A-Section-3A-Multifamily-Housi,page,
Sutton,sutton,MBTA adjacent,5,,bylaw,,FETCH_FAIL,0,0,0,,0,https://ma-sutton.civicplus.com/DocumentCenter/View/504/MBTA-Multifamily-Overlay-District-Bylaw,file,HTTPError
Swampscott,swampscott,bus,1,town_meeting,minutes,2023,NO,0,17,11,,3,https://www.swampscottma.gov/DocumentCenter/View/5651,file,
Swampscott,swampscott,bus,1,town_meeting,warrant,,NO,0,0,3,,1,https://swampscottma.gov/DocumentCenter/View/2234/Form-M-Petition-for-Insertion-of-Application-for-Acceptance-in-Warrant-for-Annual-Town-Meeting,file,
Swampscott,swampscott,bus,1,town_meeting,warrant,,NO,0,0,0,,1,https://swampscottma.gov/DocumentCenter/View/5502/Support-of-Rail-Trail-Warrant-Article,file,
Swampscott,swampscott,bus,1,town_meeting,warrant,,NO,0,0,0,,0,https://swampscottma.gov/DocumentCenter/View/7596/Article-7,file,
Swampscott,swampscott,bus,1,town_meeting,warrant,,NO,0,5,0,,2,https://swampscottma.gov/ImageRepository/Document?documentID=1064,file,
Swampscott,swampscott,bus,1,town_meeting,warrant,,NO,0,0,3,,1,https://www.swampscottma.gov/DocumentCenter/View/2234/Form-M---Petition-for-Insertion-of-Application-for-Acceptance-in-Warrant-for-Annual-Town-Meeting?bidId=,file,
Swampscott,swampscott,bus,1,town_meeting,warrant,,NO,0,108,90,,12,https://www.swampscottma.gov/DocumentCenter/View/7574,file,
Swampscott,swampscott,bus,1,town_meeting,warrant,,NO,0,108,90,,12,https://www.swampscottma.gov/DocumentCenter/View/7577,file,
Swampscott,swampscott,bus,1,town_meeting,warrant,,NO,0,0,16,,0,https://swampscottma.gov/1998/Town-Meeting-Warrants,page,
Swampscott,swampscott,bus,1,town_meeting,warrant,2022,FETCH_FAIL,0,0,0,,0,https://www.swampscottma.gov/sites/g/files/vyhlif1296/f/events/12.5.22_stm_warrant.pdf,file,HTTPError
Taunton,taunton,MBTA adjacent,1,town_meeting,warrant,,NO,0,0,0,,1,https://www.taunton-ma.gov/DocumentCenter/View/4320,file,
Taunton,taunton,MBTA adjacent,1,town_meeting,warrant,,NO,0,0,0,,7,https://www.taunton-ma.gov/DocumentCenter/View/4512,file,
Taunton,taunton,MBTA adjacent,1,town_meeting,warrant,,NO,0,0,0,,1,https://www.taunton-ma.gov/DocumentCenter/View/5307,file,
Taunton,taunton,MBTA adjacent,1,town_meeting,warrant,2024,NO,0,0,0,,1,https://www.taunton-ma.gov/DocumentCenter/View/3738,file,
Taunton,taunton,MBTA adjacent,2,city_council,minutes,,FETCH_FAIL,0,0,0,,0,https://www.taunton-ma.gov/sites/g/files/vyhlif1311/f/minutes/eminent_domain_city_council_letter.pdf,file,HTTPError
Taunton,taunton,MBTA adjacent,2,city_council,minutes,2026,NO,0,0,0,,3,https://taunton-ma.gov/AgendaCenter/ViewFile/Minutes/_01052026-2717,file,
Taunton,taunton,MBTA adjacent,2,city_council,minutes,2026,NO,0,0,0,,3,https://taunton-ma.gov/AgendaCenter/ViewFile/Minutes/_01052026-2718,file,
Taunton,taunton,MBTA adjacent,2,city_council,minutes,2026,NO,0,0,0,,2,https://taunton-ma.gov/AgendaCenter/ViewFile/Minutes/_01052026-2719,file,
Taunton,taunton,MBTA adjacent,2,city_council,minutes,2026,NO,0,0,0,,15,https://taunton-ma.gov/AgendaCenter/ViewFile/Minutes/_01132026-2727,file,
Taunton,taunton,MBTA adjacent,2,city_council,minutes,2026,NO,0,0,0,,6,https://taunton-ma.gov/AgendaCenter/ViewFile/Minutes/_01132026-2729,file,
Tewksbury,tewksbury,MBTA adjacent,5,,,,CONFIRMED,4,1,6,"1,3",19,https://tewksbury-ma.gov/DocumentCenter/View/4060/MBTA-Communities-First-Public-Feedback-Presentation-81523-PDF,file,
Tewksbury,tewksbury,MBTA adjacent,5,,,,PROBABLE,6,0,1,"1,2,5",5,https://tewksbury-ma.gov/DocumentCenter/View/4061/Copy-of-Resident-Survey-for-MBTA-Communities-Districts-PDF,file,
Tewksbury,tewksbury,MBTA adjacent,5,,,,NO,0,0,0,,6,https://tewksbury-ma.gov/DocumentCenter/View/4134/MBTA-Communities-Workshop-Participant-Feedback-by-Site-PDF,file,
Tewksbury,tewksbury,MBTA adjacent,5,,,,CONFIRMED,5,1,6,"1,2,14",14,https://tewksbury-ma.gov/DocumentCenter/View/4135/MBTA-Communities-Workshop-Presentation-91323-PDF,file,
Tewksbury,tewksbury,MBTA adjacent,5,,,,TOPIC_ONLY,3,0,0,1,1,https://tewksbury-ma.gov/DocumentCenter/View/4224/Handout-1---Introduction-to-MBTA-Communities-Law-PDF,file,
Tewksbury,tewksbury,MBTA adjacent,5,,,,CONFIRMED,13,5,3,"1,2,3,4,5,7",8,https://www.tewksbury-ma.gov/DocumentCenter/View/3537/MBTA-Communities-Action-Plan-Submission-PDF,file,
Tewksbury,tewksbury,MBTA adjacent,5,,,,CONFIRMED,5,1,6,"1,2,14",14,https://www.tewksbury-ma.gov/DocumentCenter/View/4135/MBTA-Communities-Workshop-Presentation-91323-PDF?bidId=,file,
Tewksbury,tewksbury,MBTA adjacent,5,,,2023,CONFIRMED,8,1,5,"1,3,4",5,https://tewksbury-ma.gov/DocumentCenter/View/4105/MBTA-Community-Questions-and-Response-from-August-15-2023-PDF,file,
Tewksbury,tewksbury,MBTA adjacent,5,select_board,,,TOPIC_ONLY,6,0,0,"1,2,4",5,https://tewksbury-ma.gov/DocumentCenter/View/4059/Initial-MBTA-Communities-Presentation-to-Select-Board-12522-PDF,file,
Tewksbury,tewksbury,MBTA adjacent,5,select_board,,,PROBABLE,7,0,6,"1,3,6,7",17,https://tewksbury-ma.gov/DocumentCenter/View/4254/MBTA-Communities-Presentation-to-Select-Board-102423-PDF,file,
Topsfield,topsfield,MBTA adjacent,5,,,,PROBABLE,13,1,0,"1,2",6,https://www.topsfield-ma.gov/DocumentCenter/View/283/18-Article-XVIII---MBTA-Communities-Multi-Family-Overlay-District,file,
Topsfield,topsfield,MBTA adjacent,5,,,,TOPIC_ONLY,4,0,0,"1,2,6",22,https://www.topsfield-ma.gov/DocumentCenter/View/337,file,
Topsfield,topsfield,MBTA adjacent,5,,,,PROBABLE,11,0,13,1,0,https://www.topsfield-ma.gov/1408/MBTA-Multi-Family-District,page,
Topsfield,topsfield,MBTA adjacent,5,,bylaw,,PROBABLE,13,1,0,"1,2",7,https://www.topsfield-ma.gov/DocumentCenter/View/338,file,
Topsfield,topsfield,MBTA adjacent,1,town_meeting,warrant,,FETCH_FAIL,0,0,0,,0,http://www.topsfield-ma.gov/documents/town_meeting/documents/Warrantasmailed.pdf,file,HTTPError
Topsfield,topsfield,MBTA adjacent,1,town_meeting,warrant,,FETCH_FAIL,0,0,0,,0,http://www.topsfield-ma.gov/documents/warrant20071.pdf,file,HTTPError
Topsfield,topsfield,MBTA adjacent,1,town_meeting,warrant,,FETCH_FAIL,0,0,0,,0,http://www.topsfield-ma.gov/documents/warrant62105.pdf,file,HTTPError
Topsfield,topsfield,MBTA adjacent,1,town_meeting,warrant,,FETCH_FAIL,0,0,0,,0,http://www.topsfield-ma.gov:80/documents/050305warrant.pdf,file,HTTPError
Topsfield,topsfield,MBTA adjacent,1,town_meeting,warrant,,FETCH_FAIL,0,0,0,,0,http://www.topsfield-ma.gov:80/documents/town_meeting/documents/FINALWarrant-complete.pdf,file,HTTPError
Topsfield,topsfield,MBTA adjacent,1,town_meeting,warrant,,FETCH_FAIL,0,0,0,,0,http://www.topsfield-ma.gov:80/warrant/FinComletter.pdf,file,HTTPError
Townsend,townsend,MBTA adjacent,1,town_meeting,minutes,2025,FETCH_FAIL,0,0,0,,0,https://townsendma.gov/government/Town Meeting/2025/STM 9-25-25/Minutes - STM 9-25-25.pdf?t=202603171615220,file,HTTPError
Townsend,townsend,MBTA adjacent,1,town_meeting,minutes,2026,FETCH_FAIL,0,0,0,,0,https://townsendma.gov/government/Town Meeting/2026/STM 2-25-26/STM 2-25-26 - Minutes.pdf?t=202607141039020,file,HTTPError
Townsend,townsend,MBTA adjacent,1,town_meeting,warrant,,FETCH_FAIL,0,0,0,,0,https://townsendma.gov/departments/town_administrator/budgets/Documents/Departments/Town Administrator/Budgets/FY19 Budget/warrant_0.pdf?t=202406030935180,file,HTTPError
Townsend,townsend,MBTA adjacent,1,town_meeting,warrant,2024,FETCH_FAIL,0,0,0,,0,https://www.townsendma.gov/sites/g/files/vyhlif1331/f/uploads/annual_town_meeting_warrant_may_7_2024.pdf,file,HTTPError
Townsend,townsend,MBTA adjacent,1,town_meeting,warrant,2024,FETCH_FAIL,0,0,0,,0,https://www.townsendma.gov/sites/g/files/vyhlif1331/f/uploads/special_town_meeting_may_7_2024_warrant.pdf,file,HTTPError
Townsend,townsend,MBTA adjacent,1,town_meeting,warrant,2025,FETCH_FAIL,0,0,0,,0,https://townsendma.gov/government/Town Meeting/2025/STM 9-25-25/Warrant - Special Town Meeting 9-25-25 (posted).pdf?t=202604261224420,file,HTTPError
Townsend,townsend,MBTA adjacent,1,town_meeting,warrant,2026,FETCH_FAIL,0,0,0,,0,https://townsendma.gov/government/Town Meeting/2026/ATM STM 5-5-26/ATM 5-5-26 - Warrant (posted).pdf?t=202604261226350,file,HTTPError
Townsend,townsend,MBTA adjacent,1,town_meeting,warrant,2026,FETCH_FAIL,0,0,0,,0,https://townsendma.gov/government/Town Meeting/2026/ATM STM 5-5-26/STM 5-5-26 - Warrant (posted).pdf?t=202604261227500,file,HTTPError
Townsend,townsend,MBTA adjacent,1,town_meeting,warrant,2026,FETCH_FAIL,0,0,0,,0,https://townsendma.gov/government/Town Meeting/2026/STM 2-25-26/STM 2-25-26 - Warrant & Declaration of Continuance.pdf?t=202604261221080,file,HTTPError
Townsend,townsend,MBTA adjacent,6,select_board,report,2023,FETCH_FAIL,0,0,0,,0,https://townsendma.gov/government/board_of_selectmen/Government/Selectboard/2023 TOWNSEND ANNUAL TOWN REPORT FINAL.pdf?t=202504291248350,file,HTTPError
Tyngsborough,tyngsborough,MBTA adjacent,5,,,,NO,0,1,0,,0,https://tyngsboroughma.gov/DocumentCenter/View/1910,file,
Tyngsborough,tyngsborough,MBTA adjacent,5,,,,TOPIC_ONLY,5,0,0,"1,2,4,6,8",8,https://tyngsboroughma.gov/DocumentCenter/View/1957,file,
Tyngsborough,tyngsborough,MBTA adjacent,5,,,,CONFIRMED,22,2,12,1,0,https://tyngsboroughma.gov/564/MBTA-Communities,page,
Tyngsborough,tyngsborough,MBTA adjacent,5,,,2023,FETCH_FAIL,0,0,0,,0,https://www.tyngsboroughma.gov/wp-content/uploads/2023/11/Tyngsborough-MBTA-Communities-Handout.pdf,file,HTTPError
Tyngsborough,tyngsborough,MBTA adjacent,5,planning_board,,,NO,0,0,0,,1,https://tyngsboroughma.gov/ImageRepository/Document?documentID=508,file,
Tyngsborough,tyngsborough,MBTA adjacent,5,planning_board,,,NO,0,0,0,,1,https://tyngsboroughma.gov/ImageRepository/Document?documentID=530,file,
Tyngsborough,tyngsborough,MBTA adjacent,5,zoning,,,PROBABLE,10,0,3,"1,2",9,https://tyngsboroughma.gov/DocumentCenter/View/1956,file,
Tyngsborough,tyngsborough,MBTA adjacent,5,zoning,,2024,PROBABLE,10,0,2,"1,2,3",12,https://tyngsboroughma.gov/DocumentCenter/View/2052,file,
Tyngsborough,tyngsborough,MBTA adjacent,5,zoning,,2024,PROBABLE,11,0,2,"1,2,3",11,https://tyngsboroughma.gov/DocumentCenter/View/2078,file,
Tyngsborough,tyngsborough,MBTA adjacent,1,town_meeting,minutes,,NO,0,2,0,,2,https://tyngsboroughma.gov/ImageRepository/Document?documentID=605,file,
Upton,upton,MBTA adjacent,1,town_meeting,warrant,,NO,0,17,0,,0,https://uptonma.gov/DocumentCenter/View/5149/KP-940422-v1-UPTN_MBTA_Communities_Overlay_District_Draft_Bylaw_Sept_6_Warrant_Article_ReviewFINALdocx,file,
Upton,upton,MBTA adjacent,1,town_meeting,warrant,,NO,0,17,0,,0,https://uptonma.gov/DocumentCenter/View/5156/KP-940422-v1-UPTN_MBTA_Communities_Overlay_District_Draft_Bylaw_Sept_6_Warrant_Article_ReviewFINALdocx,file,
Upton,upton,MBTA adjacent,1,town_meeting,warrant,,CONFIRMED,18,5,10,"1,3",10,https://uptonma.gov/DocumentCenter/View/6266/KP-940422v1-UPTN_MBTA_Communities_Overlay_District_Draft_Bylaw_Sept_6_Warrant_Article_ReviewFINAL,file,
Upton,upton,MBTA adjacent,1,town_meeting,warrant,,CONFIRMED,18,5,10,"1,3",10,https://uptonma.gov/DocumentCenter/View/7550/KP-940422-v1-UPTN_MBTA_Communities_Overlay_District_Draft_Bylaw_Sept_6_Warrant_Article_ReviewFINAL,file,
Upton,upton,MBTA adjacent,1,town_meeting,warrant,,NO,0,16,0,,0,https://www.uptonma.gov/DocumentCenter/View/5026,file,
Upton,upton,MBTA adjacent,1,town_meeting,warrant,,CONFIRMED,17,2,6,"1,2,3",11,https://www.uptonma.gov/DocumentCenter/View/5061,file,
Upton,upton,MBTA adjacent,1,town_meeting,warrant,,NO,0,17,0,,0,https://www.uptonma.gov/DocumentCenter/View/5154,file,
Upton,upton,MBTA adjacent,5,,,,NO,0,16,0,,0,https://uptonma.gov/DocumentCenter/View/5150/KP-942612-v1-MBTA_Communities_Overlay_District_Draft_Mixed_Use_ComponentDOCX,file,
Upton,upton,MBTA adjacent,5,,,,NO,0,16,0,,0,https://uptonma.gov/DocumentCenter/View/5155/KP-942612-v1-MBTA_Communities_Overlay_District_Draft_Mixed_Use_ComponentDOCX,file,
Upton,upton,MBTA adjacent,5,,,,NO,0,9,0,,0,https://www.uptonma.gov/DocumentCenter/View/2724,file,
Wakefield,wakefield,bus,5,planning_board,agenda,2023,FETCH_FAIL,0,0,0,,0,https://www.wakefield.ma.us/sites/g/files/vyhlif3986/f/agendas/planning-board-community-and-economic-development-mbta-communities-working-group-2023-5-16.pdf,file,HTTPError
Wakefield,wakefield,bus,5,planning_board,agenda,2023,FETCH_FAIL,0,0,0,,0,https://www.wakefield.ma.us/sites/g/files/vyhlif3986/f/agendas/planning-board-mbta-communitiees-2023-12-19.pdf,file,HTTPError
Wakefield,wakefield,bus,5,planning_board,agenda,2023,FETCH_FAIL,0,0,0,,0,https://www.wakefield.ma.us/sites/g/files/vyhlif3986/f/agendas/planning-board-mbta-communities-working-group-2023-10-3.pdf,file,HTTPError
Wakefield,wakefield,bus,5,planning_board,agenda,2023,FETCH_FAIL,0,0,0,,0,https://www.wakefield.ma.us/sites/g/files/vyhlif3986/f/agendas/planning-board-mbta-communities-working-group-2023-11-21.pdf,file,HTTPError
Wakefield,wakefield,bus,5,planning_board,agenda,2024,FETCH_FAIL,0,0,0,,0,https://www.wakefield.ma.us/sites/g/files/vyhlif3986/f/agendas/planning-board-mbta-communities-working-group-2024-1-3.pdf,file,HTTPError
Wakefield,wakefield,bus,1,town_meeting,warrant,2022,FETCH_FAIL,0,0,0,,0,https://www.wakefield.ma.us/sites/g/files/vyhlif3986/f/uploads/regular-town-meeting-warrant-2022-11-19.pdf,file,HTTPError
Wakefield,wakefield,bus,1,town_meeting,warrant,2022,NO,0,19,25,,1,https://www.wakefieldma.gov/DocumentCenter/View/720/November-2022-Warrant-PDF,file,
Wakefield,wakefield,bus,1,town_meeting,warrant,2022,NO,0,39,22,,2,https://www.wakefieldma.gov/DocumentCenter/View/721/May-2022-Warrant-PDF,file,
Wakefield,wakefield,bus,1,town_meeting,warrant,2023,FETCH_FAIL,0,0,0,,0,https://www.wakefield.ma.us/sites/g/files/vyhlif3986/f/uploads/regular-town-meeting-warrant-2023-11-18.pdf,file,HTTPError
Wakefield,wakefield,bus,1,town_meeting,warrant,2023,FETCH_FAIL,0,0,0,,0,https://www.wakefield.ma.us/sites/g/files/vyhlif3986/f/uploads/regular-town-meeting-warrant-book-2023-11-18.pdf,file,HTTPError
Walpole,walpole,bus,5,,,,FETCH_FAIL,0,0,0,,0,https://www.walpole-ma.gov/sites/g/files/vyhlif1381/f/uploads/actionplanformbtacommunities_submission_1058631233.pdf,file,HTTPError
Walpole,walpole,bus,5,,,,FETCH_FAIL,0,0,0,,0,https://www.walpole-ma.gov/sites/g/files/vyhlif1381/f/uploads/mbta_communities_update1.pdf,file,HTTPError
Walpole,walpole,bus,5,,,,FETCH_FAIL,0,0,0,,0,https://www.walpole-ma.gov/sites/g/files/vyhlif1381/f/uploads/mbtacommunitiesinformationform_submission_954812926.pdf,file,HTTPError
Walpole,walpole,bus,5,,,,FETCH_FAIL,0,0,0,,0,https://www.walpole-ma.gov/sites/g/files/vyhlif1381/f/uploads/multi-family_zoning_requirements_for_mbta_communities.pdf,file,HTTPError
Walpole,walpole,bus,5,,,,FETCH_FAIL,0,0,0,,0,https://www.walpole-ma.gov/sites/g/files/vyhlif1381/f/uploads/multi-family_zoning_requirements_for_mbta_communities_0.pdf,file,HTTPError
Walpole,walpole,bus,1,town_meeting,warrant,,FETCH_FAIL,0,0,0,,0,http://www.walpole-ma.gov/FTM08Warrant.pdf,file,HTTPError
Walpole,walpole,bus,1,town_meeting,warrant,,FETCH_FAIL,0,0,0,,0,http://www.walpole-ma.gov/FTM12/FTM12Warrant.pdf,file,HTTPError
Walpole,walpole,bus,1,town_meeting,warrant,,FETCH_FAIL,0,0,0,,0,http://www.walpole-ma.gov/SATMWARRANT07.pdf,file,HTTPError
Walpole,walpole,bus,1,town_meeting,warrant,,FETCH_FAIL,0,0,0,,0,http://www.walpole-ma.gov/SPTM08WARRANT.pdf,file,HTTPError
Walpole,walpole,bus,1,town_meeting,warrant,,FETCH_FAIL,0,0,0,,0,http://www.walpole-ma.gov/sites/walpolema/files/file/file/03072016stmwarrant.pdf,file,HTTPError
Waltham,waltham,bus,1,town_meeting,warrant,,FETCH_FAIL,0,0,0,,0,https://www.city.waltham.ma.us/sites/g/files/vyhlif12301/f/events/warrant_for_presidential_primaries_0.pdf,file,HTTPError
Waltham,waltham,bus,1,town_meeting,warrant,,FETCH_FAIL,0,0,0,,0,https://www.city.waltham.ma.us/sites/g/files/vyhlif6861/f/uploads/warrant_for_presidential_primaries_0.pdf,file,HTTPError
Waltham,waltham,bus,2,city_council,minutes,2022,NO,0,123,1,,5,https://www.city.waltham.ma.us/DocumentCenter/View/6366,file,
Waltham,waltham,bus,2,city_council,minutes,2022,NO,0,0,0,,2,https://www.city.waltham.ma.us/DocumentCenter/View/6367,file,
Waltham,waltham,bus,2,city_council,minutes,2022,NO,0,117,3,,6,https://www.city.waltham.ma.us/DocumentCenter/View/6368,file,
Waltham,waltham,bus,2,city_council,minutes,2022,NO,0,28,3,,3,https://www.city.waltham.ma.us/DocumentCenter/View/6369,file,
Waltham,waltham,bus,2,city_council,minutes,2022,NO,0,17,1,,2,https://www.city.waltham.ma.us/DocumentCenter/View/6370,file,
Waltham,waltham,bus,2,city_council,minutes,2022,NO,0,0,0,,2,https://www.city.waltham.ma.us/DocumentCenter/View/6371,file,
Waltham,waltham,bus,2,city_council,minutes,2022,NO,0,156,1,,9,https://www.city.waltham.ma.us/DocumentCenter/View/6372,file,
Waltham,waltham,bus,2,city_council,minutes,2022,NO,0,0,0,,1,https://www.city.waltham.ma.us/DocumentCenter/View/6373,file,
Wareham,wareham,MBTA adjacent,1,town_meeting,minutes,,NO,0,113,29,,13,https://www.wareham.gov/DocumentCenter/View/6477/4282025-April-Town-Meeting-Warrant-and-Minutes,file,
Wareham,wareham,MBTA adjacent,1,town_meeting,minutes,,CONFIRMED,1,151,83,24,34,https://www.wareham.gov/DocumentCenter/View/6478/4282025-Special-Town-Meeting-Warrant-and-Minutes,file,
Wareham,wareham,MBTA adjacent,1,town_meeting,minutes,,NO,0,177,31,,17,https://www.wareham.gov/DocumentCenter/View/6636,file,
Wareham,wareham,MBTA adjacent,1,town_meeting,minutes,,NO,0,113,29,,13,https://www.wareham.gov/DocumentCenter/View/6726,file,
Wareham,wareham,MBTA adjacent,1,town_meeting,minutes,,CONFIRMED,1,151,83,24,34,https://www.wareham.gov/DocumentCenter/View/6727,file,
Wareham,wareham,MBTA adjacent,1,town_meeting,minutes,,NO,0,113,29,,13,https://www.wareham.ma.us/DocumentCenter/View/6477,file,
Wareham,wareham,MBTA adjacent,1,town_meeting,minutes,,CONFIRMED,1,151,83,24,34,https://www.wareham.ma.us/DocumentCenter/View/6478,file,
Wareham,wareham,MBTA adjacent,1,town_meeting,minutes,,NO,0,177,31,,17,https://www.wareham.ma.us/DocumentCenter/View/6636,file,
Wareham,wareham,MBTA adjacent,1,town_meeting,minutes,,NO,0,113,29,,13,https://www.wareham.ma.us/DocumentCenter/View/6726,file,
Wareham,wareham,MBTA adjacent,1,town_meeting,minutes,,CONFIRMED,1,151,83,24,34,https://www.wareham.ma.us/DocumentCenter/View/6727,file,
Wayland,wayland,MBTA adjacent,5,zoning,,,CONFIRMED,22,3,10,1,0,https://ma-wayland.civicplus.com/920/MBTA-Communities---Multi-Family-Zoning-D,file,
Wayland,wayland,MBTA adjacent,5,zoning,,,CONFIRMED,22,3,10,1,0,https://wayland.ma.us/920/MBTA-Communities---Multi-Family-Zoning-D,page,
Wayland,wayland,MBTA adjacent,5,zoning,bylaw,,CONFIRMED,5,31,18,"1,7,9",9,https://www.wayland.ma.us/DocumentCenter/View/6742,file,
Wayland,wayland,MBTA adjacent,5,zoning,bylaw,,NO,0,0,0,,1,https://www.wayland.ma.us/DocumentCenter/View/7006,file,
Wayland,wayland,MBTA adjacent,1,town_meeting,minutes,,NO,0,462,107,,38,https://wayland.ma.us/DocumentCenter/View/16045,file,
Wayland,wayland,MBTA adjacent,1,town_meeting,minutes,2022,NO,0,790,199,,61,https://wayland.ma.us/DocumentCenter/View/13175/2022_atm_minutes_may_14_may_15docx,file,
Wayland,wayland,MBTA adjacent,1,town_meeting,warrant,,FETCH_FAIL,0,0,0,,0,http://www.wayland.ma.us:80/STMNov05Warrant.pdf,file,HTTPError
Wayland,wayland,MBTA adjacent,1,town_meeting,warrant,,NO,0,0,30,,0,https://ma-wayland.civicplus.com/280/Town-Meeting-Warrants,file,
Wayland,wayland,MBTA adjacent,1,town_meeting,warrant,,NO,0,0,6,,0,https://ma-wayland.civicplus.com/318/Annual-Town-Meeting-Warrant-Articles---a,file,
Wayland,wayland,MBTA adjacent,1,town_meeting,warrant,,NO,0,0,1,,0,https://ma-wayland.civicplus.com/544/Wayland-Arrest-Warrants,file,
Wellesley,wellesley,subway or light rail,5,,,,NO,0,1,0,,0,https://wellesleyma.gov/DocumentCenter/View/37200,file,
Wellesley,wellesley,subway or light rail,5,,,,CONFIRMED,12,7,9,"1,2,4,5,6",8,https://wellesleyma.gov/DocumentCenter/View/37501,file,
Wellesley,wellesley,subway or light rail,5,,,,NO,0,0,0,,0,https://wellesleyma.gov/DocumentCenter/View/37526,file,
Wellesley,wellesley,subway or light rail,5,,,,NO,0,1,0,,0,https://wellesleyma.gov/DocumentCenter/View/38410,file,
Wellesley,wellesley,subway or light rail,5,,,,FETCH_FAIL,0,0,0,,0,https://wellesleyma.gov/DocumentCenter/View/38449/MBTA-Community-Zoning_FLYER,file,HTTPError
Wellesley,wellesley,subway or light rail,5,,,,NO,0,0,0,,2,https://wellesleyma.gov/DocumentCenter/View/589/Section-3A_Town-House-Districts,file,
Wellesley,wellesley,subway or light rail,5,town_meeting,,2024,CONFIRMED,9,19,3,"1,2,3,9,16,17",21,https://wellesleyma.gov/DocumentCenter/View/49159/MBTA-Presentation-STM,file,
Wellesley,wellesley,subway or light rail,5,zoning,,,NO,0,0,0,,3,https://wellesleyma.gov/ImageRepository/Document?documentID=2275,file,
Wellesley,wellesley,subway or light rail,5,zoning,,,NO,0,0,0,,8,https://wellesleyma.gov/ImageRepository/Document?documentID=2279,file,
Wellesley,wellesley,subway or light rail,5,zoning,,,NO,0,0,0,,3,https://wellesleyma.gov/ImageRepository/Document?documentID=2296,file,
Wenham,wenham,commuter rail,5,,,,TOPIC_ONLY,4,0,0,1,1,https://wenhamma.gov/DocumentCenter/View/1767/Determination-of-Interim-Compliance-under-MGL-c-40A-Section-3A-PDF,file,
Wenham,wenham,commuter rail,5,,,,TOPIC_ONLY,2,0,0,1,1,https://www.wenhamma.gov/DocumentCenter/View/752/Multi-Family-Overlay-Proposed-District-Draft-Map-PDF,file,
Wenham,wenham,commuter rail,5,,,,CONFIRMED,6,1,5,"1,3,4,5",19,https://www.wenhamma.gov/DocumentCenter/View/753/MBTA-Communities-Presentation-PDF,file,
Wenham,wenham,commuter rail,5,,,,CONFIRMED,3,3,1,1,2,https://www.wenhamma.gov/DocumentCenter/View/754/MBTA-Communities-Fact-Sheet-PDF,file,
Wenham,wenham,commuter rail,5,,,,NO,0,0,0,,1,https://www.wenhamma.gov/DocumentCenter/View/755/MBTA-Communities-Adoption-Status-Map-PDF,file,
Wenham,wenham,commuter rail,5,,,,NO,0,0,0,,0,https://www.wenhamma.gov/DocumentCenter/View/815,file,
Wenham,wenham,commuter rail,5,,,,PROBABLE,21,0,3,1,0,https://wenhamma.gov/323/MBTA-COMMUNITIES,page,
Wenham,wenham,commuter rail,5,,,2023,PROBABLE,16,0,6,1,0,https://wenhamma.gov/569/MBTA-Communities-2023---2024-Information,page,
Wenham,wenham,commuter rail,5,,,2024,PROBABLE,5,0,6,"2,3,7,12,14",19,https://www.wenhamma.gov/DocumentCenter/View/745/June-5-2024-MBTA-Communities-Presentation-PDF,file,
Wenham,wenham,commuter rail,5,,,2025,CONFIRMED,10,7,4,"1,4,6",6,https://wenhamma.gov/DocumentCenter/View/1768/MBTA-Communities-Action-Plan-Submission-February-2025-PDF,file,
Westborough,westborough,commuter rail,5,,,,TOPIC_ONLY,24,0,0,"1,2",2,https://ma-westborough.civicplus.com/DocumentCenter/View/2174,file,
Westborough,westborough,commuter rail,5,,,,NO,0,3,0,,0,https://ma-westborough.civicplus.com/DocumentCenter/View/2478,file,
Westborough,westborough,commuter rail,5,,,,TOPIC_ONLY,24,0,0,"1,2",2,https://www.town.westborough.ma.us/DocumentCenter/View/2174/MBTA-Communities-Advisory-FINAL?bidId=,file,
Westborough,westborough,commuter rail,5,,,,NO,0,3,0,,0,https://www.town.westborough.ma.us/DocumentCenter/View/2478,file,
Westborough,westborough,commuter rail,1,town_meeting,minutes,,NO,0,0,51,,0,https://ma-westborough.civicplus.com/735/Town-Meeting-Minutes,file,
Westborough,westborough,commuter rail,1,town_meeting,minutes,,NO,0,0,51,,0,https://town.westborough.ma.us/735/Town-Meeting-Minutes,page,
Westborough,westborough,commuter rail,1,town_meeting,minutes,2023,NO,0,1047,263,,55,https://ma-westborough.civicplus.com/DocumentCenter/View/2094,file,
Westborough,westborough,commuter rail,1,town_meeting,minutes,2023,NO,0,297,120,,24,https://ma-westborough.civicplus.com/DocumentCenter/View/2342,file,
Westborough,westborough,commuter rail,1,town_meeting,minutes,2023,NO,0,297,120,,24,https://town.westborough.ma.us/DocumentCenter/View/2342/-Special-Town-Meeting-Minutes---October-16-2023-,file,
Westborough,westborough,commuter rail,1,town_meeting,minutes,2023,NO,0,1046,262,,54,https://town.westborough.ma.us/DocumentCenter/View/6190/Annual-Town-Meeting-Minutes-March-25-2023-,file,
West Boylston,westboylston,MBTA adjacent,1,town_meeting,warrant,,NO,0,36,6,,6,https://www.westboylston-ma.gov/sites/g/files/vyhlif1421/f/uploads/final_warrant_signed.pdf,file,
West Boylston,westboylston,MBTA adjacent,1,town_meeting,warrant,,NO,0,36,10,,6,https://www.westboylston-ma.gov/sites/g/files/vyhlif1421/f/uploads/screen_reader_friendly_final_warrant.pdf,file,
West Boylston,westboylston,MBTA adjacent,1,town_meeting,warrant,2023,NO,0,68,31,,15,https://www.westboylston-ma.gov/sites/g/files/vyhlif1421/f/uploads/may_15_2023_annual_town_meeting_warrant_for_screenreader.pdf,file,
West Bridgewater,westbridgewater,MBTA adjacent,5,,,,FETCH_FAIL,0,0,0,,0,https://westbridgewaterma.org/departments/MBTA Communities Myth Busters.pdf?t=20250108175139114,file,HTTPError
West Bridgewater,westbridgewater,MBTA adjacent,5,,,,FETCH_FAIL,0,0,0,,0,https://westbridgewaterma.org/departments/Updated MBTA-Communities-Law-101.pdf?t=20250108175012526,file,HTTPError
West Bridgewater,westbridgewater,MBTA adjacent,5,,,2025,FETCH_FAIL,0,0,0,,0,https://westbridgewaterma.org/departments/West Bridgewater - Confirmation of Compliance with G.L. c. 40A Section 3A.pdf?t=20250129095646908,file,HTTPError
West Bridgewater,westbridgewater,MBTA adjacent,1,town_meeting,minutes,,FETCH_FAIL,0,0,0,,0,http://www.westbridgewaterma.org/document_center/Clerk/Town%20Meeting%20Minutes/ATM%206-13-16%20Minutes.pdf,file,HTTPError
West Bridgewater,westbridgewater,MBTA adjacent,1,town_meeting,warrant,,FETCH_FAIL,0,0,0,,0,http://www.westbridgewaterma.org/document_center/TOWN%20MEETING/ATM%20Warrant%206-13-16%20SIGNED.pdf,file,HTTPError
West Bridgewater,westbridgewater,MBTA adjacent,1,town_meeting,warrant,,FETCH_FAIL,0,0,0,,0,http://www.westbridgewaterma.org:80/document_center/Clerk/STM%202-15-16%20Warrant.pdf,file,HTTPError
West Bridgewater,westbridgewater,MBTA adjacent,1,town_meeting,warrant,2022,FETCH_FAIL,0,0,0,,0,https://westbridgewaterma.org/departments/town_meeting/Official Warrant STM 12-5-22.pdf,file,HTTPError
West Bridgewater,westbridgewater,MBTA adjacent,1,town_meeting,warrant,2024,FETCH_FAIL,0,0,0,,0,https://westbridgewaterma.org/departments/town_meeting/Website Functions/calendar_app/document_center/Official ATM Warrant 5-6-24.pdf,file,HTTPError
West Bridgewater,westbridgewater,MBTA adjacent,1,town_meeting,warrant,2024,FETCH_FAIL,0,0,0,,0,https://westbridgewaterma.org/departments/town_meeting/Website Functions/calendar_app/document_center/Official Warrant STM 11-14-24.pdf,file,HTTPError
West Bridgewater,westbridgewater,MBTA adjacent,1,town_meeting,warrant,2025,FETCH_FAIL,0,0,0,,0,"https://westbridgewaterma.org/departments/Town Meeting Warrant for October 20, 2025 Meeting.pdf?t=20251015135427376",file,HTTPError
Westford,westford,MBTA adjacent,5,,,,CONFIRMED,44,6,4,"1,2,9,10,12,14,15,16,18,19,20,21,22,24,26,28,29",29,https://www.westfordma.gov/DocumentCenter/View/13128/MBTA-Communities---9822-Webinar-Presentation-re-Compliance-Guidelines-vF,file,
Westford,westford,MBTA adjacent,5,,,,TOPIC_ONLY,4,0,0,1,1,https://www.westfordma.gov/DocumentCenter/View/13669,file,
Westford,westford,MBTA adjacent,5,,,,NO,0,5,0,,0,https://www.westfordma.gov/DocumentCenter/View/13670,file,
Westford,westford,MBTA adjacent,5,,,,NO,0,0,0,,1,https://www.westfordma.gov/DocumentCenter/View/14018,file,
Westford,westford,MBTA adjacent,5,,,,CONFIRMED,4,1,4,1,1,https://www.westfordma.gov/DocumentCenter/View/14216/MBTA_Communities_Explainer_2_What_done_so_far,file,
Westford,westford,MBTA adjacent,5,,,,PROBABLE,14,0,2,"1,2,3,4",4,https://www.westfordma.gov/DocumentCenter/View/14217,file,
Westford,westford,MBTA adjacent,5,,,,TOPIC_ONLY,11,0,0,"1,2",2,https://www.westfordma.gov/DocumentCenter/View/14218/MBTA_Communities_Explainer_1_What_is_requirement,file,
Westford,westford,MBTA adjacent,5,,,,CONFIRMED,43,3,10,"1,2,4,5,6,7,8,10,11,12,14,15,16,17,18,19,20,27,30,31",32,https://www.westfordma.gov/DocumentCenter/View/14362,file,
Westford,westford,MBTA adjacent,5,,,,PROBABLE,3,1,0,"1,2",2,https://www.westfordma.gov/DocumentCenter/View/14366/MBTA_Communities_Explainer_4_Westford_Unlocking-Economic-Development,file,
Westford,westford,MBTA adjacent,5,,,,CONFIRMED,4,1,4,1,1,https://www.westfordma.gov/DocumentCenter/View/14369,file,
Westminster,westminster,commuter rail,1,town_meeting,warrant,,FETCH_FAIL,0,0,0,,0,http://www.westminster-ma.gov/sites/westminsterma/files/uploads/annual_town_meeting_warrant.pdf,file,HTTPError
Westminster,westminster,commuter rail,1,town_meeting,warrant,,FETCH_FAIL,0,0,0,,0,http://www.westminster-ma.gov/sites/westminsterma/files/uploads/special_town_meeting_warrant.pdf,file,HTTPError
Westminster,westminster,commuter rail,1,town_meeting,warrant,,FETCH_FAIL,0,0,0,,0,http://www.westminster-ma.gov:80/documents/STMWARRANTMAY172011.pdf,file,HTTPError
Westminster,westminster,commuter rail,1,town_meeting,warrant,,NO,0,0,0,,12,https://www.westminster-ma.gov/sites/g/files/vyhlif1431/f/uploads/annual_town_meeting_warrant.pdf,file,
Westminster,westminster,commuter rail,1,town_meeting,warrant,,NO,0,0,0,,24,https://www.westminster-ma.gov/sites/g/files/vyhlif1431/f/uploads/atm_warrant.pdf,file,
Westminster,westminster,commuter rail,1,town_meeting,warrant,,NO,0,0,0,,5,https://www.westminster-ma.gov/sites/g/files/vyhlif1431/f/uploads/posted_warrant_0.pdf,file,
Westminster,westminster,commuter rail,1,town_meeting,warrant,,NO,0,0,0,,2,https://www.westminster-ma.gov/sites/g/files/vyhlif1431/f/uploads/special_town_meeting_warrant.pdf,file,
Westminster,westminster,commuter rail,1,town_meeting,warrant,2024,NO,0,0,0,,2,https://www.westminster-ma.gov/sites/g/files/vyhlif1431/f/uploads/09-03-2024_state_primary_warrant.pdf,file,
Westminster,westminster,commuter rail,1,town_meeting,warrant,2025,NO,0,0,0,,3,https://www.westminster-ma.gov/sites/g/files/vyhlif1431/f/uploads/final_stm_warrant_5-4-25.pdf,file,
Westminster,westminster,commuter rail,4,select_board,warrant,,NO,0,0,0,,0,https://www.westminster-ma.gov/select-board-town-administrator/pages/town-meeting-warrants,page,
West Newbury,westnewbury,MBTA adjacent,5,,,,CONFIRMED,27,13,2,"1,3,4,5,6,8,9,11",11,https://www.wnewbury.org/DocumentCenter/View/2048/Preadoptionreviewapplicationformbtacommunities-Submission,file,
West Newbury,westnewbury,MBTA adjacent,5,,,,NO,0,0,0,,3,https://www.wnewbury.org/DocumentCenter/View/2596/List-of-all-MBTA-Communities-Unit-Capacity-no-of-housing-units-to-be-zoned-for,file,
West Newbury,westnewbury,MBTA adjacent,5,,,,CONFIRMED,18,4,62,"1,3,4,6,36,38,39",39,https://www.wnewbury.org/DocumentCenter/View/290/Optional-MBTA-Communities-Multi-Family-Overlay-District,file,
West Newbury,westnewbury,MBTA adjacent,5,,,,PROBABLE,3,0,4,"1,2,3",3,https://www.wnewbury.org/DocumentCenter/View/475/MBTA-Communities-Act---Town-Manager-Analysis-regarding-State-Revenues,file,
West Newbury,westnewbury,MBTA adjacent,5,,,,FETCH_FAIL,0,0,0,,0,https://www.wnewbury.org/sites/g/files/vyhlif1436/f/pages/actionplanformbtacommunities_submission_1059197831.pdf,file,HTTPError
West Newbury,westnewbury,MBTA adjacent,5,,,2023,CONFIRMED,213,8,1,"1,2,3,4,5,6,7,8,9,10,11,12,13,14,15,16,17,18",18,https://www.wnewbury.org/DocumentCenter/View/1887/Revision-to-Section-3a-Compliance-Guidelines-August-17-2023-Clean,file,
West Newbury,westnewbury,MBTA adjacent,5,,,2023,TOPIC_ONLY,24,0,0,"1,2",2,https://www.wnewbury.org/DocumentCenter/View/2604/Attorney-Generals-Office---MBTA-Communities-Advisory-3-15-2023,file,
West Newbury,westnewbury,MBTA adjacent,5,,,2023,CONFIRMED,6,1,1,"1,2",2,https://www.wnewbury.org/DocumentCenter/View/5629,file,
West Newbury,westnewbury,MBTA adjacent,5,,,2023,FETCH_FAIL,0,0,0,,0,https://www.wnewbury.org/sites/g/files/vyhlif1436/f/pages/mbta_communities_advisory_3-15-23_ago.pdf,file,HTTPError
West Newbury,westnewbury,MBTA adjacent,5,,,2025,PROBABLE,19,3,0,"1,2,3,4,5,6",7,https://www.wnewbury.org/DocumentCenter/View/2600/7-Myths-about-the-MBTA-Communities-Act-bostoncom-02-14-2025,file,
Weston,weston,subway or light rail,5,,,,PROBABLE,9,1,0,"1,2",2,https://www.westonma.gov/DocumentCenter/View/39581/EOHLC-Letter-to-Weston-regarding-MBTA-Communities-Law-PDF,file,
Weston,weston,subway or light rail,5,zoning,,,NO,0,0,0,,0,https://www.westonma.gov/DocumentCenter/View/40190/Statement-on-MBTA-3A-Zoning-Article-PDF,file,
Weston,weston,subway or light rail,5,zoning,,,CONFIRMED,9,5,12,1,0,https://www.westonma.gov/1884/3A-MBTA-Multifamily-Zoning,page,
Weston,weston,subway or light rail,5,zoning,bylaw,,PROBABLE,1,0,1,3,7,https://www.westonma.gov/DocumentCenter/View/39139/MBTA-3A-Zoning-Bylaw-Slides,file,
Weston,weston,subway or light rail,5,zoning,bylaw,2025,NO,0,0,0,,0,https://weston.org/ImageRepository/Document?documentID=5741,file,
Weston,weston,subway or light rail,5,zoning,bylaw,2025,NO,0,0,0,,0,https://westonma.gov/ImageRepository/Document?documentID=5741,file,
Weston,weston,subway or light rail,5,zoning,bylaw,2025,TOPIC_ONLY,3,0,0,"1,2,13",16,https://www.westonma.gov/DocumentCenter/View/40850/MBTA-3A-Zoning-Bylaw-Amendment-2025-Presentation,file,
Weston,weston,subway or light rail,5,zoning,decision,,NO,0,0,0,,40,https://westonma.gov/DocumentCenter/View/40475/MBTA-3A-Zoning-Superior-Court-Decision-PDF,file,
Weston,weston,subway or light rail,1,town_meeting,minutes,2026,NO,0,14,18,,3,https://weston.org/AgendaCenter/ViewFile/Minutes/_06292026-9053,file,
Weston,weston,subway or light rail,1,town_meeting,minutes,2026,NO,0,14,18,,3,https://westonma.gov/AgendaCenter/ViewFile/Minutes/_06292026-9053,file,
Westwood,westwood,bus,4,select_board,warrant,,NO,0,0,0,,1,http://www.townhall.westwood.ma.us/townofwestwood/file/BOS/Constable%20posting%20for%20AG%20decision%20RE%20FTM%202016%20Warrant%20Articles.pdf,file,
Westwood,westwood,bus,4,select_board,warrant,,NO,0,0,0,,1,http://www.townhall.westwood.ma.us/townofwestwood/file/BOS/Open%20ATM%20Warrant_BOS.pdf,file,
Weymouth,weymouth,bus,1,town_meeting,minutes,,NO,0,17,27,,15,https://weymouth.ma.us/DocumentCenter/View/10489/5232016-ATM-Minutes,file,
Weymouth,weymouth,bus,1,town_meeting,minutes,2024,NO,0,14,12,,6,https://weymouth.ma.us/DocumentCenter/View/12492/05-20-2024-Annual-Town-Meeting-Minutes,file,
Weymouth,weymouth,bus,2,city_council,minutes,2024,NO,0,147,15,,19,https://weymouth.ma.us/DocumentCenter/View/12488/04-22-2024-Special-Town-Council-Meeting-Minutes,file,
Weymouth,weymouth,bus,6,city_council,report,,PROBABLE,1,4,0,3,6,https://ma-weymouth.civicplus.com/DocumentCenter/View/1501/Opioid-Recovery-and-Remediation-Fund-Advisory-Council-Report,file,
Whitman,whitman,commuter rail,1,town_meeting,warrant,,FETCH_FAIL,0,0,0,,0,http://www.whitman-ma.gov/Collateral/Documents/Common/FY11%20ATM%20Warrant.pdf,file,HTTPError
Whitman,whitman,commuter rail,1,town_meeting,warrant,,FETCH_FAIL,0,0,0,,0,http://www.whitman-ma.gov:80/Documents/Posted%20FY07%20ATM%20Warrant.pdf,file,HTTPError
Whitman,whitman,commuter rail,1,town_meeting,warrant,,FETCH_FAIL,0,0,0,,0,http://www.whitman-ma.gov:80/Documents/Posted%20STMWarrant%205-1-06.pdf,file,HTTPError
Whitman,whitman,commuter rail,1,town_meeting,warrant,,NO,0,0,0,,8,https://www.whitman-ma.gov/DocumentCenter/View/1524,file,
Whitman,whitman,commuter rail,1,town_meeting,warrant,,NO,0,0,0,,2,https://www.whitman-ma.gov/DocumentCenter/View/1525,file,
Whitman,whitman,commuter rail,1,town_meeting,warrant,,NO,0,12,2,,2,https://www.whitman-ma.gov/DocumentCenter/View/2110/DEC-2-TOWN-MEETING-WARRANT,file,
Whitman,whitman,commuter rail,1,town_meeting,warrant,,NO,0,209,26,,50,https://www.whitman-ma.gov/DocumentCenter/View/2286/July-27-Town-Meeting-Warrant-and-Budget,file,
Whitman,whitman,commuter rail,1,town_meeting,warrant,,NO,0,52,19,,5,https://www.whitman-ma.gov/DocumentCenter/View/3168,file,
Whitman,whitman,commuter rail,1,town_meeting,warrant,,NO,0,145,29,,26,https://www.whitman-ma.gov/DocumentCenter/View/3264/Town-Meeting-Warrant--Budget-Detail,file,
Whitman,whitman,commuter rail,1,town_meeting,warrant,,NO,0,145,29,,26,https://www.whitman-ma.gov/DocumentCenter/View/3264/Town-Meeting-Warrant--Budget-Detail?utm_source=dlvr.it&utm_medium=twitter,file,
Wilmington,wilmington,bus,1,town_meeting,warrant,,FETCH_FAIL,0,0,0,,0,http://www.wilmingtonma.gov:80/Pages/WilmingtonMA_News/0236CC8A-000F8513.0/WARRANT%202016.pdf,file,HTTPError
Wilmington,wilmington,bus,1,town_meeting,warrant,,NO,0,171,99,,42,https://www.wilmingtonma.gov/sites/g/files/vyhlif5221/f/uploads/21_warrant_with_recommendations.pdf,file,
Wilmington,wilmington,bus,1,town_meeting,warrant,,NO,0,140,61,,12,https://www.wilmingtonma.gov/sites/g/files/vyhlif5221/f/uploads/warrant_signed.pdf,file,
Wilmington,wilmington,bus,1,town_meeting,warrant,2022,NO,0,0,0,,2,https://www.wilmingtonma.gov/sites/g/files/vyhlif5221/f/events/special_town_meeting_warrant_november_2022_0.pdf,file,
Wilmington,wilmington,bus,1,town_meeting,warrant,2022,NO,0,0,0,,2,https://www.wilmingtonma.gov/sites/g/files/vyhlif5221/f/news/special_town_meeting_warrant_november_2022.pdf,file,
Wilmington,wilmington,bus,1,town_meeting,warrant,2022,NO,0,6,1,,2,https://www.wilmingtonma.gov/sites/g/files/vyhlif5221/f/uploads/11.19.2022_stm_warrant_with_recommendations.pdf,file,
Wilmington,wilmington,bus,1,town_meeting,warrant,2022,NO,0,0,0,,2,https://www.wilmingtonma.gov/sites/g/files/vyhlif5221/f/uploads/11.19.2022_wilmington_stm_warrant.pdf,file,
Wilmington,wilmington,bus,1,town_meeting,warrant,2023,NO,0,0,0,,8,https://www.wilmingtonma.gov/sites/g/files/vyhlif5221/f/uploads/2023.warrant.pdf,file,
Wilmington,wilmington,bus,1,town_meeting,warrant,2024,NO,0,0,0,,14,https://www.wilmingtonma.gov/sites/g/files/vyhlif5221/f/uploads/2024_special_tn_meeting_warrant.pdf,file,
Winchester,winchester,bus,5,,,,FETCH_FAIL,0,0,0,,0,https://winchester.us/DocumentCenter/View/10496/Attorney-General-MBTA-Communities-Advisory,file,HTTPError
Winchester,winchester,bus,5,,,,FETCH_FAIL,0,0,0,,0,https://www.winchester.us/DocumentCenter/View/10496/Attorney-General-MBTA-Communities-Advisory?bidId=,file,HTTPError
Winchester,winchester,bus,5,,,,NO,0,0,0,,0,https://www.winchester.us/DocumentCenter/View/10688,file,
Winchester,winchester,bus,5,zoning,,2023,FETCH_FAIL,0,0,0,,0,https://winchester.us/DocumentCenter/View/10312/MBTA-communities-Sample-Zoning-March-2023,file,HTTPError
Winchester,winchester,bus,1,town_meeting,minutes,,NO,0,0,0,,0,https://winchester.us/ImageRepository/Document?documentID=74,file,
Winchester,winchester,bus,1,town_meeting,minutes,2022,FETCH_FAIL,0,0,0,,0,https://www.winchester.us/DocumentCenter/View/8007/2022-Spring-Town-Meeting-Minutes,file,HTTPError
Winchester,winchester,bus,1,town_meeting,minutes,2022,NO,0,639,141,,33,https://www.winchester.us/DocumentCenter/View/8275/2022-Spring-Town-Meeting-Minutes,file,
Winchester,winchester,bus,1,town_meeting,minutes,2022,NO,0,60,34,,3,https://www.winchester.us/DocumentCenter/View/8276/2022-Special-Spring-Town-Meeting-Minutes,file,
Winchester,winchester,bus,1,town_meeting,warrant,,FETCH_FAIL,0,0,0,,0,http://www.winchester.us/TownMeeting/PDFs/WARRANT%20fALL%202004.pdf,file,HTTPError
Winchester,winchester,bus,1,town_meeting,warrant,,FETCH_FAIL,0,0,0,,0,http://www.winchester.us/TownMeeting/PDFs/Warrant%20Article%20Information.pdf,file,HTTPError
Winthrop,winthrop,subway or light rail,5,,,,CONFIRMED,14,1,18,1,0,https://ma-winthrop.civicplus.com/586/MBTA-Community-Section-3A-Program,file,
Winthrop,winthrop,subway or light rail,5,,,,NO,0,3,0,,0,https://winthropma.gov/ImageRepository/Document?documentID=399,file,
Winthrop,winthrop,subway or light rail,5,,,,PROBABLE,8,1,0,1,1,https://www.winthropma.gov/DocumentCenter/View/999,file,
Winthrop,winthrop,subway or light rail,5,,,,PROBABLE,10,0,3,1,0,https://winthropma.gov/467/MBTA-Communities-Section-3A,page,
Winthrop,winthrop,subway or light rail,5,,,,CONFIRMED,14,1,18,1,0,https://winthropma.gov/586/MBTA-Community-Section-3A-Program,page,
Winthrop,winthrop,subway or light rail,5,,,2024,CONFIRMED,8,1,1,1,0,https://winthroptranscript.com/2024/03/30/winthrop-hosts-meeting-on-mbta-communities-act/,page,
Winthrop,winthrop,subway or light rail,5,,,2025,CONFIRMED,15,12,20,"1,3,4,5,6,7",7,https://www.winthropma.gov/DocumentCenter/View/1936/ActionPlanforMBTACommunities2025_Submission_Winthrop-2-12-25,file,
Winthrop,winthrop,subway or light rail,5,city_council,,2024,CONFIRMED,13,2,1,1,0,https://winthroptranscript.com/2024/02/22/council-continues-discussion-of-mbta-3a-zoning/,page,
Winthrop,winthrop,subway or light rail,5,zoning,,,CONFIRMED,15,1,3,"1,2,3,4,5,6,7,8,9",9,https://www.winthropma.gov/DocumentCenter/View/1937/MBTA-Communities-Draft-Zoning-Overlay-Districts---Winthrop,file,
Winthrop,winthrop,subway or light rail,5,zoning,,2024,CONFIRMED,17,1,6,1,0,https://winthroptranscript.com/2024/01/27/consultant-reviews-mbta-3a-zoning-work/,page,
Woburn,woburn,bus,5,,notice,2024,NO,0,0,0,,3,https://woburnma.gov/wp-content/uploads/2024/04/Notice-of-Hearing-MBTA-Communities-Law-Presentation-5-7-2024.pdf,file,
Woburn,woburn,bus,5,zoning,notice,2024,NO,0,0,0,,3,https://woburnma.gov/wp-content/uploads/2024/07/Notice-of-Hearing-MBTA-3A-Zoning-Text-and-Map-Amendment-8-6-2024.pdf,file,
Woburn,woburn,bus,5,zoning,notice,2024,NO,0,0,0,,3,https://woburnma.gov/wp-content/uploads/2024/07/PLAN-PH-Notice-MBTA-3A-Zoning-MapText-Amend.pdf,file,
Woburn,woburn,bus,1,town_meeting,warrant,2024,NO,0,0,0,,3,https://woburnma.gov/wp-content/uploads/2019/12/Warrant-Presidential-Primary-3-5-2024.pdf,file,
Woburn,woburn,bus,3,planning_board,minutes,2022,NO,0,0,0,,3,https://woburnma.gov/wp-content/uploads/2018/01/APPROVED-4.26.22-PB-MINUTES.pdf,file,
Woburn,woburn,bus,3,planning_board,minutes,2022,NO,0,0,0,,3,https://woburnma.gov/wp-content/uploads/2018/01/Approved-2.8.22-PB-MINUTES.pdf,file,
Woburn,woburn,bus,3,planning_board,minutes,2022,NO,0,0,0,,3,https://woburnma.gov/wp-content/uploads/2018/01/Approved-5.24.22-PB-MINUTES.pdf,file,
Woburn,woburn,bus,3,planning_board,minutes,2022,NO,0,0,0,,3,https://woburnma.gov/wp-content/uploads/2018/01/Approved-8.23.22-PB-MINUTES.pdf,file,
Woburn,woburn,bus,3,planning_board,minutes,2022,NO,0,0,0,,3,https://woburnma.gov/wp-content/uploads/2018/01/Approved-9.27.22-PB-MINUTES.pdf,file,
Woburn,woburn,bus,3,planning_board,minutes,2022,NO,0,0,0,,3,https://woburnma.gov/wp-content/uploads/2022/01/Approved-2.8.22-PB-MINUTES.pdf,file,
Worcester,worcester,commuter rail,1,town_meeting,warrant,,FETCH_FAIL,0,0,0,,0,http://www.worcesterma.gov/uploads/96/0a/960aa8c12a81ee8aad9a98f5f8b6d258/lemon-aid-used-vehicle-warranty-law.pdf,file,HTTPError
Worcester,worcester,commuter rail,1,town_meeting,warrant,,FETCH_FAIL,0,0,0,,0,http://www.worcesterma.gov/uploads/e8/5a/e85a24439f1e7bc0c43923b527ed4904/lemon-aid-used-vehicle-warranty-law.pdf,file,HTTPError
Worcester,worcester,commuter rail,1,town_meeting,warrant,,NO,0,3,0,,2,https://www.worcesterma.gov/senior-center/document-center/lemon-aid-used-vehicle-warranty-law.pdf,file,
Worcester,worcester,commuter rail,1,town_meeting,warrant,,FETCH_FAIL,0,0,0,,0,https://www.worcesterma.gov/transportation-mobility/planning-projects/prior-studies/10a%20TPC%204-26-23%20Grove%20North%20Warrants.pdf,file,HTTPError
Worcester,worcester,commuter rail,1,town_meeting,warrant,,FETCH_FAIL,0,0,0,,0,https://www.worcesterma.gov/uploads/a0/36/a036d567d323a0bc78658d8cfefb3d49/lemon-aid-used-vehicle-warranty-law.pdf,file,HTTPError
Worcester,worcester,commuter rail,1,town_meeting,warrant,,NO,0,0,0,,0,https://www.worcesterma.gov/police/press-releases/crime-gun-intelligence-unit-arrests-one-after-main-st-search-warrant,page,
Worcester,worcester,commuter rail,1,town_meeting,warrant,,NO,0,0,0,,0,https://www.worcesterma.gov/police/press-releases/gang-unit-officers-execute-early-morning-search-warrant-two-arrested-firearms,page,
Worcester,worcester,commuter rail,1,town_meeting,warrant,,NO,0,0,0,,0,https://www.worcesterma.gov/police/press-releases/joint-investigation-wpd-crime-gun-unit-wpd-gang-unit-atf-us-postal-inspector-service-yields-warrant-arrests-juveniles,page,
Worcester,worcester,commuter rail,1,town_meeting,warrant,,NO,0,0,0,,0,https://www.worcesterma.gov/police/press-releases/k9s-assist-locating-two-men-active-warrants,page,
Worcester,worcester,commuter rail,1,town_meeting,warrant,,NO,0,0,0,,0,https://www.worcesterma.gov/police/press-releases/shotspotter-alert-leads-arrest-warrant-gun-possession,page,
Wrentham,wrentham,MBTA adjacent,5,,,,NO,0,0,0,,0,https://wrentham.gov/ImageRepository/Document?documentID=404,file,
Wrentham,wrentham,MBTA adjacent,5,,,,NO,0,0,0,,0,https://wrentham.gov/ImageRepository/Document?documentID=407,file,
Wrentham,wrentham,MBTA adjacent,5,,,,NO,0,0,2,,1,https://wrentham.gov/ImageRepository/Document?documentID=408,file,
Wrentham,wrentham,MBTA adjacent,5,,,,NO,0,37,129,,86,https://wrentham.gov/ImageRepository/Document?documentID=409,file,
Wrentham,wrentham,MBTA adjacent,5,,,,NO,0,0,2,,1,https://wrentham.gov/ImageRepository/Document?documentID=410,file,
Wrentham,wrentham,MBTA adjacent,5,,,,NO,0,10,0,,0,https://www.wrentham.gov/DocumentCenter/View/2828,file,
Wrentham,wrentham,MBTA adjacent,5,,,,NO,0,1,0,,0,https://www.wrentham.gov/DocumentCenter/View/3043,file,
Wrentham,wrentham,MBTA adjacent,5,,,,NO,0,4,0,,0,https://www.wrentham.gov/DocumentCenter/View/3044,file,
Wrentham,wrentham,MBTA adjacent,5,,,,CONFIRMED,8,4,11,"2,8,9,10,15",16,https://www.wrentham.gov/DocumentCenter/View/3045/Ex-30-MBTA-Community-Engagement-Handouts-PDF?bidId=,file,
Wrentham,wrentham,MBTA adjacent,5,,,,PROBABLE,4,1,0,1,1,https://www.wrentham.gov/DocumentCenter/View/3433,file,
